0.49786919
0.50015926
0.50248605
0.50502080
0.50775212
0.51095861
0.51508975
0.51950794
0.52367121
0.52566147
0.52828556
0.53161776
0.53061938
0.53295642
0.53545094
0.53880107
0.54289120
2.43513060
2.43513060
2.43513060
2.43513060
2.43513060
2.43513060
2.43513060
2.43513060
2.43513060
2.43513060
2.43513060
2.43513060
2.43513060
2.43513060
2.43513060
2.43513060
2.43513060
2.43513060
2.43513060
2.43513060
2.43513060
2.43513060
2.43513060
2.43513060
2.43513060
2.43513060
2.43513060
2.43513060
2.43513060
2.43513060
2.43513060
2.43513060
2.43513060
2.43513060
0.55976546
0.55581355
0.55374730
0.55213958
0.55076772
0.54969788
0.54877090
0.54791957
0.54743087
0.54701197
0.54657698
0.54670286
0.54614598
0.54574579
0.54571062
0.54567719
0.54574746
0.54586458
0.54598016
0.54618788
0.54646623
0.54674315
0.54709101
0.54749823
0.54794991
0.54844457
0.54894859
0.54958755
0.55025017
0.55075580
0.54970980
0.54949933
0.54975563
0.55051905
0.55147588
0.55249947
0.55361986
0.55483985
0.55615908
0.55761039
0.55931866
0.56122321
0.56344742
0.56607783
0.56890380
0.57228756
0.57621866
0.58114946
0.59066230
2.43513060
2.43513060
2.43513060
2.43513060
2.43513060
2.43513060
2.43513060
2.43513060
2.43513060
2.43513060
2.43513060
2.43513060
2.43513060
2.43513060
2.43513060
2.43513060
1.03321421
1.02673602
1.02244854
0.97339171
0.96307468
0.95817053
0.95451224
0.95139509
0.94895041
0.94678509
0.94496560
0.94332802
0.94198018
0.94066107
0.93951416
0.93856305
0.93767309
0.93678975
0.93592286
0.93534750
0.93478751
0.93423313
0.93370384
0.93333179
0.93297958
0.93264717
0.93231988
0.93238336
0.93227106
0.93215388
0.93203676
0.93197817
0.93192941
0.93188059
0.93183184
0.93178302
0.93173426
0.93168062
0.93163186
0.93158311
0.93151486
0.93132478
0.93112504
0.93092048
0.93071610
0.93056524
0.93022484
0.92980695
0.92924875
0.92855072
0.92764580
0.92658347
0.92510992
0.92337751
0.92144638
0.91917676
0.91670102
0.91398513
0.91119665
0.90815628
0.90541238
0.90265298
0.90016979
0.89780432
0.89559090
0.89366198
0.89192903
0.89027852
0.88885587
0.88752192
0.88643467
0.88546455
0.88465923
0.88402659
0.88349569
0.88319319
0.88294786
0.88297415
0.88308364
0.88340360
0.88390368
0.88454497
0.88549984
0.88662452
0.88802224
0.88981122
0.89194244
0.89453775
0.89780885
0.90215433
0.90841120
2.19819427
2.19822145
2.19822145
2.19824839
2.19824839
2.19827557
2.19827557
2.19830275
2.19832993
2.19832993
2.19835711
2.19835711
2.19838428
2.19838428
2.19841146
2.19843864
2.19843864
2.19846559
2.19846559
2.19849277
2.19849277
2.19851995
2.19854712
2.19854712
2.19857430
2.19857430
2.19860148
2.19860148
2.19862866
2.19865584
2.19865584
2.19868302
2.19868302
2.19871020
2.19871020
2.19873714
2.19876432
2.19876432
2.19879150
2.19879150
2.19881868
2.19881868
2.19884586
2.19887304
2.19887304
2.19890022
2.19890022
2.19892740
2.19892740
0.49690050
0.49819526
0.50050521
0.50287503
0.50527310
0.50787526
0.51093519
0.51440650
0.51863611
0.52271777
0.52633297
0.53063840
0.53289419
0.53584266
0.53903115
0.54285973
0.54976749
2.43903446
2.43903446
2.43903446
2.43903446
2.43903446
2.43903446
2.43903446
2.43903446
2.43903446
2.43903446
2.43903446
2.43903446
2.43903446
2.43903446
2.43903446
2.43903446
2.43903446
2.43903446
2.43903446
2.43903446
2.43903446
2.43903446
2.43903446
2.43903446
2.43903446
2.43903446
2.43903446
2.43903446
2.43903446
2.43903446
2.43903446
2.43903446
2.43903446
2.43903446
2.43903446
0.56614447
0.55894637
0.55630684
0.55443722
0.55311924
0.55185544
0.55092114
0.54999000
0.54938066
0.55097401
0.54846150
0.54812372
0.54791617
0.54774928
0.54769534
0.54765320
0.54769701
0.54781330
0.54793644
0.54812706
0.54840571
0.54870665
0.54905695
0.54943150
0.54991359
0.55043054
0.55096549
0.55123675
0.55023485
0.54994076
0.55019742
0.55088019
0.55175447
0.55274653
0.55375761
0.55485195
0.55602360
0.55737817
0.55882525
0.56064874
0.56272775
0.56516480
0.56791461
0.57103181
0.57482308
0.57951099
0.58692294
2.43903446
2.43903446
2.43903446
2.43903446
2.43903446
2.43903446
2.43903446
2.43903446
2.43903446
2.43903446
2.43903446
2.43903446
2.43903446
2.43903446
2.43903446
2.43903446
2.43903446
1.03470361
1.02827215
0.96677804
0.96019143
0.95602971
0.95294857
0.95016104
0.94765711
0.94567847
0.94386327
0.94227439
0.94084501
0.93966293
0.93848878
0.93743110
0.93667638
0.93585396
0.93506742
0.93429196
0.93372345
0.93319476
0.93269116
0.93218803
0.93182206
0.93148071
0.93119812
0.93100816
0.93092048
0.93080366
0.93069172
0.93057495
0.93051660
0.93046796
0.93041933
0.93037069
0.93029290
0.93020540
0.93011791
0.93003041
0.92994297
0.92985553
0.92972922
0.92959815
0.92946708
0.92933607
0.92920506
0.92889959
0.92851198
0.92800367
0.92732686
0.92654490
0.92559093
0.92437965
0.92292267
0.92109358
0.91904861
0.91691822
0.91452986
0.91199493
0.90931612
0.90674067
0.90420741
0.90173846
0.89963746
0.89750552
0.89558190
0.89389986
0.89231801
0.89102274
0.88974005
0.88866067
0.88772112
0.88692492
0.88632876
0.88581270
0.88554388
0.88535887
0.88538527
0.88555264
0.88587880
0.88644350
0.88712823
0.88812858
0.88933998
0.89076859
0.89264917
0.89491552
0.89768207
0.90118605
0.90585470
0.91255599
2.20172882
2.20175600
2.20175600
2.20178342
2.20178342
2.20181060
2.20181060
2.20183778
2.20186496
2.20186496
2.20189214
2.20189214
2.20191956
2.20191956
2.20194674
2.20197392
2.20197392
2.20200109
2.20200109
2.20202851
2.20202851
2.20205569
2.20208287
2.20208287
2.20211029
2.20211029
2.20213747
2.20213747
2.20216465
2.20219183
2.20219183
2.20221925
2.20221925
2.20224643
2.20224643
2.20227361
2.20230079
2.20230079
2.20232821
2.20232821
2.20235538
2.20235538
2.20238256
2.20240998
2.20240998
2.20243716
2.20243716
2.20246434
2.20246434
0.49557242
0.49733505
0.49915361
0.50093901
0.50333428
0.50573391
0.50826681
0.51115376
0.51445705
0.51824957
0.52222550
0.52608252
0.52967519
0.53456652
0.53795922
0.54139525
0.54705906
2.44298434
2.44298434
2.44298434
2.44298434
2.44298434
2.44298434
2.44298434
2.44298434
2.44298434
2.44298434
2.44298434
2.44298434
2.44298434
2.44298434
2.44298434
2.44298434
2.44298434
2.44298434
2.44298434
2.44298434
2.44298434
2.44298434
2.44298434
2.44298434
2.44298434
2.44298434
2.44298434
2.44298434
2.44298434
2.44298434
2.44298434
2.44298434
2.44298434
2.44298434
2.44298434
2.44298434
2.44298434
0.56261927
0.55896038
0.55700314
0.55512190
0.55405581
0.55308831
0.55292511
0.55146563
0.55091262
0.55053437
0.55020082
0.54995602
0.54976922
0.54971319
0.54965883
0.54966396
0.54979128
0.54992038
0.55011070
0.55036241
0.55068767
0.55104053
0.55141264
0.55192214
0.55179214
0.55082566
0.55057180
0.55074388
0.55139899
0.55218923
0.55300409
0.55399716
0.55499208
0.55615562
0.55733800
0.55876386
0.56033462
0.56217682
0.56442648
0.56700647
0.56995666
0.57361537
0.57792109
0.58425295
2.44298434
2.44298434
2.44298434
2.44298434
2.44298434
2.44298434
2.44298434
2.44298434
2.44298434
2.44298434
2.44298434
2.44298434
2.44298434
2.44298434
2.44298434
2.44298434
2.44298434
2.44298434
0.97438812
0.96403962
0.95901716
0.95491165
0.95178175
0.94930977
0.94706720
0.94487530
0.94320810
0.94161147
0.94012946
0.93886995
0.93780649
0.93674046
0.93573594
0.93499374
0.93422818
0.93347865
0.93281335
0.93235403
0.93188059
0.93140763
0.93093997
0.93065768
0.93035126
0.93004501
0.92993325
0.92968071
0.92955929
0.92943311
0.92931181
0.92923421
0.92914689
0.92910808
0.92906928
0.92902565
0.92898685
0.92894804
0.92890930
0.92886567
0.92882687
0.92869121
0.92854100
0.92839092
0.92823595
0.92808592
0.92783922
0.92749596
0.92709982
0.92650628
0.92585576
0.92492241
0.92381835
0.92246354
0.92088389
0.91907710
0.91706467
0.91504228
0.91269171
0.91047889
0.90792465
0.90573490
0.90339053
0.90128189
0.89939654
0.89751005
0.89588392
0.89435345
0.89305222
0.89189774
0.89088446
0.89000696
0.88920671
0.88865620
0.88817292
0.88792038
0.88778311
0.88781852
0.88803995
0.88837683
0.88900238
0.88976675
0.89077747
0.89207655
0.89361262
0.89550984
0.89790845
0.90085310
0.90458417
0.90958095
0.91733408
2.20527482
2.20530224
2.20530224
2.20532942
2.20532942
2.20535684
2.20535684
2.20538425
2.20541143
2.20541143
2.20543885
2.20543885
2.20546603
2.20546603
2.20549345
2.20552087
2.20552087
2.20554805
2.20554805
2.20557547
2.20557547
2.20560288
2.20563006
2.20563006
2.20565748
2.20565748
2.20568466
2.20568466
2.20571208
2.20573950
2.20573950
2.20576668
2.20576668
2.20579410
2.20579410
2.20582151
2.20584869
2.20584869
2.20587611
2.20587611
2.20590353
2.20590353
2.20593071
2.20595813
2.20595813
2.20598555
2.20598555
2.20601273
2.20601273
0.49520019
0.49652347
0.49807259
0.50005388
0.50172830
0.50380301
0.50626469
0.50884944
0.51154011
0.51469952
0.51826465
0.52207845
0.52604210
0.52963108
0.53456330
0.53795594
0.54191935
2.44691348
2.44691348
2.44691348
2.44691348
2.44691348
2.44691348
2.44691348
2.44691348
2.44691348
2.44691348
2.44691348
2.44691348
2.44691348
2.44691348
2.44691348
2.44691348
2.44691348
2.44691348
2.44691348
2.44691348
2.44691348
2.44691348
2.44691348
2.44691348
2.44691348
2.44691348
2.44691348
2.44691348
2.44691348
2.44691348
2.44691348
2.44691348
2.44691348
2.44691348
2.44691348
2.44691348
2.44691348
2.44691348
0.56634617
0.56180954
0.56287366
0.55880421
0.55626512
0.55526215
0.55435085
0.55371284
0.55315876
0.55270016
0.55232805
0.55206078
0.55180407
0.55175447
0.55170488
0.55168951
0.55178696
0.55193412
0.55212587
0.55233318
0.55268300
0.55306423
0.55242062
0.55158526
0.55128288
0.55139899
0.55200088
0.55276370
0.55355269
0.55440956
0.55532801
0.55631036
0.55743402
0.55872178
0.56013536
0.56186098
0.56380075
0.56618047
0.56908566
0.57245320
0.57667232
0.58246732
2.44691348
2.44691348
2.44691348
2.44691348
2.44691348
2.44691348
2.44691348
2.44691348
2.44691348
2.44691348
2.44691348
2.44691348
2.44691348
2.44691348
2.44691348
2.44691348
2.44691348
2.44691348
0.97082752
0.96325189
0.95812929
0.95457882
0.95146120
0.94878858
0.94671965
0.94469982
0.94273353
0.94128281
0.93983161
0.93892443
0.93732744
0.93634629
0.93537694
0.93442440
0.93376261
0.93310672
0.93244195
0.93177813
0.93132478
0.93087667
0.93041933
0.92995268
0.92967582
0.92940885
0.92913717
0.92911780
0.92890930
0.92878813
0.92866695
0.92854589
0.92846352
0.92837638
0.92828923
0.92820692
0.92811984
0.92803270
0.92794561
0.92788762
0.92784405
0.92780536
0.92769414
0.92757332
0.92745250
0.92733169
0.92718196
0.92695504
0.92663652
0.92629898
0.92571610
0.92517722
0.92436045
0.92347330
0.92226279
0.92079812
0.91908181
0.91737664
0.91550821
0.91354889
0.91138792
0.90923715
0.90703642
0.90505332
0.90294147
0.90113586
0.89941472
0.89788133
0.89639819
0.89510906
0.89399415
0.89298505
0.89221072
0.89149129
0.89099598
0.89055467
0.89031410
0.89022058
0.89026511
0.89054573
0.89092457
0.89158505
0.89241648
0.89343774
0.89483452
0.89647496
0.89843416
0.90092605
0.90404207
0.90800804
0.91333324
0.92382795
2.20883226
2.20885968
2.20885968
2.20888710
2.20888710
2.20891452
2.20891452
2.20894194
2.20896935
2.20896935
2.20899677
2.20899677
2.20902419
2.20902419
2.20905161
2.20907903
2.20907903
2.20910645
2.20910645
2.20913386
2.20913386
2.20916128
2.20918870
2.20918870
2.20921612
2.20921612
2.20924354
2.20924354
2.20927095
2.20929837
2.20929837
2.20932579
2.20932579
2.20935321
2.20935321
2.20938063
2.20940804
2.20940804
2.20943546
2.20943546
2.20946288
2.20946288
2.20949030
2.20951772
2.20951772
2.20954514
2.20954514
2.20957255
2.20959997
0.49527320
0.49636841
0.49762145
0.49909064
0.50080794
0.50332719
0.50456846
0.50682831
0.50943345
0.51216418
0.51515985
0.51848954
0.52220100
0.52593952
0.53121006
0.53456008
0.53797221
2.45085526
2.45085526
2.45085526
2.45085526
2.45085526
2.45085526
2.45085526
2.45085526
2.45085526
2.45085526
2.45085526
2.45085526
2.45085526
2.45085526
2.45085526
2.45085526
2.45085526
2.45085526
2.45085526
2.45085526
2.45085526
2.45085526
2.45085526
2.45085526
2.45085526
2.45085526
2.45085526
2.45085526
2.45085526
2.45085526
2.45085526
2.45085526
2.45085526
2.45085526
2.45085526
2.45085526
2.45085526
2.45085526
2.45085526
2.45085526
0.56551135
0.56229228
0.56034696
0.55883229
0.55773795
0.55683416
0.55598021
0.55542159
0.55489522
0.55450976
0.55419725
0.55393684
0.55381447
0.55376452
0.55376107
0.55379725
0.55396444
0.55415756
0.55436814
0.55323267
0.55243433
0.55215669
0.55229205
0.55279458
0.55346149
0.55414897
0.55492115
0.55582392
0.55671918
0.55778861
0.55886036
0.56022352
0.56164116
0.56350267
0.56573421
0.56837702
0.57150114
0.57557404
0.58078539
2.45085526
2.45085526
2.45085526
2.45085526
2.45085526
2.45085526
2.45085526
2.45085526
2.45085526
2.45085526
2.45085526
2.45085526
2.45085526
2.45085526
2.45085526
2.45085526
2.45085526
2.45085526
0.97002870
0.96282464
0.95837688
0.95448154
0.95147645
0.94897574
0.94659883
0.94474995
0.94290829
0.94117332
0.93984652
0.93851852
0.93765825
0.93617886
0.93526393
0.93435574
0.93344927
0.93274981
0.93211484
0.93148071
0.93087184
0.93044847
0.93002558
0.92960298
0.92918086
0.92890441
0.92864758
0.92839575
0.92851198
0.92814404
0.92802304
0.92790210
0.92778116
0.92769897
0.92761195
0.92752498
0.92743796
0.92735100
0.92726886
0.92720127
0.92714816
0.92709982
0.92704672
0.92694056
0.92682469
0.92671853
0.92660761
0.92649668
0.92633271
0.92606288
0.92577869
0.92530710
0.92478788
0.92405337
0.92322421
0.92206693
0.92078859
0.91935241
0.91771716
0.91601229
0.91426677
0.91228473
0.91044629
0.90836483
0.90650058
0.90466237
0.90288651
0.90124083
0.89977390
0.89846593
0.89717078
0.89610487
0.89511806
0.89437145
0.89371133
0.89323598
0.89289993
0.89269394
0.89268053
0.89272529
0.89306569
0.89350951
0.89417827
0.89509100
0.89617258
0.89760512
0.89936024
0.90145534
0.90400535
0.90725368
0.91145790
0.91744757
0.93362063
2.21240139
2.21242881
2.21242881
2.21245623
2.21245623
2.21248388
2.21248388
2.21251130
2.21253872
2.21253872
2.21256638
2.21256638
2.21259379
2.21259379
2.21262121
2.21264887
2.21264887
2.21267629
2.21267629
2.21270394
2.21270394
2.21273136
2.21275878
2.21275878
2.21278644
2.21278644
2.21281385
2.21281385
2.21284127
2.21286893
2.21286893
2.21289635
2.21289635
2.21292400
2.21292400
2.21295142
2.21297884
2.21297884
2.21300650
2.21300650
2.21303391
2.21306157
2.21306157
2.21308899
2.21308899
2.21311641
2.21311641
2.21314406
2.21317148
0.49566075
0.49659827
0.49763536
0.49885285
0.50024498
0.50184995
0.50370318
0.50635976
0.50774342
0.51002461
0.51281339
0.51571053
0.51891732
0.52244318
0.52614623
0.53120530
0.53455532
2.45484376
2.45484376
2.45484376
2.45484376
2.45484376
2.45484376
2.45484376
2.45484376
2.45484376
2.45484376
2.45484376
2.45484376
2.45484376
2.45484376
2.45484376
2.45484376
2.45484376
2.45484376
2.45484376
2.45484376
2.45484376
2.45484376
2.45484376
2.45484376
2.45484376
2.45484376
2.45484376
2.45484376
2.45484376
2.45484376
2.45484376
2.45484376
2.45484376
2.45484376
2.45484376
2.45484376
2.45484376
2.45484376
2.45484376
2.45484376
2.45484376
0.57187939
0.56600404
0.56330651
0.56156141
0.56028342
0.55926770
0.55841506
0.55770296
0.55714786
0.55670530
0.55635208
0.55609310
0.55589163
0.55584824
0.55584997
0.55585170
0.55565041
0.55421454
0.55347180
0.55319315
0.55330664
0.55377829
0.55434394
0.55502498
0.55570072
0.55643904
0.55724382
0.55817163
0.55923784
0.56042457
0.56179887
0.56335825
0.56531197
0.56778961
0.57078278
0.57452255
0.57961100
2.45484376
2.45484376
2.45484376
2.45484376
2.45484376
2.45484376
2.45484376
2.45484376
2.45484376
2.45484376
2.45484376
2.45484376
2.45484376
2.45484376
2.45484376
2.45484376
2.45484376
2.45484376
0.97023487
0.96345001
0.95895517
0.95524472
0.95192933
0.94948697
0.94700670
0.94502079
0.94332302
0.94163138
0.94004011
0.93881547
0.93756443
0.93654823
0.93536711
0.93448818
0.93361080
0.93274981
0.93213433
0.93152946
0.93092537
0.93032205
0.92990410
0.92948163
0.92905957
0.92863792
0.92836666
0.92809081
0.92781991
0.92799884
0.92747182
0.92734617
0.92722058
0.92709500
0.92701292
0.92694056
0.92688745
0.92683917
0.92678612
0.92673784
0.92668480
0.92663652
0.92658347
0.92653042
0.92642432
0.92630863
0.92619777
0.92608213
0.92597133
0.92582202
0.92556691
0.92531669
0.92487919
0.92438930
0.92379922
0.92305666
0.92211467
0.92102206
0.91960412
0.91804373
0.91656888
0.91495287
0.91334730
0.91150928
0.90979946
0.90794319
0.90624213
0.90464854
0.90307432
0.90161514
0.90039289
0.89921939
0.89823925
0.89729291
0.89656073
0.89594704
0.89548278
0.89519453
0.89500099
0.89505500
0.89519006
0.89555937
0.89609134
0.89677757
0.89777714
0.89895141
0.90039742
0.90225953
0.90448767
0.90720743
0.91063726
0.91515046
0.92237747
2.21595430
2.21598172
2.21600938
2.21600938
2.21603703
2.21603703
2.21606469
2.21606469
2.21609211
2.21611977
2.21611977
2.21614742
2.21614742
2.21617484
2.21617484
2.21620250
2.21623015
2.21623015
2.21625781
2.21625781
2.21628523
2.21631289
2.21631289
2.21634054
2.21634054
2.21636820
2.21636820
2.21639562
2.21642327
2.21642327
2.21645093
2.21645093
2.21647859
2.21647859
2.21650600
2.21653366
2.21653366
2.21656132
2.21656132
2.21658897
2.21658897
2.21661639
2.21664405
2.21664405
2.21667171
2.21667171
2.21669936
2.21669936
2.21672702
2.21675444
0.49632135
0.49711004
0.49801266
0.49906266
0.50024921
0.50158554
0.50309390
0.50482315
0.50677490
0.50906771
0.51130354
0.51340061
0.51627743
0.51940036
0.52270550
0.52638900
0.53120214
0.53462273
2.45881104
2.45881104
2.45881104
2.45881104
2.45881104
2.45881104
2.45881104
2.45881104
2.45881104
2.45881104
2.45881104
2.45881104
2.45881104
2.45881104
2.45881104
2.45881104
2.45881104
2.45881104
2.45881104
2.45881104
2.45881104
2.45881104
2.45881104
2.45881104
2.45881104
2.45881104
2.45881104
2.45881104
2.45881104
2.45881104
2.45881104
2.45881104
2.45881104
2.45881104
2.45881104
2.45881104
2.45881104
2.45881104
2.45881104
2.45881104
2.45881104
2.45881104
0.57034749
0.56664366
0.56436563
0.56294668
0.56181306
0.56089783
0.56002963
0.55944526
0.55893934
0.55853069
0.55826795
0.55805439
0.55795473
0.55669481
0.55540252
0.55471539
0.55443722
0.55454773
0.55501807
0.55547702
0.55597150
0.55655038
0.55723506
0.55803341
0.55881828
0.55979711
0.56078649
0.56204724
0.56339747
0.56516123
0.56747645
0.57027441
0.57372999
0.57861620
0.58751768
2.45881104
2.45881104
2.45881104
2.45881104
2.45881104
2.45881104
2.45881104
2.45881104
2.45881104
2.45881104
2.45881104
2.45881104
2.45881104
2.45881104
2.45881104
2.45881104
2.45881104
0.97118771
0.96493328
0.95978761
0.95617348
0.95289248
0.95021683
0.94797003
0.94583428
0.94391328
0.94232929
0.94075549
0.93925637
0.93806344
0.93689334
0.93598193
0.93479735
0.93393409
0.93309206
0.93226129
0.93163675
0.93101788
0.93039989
0.92981178
0.92940402
0.92900628
0.92860401
0.92820692
0.92793113
0.92769897
0.92746699
0.92841995
0.92724955
0.92712402
0.92699844
0.92687297
0.92680055
0.92672819
0.92665100
0.92657864
0.92648220
0.92637128
0.92626041
0.92614961
0.92606765
0.92601949
0.92590868
0.92581719
0.92574978
0.92568243
0.92561501
0.92552358
0.92531669
0.92509550
0.92475903
0.92432207
0.92380399
0.92308062
0.92222935
0.92115551
0.91991305
0.91859329
0.91715443
0.91570598
0.91420573
0.91258407
0.91101474
0.90939045
0.90779501
0.90624213
0.90492910
0.90349144
0.90230983
0.90120888
0.90029722
0.89949203
0.89876080
0.89819843
0.89774090
0.89750552
0.89735168
0.89742863
0.89763677
0.89801264
0.89862013
0.89935565
0.90040201
0.90167910
0.90318888
0.90512234
0.90749884
0.91041368
0.91406959
0.91932863
0.92732686
2.21954632
2.21957397
2.21960163
2.21960163
2.21962929
2.21962929
2.21965694
2.21965694
2.21968460
2.21971226
2.21971226
2.21973991
2.21973991
2.21976781
2.21979547
2.21979547
2.21982312
2.21982312
2.21985078
2.21985078
2.21987844
2.21990609
2.21990609
2.21993375
2.21993375
2.21996140
2.21996140
2.21998906
2.22001696
2.22001696
2.22004461
2.22004461
2.22007227
2.22007227
2.22009993
2.22012758
2.22012758
2.22015524
2.22015524
2.22018290
2.22018290
2.22021079
2.22023845
2.22023845
2.22026610
2.22026610
2.22029376
2.22029376
2.22032142
2.22034907
0.49757972
0.49788311
0.49868095
0.49959072
0.50060374
0.50177783
0.50310385
0.50455701
0.50619268
0.50803328
0.51003921
0.51241922
0.51557910
0.51758200
0.52007264
0.52306646
0.52789074
0.53119892
2.46279144
2.46279144
2.46279144
2.46279144
2.46279144
2.46279144
2.46279144
2.46279144
2.46279144
2.46279144
2.46279144
2.46279144
2.46279144
2.46279144
2.46279144
2.46279144
2.46279144
2.46279144
2.46279144
2.46279144
2.46279144
2.46279144
2.46279144
2.46279144
2.46279144
2.46279144
2.46279144
2.46279144
2.46279144
2.46279144
2.46279144
2.46279144
2.46279144
2.46279144
2.46279144
2.46279144
2.46279144
2.46279144
2.46279144
2.46279144
2.46279144
2.46279144
2.46279144
2.46279144
0.57087249
0.56778413
0.56573600
0.56443006
0.56333506
0.56253928
0.56179178
0.56119668
0.56077063
0.56007367
0.55806839
0.55690730
0.55617994
0.55587947
0.55607921
0.55638856
0.55670702
0.55717576
0.55772918
0.55826616
0.55890423
0.55959296
0.56047398
0.56144983
0.56250370
0.56382036
0.56538379
0.56735528
0.56995851
0.57320899
0.57766420
0.58541352
2.46279144
2.46279144
2.46279144
2.46279144
2.46279144
2.46279144
2.46279144
2.46279144
2.46279144
2.46279144
2.46279144
2.46279144
2.46279144
2.46279144
2.46279144
2.46279144
2.46279144
0.97413749
0.96634763
0.96157640
0.95741808
0.95430756
0.95164436
0.94917309
0.94694626
0.94490540
0.94321805
0.94177085
0.94032317
0.93888479
0.93767804
0.93648911
0.93589336
0.93444401
0.93360591
0.93277425
0.93203187
0.93144661
0.93085235
0.93026370
0.92967582
0.92925358
0.92884630
0.92844415
0.92804724
0.92776668
0.92749113
0.92721575
0.94032812
0.92703223
0.92690676
0.92678130
0.92839092
0.92658347
0.92651111
0.92643398
0.92636168
0.92628938
0.92621708
0.92613995
0.92606288
0.92595208
0.92584127
0.92574978
0.92565835
0.92556691
0.92548507
0.92541772
0.92534077
0.92514354
0.92495126
0.92464858
0.92423087
0.92379439
0.92311889
0.92244917
0.92148930
0.92041248
0.91915774
0.91775030
0.91646975
0.91509873
0.91372240
0.91224265
0.91077238
0.90937185
0.90789688
0.90660673
0.90542161
0.90424871
0.90320259
0.90230066
0.90156949
0.90091693
0.90047032
0.90002871
0.89984214
0.89973754
0.89983761
0.90009695
0.90049767
0.90116322
0.90198976
0.90305597
0.90442795
0.90605760
0.90802658
0.91054410
0.91363800
0.91753268
0.92335832
0.93284267
2.22317767
2.22317767
2.22320557
2.22320557
2.22323322
2.22323322
2.22326112
2.22328877
2.22328877
2.22331667
2.22331667
2.22334433
2.22334433
2.22337222
2.22339988
2.22339988
2.22342777
2.22342777
2.22345543
2.22345543
2.22348332
2.22351098
2.22351098
2.22353888
2.22353888
2.22356653
2.22356653
2.22359443
2.22362208
2.22362208
2.22364998
2.22364998
2.22367764
2.22367764
2.22370553
2.22373319
2.22373319
2.22376108
2.22376108
2.22378874
2.22378874
2.22381663
2.22384429
2.22384429
2.22387218
2.22387218
2.22389984
2.22389984
2.22392774
2.22395539
0.49849382
0.49909204
0.50016487
0.50038141
0.50130016
0.50233716
0.50348520
0.50478023
0.50623590
0.50780135
0.50958508
0.51151657
0.51368058
0.51606941
0.51871467
0.52158737
0.52468222
0.52790326
0.53119576
2.46681881
2.46681881
2.46681881
2.46681881
2.46681881
2.46681881
2.46681881
2.46681881
2.46681881
2.46681881
2.46681881
2.46681881
2.46681881
2.46681881
2.46681881
2.46681881
2.46681881
2.46681881
2.46681881
2.46681881
2.46681881
2.46681881
2.46681881
2.46681881
2.46681881
2.46681881
2.46681881
2.46681881
2.46681881
2.46681881
2.46681881
2.46681881
2.46681881
2.46681881
2.46681881
2.46681881
2.46681881
2.46681881
2.46681881
2.46681881
2.46681881
2.46681881
2.46681881
2.46681881
2.46681881
0.57128471
0.56878746
0.56712025
0.56596261
0.56497467
0.56419212
0.56173509
0.55987108
0.55872005
0.55800194
0.55775362
0.55781132
0.55799669
0.55830818
0.55862010
0.55900252
0.55944347
0.56003666
0.56070524
0.56138253
0.56227273
0.56316215
0.56427974
0.56567848
0.56741130
0.56985450
0.57296914
0.57708925
0.58516330
2.46681881
2.46681881
2.46681881
2.46681881
2.46681881
2.46681881
2.46681881
2.46681881
2.46681881
2.46681881
2.46681881
2.46681881
2.46678448
2.46678448
2.46678448
2.46678448
2.46678448
0.97685325
0.96907812
0.96359605
0.95941001
0.95616323
0.95327008
0.95060760
0.94832355
0.94639248
0.94458449
0.94287336
0.94142222
0.93997556
0.93853337
0.93736202
0.93627238
0.93555886
0.93427724
0.93346393
0.93266183
0.93190986
0.93132967
0.93073070
0.93013734
0.92954475
0.92911291
0.92870575
0.92829406
0.92788762
0.92763615
0.92739934
0.92715782
0.95253551
0.92681503
0.92668962
0.92655939
0.92833763
0.92636651
0.92628938
0.92621708
0.92614478
0.92607248
0.92600983
0.92594725
0.92588460
0.92581719
0.92575461
0.92566317
0.92557168
0.92548025
0.92538887
0.92534077
0.92529744
0.92514354
0.92497051
0.92475426
0.92438930
0.92401022
0.92342061
0.92276955
0.92188543
0.92091721
0.91972291
0.91852695
0.91727263
0.91601229
0.91476482
0.91348791
0.91213048
0.91082364
0.90957630
0.90829068
0.90718895
0.90616369
0.90522361
0.90432227
0.90364736
0.90303308
0.90263927
0.90232813
0.90219092
0.90214980
0.90225494
0.90258437
0.90302390
0.90374374
0.90463936
0.90573490
0.90720284
0.90894461
0.91103339
0.91362393
0.91688991
0.92144161
0.92760229
0.94019896
2.22679329
2.22679329
2.22682118
2.22682118
2.22684908
2.22684908
2.22687674
2.22690463
2.22690463
2.22693253
2.22693253
2.22696042
2.22696042
2.22698832
2.22701621
2.22701621
2.22704411
2.22704411
2.22707176
2.22707176
2.22709966
2.22712755
2.22712755
2.22715545
2.22715545
2.22718334
2.22718334
2.22721124
2.22723913
2.22723913
2.22726703
2.22726703
2.22729468
2.22729468
2.22732258
2.22735047
2.22735047
2.22737837
2.22737837
2.22740626
2.22740626
2.22743416
2.22746205
2.22746205
2.22748995
2.22748995
2.22751784
2.22751784
2.22754574
2.22757339
0.49971554
0.50030541
0.50092775
0.50163078
0.50293469
0.50317919
0.50421399
0.50539649
0.50667250
0.50811738
0.50969160
0.51144016
0.51332211
0.51545817
0.51770991
0.52021700
0.52291125
0.52580434
0.52905965
0.53227746
2.47082496
2.47082496
2.47082496
2.47082496
2.47082496
2.47082496
2.47082496
2.47082496
2.47082496
2.47082496
2.47082496
2.47082496
2.47082496
2.47082496
2.47082496
2.47082496
2.47082496
2.47082496
2.47082496
2.47082496
2.47082496
2.47082496
2.47082496
2.47082496
2.47082496
2.47082496
2.47082496
2.47082496
2.47082496
2.47082496
2.47082496
2.47082496
2.47082496
2.47082496
2.47082496
2.47082496
2.47082496
2.47082496
2.47082496
2.47082496
2.47082496
2.47082496
2.47082496
2.47082496
2.47082496
0.57628214
0.57235193
0.57008809
0.56704617
0.56411344
0.56222123
0.56099683
0.56022352
0.55998909
0.55994856
0.56005430
0.56016004
0.56026053
0.56059933
0.56098443
0.56138605
0.56191593
0.56247348
0.56328869
0.56416172
0.56516838
0.56642550
0.56800699
0.57006621
0.57295620
0.57699567
0.58520949
2.47082496
2.47082496
2.47082496
2.47082496
2.47082496
2.47082496
2.47082496
2.47082496
2.47082496
2.47082496
2.47082496
2.47082496
2.47082496
2.47082496
2.47082496
2.47082496
2.47082496
0.98240083
0.97217429
0.96615362
0.96195573
0.95836139
0.95513713
0.95254064
0.95022702
0.94805586
0.94611079
0.94427383
0.94258875
0.94124299
0.93992591
0.93861252
0.93746567
0.93630195
0.93525898
0.93432140
0.93350309
0.93268138
0.93198305
0.93137836
0.93080854
0.93023944
0.92967099
0.92923421
0.92882687
0.92843449
0.92803758
0.92777151
0.92749596
0.92721093
0.95571661
0.92693573
0.92680538
0.92667514
0.92828923
0.92646772
0.92638576
0.92628938
0.92619294
0.92609656
0.92600024
0.92590392
0.92580760
0.92573535
0.92567277
0.92560059
0.92556208
0.92551875
0.92548025
0.92543697
0.92539847
0.92526376
0.92511952
0.92493206
0.92458135
0.92423087
0.92369854
0.92306143
0.92234403
0.92148930
0.92047912
0.91932863
0.91807687
0.91697967
0.91584736
0.91465199
0.91352075
0.91224730
0.91117328
0.90999943
0.90897250
0.90797096
0.90719354
0.90638977
0.90575331
0.90519601
0.90481406
0.90457040
0.90444630
0.90452445
0.90467614
0.90509015
0.90559667
0.90633440
0.90732306
0.90849000
0.91000408
0.91186881
0.91409779
0.91680491
0.92054099
0.92521089
0.93211484
2.23039269
2.23042059
2.23042059
2.23044848
2.23044848
2.23047638
2.23047638
2.23050427
2.23053241
2.23053241
2.23056030
2.23056030
2.23058820
2.23058820
2.23061609
2.23064423
2.23064423
2.23067212
2.23067212
2.23070002
2.23070002
2.23072791
2.23075604
2.23075604
2.23078394
2.23078394
2.23081183
2.23081183
2.23083973
2.23086786
2.23086786
2.23089576
2.23089576
2.23092365
2.23092365
2.23095179
2.23097968
2.23097968
2.23100758
2.23100758
2.23103547
2.23103547
2.23106360
2.23109150
2.23109150
2.23111939
2.23111939
2.23114753
2.23117542
2.23117542
2.23120332
0.50090235
0.50148517
0.50218832
0.50291336
0.50369036
0.50449121
0.50591362
0.50632375
0.50747561
0.50882620
0.51022047
0.51186812
0.51354575
0.51554328
0.51762563
0.51988429
0.52242780
0.52514350
0.52823383
0.53173208
2.47484422
2.47484422
2.47484422
2.47484422
2.47484422
2.47484422
2.47484422
2.47484422
2.47484422
2.47484422
2.47484422
2.47484422
2.47484422
2.47484422
2.47484422
2.47484422
2.47484422
2.47484422
2.47484422
2.47484422
2.47484422
2.47484422
2.47484422
2.47484422
2.47484422
2.47484422
2.47484422
2.47484422
2.47484422
2.47484422
2.47484422
2.47484422
2.47484422
2.47484422
2.47484422
2.47484422
2.47484422
2.47484422
2.47484422
2.47484422
2.47484422
2.47484422
2.47484422
2.47484422
2.47484422
2.47484422
0.57615525
0.57053393
0.56729019
0.56528324
0.56389898
0.56308198
0.56274736
0.56250548
0.56238288
0.56227982
0.56235796
0.56252146
0.56272775
0.56294310
0.56344742
0.56396687
0.56458759
0.56535506
0.56613904
0.56720698
0.56861484
0.57049006
0.57330871
0.57719964
0.58529991
2.47484422
2.47484422
2.47484422
2.47484422
2.47484422
2.47484422
2.47484422
2.47484422
2.47484422
2.47484422
2.47484422
2.47484422
2.47484422
2.47484422
2.47484422
2.47484422
2.47484422
0.99385923
0.97635490
0.96939474
0.96490711
0.96092230
0.95757258
0.95486045
0.95234185
0.94998360
0.94782364
0.94606048
0.94437402
0.94281340
0.94141722
0.94008476
0.93876100
0.93758422
0.93649405
0.93547529
0.93455684
0.93374795
0.93292087
0.93225640
0.93164158
0.93105197
0.93046308
0.92989922
0.92944765
0.92903048
0.92861366
0.92822146
0.92795050
0.92767966
0.92741382
0.95206171
0.92718679
0.92705154
0.92692125
0.92833763
0.92671853
0.92663652
0.92655456
0.92647737
0.92639059
0.92629415
0.92619777
0.92610139
0.92600507
0.92590868
0.92584610
0.92578834
0.92572576
0.92566794
0.92560536
0.92555726
0.92546099
0.92533594
0.92521089
0.92491764
0.92460054
0.92419249
0.92362183
0.92299443
0.92214334
0.92122227
0.92012703
0.91906756
0.91798693
0.91688043
0.91587090
0.91479772
0.91375524
0.91268700
0.91171932
0.91077238
0.90985060
0.90907460
0.90841579
0.90787375
0.90737855
0.90701330
0.90681922
0.90672219
0.90686083
0.90709651
0.90753585
0.90816557
0.90892607
0.91002274
0.91129458
0.91282743
0.91481656
0.91720170
0.92043626
0.92404377
0.92918086
0.93694758
2.23403168
2.23405957
2.23405957
2.23408771
2.23408771
2.23411584
2.23411584
2.23414373
2.23417187
2.23417187
2.23419976
2.23419976
2.23422790
2.23422790
2.23425603
2.23428392
2.23428392
2.23431206
2.23431206
2.23434019
2.23434019
2.23436809
2.23439622
2.23439622
2.23442411
2.23442411
2.23445225
2.23445225
2.23448038
2.23450828
2.23450828
2.23453641
2.23453641
2.23456454
2.23456454
2.23459244
2.23462057
2.23462057
2.23464870
2.23464870
2.23467660
2.23470473
2.23470473
2.23473287
2.23473287
2.23476076
2.23476076
2.23478889
2.23481703
2.23481703
2.23484492
0.50208497
0.50274575
0.50348097
0.50423259
0.50502652
0.50588918
0.50679511
0.50777966
0.50909394
0.50986242
0.51119047
0.51272035
0.51431286
0.51613826
0.51812887
0.52029151
0.52268094
0.52530932
0.52829337
0.53195935
2.47887659
2.47887659
2.47887659
2.47887659
2.47887659
2.47887659
2.47887659
2.47887659
2.47887659
2.47887659
2.47887659
2.47887659
2.47887659
2.47887659
2.47887659
2.47887659
2.47887659
2.47887659
2.47887659
2.47887659
2.47887659
2.47887659
2.47887659
2.47887659
2.47887659
2.47887659
2.47887659
2.47887659
2.47887659
2.47887659
2.47887659
2.47887659
2.47887659
2.47887659
2.47887659
2.47887659
2.47887659
2.47887659
2.47887659
2.47887659
2.47887659
2.47887659
2.47887659
2.47887659
2.47887659
2.47887659
0.57672089
0.57191426
0.56928587
0.56765378
0.56684756
0.56619668
0.56568205
0.56525272
0.56497824
0.56485450
0.56478465
0.56480253
0.56500334
0.56532276
0.56567305
0.56606340
0.56678617
0.56753796
0.56853676
0.56981802
0.57150662
0.57388169
0.57760793
2.47887659
2.47887659
2.47887659
2.47887659
2.47887659
2.47887659
2.47887659
2.47887659
2.47887659
2.47887659
2.47887659
2.47887659
2.47887659
2.47887659
2.47887659
2.47887659
2.47887659
2.47887659
2.47887659
0.98144752
0.97341835
0.96836638
0.96389347
0.96050233
0.95746958
0.95471191
0.95221961
0.95010018
0.94817197
0.94635218
0.94461459
0.94304317
0.94160151
0.94033307
0.93909782
0.93790531
0.93682921
0.93583429
0.93492991
0.93409091
0.93330729
0.93256408
0.93190986
0.93133938
0.93077445
0.93021023
0.92975354
0.92934579
0.92894322
0.92854100
0.92827469
0.92800856
0.92774737
0.94926417
0.92743313
0.92730272
0.92717230
0.92874932
0.92696953
0.92688745
0.92681020
0.92672819
0.92664617
0.92656898
0.92648703
0.92639059
0.92629415
0.92619777
0.92613995
0.92607731
0.92602432
0.92598575
0.92595690
0.92593277
0.92585576
0.92575461
0.92562944
0.92537439
0.92508107
0.92473024
0.92416853
0.92360747
0.92280304
0.92204779
0.92111737
0.92007947
0.91899168
0.91803426
0.91711664
0.91609716
0.91522574
0.91421986
0.91334730
0.91250455
0.91175669
0.91098678
0.91039973
0.90987384
0.90955305
0.90921855
0.90910709
0.90906066
0.90922785
0.90952981
0.90999943
0.91070247
0.91154659
0.91267765
0.91407901
0.91572011
0.91776448
0.92027450
0.92361224
0.92770380
0.93325841
0.94268858
2.23768258
2.23771071
2.23771071
2.23773885
2.23773885
2.23776698
2.23776698
2.23779511
2.23782325
2.23782325
2.23785138
2.23785138
2.23787951
2.23787951
2.23790765
2.23793578
2.23793578
2.23796391
2.23796391
2.23799205
2.23799205
2.23802018
2.23804832
2.23804832
2.23807645
2.23807645
2.23810458
2.23813272
2.23813272
2.23816085
2.23816085
2.23818898
2.23818898
2.23821712
2.23824525
2.23824525
2.23827338
2.23827338
2.23830152
2.23830152
2.23832965
2.23835778
2.23835778
2.23838592
2.23838592
2.23841429
2.23841429
2.23844242
2.23847055
2.23847055
2.23849869
0.50330442
0.50405121
0.50480455
0.50556302
0.50639290
0.50730789
0.50826830
0.50927895
0.51036972
0.51151955
0.51278681
0.51478887
0.51557165
0.51726460
0.51913679
0.52125597
0.52366656
0.52634072
0.52943099
2.48295689
2.48295689
2.48295689
2.48295689
2.48295689
2.48295689
2.48295689
2.48295689
2.48295689
2.48295689
2.48295689
2.48295689
2.48295689
2.48295689
2.48295689
2.48295689
2.48295689
2.48295689
2.48295689
2.48295689
2.48295689
2.48295689
2.48295689
2.48295689
2.48295689
2.48295689
2.48295689
2.48295689
2.48295689
2.48295689
2.48295689
2.48295689
2.48295689
2.48295689
2.48295689
2.48295689
2.48295689
2.48295689
2.48295689
2.48295689
2.48295689
2.48295689
2.48295689
2.48295689
2.48295689
2.48295689
2.48295689
2.48295689
0.57618886
0.57344908
0.57179302
0.57058334
0.56970680
0.56895292
0.56838787
0.56793630
0.56756330
0.56749272
0.56745291
0.56754160
0.56770629
0.56806862
0.56867844
0.56927860
0.57008260
0.57119673
0.57275158
0.57506269
0.57903779
2.48295689
2.48295689
2.48295689
2.48295689
2.48295689
2.48295689
2.48295689
2.48295689
2.48295689
2.48295689
2.48295689
2.48295689
2.48295689
2.48295689
2.48295689
2.48295689
2.48295689
2.48295689
2.48295689
0.98991293
0.97831893
0.97244519
0.96748739
0.96380472
0.96042460
0.95740265
0.95495778
0.95264769
0.95049083
0.94851553
0.94663906
0.94501579
0.94355804
0.94216967
0.94090468
0.93966794
0.93848383
0.93731266
0.93643987
0.93545067
0.93457645
0.93386060
0.93317032
0.93249571
0.93190008
0.93132967
0.93076473
0.93028802
0.92985064
0.92943799
0.92903537
0.92876387
0.92847806
0.92813915
0.94663906
0.92771351
0.92757815
0.92744279
0.92916626
0.92722541
0.92714334
0.92706120
0.92697912
0.92689711
0.92681986
0.92673784
0.92665583
0.92657864
0.92649186
0.92645329
0.92641467
0.92638093
0.92635202
0.92633271
0.92630863
0.92623633
0.92614478
0.92605805
0.92586535
0.92560059
0.92533594
0.92485517
0.92435086
0.92372251
0.92296094
0.92208123
0.92108881
0.92015553
0.91923368
0.91829950
0.91749012
0.91661608
0.91582376
0.91500932
0.91421044
0.91358638
0.91292572
0.91240633
0.91192484
0.91163999
0.91143459
0.91140193
0.91142988
0.91161662
0.91199028
0.91248113
0.91326767
0.91421044
0.91537637
0.91687101
0.91865969
0.92078859
0.92373210
0.92709017
0.93148559
0.93771261
0.95079547
2.24134541
2.24137378
2.24137378
2.24140191
2.24140191
2.24143004
2.24143004
2.24145842
2.24148655
2.24148655
2.24151468
2.24151468
2.24154305
2.24157119
2.24157119
2.24159956
2.24159956
2.24162769
2.24162769
2.24165583
2.24168420
2.24168420
2.24171233
2.24171233
2.24174070
2.24174070
2.24176884
2.24179697
2.24179697
2.24182534
2.24182534
2.24185348
2.24185348
2.24188185
2.24190998
2.24190998
2.24193835
2.24193835
2.24196649
2.24196649
2.24199462
2.24202299
2.24202299
2.24205112
2.24205112
2.24207950
2.24207950
2.24210763
2.24213600
2.24213600
2.24216413
0.50461709
0.50537783
0.50613368
0.50690913
0.50782454
0.50878835
0.50975877
0.51081198
0.51197416
0.51319927
0.51449126
0.51594824
0.51749170
0.51916707
0.52106673
0.52338636
0.52571583
0.52851140
0.53322303
2.48701572
2.48701572
2.48701572
2.48701572
2.48701572
2.48701572
2.48701572
2.48701572
2.48701572
2.48701572
2.48701572
2.48701572
2.48701572
2.48701572
2.48701572
2.48701572
2.48701572
2.48701572
2.48701572
2.48701572
2.48701572
2.48701572
2.48701572
2.48701572
2.48701572
2.48701572
2.48701572
2.48701572
2.48701572
2.48701572
2.48701572
2.48701572
2.48701572
2.48701572
2.48701572
2.48701572
2.48701572
2.48701572
2.48701572
2.48701572
2.48701572
2.48701572
2.48701572
2.48701572
2.48701572
2.48701572
2.48701572
2.48701572
2.48701572
2.48701572
0.57798117
0.57536006
0.57385945
0.57267237
0.57195836
0.57127553
0.57089078
0.57051933
0.57030910
0.57040966
0.57055223
0.57095301
0.57135439
0.57201904
0.57307428
0.57453740
0.57673210
0.58162415
2.48701572
2.48701572
2.48701572
2.48701572
2.48701572
2.48701572
2.48701572
2.48701572
2.48701572
2.48701572
2.48701572
2.48701572
2.48701572
2.48701572
2.48701572
2.48701572
2.48701572
2.48701572
2.48701572
2.48701572
0.98502117
0.97729301
0.97167546
0.96756631
0.96379954
0.96067858
0.95799005
0.95546007
0.95307612
0.95095801
0.94912249
0.94736964
0.94576389
0.94424880
0.94279343
0.94153178
0.94026852
0.93902844
0.93867195
0.93710047
0.93617392
0.93526393
0.93450779
0.93377244
0.93311161
0.93251038
0.93191475
0.93131989
0.93083286
0.93039501
0.92996240
0.92953020
0.92920506
0.92888021
0.92861855
0.94428885
0.92839575
0.92826021
0.92812467
0.92957872
0.92790210
0.92781019
0.92771351
0.92761683
0.92752981
0.92744279
0.92736065
0.92727369
0.92718679
0.92709982
0.92704189
0.92699844
0.92696470
0.92695504
0.92694539
0.92693090
0.92688745
0.92681986
0.92673784
0.92657864
0.92633271
0.92606765
0.92564869
0.92515796
0.92459571
0.92387593
0.92308062
0.92225802
0.92136055
0.92044580
0.91959935
0.91885412
0.91803902
0.91735297
0.91667742
0.91597927
0.91536695
0.91485888
0.91443586
0.91402268
0.91375989
0.91362858
0.91360515
0.91377866
0.91401798
0.91448283
0.91504228
0.91586620
0.91688991
0.91811949
0.91971815
0.92161816
0.92404377
0.92702740
0.93061388
0.93535733
0.94259375
2.24502039
2.24502039
2.24504876
2.24504876
2.24507689
2.24507689
2.24510527
2.24513364
2.24513364
2.24516201
2.24516201
2.24519014
2.24519014
2.24521852
2.24524689
2.24524689
2.24527526
2.24527526
2.24530363
2.24530363
2.24533176
2.24536014
2.24536014
2.24538851
2.24538851
2.24541688
2.24541688
2.24544501
2.24547338
2.24547338
2.24550176
2.24550176
2.24553013
2.24553013
2.24555850
2.24558687
2.24558687
2.24561501
2.24561501
2.24564338
2.24564338
2.24567175
2.24570012
2.24570012
2.24572849
2.24572849
2.24575686
2.24575686
2.24578500
2.24581337
2.24581337
2.24584174
0.50590211
0.50668114
0.50746405
0.50834376
0.50930810
0.51027608
0.51126975
0.51242810
0.51365244
0.51490647
0.51631188
0.51784396
0.51947916
0.52132004
0.52337098
0.52570808
0.52847844
0.53214538
2.49108791
2.49108791
2.49108791
2.49108791
2.49108791
2.49108791
2.49108791
2.49108791
2.49108791
2.49108791
2.49108791
2.49108791
2.49108791
2.49108791
2.49108791
2.49108791
2.49108791
2.49108791
2.49108791
2.49108791
2.49108791
2.49108791
2.49108791
2.49108791
2.49108791
2.49108791
2.49108791
2.49108791
2.49108791
2.49108791
2.49108791
2.49108791
2.49108791
2.49108791
2.49108791
2.49108791
2.49108791
2.49108791
2.49108791
2.49108791
2.49108791
2.49108791
2.49108791
2.49108791
2.49108791
2.49108791
2.49108791
2.49108791
2.49108791
2.49108791
2.49108791
2.49108791
2.49108791
0.58015317
0.57770169
0.57624483
0.57522994
0.57463199
0.57409453
0.57388723
0.57377255
0.57388169
0.57413155
0.57474887
0.57570249
0.57716405
0.57966948
2.49108791
2.49108791
2.49108791
2.49108791
2.49108791
2.49108791
2.49108791
2.49108791
2.49108791
2.49108791
2.49108791
2.49108791
2.49108791
2.49108791
2.49108791
2.49108791
2.49108791
2.49108791
2.49108791
2.49108791
2.49108791
0.99473679
0.98313332
0.97647274
0.97185051
0.96765047
0.96433210
0.96135825
0.95857298
0.95600402
0.95387286
0.95187336
0.94995821
0.94815683
0.94650823
0.94493049
0.94356304
0.94230932
0.94111365
0.93992096
0.93881547
0.93782622
0.93692291
0.93607545
0.93532288
0.93457156
0.93384099
0.93324858
0.93267161
0.93209529
0.93158311
0.93113965
0.93071610
0.93029773
0.92996722
0.92962241
0.92928272
0.94210482
0.92907900
0.92894322
0.92880267
0.93021512
0.92858464
0.92849261
0.92839575
0.92829889
0.92820692
0.92811012
0.92801821
0.92792147
0.92783439
0.92774737
0.92768931
0.92762649
0.92757815
0.92756850
0.92756850
0.92756850
0.92753464
0.92746699
0.92740417
0.92728341
0.92703706
0.92679095
0.92645329
0.92601466
0.92556691
0.92494649
0.92424047
0.92344934
0.92258304
0.92173743
0.92098874
0.92022693
0.91956609
0.91891575
0.91826630
0.91778815
0.91717339
0.91675293
0.91636598
0.91615844
0.91589916
0.91584259
0.91584736
0.91608769
0.91641313
0.91694659
0.91764146
0.91847956
0.91961837
0.92094105
0.92258781
0.92479271
0.92723507
0.93035126
0.93421352
0.93960345
0.94788921
2.24870729
2.24870729
2.24873567
2.24873567
2.24876404
2.24876404
2.24879241
2.24882102
2.24882102
2.24884939
2.24884939
2.24887776
2.24887776
2.24890614
2.24893451
2.24893451
2.24896288
2.24896288
2.24899149
2.24899149
2.24901986
2.24904823
2.24904823
2.24907660
2.24907660
2.24910498
2.24910498
2.24913359
2.24916196
2.24916196
2.24919033
2.24919033
2.24921870
2.24921870
2.24924707
2.24927568
2.24927568
2.24930406
2.24930406
2.24933243
2.24933243
2.24936080
2.24938917
2.24938917
2.24941778
2.24941778
2.24944615
2.24944615
2.24947453
2.24950290
2.24950290
2.24953151
0.50719512
0.50797820
0.50881892
0.50979382
0.51078564
0.51177251
0.51288283
0.51410937
0.51534176
0.51667607
0.51821935
0.51979011
0.52157366
0.52359569
0.52579969
0.52853650
0.53165269
2.49520826
2.49520826
2.49520826
2.49520826
2.49520826
2.49520826
2.49520826
2.49520826
2.49520826
2.49520826
2.49520826
2.49520826
2.49520826
2.49520826
2.49520826
2.49520826
2.49520826
2.49520826
2.49520826
2.49520826
2.49520826
2.49520826
2.49520826
2.49520826
2.49520826
2.49520826
2.49520826
2.49520826
2.49520826
2.49520826
2.49520826
2.49520826
2.49520826
2.49520826
2.49520826
2.49520826
2.49520826
2.49520826
2.49520826
2.49520826
2.49520826
2.49520826
2.49520826
2.49520826
2.49520826
2.49520826
2.49520826
2.49520826
2.49520826
2.49520826
2.49520826
2.49520826
2.49520826
2.49520826
2.49520826
2.49520826
0.58378154
0.58088392
0.57950157
0.57856733
0.57828724
0.57800931
0.57808250
0.57858801
0.57957894
0.58146459
2.49520826
2.49520826
2.49520826
2.49520826
2.49520826
2.49520826
2.49520826
2.49520826
2.49520826
2.49520826
2.49520826
2.49520826
2.49520826
2.49520826
2.49520826
2.49520826
2.49520826
2.49520826
2.49520826
2.49520826
2.49520826
2.49520826
2.49520826
0.99074489
0.98228157
0.97681034
0.97208935
0.96841908
0.96512163
0.96203887
0.95940483
0.95705777
0.95487070
0.95278537
0.95080054
0.94909716
0.94752592
0.94601524
0.94463462
0.94333303
0.94209987
0.94083011
0.93978697
0.93881053
0.93783611
0.93702155
0.93627733
0.93552446
0.93477279
0.93415958
0.93354225
0.93296492
0.93243706
0.93197817
0.93151486
0.93109095
0.93074524
0.93039012
0.93004012
0.94027346
0.92975837
0.92962241
0.92948651
0.93106657
0.92926812
0.92917597
0.92907900
0.92898202
0.92888993
0.92879295
0.92869121
0.92859429
0.92849261
0.92839575
0.92834246
0.92833281
0.92832309
0.92833763
0.92834246
0.92834735
0.92834246
0.92829889
0.92824566
0.92818272
0.92797464
0.92775220
0.92750078
0.92708534
0.92662686
0.92605323
0.92538887
0.92463416
0.92389989
0.92315239
0.92239183
0.92165631
0.92107928
0.92049813
0.91995108
0.91947585
0.91906285
0.91868335
0.91834688
0.91818106
0.91806740
0.91809583
0.91816688
0.91844165
0.91884458
0.91940939
0.92020315
0.92112690
0.92236316
0.92381358
0.92549950
0.92781019
0.93047279
0.93376261
0.93805361
0.94393331
0.95428199
2.25240636
2.25240636
2.25243497
2.25243497
2.25246334
2.25246334
2.25249195
2.25252032
2.25252032
2.25254893
2.25254893
2.25257730
2.25257730
2.25260592
2.25263453
2.25263453
2.25266290
2.25266290
2.25269151
2.25269151
2.25271988
2.25274849
2.25274849
2.25277686
2.25277686
2.25280547
2.25280547
2.25283408
2.25286245
2.25286245
2.25289106
2.25289106
2.25291944
2.25291944
2.25294805
2.25297666
2.25297666
2.25300503
2.25300503
2.25303364
2.25303364
2.25306201
2.25309062
2.25309062
2.25311923
2.25311923
2.25314760
2.25314760
2.25317621
2.25320482
2.25320482
2.25323319
0.50850493
0.50934160
0.51025122
0.51124042
0.51223642
0.51331621
0.51455224
0.51586598
0.51704526
0.51859528
0.52016836
0.52182746
0.52385616
0.52593637
0.52859300
0.53148919
0.53583616
2.49930739
2.49930739
2.49930739
2.49930739
2.49930739
2.49930739
2.49930739
2.49930739
2.49930739
2.49930739
2.49930739
2.49930739
2.49930739
2.49930739
2.49930739
2.49930739
2.49930739
2.49930739
2.49930739
2.49930739
2.49930739
2.49930739
2.49930739
2.49930739
2.49930739
2.49930739
2.49930739
2.49930739
2.49930739
2.49930739
2.49930739
2.49930739
2.49930739
2.49930739
2.49930739
2.49930739
2.49930739
2.49930739
2.49930739
2.49930739
2.49930739
2.49930739
2.49930739
2.49930739
2.49930739
2.49930739
2.49930739
2.49930739
2.49930739
2.49930739
2.49930739
2.49930739
2.49930739
2.49930739
2.49930739
2.49930739
2.49930739
2.49930739
2.49930739
2.49930739
0.58587980
0.58575445
0.58726764
2.49930739
2.49930739
2.49930739
2.49930739
2.49930739
2.49930739
2.49930739
2.49930739
2.49930739
2.49930739
2.49930739
2.49930739
2.49930739
2.49930739
2.49930739
2.49930739
2.49930739
2.49930739
2.49930739
2.49930739
2.49930739
2.49930739
2.49930739
2.49930739
2.49930739
2.49930739
0.98967075
0.98260689
0.97721255
0.97299796
0.96933138
0.96590722
0.96313721
0.96056449
0.95815504
0.95587057
0.95386779
0.95205665
0.95034367
0.94868743
0.94713771
0.94570363
0.94435400
0.94312811
0.94243902
0.94086492
0.93987632
0.93891454
0.93807828
0.93728304
0.93649405
0.93572611
0.93509197
0.93447834
0.93387532
0.93332690
0.93287688
0.93243217
0.93198305
0.93161720
0.93126142
0.93093026
0.93819201
0.93057495
0.93042904
0.93028802
0.93191963
0.93006927
0.92997694
0.92988950
0.92980695
0.92972440
0.92964184
0.92955929
0.92947680
0.92939430
0.92931664
0.92924875
0.92920995
0.92920023
0.92920995
0.92922932
0.92924386
0.92923903
0.92920506
0.92917114
0.92912263
0.92892867
0.92872512
0.92851198
0.92814404
0.92769414
0.92719162
0.92663652
0.92600983
0.92531186
0.92457175
0.92381835
0.92323381
0.92264044
0.92209554
0.92168498
0.92121273
0.92090774
0.92063147
0.92038393
0.92024118
0.92022216
0.92030305
0.92052674
0.92081243
0.92130810
0.92190933
0.92278391
0.92386150
0.92510992
0.92665583
0.92870575
0.93101788
0.93385571
0.93742126
0.94207489
0.94886947
2.25608897
2.25611758
2.25611758
2.25614619
2.25614619
2.25617480
2.25617480
2.25620341
2.25623202
2.25623202
2.25626063
2.25626063
2.25628924
2.25628924
2.25631785
2.25634646
2.25634646
2.25637507
2.25637507
2.25640368
2.25640368
2.25643229
2.25646091
2.25646091
2.25648952
2.25648952
2.25651813
2.25651813
2.25654674
2.25657535
2.25657535
2.25660396
2.25660396
2.25663257
2.25663257
2.25666118
2.25668979
2.25668979
2.25671840
2.25671840
2.25674701
2.25677562
2.25677562
2.25680423
2.25680423
2.25683284
2.25683284
2.25686145
2.25689006
2.25689006
2.25691867
2.25691867
2.25694728
0.50987703
0.51075482
0.51169598
0.51270115
0.51375324
0.51498246
0.51622653
0.51745260
0.51894307
0.52052581
0.52211827
0.52467602
0.52617580
0.52865112
0.53146219
0.53514832
2.50341988
2.50341988
2.50341988
2.50341988
2.50341988
2.50341988
2.50341988
2.50341988
2.50341988
2.50341988
2.50341988
2.50341988
2.50341988
2.50341988
2.50341988
2.50341988
2.50341988
2.50341988
2.50341988
2.50341988
2.50341988
2.50341988
2.50341988
2.50341988
2.50341988
2.50341988
2.50341988
2.50341988
2.50341988
2.50341988
2.50341988
2.50341988
2.50341988
2.50341988
2.50341988
2.50341988
2.50341988
2.50341988
2.50341988
2.50341988
2.50341988
2.50341988
2.50341988
2.50341988
2.50341988
2.50341988
2.50341988
2.50341988
2.50341988
2.50341988
2.50341988
2.50341988
2.50341988
2.50341988
2.50341988
2.50341988
2.50341988
2.50341988
2.50341988
2.50341988
2.50341988
2.50341988
2.50341988
2.50341988
2.50341988
2.50341988
2.50341988
2.50341988
2.50341988
2.50341988
2.50341988
2.50341988
2.50341988
2.50341988
2.50341988
2.50341988
2.50341988
2.50341988
2.50341988
2.50341988
2.50341988
2.50341988
2.50341988
2.50341988
2.50341988
2.50341988
2.50341988
2.50341988
2.50341988
0.99987739
0.98956072
0.98316050
0.97812539
0.97404158
0.97028250
0.96724033
0.96443141
0.96177381
0.95938933
0.95726877
0.95524985
0.95338750
0.95158333
0.94986188
0.94836903
0.94696641
0.94564837
0.94436401
0.94317311
0.94205993
0.94105393
0.94010961
0.93922663
0.93844920
0.93768793
0.93692291
0.93625271
0.93563753
0.93504286
0.93447834
0.93398309
0.93352270
0.93307251
0.93270582
0.93231988
0.93197328
0.93669116
0.93167573
0.93153435
0.93139297
0.93277425
0.93117374
0.93108118
0.93098867
0.93089616
0.93080366
0.93071121
0.93061876
0.93052632
0.93042904
0.93031722
0.93025398
0.93018591
0.93012762
0.93014216
0.93016648
0.93019080
0.93020540
0.93018591
0.93016165
0.93013734
0.93000126
0.92981666
0.92963701
0.92933607
0.92896748
0.92853135
0.92798918
0.92738485
0.92671853
0.92603874
0.92543215
0.92482150
0.92421651
0.92378962
0.92338705
0.92302316
0.92276478
0.92251611
0.92245871
0.92232490
0.92239183
0.92250651
0.92283654
0.92320508
0.92381358
0.92449009
0.92542255
0.92660761
0.92789245
0.92969042
0.93178791
0.93425274
0.93731266
0.94117832
0.94631195
0.95435363
2.25981259
2.25984120
2.25984120
2.25986981
2.25986981
2.25989866
2.25989866
2.25992727
2.25995588
2.25995588
2.25998473
2.25998473
2.26001334
2.26001334
2.26004195
2.26007080
2.26007080
2.26009941
2.26009941
2.26012802
2.26012802
2.26015687
2.26018548
2.26018548
2.26021433
2.26021433
2.26024294
2.26024294
2.26027155
2.26030040
2.26030040
2.26032901
2.26032901
2.26035786
2.26038647
2.26038647
2.26041508
2.26041508
2.26044393
2.26044393
2.26047254
2.26050115
2.26050115
2.26052999
2.26052999
2.26055861
2.26055861
2.26058745
2.26061606
2.26061606
2.26064491
2.26064491
2.26067352
0.51127857
0.51219809
0.51317859
0.51422668
0.51540744
0.51660711
0.51785904
0.51928365
0.52086854
0.52245539
0.52432525
0.52639520
0.52867311
0.53148758
0.53495854
2.50758147
2.50758147
2.50758147
2.50758147
2.50758147
2.50758147
2.50758147
2.50758147
2.50758147
2.50758147
2.50758147
2.50758147
2.50758147
2.50758147
2.50758147
2.50758147
2.50758147
2.50758147
2.50758147
2.50758147
2.50758147
2.50758147
2.50758147
2.50758147
2.50758147
2.50758147
2.50758147
2.50758147
2.50758147
2.50758147
2.50758147
2.50758147
2.50758147
2.50758147
2.50758147
2.50758147
2.50758147
2.50758147
2.50758147
2.50758147
2.50758147
2.50758147
2.50758147
2.50758147
2.50758147
2.50758147
2.50758147
2.50758147
2.50758147
2.50758147
2.50758147
2.50758147
2.50758147
2.50758147
2.50758147
2.50758147
2.50758147
2.50758147
2.50758147
2.50758147
2.50758147
2.50758147
2.50758147
2.50758147
2.50758147
2.50758147
2.50758147
2.50758147
2.50758147
2.50758147
2.50758147
2.50758147
2.50758147
2.50758147
2.50758147
2.50758147
2.50758147
2.50758147
2.50758147
2.50758147
2.50758147
2.50758147
2.50758147
2.50758147
2.50758147
2.50758147
2.50758147
2.50758147
2.50758147
2.50758147
0.99869931
0.99036455
0.98391044
0.97942781
0.97511405
0.97182930
0.96867728
0.96576047
0.96324670
0.96092749
0.95880532
0.95670795
0.95472217
0.95300978
0.95139509
0.94989741
0.94845492
0.94705713
0.94570863
0.94454944
0.94343805
0.94239414
0.94148695
0.94058150
0.93976712
0.93895912
0.93819201
0.93750024
0.93685877
0.93621820
0.93564248
0.93514603
0.93465501
0.93416935
0.93376756
0.93337584
0.93303823
0.93519020
0.93278402
0.93264228
0.93250060
0.93344927
0.93228567
0.93218803
0.93209529
0.93200260
0.93190986
0.93179768
0.93168062
0.93155873
0.93143684
0.93131989
0.93127602
0.93127120
0.93126631
0.93128091
0.93131500
0.93134427
0.93136376
0.93135399
0.93134427
0.93131989
0.93121272
0.93104225
0.93086207
0.93060905
0.93027341
0.92984092
0.92933607
0.92879784
0.92825532
0.92767000
0.92705637
0.92643881
0.92596167
0.92553800
0.92513877
0.92491764
0.92466778
0.92451411
0.92445648
0.92449009
0.92461497
0.92480230
0.92516279
0.92565352
0.92628938
0.92712885
0.92807144
0.92937487
0.93088156
0.93270093
0.93489552
0.93756938
0.94086492
0.94507599
0.95104945
0.96115065
2.26354837
2.26357698
2.26357698
2.26360583
2.26360583
2.26363468
2.26363468
2.26366329
2.26369214
2.26369214
2.26372099
2.26372099
2.26374984
2.26374984
2.26377845
2.26380730
2.26380730
2.26383615
2.26383615
2.26386499
2.26389384
2.26389384
2.26392245
2.26392245
2.26395130
2.26395130
2.26398015
2.26400900
2.26400900
2.26403761
2.26403761
2.26406646
2.26406646
2.26409531
2.26412416
2.26412416
2.26415300
2.26415300
2.26418161
2.26418161
2.26421046
2.26423931
2.26423931
2.26426816
2.26426816
2.26429701
2.26429701
2.26432562
2.26435447
2.26435447
2.26438332
2.26438332
2.26441216
0.51271296
0.51371175
0.51471442
0.51581067
0.51699573
0.51826614
0.51962626
0.52121323
0.52278990
0.52454466
0.52661479
0.52870291
0.53151298
0.53463238
2.51172113
2.51172113
2.51172113
2.51172113
2.51172113
2.51172113
2.51172113
2.51172113
2.51172113
2.51172113
2.51172113
2.51172113
2.51172113
2.51172113
2.51172113
2.51172113
2.51172113
2.51172113
2.51172113
2.51172113
2.51172113
2.51172113
2.51172113
2.51172113
2.51172113
2.51172113
2.51172113
2.51172113
2.51172113
2.51172113
2.51172113
2.51172113
2.51172113
2.51172113
2.51172113
2.51172113
2.51172113
2.51172113
2.51172113
2.51172113
2.51172113
2.51172113
2.51172113
2.51172113
2.51172113
2.51172113
2.51172113
2.51172113
2.51172113
2.51172113
2.51172113
2.51172113
2.51172113
2.51172113
2.51172113
2.51172113
2.51172113
2.51172113
2.51172113
2.51172113
2.51172113
2.51172113
2.51172113
2.51172113
2.51172113
2.51172113
2.51172113
2.51172113
2.51172113
2.51172113
2.51172113
2.51172113
2.51172113
2.51172113
2.51172113
2.51172113
2.51172113
2.51172113
2.51172113
2.51172113
2.51172113
2.51172113
2.51172113
2.51172113
2.51172113
2.51172113
2.51172113
2.51172113
2.51172113
2.51172113
2.51172113
0.99884504
0.99116415
0.98549563
0.98076075
0.97688001
0.97341835
0.97025073
0.96747166
0.96499079
0.96254349
0.96034688
0.95837170
0.95644069
0.95472729
0.95301491
0.95143074
0.94998360
0.94854587
0.94725364
0.94614094
0.94492549
0.94389832
0.94290829
0.94195527
0.94112360
0.94031322
0.93951911
0.93880063
0.93818212
0.93756443
0.93695247
0.93644482
0.93596226
0.93548512
0.93507230
0.93466479
0.93427235
0.93403703
0.93389493
0.93375283
0.93361080
0.93348843
0.93339539
0.93329263
0.93317032
0.93304801
0.93296003
0.93287688
0.93279868
0.93271559
0.93263251
0.93255430
0.93250549
0.93245173
0.93240291
0.93242246
0.93245661
0.93249083
0.93252015
0.93251526
0.93250549
0.93249571
0.93243217
0.93227595
0.93212461
0.93194401
0.93164647
0.93128580
0.93087184
0.93040472
0.92987007
0.92929727
0.92869604
0.92820692
0.92775220
0.92731720
0.92700809
0.92680538
0.92657864
0.92655456
0.92652076
0.92665100
0.92682469
0.92714816
0.92753464
0.92811495
0.92880267
0.92974865
0.93080366
0.93213922
0.93389493
0.93580973
0.93813270
0.94098425
0.94457448
0.94928443
0.95582438
2.26726747
2.26729631
2.26732516
2.26732516
2.26735425
2.26735425
2.26738310
2.26738310
2.26741195
2.26744080
2.26744080
2.26746964
2.26746964
2.26749849
2.26752734
2.26752734
2.26755643
2.26755643
2.26758528
2.26758528
2.26761413
2.26764297
2.26764297
2.26767182
2.26767182
2.26770067
2.26770067
2.26772976
2.26775861
2.26775861
2.26778746
2.26778746
2.26781631
2.26781631
2.26784515
2.26787400
2.26787400
2.26790309
2.26790309
2.26793194
2.26793194
2.26796079
2.26798964
2.26798964
2.26801848
2.26801848
2.26804757
2.26804757
2.26807642
2.26810527
2.26810527
2.26813412
2.26813412
2.26816320
0.51422226
0.51523584
0.51627147
0.51743001
0.51867539
0.52001184
0.52155834
0.52312642
0.52476579
0.52683610
0.52892447
0.53153682
0.53438199
0.53844577
2.51587486
2.51587486
2.51587486
2.51587486
2.51587486
2.51587486
2.51587486
2.51587486
2.51587486
2.51587486
2.51587486
2.51587486
2.51587486
2.51587486
2.51587486
2.51587486
2.51587486
2.51587486
2.51587486
2.51587486
2.51587486
2.51587486
2.51587486
2.51587486
2.51587486
2.51587486
2.51587486
2.51587486
2.51587486
2.51587486
2.51587486
2.51587486
2.51587486
2.51587486
2.51587486
2.51587486
2.51587486
2.51587486
2.51587486
2.51587486
2.51587486
2.51587486
2.51587486
2.51587486
2.51587486
2.51587486
2.51587486
2.51587486
2.51587486
2.51587486
2.51587486
2.51587486
2.51587486
2.51587486
2.51587486
2.51587486
2.51587486
2.51587486
2.51587486
2.51587486
2.51587486
2.51587486
2.51587486
2.51587486
2.51587486
2.51587486
2.51587486
2.51587486
2.51587486
2.51587486
2.51587486
2.51587486
2.51587486
2.51587486
2.51587486
2.51587486
2.51587486
2.51587486
2.51587486
2.51587486
2.51587486
2.51587486
2.51587486
2.51587486
2.51587486
2.51587486
2.51587486
2.51587486
2.51587486
2.51587486
1.01475453
0.99993354
0.99228579
0.98708588
0.98239541
0.97866315
0.97501260
0.97214776
0.96933138
0.96675706
0.96436870
0.96218973
0.96019661
0.95824790
0.95644581
0.95472729
0.95310163
0.95162910
0.95021683
0.94891500
0.94770753
0.94652331
0.94551778
0.94454443
0.94357806
0.94268858
0.94188547
0.94110370
0.94035298
0.93968278
0.93904328
0.93842447
0.93789542
0.93736696
0.93687850
0.93645960
0.93602622
0.93562281
0.93540156
0.93525410
0.93510669
0.93495935
0.93482679
0.93470895
0.93459612
0.93448818
0.93440968
0.93432629
0.93424290
0.93416446
0.93408114
0.93399781
0.93392432
0.93389493
0.93385082
0.93380183
0.93380183
0.93384594
0.93388021
0.93391448
0.93392920
0.93393409
0.93392920
0.93389982
0.93375772
0.93361080
0.93345904
0.93317032
0.93283778
0.93246150
0.93199283
0.93148071
0.93099838
0.93052632
0.93005472
0.92958361
0.92920023
0.92895293
0.92871541
0.92861855
0.92861855
0.92864758
0.92884141
0.92907411
0.92950594
0.92994779
0.93064308
0.93141735
0.93241757
0.93358636
0.93512142
0.93691796
0.93899375
0.94153672
0.94463962
0.94856107
0.95375019
0.96208048
2.27105689
2.27105689
2.27108598
2.27108598
2.27111483
2.27111483
2.27114391
2.27117276
2.27117276
2.27120185
2.27120185
2.27123070
2.27123070
2.27125978
2.27128887
2.27128887
2.27131772
2.27131772
2.27134681
2.27134681
2.27137566
2.27140474
2.27140474
2.27143359
2.27143359
2.27146268
2.27146268
2.27149177
2.27152061
2.27152061
2.27154970
2.27154970
2.27157855
2.27157855
2.27160764
2.27163649
2.27163649
2.27166557
2.27166557
2.27169466
2.27169466
2.27172351
2.27175260
2.27175260
2.27178144
2.27178144
2.27181053
2.27181053
2.27183962
2.27186847
2.27186847
2.27189755
2.27189755
2.27192664
0.51573598
0.51675558
0.51790273
0.51911104
0.52041775
0.52190244
0.52346486
0.52510631
0.52705604
0.52914768
0.53156221
0.53440768
0.53811532
2.52004218
2.52004218
2.52004218
2.52004218
2.52004218
2.52004218
2.52004218
2.52004218
2.52004218
2.52004218
2.52004218
2.52004218
2.52004218
2.52004218
2.52004218
2.52004218
2.52004218
2.52004218
2.52004218
2.52004218
2.52004218
2.52004218
2.52004218
2.52004218
2.52004218
2.52004218
2.52004218
2.52004218
2.52004218
2.52004218
2.52004218
2.52004218
2.52004218
2.52004218
2.52004218
2.52004218
2.52004218
2.52004218
2.52004218
2.52004218
2.52004218
2.52004218
2.52004218
2.52004218
2.52004218
2.52004218
2.52004218
2.52004218
2.52004218
2.52004218
2.52004218
2.52004218
2.52004218
2.52004218
2.52004218
2.52004218
2.52004218
2.52004218
2.52004218
2.52004218
2.52004218
2.52004218
2.52004218
2.52004218
2.52004218
2.52004218
2.52004218
2.52004218
2.52004218
2.52004218
2.52004218
2.52004218
2.52004218
2.52004218
2.52004218
2.52004218
2.52004218
2.52004218
2.52004218
2.52004218
2.52004218
2.52004218
2.52004218
2.52004218
2.52004218
2.52004218
2.52004218
2.52004218
2.52004218
2.52004218
2.52004218
1.01285493
1.00113702
0.99417007
0.98867583
0.98436749
0.98050141
0.97711599
0.97412151
0.97127783
0.96867204
0.96641588
0.96417022
0.96211690
0.96012932
0.95830983
0.95667195
0.95506024
0.95347434
0.95202100
0.95068884
0.94944137
0.94834375
0.94728893
0.94627172
0.94529182
0.94436902
0.94353306
0.94270355
0.94192040
0.94125295
0.94058150
0.93991101
0.93937039
0.93885016
0.93833542
0.93788552
0.93745583
0.93705606
0.93695247
0.93680459
0.93665665
0.93650883
0.93638074
0.93626255
0.93614435
0.93602622
0.93590814
0.93579000
0.93567687
0.93555886
0.93545067
0.93536711
0.93529344
0.93526882
0.93524426
0.93521482
0.93520987
0.93525410
0.93529832
0.93534255
0.93535733
0.93536222
0.93537205
0.93537205
0.93522954
0.93508708
0.93493974
0.93469918
0.93442440
0.93409091
0.93371367
0.93330729
0.93285733
0.93238825
0.93190986
0.93150997
0.93121761
0.93094486
0.93074042
0.93072093
0.93070149
0.93087184
0.93108118
0.93141735
0.93187082
0.93248594
0.93318498
0.93409091
0.93513125
0.93652362
0.93812776
0.93996066
0.94225442
0.94501078
0.94840437
0.95271909
0.95897067
0.97016084
2.27483010
2.27483010
2.27485895
2.27485895
2.27488804
2.27488804
2.27491713
2.27494621
2.27494621
2.27497530
2.27497530
2.27500439
2.27500439
2.27503347
2.27506256
2.27506256
2.27509165
2.27509165
2.27512074
2.27512074
2.27514982
2.27517891
2.27517891
2.27520800
2.27520800
2.27523708
2.27523708
2.27526617
2.27529526
2.27529526
2.27532434
2.27532434
2.27535343
2.27535343
2.27538252
2.27541161
2.27541161
2.27544069
2.27544069
2.27546978
2.27546978
2.27549887
2.27552795
2.27552795
2.27555704
2.27555704
2.27558613
2.27558613
2.27561522
2.27564430
2.27564430
2.27567339
2.27567339
2.27570248
0.51723307
0.51837480
0.51960504
0.52083194
0.52223009
0.52380371
0.52544737
0.52727777
0.52936959
0.53158760
0.53443331
0.53780156
2.52425909
2.52425909
2.52425909
2.52425909
2.52425909
2.52425909
2.52425909
2.52425909
2.52425909
2.52425909
2.52425909
2.52425909
2.52425909
2.52425909
2.52425909
2.52425909
2.52425909
2.52425909
2.52425909
2.52425909
2.52425909
2.52425909
2.52425909
2.52425909
2.52425909
2.52425909
2.52425909
2.52425909
2.52425909
2.52425909
2.52425909
2.52425909
2.52425909
2.52425909
2.52425909
2.52425909
2.52425909
2.52425909
2.52425909
2.52425909
2.52425909
2.52425909
2.52425909
2.52425909
2.52425909
2.52425909
2.52425909
2.52425909
2.52425909
2.52425909
2.52425909
2.52425909
2.52425909
2.52425909
2.52425909
2.52425909
2.52425909
2.52425909
2.52425909
2.52425909
2.52425909
2.52425909
2.52425909
2.52425909
2.52425909
2.52425909
2.52425909
2.52425909
2.52425909
2.52425909
2.52425909
2.52425909
2.52425909
2.52425909
2.52425909
2.52425909
2.52425909
2.52425909
2.52425909
2.52425909
2.52425909
2.52425909
2.52425909
2.52425909
2.52425909
2.52425909
2.52425909
2.52425909
2.52425909
2.52425909
2.52425909
2.52425909
1.01298165
1.00242245
0.99613959
0.99077797
0.98648959
0.98255807
0.97931468
0.97613543
0.97343963
0.97089106
0.96853501
0.96625322
0.96415454
0.96229374
0.96044528
0.95872271
0.95704234
0.95569605
0.95403135
0.95266807
0.95140022
0.95019656
0.94910729
0.94808614
0.94706213
0.94608563
0.94528174
0.94447923
0.94368315
0.94298321
0.94233924
0.94169116
0.94110370
0.94056660
0.94005501
0.93959349
0.93913251
0.93864715
0.93850857
0.93836015
0.93821180
0.93806344
0.93793494
0.93781638
0.93769777
0.93757927
0.93746567
0.93734723
0.93722874
0.93713009
0.93704623
0.93696237
0.93687850
0.93683416
0.93680948
0.93678975
0.93679470
0.93683910
0.93688345
0.93692786
0.93696237
0.93697715
0.93699193
0.93700677
0.93690813
0.93678486
0.93665665
0.93647927
0.93622315
0.93590319
0.93555397
0.93515581
0.93471879
0.93428212
0.93392432
0.93359125
0.93326819
0.93298447
0.93293065
0.93286222
0.93292087
0.93312627
0.93335629
0.93382144
0.93429196
0.93503302
0.93576050
0.93682426
0.93803382
0.93949431
0.94119823
0.94320309
0.94562829
0.94860655
0.95234698
0.95729965
0.96442616
2.27858639
2.27861571
2.27861571
2.27864480
2.27864480
2.27867389
2.27867389
2.27870321
2.27873230
2.27873230
2.27876139
2.27876139
2.27879071
2.27879071
2.27881980
2.27884889
2.27884889
2.27887821
2.27887821
2.27890730
2.27890730
2.27893639
2.27896571
2.27896571
2.27899480
2.27899480
2.27902412
2.27902412
2.27905321
2.27908230
2.27908230
2.27911162
2.27911162
2.27914071
2.27914071
2.27917004
2.27919912
2.27919912
2.27922821
2.27922821
2.27925754
2.27928662
2.27928662
2.27931595
2.27931595
2.27934504
2.27934504
2.27937412
2.27940345
2.27940345
2.27943254
2.27943254
2.27946186
2.27946186
2.27949095
0.51881599
0.52005589
0.52131397
0.52262723
0.52414304
0.52578878
0.52749962
0.52959323
0.53170353
0.53445899
0.53749466
0.54191279
2.52845407
2.52845407
2.52845407
2.52845407
2.52845407
2.52845407
2.52845407
2.52845407
2.52845407
2.52845407
2.52845407
2.52845407
2.52845407
2.52845407
2.52845407
2.52845407
2.52845407
2.52845407
2.52845407
2.52845407
2.52845407
2.52845407
2.52845407
2.52845407
2.52845407
2.52845407
2.52845407
2.52845407
2.52845407
2.52845407
2.52845407
2.52845407
2.52845407
2.52845407
2.52845407
2.52845407
2.52845407
2.52845407
2.52845407
2.52845407
2.52845407
2.52845407
2.52845407
2.52845407
2.52845407
2.52845407
2.52845407
2.52845407
2.52845407
2.52845407
2.52845407
2.52845407
2.52845407
2.52845407
2.52845407
2.52845407
2.52845407
2.52845407
2.52845407
2.52845407
2.52845407
2.52845407
2.52845407
2.52845407
2.52845407
2.52845407
2.52845407
2.52845407
2.52845407
2.52845407
2.52845407
2.52845407
2.52845407
2.52845407
2.52845407
2.52845407
2.52845407
2.52845407
2.52845407
2.52845407
2.52845407
2.52845407
2.52845407
2.52845407
2.52845407
2.52845407
2.52845407
2.52845407
2.52845407
2.52845407
2.52845407
2.52845407
1.01418221
1.00466299
0.99811691
0.99306083
0.98861539
0.98493397
0.98157197
0.97846949
0.97576618
0.97318417
0.97068989
0.96857715
0.96648407
0.96454114
0.96263719
0.96081859
0.95916700
0.95760351
0.95618379
0.95474261
0.95347947
0.95229095
0.95111042
0.95006979
0.94909209
0.94811136
0.94724357
0.94639748
0.94559813
0.94487029
0.94417363
0.94349808
0.94290328
0.94233924
0.94177586
0.94129276
0.94081515
0.94037282
0.94006985
0.93992096
0.93977207
0.93962330
0.93949431
0.93939519
0.93931091
0.93922663
0.93914241
0.93905818
0.93896902
0.93888479
0.93880063
0.93871647
0.93863726
0.93858284
0.93852842
0.93848878
0.93848878
0.93853831
0.93858778
0.93863726
0.93866694
0.93868679
0.93870658
0.93872637
0.93865210
0.93853337
0.93841457
0.93827116
0.93801898
0.93772745
0.93741137
0.93708569
0.93675035
0.93639058
0.93603605
0.93568182
0.93538189
0.93525410
0.93513620
0.93508708
0.93524426
0.93543106
0.93581462
0.93626750
0.93684399
0.93759900
0.93848383
0.93954885
0.94099921
0.94248891
0.94436401
0.94657868
0.94923890
0.95248455
0.95659488
0.96210128
0.97146332
2.28238463
2.28241372
2.28241372
2.28244305
2.28244305
2.28247237
2.28247237
2.28250170
2.28253078
2.28253078
2.28256011
2.28256011
2.28258944
2.28258944
2.28261876
2.28264809
2.28264809
2.28267717
2.28267717
2.28270650
2.28270650
2.28273582
2.28276515
2.28276515
2.28279424
2.28279424
2.28282356
2.28282356
2.28285289
2.28288221
2.28288221
2.28291154
2.28291154
2.28294063
2.28296995
2.28296995
2.28299928
2.28299928
2.28302860
2.28302860
2.28305793
2.28308725
2.28308725
2.28311634
2.28311634
2.28314567
2.28314567
2.28317499
2.28320432
2.28320432
2.28323364
2.28323364
2.28326297
2.28326297
2.28329206
0.52047408
0.52174944
0.52302188
0.52448434
0.52613074
0.52778745
0.52981704
0.53192914
0.53448468
0.53736156
0.54131949
2.53266335
2.53266335
2.53266335
2.53266335
2.53266335
2.53266335
2.53266335
2.53266335
2.53266335
2.53266335
2.53266335
2.53266335
2.53266335
2.53266335
2.53266335
2.53266335
2.53266335
2.53266335
2.53266335
2.53266335
2.53266335
2.53266335
2.53266335
2.53266335
2.53266335
2.53266335
2.53266335
2.53266335
2.53266335
2.53266335
2.53266335
2.53266335
2.53266335
2.53266335
2.53266335
2.53266335
2.53266335
2.53266335
2.53266335
2.53266335
2.53266335
2.53266335
2.53266335
2.53266335
2.53266335
2.53266335
2.53266335
2.53266335
2.53266335
2.53266335
2.53266335
2.53266335
2.53266335
2.53266335
2.53266335
2.53266335
2.53266335
2.53266335
2.53266335
2.53266335
2.53266335
2.53266335
2.53266335
2.53266335
2.53266335
2.53266335
2.53266335
2.53266335
2.53266335
2.53266335
2.53266335
2.53266335
2.53266335
2.53266335
2.53266335
2.53266335
2.53266335
2.53266335
2.53266335
2.53266335
2.53266335
2.53266335
2.53266335
2.53266335
2.53266335
2.53266335
2.53266335
2.53266335
2.53266335
2.53266335
2.53266335
2.53266335
2.53266335
1.01642919
1.00705588
1.00040567
0.99551564
0.99110347
0.98745275
0.98389953
0.98102021
0.97816300
0.97556829
0.97322673
0.97102350
0.96888292
0.96684104
0.96499079
0.96319455
0.96149325
0.95990151
0.95839751
0.95702171
0.95573199
0.95450199
0.95331097
0.95221961
0.95118159
0.95016104
0.94925910
0.94839931
0.94754612
0.94680524
0.94613087
0.94545746
0.94482517
0.94427383
0.94372815
0.94322807
0.94274849
0.94221455
0.94208986
0.94193536
0.94177586
0.94162142
0.94149190
0.94139236
0.94128782
0.94118828
0.94105887
0.94092458
0.94078535
0.94064611
0.94056165
0.94047713
0.94039768
0.94034302
0.94030327
0.94029832
0.94030827
0.94035792
0.94040757
0.94045234
0.94049704
0.94052190
0.94054675
0.94056660
0.94054174
0.94043744
0.94032812
0.94022381
0.94002026
0.93978697
0.93950427
0.93919688
0.93886995
0.93851352
0.93815243
0.93791026
0.93771756
0.93753481
0.93740153
0.93751013
0.93763852
0.93788058
0.93831068
0.93875605
0.93950921
0.94023871
0.94126791
0.94251388
0.94397336
0.94565839
0.94765204
0.95005459
0.95298427
0.95658970
0.96129078
0.96823996
2.28616595
2.28619528
2.28622484
2.28622484
2.28625417
2.28625417
2.28628349
2.28628349
2.28631282
2.28634214
2.28634214
2.28637147
2.28637147
2.28640103
2.28640103
2.28643036
2.28645968
2.28645968
2.28648901
2.28648901
2.28651834
2.28654790
2.28654790
2.28657722
2.28657722
2.28660655
2.28660655
2.28663588
2.28666520
2.28666520
2.28669477
2.28669477
2.28672409
2.28672409
2.28675342
2.28678274
2.28678274
2.28681207
2.28681207
2.28684163
2.28684163
2.28687096
2.28690028
2.28690028
2.28692961
2.28692961
2.28695917
2.28695917
2.28698850
2.28701782
2.28701782
2.28704715
2.28704715
2.28707671
2.28707671
2.28710604
0.52215350
0.52343714
0.52485240
0.52647305
0.52813196
0.53003955
0.53215498
0.53450876
0.53738594
0.54100853
2.53692245
2.53692245
2.53692245
2.53692245
2.53692245
2.53692245
2.53692245
2.53692245
2.53692245
2.53692245
2.53692245
2.53692245
2.53692245
2.53692245
2.53692245
2.53692245
2.53692245
2.53692245
2.53692245
2.53692245
2.53692245
2.53692245
2.53692245
2.53692245
2.53692245
2.53692245
2.53692245
2.53692245
2.53692245
2.53692245
2.53692245
2.53692245
2.53692245
2.53692245
2.53692245
2.53692245
2.53692245
2.53692245
2.53692245
2.53692245
2.53692245
2.53692245
2.53692245
2.53692245
2.53692245
2.53692245
2.53692245
2.53692245
2.53692245
2.53692245
2.53692245
2.53692245
2.53692245
2.53692245
2.53692245
2.53692245
2.53692245
2.53692245
2.53692245
2.53692245
2.53692245
2.53692245
2.53692245
2.53692245
2.53692245
2.53692245
2.53692245
2.53692245
2.53692245
2.53692245
2.53692245
2.53692245
2.53692245
2.53692245
2.53692245
2.53692245
2.53692245
2.53692245
2.53692245
2.53692245
2.53692245
2.53692245
2.53692245
2.53692245
2.53692245
2.53692245
2.53692245
2.53692245
2.53692245
2.53692245
2.53692245
2.53692245
2.53692245
2.53692245
1.01868021
1.00946021
1.00314558
0.99798262
0.99377602
0.98997897
0.98663723
0.98362225
0.98072833
0.97821140
0.97585177
0.97354078
0.97141564
0.96943170
0.96750319
0.96605921
0.96395087
0.96233016
0.96083415
0.95939964
0.95806223
0.95681083
0.95556784
0.95439965
0.95340794
0.95241833
0.95147645
0.95062792
0.94980615
0.94902128
0.94829321
0.94761169
0.94696641
0.94636732
0.94579405
0.94528675
0.94476998
0.94431388
0.94414359
0.94398338
0.94382823
0.94367313
0.94354308
0.94344306
0.94333804
0.94323808
0.94313312
0.94303316
0.94292825
0.94282341
0.94269359
0.94255382
0.94242907
0.94236422
0.94231433
0.94230932
0.94231433
0.94236422
0.94241410
0.94246399
0.94250888
0.94253385
0.94255883
0.94258875
0.94258374
0.94247895
0.94237918
0.94227439
0.94210482
0.94188547
0.94161147
0.94132262
0.94104397
0.94078535
0.94052684
0.94028836
0.94005996
0.93990111
0.93992591
0.93997556
0.94010466
0.94046724
0.94088978
0.94148195
0.94221956
0.94307315
0.94423878
0.94558305
0.94710249
0.94894534
0.95111555
0.95374513
0.95696002
0.96105200
0.96657330
0.97568059
2.28998947
2.29001904
2.29004836
2.29004836
2.29007792
2.29007792
2.29010725
2.29013681
2.29013681
2.29016614
2.29016614
2.29019570
2.29019570
2.29022527
2.29025459
2.29025459
2.29028416
2.29028416
2.29031348
2.29031348
2.29034305
2.29037261
2.29037261
2.29040194
2.29040194
2.29043150
2.29043150
2.29046082
2.29049039
2.29049039
2.29051995
2.29051995
2.29054928
2.29054928
2.29057884
2.29060841
2.29060841
2.29063773
2.29063773
2.29066730
2.29066730
2.29069686
2.29072618
2.29072618
2.29075575
2.29075575
2.29078507
2.29078507
2.29081464
2.29084420
2.29084420
2.29087353
2.29087353
2.29090309
2.29090309
2.29093266
0.52386844
0.52524889
0.52681899
0.52847689
0.53026372
0.53237939
0.53453445
0.53741187
0.54069793
2.54115987
2.54115987
2.54115987
2.54115987
2.54115987
2.54115987
2.54115987
2.54115987
2.54115987
2.54115987
2.54115987
2.54115987
2.54115987
2.54115987
2.54115987
2.54115987
2.54115987
2.54115987
2.54115987
2.54115987
2.54115987
2.54115987
2.54115987
2.54115987
2.54115987
2.54115987
2.54115987
2.54115987
2.54115987
2.54115987
2.54115987
2.54115987
2.54115987
2.54115987
2.54115987
2.54115987
2.54115987
2.54115987
2.54115987
2.54115987
2.54115987
2.54115987
2.54115987
2.54115987
2.54115987
2.54115987
2.54115987
2.54115987
2.54115987
2.54115987
2.54115987
2.54115987
2.54115987
2.54115987
2.54115987
2.54115987
2.54115987
2.54115987
2.54115987
2.54115987
2.54115987
2.54115987
2.54115987
2.54115987
2.54115987
2.54115987
2.54115987
2.54115987
2.54115987
2.54115987
2.54115987
2.54115987
2.54115987
2.54115987
2.54115987
2.54115987
2.54115987
2.54115987
2.54115987
2.54115987
2.54115987
2.54115987
2.54115987
2.54115987
2.54115987
2.54115987
2.54115987
2.54115987
2.54115987
2.54115987
2.54115987
2.54115987
2.54115987
2.54115987
2.54115987
1.02099407
1.01215231
1.00594616
1.00065863
0.99658018
0.99263442
0.98947269
0.98626006
0.98354620
0.98097694
0.97856092
0.97625321
0.97415352
0.97216898
0.97030890
0.96836114
0.96663630
0.96498036
0.96342397
0.96196091
0.96053863
0.95927554
0.95808804
0.95689827
0.95585001
0.95482457
0.95384222
0.95296389
0.95209229
0.95127308
0.95054162
0.94981122
0.94912750
0.94855094
0.94797504
0.94743514
0.94693619
0.94639748
0.94620126
0.94604540
0.94588953
0.94573379
0.94560814
0.94550270
0.94539726
0.94529682
0.94519138
0.94509107
0.94498569
0.94489539
0.94480008
0.94470984
0.94461960
0.94455445
0.94448930
0.94442415
0.94441915
0.94446421
0.94450933
0.94455945
0.94460458
0.94463462
0.94466472
0.94468975
0.94471985
0.94463462
0.94454443
0.94445419
0.94433898
0.94414860
0.94393831
0.94370812
0.94345802
0.94319808
0.94293827
0.94268358
0.94256377
0.94250888
0.94247895
0.94252884
0.94279343
0.94314814
0.94359308
0.94431388
0.94500571
0.94608063
0.94724864
0.94874811
0.95043504
0.95239282
0.95475799
0.95764989
0.96118695
0.96579713
0.97254080
2.29382586
2.29385519
2.29385519
2.29388475
2.29388475
2.29391432
2.29391432
2.29394388
2.29397345
2.29397345
2.29400301
2.29400301
2.29403257
2.29403257
2.29406214
2.29409170
2.29409170
2.29412127
2.29412127
2.29415083
2.29415083
2.29418063
2.29421020
2.29421020
2.29423976
2.29423976
2.29426932
2.29426932
2.29429889
2.29432845
2.29432845
2.29435802
2.29435802
2.29438758
2.29438758
2.29441714
2.29444671
2.29444671
2.29447627
2.29447627
2.29450583
2.29450583
2.29453540
2.29456496
2.29456496
2.29459453
2.29459453
2.29462409
2.29462409
2.29465365
2.29468322
2.29468322
2.29471278
2.29471278
2.29474235
2.29474235
2.29477215
0.52565682
0.52720749
0.52882230
0.53049761
0.53260559
0.53473997
0.53743786
0.54038769
0.54455703
2.54541159
2.54541159
2.54541159
2.54541159
2.54541159
2.54541159
2.54541159
2.54541159
2.54541159
2.54541159
2.54541159
2.54541159
2.54541159
2.54541159
2.54541159
2.54541159
2.54541159
2.54541159
2.54541159
2.54541159
2.54541159
2.54541159
2.54541159
2.54541159
2.54541159
2.54541159
2.54541159
2.54541159
2.54541159
2.54541159
2.54541159
2.54541159
2.54541159
2.54541159
2.54541159
2.54541159
2.54541159
2.54541159
2.54541159
2.54541159
2.54541159
2.54541159
2.54541159
2.54541159
2.54541159
2.54541159
2.54541159
2.54541159
2.54541159
2.54541159
2.54541159
2.54541159
2.54541159
2.54541159
2.54541159
2.54541159
2.54541159
2.54541159
2.54541159
2.54541159
2.54541159
2.54541159
2.54541159
2.54541159
2.54541159
2.54541159
2.54541159
2.54541159
2.54541159
2.54541159
2.54541159
2.54541159
2.54541159
2.54541159
2.54541159
2.54541159
2.54541159
2.54541159
2.54541159
2.54541159
2.54541159
2.54541159
2.54541159
2.54541159
2.54541159
2.54541159
2.54541159
2.54541159
2.54541159
2.54541159
2.54541159
2.54541159
2.54541159
2.54541159
2.54541159
1.02389526
1.01498604
1.00876236
1.00372255
0.99940020
0.99566042
0.99231344
0.98918128
0.98645133
0.98385060
0.98136634
0.97921228
0.97702479
0.97493249
0.97304052
0.97124600
0.96943700
0.96780300
0.96617979
0.96472406
0.96330404
0.96195054
0.96069932
0.95946687
0.95836657
0.95731509
0.95630705
0.95543444
0.95459926
0.95376557
0.95302510
0.95232660
0.95163924
0.95101386
0.95042485
0.94987714
0.94934517
0.94880879
0.94857621
0.94841450
0.94824773
0.94808108
0.94795483
0.94784886
0.94773281
0.94761169
0.94749063
0.94736457
0.94724357
0.94712263
0.94700670
0.94691104
0.94682539
0.94680017
0.94678509
0.94677502
0.94677001
0.94681531
0.94686061
0.94690597
0.94695634
0.94698656
0.94701177
0.94704199
0.94706720
0.94700670
0.94691604
0.94683039
0.94673979
0.94655353
0.94635725
0.94612586
0.94587952
0.94567347
0.94550771
0.94535708
0.94524664
0.94513619
0.94516128
0.94533193
0.94559312
0.94591969
0.94653839
0.94715285
0.94803566
0.94920343
0.95050609
0.95198023
0.95389843
0.95607591
0.95862460
0.96183616
0.96593338
0.97150576
0.98067969
2.29767489
2.29770446
2.29770446
2.29773426
2.29773426
2.29776382
2.29776382
2.29779363
2.29782319
2.29782319
2.29785275
2.29785275
2.29788256
2.29788256
2.29791212
2.29794192
2.29794192
2.29797149
2.29797149
2.29800129
2.29800129
2.29803085
2.29806042
2.29806042
2.29809022
2.29809022
2.29811978
2.29811978
2.29814959
2.29817915
2.29817915
2.29820895
2.29820895
2.29823852
2.29823852
2.29826832
2.29829788
2.29829788
2.29832768
2.29832768
2.29835725
2.29835725
2.29838681
2.29841661
2.29841661
2.29844618
2.29844618
2.29847598
2.29847598
2.29850554
2.29853535
2.29853535
2.29856491
2.29856491
2.29859471
2.29859471
2.29862428
0.52756220
0.52918386
0.53084570
0.53283197
0.53496820
0.53746378
0.54037297
0.54424071
2.54971385
2.54971385
2.54971385
2.54971385
2.54971385
2.54971385
2.54971385
2.54971385
2.54971385
2.54971385
2.54971385
2.54971385
2.54971385
2.54971385
2.54971385
2.54971385
2.54971385
2.54971385
2.54971385
2.54971385
2.54971385
2.54971385
2.54971385
2.54971385
2.54971385
2.54971385
2.54971385
2.54971385
2.54971385
2.54971385
2.54971385
2.54971385
2.54971385
2.54971385
2.54971385
2.54971385
2.54971385
2.54971385
2.54971385
2.54971385
2.54971385
2.54971385
2.54971385
2.54971385
2.54971385
2.54971385
2.54971385
2.54971385
2.54971385
2.54971385
2.54971385
2.54971385
2.54971385
2.54971385
2.54971385
2.54971385
2.54971385
2.54971385
2.54971385
2.54971385
2.54971385
2.54971385
2.54971385
2.54971385
2.54971385
2.54971385
2.54971385
2.54971385
2.54971385
2.54971385
2.54971385
2.54971385
2.54971385
2.54971385
2.54971385
2.54971385
2.54971385
2.54971385
2.54971385
2.54971385
2.54971385
2.54971385
2.54971385
2.54971385
2.54971385
2.54971385
2.54971385
2.54971385
2.54971385
2.54971385
2.54971385
2.54971385
2.54971385
2.54971385
2.54971385
2.54971385
1.02681899
1.01794624
1.01182437
1.00680530
1.00230956
0.99872732
0.99523175
0.99228024
0.98946720
0.98679042
0.98446006
0.98219484
0.97999400
0.97799641
0.97608191
0.97419083
0.97248769
0.97081697
0.96916252
0.96761888
0.96613264
0.96466136
0.96344483
0.96226251
0.96111947
0.96008790
0.95909464
0.95815504
0.95726877
0.95642012
0.95565504
0.95490140
0.95417964
0.95355093
0.95292306
0.95233166
0.95181733
0.95129853
0.95121717
0.95104945
0.95088691
0.95071930
0.95059234
0.95048577
0.95037919
0.95027775
0.95017117
0.95005459
0.94993287
0.94981122
0.94968963
0.94956297
0.94945151
0.94940597
0.94934517
0.94928443
0.94922876
0.94926417
0.94930470
0.94935024
0.94939077
0.94942117
0.94944644
0.94947684
0.94950217
0.94948190
0.94940597
0.94933504
0.94925910
0.94911742
0.94896054
0.94878352
0.94860148
0.94842458
0.94824272
0.94808614
0.94794983
0.94799525
0.94808614
0.94823766
0.94849533
0.94900101
0.94954270
0.95028281
0.95133919
0.95245910
0.95388311
0.95559859
0.95751595
0.95992738
0.96290797
0.96654183
0.97121423
0.97830820
2.30150723
2.30153704
2.30156684
2.30156684
2.30159640
2.30159640
2.30162621
2.30162621
2.30165601
2.30168581
2.30168581
2.30171561
2.30171561
2.30174541
2.30174541
2.30177498
2.30180478
2.30180478
2.30183458
2.30183458
2.30186439
2.30186439
2.30189419
2.30192399
2.30192399
2.30195379
2.30195379
2.30198336
2.30198336
2.30201316
2.30204296
2.30204296
2.30207276
2.30207276
2.30210257
2.30210257
2.30213237
2.30216217
2.30216217
2.30219173
2.30219173
2.30222154
2.30222154
2.30225134
2.30228114
2.30228114
2.30231094
2.30231094
2.30234075
2.30237055
2.30237055
2.30240035
2.30240035
2.30243015
2.30243015
2.30245996
2.30248976
2.30248976
0.52955699
0.53119421
0.53305852
0.53519660
0.53748816
0.54039919
0.54393470
2.55399418
2.55399418
2.55399418
2.55399418
2.55399418
2.55399418
2.55399418
2.55399418
2.55399418
2.55399418
2.55399418
2.55399418
2.55399418
2.55399418
2.55399418
2.55399418
2.55399418
2.55399418
2.55399418
2.55399418
2.55399418
2.55399418
2.55399418
2.55399418
2.55399418
2.55399418
2.55399418
2.55399418
2.55399418
2.55399418
2.55399418
2.55399418
2.55399418
2.55399418
2.55399418
2.55399418
2.55399418
2.55399418
2.55399418
2.55399418
2.55399418
2.55399418
2.55399418
2.55399418
2.55399418
2.55399418
2.55399418
2.55399418
2.55399418
2.55399418
2.55399418
2.55399418
2.55399418
2.55399418
2.55399418
2.55399418
2.55399418
2.55399418
2.55399418
2.55399418
2.55399418
2.55399418
2.55399418
2.55399418
2.55399418
2.55399418
2.55399418
2.55399418
2.55399418
2.55399418
2.55399418
2.55399418
2.55399418
2.55399418
2.55399418
2.55399418
2.55399418
2.55399418
2.55399418
2.55399418
2.55399418
2.55399418
2.55399418
2.55399418
2.55399418
2.55399418
2.55399418
2.55399418
2.55399418
2.55399418
2.55399418
2.55399418
2.55399418
2.55399418
2.55399418
2.55399418
2.55399418
1.03028977
1.02136314
1.01496863
1.00993562
1.00554836
1.00181890
0.99837440
0.99539870
0.99257904
0.98995697
0.98761714
0.98525012
0.98317677
0.98115540
0.97922850
0.97734666
0.97560573
0.97391897
0.97222209
0.97058403
0.96917832
0.96777672
0.96646309
0.96522105
0.96403444
0.96297050
0.96191931
0.96092230
0.96007234
0.95923936
0.95845431
0.95774776
0.95703715
0.95639443
0.95578843
0.95521396
0.95466584
0.95409274
0.95387286
0.95370424
0.95353562
0.95337218
0.95324457
0.95313740
0.95303023
0.95292819
0.95282108
0.95271397
0.95260692
0.95250493
0.95238775
0.95226544
0.95215338
0.95211774
0.95208210
0.95203626
0.95197517
0.95201081
0.95204645
0.95208210
0.95212281
0.95215338
0.95217884
0.95219922
0.95222467
0.95222980
0.95218903
0.95211267
0.95201081
0.95188355
0.95172065
0.95155275
0.95136970
0.95119178
0.95110029
0.95103931
0.95100373
0.95102406
0.95106977
0.95132899
0.95169014
0.95214832
0.95273948
0.95367867
0.95471704
0.95601434
0.95752627
0.95935827
0.96160752
0.96429032
0.96754003
0.97174442
0.97768486
0.98864836
2.30538225
2.30541205
2.30544186
2.30544186
2.30547190
2.30547190
2.30550170
2.30550170
2.30553150
2.30556130
2.30556130
2.30559134
2.30559134
2.30562115
2.30562115
2.30565095
2.30568075
2.30568075
2.30571079
2.30571079
2.30574059
2.30574059
2.30577040
2.30580020
2.30580020
2.30583024
2.30583024
2.30586004
2.30586004
2.30588984
2.30591989
2.30591989
2.30594969
2.30594969
2.30597949
2.30600929
2.30600929
2.30603933
2.30603933
2.30606914
2.30606914
2.30609894
2.30612898
2.30612898
2.30615878
2.30615878
2.30618858
2.30618858
2.30621862
2.30624843
2.30624843
2.30627823
2.30627823
2.30630827
2.30630827
2.30633807
2.30636787
2.30636787
0.53156537
0.53328371
0.53542358
0.53758228
0.54042381
0.54362571
2.55828881
2.55828881
2.55828881
2.55828881
2.55828881
2.55828881
2.55828881
2.55828881
2.55828881
2.55828881
2.55828881
2.55828881
2.55828881
2.55828881
2.55828881
2.55828881
2.55828881
2.55828881
2.55828881
2.55828881
2.55828881
2.55828881
2.55828881
2.55828881
2.55828881
2.55828881
2.55828881
2.55828881
2.55828881
2.55828881
2.55828881
2.55828881
2.55828881
2.55828881
2.55828881
2.55828881
2.55828881
2.55828881
2.55828881
2.55828881
2.55828881
2.55828881
2.55828881
2.55828881
2.55828881
2.55828881
2.55828881
2.55828881
2.55828881
2.55828881
2.55828881
2.55828881
2.55828881
2.55828881
2.55828881
2.55828881
2.55828881
2.55828881
2.55828881
2.55828881
2.55828881
2.55828881
2.55828881
2.55828881
2.55828881
2.55828881
2.55828881
2.55828881
2.55828881
2.55828881
2.55828881
2.55828881
2.55828881
2.55828881
2.55828881
2.55828881
2.55828881
2.55828881
2.55828881
2.55828881
2.55828881
2.55828881
2.55828881
2.55828881
2.55828881
2.55828881
2.55828881
2.55828881
2.55828881
2.55828881
2.55828881
2.55828881
2.55828881
2.55828881
2.55828881
2.55828881
2.55828881
2.55828881
1.03407848
1.02486205
1.01820242
1.01327002
1.00884807
1.00507712
1.00167227
0.99866569
0.99575508
0.99321598
0.99079454
0.98855501
0.98646772
0.98440558
0.98250383
0.98069048
0.97887307
0.97709990
0.97551489
0.97393495
0.97242922
0.97095996
0.96955842
0.96830845
0.96713525
0.96604872
0.96505886
0.96407098
0.96318936
0.96233016
0.96152443
0.96076673
0.96003091
0.95936865
0.95872790
0.95810866
0.95755202
0.95703202
0.95686227
0.95668739
0.95650750
0.95633274
0.95619917
0.95608103
0.95596296
0.95585001
0.95574224
0.95563447
0.95552677
0.95541906
0.95531142
0.95520371
0.95510125
0.95502436
0.95498335
0.95494241
0.95490140
0.95491678
0.95494753
0.95497823
0.95500386
0.95502949
0.95504487
0.95506537
0.95508587
0.95510125
0.95506537
0.95502949
0.95493215
0.95482969
0.95470679
0.95457882
0.95445597
0.95433313
0.95423591
0.95414901
0.95410806
0.95417964
0.95439965
0.95463002
0.95498848
0.95551652
0.95633274
0.95725334
0.95841300
0.95976692
0.96148288
0.96354389
0.96593338
0.96890932
0.97279060
0.97803402
0.98644042
2.30927038
2.30927038
2.30930018
2.30933022
2.30933022
2.30936027
2.30936027
2.30939007
2.30939007
2.30942011
2.30945015
2.30945015
2.30947995
2.30947995
2.30950999
2.30950999
2.30954003
2.30956984
2.30956984
2.30959988
2.30959988
2.30962992
2.30962992
2.30965972
2.30968976
2.30968976
2.30971980
2.30971980
2.30974960
2.30977964
2.30977964
2.30980968
2.30980968
2.30983973
2.30983973
2.30986953
2.30989957
2.30989957
2.30992961
2.30992961
2.30995965
2.30995965
2.30998945
2.31001949
2.31001949
2.31004953
2.31004953
2.31007934
2.31007934
2.31010938
2.31013942
2.31013942
2.31016946
2.31016946
2.31019926
2.31019926
2.31022930
2.31025934
2.31025934
0.53358907
0.53565234
0.53781128
0.54045004
0.54339170
0.54748815
2.56263471
2.56263471
2.56263471
2.56263471
2.56263471
2.56263471
2.56263471
2.56263471
2.56263471
2.56263471
2.56263471
2.56263471
2.56263471
2.56263471
2.56263471
2.56263471
2.56263471
2.56263471
2.56263471
2.56263471
2.56263471
2.56263471
2.56263471
2.56263471
2.56263471
2.56263471
2.56263471
2.56263471
2.56263471
2.56263471
2.56263471
2.56263471
2.56263471
2.56263471
2.56263471
2.56263471
2.56263471
2.56263471
2.56263471
2.56263471
2.56263471
2.56263471
2.56263471
2.56263471
2.56263471
2.56263471
2.56263471
2.56263471
2.56263471
2.56263471
2.56263471
2.56263471
2.56263471
2.56263471
2.56263471
2.56263471
2.56263471
2.56263471
2.56263471
2.56263471
2.56263471
2.56263471
2.56263471
2.56263471
2.56263471
2.56263471
2.56263471
2.56263471
2.56263471
2.56263471
2.56263471
2.56263471
2.56263471
2.56263471
2.56263471
2.56263471
2.56263471
2.56263471
2.56263471
2.56263471
2.56263471
2.56263471
2.56263471
2.56263471
2.56263471
2.56263471
2.56263471
2.56263471
2.56263471
2.56263471
2.56263471
2.56263471
2.56263471
2.56263471
2.56263471
2.56263471
2.56263471
2.56263471
1.03789520
1.02846229
1.02179706
1.01662648
1.01226163
1.00837946
1.00503731
1.00197113
0.99911416
0.99661922
0.99418122
0.99200374
0.98985237
0.98782539
0.98593771
0.98406273
0.98232496
0.98065269
0.97899687
0.97735739
0.97575551
0.97435611
0.97298735
0.97171789
0.97052056
0.96937889
0.96834004
0.96730340
0.96638441
0.96554041
0.96473980
0.96403444
0.96333534
0.96267885
0.96207011
0.96148288
0.96093267
0.96035725
0.96024841
0.96007234
0.95989114
0.95971519
0.95958066
0.95946169
0.95934278
0.95922387
0.95910501
0.95898616
0.95886219
0.95874339
0.95862460
0.95851624
0.95841300
0.95833045
0.95824790
0.95817053
0.95811379
0.95812410
0.95814472
0.95816535
0.95819116
0.95821178
0.95822728
0.95823759
0.95824790
0.95826852
0.95823759
0.95819634
0.95811379
0.95801067
0.95789212
0.95776325
0.95763445
0.95752627
0.95751077
0.95751595
0.95757776
0.95767564
0.95784056
0.95813441
0.95858848
0.95928591
0.96006715
0.96112984
0.96235615
0.96392477
0.96580762
0.96803987
0.97090167
0.97450018
0.97917461
0.98644590
2.31314135
2.31317139
2.31317139
2.31320143
2.31323171
2.31323171
2.31326175
2.31326175
2.31329179
2.31329179
2.31332183
2.31335187
2.31335187
2.31338191
2.31338191
2.31341195
2.31341195
2.31344199
2.31347203
2.31347203
2.31350207
2.31350207
2.31353235
2.31356239
2.31356239
2.31359243
2.31359243
2.31362247
2.31362247
2.31365252
2.31368256
2.31368256
2.31371260
2.31371260
2.31374288
2.31374288
2.31377292
2.31380296
2.31380296
2.31383300
2.31383300
2.31386304
2.31386304
2.31389308
2.31392312
2.31392312
2.31395340
2.31395340
2.31398344
2.31398344
2.31401348
2.31404352
2.31404352
2.31407356
2.31407356
2.31410360
2.31410360
2.31413388
2.31416392
2.31416392
0.59390813
2.56695843
2.56695843
2.56695843
2.56695843
2.56695843
2.56695843
2.56695843
2.56695843
2.56695843
2.56695843
2.56695843
2.56695843
2.56695843
2.56695843
2.56695843
2.56695843
2.56695843
2.56695843
2.56695843
2.56695843
2.56695843
2.56695843
2.56695843
2.56695843
2.56695843
2.56695843
2.56695843
2.56695843
2.56695843
2.56695843
2.56695843
2.56695843
2.56695843
2.56695843
2.56695843
2.56695843
2.56695843
2.56695843
2.56695843
2.56695843
2.56695843
2.56695843
2.56695843
2.56695843
2.56695843
2.56695843
2.56695843
2.56695843
2.56695843
2.56695843
2.56695843
2.56695843
2.56695843
2.56695843
2.56695843
2.56695843
2.56695843
2.56695843
2.56695843
2.56695843
2.56695843
2.56695843
2.56695843
2.56695843
2.56695843
2.56695843
2.56695843
2.56695843
2.56695843
2.56695843
2.56695843
2.56695843
2.56695843
2.56695843
2.56695843
2.56695843
2.56695843
2.56695843
2.56695843
2.56695843
2.56695843
2.56695843
2.56695843
2.56695843
2.56695843
2.56695843
2.56695843
2.56695843
2.56695843
2.56695843
2.56695843
2.56695843
2.56695843
2.56695843
2.56695843
2.56695843
2.56695843
2.56695843
2.56695843
2.56695843
2.56695843
2.56695843
2.56695843
1.04213047
1.03226745
1.02541113
1.02011645
1.01575637
1.01173806
1.00845373
1.00530982
1.00323045
0.99997288
0.99768054
0.99547106
0.99338782
0.99140704
0.98948371
0.98769933
0.98598140
0.98426408
0.98255807
0.98099858
0.97948170
0.97801256
0.97657990
0.97523695
0.97400957
0.97287565
0.97187173
0.97091758
0.97000223
0.96915197
0.96832949
0.96758735
0.96685153
0.96617979
0.96554565
0.96493328
0.96442616
0.96389347
0.96365863
0.96348131
0.96329880
0.96312159
0.96299136
0.96286631
0.96274656
0.96262157
0.96249670
0.96237177
0.96224171
0.96213770
0.96203887
0.96194530
0.96186215
0.96186733
0.96181017
0.96174783
0.96168548
0.96166986
0.96166468
0.96167511
0.96168548
0.96169585
0.96169066
0.96169066
0.96169585
0.96170628
0.96168029
0.96164393
0.96158159
0.96149325
0.96141016
0.96131670
0.96122849
0.96116620
0.96111429
0.96111947
0.96112984
0.96136862
0.96163350
0.96198171
0.96254349
0.96325713
0.96420676
0.96526819
0.96675175
0.96847701
0.97055227
0.97329062
0.97663349
0.98096615
0.98731583
2.31705570
2.31705570
2.31708598
2.31708598
2.31711602
2.31714630
2.31714630
2.31717634
2.31717634
2.31720662
2.31723666
2.31723666
2.31726694
2.31726694
2.31729698
2.31729698
2.31732726
2.31735730
2.31735730
2.31738758
2.31738758
2.31741762
2.31741762
2.31744790
2.31747794
2.31747794
2.31750822
2.31750822
2.31753850
2.31753850
2.31756854
2.31759882
2.31759882
2.31762886
2.31762886
2.31765914
2.31765914
2.31768918
2.31771946
2.31771946
2.31774974
2.31774974
2.31777978
2.31777978
2.31781006
2.31784010
2.31784010
2.31787038
2.31787038
2.31790066
2.31790066
2.31793070
2.31796098
2.31796098
2.31799102
2.31799102
2.31802130
2.31802130
2.31805158
2.31808162
2.31808162
0.59291506
2.57129693
2.57129693
2.57129693
2.57129693
2.57129693
2.57129693
2.57129693
2.57129693
2.57129693
2.57129693
2.57129693
2.57129693
2.57129693
2.57129693
2.57129693
2.57129693
2.57129693
2.57129693
2.57129693
2.57129693
2.57129693
2.57129693
2.57129693
2.57129693
2.57129693
2.57129693
2.57129693
2.57129693
2.57129693
2.57129693
2.57129693
2.57129693
2.57129693
2.57129693
2.57129693
2.57129693
2.57129693
2.57129693
2.57129693
2.57129693
2.57129693
2.57129693
2.57129693
2.57129693
2.57129693
2.57129693
2.57129693
2.57129693
2.57129693
2.57129693
2.57129693
2.57129693
2.57129693
2.57129693
2.57129693
2.57129693
2.57129693
2.57129693
2.57129693
2.57129693
2.57129693
2.57129693
2.57129693
2.57129693
2.57129693
2.57129693
2.57129693
2.57129693
2.57129693
2.57129693
2.57129693
2.57129693
2.57129693
2.57129693
2.57129693
2.57129693
2.57129693
2.57129693
2.57129693
2.57129693
2.57129693
2.57129693
2.57129693
2.57129693
2.57129693
2.57129693
2.57129693
2.57129693
2.57129693
2.57129693
2.57129693
2.57129693
2.57129693
2.57129693
2.57129693
2.57129693
2.57129693
2.57129693
2.57129693
2.57129693
2.57129693
2.57129693
2.57129693
1.04642498
1.03612506
1.02911639
1.02370095
1.01927531
1.01532185
1.01192212
1.00884235
1.00607693
1.00352454
1.00119901
0.99904120
0.99703234
0.99504262
0.99318826
0.99144572
0.98970926
0.98800087
0.98644590
0.98489034
0.98331255
0.98176688
0.98040420
0.97908843
0.97788894
0.97675139
0.97568059
0.97468692
0.97370589
0.97290760
0.97215307
0.97145271
0.97079575
0.97016084
0.96956897
0.96899897
0.96847177
0.96789777
0.96783459
0.96763992
0.96744537
0.96725082
0.96710896
0.96697235
0.96683580
0.96669930
0.96655756
0.96644211
0.96634763
0.96624798
0.96615362
0.96605396
0.96596485
0.96589148
0.96577615
0.96565568
0.96554041
0.96548283
0.96546710
0.96545142
0.96543044
0.96542525
0.96542001
0.96541476
0.96540952
0.96539903
0.96538335
0.96533620
0.96528387
0.96519488
0.96510071
0.96504837
0.96500129
0.96500129
0.96501696
0.96510595
0.96522629
0.96542525
0.96568185
0.96620601
0.96689355
0.96768200
0.96868783
0.97000223
0.97161710
0.97353548
0.97615683
0.97929311
0.98345381
0.98979181
2.32095313
2.32098341
2.32098341
2.32101345
2.32104373
2.32104373
2.32107401
2.32107401
2.32110429
2.32110429
2.32113457
2.32116485
2.32116485
2.32119513
2.32119513
2.32122540
2.32122540
2.32125568
2.32128596
2.32128596
2.32131624
2.32131624
2.32134652
2.32134652
2.32137680
2.32140708
2.32140708
2.32143736
2.32143736
2.32146764
2.32146764
2.32149792
2.32152820
2.32152820
2.32155848
2.32155848
2.32158875
2.32158875
2.32161903
2.32164931
2.32164931
2.32167959
2.32167959
2.32170987
2.32170987
2.32174015
2.32177043
2.32177043
2.32180071
2.32180071
2.32183099
2.32183099
2.32186127
2.32189155
2.32189155
2.32192183
2.32192183
2.32195210
2.32195210
2.32198238
2.32201266
2.32201266
0.59225810
2.57564998
2.57564998
2.57564998
2.57564998
2.57564998
2.57564998
2.57564998
2.57564998
2.57564998
2.57564998
2.57564998
2.57564998
2.57564998
2.57564998
2.57564998
2.57564998
2.57564998
2.57564998
2.57564998
2.57564998
2.57564998
2.57564998
2.57564998
2.57564998
2.57564998
2.57564998
2.57564998
2.57564998
2.57564998
2.57564998
2.57564998
2.57564998
2.57564998
2.57564998
2.57564998
2.57564998
2.57564998
2.57564998
2.57564998
2.57564998
2.57564998
2.57564998
2.57564998
2.57564998
2.57564998
2.57564998
2.57564998
2.57564998
2.57564998
2.57564998
2.57564998
2.57564998
2.57564998
2.57564998
2.57564998
2.57564998
2.57564998
2.57564998
2.57564998
2.57564998
2.57564998
2.57564998
2.57564998
2.57564998
2.57564998
2.57564998
2.57564998
2.57564998
2.57564998
2.57564998
2.57564998
2.57564998
2.57564998
2.57564998
2.57564998
2.57564998
2.57564998
2.57564998
2.57564998
2.57564998
2.57564998
2.57564998
2.57564998
2.57564998
2.57564998
2.57564998
2.57564998
2.57564998
2.57564998
2.57564998
2.57564998
2.57564998
2.57564998
2.57564998
2.57564998
2.57564998
2.57564998
2.57564998
2.57564998
2.57564998
2.57564998
2.57564998
2.57564998
1.05137575
1.04009664
1.03294432
1.02732861
1.02285981
1.01893103
1.01547241
1.01250350
1.00966632
1.00714707
1.00480473
1.00272739
1.00071490
0.99873853
0.99700999
0.99528182
0.99355412
0.99203140
0.99044168
0.98885155
0.98735964
0.98593771
0.98454171
0.98318219
0.98189145
0.98077697
0.97975665
0.97885692
0.97797495
0.97716963
0.97638708
0.97565925
0.97497517
0.97436678
0.97387105
0.97337043
0.97291821
0.97243452
0.97225928
0.97206813
0.97187173
0.97167546
0.97153229
0.97139442
0.97125661
0.97111887
0.97097582
0.97083813
0.97070050
0.97055757
0.97046763
0.97038299
0.97028774
0.97016084
0.97007096
0.97004980
0.96998638
0.96991765
0.96988070
0.96984369
0.96980673
0.96979088
0.96975917
0.96972215
0.96969050
0.96966934
0.96965349
0.96959537
0.96954787
0.96947396
0.96939474
0.96933138
0.96927333
0.96924168
0.96925223
0.96932083
0.96955317
0.96979088
0.97031420
0.97087520
0.97162241
0.97258329
0.97371656
0.97529036
0.97707844
0.97958416
0.98260689
0.98688340
0.99328250
2.32489395
2.32489395
2.32492423
2.32492423
2.32495451
2.32498503
2.32498503
2.32501531
2.32501531
2.32504559
2.32504559
2.32507610
2.32510638
2.32510638
2.32513690
2.32513690
2.32516718
2.32516718
2.32519746
2.32522798
2.32522798
2.32525826
2.32525826
2.32528877
2.32528877
2.32531905
2.32534933
2.32534933
2.32537985
2.32537985
2.32541013
2.32541013
2.32544065
2.32547092
2.32547092
2.32550120
2.32550120
2.32553172
2.32553172
2.32556200
2.32559252
2.32559252
2.32562280
2.32562280
2.32565331
2.32565331
2.32568359
2.32571411
2.32571411
2.32574439
2.32574439
2.32577467
2.32580519
2.32580519
2.32583547
2.32583547
2.32586598
2.32586598
2.32589626
2.32592678
2.32592678
2.32595706
2.32595706
0.59185833
2.58005524
2.58005524
2.58005524
2.58005524
2.58005524
2.58005524
2.58005524
2.58005524
2.58005524
2.58005524
2.58005524
2.58005524
2.58005524
2.58005524
2.58005524
2.58005524
2.58005524
2.58005524
2.58005524
2.58005524
2.58005524
2.58005524
2.58005524
2.58005524
2.58005524
2.58005524
2.58005524
2.58005524
2.58005524
2.58005524
2.58005524
2.58005524
2.58005524
2.58005524
2.58005524
2.58005524
2.58005524
2.58005524
2.58005524
2.58005524
2.58005524
2.58005524
2.58005524
2.58005524
2.58005524
2.58005524
2.58005524
2.58005524
2.58005524
2.58005524
2.58005524
2.58005524
2.58005524
2.58005524
2.58005524
2.58005524
2.58005524
2.58005524
2.58005524
2.58005524
2.58005524
2.58005524
2.58005524
2.58005524
2.58005524
2.58005524
2.58005524
2.58005524
2.58005524
2.58005524
2.58005524
2.58005524
2.58005524
2.58005524
2.58005524
2.58005524
2.58005524
2.58005524
2.58005524
2.58005524
2.58005524
2.58005524
2.58005524
2.58005524
2.58005524
2.58005524
2.58005524
2.58005524
2.58005524
2.58005524
2.58005524
2.58005524
2.58005524
2.58005524
2.58005524
2.58005524
2.58005524
2.58005524
2.58005524
2.58005524
2.58005524
2.58005524
2.58005524
1.05649269
1.04421508
1.03677070
1.03117907
1.02653468
1.02261293
1.01909435
1.01611578
1.01329315
1.01080155
1.00846517
1.00644660
1.00443053
1.00260878
1.00088942
0.99914777
0.99763584
0.99608386
0.99453670
0.99311066
0.99171638
0.99024886
0.98878014
0.98756778
0.98636389
0.98527193
0.98422050
0.98326367
0.98242795
0.98172897
0.98108506
0.98045820
0.97988611
0.97932005
0.97880846
0.97830278
0.97785676
0.97745937
0.97752380
0.97730374
0.97708380
0.97686929
0.97672457
0.97657454
0.97642457
0.97627997
0.97613007
0.97598022
0.97587854
0.97579294
0.97570199
0.97561109
0.97552019
0.97540796
0.97527969
0.97515678
0.97506064
0.97496986
0.97488445
0.97479898
0.97473496
0.97467625
0.97460687
0.97453219
0.97446811
0.97442013
0.97437215
0.97430277
0.97424412
0.97418547
0.97412151
0.97406822
0.97405756
0.97405219
0.97414815
0.97425479
0.97444147
0.97493780
0.97546142
0.97620499
0.97693366
0.97823292
0.97955179
0.98151243
0.98373646
0.98685056
0.99134082
0.99942267
2.32650423
2.32653475
2.32653475
2.32656503
2.32659554
2.32659554
2.32662606
2.32662606
2.32665634
2.32665634
2.32668686
2.32671714
2.32671714
2.32674766
2.32674766
2.32677794
2.32677794
2.32680845
2.32683873
2.32683873
2.32686925
2.32686925
2.32689977
2.32689977
2.32693005
2.32696056
2.32696056
2.32699084
2.32699084
2.32702136
2.32702136
2.32705188
2.32708216
2.32708216
2.32711267
2.32711267
2.32714295
2.32714295
2.32717347
2.32720399
2.32720399
2.32723427
2.32723427
2.32726479
2.32729506
2.32729506
2.32732558
2.32732558
2.32735610
2.32735610
2.32738638
2.32741690
2.32741690
2.32744741
2.32744741
2.32747769
2.32747769
2.32750821
2.32753873
2.32753873
2.32756901
2.32756901
2.32759953
2.32759953
0.59166753
2.58443809
2.58443809
2.58443809
2.58443809
2.58443809
2.58443809
2.58443809
2.58443809
2.58443809
2.58443809
2.58443809
2.58443809
2.58443809
2.58443809
2.58443809
2.58443809
2.58443809
2.58443809
2.58443809
2.58443809
2.58443809
2.58443809
2.58443809
2.58443809
2.58443809
2.58443809
2.58443809
2.58443809
2.58443809
2.58443809
2.58443809
2.58443809
2.58443809
2.58443809
2.58443809
2.58443809
2.58443809
2.58443809
2.58443809
2.58443809
2.58443809
2.58443809
2.58443809
2.58443809
2.58443809
2.58443809
2.58443809
2.58443809
2.58443809
2.58443809
2.58443809
2.58443809
2.58443809
2.58443809
2.58443809
2.58443809
2.58443809
2.58443809
2.58443809
2.58443809
2.58443809
2.58443809
2.58443809
2.58443809
2.58443809
2.58443809
2.58443809
2.58443809
2.58443809
2.58443809
2.58443809
2.58443809
2.58443809
2.58443809
2.58443809
2.58443809
2.58443809
2.58443809
2.58443809
2.58443809
2.58443809
2.58443809
2.58443809
2.58443809
2.58443809
2.58443809
2.58443809
2.58443809
2.58443809
2.58443809
2.58443809
2.58443809
2.58443809
2.58443809
2.58443809
2.58443809
2.58443809
2.58443809
2.58443809
2.58443809
2.58443809
2.58443809
2.58443809
1.06238198
1.04851460
1.04079592
1.03504658
1.03030765
1.02637494
1.02278340
1.01970732
1.01698089
1.01447701
1.01223290
1.01019359
1.00819671
1.00649214
1.00479341
1.00321913
1.00175118
1.00023139
0.99888426
0.99753517
0.99611169
0.99482018
0.99354303
0.99228579
0.99104273
0.98999000
0.98912632
0.98828608
0.98753494
0.98680133
0.98617810
0.98575211
0.98535377
0.98497212
0.98461252
0.98427492
0.98394305
0.98360598
0.98351902
0.98330170
0.98307902
0.98285651
0.98271000
0.98256350
0.98241168
0.98229241
0.98221111
0.98213524
0.98205394
0.98197269
0.98189145
0.98181021
0.98172897
0.98155576
0.98135012
0.98119324
0.98105806
0.98091745
0.98076075
0.98060948
0.98048526
0.98036641
0.98023689
0.98010194
0.97999942
0.97989690
0.97979444
0.97969735
0.97962189
0.97954643
0.97949791
0.97945476
0.97949249
0.97955716
0.97958952
0.97984838
0.98022604
0.98068511
0.98146373
0.98230326
0.98335057
0.98485768
0.98670286
0.98925275
0.99273407
0.99824566
2.58443809
2.58443809
2.58443809
2.58443809
2.58443809
2.58443809
2.58443809
2.58443809
2.58443809
2.58443809
2.58443809
2.58443809
2.58443809
2.58443809
2.58443809
2.58443809
2.58443809
2.58443809
2.38013530
2.36357474
2.33765626
2.33762550
2.33765626
2.33768702
2.33771753
2.58443809
2.58443809
2.58443809
2.58443809
2.58443809
2.58443809
2.58443809
2.58443809
2.58443809
2.58443809
2.58443809
2.58443809
2.58443809
2.58443809
2.58443809
2.58443809
2.58443809
2.58443809
2.58443809
2.58443809
2.58443809
2.58443809
2.58443809
2.58443809
2.58443809
2.58443809
2.58443809
2.58443809
2.58443809
2.58443809
2.58443809
2.58443809
2.58443809
2.58443809
2.58443809
2.58443809
2.58443809
2.58443809
2.58443809
2.58443809
2.58443809
0.59168130
2.58883572
2.58883572
2.58883572
2.58883572
2.58883572
2.58883572
2.58883572
2.58883572
2.58883572
2.58883572
2.58883572
2.58883572
2.58883572
2.58883572
2.58883572
2.58883572
2.58883572
2.58883572
2.58883572
2.58883572
2.58883572
2.58883572
2.58883572
2.58883572
2.58883572
2.58883572
2.58883572
2.58883572
2.58883572
2.58883572
2.58883572
2.58883572
2.58883572
2.58883572
2.58883572
2.58883572
2.58883572
2.58883572
2.58883572
2.58883572
2.58883572
2.58883572
2.58883572
2.58883572
2.58883572
2.58883572
2.58883572
2.58883572
2.58883572
2.58883572
2.58883572
2.58883572
2.58883572
2.58883572
2.58883572
2.58883572
2.58883572
2.58883572
2.58883572
2.58883572
2.58883572
2.58883572
2.58883572
2.58883572
2.58883572
2.58883572
2.58883572
2.58883572
2.58883572
2.58883572
2.58883572
2.58883572
2.58883572
2.58883572
2.58883572
2.58883572
2.58883572
2.58883572
2.58883572
2.58883572
2.58883572
2.58883572
2.58883572
2.58883572
2.58883572
2.58883572
2.58883572
2.58883572
2.58883572
2.58883572
2.58883572
2.58883572
2.58883572
2.58883572
2.58883572
2.58883572
2.58883572
2.58883572
2.58883572
2.58883572
2.58883572
2.58883572
2.58883572
1.07153368
1.05314231
1.04500592
1.03914940
1.03410256
1.03015864
1.02650511
1.02340674
1.02071309
1.01817334
1.01599407
1.01395690
1.01206017
1.01040566
1.00869942
1.00733519
1.00587225
1.00457227
1.00329828
1.00199366
1.00083315
0.99966961
0.99840242
0.99730605
0.99629015
0.99527073
0.99436444
0.99373162
0.99322152
0.99275064
0.99230242
0.99188769
0.99174953
0.99164456
0.99152857
0.99144018
0.99140704
0.99155617
0.99177164
0.99150646
0.99124694
0.99098206
0.99083310
0.99067318
0.99051887
0.99035901
0.99019927
0.99003953
0.98992944
0.98985237
0.98978084
0.98970377
0.98957175
0.98921424
0.98906589
0.98886257
0.98863739
0.98841780
0.98814893
0.98788023
0.98763907
0.98741990
0.98720086
0.98697644
0.98676848
0.98658800
0.98640764
0.98623270
0.98611253
0.98600876
0.98594868
0.98592681
0.98587221
0.98588312
0.98632014
0.98662084
0.98706400
0.98780894
0.98876917
0.98989642
0.99154514
0.99370390
0.99672526
1.00183010
2.58883572
2.58883572
2.58883572
2.58883572
2.58883572
2.58883572
2.58883572
2.58883572
2.58883572
2.58883572
2.58883572
2.58883572
2.58883572
2.58883572
2.58883572
2.58883572
2.58883572
2.58883572
2.58883572
2.58883572
2.37956238
2.36602521
2.35775161
2.35323191
2.35444593
2.58883572
2.58883572
2.58883572
2.58883572
2.58883572
2.58883572
2.58883572
2.58883572
2.58883572
2.58883572
2.58883572
2.58883572
2.58883572
2.58883572
2.58883572
2.58883572
2.58883572
2.58883572
2.58883572
2.58883572
2.58883572
2.58883572
2.58883572
2.58883572
2.49408960
2.49489355
2.58883572
2.58883572
2.58883572
2.58883572
2.58883572
2.58883572
2.58883572
2.58883572
2.58883572
2.58883572
2.58883572
2.58883572
2.58883572
2.58883572
2.58883572
2.58883572
2.58883572
2.59328628
2.59328628
2.59328628
2.59328628
2.59328628
2.59328628
2.59328628
2.59328628
2.59328628
2.59328628
2.59328628
2.59328628
2.59328628
2.59328628
2.59328628
2.59328628
2.59328628
2.59328628
2.59328628
2.59328628
2.59328628
2.59328628
2.59328628
2.59328628
2.59328628
2.59328628
2.59328628
2.59328628
2.59328628
2.59328628
2.59328628
2.59328628
2.59328628
2.59328628
2.59328628
2.59328628
2.59328628
2.59328628
2.59328628
2.59328628
2.59328628
2.59328628
2.59328628
2.59328628
2.59328628
2.59328628
2.59328628
2.59328628
2.59328628
2.59328628
2.59328628
2.59328628
2.59328628
2.59328628
2.59328628
2.59328628
2.59328628
2.59328628
2.59328628
2.59328628
2.59328628
2.59328628
2.59328628
2.59328628
2.59328628
2.59328628
2.59328628
2.59328628
2.59328628
2.59328628
2.59328628
2.59328628
2.59328628
2.59328628
2.59328628
2.59328628
2.59328628
2.59328628
2.59328628
2.59328628
2.59328628
2.59328628
2.59328628
2.59328628
2.59328628
2.59328628
2.59328628
2.59328628
2.59328628
2.59328628
2.59328628
2.59328628
2.59328628
2.59328628
2.59328628
2.59328628
2.59328628
2.59328628
2.59328628
2.59328628
2.59328628
2.59328628
2.59328628
2.59328628
2.59328628
1.05781114
1.04928720
1.04302192
1.03798592
1.03386223
1.03033161
1.02713895
1.02443743
1.02191436
1.01976573
1.01771343
1.01594186
1.01428044
1.01277423
1.01139891
1.01007318
1.00891674
1.00776291
1.00668573
1.00570738
1.00457227
1.00375092
1.00272739
1.00179064
1.00110328
1.00047874
0.99992794
0.99968088
0.99952370
0.99945074
0.99960226
0.99995601
1.00030446
1.00099635
1.00189209
1.00281787
1.00455523
1.00488412
1.00451553
1.00414157
1.00377357
1.00368297
1.00359237
1.00350189
1.00341141
1.00332093
1.00323045
1.00313997
1.00304949
1.00295913
1.00284040
1.00263703
1.00234914
1.00198233
1.00135112
1.00072062
1.00006843
0.99920386
0.99846405
0.99774766
0.99722224
0.99679780
0.99640727
0.99602252
0.99563813
0.99529856
0.99498141
0.99476457
0.99459779
0.99438113
0.99457002
0.99445891
0.99463117
0.99498141
0.99564368
0.99638492
0.99746251
0.99907488
1.00139618
1.00557101
2.45416689
2.45173311
2.44930410
2.44701433
2.44469547
2.44234753
2.44000411
2.43779850
2.43556380
2.43329978
2.43103981
2.42881751
2.42676449
2.42464876
2.42256999
2.42046165
2.41855431
2.41701078
2.41537094
2.41252279
2.40857291
2.40100312
2.38783002
2.37708378
2.36775613
2.36081600
2.35700226
2.35931420
2.37686157
2.40964890
2.41432261
2.41645288
2.41815996
2.42049456
2.42293262
2.42540884
2.42782354
2.43040919
2.43310022
2.43576360
2.43836617
2.44114161
2.44395709
2.44671178
2.44950628
2.45247626
2.45535159
2.45843768
2.46142912
2.46453047
2.46757102
2.47072196
2.47388124
2.47715187
2.48070765
2.59328628
2.59328628
2.59328628
2.59328628
2.59328628
2.59328628
2.59328628
2.59328628
2.59328628
2.59328628
2.59328628
2.59328628
2.59328628
2.59328628
2.59328628
2.59328628
2.59771419
2.59771419
2.59771419
2.59771419
2.59771419
2.59771419
2.59771419
2.59771419
2.59771419
2.59771419
2.59771419
2.59771419
2.59771419
2.59771419
2.59771419
2.59771419
2.59771419
2.59771419
2.59771419
2.59771419
2.59771419
2.59771419
2.59771419
2.59771419
2.59771419
2.59771419
2.59771419
2.59771419
2.59771419
2.59771419
2.59771419
2.59771419
2.59771419
2.59771419
2.59771419
2.59771419
2.59771419
2.59771419
2.59771419
2.59771419
2.59771419
2.59771419
2.59771419
2.59771419
2.59771419
2.59771419
2.59771419
2.59771419
2.59771419
2.59771419
2.59771419
2.59771419
2.59771419
2.59771419
2.59771419
2.59771419
2.59771419
2.59771419
2.59771419
2.59771419
2.59771419
2.59771419
2.59771419
2.59771419
2.59771419
2.59771419
2.59771419
2.59771419
2.59771419
2.59771419
2.59771419
2.59771419
2.59771419
2.59771419
2.59771419
2.59771419
2.59771419
2.59771419
2.59771419
2.59771419
2.59771419
2.59771419
2.59771419
2.59771419
2.59771419
2.59771419
2.59771419
2.59771419
2.59771419
2.59771419
2.59771419
2.59771419
2.59771419
2.59771419
2.59771419
2.59771419
2.59771419
2.59771419
2.59771419
2.59771419
2.59771419
2.59771419
2.59771419
2.59771419
2.59771419
1.06283236
1.05362856
1.04709601
1.04193521
1.03771365
1.03413856
1.03088057
1.02820086
1.02562380
1.02352440
1.02146864
1.01978326
1.01814425
1.01676011
1.01547241
1.01429200
1.01328731
1.01223862
1.01146209
1.01049173
1.00991273
1.00909400
1.00859082
1.00802541
1.00747204
1.00725532
1.00707304
1.00727248
1.00762022
1.00829375
1.00939155
1.01103127
1.01383555
1.02321839
1.07974946
1.09313715
2.59771419
2.59771419
2.59771419
2.59771419
2.59771419
2.59771419
2.59771419
2.59771419
2.59771419
2.59771419
2.59771419
2.59771419
2.59771419
2.59771419
2.59771419
2.59771419
2.59771419
2.59771419
2.59771419
2.59771419
2.59771419
2.59771419
2.59771419
2.59771419
2.59771419
2.59771419
2.59771419
2.59771419
2.59771419
2.59771419
2.59771419
2.59771419
2.59771419
2.59771419
1.01166332
1.01307392
2.59771419
2.59771419
2.59771419
2.59771419
2.59771419
2.59771419
2.59771419
2.45663929
2.45355797
2.45051789
2.44748545
2.44389009
2.44104123
2.43819928
2.43543029
2.43266773
2.42997789
2.42726088
2.42454982
2.42191076
2.41931033
2.41668248
2.41409326
2.41154242
2.40906191
2.40655398
2.40405130
2.39938498
2.38853478
2.38271594
2.37759185
2.37302756
2.36841774
2.36316681
2.36087871
2.36322951
2.37113094
2.37778234
2.38642144
2.40366173
2.40687943
2.40990996
2.41298079
2.41619062
2.41940880
2.42260289
2.42590451
2.42924833
2.43263459
2.43606377
2.43950248
2.44308496
2.44762015
2.45146298
2.45531774
2.59771419
2.59771419
2.59771419
2.59771419
2.59771419
2.59771419
2.59771419
2.59771419
2.59771419
2.59771419
2.59771419
2.59771419
2.59771419
2.59771419
2.59771419
2.59771419
2.59771419
2.59771419
2.59771419
2.59771419
2.59771419
2.59771419
2.59771419
2.59771419
2.60215735
2.60215735
2.60215735
2.60215735
2.60215735
2.60215735
2.60215735
2.60215735
2.60215735
2.60215735
2.60215735
2.60215735
2.60215735
2.60215735
2.60215735
2.60215735
2.60215735
2.60215735
2.60215735
2.60215735
2.60215735
2.60215735
2.60215735
2.60215735
2.60215735
2.60215735
2.60215735
2.60215735
2.60215735
2.60215735
2.60215735
2.60215735
2.60215735
2.60215735
2.60215735
2.60215735
2.60215735
2.60215735
2.60215735
2.60215735
2.60215735
2.60215735
2.60215735
2.60215735
2.60215735
2.60215735
2.60215735
2.60215735
2.60215735
2.60215735
2.60215735
2.60215735
2.60215735
2.60215735
2.60215735
2.60215735
2.60215735
2.60215735
2.60215735
2.60215735
2.60215735
2.60215735
2.60215735
2.60215735
2.60215735
2.60215735
2.60215735
2.60215735
2.60215735
2.60215735
2.60215735
2.60215735
2.60215735
2.60215735
2.60215735
2.60215735
2.60215735
2.60215735
2.60215735
2.60215735
2.60215735
2.60215735
2.60215735
2.60215735
2.60215735
2.60215735
2.60215735
2.60215735
2.60215735
2.60215735
2.60215735
2.60215735
2.60215735
2.60215735
2.60215735
2.60215735
2.60215735
2.60215735
2.60215735
2.60215735
2.60215735
2.60215735
2.60215735
2.60215735
2.60215735
1.06798482
1.05806899
1.05127645
1.04589629
1.04163039
1.03791940
1.03466153
1.03196824
1.02936041
1.02728117
1.02522218
1.02360678
1.02197886
1.02073061
1.01945043
1.01851130
1.01750982
1.01682973
1.01607525
1.01563466
1.01509595
1.01489925
1.01468515
1.01467931
1.01471412
1.01488769
1.01500332
1.01586068
1.01703310
1.01907098
1.02210796
1.02890813
1.04810095
1.06685829
1.08024740
1.09274125
2.50631022
2.50631022
2.50631022
2.50631022
2.50631022
2.50631022
2.50631022
2.50631022
2.50631022
2.50631022
2.50631022
2.50631022
2.50631022
2.50631022
2.50631022
2.50631022
2.50631022
2.50631022
2.50631022
2.50631022
2.50631022
2.50631022
2.50631022
2.50631022
2.50631022
2.50631022
2.50631022
2.50631022
2.50631022
2.50631022
2.50631022
2.50631022
2.50631022
2.50631022
2.50631022
2.50631022
2.50631022
2.50631022
2.50631022
2.50631022
2.50631022
2.50631022
2.50631022
2.50631022
2.50631022
2.50631022
2.50631022
2.50631022
2.50631022
2.50631022
2.50631022
2.50631022
2.50631022
2.50631022
2.50631022
2.42478108
2.42164707
2.41875148
2.41586256
2.41298079
2.40958357
2.40671659
2.37258482
2.36829162
2.36712646
2.36693764
2.36646557
2.36574221
2.36511350
2.36473656
2.36492491
2.36479926
2.36533356
2.36593080
2.36671734
2.36709499
2.36737823
2.36952114
2.41507602
2.41871858
2.42240500
2.50631022
2.50631022
2.50631022
2.50631022
2.50631022
2.50631022
2.50631022
2.50631022
2.50631022
2.50631022
2.50631022
2.50631022
2.50631022
2.50631022
2.50631022
2.50631022
2.50631022
2.50631022
2.50631022
2.50631022
2.50631022
2.50631022
2.50631022
2.50631022
2.50631022
2.50631022
2.50631022
2.50631022
2.50631022
2.50631022
2.50631022
2.50631022
2.50631022
2.50631022
2.60665369
2.60665369
2.60665369
2.60665369
2.60665369
2.60665369
2.60665369
2.60665369
2.60665369
2.60665369
2.60665369
2.60665369
2.60665369
2.60665369
2.60665369
2.60665369
2.60665369
2.60665369
2.60665369
2.60665369
2.60665369
2.60665369
2.60665369
2.60665369
2.60665369
2.60665369
2.60665369
2.60665369
2.60665369
2.60665369
2.60665369
2.60665369
2.60665369
2.60665369
2.60665369
2.60665369
2.60665369
2.60665369
2.60665369
2.60665369
2.60665369
2.60665369
2.60665369
2.60665369
2.60665369
2.60665369
2.60665369
2.60665369
2.60665369
2.60665369
2.60665369
2.60665369
2.60665369
2.60665369
2.60665369
2.60665369
2.60665369
2.60665369
2.60665369
2.60665369
2.60665369
2.60665369
2.60665369
2.60665369
2.60665369
2.60665369
2.60665369
2.60665369
2.60665369
2.60665369
2.60665369
2.60665369
2.60665369
2.60665369
2.60665369
2.60665369
2.60665369
2.60665369
2.60665369
2.60665369
2.60665369
2.60665369
2.60665369
2.60665369
2.60665369
2.60665369
2.60665369
2.60665369
2.60665369
2.60665369
2.60665369
2.60665369
2.60665369
2.60665369
2.60665369
2.60665369
2.60665369
2.60665369
2.60665369
2.60665369
2.60665369
2.60665369
2.60665369
2.60665369
2.60665369
1.07400990
1.06258500
1.05544031
1.04989982
1.04553378
1.04177666
1.03842199
1.03569698
1.03310025
1.03101790
1.02900338
1.02740574
1.02583659
1.02464378
1.02345967
1.02261293
1.02179110
1.02125180
1.02078915
1.02055502
1.02053750
1.02061355
1.02096486
1.02137494
1.02185571
1.02231932
1.02333605
1.02470279
1.02712703
1.03048062
1.03590798
1.04487705
1.05767286
1.07017434
1.08141565
1.09254003
1.10609066
2.48274899
2.48274899
2.48274899
2.48274899
2.48274899
2.48274899
2.48274899
2.48274899
2.48274899
2.48274899
2.48274899
2.48274899
2.48274899
2.48274899
2.48274899
2.48274899
2.48274899
2.48274899
2.48274899
2.48274899
2.48274899
2.48274899
2.48274899
2.48274899
2.48274899
2.48274899
2.48274899
2.48274899
2.48274899
2.48274899
2.48274899
2.48274899
2.48274899
2.48274899
2.48274899
2.48274899
2.48274899
2.48274899
2.48274899
2.48274899
2.48274899
2.48274899
2.48274899
2.48274899
2.48274899
2.48274899
2.48274899
2.48274899
2.48274899
2.48274899
2.48274899
2.48274899
2.48274899
2.48274899
2.48274899
2.48274899
2.48274899
2.48274899
2.35519361
2.35316968
2.35295200
2.35363650
2.35497546
2.35690880
2.35897017
2.36059690
2.36257076
2.36492491
2.36766171
2.36907959
2.36693764
2.36473656
2.36272764
2.36097264
2.35950184
2.35784531
2.35609746
2.35460162
2.35341859
2.35292101
2.35341859
2.35825133
2.48274899
2.48274899
2.48274899
2.48274899
2.48274899
2.48274899
2.48274899
2.48274899
2.48274899
2.48274899
2.48274899
2.48274899
2.48274899
2.48274899
2.48274899
2.48274899
2.48274899
2.48274899
2.48274899
2.48274899
2.48274899
2.48274899
2.48274899
2.48274899
2.48274899
2.48274899
2.48274899
2.48274899
2.48274899
2.48274899
2.48274899
2.48274899
2.61112738
2.61112738
2.61112738
2.61112738
2.61112738
2.61112738
2.61112738
2.61112738
2.61112738
2.61112738
2.61112738
2.61112738
2.61112738
2.61112738
2.61112738
2.61112738
2.61112738
2.61112738
2.61112738
2.61112738
2.61112738
2.61112738
2.61112738
2.61112738
2.61112738
2.61112738
2.61112738
2.61112738
2.61112738
2.61112738
2.61112738
2.61112738
2.61112738
2.61112738
2.61112738
2.61112738
2.61112738
2.61112738
2.61112738
2.61112738
2.61112738
2.61112738
2.61112738
2.61112738
2.61112738
2.61112738
2.61112738
2.61112738
2.61112738
2.61112738
2.61112738
2.61112738
2.61112738
2.61112738
2.61112738
2.61112738
2.61112738
2.61112738
2.61112738
2.61112738
2.61112738
2.61112738
2.61112738
2.61112738
2.61112738
2.61112738
2.61112738
2.61112738
2.61112738
2.61112738
2.61112738
2.61112738
2.61112738
2.61112738
2.61112738
2.61112738
2.61112738
2.61112738
2.61112738
2.61112738
2.61112738
2.61112738
2.61112738
2.61112738
2.61112738
2.61112738
2.61112738
2.61112738
2.61112738
2.61112738
2.61112738
2.61112738
2.61112738
2.61112738
2.61112738
2.61112738
2.61112738
2.61112738
2.61112738
2.61112738
2.61112738
2.61112738
2.61112738
2.61112738
2.61112738
1.08043098
1.06719089
1.05969405
1.05397797
1.04947889
1.04557061
1.04220974
1.03938603
1.03685534
1.03474569
1.03275859
1.03114927
1.02965212
1.02848017
1.02741158
1.02664125
1.02596676
1.02558243
1.02536392
1.02534616
1.02575386
1.02629793
1.02696705
1.02789223
1.02881300
1.03008115
1.03135836
1.03329217
1.03636634
1.04032755
1.04609907
1.05379701
1.06316245
1.07298052
1.08287609
1.09258699
1.10432029
2.45962644
2.45962644
2.45962644
2.45962644
2.45962644
2.45962644
2.45962644
2.45962644
2.45962644
2.45962644
2.45962644
2.45962644
2.45962644
2.45962644
2.45962644
2.45962644
2.45962644
2.45962644
2.45962644
2.45962644
2.45962644
2.45962644
2.45962644
2.45962644
2.45962644
2.45962644
2.45962644
2.45962644
2.45962644
2.45962644
2.45962644
2.45962644
2.45962644
2.45962644
2.45962644
2.45962644
2.45962644
2.45962644
2.45962644
2.45962644
2.45962644
2.45962644
2.45962644
2.45962644
2.45962644
2.45962644
2.45962644
2.45962644
2.45962644
2.45962644
2.45962644
2.45962644
2.45962644
2.45962644
2.34328771
2.33974576
2.33870053
2.33900785
2.34014559
2.34190059
2.34415197
2.34684062
2.34987688
2.35335636
2.35700226
2.36069083
2.36523914
2.36917424
2.45962644
2.45962644
2.37103629
2.36791372
2.36492491
2.36137986
2.35843873
2.35559869
2.35270309
2.34993887
2.34745955
2.34510922
2.34307194
2.34134603
2.33999181
2.33906937
2.33897710
2.34060717
2.45962644
2.45962644
2.45962644
2.45962644
2.45962644
2.45962644
2.45962644
2.45962644
2.45962644
2.45962644
2.45962644
2.45962644
2.45962644
2.45962644
2.45962644
2.45962644
2.45962644
2.45962644
2.45962644
2.45962644
2.45962644
2.45962644
2.45962644
2.45962644
2.45962644
2.45962644
2.45962644
2.45962644
2.61561656
2.61561656
2.61561656
2.61561656
2.61561656
2.61561656
2.61561656
2.61561656
2.61561656
2.61561656
2.61561656
2.61561656
2.61561656
2.61561656
2.61561656
2.61561656
2.61561656
2.61561656
2.61561656
2.61561656
2.61561656
2.61561656
2.61561656
2.61561656
2.61561656
2.61561656
2.61561656
2.61561656
2.61561656
2.61561656
2.61561656
2.61561656
2.61561656
2.61561656
2.61561656
2.61561656
2.61561656
2.61561656
2.61561656
2.61561656
2.61561656
2.61561656
2.61561656
2.61561656
2.61561656
2.61561656
2.61561656
2.61561656
2.61561656
2.61561656
2.61561656
2.61561656
2.61561656
2.61561656
2.61561656
2.61561656
2.61561656
2.61561656
2.61561656
2.61561656
2.61561656
2.61561656
2.61561656
2.61561656
2.61561656
2.61561656
2.61561656
2.61561656
2.61561656
2.61561656
2.61561656
2.61561656
2.61561656
2.61561656
2.61561656
2.61561656
2.61561656
2.61561656
2.61561656
2.61561656
2.61561656
2.61561656
2.61561656
2.61561656
2.61561656
2.61561656
2.61561656
2.61561656
2.61561656
2.61561656
2.61561656
2.61561656
2.61561656
2.61561656
2.61561656
2.61561656
2.61561656
2.61561656
2.61561656
2.61561656
2.61561656
2.61561656
2.61561656
2.61561656
2.61561656
1.08851135
1.07208872
1.06396961
1.05810666
1.05342281
1.04946041
1.04599452
1.04317474
1.04054046
1.03842795
1.03646290
1.03486609
1.03343010
1.03228545
1.03131056
1.03056419
1.03008115
1.02971172
1.02982485
1.03000367
1.03071940
1.03168118
1.03276455
1.03385031
1.03512478
1.03690970
1.03863394
1.04102123
1.04422736
1.04808855
1.05322957
1.05968142
1.06729972
1.07559335
1.08404338
1.09315062
1.10330033
2.43693089
2.43693089
2.43693089
2.43693089
2.43693089
2.43693089
2.43693089
2.43693089
2.43693089
2.43693089
2.43693089
2.43693089
2.43693089
2.43693089
2.43693089
2.43693089
2.43693089
2.43693089
2.43693089
2.43693089
2.43693089
2.43693089
2.43693089
2.43693089
2.43693089
2.43693089
2.43693089
2.43693089
2.43693089
2.43693089
2.43693089
2.43693089
2.43693089
2.43693089
2.43693089
2.43693089
2.43693089
2.43693089
2.43693089
2.43693089
2.43693089
2.43693089
2.43693089
2.43693089
2.43693089
2.43693089
2.43693089
2.43693089
2.43693089
2.43693089
2.43693089
2.32714295
2.32531905
2.32492423
2.32559252
2.32711267
2.32921362
2.33183789
2.33489656
2.33830118
2.34208536
2.34727383
2.35208154
2.42706227
2.42706227
2.43034291
2.43103981
2.42924833
2.42706227
2.42706227
2.43693089
2.43693089
2.43693089
2.43693089
2.43693089
2.43693089
2.43693089
2.35161543
2.34804797
2.34405923
2.34088421
2.33799410
2.33532548
2.33275461
2.33046412
2.32845211
2.32680845
2.32559252
2.32507610
2.32565331
2.32896996
2.43693089
2.43693089
2.43693089
2.43693089
2.43693089
2.43693089
2.43693089
2.43693089
2.43693089
2.43693089
2.43693089
2.43693089
2.43693089
2.43693089
2.43693089
2.43693089
2.43693089
2.43693089
2.43693089
2.43693089
2.43693089
2.43693089
2.43693089
2.62015963
2.62015963
2.62015963
2.62015963
2.62015963
2.62015963
2.62015963
2.62015963
2.62015963
2.62015963
2.62015963
2.62015963
2.62015963
2.62015963
2.62015963
2.62015963
2.62012124
2.62012124
2.62012124
2.62012124
2.62012124
2.62012124
2.62012124
2.62012124
2.62012124
2.62012124
2.62012124
2.62012124
2.62012124
2.62012124
2.62012124
2.62012124
2.62012124
2.62012124
2.62012124
2.62012124
2.62012124
2.62012124
2.62012124
2.62012124
2.62012124
2.62012124
2.62012124
2.62012124
2.62012124
2.62012124
2.62012124
2.62012124
2.62012124
2.62012124
2.62012124
2.62012124
2.62012124
2.62012124
2.62012124
2.62012124
2.62012124
2.62012124
2.62012124
2.62012124
2.62012124
2.62012124
2.62012124
2.62012124
2.62012124
2.62012124
2.62012124
2.62012124
2.62012124
2.62012124
2.62012124
2.62012124
2.62012124
2.62012124
2.62012124
2.62012124
2.62012124
2.62012124
2.62012124
2.62012124
2.62012124
2.62012124
2.62012124
2.62012124
2.62012124
2.62012124
2.62012124
2.62012124
2.62012124
2.62012124
2.62012124
2.62012124
2.62012124
2.62012124
2.62012124
2.62012124
2.62012124
2.62012124
2.62012124
2.62012124
2.62012124
2.62012124
2.62012124
2.62012124
2.62012124
2.62012124
1.07725978
1.06844640
1.06229329
1.05740905
1.05334175
1.04978836
1.04686201
1.04426408
1.04204500
1.04014528
1.03852487
1.03711510
1.03597426
1.03507674
1.03439093
1.03400648
1.03377819
1.03401244
1.03458333
1.03539574
1.03663194
1.03794360
1.03930712
1.04100287
1.04263711
1.04489553
1.04739785
1.05048227
1.05422139
1.05888724
1.06444681
1.07081819
1.07801652
1.08539844
1.09371471
1.10314989
1.12002397
2.41464996
2.41464996
2.41464996
2.41464996
2.41464996
2.41464996
2.41464996
2.41464996
2.41464996
2.41464996
2.41464996
2.41464996
2.41464996
2.41464996
2.41464996
2.41464996
2.41464996
2.41464996
2.41464996
2.41464996
2.41464996
2.41464996
2.41464996
2.41464996
2.41464996
2.41464996
2.41464996
2.41464996
2.41464996
2.41464996
2.41464996
2.41464996
2.41464996
2.41464996
2.41464996
2.41464996
2.41464996
2.41464996
2.41464996
2.41464996
2.41464996
2.41464996
2.41464996
2.41464996
2.41464996
2.41464996
2.31533790
2.31242013
2.31124926
2.31133938
2.31254029
2.31449485
2.31696534
2.31998515
2.32340693
2.32744741
2.33290744
2.41464996
2.41464996
2.41464996
2.41464996
2.40772581
2.40486336
2.41464996
2.41464996
2.41464996
2.41464996
2.41464996
2.41464996
2.40486336
2.40486336
2.41464996
2.41464996
2.41464996
2.41464996
2.41464996
2.41464996
2.41464996
2.41464996
2.41464996
2.41464996
2.41464996
2.33397818
2.33046412
2.32647395
2.32346749
2.32074118
2.31820250
2.31594038
2.31404352
2.31245017
2.31145930
2.31154943
2.31314135
2.41464996
2.41464996
2.41464996
2.41464996
2.41464996
2.41464996
2.41464996
2.41464996
2.41464996
2.41464996
2.41464996
2.41464996
2.41464996
2.41464996
2.41464996
2.41464996
2.41464996
2.41464996
2.41464996
2.62468004
2.62468004
2.62468004
2.62468004
2.62468004
2.62468004
2.62468004
2.62468004
2.62468004
2.62468004
2.62468004
2.62468004
2.62468004
2.62468004
2.62468004
2.62468004
2.62468004
2.62468004
2.62468004
2.62468004
2.62468004
2.62468004
2.62468004
2.62468004
2.62468004
2.62468004
2.62468004
2.62468004
2.62468004
2.62468004
2.62468004
2.62468004
2.62468004
2.62468004
2.62468004
2.62468004
2.62468004
2.62468004
2.62468004
2.62468004
2.62468004
2.62468004
2.62468004
2.62468004
2.62468004
2.62468004
2.62468004
2.62468004
2.62468004
2.62468004
2.62468004
2.62468004
2.62468004
2.62468004
2.62468004
2.62468004
2.62468004
2.62468004
2.62468004
2.62468004
2.62468004
2.62468004
2.62468004
2.62468004
2.62468004
2.62468004
2.62468004
2.62468004
2.62468004
2.62468004
2.62468004
2.62468004
2.62468004
2.62468004
2.62468004
2.62468004
2.62468004
2.62468004
2.62468004
2.62468004
2.62468004
2.62468004
2.62468004
2.62468004
2.62468004
2.62468004
2.62468004
2.62468004
2.62468004
2.62468004
2.62468004
2.62468004
2.62468004
2.62468004
2.62468004
2.62468004
2.62468004
2.62468004
2.62468004
2.62468004
2.62468004
2.62468004
2.62468004
2.62468004
2.62468004
2.62468004
1.08262587
1.07309043
1.06648755
1.06140649
1.05722690
1.05359113
1.05061865
1.04791582
1.04575491
1.04378033
1.04216099
1.04077768
1.03964102
1.03878558
1.03809488
1.03783464
1.03765321
1.03805256
1.03862798
1.03979886
1.04129529
1.04262483
1.04424572
1.04607451
1.04781091
1.05019724
1.05281222
1.05575323
1.05931568
1.06355000
1.06845927
1.07401633
1.08025396
1.08716846
1.09453523
1.10302687
1.11504960
2.39277315
2.39277315
2.39277315
2.39277315
2.39277315
2.39277315
2.39277315
2.39277315
2.39277315
2.39277315
2.39277315
2.39277315
2.39277315
2.39277315
2.39277315
2.39277315
2.39277315
2.39277315
2.39277315
2.39277315
2.39277315
2.39277315
2.39277315
2.39277315
2.39277315
2.39277315
2.39277315
2.39277315
2.39277315
2.39277315
2.39277315
2.39277315
2.39277315
2.39277315
2.39277315
2.39277315
2.39277315
2.39277315
2.39277315
2.39277315
2.39277315
2.39277315
2.39277315
2.30005002
2.29829788
2.29755616
2.29817915
2.29987168
2.30222154
2.30517316
2.30867124
2.31386304
2.31883669
2.39277315
2.39277315
2.39277315
2.39277315
2.39277315
2.39277315
2.39277315
2.39277315
2.39277315
2.39277315
2.38888741
2.38399243
2.38309860
2.38309860
2.38309860
2.38309860
2.38619757
2.39277315
2.39277315
2.39277315
2.39277315
2.39277315
2.39277315
2.39277315
2.39277315
2.39277315
2.39277315
2.39277315
2.39277315
2.39277315
2.39277315
2.39277315
2.39277315
2.39277315
2.39277315
2.31648278
2.31302118
2.30915046
2.30633807
2.30380082
2.30159640
2.29972315
2.29829788
2.29782319
2.29871345
2.30120969
2.39277315
2.39277315
2.39277315
2.39277315
2.39277315
2.39277315
2.39277315
2.39277315
2.39277315
2.39277315
2.39277315
2.39277315
2.39277315
2.39277315
2.62921596
2.62921596
2.62921596
2.62921596
2.62921596
2.62921596
2.62921596
2.62921596
2.62921596
2.62921596
2.62921596
2.62921596
2.62921596
2.62921596
2.62921596
2.62921596
2.62921596
2.62921596
2.62921596
2.62921596
2.62921596
2.62921596
2.62921596
2.62921596
2.62921596
2.62921596
2.62921596
2.62921596
2.62921596
2.62921596
2.62921596
2.62921596
2.62921596
2.62921596
2.62921596
2.62921596
2.62921596
2.62921596
2.62921596
2.62921596
2.62921596
2.62921596
2.62921596
2.62921596
2.62921596
2.62921596
2.62921596
2.62921596
2.62921596
2.62921596
2.62921596
2.62921596
2.62921596
2.62921596
2.62921596
2.62921596
2.62921596
2.62921596
2.62921596
2.62921596
2.62921596
2.62921596
2.62921596
2.62921596
2.62921596
2.62921596
2.62921596
2.62921596
2.62921596
2.62921596
2.62921596
2.62921596
2.62921596
2.62921596
2.62921596
2.62921596
2.62921596
2.62921596
2.62921596
2.62921596
2.62921596
2.62921596
2.62921596
2.62921596
2.62921596
2.62921596
2.62921596
2.62921596
2.62921596
2.62921596
2.62921596
2.62921596
2.62921596
2.62921596
2.62921596
2.62921596
2.62921596
2.62921596
2.62921596
2.62921596
2.62921596
2.62921596
2.62921596
2.62921596
2.62921596
2.62921596
1.08807886
1.07770324
1.07079244
1.06542158
1.06101418
1.05734622
1.05434000
1.05159938
1.04931808
1.04735470
1.04568732
1.04431307
1.04320538
1.04238677
1.04174006
1.04152071
1.04145968
1.04182541
1.04272866
1.04386604
1.04529428
1.04696667
1.04875553
1.05038929
1.05243254
1.05480230
1.05739641
1.06021166
1.06361353
1.06753016
1.07198536
1.07695997
1.08275092
1.08879101
1.09559965
1.10334826
1.11391222
2.37128878
2.37128878
2.37128878
2.37128878
2.37128878
2.37128878
2.37128878
2.37128878
2.37128878
2.37128878
2.37128878
2.37128878
2.37128878
2.37128878
2.37128878
2.37128878
2.37128878
2.37128878
2.37128878
2.37128878
2.37128878
2.37128878
2.37128878
2.37128878
2.37128878
2.37128878
2.37128878
2.37128878
2.37128878
2.37128878
2.37128878
2.37128878
2.37128878
2.37128878
2.37128878
2.37128878
2.37128878
2.37128878
2.37128878
2.28798795
2.28575492
2.28443503
2.28411245
2.28546143
2.28763509
2.29057884
2.29438758
2.29972315
2.37128878
2.37128878
2.37128878
2.37128878
2.37128878
2.37128878
2.37128878
2.37128878
2.37128878
2.37128878
2.37128878
2.37128878
2.37128878
2.37128878
2.37128878
2.37128878
2.37128878
2.37128878
2.37128878
2.37128878
2.37128878
2.37128878
2.37128878
2.37128878
2.37128878
2.37128878
2.37128878
2.37128878
2.37128878
2.37128878
2.37128878
2.37128878
2.37128878
2.37128878
2.37128878
2.37128878
2.37128878
2.37128878
2.37128878
2.37128878
2.37128878
2.37128878
2.37128878
2.37128878
2.37128878
2.37128878
2.29921818
2.29536390
2.29211259
2.28954768
2.28731179
2.28554964
2.28440571
2.28475761
2.28634214
2.37128878
2.37128878
2.37128878
2.37128878
2.37128878
2.37128878
2.37128878
2.37128878
2.37128878
2.37128878
2.63376737
2.63376737
2.63376737
2.63376737
2.63376737
2.63376737
2.63376737
2.63376737
2.63376737
2.63376737
2.63376737
2.63376737
2.63376737
2.63376737
2.63376737
2.63376737
2.63376737
2.63376737
2.63376737
2.63376737
2.63376737
2.63376737
2.63376737
2.63376737
2.63376737
2.63376737
2.63376737
2.63376737
2.63376737
2.63376737
2.63376737
2.63376737
2.63376737
2.63376737
2.63376737
2.63376737
2.63376737
2.63376737
2.63376737
2.63376737
2.63376737
2.63376737
2.63376737
2.63376737
2.63376737
2.63376737
2.63376737
2.63376737
2.63376737
2.63376737
2.63376737
2.63376737
2.63376737
2.63376737
2.63376737
2.63376737
2.63376737
2.63376737
2.63376737
2.63376737
2.63376737
2.63376737
2.63376737
2.63376737
2.63376737
2.63376737
2.63376737
2.63376737
2.63376737
2.63376737
2.63376737
2.63376737
2.63376737
2.63376737
2.63376737
2.63376737
2.63376737
2.63376737
2.63376737
2.63376737
2.63376737
2.63376737
2.63376737
2.63376737
2.63376737
2.63376737
2.63376737
2.63376737
2.63376737
2.63376737
2.63376737
2.63376737
2.63376737
2.63376737
2.63376737
2.63376737
2.63376737
2.63376737
2.63376737
2.63376737
2.63376737
2.63376737
2.63376737
2.63376737
2.63376737
2.63376737
1.09427953
1.08235598
1.07508016
1.06947994
1.06490529
1.06112802
1.05803752
1.05517757
1.05297410
1.05089784
1.04918206
1.04779863
1.04672647
1.04592085
1.04524517
1.04507339
1.04504883
1.04550922
1.04638815
1.04766905
1.04931808
1.05086684
1.05256939
1.05445242
1.05653656
1.05903208
1.06148875
1.06410944
1.06737006
1.07105005
1.07515812
1.07969701
1.08469069
1.09041178
1.09666610
1.10390246
1.11312509
2.35021806
2.35021806
2.35021806
2.35021806
2.35021806
2.35021806
2.35021806
2.35021806
2.35021806
2.35021806
2.35021806
2.35021806
2.35021806
2.35021806
2.35021806
2.35021806
2.35021806
2.35021806
2.35021806
2.35021806
2.35021806
2.35021806
2.35021806
2.35021806
2.35021806
2.35021806
2.35021806
2.35021806
2.35021806
2.35021806
2.35021806
2.35021806
2.35021806
2.35021806
2.35021806
2.35021806
2.27288389
2.27169466
2.27062249
2.27123070
2.27323222
2.27616811
2.28115606
2.35021806
2.35021806
2.35021806
2.35021806
2.35021806
2.35021806
2.35021806
2.35021806
2.35021806
2.35021806
2.35021806
2.35021806
2.35021806
2.35021806
2.35021806
2.35021806
2.35021806
2.35021806
2.35021806
2.35021806
2.35021806
2.35021806
2.35021806
2.35021806
2.35021806
2.35021806
2.35021806
2.35021806
2.35021806
2.35021806
2.35021806
2.35021806
2.35021806
2.35021806
2.35021806
2.35021806
2.35021806
2.35021806
2.35021806
2.35021806
2.35021806
2.35021806
2.35021806
2.35021806
2.35021806
2.35021806
2.35021806
2.35021806
2.35021806
2.35021806
2.35021806
2.35021806
2.35021806
2.35021806
2.35021806
2.35021806
2.35021806
2.28223825
2.27835321
2.27546978
2.27317405
2.27154970
2.27091217
2.27207160
2.27392912
2.35021806
2.35021806
2.35021806
2.35021806
2.35021806
2.63837385
2.63837385
2.63837385
2.63837385
2.63837385
2.63837385
2.63837385
2.63837385
2.63837385
2.63837385
2.63837385
2.63837385
2.63837385
2.63837385
2.63837385
2.63837385
2.63837385
2.63837385
2.63837385
2.63837385
2.63837385
2.63837385
2.63837385
2.63837385
2.63837385
2.63837385
2.63837385
2.63837385
2.63837385
2.63837385
2.63837385
2.63837385
2.63837385
2.63837385
2.63837385
2.63837385
2.63837385
2.63837385
2.63837385
2.63837385
2.63837385
2.63837385
2.63837385
2.63837385
2.63837385
2.63837385
2.63837385
2.63837385
2.63837385
2.63837385
2.63837385
2.63837385
2.63837385
2.63837385
2.63837385
2.63837385
2.63837385
2.63837385
2.63837385
2.63837385
2.63837385
2.63837385
2.63837385
2.63837385
2.63837385
2.63837385
2.63837385
2.63837385
2.63837385
2.63837385
2.63837385
2.63837385
2.63837385
2.63837385
2.63837385
2.63837385
2.63837385
2.63837385
2.63837385
2.63837385
2.63837385
2.63837385
2.63837385
2.63837385
2.63837385
2.63837385
2.63837385
2.63837385
2.63837385
2.63837385
2.63837385
2.63837385
2.63837385
2.63837385
2.63837385
2.63837385
2.63837385
2.63837385
2.63837385
2.63837385
2.63837385
2.63837385
2.63837385
2.63837385
2.63837385
2.63837385
1.10162747
1.08718169
1.07940900
1.07348526
1.06876075
1.06493068
1.06175470
1.05874228
1.05653656
1.05447114
1.05270016
1.05130744
1.05011666
1.04931188
1.04873073
1.04852688
1.04852068
1.04895329
1.04985034
1.05114603
1.05272508
1.05438375
1.05614161
1.05818212
1.06013584
1.06240737
1.06489885
1.06760049
1.07074082
1.07418489
1.07797086
1.08217824
1.08683658
1.09194350
1.09771442
1.10445046
1.11306942
2.32948804
2.32948804
2.32948804
2.32948804
2.32948804
2.32948804
2.32948804
2.32948804
2.32948804
2.32948804
2.32948804
2.32948804
2.32948804
2.32948804
2.32948804
2.32948804
2.32948804
2.32948804
2.32948804
2.32948804
2.32948804
2.32948804
2.32948804
2.32948804
2.32948804
2.32948804
2.32948804
2.32948804
2.32948804
2.32948804
2.32948804
2.32948804
2.32948804
2.32948804
2.32948804
2.32948804
2.26055861
2.26205254
2.26738310
2.32948804
2.32948804
2.32948804
2.32948804
2.32948804
2.32948804
2.32948804
2.32948804
2.32948804
2.32948804
2.32948804
2.32948804
2.32948804
2.32948804
2.32948804
2.32948804
2.32948804
2.32948804
2.32948804
2.32948804
2.32948804
2.32948804
2.32948804
2.32948804
2.32948804
2.32948804
2.32948804
2.32948804
2.32948804
2.32948804
2.32948804
2.32948804
2.32948804
2.32948804
2.32948804
2.32948804
2.32948804
2.32948804
2.32948804
2.32948804
2.32948804
2.32948804
2.32948804
2.32948804
2.32948804
2.32948804
2.32948804
2.32948804
2.32948804
2.32948804
2.32948804
2.32948804
2.32948804
2.32948804
2.32948804
2.32948804
2.32948804
2.32948804
2.32948804
2.32948804
2.32948804
2.32948804
2.32948804
2.32948804
2.32948804
2.32948804
2.26882792
2.26536322
2.26153517
2.32948804
2.32948804
2.32948804
2.32948804
2.32948804
2.64295721
2.64295721
2.64295721
2.64295721
2.64295721
2.64295721
2.64295721
2.64295721
2.64295721
2.64295721
2.64295721
2.64295721
2.64295721
2.64295721
2.64295721
2.64295721
2.64295721
2.64295721
2.64295721
2.64295721
2.64295721
2.64295721
2.64295721
2.64295721
2.64295721
2.64295721
2.64295721
2.64295721
2.64295721
2.64295721
2.64295721
2.64295721
2.64295721
2.64295721
2.64295721
2.64295721
2.64295721
2.64295721
2.64295721
2.64295721
2.64295721
2.64295721
2.64295721
2.64295721
2.64295721
2.64295721
2.64295721
2.64295721
2.64295721
2.64295721
2.64295721
2.64295721
2.64295721
2.64295721
2.64295721
2.64295721
2.64295721
2.64295721
2.64295721
2.64295721
2.64295721
2.64295721
2.64295721
2.64295721
2.64295721
2.64295721
2.64295721
2.64295721
2.64295721
2.64295721
2.64295721
2.64295721
2.64295721
2.64295721
2.64295721
2.64295721
2.64295721
2.64295721
2.64295721
2.64295721
2.64295721
2.64295721
2.64295721
2.64295721
2.64295721
2.64295721
2.64295721
2.64295721
2.64295721
2.64295721
2.64295721
2.64295721
2.64295721
2.64295721
2.64295721
2.64295721
2.64295721
2.64295721
2.64295721
2.64295721
2.64295721
2.64295721
2.64295721
2.64295721
2.64295721
2.64295721
2.64295721
1.09195685
1.08373320
1.07752061
1.07257962
1.06877363
1.06540883
1.06236303
1.06009793
1.05788660
1.05623567
1.05477107
1.05351627
1.05270016
1.05200338
1.05186033
1.05189145
1.05230188
1.05319214
1.05457115
1.05614161
1.05771685
1.05955529
1.06131792
1.06335306
1.06563199
1.06817710
1.07077301
1.07364058
1.07688832
1.08058846
1.08429432
1.08868444
1.09360051
1.09906316
1.10533512
1.11302066
1.12566900
2.30915046
2.30915046
2.30915046
2.30915046
2.30915046
2.30915046
2.30915046
2.30915046
2.30915046
2.30915046
2.30915046
2.30915046
2.30915046
2.30915046
2.30915046
2.30915046
2.30915046
2.30915046
2.30915046
2.30915046
2.30915046
2.30915046
2.30915046
2.30915046
2.30915046
2.30915046
2.30915046
2.30915046
2.30915046
2.30915046
2.30915046
2.30915046
2.30915046
2.30915046
2.30915046
2.30915046
2.30915046
2.30915046
2.30915046
2.30915046
2.30915046
2.30915046
2.30915046
2.30915046
2.30915046
2.30915046
2.30915046
2.30915046
2.30915046
2.30915046
2.30915046
2.30915046
2.30915046
2.30915046
2.30915046
2.30915046
2.30915046
2.30915046
2.30915046
2.30915046
2.30915046
2.30915046
2.30915046
2.30915046
2.30915046
2.30915046
2.30915046
2.30915046
2.30915046
2.30915046
2.30915046
2.30915046
2.30915046
2.30915046
2.30915046
2.30915046
2.30915046
2.30915046
2.30915046
2.30915046
2.30915046
2.30915046
2.30915046
2.30915046
2.30915046
2.30915046
2.30915046
2.30915046
2.30915046
2.30915046
2.30915046
2.30915046
2.30915046
2.30915046
2.30915046
2.30915046
2.30915046
2.30915046
2.30915046
2.30915046
2.30915046
2.30915046
2.30915046
2.30915046
2.30915046
2.30915046
2.30915046
2.30915046
2.30915046
2.30915046
2.30915046
2.30915046
2.64755654
2.64755654
2.64755654
2.64755654
2.64755654
2.64755654
2.64755654
2.64755654
2.64755654
2.64755654
2.64755654
2.64755654
2.64755654
2.64755654
2.64755654
2.64755654
2.64755654
2.64755654
2.64755654
2.64755654
2.64755654
2.64755654
2.64755654
2.64755654
2.64755654
2.64755654
2.64755654
2.64755654
2.64755654
2.64755654
2.64755654
2.64755654
2.64755654
2.64755654
2.64755654
2.64755654
2.64755654
2.64755654
2.64755654
2.64755654
2.64755654
2.64755654
2.64755654
2.64755654
2.64755654
2.64755654
2.64755654
2.64755654
2.64755654
2.64755654
2.64755654
2.64755654
2.64755654
2.64755654
2.64755654
2.64755654
2.64755654
2.64755654
2.64755654
2.64755654
2.64755654
2.64755654
2.64755654
2.64755654
2.64755654
2.64755654
2.64755654
2.64755654
2.64755654
2.64755654
2.64755654
2.64755654
2.64755654
2.64755654
2.64755654
2.64755654
2.64755654
2.64755654
2.64755654
2.64755654
2.64755654
2.64755654
2.64755654
2.64755654
2.64755654
2.64755654
2.64755654
2.64755654
2.64755654
2.64755654
2.64755654
2.64755654
2.64755654
2.64755654
2.64755654
2.64755654
2.64755654
2.64755654
2.64755654
2.64755654
2.64755654
2.64755654
2.64755654
2.64755654
2.64755654
2.64755654
2.64755654
1.09734893
1.08803225
1.08158648
1.07653010
1.07256031
1.06903672
1.06602132
1.06358814
1.06133056
1.05966890
1.05812562
1.05693805
1.05605400
1.05527139
1.05511498
1.05505240
1.05553412
1.05619812
1.05747807
1.05913925
1.06076133
1.06247711
1.06433856
1.06637251
1.06872869
1.07101142
1.07349813
1.07632172
1.07941544
1.08282995
1.08643186
1.09064555
1.09526932
1.10041523
1.10631752
1.11351502
1.12438917
2.28913546
2.28913546
2.28913546
2.28913546
2.28913546
2.28913546
2.28913546
2.28913546
2.28913546
2.28913546
2.28913546
2.28913546
2.28913546
2.28913546
2.28913546
2.28913546
2.28913546
2.28913546
2.28913546
2.28913546
2.28913546
2.28913546
2.28913546
2.28913546
2.28913546
2.28913546
2.28913546
2.28913546
2.28913546
2.28913546
2.28913546
2.28913546
2.28913546
2.28913546
2.28913546
2.28913546
2.28913546
2.28913546
2.28913546
2.28913546
2.28913546
2.28913546
2.28913546
2.28913546
2.28913546
2.28913546
2.28913546
2.28913546
2.28913546
2.28913546
2.28913546
2.28913546
2.28913546
2.28913546
2.28913546
2.28913546
2.28913546
2.28913546
2.28913546
2.28913546
2.28913546
2.28913546
2.28913546
2.28913546
2.28913546
2.28913546
2.28913546
2.28913546
2.28913546
2.28913546
2.28913546
2.28913546
2.28913546
2.28913546
2.28913546
2.28913546
2.28913546
2.28913546
2.28913546
2.28913546
2.28913546
2.28913546
2.28913546
2.28913546
2.28913546
2.28913546
2.28913546
2.28913546
2.28913546
2.28913546
2.28913546
2.28913546
2.28913546
2.28913546
2.28913546
2.28913546
2.28913546
2.28913546
2.28913546
2.28913546
2.28913546
2.28913546
2.28913546
2.28913546
2.28913546
2.28913546
2.28913546
2.28913546
2.28913546
2.28913546
2.28913546
2.28913546
2.65221143
2.65221143
2.65221143
2.65221143
2.65221143
2.65221143
2.65221143
2.65221143
2.65221143
2.65221143
2.65221143
2.65221143
2.65221143
2.65221143
2.65221143
2.65221143
2.65221143
2.65221143
2.65221143
2.65221143
2.65221143
2.65221143
2.65221143
2.65221143
2.65221143
2.65221143
2.65221143
2.65221143
2.65221143
2.65221143
2.65221143
2.65221143
2.65221143
2.65221143
2.65221143
2.65221143
2.65221143
2.65221143
2.65221143
2.65221143
2.65221143
2.65221143
2.65221143
2.65221143
2.65221143
2.65221143
2.65221143
2.65221143
2.65221143
2.65221143
2.65221143
2.65221143
2.65221143
2.65221143
2.65221143
2.65221143
2.65221143
2.65221143
2.65221143
2.65221143
2.65221143
2.65221143
2.65221143
2.65221143
2.65221143
2.65221143
2.65221143
2.65221143
2.65221143
2.65221143
2.65221143
2.65221143
2.65221143
2.65221143
2.65221143
2.65221143
2.65221143
2.65221143
2.65221143
2.65221143
2.65221143
2.65221143
2.65221143
2.65221143
2.65221143
2.65221143
2.65221143
2.65221143
2.65221143
2.65221143
2.65221143
2.65221143
2.65221143
2.65221143
2.65221143
2.65221143
2.65221143
2.65221143
2.65221143
2.65221143
2.65221143
2.65221143
2.65221143
2.65221143
2.65221143
2.65221143
2.65221143
1.10290384
1.09247971
1.08573604
1.08050978
1.07630229
1.07263136
1.06960845
1.06710768
1.06479061
1.06300378
1.06141913
1.06026220
1.05934095
1.05856609
1.05830801
1.05815697
1.05861640
1.05937243
1.06046426
1.06193209
1.06357539
1.06529403
1.06724846
1.06911385
1.07131433
1.07358885
1.07607448
1.07887900
1.08181655
1.08503449
1.08863783
1.09255338
1.09685540
1.10166836
1.10723972
1.11406565
1.12349498
2.26946449
2.26946449
2.26946449
2.26946449
2.26946449
2.26946449
2.26946449
2.26946449
2.26946449
2.26946449
2.26946449
2.26946449
2.26946449
2.26946449
2.26946449
2.26946449
2.26946449
2.26946449
2.26946449
2.26946449
2.26946449
2.26946449
2.26946449
2.26946449
2.26946449
2.26946449
2.26946449
2.26946449
2.26946449
2.26946449
2.26946449
2.26946449
2.26946449
2.26946449
2.26946449
2.26946449
2.26946449
2.26946449
2.26946449
2.26946449
2.26946449
2.26946449
2.26946449
2.26946449
2.26946449
2.26946449
2.26946449
2.26946449
2.26946449
2.26946449
2.26946449
2.26946449
2.26946449
2.26946449
2.26946449
2.26946449
2.26946449
2.26946449
2.26946449
2.26946449
2.26946449
2.26946449
2.26946449
2.26946449
2.26946449
2.26946449
2.26946449
2.26946449
2.26946449
2.26946449
2.26946449
2.26946449
2.26946449
2.26946449
2.26946449
2.26946449
2.26946449
2.26946449
2.26946449
2.26946449
2.26946449
2.26946449
2.26946449
2.26946449
2.26946449
2.26946449
2.26946449
2.26946449
2.26946449
2.26946449
2.26946449
2.26946449
2.26946449
2.26946449
2.26946449
2.26946449
2.26946449
2.26946449
2.26946449
2.26946449
2.26946449
2.26946449
2.26946449
2.26946449
2.26946449
2.26946449
2.26946449
2.26946449
2.26946449
2.26946449
2.26946449
2.26946449
2.65684319
2.65684319
2.65684319
2.65684319
2.65684319
2.65684319
2.65684319
2.65684319
2.65684319
2.65684319
2.65684319
2.65684319
2.65684319
2.65684319
2.65684319
2.65684319
2.65684319
2.65684319
2.65684319
2.65684319
2.65684319
2.65684319
2.65684319
2.65684319
2.65684319
2.65684319
2.65684319
2.65684319
2.65684319
2.65684319
2.65684319
2.65684319
2.65684319
2.65684319
2.65684319
2.65684319
2.65684319
2.65684319
2.65684319
2.65684319
2.65684319
2.65684319
2.65684319
2.65684319
2.65684319
2.65684319
2.65684319
2.65684319
2.65684319
2.65684319
2.65684319
2.65684319
2.65684319
2.65684319
2.65684319
2.65684319
2.65684319
2.65684319
2.65684319
2.65684319
2.65684319
2.65684319
2.65684319
2.65684319
2.65684319
2.65684319
2.65684319
2.65684319
2.65684319
2.65684319
2.65684319
2.65684319
2.65684319
2.65684319
2.65684319
2.65684319
2.65684319
2.65684319
2.65684319
2.65684319
2.65684319
2.65684319
2.65684319
2.65684319
2.65684319
2.65684319
2.65684319
2.65684319
2.65684319
2.65684319
2.65684319
2.65684319
2.65684319
2.65684319
2.65684319
2.65684319
2.65684319
2.65684319
2.65684319
2.65684319
2.65684319
2.65684319
2.65684319
2.65684319
2.65684319
2.65684319
2.65684319
1.10868788
1.09721375
1.08992434
1.08449244
1.08005083
1.07625020
1.07311630
1.07053483
1.06822836
1.06636620
1.06473958
1.06346738
1.06249619
1.06181800
1.06146348
1.06127989
1.06159008
1.06232500
1.06347370
1.06494343
1.06641722
1.06804252
1.06977558
1.07166910
1.07378960
1.07612658
1.07852602
1.08108068
1.08384538
1.08698249
1.09047854
1.09419882
1.09829009
1.10286975
1.10819781
1.11461675
1.12350202
2.25012851
2.25012851
2.25012851
2.25012851
2.25012851
2.25012851
2.25012851
2.25012851
2.25012851
2.25012851
2.25012851
2.25012851
2.25012851
2.25012851
2.25012851
2.25012851
2.25012851
2.25012851
2.25012851
2.25012851
2.25012851
2.25012851
2.25012851
2.25012851
2.25012851
2.25012851
2.25012851
2.25012851
2.25012851
2.25012851
2.25012851
2.25012851
2.25012851
2.25012851
2.25012851
2.25012851
2.25012851
2.25012851
2.25012851
2.25012851
2.25012851
2.25012851
2.25012851
2.25012851
2.25012851
2.25012851
2.25012851
2.25012851
2.25012851
2.25012851
2.25012851
2.25012851
2.25012851
2.25012851
2.25012851
2.25012851
2.25012851
2.25012851
2.25012851
2.25012851
2.25012851
2.25012851
2.25012851
2.25012851
2.25012851
2.25012851
2.25012851
2.25012851
2.25012851
2.25012851
2.25012851
2.25012851
2.25012851
2.25012851
2.25012851
2.25012851
2.25012851
2.25012851
2.25012851
2.25012851
2.25012851
2.25012851
2.25012851
2.25012851
2.25012851
2.25012851
2.25012851
2.25012851
2.25012851
2.25012851
2.25012851
2.25012851
2.25012851
2.25012851
2.25012851
2.25012851
2.25012851
2.25012851
2.25012851
2.25012851
2.25012851
2.25012851
2.25012851
2.25012851
2.25012851
2.25012851
2.25012851
2.25012851
2.25012851
2.25012851
2.25012851
2.25012851
2.66149092
2.66149092
2.66149092
2.66149092
2.66149092
2.66149092
2.66149092
2.66149092
2.66149092
2.66149092
2.66149092
2.66149092
2.66149092
2.66149092
2.66149092
2.66149092
2.66149092
2.66149092
2.66149092
2.66149092
2.66149092
2.66149092
2.66149092
2.66149092
2.66149092
2.66149092
2.66149092
2.66149092
2.66149092
2.66149092
2.66149092
2.66149092
2.66149092
2.66149092
2.66149092
2.66149092
2.66149092
2.66149092
2.66149092
2.66149092
2.66149092
2.66149092
2.66149092
2.66149092
2.66149092
2.66149092
2.66149092
2.66149092
2.66149092
2.66149092
2.66149092
2.66149092
2.66149092
2.66149092
2.66149092
2.66149092
2.66149092
2.66149092
2.66149092
2.66149092
2.66149092
2.66149092
2.66149092
2.66149092
2.66149092
2.66149092
2.66149092
2.66149092
2.66149092
2.66149092
2.66149092
2.66149092
2.66149092
2.66149092
2.66149092
2.66149092
2.66149092
2.66149092
2.66149092
2.66149092
2.66149092
2.66149092
2.66149092
2.66149092
2.66149092
2.66149092
2.66149092
2.66149092
2.66149092
2.66149092
2.66149092
2.66149092
2.66149092
2.66149092
2.66149092
2.66149092
2.66149092
2.66149092
2.66149092
2.66149092
2.66149092
2.66149092
2.66149092
2.66149092
2.66149092
2.66149092
2.66149092
1.11565065
1.10198891
1.09415174
1.08840489
1.08378589
1.07990015
1.07664728
1.07397747
1.07149494
1.06970489
1.06804252
1.06667292
1.06567025
1.06486702
1.06451678
1.06435764
1.06458044
1.06526852
1.06612980
1.06755567
1.06899178
1.07058632
1.07240522
1.07422376
1.07622421
1.07844114
1.08069336
1.08322537
1.08587515
1.08895755
1.09227848
1.09584928
1.09976256
1.10427225
1.10939968
1.11544788
1.12350202
2.23111939
2.23111939
2.23111939
2.23111939
2.23111939
2.23111939
2.23111939
2.23111939
2.23111939
2.23111939
2.23111939
2.23111939
2.23111939
2.23111939
2.23111939
2.23111939
2.23111939
2.23111939
2.23111939
2.23111939
2.23111939
2.23111939
2.23111939
2.23111939
2.23111939
2.23111939
2.23111939
2.23111939
2.23111939
2.23111939
2.23111939
2.23111939
2.23111939
2.23111939
2.23111939
2.23111939
2.23111939
2.23111939
2.23111939
2.23111939
2.23111939
2.23111939
2.23111939
2.23111939
2.23111939
2.23111939
2.23111939
2.23111939
2.23111939
2.23111939
2.23111939
2.23111939
2.23111939
2.23111939
2.23111939
2.23111939
2.23111939
2.23111939
2.23111939
2.23111939
2.23111939
2.23111939
2.23111939
2.23111939
2.23111939
2.23111939
2.23111939
2.23111939
2.23111939
2.23111939
2.23111939
2.23111939
2.23111939
2.23111939
2.23111939
2.23111939
2.23111939
2.23111939
2.23111939
2.23111939
2.23111939
2.23111939
2.23111939
2.23111939
2.23111939
2.23111939
2.23111939
2.23111939
2.23111939
2.23111939
2.23111939
2.23111939
2.23111939
2.23111939
2.23111939
2.23111939
2.23111939
2.23111939
2.23111939
2.23111939
2.23111939
2.23111939
2.23111939
2.23111939
2.23111939
2.23111939
2.23111939
2.23111939
2.23111939
2.23111939
2.23111939
2.23111939
2.66619492
2.66619492
2.66619492
2.66619492
2.66619492
2.66619492
2.66619492
2.66619492
2.66619492
2.66619492
2.66619492
2.66619492
2.66619492
2.66619492
2.66619492
2.66619492
2.66619492
2.66619492
2.66619492
2.66619492
2.66619492
2.66619492
2.66619492
2.66619492
2.66619492
2.66619492
2.66619492
2.66619492
2.66619492
2.66619492
2.66619492
2.66619492
2.66619492
2.66619492
2.66619492
2.66619492
2.66619492
2.66619492
2.66619492
2.66619492
2.66619492
2.66619492
2.66619492
2.66619492
2.66619492
2.66619492
2.66619492
2.66619492
2.66619492
2.66619492
2.66619492
2.66619492
2.66619492
2.66619492
2.66619492
2.66619492
2.66619492
2.66619492
2.66619492
2.66619492
2.66619492
2.66619492
2.66619492
2.66619492
2.66619492
2.66619492
2.66619492
2.66619492
2.66619492
2.66619492
2.66619492
2.66619492
2.66619492
2.66619492
2.66619492
2.66619492
2.66619492
2.66619492
2.66619492
2.66619492
2.66619492
2.66619492
2.66619492
2.66619492
2.66619492
2.66619492
2.66619492
2.66619492
2.66619492
2.66619492
2.66619492
2.66619492
2.66619492
2.66619492
2.66619492
2.66619492
2.66619492
2.66619492
2.66619492
2.66619492
2.66619492
2.66619492
2.66619492
2.66619492
2.66619492
2.66619492
2.66619492
1.12497187
1.10677159
1.09840536
1.09234560
1.08744740
1.08343637
1.08020151
1.07740974
1.07482052
1.07297397
1.07119834
1.06990421
1.06881845
1.06792724
1.06754291
1.06720364
1.06751084
1.06799769
1.06876719
1.07001352
1.07144976
1.07298052
1.07469070
1.07642591
1.07830393
1.08060157
1.08290243
1.08521974
1.08793259
1.09087276
1.09402394
1.09743690
1.10130715
1.10559607
1.11049318
1.11632931
1.12390637
1.13777852
2.21242881
2.21242881
2.21242881
2.21242881
2.21242881
2.21242881
2.21242881
2.21242881
2.21242881
2.21242881
2.21242881
2.21242881
2.21242881
2.21242881
2.21242881
2.21242881
2.21242881
2.21242881
2.21242881
2.21242881
2.21242881
2.21242881
2.21242881
2.21242881
2.21242881
2.21242881
2.21242881
2.21242881
2.21242881
2.21242881
2.21242881
2.21242881
2.21242881
2.21242881
2.21242881
2.21242881
2.21242881
2.21242881
2.21242881
2.21242881
2.21242881
2.21242881
2.21242881
2.21242881
2.21242881
2.21242881
2.21242881
2.21242881
2.21242881
2.21242881
2.21242881
2.21242881
2.21242881
2.21242881
2.21242881
2.21242881
2.21242881
2.21242881
2.21242881
2.21242881
2.21242881
2.21242881
2.21242881
2.21242881
2.21242881
2.21242881
2.21242881
2.21242881
2.21242881
2.21242881
2.21242881
2.21242881
2.21242881
2.21242881
2.21242881
2.21242881
2.21242881
2.21242881
2.21242881
2.21242881
2.21242881
2.21242881
2.21242881
2.21242881
2.21242881
2.21242881
2.21242881
2.21242881
2.21242881
2.21242881
2.21242881
2.21242881
2.21242881
2.21242881
2.21242881
2.21242881
2.21242881
2.21242881
2.21242881
2.21242881
2.21242881
2.21242881
2.21242881
2.21242881
2.21242881
2.21242881
2.21242881
2.21242881
2.21242881
2.21242881
2.21242881
2.67087555
2.67087555
2.67087555
2.67087555
2.67087555
2.67087555
2.67087555
2.67087555
2.67087555
2.67087555
2.67087555
2.67087555
2.67087555
2.67087555
2.67087555
2.67087555
2.67087555
2.67087555
2.67087555
2.67087555
2.67087555
2.67087555
2.67087555
2.67087555
2.67087555
2.67087555
2.67087555
2.67087555
2.67087555
2.67087555
2.67087555
2.67087555
2.67087555
2.67087555
2.67087555
2.67087555
2.67087555
2.67087555
2.67087555
2.67087555
2.67087555
2.67087555
2.67087555
2.67087555
2.67087555
2.67087555
2.67087555
2.67087555
2.67087555
2.67087555
2.67087555
2.67087555
2.67087555
2.67087555
2.67087555
2.67087555
2.67087555
2.67087555
2.67087555
2.67087555
2.67087555
2.67087555
2.67087555
2.67087555
2.67087555
2.67087555
2.67087555
2.67087555
2.67087555
2.67087555
2.67087555
2.67087555
2.67087555
2.67087555
2.67087555
2.67087555
2.67087555
2.67087555
2.67087555
2.67087555
2.67087555
2.67087555
2.67087555
2.67087555
2.67087555
2.67087555
2.67087555
2.67087555
2.67087555
2.67087555
2.67087555
2.67087555
2.67087555
2.67087555
2.67087555
2.67087555
2.67087555
2.67087555
2.67087555
2.67087555
2.67087555
2.67087555
2.67087555
2.67087555
2.67087555
2.67087555
2.67087555
2.67087555
1.11151254
1.10267162
1.09625411
1.09113359
1.08694267
1.08369362
1.08079183
1.07818627
1.07622421
1.07433403
1.07303226
1.07186913
1.07100499
1.07050264
1.07007790
1.07034814
1.07068288
1.07142401
1.07267010
1.07392561
1.07532692
1.07694042
1.07861757
1.08039165
1.08269823
1.08480966
1.08703566
1.08973086
1.09256017
1.09557271
1.09897494
1.10271943
1.10686791
1.11158884
1.11721206
1.12447441
1.13637662
2.19499564
2.19499564
2.19499564
2.19499564
2.19499564
2.19499564
2.19499564
2.19499564
2.19499564
2.19499564
2.19499564
2.19499564
2.19499564
2.19499564
2.19499564
2.19499564
2.19499564
2.19499564
2.19499564
2.19499564
2.19499564
2.19499564
2.19499564
2.19499564
2.19499564
2.19499564
2.19499564
2.19499564
2.19499564
2.19499564
2.19499564
2.19499564
2.19499564
2.19499564
2.19499564
2.19499564
2.19499564
2.19499564
2.19499564
2.19499564
2.19499564
2.19499564
2.19499564
2.19499564
2.19499564
2.19499564
2.19499564
2.19499564
2.19499564
2.19499564
2.19499564
2.19499564
2.19499564
2.19499564
2.19499564
2.19499564
2.19499564
2.19499564
2.19499564
2.19499564
2.19499564
2.19499564
2.19499564
2.19499564
2.19499564
2.19499564
2.19499564
2.19499564
2.19499564
2.19499564
2.19499564
2.19499564
2.19499564
2.19499564
2.19499564
2.19499564
2.19499564
2.19499564
2.19499564
2.19499564
2.19499564
2.19499564
2.19499564
2.19499564
2.19499564
2.19499564
2.19499564
2.19499564
2.19499564
2.19499564
2.19499564
2.19499564
2.19499564
2.19499564
2.19499564
2.19499564
2.19499564
2.19499564
2.19499564
2.19499564
2.19499564
2.19499564
2.19499564
2.19499564
2.19499564
2.19499564
2.19499564
2.19499564
2.19499564
2.19499564
2.19499564
2.67557263
2.67557263
2.67557263
2.67557263
2.67557263
2.67557263
2.67557263
2.67557263
2.67557263
2.67557263
2.67557263
2.67557263
2.67557263
2.67557263
2.67557263
2.67557263
2.67557263
2.67557263
2.67557263
2.67557263
2.67557263
2.67557263
2.67557263
2.67557263
2.67557263
2.67557263
2.67557263
2.67557263
2.67557263
2.67557263
2.67557263
2.67557263
2.67557263
2.67557263
2.67557263
2.67557263
2.67557263
2.67557263
2.67557263
2.67557263
2.67557263
2.67557263
2.67557263
2.67557263
2.67557263
2.67557263
2.67557263
2.67557263
2.67557263
2.67557263
2.67557263
2.67557263
2.67557263
2.67557263
2.67557263
2.67557263
2.67557263
2.67557263
2.67557263
2.67557263
2.67557263
2.67557263
2.67557263
2.67557263
2.67557263
2.67557263
2.67557263
2.67557263
2.67557263
2.67557263
2.67557263
2.67557263
2.67557263
2.67557263
2.67557263
2.67557263
2.67557263
2.67557263
2.67557263
2.67557263
2.67557263
2.67557263
2.67557263
2.67557263
2.67557263
2.67557263
2.67557263
2.67557263
2.67557263
2.67557263
2.67557263
2.67557263
2.67557263
2.67557263
2.67557263
2.67557263
2.67557263
2.67557263
2.67557263
2.67557263
2.67557263
2.67557263
2.67557263
2.67557263
2.67557263
2.67557263
2.67557263
2.67557263
1.11694574
1.10677159
1.10017717
1.09483814
1.09054530
1.08714855
1.08407640
1.08156013
1.07942855
1.07748151
1.07610703
1.07485294
1.07402277
1.07342052
1.07299995
1.07309043
1.07336867
1.07413304
1.07526195
1.07647145
1.07759237
1.07916677
1.08088374
1.08256662
1.08461797
1.08667731
1.08895755
1.09152162
1.09424591
1.09719336
1.10051727
1.10413527
1.10813582
1.11268675
1.11809635
1.12507141
1.13562989
2.19854712
2.19854712
2.19854712
2.19854712
2.19854712
2.19854712
2.19854712
2.19854712
2.19854712
2.19854712
2.19854712
2.19854712
2.19854712
2.19854712
2.19854712
2.19854712
2.19854712
2.19854712
2.19854712
2.19854712
2.19854712
2.19854712
2.19854712
2.19854712
2.19854712
2.19854712
2.19854712
2.19854712
2.19854712
2.19854712
2.19854712
2.19854712
2.19854712
2.19854712
2.19854712
2.19854712
2.19854712
2.19854712
2.19854712
2.19854712
2.19854712
2.19854712
2.19854712
2.19854712
2.19854712
2.19854712
2.19854712
2.19854712
2.19854712
2.19854712
2.19854712
2.19854712
2.19854712
2.19854712
2.19854712
2.19854712
2.19854712
2.19854712
2.19854712
2.19854712
2.19854712
2.19854712
2.19854712
2.19854712
2.19854712
2.19854712
2.19854712
2.19854712
2.19854712
2.19854712
2.19854712
2.19854712
2.19854712
2.19854712
2.19854712
2.19854712
2.19854712
2.19854712
2.19854712
2.19854712
2.19854712
2.19854712
2.19854712
2.19854712
2.19854712
2.19854712
2.19854712
2.19854712
2.19854712
2.19854712
2.19854712
2.19854712
2.19854712
2.19854712
2.19854712
2.19854712
2.19854712
2.19854712
2.19854712
2.19854712
2.19854712
2.19854712
2.19854712
2.19854712
2.19854712
2.19854712
2.19854712
2.19854712
2.19854712
2.19854712
2.19854712
2.68028617
2.68028617
2.68028617
2.68028617
2.68028617
2.68028617
2.68028617
2.68028617
2.68028617
2.68028617
2.68028617
2.68028617
2.68028617
2.68028617
2.68028617
2.68028617
2.68028617
2.68028617
2.68028617
2.68028617
2.68028617
2.68028617
2.68028617
2.68028617
2.68028617
2.68028617
2.68028617
2.68028617
2.68028617
2.68028617
2.68028617
2.68028617
2.68028617
2.68028617
2.68028617
2.68028617
2.68028617
2.68028617
2.68028617
2.68028617
2.68028617
2.68028617
2.68028617
2.68028617
2.68028617
2.68028617
2.68028617
2.68028617
2.68028617
2.68028617
2.68028617
2.68028617
2.68028617
2.68028617
2.68028617
2.68028617
2.68028617
2.68028617
2.68028617
2.68028617
2.68028617
2.68028617
2.68028617
2.68028617
2.68028617
2.68028617
2.68028617
2.68028617
2.68028617
2.68028617
2.68028617
2.68028617
2.68028617
2.68028617
2.68028617
2.68028617
2.68028617
2.68028617
2.68028617
2.68028617
2.68028617
2.68028617
2.68028617
2.68028617
2.68028617
2.68028617
2.68028617
2.68028617
2.68028617
2.68028617
2.68028617
2.68028617
2.68028617
2.68028617
2.68028617
2.68028617
2.68028617
2.68028617
2.68028617
2.68028617
2.68028617
2.68028617
2.68028617
2.68028617
2.68028617
2.68028617
2.68028617
2.68028617
1.12243938
1.11090899
1.10391617
1.09854770
1.09417188
1.09056532
1.08735442
1.08478332
1.08260608
1.08064747
1.07915378
1.07784688
1.07692087
1.07625675
1.07585335
1.07585335
1.07607448
1.07659519
1.07764459
1.07874823
1.07982802
1.08114636
1.08286953
1.08458495
1.08648491
1.08850467
1.09081268
1.09326470
1.09588289
1.09883249
1.10202301
1.10550678
1.10937893
1.11389124
1.11917889
1.12576866
1.13568783
2.20243716
2.20243716
2.20243716
2.20243716
2.20243716
2.20243716
2.20243716
2.20243716
2.20243716
2.20243716
2.20243716
2.20243716
2.20243716
2.20243716
2.20243716
2.20243716
2.20243716
2.20243716
2.20243716
2.20243716
2.20243716
2.20243716
2.20243716
2.20243716
2.20243716
2.20243716
2.20243716
2.20243716
2.20243716
2.20243716
2.20243716
2.20243716
2.20243716
2.20243716
2.20243716
2.20243716
2.20243716
2.20243716
2.20243716
2.20243716
2.20243716
2.20243716
2.20243716
2.20243716
2.20243716
2.20243716
2.20243716
2.20243716
2.20243716
2.20243716
2.20243716
2.20243716
2.20243716
2.20243716
2.20243716
2.20243716
2.20243716
2.20243716
2.20243716
2.20243716
2.20243716
2.20243716
2.20243716
2.20243716
2.20243716
2.20243716
2.20243716
2.20243716
2.20243716
2.20243716
2.20243716
2.20243716
2.20243716
2.20243716
2.20243716
2.20243716
2.20243716
2.20243716
2.20243716
2.20243716
2.20243716
2.20243716
2.20243716
2.20243716
2.20243716
2.20243716
2.20243716
2.20243716
2.20243716
2.20243716
2.20243716
2.20243716
2.20243716
2.20243716
2.20243716
2.20243716
2.20243716
2.20243716
2.20243716
2.20243716
2.20243716
2.20243716
2.20243716
2.20243716
2.20243716
2.20243716
2.20243716
2.20243716
2.20243716
2.20243716
2.20243716
2.68505716
2.68505716
2.68505716
2.68505716
2.68505716
2.68505716
2.68505716
2.68505716
2.68505716
2.68505716
2.68505716
2.68505716
2.68505716
2.68505716
2.68505716
2.68505716
2.68505716
2.68505716
2.68505716
2.68505716
2.68505716
2.68505716
2.68505716
2.68505716
2.68505716
2.68505716
2.68505716
2.68505716
2.68505716
2.68505716
2.68505716
2.68505716
2.68505716
2.68505716
2.68505716
2.68505716
2.68505716
2.68505716
2.68505716
2.68505716
2.68505716
2.68505716
2.68505716
2.68505716
2.68505716
2.68505716
2.68505716
2.68505716
2.68505716
2.68505716
2.68505716
2.68505716
2.68505716
2.68505716
2.68505716
2.68505716
2.68505716
2.68505716
2.68505716
2.68505716
2.68505716
2.68505716
2.68505716
2.68505716
2.68505716
2.68505716
2.68505716
2.68505716
2.68505716
2.68505716
2.68505716
2.68505716
2.68505716
2.68505716
2.68505716
2.68505716
2.68505716
2.68505716
2.68505716
2.68505716
2.68505716
2.68505716
2.68505716
2.68505716
2.68505716
2.68505716
2.68505716
2.68505716
2.68505716
2.68505716
2.68505716
2.68505716
2.68505716
2.68505716
2.68505716
2.68505716
2.68505716
2.68505716
2.68505716
2.68505716
2.68505716
2.68505716
2.68505716
2.68505716
2.68505716
2.68505716
2.68505716
2.68505716
1.12817323
1.11553872
1.10778403
1.10221410
1.09777534
1.09397697
1.09065890
1.08797908
1.08571625
1.08368039
1.08220458
1.08086407
1.07981491
1.07910800
1.07858479
1.07853258
1.07858479
1.07905567
1.07991970
1.08095586
1.08207297
1.08332419
1.08486259
1.08654463
1.08836496
1.09030485
1.09256685
1.09489882
1.09747076
1.10035408
1.10343719
1.10681283
1.11070108
1.11510551
1.12027073
1.12667370
1.13585448
2.20631361
2.20631361
2.20631361
2.20631361
2.20631361
2.20631361
2.20631361
2.20631361
2.20631361
2.20631361
2.20631361
2.20631361
2.20631361
2.20631361
2.20631361
2.20631361
2.20631361
2.20631361
2.20631361
2.20631361
2.20631361
2.20631361
2.20631361
2.20631361
2.20631361
2.20631361
2.20631361
2.20631361
2.20631361
2.20631361
2.20631361
2.20631361
2.20631361
2.20631361
2.20631361
2.20631361
2.20631361
2.20631361
2.20631361
2.20631361
2.20631361
2.20631361
2.20631361
2.20631361
2.20631361
2.20631361
2.20631361
2.20631361
2.20631361
2.20631361
2.20631361
2.20631361
2.20631361
2.20631361
2.20631361
2.20631361
2.20631361
2.20631361
2.20631361
2.20631361
2.20631361
2.20631361
2.20631361
2.20631361
2.20631361
2.20631361
2.20631361
2.20631361
2.20631361
2.20631361
2.20631361
2.20631361
2.20631361
2.20631361
2.20631361
2.20631361
2.20631361
2.20631361
2.20631361
2.20631361
2.20631361
2.20631361
2.20631361
2.20631361
2.20631361
2.20631361
2.20631361
2.20631361
2.20631361
2.20631361
2.20631361
2.20631361
2.20631361
2.20631361
2.20631361
2.20631361
2.20631361
2.20631361
2.20631361
2.20631361
2.20631361
2.20631361
2.20631361
2.20631361
2.20631361
2.20631361
2.20631361
2.20631361
2.20631361
2.20631361
2.20631361
2.68980408
2.68980408
2.68980408
2.68980408
2.68980408
2.68980408
2.68980408
2.68980408
2.68980408
2.68980408
2.68980408
2.68980408
2.68980408
2.68980408
2.68980408
2.68980408
2.68980408
2.68980408
2.68980408
2.68980408
2.68980408
2.68980408
2.68980408
2.68980408
2.68980408
2.68980408
2.68980408
2.68980408
2.68980408
2.68980408
2.68980408
2.68980408
2.68980408
2.68980408
2.68980408
2.68980408
2.68980408
2.68980408
2.68980408
2.68980408
2.68980408
2.68980408
2.68980408
2.68980408
2.68980408
2.68980408
2.68980408
2.68980408
2.68980408
2.68980408
2.68980408
2.68980408
2.68980408
2.68980408
2.68980408
2.68980408
2.68980408
2.68980408
2.68980408
2.68980408
2.68980408
2.68980408
2.68980408
2.68980408
2.68980408
2.68980408
2.68980408
2.68980408
2.68980408
2.68980408
2.68980408
2.68980408
2.68980408
2.68980408
2.68980408
2.68980408
2.68980408
2.68980408
2.68980408
2.68980408
2.68980408
2.68980408
2.68980408
2.68980408
2.68980408
2.68980408
2.68980408
2.68980408
2.68980408
2.68980408
2.68980408
2.68980408
2.68980408
2.68980408
2.68980408
2.68980408
2.68980408
2.68980408
2.68980408
2.68980408
2.68980408
2.68980408
2.68980408
2.68980408
2.68980408
2.68980408
2.68980408
2.68980408
1.13573861
1.12024248
1.11188054
1.10591888
1.10125268
1.09732866
1.09398365
1.09119380
1.08885098
1.08670378
1.08516681
1.08372653
1.08272457
1.08192825
1.08133018
1.08122516
1.08112001
1.08152735
1.08211899
1.08315945
1.08430755
1.08553743
1.08688962
1.08851135
1.09024477
1.09214449
1.09428632
1.09653103
1.09908354
1.10186613
1.10485494
1.10823238
1.11203337
1.11632931
1.12137163
1.12762296
1.13628960
2.21023107
2.21023107
2.21023107
2.21023107
2.21023107
2.21023107
2.21023107
2.21023107
2.21023107
2.21023107
2.21023107
2.21023107
2.21023107
2.21023107
2.21023107
2.21023107
2.21023107
2.21023107
2.21023107
2.21023107
2.21023107
2.21023107
2.21023107
2.21023107
2.21023107
2.21023107
2.21023107
2.21023107
2.21023107
2.21023107
2.21023107
2.21023107
2.21023107
2.21023107
2.21023107
2.21023107
2.21023107
2.21023107
2.21023107
2.21023107
2.21023107
2.21023107
2.21023107
2.21023107
2.21023107
2.21023107
2.21023107
2.21023107
2.21023107
2.21023107
2.21023107
2.21023107
2.21023107
2.21023107
2.21023107
2.21023107
2.21023107
2.21023107
2.21023107
2.21023107
2.21023107
2.21023107
2.21023107
2.21023107
2.21023107
2.21023107
2.21023107
2.21023107
2.21023107
2.21023107
2.21023107
2.21023107
2.21023107
2.21023107
2.21023107
2.21023107
2.21023107
2.21023107
2.21023107
2.21023107
2.21023107
2.21023107
2.21023107
2.21023107
2.21023107
2.21023107
2.21023107
2.21023107
2.21023107
2.21023107
2.21023107
2.21023107
2.21023107
2.21023107
2.21023107
2.21023107
2.21023107
2.21023107
2.21023107
2.21023107
2.21023107
2.21023107
2.21023107
2.21023107
2.21023107
2.21023107
2.21023107
2.21023107
2.21023107
2.21023107
2.21023107
2.69456816
2.69456816
2.69456816
2.69456816
2.69456816
2.69456816
2.69456816
2.69456816
2.69456816
2.69456816
2.69456816
2.69456816
2.69456816
2.69456816
2.69456816
2.69456816
2.69456816
2.69456816
2.69456816
2.69456816
2.69456816
2.69456816
2.69456816
2.69456816
2.69456816
2.69456816
2.69456816
2.69456816
2.69456816
2.69456816
2.69456816
2.69456816
2.69456816
2.69456816
2.69456816
2.69456816
2.69456816
2.69456816
2.69456816
2.69456816
2.69456816
2.69456816
2.69456816
2.69456816
2.69456816
2.69456816
2.69456816
2.69456816
2.69456816
2.69456816
2.69456816
2.69456816
2.69456816
2.69456816
2.69456816
2.69456816
2.69456816
2.69456816
2.69456816
2.69456816
2.69456816
2.69456816
1.48275435
1.48232210
1.48238385
1.48251963
1.48263085
1.48274195
1.48298907
1.48323619
1.48348343
1.48373067
1.48392856
1.48411417
1.48434937
1.48459697
1.48484457
1.48509240
1.48532784
1.48548901
1.48566258
1.48583615
1.48600984
1.48618352
1.48635721
1.48651862
1.48663032
1.48675454
1.48687875
1.48699045
1.48711479
1.48723900
1.48736322
1.48748755
1.48754966
1.48762429
1.48768640
1.48774862
1.48781085
1.48787296
1.48793519
1.48799741
1.48805952
1.48810935
1.48814666
1.48817158
1.48819637
1.48822129
1.48825860
1.12468040
1.11600733
1.10964167
1.10475206
1.10060573
1.09713256
1.09442079
1.09194350
1.08974421
1.08814538
1.08655131
1.08555734
1.08465111
1.08408952
1.08381891
1.08366060
1.08404994
1.08449912
1.08535874
1.08649158
1.08756697
1.08893752
1.09043181
1.09205067
1.09396350
1.09599090
1.09820199
1.10069430
1.10337555
1.10630381
1.10964167
1.11334789
1.11754882
1.12247479
1.12857378
1.13700092
1.48850751
1.48850751
1.48850751
1.48850751
1.48849511
1.48849511
1.48848259
1.48847020
1.48845768
1.48845768
1.48844528
1.48843288
1.48842037
1.48842037
1.48840797
1.48838305
1.48835814
1.48832083
1.48829591
1.48827112
1.48823369
1.48820889
1.48818398
1.48815906
1.48812175
1.48808444
1.48802221
1.48796010
1.48789787
1.48783565
1.48777354
1.48771131
1.48764920
1.48757458
1.48751235
1.48741293
1.48728871
1.48716438
1.48705256
1.48692834
1.48680425
1.48668003
1.48656833
1.48643172
1.48625791
1.48608422
1.48591053
1.48573697
1.48556340
1.48540223
1.48520386
1.48495615
1.48470843
1.48446071
1.48420084
1.48401523
1.48381722
1.48359466
1.48334742
1.48310018
1.48285317
1.48268020
1.48256910
1.48245800
1.48232210
1.48254442
2.21416259
2.21416259
2.21416259
2.21416259
2.21416259
2.21416259
2.21416259
2.21416259
2.21416259
2.21416259
2.21416259
2.21416259
2.21416259
2.21416259
2.21416259
2.21416259
2.21416259
2.21416259
2.21416259
2.21416259
2.21416259
2.21416259
2.21416259
2.21416259
2.21416259
2.21416259
2.21416259
2.21416259
2.21416259
2.21416259
2.21416259
2.21416259
2.21416259
2.21416259
2.21416259
2.21416259
2.21416259
2.21416259
2.21416259
2.21416259
2.21416259
2.21416259
2.21416259
2.21416259
2.21416259
2.61469460
2.61469460
2.61469460
2.61469460
2.61469460
2.61469460
2.61469460
2.61469460
2.61469460
2.61469460
2.61469460
2.61469460
2.61469460
2.61469460
2.61469460
2.61469460
2.61469460
2.61469460
2.61469460
2.61469460
2.61469460
2.61469460
2.61469460
2.61469460
2.61469460
2.61469460
2.61469460
2.61469460
2.61469460
2.61469460
2.61469460
2.61469460
2.61469460
2.61469460
2.61469460
2.61469460
2.61469460
2.61469460
2.61469460
2.61469460
2.61469460
2.61469460
2.61469460
2.61469460
2.61469460
1.47059011
1.47071159
1.47089398
1.47118568
1.47158706
1.47201300
1.47243917
1.47297525
1.47343862
1.47391438
1.47437835
1.47487926
1.47542930
1.47597992
1.47646952
1.47693515
1.47740090
1.47786701
1.47834575
1.47882473
1.47929168
1.47969747
1.48009121
1.48048520
1.48089159
1.48128593
1.48168051
1.48201358
1.48232210
1.48261845
1.48291492
1.48322380
1.48352051
1.48381722
1.48401523
1.48422551
1.48443604
1.48463404
1.48484457
1.48504281
1.48525345
1.48538983
1.48551381
1.48563778
1.48577416
1.48589814
1.48602223
1.48614633
1.48627043
1.48635721
1.48641932
1.48648143
1.48654342
1.48660553
1.48668003
1.48674214
1.48680425
1.48686624
1.48692834
1.48695326
1.48697805
1.48701537
1.48704016
1.48706508
1.12927544
1.11991823
1.11339664
1.10820472
1.10390246
1.10033357
1.09751141
1.09495938
1.09280157
1.09104002
1.08939731
1.08834493
1.08734107
1.08678341
1.08639205
1.08625948
1.08651149
1.08694267
1.08756030
1.08862448
1.08961082
1.09091294
1.09233892
1.09387612
1.09574127
1.09765351
1.09984410
1.10226190
1.10484123
1.10777712
1.11103380
1.11465156
1.11876392
1.12358713
1.12953341
1.13780034
1.15505469
1.48732603
1.48732603
1.48732603
1.48731351
1.48730111
1.48730111
1.48728871
1.48727632
1.48727632
1.48726380
1.48725140
1.48723900
1.48723900
1.48722661
1.48720169
1.48716438
1.48713958
1.48711479
1.48707747
1.48705256
1.48702776
1.48699045
1.48696566
1.48694086
1.48689115
1.48682904
1.48676693
1.48670483
1.48664272
1.48656833
1.48650622
1.48644412
1.48638213
1.48632002
1.48619592
1.48607183
1.48594785
1.48582375
1.48569977
1.48557580
1.48545182
1.48531544
1.48514199
1.48493135
1.48473310
1.48452270
1.48431218
1.48411417
1.48390388
1.48365653
1.48335981
1.48305082
1.48275435
1.48245800
1.48216164
1.48185325
1.48147094
1.48107648
1.48068225
1.48028815
1.47989440
1.47950077
1.47907043
1.47859132
1.47811246
1.47764623
1.47718024
1.47672677
1.47626138
1.47573519
1.47518480
1.47464705
1.47417080
1.47370696
1.47324347
1.47276807
1.47225654
1.47184265
1.47142887
1.47101545
1.47082102
1.47063875
1.47086966
2.21810818
2.21810818
2.21810818
2.21810818
2.21810818
2.21810818
2.21810818
2.21810818
2.21810818
2.21810818
2.21810818
2.21810818
2.21810818
2.21810818
2.21810818
2.21810818
2.21810818
2.21810818
2.21810818
2.21810818
2.21810818
2.21810818
2.21810818
2.21810818
2.21810818
2.21810818
2.21810818
2.59415555
2.59415555
2.59415555
2.59415555
2.59415555
2.59415555
2.59415555
2.59415555
2.59415555
2.59415555
2.59415555
2.59415555
2.59415555
2.59415555
2.59415555
2.59415555
2.59415555
2.59415555
2.59415555
2.59415555
2.59415555
2.59415555
2.59415555
2.59415555
2.59415555
2.59415555
2.59415555
2.59415555
2.59415555
2.59415555
2.59415555
2.59415555
1.45958078
1.45906627
1.45930552
1.45968843
1.46023929
1.46079051
1.46152222
1.46221852
1.46285546
1.46356499
1.46431148
1.46505868
1.46579468
1.46655548
1.46725667
1.46792209
1.46858823
1.46925497
1.46992218
1.47059011
1.47125864
1.47183037
1.47240269
1.47297525
1.47353613
1.47410977
1.47467148
1.47522151
1.47569847
1.47618794
1.47666550
1.47714341
1.47762167
1.47810018
1.47850537
1.47889841
1.47927940
1.47967291
1.48005426
1.48044825
1.48080540
1.48110104
1.48138463
1.48168051
1.48197663
1.48227274
1.48255670
1.48277903
1.48298907
1.48318672
1.48338449
1.48358226
1.48378015
1.48397803
1.48413897
1.48426270
1.48438644
1.48449790
1.48462164
1.48474550
1.48486936
1.48498082
1.48508000
1.48514199
1.48520386
1.48526585
1.48532784
1.48538983
1.48545182
1.48551381
1.48557580
1.48563778
1.48566258
1.48569977
1.48572457
1.48574936
1.48577416
1.13427663
1.12391353
1.11702979
1.11167908
1.10721207
1.10354662
1.10061252
1.09790397
1.09576821
1.09392989
1.09226513
1.09109342
1.09004450
1.08937740
1.08894420
1.08873105
1.08879769
1.08915079
1.08989096
1.09074581
1.09166896
1.09289551
1.09424591
1.09573460
1.09749103
1.09932113
1.10148430
1.10382724
1.10633123
1.10924757
1.11242938
1.11595833
1.12003100
1.12484384
1.13070297
1.13864458
1.15417099
1.48602223
1.48602223
1.48600984
1.48600984
1.48599744
1.48598504
1.48598504
1.48597264
1.48596025
1.48596025
1.48594785
1.48593533
1.48593533
1.48592293
1.48589814
1.48587334
1.48583615
1.48581135
1.48578656
1.48576176
1.48573697
1.48569977
1.48567498
1.48565018
1.48560059
1.48553860
1.48547661
1.48541462
1.48535264
1.48529065
1.48522866
1.48516667
1.48510480
1.48504281
1.48491895
1.48479509
1.48467124
1.48454738
1.48443604
1.48431218
1.48418844
1.48406470
1.48386681
1.48366880
1.48347104
1.48327327
1.48307550
1.48287785
1.48268020
1.48240852
1.48211229
1.48181617
1.48152018
1.48123670
1.48094094
1.48063290
1.48025119
1.47985744
1.47947609
1.47909498
1.47870183
1.47832119
1.47786701
1.47738862
1.47691059
1.47644508
1.47596765
1.47549045
1.47498918
1.47442722
1.47386563
1.47329223
1.47273159
1.47217131
1.47161138
1.47099113
1.47033501
1.46966732
1.46901238
1.46834588
1.46769214
1.46702683
1.46628976
1.46555328
1.46481764
1.46408272
1.46333647
1.46266305
1.46203840
1.46131825
1.46063471
1.46009552
1.45954490
1.45924568
1.45900655
2.22203994
2.22203994
2.22203994
2.22203994
2.22203994
2.22203994
2.22203994
2.22203994
2.22203994
2.22203994
2.22203994
2.22203994
2.22203994
2.22203994
2.22203994
2.57397389
2.57397389
2.57397389
2.57397389
2.57397389
2.57397389
2.57397389
2.57397389
2.57397389
2.57397389
2.57397389
2.57397389
2.57397389
2.57397389
2.57397389
2.57397389
2.57397389
2.57397389
2.57397389
2.57397389
2.57397389
2.57397389
2.57397389
1.44767463
1.44793367
1.44846392
1.44911242
1.44984424
1.45067132
1.45149934
1.45245874
1.45343125
1.45440495
1.45530868
1.45618975
1.45707178
1.45796680
1.45885110
1.45973635
1.46063471
1.46140218
1.46218252
1.46295154
1.46372151
1.46449220
1.46526372
1.46601200
1.46667635
1.46732914
1.46798265
1.46863663
1.46927917
1.46993434
1.47054160
1.47110057
1.47164786
1.47220778
1.47275591
1.47331667
1.47386563
1.47435391
1.47481811
1.47528255
1.47574735
1.47622466
1.47669005
1.47713125
1.47751129
1.47786701
1.47821069
1.47856677
1.47891068
1.47926712
1.47952533
1.47979593
1.48005426
1.48032510
1.48058367
1.48085463
1.48107648
1.48126125
1.48143387
1.48161888
1.48179150
1.48197663
1.48216164
1.48230982
1.48242092
1.48253202
1.48263085
1.48274195
1.48285317
1.48296428
1.48307550
1.48317432
1.48322380
1.48327327
1.48333502
1.48338449
1.48343396
1.48349571
1.48354518
1.48360705
1.48365653
1.48369360
1.48370600
1.48373067
1.48375547
1.48378015
1.13951206
1.12780154
1.12063038
1.11493790
1.11047244
1.10678530
1.10366297
1.10085762
1.09864259
1.09672701
1.09506047
1.09384251
1.09276128
1.09198368
1.09150827
1.09118712
1.09110022
1.09140122
1.09201717
1.09285522
1.09374166
1.09487855
1.09609890
1.09759939
1.09923959
1.10104823
1.10313630
1.10538316
1.10789442
1.11072874
1.11383557
1.11730325
1.12138581
1.12614620
1.13195407
1.13955581
1.15349030
1.48397803
1.48399043
1.48397803
1.48397803
1.48396575
1.48396575
1.48395336
1.48395336
1.48394096
1.48394096
1.48392856
1.48392856
1.48391628
1.48390388
1.48389149
1.48386681
1.48384202
1.48381722
1.48379254
1.48376775
1.48374307
1.48371828
1.48369360
1.48368120
1.48363173
1.48358226
1.48352051
1.48347104
1.48342156
1.48335981
1.48331034
1.48324847
1.48319912
1.48312497
1.48301375
1.48291492
1.48280370
1.48269260
1.48258138
1.48247027
1.48237157
1.48224807
1.48206294
1.48189020
1.48170519
1.48153257
1.48134756
1.48116267
1.48097789
1.48071921
1.48046052
1.48018968
1.47993124
1.47966063
1.47940242
1.47909498
1.47875094
1.47839487
1.47805107
1.47769523
1.47732735
1.47693515
1.47646952
1.47600436
1.47553945
1.47507477
1.47461045
1.47414637
1.47363377
1.47307277
1.47252440
1.47197652
1.47142887
1.47086966
1.47032285
1.46967947
1.46903670
1.46839440
1.46774054
1.46709943
1.46644676
1.46577048
1.46501052
1.46423924
1.46348083
1.46271122
1.46195436
1.46118629
1.46038306
1.45950902
1.45862389
1.45775187
1.45686901
1.45599914
1.45511830
1.45420301
1.45325315
1.45229280
1.45136917
1.45054126
1.44972610
1.44902980
1.44836962
1.44789827
1.44779229
2.22601342
2.22601342
2.22601342
2.22601342
2.22601342
2.55406737
2.55406737
2.55406737
2.55406737
2.55406737
2.55406737
2.55406737
2.55406737
2.55406737
2.55406737
2.55406737
2.55406737
2.55406737
2.55406737
2.55406737
1.43650579
1.43684196
1.43756151
1.43838620
1.43940973
1.44034159
1.44141459
1.44248927
1.44358885
1.44471371
1.44584024
1.44696856
1.44796896
1.44897091
1.44997406
1.45097876
1.45198476
1.45299220
1.45397735
1.45485675
1.45573711
1.45660675
1.45747745
1.45834911
1.45920980
1.46003568
1.46079051
1.46153414
1.46229064
1.46304774
1.46379375
1.46455252
1.46522760
1.46587920
1.46653128
1.46717203
1.46775270
1.46834588
1.46893966
1.46943688
1.46994650
1.47044432
1.47094262
1.47145331
1.47195208
1.47242701
1.47284126
1.47326791
1.47369480
1.47412193
1.47454929
1.47496474
1.47531927
1.47567391
1.47601664
1.47637165
1.47672677
1.47708213
1.47736418
1.47763395
1.47789156
1.47816157
1.47843170
1.47868955
1.47893524
1.47911966
1.47930396
1.47948849
1.47966063
1.47983289
1.47999275
1.48012817
1.48022664
1.48032510
1.48041129
1.48050976
1.48059595
1.48069453
1.48078072
1.48087931
1.48092854
1.48096550
1.48101485
1.48106408
1.48110104
1.48115039
1.48119974
1.48124897
1.48128593
1.48132300
1.48133528
1.48135996
1.48137224
1.48139691
1.14460456
1.13182449
1.12411225
1.11819470
1.11361253
1.10993230
1.10671651
1.10383403
1.10151839
1.09954524
1.09778214
1.09651756
1.09533000
1.09458911
1.09401059
1.09366095
1.09354675
1.09370136
1.09414506
1.09496617
1.09578180
1.09685540
1.09795141
1.09945691
1.10098696
1.10276723
1.10478628
1.10694361
1.10946190
1.11222088
1.11525917
1.11874986
1.12277925
1.12748003
1.13320792
1.14073884
1.15394652
1.48155725
1.48155725
1.48155725
1.48155725
1.48154485
1.48154485
1.48153257
1.48153257
1.48153257
1.48152018
1.48152018
1.48152018
1.48150790
1.48149550
1.48148322
1.48145854
1.48144627
1.48142159
1.48140919
1.48138463
1.48137224
1.48134756
1.48133528
1.48131061
1.48127365
1.48122430
1.48117507
1.48112571
1.48108876
1.48103952
1.48099017
1.48095322
1.48090398
1.48083007
1.48074377
1.48064530
1.48055899
1.48046052
1.48036206
1.48027587
1.48017740
1.48006666
1.47990668
1.47974670
1.47957456
1.47939003
1.47921801
1.47903359
1.47883701
1.47856677
1.47829664
1.47803879
1.47776890
1.47751129
1.47724152
1.47691059
1.47656751
1.47621238
1.47586977
1.47551489
1.47516036
1.47478139
1.47436619
1.47393882
1.47351182
1.47309721
1.47267067
1.47224426
1.47175741
1.47124648
1.47074807
1.47025001
1.46975231
1.46925497
1.46872151
1.46812797
1.46754694
1.46694219
1.46630180
1.46566188
1.46502256
1.46431148
1.46356499
1.46281934
1.46206236
1.46131825
1.46057475
1.45983219
1.45899451
1.45813406
1.45727456
1.45641601
1.45554674
1.45467842
1.45379913
1.45281434
1.45181894
1.45082498
1.44983244
1.44882929
1.44783938
1.44685090
1.44573450
1.44461989
1.44350696
1.44243073
1.44136786
1.44030654
1.43939817
1.43838620
2.53446627
2.53446627
2.53446627
2.53446627
2.53446627
2.53446627
2.53446627
2.53446627
1.42556500
1.42603326
1.42686772
1.42789781
1.42902124
1.43021536
1.43139994
1.43260956
1.43384433
1.43509281
1.43634343
1.43758464
1.43876994
1.43989885
1.44101787
1.44213867
1.44326115
1.44438541
1.44549978
1.44654524
1.44753337
1.44851100
1.44949007
1.45048213
1.45146382
1.45244682
1.45334816
1.45421493
1.45508265
1.45593953
1.45678556
1.45757282
1.45836103
1.45905435
1.45973635
1.46041906
1.46109033
1.46178627
1.46247077
1.46313202
1.46370947
1.46429944
1.46489000
1.46548092
1.46607232
1.46666420
1.46719611
1.46770430
1.46820056
1.46870935
1.46921849
1.46966732
1.47009218
1.47046864
1.47083318
1.47121000
1.47157490
1.47195208
1.47232962
1.47264624
1.47295094
1.47325563
1.47356057
1.47387779
1.47418296
1.47445166
1.47468376
1.47491586
1.47514808
1.47538042
1.47561276
1.47584522
1.47600436
1.47615123
1.47631037
1.47646952
1.47662878
1.47678804
1.47694731
1.47704542
1.47714341
1.47722924
1.47732735
1.47742546
1.47752357
1.47762167
1.47770751
1.47775662
1.47780573
1.47785473
1.47790384
1.47795296
1.47800195
1.47805107
1.47810018
1.47814929
1.47817385
1.47819841
1.47821069
1.47823524
1.47825980
1.15153527
1.13602126
1.12765861
1.12149882
1.11680555
1.11297894
1.10962784
1.10675085
1.10441613
1.10235059
1.10051727
1.09920573
1.09789038
1.09714603
1.09644997
1.09611917
1.09599090
1.09600437
1.09644318
1.09708524
1.09782267
1.09881210
1.09986448
1.10127306
1.10273302
1.10448468
1.10644126
1.10852909
1.11101997
1.11371708
1.11668646
1.12020016
1.12417614
1.12881708
1.13452244
1.14203429
1.15463519
1.47843170
1.47844398
1.47843170
1.47843170
1.47843170
1.47841942
1.47841942
1.47840714
1.47840714
1.47839487
1.47839487
1.47838259
1.47838259
1.47837031
1.47834575
1.47833347
1.47830892
1.47828436
1.47827208
1.47824752
1.47822297
1.47821069
1.47818613
1.47816157
1.47812474
1.47807562
1.47802651
1.47797751
1.47792840
1.47787929
1.47783017
1.47778118
1.47774434
1.47767079
1.47757256
1.47747445
1.47738862
1.47729051
1.47719252
1.47709441
1.47699642
1.47687387
1.47672677
1.47656751
1.47640836
1.47624922
1.47609007
1.47593093
1.47574735
1.47551489
1.47528255
1.47505033
1.47481811
1.47458601
1.47435391
1.47404873
1.47374356
1.47343862
1.47313380
1.47282898
1.47252440
1.47217131
1.47180605
1.47142887
1.47106409
1.47069955
1.47032285
1.46993434
1.46949756
1.46902454
1.46852767
1.46801901
1.46752274
1.46702683
1.46645880
1.46587920
1.46528792
1.46470916
1.46411884
1.46354103
1.46295154
1.46226656
1.46159422
1.46091044
1.46023929
1.45955682
1.45887494
1.45816994
1.45739388
1.45660675
1.45576096
1.45490432
1.45404851
1.45319390
1.45226908
1.45129812
1.45032859
1.44936013
1.44838130
1.44741559
1.44645119
1.44540584
1.44430339
1.44319093
1.44208026
1.44097126
1.43986392
1.43875825
1.43759632
1.43636668
2.51519942
1.41480088
1.41492462
1.41572356
1.41674900
1.41795647
1.41925669
1.42054784
1.42186415
1.42320561
1.42456102
1.42591894
1.42726815
1.42863131
1.42987072
1.43111229
1.43234444
1.43359029
1.43481517
1.43603063
1.43724811
1.43836296
1.43946803
1.44056308
1.44165981
1.44275820
1.44385827
1.44496000
1.44595766
1.44685090
1.44773340
1.44862890
1.44952548
1.45041120
1.45129812
1.45207953
1.45286179
1.45364487
1.45442879
1.45522535
1.45601106
1.45674980
1.45742965
1.45811021
1.45877934
1.45937729
1.45997584
1.46057475
1.46110237
1.46161819
1.46212244
1.46263909
1.46315598
1.46368539
1.46417904
1.46461272
1.46504664
1.46549296
1.46593952
1.46638632
1.46682131
1.46720827
1.46757114
1.46794629
1.46832168
1.46869731
1.46900034
1.46927917
1.46953392
1.46978867
1.47003150
1.47028649
1.47054160
1.47077239
1.47096682
1.47114921
1.47134376
1.47152627
1.47172093
1.47191560
1.47204947
1.47217131
1.47230518
1.47242701
1.47256100
1.47269499
1.47282898
1.47291434
1.47298753
1.47306061
1.47313380
1.47321916
1.47330451
1.47337759
1.47346306
1.47349966
1.47353613
1.47357273
1.47360933
1.47365820
1.47369480
1.47373140
1.47376800
1.47381675
1.47384119
1.47385347
1.47386563
1.47389007
1.47390223
1.16243935
1.14005935
1.13132811
1.12499321
1.12002397
1.11600733
1.11252677
1.10953796
1.10720527
1.10508811
1.10326612
1.10181844
1.10046291
1.09965384
1.09889352
1.09850705
1.09816813
1.09832394
1.09868324
1.09913778
1.09987807
1.10074866
1.10180473
1.10308838
1.10449159
1.10621440
1.10808063
1.11017454
1.11258936
1.11521721
1.11820877
1.12167549
1.12561917
1.13023627
1.13589072
1.14335465
1.15564716
1.47404873
1.47404873
1.47404873
1.47404873
1.47404873
1.47403646
1.47403646
1.47403646
1.47402430
1.47402430
1.47401202
1.47401202
1.47401202
1.47399986
1.47398770
1.47397542
1.47395110
1.47393882
1.47391438
1.47390223
1.47387779
1.47386563
1.47385347
1.47382903
1.47379243
1.47375584
1.47371924
1.47368264
1.47364593
1.47360933
1.47356057
1.47352397
1.47348738
1.47342646
1.47335327
1.47328007
1.47319472
1.47312152
1.47303629
1.47296309
1.47287774
1.47278035
1.47264624
1.47252440
1.47239041
1.47225654
1.47213471
1.47200084
1.47184265
1.47164786
1.47146547
1.47127080
1.47108841
1.47089398
1.47069955
1.47044432
1.47018933
1.46994650
1.46969163
1.46943688
1.46919429
1.46889114
1.46855187
1.46818852
1.46781313
1.46745014
1.46707523
1.46667635
1.46622932
1.46579468
1.46536028
1.46491408
1.46448016
1.46403456
1.46352899
1.46301174
1.46249485
1.46199036
1.46147418
1.46095836
1.46041906
1.45982015
1.45922184
1.45862389
1.45794296
1.45727456
1.45659482
1.45584428
1.45505881
1.45428622
1.45350242
1.45271945
1.45194924
1.45116806
1.45028126
1.44939554
1.44851100
1.44763923
1.44675684
1.44586372
1.44486618
1.44378793
1.44269967
1.44161308
1.44052804
1.43944466
1.43836296
1.43725967
1.43606532
1.43486142
1.40886593
1.41026127
1.41171527
1.41317225
1.41464341
1.41610646
1.41757262
1.41896248
1.42030990
1.42164838
1.42298949
1.42432165
1.42565632
1.42698205
1.42827594
1.42948031
1.43069816
1.43190658
1.43311703
1.43432963
1.43554413
1.43663323
1.43761945
1.43861878
1.43960774
1.44060969
1.44161308
1.44260609
1.44356549
1.44445574
1.44534719
1.44623959
1.44713318
1.44802785
1.44880569
1.44952548
1.45021033
1.45089602
1.45158219
1.45228100
1.45296848
1.45365667
1.45425057
1.45484483
1.45543957
1.45604670
1.45664251
1.45723879
1.45779967
1.45825350
1.45867169
1.45909023
1.45952094
1.45993984
1.46037114
1.46071863
1.46107829
1.46143818
1.46181023
1.46217048
1.46253085
1.46285546
1.46315598
1.46346879
1.46376967
1.46408272
1.46438384
1.46467292
1.46492612
1.46517932
1.46539640
1.46557748
1.46574640
1.46591532
1.46606028
1.46619308
1.46632600
1.46645880
1.46659172
1.46672463
1.46682131
1.46691811
1.46700263
1.46709943
1.46718407
1.46728086
1.46737754
1.46743810
1.46748650
1.46754694
1.46759534
1.46765590
1.46771634
1.46776474
1.46782529
1.46786165
1.46788585
1.46791005
1.46793425
1.46797049
1.46799481
1.46801901
1.46805525
1.46807945
1.46810377
1.46811581
1.46812797
1.46812797
1.46814001
1.46816432
1.14420724
1.13484073
1.12833774
1.12326097
1.11902416
1.11543393
1.11236691
1.10995996
1.10771513
1.10593259
1.10441613
1.10307479
1.10214591
1.10134125
1.10087121
1.10049689
1.10048330
1.10078275
1.10120499
1.10194802
1.10269892
1.10373819
1.10494411
1.10628998
1.10797715
1.10975933
1.11185277
1.11420500
1.11677754
1.11978447
1.12319016
1.12708747
1.13165903
1.13725507
1.14473701
1.15675867
1.46826112
1.46826112
1.46826112
1.46826112
1.46824908
1.46824908
1.46824908
1.46824908
1.46823692
1.46823692
1.46823692
1.46822476
1.46822476
1.46822476
1.46821272
1.46820056
1.46818852
1.46817636
1.46816432
1.46815217
1.46814001
1.46812797
1.46811581
1.46809161
1.46806741
1.46804321
1.46801901
1.46799481
1.46797049
1.46793425
1.46791005
1.46787369
1.46784949
1.46781313
1.46775270
1.46770430
1.46764374
1.46759534
1.46753490
1.46747434
1.46741390
1.46734130
1.46725667
1.46715987
1.46707523
1.46697855
1.46689391
1.46679723
1.46667635
1.46654344
1.46641052
1.46627760
1.46614480
1.46601200
1.46586704
1.46569812
1.46551704
1.46533608
1.46509492
1.46484172
1.46460068
1.46429944
1.46398640
1.46368539
1.46338451
1.46307182
1.46277130
1.46243477
1.46207440
1.46171427
1.46135426
1.46099436
1.46063471
1.46025133
1.45983219
1.45941317
1.45899451
1.45857608
1.45814598
1.45766830
1.45710754
1.45651138
1.45591581
1.45532060
1.45472586
1.45413172
1.45352614
1.45284986
1.45216250
1.45147574
1.45080137
1.45011592
1.44943094
1.44871140
1.44791007
1.44702733
1.44614565
1.44526494
1.44438541
1.44350696
1.44255936
1.44156635
1.44058633
1.43959606
1.43860710
1.43763113
1.43664491
1.43557894
1.43438745
1.43318629
1.40718424
1.40863180
1.41008246
1.41154730
1.41300392
1.41444111
1.41588128
1.41731298
1.41863453
1.41994727
1.42126238
1.42258000
1.42390013
1.42522252
1.42642176
1.42755425
1.42865419
1.42974436
1.43084764
1.43195271
1.43304789
1.43415630
1.43518543
1.43618119
1.43717837
1.43808413
1.43896759
1.43984056
1.44071460
1.44150794
1.44227886
1.44306231
1.44384646
1.44463158
1.44541752
1.44616914
1.44686270
1.44749796
1.44806325
1.44862890
1.44919503
1.44976151
1.45026946
1.45075405
1.45123899
1.45173609
1.45222175
1.45271945
1.45319390
1.45360923
1.45403671
1.45446444
1.45476162
1.45505881
1.45536816
1.45561814
1.45588005
1.45613015
1.45638037
1.45664251
1.45689285
1.45713139
1.45734608
1.45756090
1.45777583
1.45799077
1.45820570
1.45842075
1.45860004
1.45877934
1.45893478
1.45900655
1.45907831
1.45915008
1.45920980
1.45925772
1.45931756
1.45936537
1.45942521
1.45948505
1.45952094
1.45955682
1.45959270
1.45962858
1.45966458
1.45971239
1.45974839
1.45977223
1.45978427
1.45980823
1.45983219
1.45985603
1.45987999
1.45990396
1.45992792
1.45993984
1.45995188
1.45996380
1.45997584
1.45998776
1.45999980
1.46001172
1.46002376
1.46003568
1.46004772
1.46004772
1.46004772
1.46005964
1.46005964
1.46007156
1.14811873
1.13847709
1.13155830
1.12635279
1.12202191
1.11834919
1.11521029
1.11267281
1.11035466
1.10850847
1.10693669
1.10556853
1.10460806
1.10375869
1.10324562
1.10284925
1.10265791
1.10293126
1.10328674
1.10395730
1.10466290
1.10564411
1.10680592
1.10810816
1.10973859
1.11145008
1.11353588
1.11583245
1.11834919
1.12136459
1.12473023
1.12857378
1.13309979
1.13875389
1.14625561
1.15787971
1.46010756
1.46010756
1.46010756
1.46010756
1.46010756
1.46010756
1.46010756
1.46010756
1.46010756
1.46009552
1.46009552
1.46009552
1.46009552
1.46009552
1.46009552
1.46008360
1.46008360
1.46007156
1.46007156
1.46005964
1.46005964
1.46004772
1.46004772
1.46004772
1.46003568
1.46002376
1.46001172
1.45999980
1.45998776
1.45997584
1.45996380
1.45995188
1.45993984
1.45992792
1.45990396
1.45987999
1.45985603
1.45983219
1.45980823
1.45978427
1.45976031
1.45973635
1.45970047
1.45966458
1.45962858
1.45959270
1.45954490
1.45950902
1.45946109
1.45941317
1.45935345
1.45930552
1.45924568
1.45919788
1.45913804
1.45906627
1.45899451
1.45891082
1.45873153
1.45855224
1.45837295
1.45815790
1.45794296
1.45772803
1.45751321
1.45729840
1.45708370
1.45684516
1.45658290
1.45633268
1.45608246
1.45582044
1.45557046
1.45529675
1.45499945
1.45470214
1.45438123
1.45395350
1.45353806
1.45311081
1.45263648
1.45215058
1.45166504
1.45116806
1.45068312
1.45019853
1.44967890
1.44912422
1.44855821
1.44799256
1.44743919
1.44678032
1.44609857
1.44534719
1.44457293
1.44379961
1.44302714
1.44224381
1.44147301
1.44069123
1.43981731
1.43895602
1.43808413
1.43719006
1.43620443
1.43522012
1.43421400
1.43311703
1.43203330
1.43095124
1.40548420
1.40692842
1.40834212
1.40976977
1.41120040
1.41262269
1.41405904
1.41543090
1.41670382
1.41788876
1.41908693
1.42028713
1.42147803
1.42267096
1.42387724
1.42507422
1.42617035
1.42724526
1.42819571
1.42915893
1.43012345
1.43110073
1.43205631
1.43292093
1.43378663
1.43466485
1.43554413
1.43641305
1.43719006
1.43787503
1.43851411
1.43914211
1.43978238
1.44042313
1.44106448
1.44170642
1.44227886
1.44283998
1.44340158
1.44391680
1.44430339
1.44470191
1.44507730
1.44541752
1.44575799
1.44611037
1.44645119
1.44680381
1.44714499
1.44743919
1.44773340
1.44803965
1.44820464
1.44832242
1.44844031
1.44854641
1.44865251
1.44875860
1.44885290
1.44895911
1.44906521
1.44915962
1.44924223
1.44933665
1.44941914
1.44951367
1.44959629
1.44959629
1.44959629
1.44959629
1.44959629
1.44959629
1.44959629
1.44959629
1.44959629
1.44959629
1.44959629
1.44959629
1.44959629
1.44959629
1.44959629
1.44959629
1.44959629
1.44959629
1.44959629
1.44959629
1.44959629
1.44959629
1.44959629
1.44959629
1.44959629
1.44959629
1.44959629
1.44959629
1.44959629
1.44959629
1.44959629
1.44959629
1.44959629
1.44959629
1.44959629
1.44959629
1.44959629
1.44959629
1.44959629
1.44959629
1.44959629
1.44959629
1.44959629
1.44959629
1.15273595
1.14183652
1.13481903
1.12931848
1.12480831
1.12109625
1.11806822
1.11538494
1.11300671
1.11108232
1.10946882
1.10802543
1.10703313
1.10608375
1.10558224
1.10512924
1.10494411
1.10508811
1.10541070
1.10597384
1.10662699
1.10756350
1.10865343
1.10993922
1.11148477
1.11314595
1.11521721
1.11745763
1.11998165
1.12295628
1.12631011
1.13015735
1.13470328
1.14033687
1.14778554
1.15941072
1.44959629
1.44959629
1.44959629
1.44959629
1.44959629
1.44959629
1.44959629
1.44959629
1.44959629
1.44959629
1.44959629
1.44959629
1.44959629
1.44959629
1.44959629
1.44959629
1.44959629
1.44959629
1.44959629
1.44959629
1.44959629
1.44959629
1.44959629
1.44959629
1.44959629
1.44959629
1.44959629
1.44959629
1.44959629
1.44959629
1.44959629
1.44959629
1.44959629
1.44959629
1.44959629
1.44959629
1.44959629
1.44959629
1.44959629
1.44959629
1.44959629
1.44959629
1.44959629
1.44959629
1.44959629
1.44959629
1.44959629
1.44959629
1.44959629
1.44959629
1.44959629
1.44959629
1.44959629
1.44959629
1.44959629
1.44959629
1.44959629
1.44959629
1.44959629
1.44959629
1.44959629
1.44958448
1.44950187
1.44940734
1.44932485
1.44924223
1.44914782
1.44905341
1.44894731
1.44885290
1.44874680
1.44864070
1.44853461
1.44842851
1.44831061
1.44819283
1.44800436
1.44770992
1.44740379
1.44710970
1.44676852
1.44642770
1.44608688
1.44573450
1.44539404
1.44505382
1.44467854
1.44427991
1.44388163
1.44336653
1.44280493
1.44225550
1.44168305
1.44105291
1.44041145
1.43978238
1.43914211
1.43851411
1.43787503
1.43720162
1.43643618
1.43556738
1.43471110
1.43384433
1.43297863
1.43212545
1.43118131
1.43022680
1.42927372
1.42832172
1.40360022
1.40508485
1.40637255
1.40766275
1.40894401
1.41023886
1.41153610
1.41284692
1.41414893
1.41537464
1.41656852
1.41762900
1.41867983
1.41973209
1.42078602
1.42184138
1.42284155
1.42379761
1.42475486
1.42572486
1.42660463
1.42739403
1.42819571
1.42892945
1.42964101
1.43035328
1.43106627
1.43177986
1.43250585
1.43320942
1.43365955
1.43409848
1.43454921
1.43500030
1.43545163
1.43590319
1.43632030
1.43671441
1.43710876
1.43746853
1.43763113
1.43779373
1.43794465
1.43808413
1.43821192
1.43835139
1.43850243
1.43864202
1.43878150
1.43888617
1.43888617
1.43888617
1.43888617
1.43888617
1.43888617
1.43888617
1.43888617
1.43888617
1.43888617
1.43888617
1.43888617
1.43888617
1.43888617
1.43888617
1.43888617
1.43888617
1.43888617
1.43888617
1.43888617
1.43888617
1.43888617
1.43888617
1.43888617
1.43888617
1.43888617
1.43888617
1.43888617
1.43888617
1.43888617
1.43888617
1.43888617
1.43888617
1.43888617
1.43888617
1.43888617
1.43888617
1.43888617
1.43888617
1.43888617
1.43888617
1.43888617
1.43888617
1.43888617
1.43888617
1.43888617
1.43888617
1.43888617
1.43888617
1.43888617
1.43888617
1.43888617
1.43888617
1.43888617
1.43888617
1.43888617
1.43888617
1.43888617
1.43888617
1.43888617
1.43888617
1.15701425
1.14530420
1.13788760
1.13225651
1.12760150
1.12375033
1.12070799
1.11801207
1.11563659
1.11367524
1.11198473
1.11049318
1.10944116
1.10842562
1.10788751
1.10737050
1.10715699
1.10715020
1.10747385
1.10801852
1.10858440
1.10951722
1.11052084
1.11180413
1.11328518
1.11493790
1.11695969
1.11915779
1.12169671
1.12464488
1.12796593
1.13178849
1.13637662
1.14200497
1.14943838
1.16128659
1.43888617
1.43888617
1.43888617
1.43888617
1.43888617
1.43888617
1.43888617
1.43888617
1.43888617
1.43888617
1.43888617
1.43888617
1.43888617
1.43888617
1.43888617
1.43888617
1.43888617
1.43888617
1.43888617
1.43888617
1.43888617
1.43888617
1.43888617
1.43888617
1.43888617
1.43888617
1.43888617
1.43888617
1.43888617
1.43888617
1.43888617
1.43888617
1.43888617
1.43888617
1.43888617
1.43888617
1.43888617
1.43888617
1.43888617
1.43888617
1.43888617
1.43888617
1.43888617
1.43888617
1.43888617
1.43888617
1.43888617
1.43888617
1.43888617
1.43888617
1.43888617
1.43888617
1.43888617
1.43888617
1.43888617
1.43888617
1.43888617
1.43888617
1.43888617
1.43888617
1.43888617
1.43888617
1.43888617
1.43888617
1.43888617
1.43888617
1.43888617
1.43888617
1.43888617
1.43888617
1.43888617
1.43888617
1.43888617
1.43888617
1.43888617
1.43888617
1.43888617
1.43888617
1.43888617
1.43876994
1.43864202
1.43850243
1.43836296
1.43822348
1.43808413
1.43794465
1.43779373
1.43763113
1.43746853
1.43712044
1.43672597
1.43633187
1.43591475
1.43547475
1.43502343
1.43457234
1.43413317
1.43368268
1.43323243
1.43255198
1.43183744
1.43113530
1.43042219
1.42972136
1.42900980
1.42828739
1.42750847
1.42671907
1.42586184
1.42491448
1.40105927
1.40246117
1.40379941
1.40508485
1.40638375
1.40752912
1.40865409
1.40979207
1.41093194
1.41207361
1.41311610
1.41416025
1.41520584
1.41619658
1.41705346
1.41792262
1.41879284
1.41957355
1.42035520
1.42113757
1.42193234
1.42270505
1.42327392
1.42382038
1.42432165
1.42481184
1.42531383
1.42581618
1.42633033
1.42683339
1.42707360
1.42725670
1.42742836
1.42761159
1.42779469
1.42797804
1.42814982
1.42831028
1.42833328
1.42833328
1.42833328
1.42833328
1.42833328
1.42833328
1.42833328
1.42833328
1.42833328
1.42833328
1.42834473
1.42834473
1.42834473
1.42834473
1.42833328
1.42833328
1.42833328
1.42833328
1.42833328
1.42833328
1.42833328
1.42833328
1.42833328
1.42833328
1.42833328
1.42833328
1.42833328
1.42833328
1.42833328
1.42833328
1.42833328
1.42833328
1.42833328
1.42833328
1.42833328
1.42833328
1.42833328
1.42833328
1.42833328
1.42833328
1.42833328
1.42833328
1.42833328
1.42833328
1.42833328
1.42833328
1.42833328
1.42833328
1.42833328
1.42833328
1.42833328
1.42833328
1.42833328
1.42833328
1.42833328
1.42833328
1.42833328
1.42833328
1.42833328
1.42833328
1.42833328
1.42833328
1.42833328
1.42833328
1.42833328
1.42833328
1.42833328
1.42833328
1.42833328
1.42833328
1.42833328
1.42833328
1.16140783
1.14857054
1.14104593
1.13518810
1.13041568
1.12645972
1.12332475
1.12054574
1.11807525
1.11616135
1.11442828
1.11297202
1.11181796
1.11077726
1.11016762
1.10962784
1.10937893
1.10934436
1.10955179
1.11007762
1.11055553
1.11147785
1.11240864
1.11367524
1.11511242
1.11674249
1.11873579
1.12088442
1.12342405
1.12633860
1.12962663
1.13342440
1.13806224
1.14377344
1.15126717
1.16316855
1.42833328
1.42833328
1.42833328
1.42833328
1.42833328
1.42833328
1.42833328
1.42833328
1.42833328
1.42833328
1.42833328
1.42833328
1.42833328
1.42833328
1.42833328
1.42833328
1.42833328
1.42833328
1.42833328
1.42833328
1.42833328
1.42833328
1.42833328
1.42833328
1.42833328
1.42833328
1.42833328
1.42833328
1.42833328
1.42833328
1.42833328
1.42833328
1.42833328
1.42833328
1.42833328
1.42833328
1.42833328
1.42833328
1.42833328
1.42833328
1.42833328
1.42833328
1.42833328
1.42833328
1.42833328
1.42833328
1.42833328
1.42833328
1.42833328
1.42833328
1.42833328
1.42833328
1.42833328
1.42833328
1.42833328
1.42833328
1.42833328
1.42833328
1.42833328
1.42833328
1.42833328
1.42833328
1.42833328
1.42833328
1.42833328
1.42833328
1.42833328
1.42833328
1.42833328
1.42833328
1.42833328
1.42833328
1.42833328
1.42833328
1.42833328
1.42833328
1.42833328
1.42833328
1.42833328
1.42833328
1.42833328
1.42833328
1.42833328
1.42833328
1.42833328
1.42833328
1.42833328
1.42833328
1.42833328
1.42833328
1.42832172
1.42816138
1.42800093
1.42781770
1.42763448
1.42746270
1.42727959
1.42709649
1.42690206
1.42639887
1.42590761
1.42540514
1.42490315
1.42441285
1.42391145
1.42337632
1.42283022
1.42209136
1.42130780
1.42052519
1.39817595
1.39939606
1.40062928
1.40177643
1.40289223
1.40403199
1.40516245
1.40619481
1.40711749
1.40805244
1.40894401
1.40980327
1.41065240
1.41151369
1.41236484
1.41300392
1.41360986
1.41418266
1.41473341
1.41528463
1.41583622
1.41638815
1.41671515
1.41694069
1.41714370
1.41734684
1.41754997
1.41775322
1.41795647
1.41795647
1.41795647
1.41795647
1.41795647
1.41795647
1.41795647
1.41795647
1.41795647
1.41795647
1.41795647
1.41795647
1.41795647
1.41795647
1.41795647
1.41795647
1.41795647
1.41795647
1.41795647
1.41795647
1.41795647
1.41795647
1.41795647
1.41795647
1.41795647
1.41795647
1.41795647
1.41795647
1.41795647
1.41795647
1.41795647
1.41795647
1.41795647
1.41795647
1.41795647
1.41795647
1.41795647
1.41795647
1.41795647
1.41795647
1.41795647
1.41795647
1.41795647
1.41795647
1.41795647
1.41795647
1.41795647
1.41795647
1.41795647
1.41795647
1.41795647
1.41795647
1.41795647
1.41795647
1.41795647
1.41795647
1.41795647
1.41795647
1.41795647
1.41795647
1.41795647
1.41795647
1.41795647
1.41795647
1.41795647
1.41795647
1.41795647
1.41795647
1.41795647
1.41795647
1.41795647
1.41795647
1.41795647
1.41795647
1.41795647
1.41795647
1.41795647
1.41795647
1.41795647
1.41795647
1.41795647
1.41795647
1.16665244
1.15204203
1.14397192
1.13806951
1.13324404
1.12921810
1.12593961
1.12309802
1.12053168
1.11860228
1.11679161
1.11532211
1.11414230
1.11309028
1.11244333
1.11189437
1.11164439
1.11155415
1.11164439
1.11208892
1.11256850
1.11340356
1.11430967
1.11554575
1.11693871
1.11856008
1.12049639
1.12260926
1.12515676
1.12805164
1.13134968
1.13521707
1.13991332
1.14565063
1.15310180
1.16527009
1.41795647
1.41795647
1.41795647
1.41795647
1.41795647
1.41795647
1.41795647
1.41795647
1.41795647
1.41795647
1.41795647
1.41795647
1.41795647
1.41795647
1.41795647
1.41795647
1.41795647
1.41795647
1.41795647
1.41795647
1.41795647
1.41795647
1.41795647
1.41795647
1.41795647
1.41795647
1.41795647
1.41795647
1.41795647
1.41795647
1.41795647
1.41795647
1.41795647
1.41795647
1.41795647
1.41795647
1.41795647
1.41795647
1.41795647
1.41795647
1.41795647
1.41795647
1.41795647
1.41795647
1.41795647
1.41795647
1.41795647
1.41795647
1.41795647
1.41795647
1.41795647
1.41795647
1.41795647
1.41795647
1.41795647
1.41795647
1.41795647
1.41795647
1.41795647
1.41795647
1.41795647
1.41795647
1.41795647
1.41795647
1.41795647
1.41795647
1.41795647
1.41795647
1.41795647
1.41795647
1.41795647
1.41795647
1.41795647
1.41795647
1.41795647
1.41795647
1.41795647
1.41795647
1.41795647
1.41795647
1.41795647
1.41795647
1.41795647
1.41795647
1.41795647
1.41795647
1.41795647
1.41795647
1.41795647
1.41795647
1.41795647
1.41795647
1.41795647
1.41795647
1.41795647
1.41795647
1.41795647
1.41795647
1.41795647
1.41795647
1.41779840
1.41759515
1.41740322
1.41720009
1.41699708
1.41678274
1.41654599
1.41599381
1.41544211
1.41490209
1.39464855
1.39582956
1.39682639
1.39782453
1.39873624
1.39964914
1.40057421
1.40150046
1.40239489
1.40304697
1.40369976
1.40429783
1.40489626
1.40549529
1.40609491
1.40648377
1.40672827
1.40697289
1.40718424
1.40740669
1.40762925
1.40770721
1.40770721
1.40770721
1.40770721
1.40770721
1.40770721
1.40770721
1.40770721
1.40770721
1.40770721
1.40770721
1.40770721
1.40770721
1.40770721
1.40770721
1.40770721
1.40770721
1.40770721
1.40770721
1.40770721
1.40770721
1.40770721
1.40770721
1.40770721
1.40770721
1.40770721
1.40770721
1.40770721
1.40770721
1.40770721
1.40770721
1.40770721
1.40770721
1.40770721
1.40770721
1.40770721
1.40770721
1.40770721
1.40770721
1.40770721
1.40770721
1.40770721
1.40770721
1.40770721
1.40770721
1.40770721
1.40770721
1.40770721
1.40770721
1.40770721
1.40770721
1.40770721
1.40770721
1.40770721
1.40770721
1.40770721
1.40770721
1.40770721
1.40770721
1.40770721
1.40770721
1.40770721
1.40770721
1.40770721
1.40770721
1.40770721
1.40770721
1.40770721
1.40770721
1.40770721
1.40770721
1.40770721
1.40770721
1.40770721
1.40770721
1.40770721
1.40770721
1.40770721
1.40770721
1.40770721
1.40770721
1.40770721
1.40770721
1.40770721
1.40770721
1.40770721
1.40770721
1.40770721
1.40770721
1.17226124
1.15557957
1.14692032
1.14079738
1.13589799
1.13196123
1.12857378
1.12563348
1.12303424
1.12101150
1.11916482
1.11764002
1.11643434
1.11533606
1.11467254
1.11403072
1.11373103
1.11364043
1.11376584
1.11412132
1.11458874
1.11536396
1.11621726
1.11744356
1.11878502
1.12041879
1.12232614
1.12442470
1.12699461
1.12989187
1.13317907
1.13707352
1.14177787
1.14752650
1.15506971
1.16752481
1.40770721
1.40770721
1.40770721
1.40770721
1.40770721
1.40770721
1.40770721
1.40770721
1.40770721
1.40770721
1.40770721
1.40770721
1.40770721
1.40770721
1.40770721
1.40770721
1.40770721
1.40770721
1.40770721
1.40770721
1.40770721
1.40770721
1.40770721
1.40770721
1.40770721
1.40770721
1.40770721
1.40770721
1.40770721
1.40770721
1.40770721
1.40770721
1.40770721
1.40770721
1.40770721
1.40770721
1.40770721
1.40770721
1.40770721
1.40770721
1.40770721
1.40770721
1.40770721
1.40770721
1.40770721
1.40770721
1.40770721
1.40770721
1.40770721
1.40770721
1.40770721
1.40770721
1.40770721
1.40770721
1.40770721
1.40770721
1.40770721
1.40770721
1.40770721
1.40770721
1.40770721
1.40770721
1.40770721
1.40770721
1.40770721
1.40770721
1.40770721
1.40770721
1.40770721
1.40770721
1.40770721
1.40770721
1.40770721
1.40770721
1.40770721
1.40770721
1.40770721
1.40770721
1.40770721
1.40770721
1.40770721
1.40770721
1.40770721
1.40770721
1.40770721
1.40770721
1.40770721
1.40770721
1.40770721
1.40770721
1.40770721
1.40770721
1.40770721
1.40770721
1.40770721
1.40770721
1.40770721
1.40770721
1.40770721
1.40770721
1.40770721
1.40770721
1.40770721
1.40770721
1.40770721
1.40770721
1.40770721
1.40770721
1.40749574
1.40727317
1.39013934
1.39113891
1.39212894
1.39288056
1.39354575
1.39418972
1.39483428
1.39547944
1.39613616
1.39647567
1.39673865
1.39699078
1.39722109
1.39746237
1.39760506
1.39760506
1.39760506
1.39760506
1.39760506
1.39760506
1.39760506
1.39760506
1.39760506
1.39760506
1.39760506
1.39760506
1.39760506
1.39760506
1.39760506
1.39760506
1.39760506
1.39760506
1.39760506
1.39760506
1.39760506
1.39760506
1.39760506
1.39760506
1.39760506
1.39760506
1.39760506
1.39760506
1.39760506
1.39760506
1.39760506
1.39760506
1.39760506
1.39760506
1.39760506
1.39760506
1.39760506
1.39760506
1.39760506
1.39760506
1.39760506
1.39760506
1.39760506
1.39760506
1.39760506
1.39760506
1.39760506
1.39760506
1.39760506
1.39760506
1.39760506
1.39760506
1.39760506
1.39760506
1.39760506
1.39760506
1.39760506
1.39760506
1.39760506
1.39760506
1.39760506
1.39760506
1.39760506
1.39760506
1.39760506
1.39760506
1.39760506
1.39760506
1.39760506
1.39760506
1.39760506
1.39760506
1.39760506
1.39760506
1.39760506
1.39760506
1.39760506
1.39760506
1.39760506
1.39760506
1.39760506
1.39760506
1.39760506
1.39760506
1.39760506
1.39760506
1.39760506
1.39760506
1.39760506
1.39760506
1.39760506
1.39760506
1.39760506
1.39760506
1.39760506
1.39760506
1.17989945
1.15892768
1.14986897
1.14355302
1.13854992
1.13448632
1.13106215
1.12810171
1.12554801
1.12342405
1.12154126
1.11996758
1.11872876
1.11758387
1.11688960
1.11620331
1.11583245
1.11571360
1.11582541
1.11616826
1.11660242
1.11735940
1.11816657
1.11939013
1.12069392
1.12231910
1.12420452
1.12627447
1.12886012
1.13173819
1.13501441
1.13893604
1.14367056
1.14949775
1.15723991
1.17063451
1.39760506
1.39760506
1.39760506
1.39760506
1.39760506
1.39760506
1.39760506
1.39760506
1.39760506
1.39760506
1.39760506
1.39760506
1.39760506
1.39760506
1.39760506
1.39760506
1.39760506
1.39760506
1.39760506
1.39760506
1.39760506
1.39760506
1.39760506
1.39760506
1.39760506
1.39760506
1.39760506
1.39760506
1.39760506
1.39760506
1.39760506
1.39760506
1.39760506
1.39760506
1.39760506
1.39760506
1.39760506
1.39760506
1.39760506
1.39760506
1.39760506
1.39760506
1.39760506
1.39760506
1.39760506
1.39760506
1.39760506
1.39760506
1.39760506
1.39760506
1.39760506
1.39760506
1.39760506
1.39760506
1.39760506
1.39760506
1.39760506
1.39760506
1.39760506
1.39760506
1.39760506
1.39760506
1.39760506
1.39760506
1.39760506
1.39760506
1.39760506
1.39760506
1.39760506
1.39760506
1.39760506
1.39760506
1.39760506
1.39760506
1.39760506
1.39760506
1.39760506
1.39760506
1.39760506
1.39760506
1.39760506
1.39760506
1.39760506
1.39760506
1.39760506
1.39760506
1.39760506
1.39760506
1.39760506
1.39760506
1.39760506
1.39760506
1.39760506
1.39760506
1.39760506
1.39760506
1.39760506
1.39760506
1.39760506
1.39760506
1.39760506
1.39760506
1.39760506
1.39760506
1.39760506
1.39760506
1.39760506
1.39760506
1.39760506
1.39760506
1.38455987
1.38526022
1.38595057
1.38645792
1.38673878
1.38699806
1.38724673
1.38750625
1.38765764
1.38765764
1.38765764
1.38765764
1.38765764
1.38765764
1.38765764
1.38765764
1.38765764
1.38765764
1.38765764
1.38764679
1.38765764
1.38765764
1.38765764
1.38765764
1.38765764
1.38765764
1.38765764
1.38765764
1.38765764
1.38765764
1.38765764
1.38765764
1.38765764
1.38765764
1.38765764
1.38765764
1.38765764
1.38765764
1.38765764
1.38765764
1.38765764
1.38765764
1.38765764
1.38765764
1.38765764
1.38765764
1.38765764
1.38765764
1.38765764
1.38765764
1.38765764
1.38765764
1.38765764
1.38765764
1.38765764
1.38765764
1.38765764
1.38765764
1.38765764
1.38765764
1.38765764
1.38764679
1.38764679
1.38764679
1.38764679
1.38764679
1.38764679
1.38765764
1.38765764
1.38765764
1.38765764
1.38765764
1.38765764
1.38765764
1.38765764
1.38765764
1.38765764
1.38765764
1.38765764
1.38764679
1.38764679
1.38764679
1.38764679
1.38764679
1.38764679
1.38765764
1.38765764
1.38765764
1.38765764
1.38765764
1.38765764
1.38765764
1.38765764
1.38765764
1.38765764
1.38765764
1.38765764
1.38765764
1.38765764
1.38765764
1.38765764
1.38765764
1.38765764
1.38765764
1.38765764
1.38765764
1.38765764
1.38765764
1.38765764
1.38765764
1.18427193
1.16229510
1.15278065
1.14627028
1.14118493
1.13705170
1.13351822
1.13040853
1.12786579
1.12576163
1.12385678
1.12230492
1.12099028
1.11984777
1.11908746
1.11839139
1.11796296
1.11781549
1.11789274
1.11822271
1.11862326
1.11934781
1.12012970
1.12132215
1.12261641
1.12421870
1.12608922
1.12815893
1.13072443
1.13360488
1.13691378
1.14089239
1.14566541
1.15161729
1.16182470
1.17327344
1.38765764
1.38765764
1.38765764
1.38765764
1.38765764
1.38765764
1.38765764
1.38765764
1.38765764
1.38765764
1.38765764
1.38765764
1.38765764
1.38765764
1.38765764
1.38765764
1.38765764
1.38765764
1.38765764
1.38765764
1.38765764
1.38765764
1.38765764
1.38765764
1.38765764
1.38765764
1.38765764
1.38765764
1.38765764
1.38765764
1.38764679
1.38764679
1.38764679
1.38764679
1.38764679
1.38764679
1.38764679
1.38765764
1.38765764
1.38765764
1.38765764
1.38765764
1.38765764
1.38765764
1.38764679
1.38764679
1.38764679
1.38764679
1.38764679
1.38765764
1.38765764
1.38765764
1.38765764
1.38765764
1.38765764
1.38765764
1.38765764
1.38765764
1.38765764
1.38765764
1.38765764
1.38764679
1.38764679
1.38764679
1.38764679
1.38764679
1.38764679
1.38764679
1.38764679
1.38764679
1.38764679
1.38764679
1.38764679
1.38764679
1.38765764
1.38765764
1.38765764
1.38765764
1.38765764
1.38765764
1.38764679
1.38764679
1.38764679
1.38764679
1.38764679
1.38764679
1.38764679
1.38765764
1.38765764
1.38765764
1.38765764
1.38765764
1.38765764
1.38765764
1.38764679
1.38764679
1.38764679
1.38764679
1.38764679
1.38764679
1.38764679
1.38764679
1.38764679
1.38764679
1.38764679
1.38765764
1.38765764
1.38765764
1.38765764
1.38765764
1.37727511
1.37755227
1.37782955
1.37784016
1.37784016
1.37784016
1.37784016
1.37784016
1.37784016
1.37784016
1.37784016
1.37784016
1.37784016
1.37784016
1.37784016
1.37784016
1.37784016
1.37784016
1.37784016
1.37784016
1.37784016
1.37784016
1.37784016
1.37784016
1.37784016
1.37784016
1.37784016
1.37784016
1.37784016
1.37784016
1.37784016
1.37784016
1.37784016
1.37784016
1.37784016
1.37784016
1.37784016
1.37784016
1.37784016
1.37784016
1.37784016
1.37784016
1.37784016
1.37784016
1.37784016
1.37784016
1.37784016
1.37784016
1.37784016
1.37784016
1.37784016
1.37784016
1.37784016
1.37784016
1.37784016
1.37784016
1.37784016
1.37784016
1.37784016
1.37784016
1.37784016
1.37784016
1.37784016
1.37784016
1.37784016
1.37784016
1.37784016
1.37784016
1.37784016
1.37784016
1.37784016
1.37784016
1.37784016
1.37784016
1.37784016
1.37784016
1.37784016
1.37784016
1.37784016
1.37784016
1.37784016
1.37784016
1.37784016
1.37784016
1.37784016
1.37784016
1.37784016
1.37784016
1.37784016
1.37784016
1.37784016
1.37784016
1.37784016
1.37784016
1.37784016
1.37784016
1.37784016
1.37784016
1.37784016
1.37784016
1.37784016
1.37784016
1.37784016
1.37784016
1.37784016
1.37784016
1.37784016
1.37784016
1.37784016
1.37784016
1.18724978
1.16469836
1.15554965
1.14899313
1.14372933
1.13948286
1.13593423
1.13277531
1.13014305
1.12803018
1.12607491
1.12450993
1.12315464
1.12203610
1.12124455
1.12055981
1.12013674
1.11991119
1.11999583
1.12024248
1.12065160
1.12132931
1.12211394
1.12327516
1.12453830
1.12615335
1.12800884
1.13011432
1.13268161
1.13560820
1.13895786
1.14293623
1.14774859
1.15372956
1.16227996
1.17592418
1.37784016
1.37784016
1.37784016
1.37784016
1.37784016
1.37784016
1.37784016
1.37784016
1.37784016
1.37784016
1.37784016
1.37784016
1.37784016
1.37784016
1.37784016
1.37784016
1.37784016
1.37784016
1.37784016
1.37784016
1.37784016
1.37784016
1.37784016
1.37784016
1.37784016
1.37784016
1.37784016
1.37784016
1.37784016
1.37784016
1.37784016
1.37784016
1.37784016
1.37784016
1.37784016
1.37784016
1.37784016
1.37784016
1.37784016
1.37784016
1.37784016
1.37784016
1.37784016
1.37784016
1.37784016
1.37784016
1.37784016
1.37784016
1.37784016
1.37784016
1.37784016
1.37784016
1.37784016
1.37784016
1.37784016
1.37784016
1.37784016
1.37784016
1.37784016
1.37784016
1.37784016
1.37784016
1.37784016
1.37784016
1.37784016
1.37784016
1.37784016
1.37784016
1.37784016
1.37784016
1.37784016
1.37784016
1.37784016
1.37784016
1.37784016
1.37784016
1.37784016
1.37784016
1.37784016
1.37784016
1.37784016
1.37784016
1.37784016
1.37784016
1.37784016
1.37784016
1.37784016
1.37784016
1.37784016
1.37784016
1.37784016
1.37784016
1.37784016
1.37784016
1.37784016
1.37784016
1.37784016
1.37784016
1.37784016
1.37784016
1.37784016
1.37784016
1.37784016
1.37784016
1.37784016
1.37784016
1.37784016
1.37784016
1.37784016
1.37784016
1.36816061
1.36816061
1.36816061
1.36816061
1.36816061
1.36816061
1.36816061
1.36816061
1.36816061
1.36816061
1.36816061
1.36816061
1.36816061
1.36816061
1.36816061
1.36816061
1.36816061
1.36816061
1.36816061
1.36816061
1.36816061
1.36816061
1.36816061
1.36816061
1.36816061
1.36816061
1.36816061
1.36816061
1.36816061
1.36816061
1.36816061
1.36816061
1.36816061
1.36816061
1.36816061
1.36816061
1.36816061
1.36816061
1.36816061
1.36816061
1.36816061
1.36816061
1.36816061
1.36816061
1.36816061
1.36816061
1.36816061
1.36816061
1.36816061
1.36816061
1.36816061
1.36816061
1.36816061
1.36816061
1.36816061
1.36816061
1.36816061
1.36816061
1.36816061
1.36816061
1.36816061
1.36816061
1.36816061
1.36816061
1.36816061
1.36816061
1.36816061
1.36816061
1.36816061
1.36816061
1.36816061
1.36816061
1.36816061
1.36816061
1.36816061
1.36816061
1.36816061
1.36816061
1.36816061
1.36816061
1.36816061
1.36816061
1.36816061
1.36816061
1.36816061
1.36816061
1.36816061
1.36816061
1.36816061
1.36816061
1.36816061
1.36816061
1.36816061
1.36816061
1.36816061
1.36816061
1.36816061
1.36816061
1.36816061
1.36816061
1.36816061
1.36816061
1.36816061
1.36816061
1.36816061
1.36816061
1.36816061
1.36816061
1.36816061
1.36816061
1.18439794
1.16711152
1.15792501
1.15172899
1.14626288
1.14221013
1.13826597
1.13513017
1.13242936
1.13026500
1.12830198
1.12663805
1.12529194
1.12419033
1.12334609
1.12267303
1.12223411
1.12197948
1.12204313
1.12226248
1.12266588
1.12333190
1.12414062
1.12528479
1.12654531
1.12813032
1.12997079
1.13214123
1.13467431
1.13760400
1.14100206
1.14550316
1.15030003
1.15599990
1.16467547
1.17903197
1.36816061
1.36816061
1.36816061
1.36816061
1.36816061
1.36816061
1.36816061
1.36816061
1.36816061
1.36816061
1.36816061
1.36816061
1.36816061
1.36816061
1.36816061
1.36816061
1.36816061
1.36816061
1.36816061
1.36816061
1.36816061
1.36816061
1.36816061
1.36816061
1.36816061
1.36816061
1.36816061
1.36816061
1.36816061
1.36816061
1.36816061
1.36816061
1.36816061
1.36816061
1.36816061
1.36816061
1.36816061
1.36816061
1.36816061
1.36816061
1.36816061
1.36816061
1.36816061
1.36816061
1.36816061
1.36816061
1.36816061
1.36816061
1.36816061
1.36816061
1.36816061
1.36816061
1.36816061
1.36816061
1.36816061
1.36816061
1.36816061
1.36816061
1.36816061
1.36816061
1.36816061
1.36816061
1.36816061
1.36816061
1.36816061
1.36816061
1.36816061
1.36816061
1.36816061
1.36816061
1.36816061
1.36816061
1.36816061
1.36816061
1.36816061
1.36816061
1.36816061
1.36816061
1.36816061
1.36816061
1.36816061
1.36816061
1.36816061
1.36816061
1.36816061
1.36816061
1.36816061
1.36816061
1.36816061
1.36816061
1.36816061
1.36816061
1.36816061
1.36816061
1.36816061
1.36816061
1.36816061
1.36816061
1.36816061
1.36816061
1.36816061
1.36816061
1.36816061
1.36816061
1.36816061
1.36816061
1.36816061
1.36816061
1.36816061
1.36816061
1.35861611
1.35861611
1.35861611
1.35861611
1.35861611
1.35861611
1.35861611
1.35861611
1.35861611
1.35861611
1.35861611
1.35861611
1.35861611
1.35861611
1.35861611
1.35861611
1.35861611
1.35861611
1.35861611
1.35861611
1.35861611
1.35861611
1.35861611
1.35861611
1.35861611
1.35861611
1.35861611
1.35861611
1.35861611
1.35861611
1.35861611
1.35861611
1.35861611
1.35861611
1.35861611
1.35861611
1.35861611
1.35861611
1.35861611
1.35861611
1.35861611
1.35861611
1.35861611
1.35861611
1.35861611
1.35861611
1.35861611
1.35861611
1.35861611
1.35861611
1.35861611
1.35861611
1.35861611
1.35861611
1.35861611
1.35861611
1.35861611
1.35861611
1.35861611
1.35861611
1.35861611
1.35861611
1.35861611
1.35861611
1.35861611
1.35861611
1.35861611
1.35861611
1.35861611
1.35861611
1.35861611
1.35861611
1.35861611
1.35861611
1.35861611
1.35861611
1.35861611
1.35861611
1.35861611
1.35861611
1.35861611
1.35861611
1.35861611
1.35861611
1.35861611
1.35861611
1.35861611
1.35861611
1.35861611
1.35861611
1.35861611
1.35861611
1.35861611
1.35861611
1.35861611
1.35861611
1.35861611
1.35861611
1.35861611
1.35861611
1.35861611
1.35861611
1.35861611
1.35861611
1.35861611
1.35861611
1.35861611
1.35861611
1.35861611
1.35861611
1.18494201
1.16994202
1.16031015
1.15399885
1.14846683
1.14441323
1.14046109
1.13766944
1.13702989
1.13247979
1.13053775
1.12883854
1.12744439
1.12634575
1.12546980
1.12479413
1.12433946
1.12409806
1.12410510
1.12430394
1.12473023
1.12534881
1.12617469
1.12729442
1.12858093
1.13011432
1.13198280
1.13457310
1.13751674
1.13965797
1.14343548
1.14734900
1.15256429
1.15829420
1.16864395
1.17993069
1.35861611
1.35861611
1.35861611
1.35861611
1.35861611
1.35861611
1.35861611
1.35861611
1.35861611
1.35861611
1.35861611
1.35861611
1.35861611
1.35861611
1.35861611
1.35861611
1.35861611
1.35861611
1.35861611
1.35861611
1.35861611
1.35861611
1.35861611
1.35861611
1.35861611
1.35861611
1.35861611
1.35861611
1.35861611
1.35861611
1.35861611
1.35861611
1.35861611
1.35861611
1.35861611
1.35861611
1.35861611
1.35861611
1.35861611
1.35861611
1.35861611
1.35861611
1.35861611
1.35861611
1.35861611
1.35861611
1.35861611
1.35861611
1.35861611
1.35861611
1.35861611
1.35861611
1.35861611
1.35861611
1.35861611
1.35861611
1.35861611
1.35861611
1.35861611
1.35861611
1.35861611
1.35861611
1.35861611
1.35861611
1.35861611
1.35861611
1.35861611
1.35861611
1.35861611
1.35861611
1.35861611
1.35861611
1.35861611
1.35861611
1.35861611
1.35861611
1.35861611
1.35861611
1.35861611
1.35861611
1.35861611
1.35861611
1.35861611
1.35861611
1.35861611
1.35861611
1.35861611
1.35861611
1.35861611
1.35861611
1.35861611
1.35861611
1.35861611
1.35861611
1.35861611
1.35861611
1.35861611
1.35861611
1.35861611
1.35861611
1.35861611
1.35861611
1.35861611
1.35861611
1.35861611
1.35861611
1.35861611
1.35861611
1.35861611
1.35861611
1.34921420
1.34921420
1.34921420
1.34921420
1.34921420
1.34921420
1.34921420
1.34921420
1.34921420
1.34921420
1.34921420
1.34921420
1.34921420
1.34921420
1.34921420
1.34921420
1.34921420
1.34921420
1.34921420
1.34921420
1.34921420
1.34921420
1.34921420
1.34921420
1.34921420
1.34921420
1.34921420
1.34921420
1.34921420
1.34921420
1.34921420
1.34921420
1.34921420
1.34921420
1.34921420
1.34921420
1.34921420
1.34921420
1.34921420
1.34921420
1.34921420
1.34921420
1.34921420
1.34921420
1.34921420
1.34921420
1.34921420
1.34921420
1.34921420
1.34921420
1.34921420
1.34921420
1.34921420
1.34921420
1.34921420
1.34921420
1.34921420
1.34921420
1.34921420
1.34921420
1.34921420
1.34921420
1.34921420
1.34921420
1.34921420
1.34921420
1.34921420
1.34921420
1.34921420
1.34921420
1.34921420
1.34921420
1.34921420
1.34921420
1.34921420
1.34921420
1.34921420
1.34921420
1.34921420
1.34921420
1.34921420
1.34921420
1.34921420
1.34921420
1.34921420
1.34921420
1.34921420
1.34921420
1.34921420
1.34921420
1.34921420
1.34921420
1.34921420
1.34921420
1.34921420
1.34921420
1.34921420
1.34921420
1.34921420
1.34921420
1.34921420
1.34921420
1.34921420
1.34921420
1.34921420
1.34921420
1.34921420
1.34921420
1.34921420
1.34921420
1.18584979
1.17108893
1.16268229
1.15627766
1.15067923
1.14661002
1.14262068
1.13981843
1.13702989
1.13473940
1.13289785
1.13106215
1.12977004
1.12963378
1.12959790
1.12905335
1.12695181
1.12650251
1.12640989
1.12681627
1.12868834
1.12953341
1.12963378
1.12963378
1.13069570
1.13245094
1.13421881
1.13642013
1.13911092
1.14180720
1.14562845
1.14955711
1.15482986
1.16139269
1.16839087
1.18083084
1.34921420
1.34921420
1.34921420
1.34921420
1.34921420
1.34921420
1.34921420
1.34921420
1.34921420
1.34921420
1.34921420
1.34921420
1.34921420
1.34921420
1.34921420
1.34921420
1.34921420
1.34921420
1.34921420
1.34921420
1.34921420
1.34921420
1.34921420
1.34921420
1.34921420
1.34921420
1.34921420
1.34921420
1.34921420
1.34921420
1.34921420
1.34921420
1.34921420
1.34921420
1.34921420
1.34921420
1.34921420
1.34921420
1.34921420
1.34921420
1.34921420
1.34921420
1.34921420
1.34921420
1.34921420
1.34921420
1.34921420
1.34921420
1.34921420
1.34921420
1.34921420
1.34921420
1.34921420
1.34921420
1.34921420
1.34921420
1.34921420
1.34921420
1.34921420
1.34921420
1.34921420
1.34921420
1.34921420
1.34921420
1.34921420
1.34921420
1.34921420
1.34921420
1.34921420
1.34921420
1.34921420
1.34921420
1.34921420
1.34921420
1.34921420
1.34921420
1.34921420
1.34921420
1.34921420
1.34921420
1.34921420
1.34921420
1.34921420
1.34921420
1.34921420
1.34921420
1.34921420
1.34921420
1.34921420
1.34921420
1.34921420
1.34921420
1.34921420
1.34921420
1.34921420
1.34921420
1.34921420
1.34921420
1.34921420
1.34921420
1.34921420
1.34921420
1.34921420
1.34921420
1.34921420
1.34921420
1.34921420
1.34921420
1.34921420
1.34921420
1.33993125
1.33993125
1.33993125
1.33993125
1.33993125
1.33993125
1.33993125
1.33993125
1.33993125
1.33993125
1.33993125
1.33993125
1.33993125
1.33993125
1.33993125
1.33993125
1.33993125
1.33993125
1.33993125
1.33993125
1.33993125
1.33993125
1.33993125
1.33993125
1.33993125
1.33993125
1.33993125
1.33993125
1.33993125
1.33993125
1.33993125
1.33993125
1.33993125
1.33993125
1.33993125
1.33993125
1.33993125
1.33993125
1.33993125
1.33993125
1.33993125
1.33993125
1.33993125
1.33993125
1.33993125
1.33993125
1.33993125
1.33993125
1.33993125
1.33993125
1.33993125
1.33993125
1.33993125
1.33993125
1.33993125
1.33993125
1.33993125
1.33993125
1.33993125
1.33993125
1.33993125
1.33993125
1.33993125
1.33993125
1.33993125
1.33993125
1.33993125
1.33993125
1.33993125
1.33993125
1.33993125
1.33993125
1.33993125
1.33993125
1.33993125
1.33993125
1.33993125
1.33993125
1.33993125
1.33993125
1.33993125
1.33993125
1.33993125
1.33993125
1.33993125
1.33993125
1.33993125
1.33993125
1.33993125
1.33993125
1.33993125
1.33993125
1.33993125
1.33993125
1.33993125
1.33993125
1.33993125
1.33993125
1.33993125
1.33993125
1.33993125
1.33993125
1.33993125
1.33993125
1.33993125
1.33993125
1.33993125
1.33993125
1.33993125
1.33993125
1.18675113
1.17244649
1.16423368
1.15794003
1.15333343
1.14881516
1.14478123
1.14196837
1.13916922
1.13686287
1.13500714
1.13316464
1.13186049
1.13079631
1.12973416
1.12913930
1.12876701
1.12840211
1.12838781
1.12868834
1.12899613
1.12955487
1.13055217
1.13154387
1.13279688
1.13456583
1.13633311
1.13855720
1.14125812
1.14396453
1.14782250
1.15255678
1.15667593
1.16243935
1.16976523
1.18162262
1.33993125
1.33993125
1.33993125
1.33993125
1.33993125
1.33993125
1.33993125
1.33993125
1.33993125
1.33993125
1.33993125
1.33993125
1.33993125
1.33993125
1.33993125
1.33993125
1.33993125
1.33993125
1.33993125
1.33993125
1.33993125
1.33993125
1.33993125
1.33993125
1.33993125
1.33993125
1.33993125
1.33993125
1.33993125
1.33993125
1.33993125
1.33993125
1.33993125
1.33993125
1.33993125
1.33993125
1.33993125
1.33993125
1.33993125
1.33993125
1.33993125
1.33993125
1.33993125
1.33993125
1.33993125
1.33993125
1.33993125
1.33993125
1.33993125
1.33993125
1.33993125
1.33993125
1.33993125
1.33993125
1.33993125
1.33993125
1.33993125
1.33993125
1.33993125
1.33993125
1.33993125
1.33993125
1.33993125
1.33993125
1.33993125
1.33993125
1.33993125
1.33993125
1.33993125
1.33993125
1.33993125
1.33993125
1.33993125
1.33993125
1.33993125
1.33993125
1.33993125
1.33993125
1.33993125
1.33993125
1.33993125
1.33993125
1.33993125
1.33993125
1.33993125
1.33993125
1.33993125
1.33993125
1.33993125
1.33993125
1.33993125
1.33993125
1.33993125
1.33993125
1.33993125
1.33993125
1.33993125
1.33993125
1.33993125
1.33993125
1.33993125
1.33993125
1.33993125
1.33993125
1.33993125
1.33993125
1.33993125
1.33993125
1.33993125
1.33993125
1.33077526
1.33077526
1.33077526
1.33077526
1.33077526
1.33077526
1.33077526
1.33077526
1.33077526
1.33077526
1.33077526
1.33077526
1.33077526
1.33077526
1.33077526
1.33077526
1.33077526
1.33077526
1.33077526
1.33077526
1.33077526
1.33077526
1.33077526
1.33077526
1.33077526
1.33077526
1.33077526
1.33077526
1.33077526
1.33077526
1.33077526
1.33077526
1.33077526
1.33077526
1.33077526
1.33077526
1.33077526
1.33077526
1.33077526
1.33077526
1.33077526
1.33077526
1.33077526
1.33077526
1.33077526
1.33077526
1.33077526
1.33077526
1.33077526
1.33077526
1.33077526
1.33077526
1.33077526
1.33077526
1.33077526
1.33077526
1.33077526
1.33077526
1.33077526
1.33077526
1.33077526
1.33077526
1.33077526
1.33077526
1.33077526
1.33077526
1.33077526
1.33077526
1.33077526
1.33077526
1.33077526
1.33077526
1.33077526
1.33077526
1.33077526
1.33077526
1.33077526
1.33077526
1.33077526
1.33077526
1.33077526
1.33077526
1.33077526
1.33077526
1.33077526
1.33077526
1.33077526
1.33077526
1.33077526
1.33077526
1.33077526
1.33077526
1.33077526
1.33077526
1.33077526
1.33077526
1.33077526
1.33077526
1.33077526
1.33077526
1.33077526
1.33077526
1.33077526
1.33077526
1.33077526
1.33077526
1.33077526
1.33077526
1.33077526
1.33077526
1.18766165
1.17381501
1.16578150
1.15958440
1.15453029
1.15056765
1.14690554
1.14472234
1.14132404
1.13898706
1.13713157
1.13527501
1.13395870
1.13289058
1.13182449
1.13122034
1.13085377
1.13048756
1.13046598
1.13077474
1.13107657
1.13164461
1.13264549
1.13364100
1.13490582
1.13668144
1.13845527
1.14070225
1.14426601
1.14608586
1.14964616
1.15332592
1.15831673
1.16399002
1.17123532
1.18257248
1.33077526
1.33077526
1.33077526
1.33077526
1.33077526
1.33077526
1.33077526
1.33077526
1.33077526
1.33077526
1.33077526
1.33077526
1.33077526
1.33077526
1.33077526
1.33077526
1.33077526
1.33077526
1.33077526
1.33077526
1.33077526
1.33077526
1.33077526
1.33077526
1.33077526
1.33077526
1.33077526
1.33077526
1.33077526
1.33077526
1.33077526
1.33077526
1.33077526
1.33077526
1.33077526
1.33077526
1.33077526
1.33077526
1.33077526
1.33077526
1.33077526
1.33077526
1.33077526
1.33077526
1.33077526
1.33077526
1.33077526
1.33077526
1.33077526
1.33077526
1.33077526
1.33077526
1.33077526
1.33077526
1.33077526
1.33077526
1.33077526
1.33077526
1.33077526
1.33077526
1.33077526
1.33077526
1.33077526
1.33077526
1.33077526
1.33077526
1.33077526
1.33077526
1.33077526
1.33077526
1.33077526
1.33077526
1.33077526
1.33077526
1.33077526
1.33077526
1.33077526
1.33077526
1.33077526
1.33077526
1.33077526
1.33077526
1.33077526
1.33077526
1.33077526
1.33077526
1.33077526
1.33077526
1.33077526
1.33077526
1.33077526
1.33077526
1.33077526
1.33077526
1.33077526
1.33077526
1.33077526
1.33077526
1.33077526
1.33077526
1.33077526
1.33077526
1.33077526
1.33077526
1.33077526
1.33077526
1.33077526
1.33077526
1.33077526
1.33077526
1.32174361
1.32174361
1.32174361
1.32174361
1.32174361
1.32174361
1.32174361
1.32174361
1.32174361
1.32174361
1.32174361
1.32174361
1.32174361
1.32174361
1.32174361
1.32174361
1.32174361
1.32174361
1.32174361
1.32174361
1.32174361
1.32174361
1.32174361
1.32174361
1.32174361
1.32174361
1.32174361
1.32174361
1.32174361
1.32174361
1.32174361
1.32174361
1.32174361
1.32174361
1.32174361
1.32174361
1.32174361
1.32174361
1.32174361
1.32174361
1.32174361
1.32174361
1.32174361
1.32174361
1.32174361
1.32174361
1.32174361
1.32174361
1.32174361
1.32174361
1.32174361
1.32174361
1.32174361
1.32174361
1.32174361
1.32174361
1.32174361
1.32174361
1.32174361
1.32174361
1.32174361
1.32174361
1.32174361
1.32174361
1.32174361
1.32174361
1.32174361
1.32174361
1.32174361
1.32174361
1.32174361
1.32174361
1.32174361
1.32174361
1.32174361
1.32174361
1.32174361
1.32174361
1.32174361
1.32174361
1.32174361
1.32174361
1.32174361
1.32174361
1.32174361
1.32174361
1.32174361
1.32174361
1.32174361
1.32174361
1.32174361
1.32174361
1.32174361
1.32174361
1.32174361
1.32174361
1.32174361
1.32174361
1.32174361
1.32174361
1.32174361
1.32174361
1.32174361
1.32174361
1.32174361
1.32174361
1.32174361
1.32174361
1.32174361
1.32174361
1.18848634
1.17522550
1.16733348
1.16122603
1.15616500
1.15225089
1.14857054
1.14579070
1.14309764
1.14091432
1.13905263
1.13759673
1.13674676
1.13628232
1.13628232
1.13331616
1.13294113
1.13257349
1.13255906
1.13286173
1.13317192
1.13374209
1.13628232
1.13653624
1.13737869
1.13858628
1.14044654
1.14243746
1.14511263
1.14780033
1.15132678
1.15501726
1.15995467
1.16559064
1.17278636
1.18361044
1.32174361
1.32174361
1.32174361
1.32174361
1.32174361
1.32174361
1.32174361
1.32174361
1.32174361
1.32174361
1.32174361
1.32174361
1.32174361
1.32174361
1.32174361
1.32174361
1.32174361
1.32174361
1.32174361
1.32174361
1.32174361
1.32174361
1.32174361
1.32174361
1.32174361
1.32174361
1.32174361
1.32174361
1.32174361
1.32174361
1.32174361
1.32174361
1.32174361
1.32174361
1.32174361
1.32174361
1.32174361
1.32174361
1.32174361
1.32174361
1.32174361
1.32174361
1.32174361
1.32174361
1.32174361
1.32174361
1.32174361
1.32174361
1.32174361
1.32174361
1.32174361
1.32174361
1.32174361
1.32174361
1.32174361
1.32174361
1.32174361
1.32174361
1.32174361
1.32174361
1.32174361
1.32174361
1.32174361
1.32174361
1.32174361
1.32174361
1.32174361
1.32174361
1.32174361
1.32174361
1.32174361
1.32174361
1.32174361
1.32174361
1.32174361
1.32174361
1.32174361
1.32174361
1.32174361
1.32174361
1.32174361
1.32174361
1.32174361
1.32174361
1.32174361
1.32174361
1.32174361
1.32174361
1.32174361
1.32174361
1.32174361
1.32174361
1.32174361
1.32174361
1.32174361
1.32174361
1.32174361
1.32174361
1.32174361
1.32174361
1.32174361
1.32174361
1.32174361
1.32174361
1.32174361
1.32174361
1.32174361
1.32174361
1.32174361
1.32174361
1.31284332
1.31284332
1.31284332
1.31284332
1.31284332
1.31284332
1.31284332
1.31284332
1.31284332
1.31284332
1.31284332
1.31284332
1.31284332
1.31284332
1.31284332
1.31284332
1.31284332
1.31284332
1.31284332
1.31284332
1.31284332
1.31284332
1.31284332
1.31284332
1.31284332
1.31284332
1.31284332
1.31284332
1.31284332
1.31284332
1.31284332
1.31284332
1.31284332
1.31284332
1.31284332
1.31284332
1.31284332
1.31284332
1.31284332
1.31284332
1.31284332
1.31284332
1.31284332
1.31284332
1.31284332
1.31284332
1.31284332
1.31284332
1.31284332
1.31284332
1.31284332
1.31284332
1.31284332
1.31284332
1.31284332
1.31284332
1.31284332
1.31284332
1.31284332
1.31284332
1.31284332
1.31284332
1.31284332
1.31284332
1.31284332
1.31284332
1.31284332
1.31284332
1.31284332
1.31284332
1.31284332
1.31284332
1.31284332
1.31284332
1.31284332
1.31284332
1.31284332
1.31284332
1.31284332
1.31284332
1.31284332
0.92402941
0.92408216
0.92415410
0.92503780
1.31284332
1.31284332
1.31284332
1.31284332
1.31284332
1.31284332
1.31284332
1.31284332
1.31284332
1.31284332
1.31284332
1.31284332
1.31284332
1.31284332
1.31284332
1.31284332
1.31284332
1.31284332
1.31284332
1.31284332
1.31284332
1.31284332
1.31284332
1.31284332
1.31284332
1.18930423
1.17663932
1.16888952
1.16287220
1.15781200
1.15393901
1.15024793
1.14753401
1.14481068
1.14263546
1.14076805
1.13901615
1.13782215
1.13667417
1.13576031
1.13518083
1.13460922
1.13447189
1.13446462
1.13447189
1.13504338
1.13561535
1.13637662
1.13752401
1.13871014
1.14032233
1.14216614
1.14414835
1.14685380
1.14954972
1.15301216
1.15671349
1.16160488
1.16719568
1.17434156
1.18487895
1.31284332
1.31284332
1.31284332
1.31284332
1.31284332
1.31284332
1.31284332
1.31284332
1.31284332
1.31284332
1.31284332
1.31284332
1.31284332
1.31284332
1.31284332
1.31284332
1.31284332
1.31284332
1.31284332
1.31284332
1.31284332
1.31284332
1.31284332
1.31284332
1.31284332
1.31284332
1.31284332
1.31284332
1.31284332
1.31284332
1.31284332
1.31284332
1.31284332
1.31284332
1.31284332
1.31284332
1.31284332
1.31284332
1.31284332
1.31284332
1.31284332
1.31284332
1.31284332
1.31284332
1.31284332
1.31284332
1.31284332
1.31284332
1.31284332
1.31284332
1.31284332
1.31284332
1.31284332
1.31284332
1.31284332
1.31284332
1.31284332
1.31284332
1.31284332
1.31284332
1.31284332
1.31284332
1.31284332
1.31284332
1.31284332
1.31284332
1.31284332
1.31284332
1.31284332
1.31284332
1.31284332
1.31284332
1.31284332
1.31284332
1.31284332
1.31284332
1.31284332
1.31284332
1.31284332
1.31284332
1.31284332
1.31284332
1.31284332
1.31284332
1.31284332
1.31284332
1.31284332
1.31284332
1.31284332
1.31284332
1.31284332
1.31284332
1.31284332
1.31284332
1.31284332
1.31284332
1.31284332
1.31284332
1.31284332
1.31284332
1.31284332
1.31284332
1.31284332
1.31284332
1.31284332
1.31284332
1.31284332
1.31284332
1.31284332
1.31284332
1.30405259
1.30405259
1.30405259
1.30405259
1.30405259
1.30405259
1.30405259
1.30405259
1.30405259
1.30405259
1.30405259
1.30405259
1.30405259
1.30405259
1.30405259
1.30405259
1.30405259
1.30405259
1.30405259
1.30405259
1.30405259
1.30405259
1.30405259
1.30405259
1.30405259
1.30405259
1.30405259
1.30405259
1.30405259
1.30405259
1.30405259
1.30405259
1.30405259
1.30405259
1.30405259
1.30405259
1.30405259
1.30405259
1.30405259
1.30405259
1.30405259
1.30405259
1.30405259
1.30405259
1.30405259
1.30405259
1.30405259
1.30405259
1.30405259
1.30405259
1.30405259
1.30405259
1.30405259
1.30405259
1.30405259
1.30405259
1.30405259
1.30405259
1.30405259
1.30405259
1.30405259
1.30405259
1.30405259
1.30405259
1.30405259
1.30405259
1.30405259
1.30405259
1.30405259
1.30405259
1.30405259
1.30405259
1.30405259
1.30405259
1.30405259
1.30405259
1.30405259
1.30405259
0.91771716
0.91788280
0.91805321
0.91818577
0.91828525
0.91832793
0.91834688
0.91835159
0.91834211
1.30405259
1.30405259
1.30405259
1.30405259
1.30405259
1.30405259
1.30405259
1.30405259
1.30405259
1.30405259
1.30405259
1.30405259
1.30405259
1.30405259
1.30405259
1.30405259
1.30405259
1.30405259
1.30405259
1.30405259
1.30405259
1.30405259
1.30405259
1.19025064
1.17803323
1.17045748
1.16452301
1.15947866
1.15563214
1.15198994
1.14928997
1.14652133
1.14436173
1.14249611
1.14075351
1.13955581
1.13846982
1.13748765
1.13690650
1.13635492
1.13620985
1.13619530
1.13620985
1.13679028
1.13734233
1.13816404
1.13925672
1.14044654
1.14207089
1.14389098
1.14587188
1.14856315
1.15130436
1.15470254
1.15841472
1.16325974
1.16881275
1.17590094
1.18618166
1.30405259
1.30405259
1.30405259
1.30405259
1.30405259
1.30405259
1.30405259
1.30405259
1.30405259
1.30405259
1.30405259
1.30405259
1.30405259
1.30405259
1.30405259
1.30405259
1.30405259
1.30405259
1.30405259
1.30405259
1.30405259
1.30405259
1.30405259
1.30405259
1.30405259
1.30405259
1.30405259
1.30405259
1.30405259
1.30405259
1.30405259
1.30405259
1.30405259
1.30405259
1.30405259
1.30405259
1.30405259
1.30405259
1.30405259
1.30405259
1.30405259
1.30405259
1.30405259
1.30405259
1.30405259
1.30405259
1.30405259
1.30405259
1.30405259
1.30405259
1.30405259
1.30405259
1.30405259
1.30405259
1.30405259
1.30405259
1.30405259
1.30405259
1.30405259
1.30405259
1.30405259
1.30405259
1.30405259
1.30405259
1.30405259
1.30405259
1.30405259
1.30405259
1.30405259
1.30405259
1.30405259
1.30405259
1.30405259
1.30405259
1.30405259
1.30405259
1.30405259
1.30405259
1.30405259
1.30405259
1.30405259
1.30405259
1.30405259
1.30405259
1.30405259
1.30405259
1.30405259
1.30405259
1.30405259
1.30405259
1.30405259
1.30405259
1.30405259
1.30405259
1.30405259
1.30405259
1.30405259
1.30405259
1.30405259
1.30405259
1.30405259
1.30405259
1.30405259
1.30405259
1.30405259
1.30405259
1.30405259
1.30405259
1.30405259
1.30405259
1.29537868
1.29537868
1.29537868
1.29537868
1.29537868
1.29537868
1.29537868
1.29537868
1.29537868
1.29537868
1.29537868
1.29537868
1.29537868
1.29537868
1.29537868
1.29537868
1.29537868
1.29537868
1.29537868
1.29537868
1.29537868
1.29537868
1.29537868
1.29537868
1.29537868
1.29537868
1.29537868
1.29537868
1.29537868
1.29537868
1.29537868
1.29537868
1.29537868
1.29537868
1.29537868
1.29537868
1.29537868
1.29537868
1.29537868
1.29537868
1.29537868
1.29537868
1.29537868
1.29537868
1.29537868
1.29537868
1.29537868
1.29537868
1.29537868
1.29537868
1.29537868
1.29537868
1.29537868
1.29537868
1.29537868
1.29537868
1.29537868
1.29537868
1.29537868
1.29537868
1.29537868
1.29537868
1.29537868
1.29537868
1.29537868
1.29537868
1.29537868
1.29537868
1.29537868
1.29537868
1.29537868
1.29537868
1.29537868
1.29537868
1.29537868
1.29537868
0.91199028
0.91211176
0.91393352
0.91476482
0.91504228
0.91514575
0.91537166
0.91536224
0.91509402
0.91443115
0.91305685
0.91242033
1.29537868
1.29537868
1.29537868
1.29537868
1.29537868
1.29537868
1.29537868
1.29537868
1.29537868
1.29537868
1.29537868
1.29537868
1.29537868
1.29537868
1.29537868
1.29537868
1.29537868
1.29537868
1.29537868
1.29537868
1.29537868
1.28306293
1.19119048
1.17952418
1.17207599
1.16617858
1.16118813
1.15733016
1.15375948
1.15101409
1.14823723
1.14609325
1.14422190
1.14249611
1.14129472
1.14026392
1.13922036
1.13863730
1.13810587
1.13795304
1.13792396
1.13796031
1.13853538
1.13907444
1.13995719
1.14098752
1.14218819
1.14381754
1.14562106
1.14760053
1.15024054
1.15306449
1.15639043
1.16012108
1.16491175
1.17043436
1.17746437
1.18757451
1.28244364
1.28322017
1.29537868
1.29537868
1.29537868
1.29537868
1.29537868
1.29537868
1.29537868
1.29537868
1.29537868
1.29537868
1.29537868
1.29537868
1.29537868
1.29537868
1.29537868
1.29537868
1.29537868
1.29537868
1.29537868
1.29537868
1.29537868
1.29537868
1.29537868
1.29537868
1.29537868
1.29537868
1.29537868
1.29537868
1.29537868
1.29537868
1.29537868
1.29537868
1.29537868
1.29537868
1.29537868
1.29537868
1.29537868
1.29537868
1.29537868
1.29537868
1.29537868
1.29537868
1.29537868
1.29537868
1.29537868
1.29537868
1.29537868
1.29537868
1.29537868
1.29537868
1.29537868
1.29537868
1.29537868
1.29537868
1.29537868
1.29537868
1.29537868
1.29537868
1.29537868
1.29537868
1.29537868
1.29537868
1.29537868
1.29537868
1.29537868
1.29537868
1.29537868
1.29537868
1.29537868
1.29537868
1.29537868
1.29537868
1.29537868
1.29537868
1.29537868
1.29537868
1.29537868
1.29537868
1.29537868
1.29537868
1.29537868
1.29537868
1.29537868
1.29537868
1.29537868
1.29537868
1.29537868
1.29537868
1.29537868
1.29537868
1.29537868
1.29537868
1.29537868
1.29537868
1.29537868
1.29537868
1.29537868
1.29537868
1.29537868
1.29537868
1.29537868
1.29537868
1.29537868
1.29537868
1.29537868
1.29537868
1.29537868
1.29537868
1.28681958
1.28681958
1.28681958
1.28681958
1.28681958
1.28681958
1.28681958
1.28681958
1.28681958
1.28681958
1.28681958
1.28681958
1.28681958
1.28681958
1.28681958
1.28681958
1.28681958
1.28681958
1.28681958
1.28681958
1.28681958
1.28681958
1.28681958
1.28681958
1.28681958
1.28681958
1.28681958
1.28681958
1.28681958
1.28681958
1.28681958
1.28681958
1.28681958
1.28681958
1.28681958
1.28681958
1.28681958
1.28681958
1.28681958
1.28681958
1.28681958
1.28681958
1.28681958
1.28681958
1.28681958
1.28681958
1.28681958
1.28681958
1.28681958
1.28681958
1.28681958
1.28681958
1.28681958
1.28681958
1.28681958
1.28681958
1.28681958
1.28681958
1.28681958
1.28681958
1.28681958
1.28681958
1.28681958
1.28681958
1.28681958
1.28681958
1.28681958
1.28681958
1.28681958
1.28681958
1.28681958
1.28681958
1.28681958
1.28681958
1.28681958
1.28681958
0.90614522
0.90577173
0.90601611
0.90627903
0.90647286
0.90659291
0.90664834
0.90664834
0.90652829
0.90644979
0.90644056
0.90747571
1.28681958
1.28681958
1.28681958
1.28681958
1.28681958
1.28681958
1.28681958
1.28681958
1.28681958
1.28681958
1.28681958
1.28681958
1.28681958
1.28681958
1.28681958
1.28681958
1.28681958
1.28681958
1.28681958
1.27461040
1.27461040
1.27461040
1.19224370
1.18109727
1.17369890
1.16783893
1.16289496
1.15903330
1.15553463
1.15267622
1.14996552
1.14782989
1.14595306
1.14424396
1.14303899
1.14201963
1.14095819
1.14037347
1.13985503
1.13970172
1.13965797
1.13971627
1.14026392
1.14081192
1.14176321
1.14273071
1.14392781
1.14556956
1.14735639
1.14933443
1.15194511
1.15482986
1.15809071
1.16183233
1.16657603
1.17206049
1.17904758
1.18897069
1.27451003
1.27461040
1.27461040
1.28681958
1.28681958
1.28681958
1.28681958
1.28681958
1.28681958
1.28681958
1.28681958
1.28681958
1.28681958
1.28681958
1.28681958
1.28681958
1.28681958
1.28681958
1.28681958
1.28681958
1.28681958
1.28681958
1.28681958
1.28681958
1.28681958
1.28681958
1.28681958
1.28681958
1.28681958
1.28681958
1.28681958
1.28681958
1.28681958
1.28681958
1.28681958
1.28681958
1.28681958
1.28681958
1.28681958
1.28681958
1.28681958
1.28681958
1.28681958
1.28681958
1.28681958
1.28681958
1.28681958
1.28681958
1.28681958
1.28681958
1.28681958
1.28681958
1.28681958
1.28681958
1.28681958
1.28681958
1.28681958
1.28681958
1.28681958
1.28681958
1.28681958
1.28681958
1.28681958
1.28681958
1.28681958
1.28681958
1.28681958
1.28681958
1.28681958
1.28681958
1.28681958
1.28681958
1.28681958
1.28681958
1.28681958
1.28681958
1.28681958
1.28681958
1.28681958
1.28681958
1.28681958
1.28681958
1.28681958
1.28681958
1.28681958
1.28681958
1.28681958
1.28681958
1.28681958
1.28681958
1.28681958
1.28681958
1.28681958
1.28681958
1.28681958
1.28681958
1.28681958
1.28681958
1.28681958
1.28681958
1.28681958
1.28681958
1.28681958
1.28681958
1.28681958
1.28681958
1.28681958
1.28681958
1.28681958
1.28681958
1.27838182
1.27838182
1.27838182
1.27838182
1.27838182
1.27838182
1.27838182
1.27838182
1.27838182
1.27838182
1.27838182
1.27838182
1.27838182
1.27838182
1.27838182
1.27838182
1.27838182
1.27838182
1.27838182
1.27838182
1.27838182
1.27838182
1.27838182
1.27838182
1.27838182
1.27838182
1.27838182
1.27838182
1.27838182
1.27838182
1.27838182
1.27838182
1.27838182
1.27838182
1.27838182
1.27838182
1.27838182
1.27838182
1.27838182
1.27838182
1.27838182
1.27838182
1.27838182
1.27838182
1.27838182
1.27838182
1.27838182
1.27838182
1.27838182
1.27838182
1.27838182
1.27838182
1.27838182
1.27838182
1.27838182
1.27838182
1.27838182
1.27838182
1.27838182
1.27838182
1.27838182
1.27838182
1.27838182
1.27838182
1.27838182
1.27838182
1.27838182
1.27838182
1.27838182
1.27838182
1.27838182
1.27838182
1.27838182
1.27838182
1.27838182
1.27838182
0.90440953
0.90096712
0.90004236
0.90007871
0.90019256
0.90031546
0.90041113
0.90042931
0.90044302
0.90108114
0.90290022
0.90673608
1.27838182
1.27838182
1.27838182
1.27838182
1.27838182
1.27838182
1.27838182
1.27838182
1.27838182
1.27838182
1.27838182
1.27838182
1.27838182
1.27838182
1.27838182
1.27838182
1.27838182
1.26629555
1.26624155
1.26624155
1.26624155
1.22273397
1.19353068
1.18267465
1.17532635
1.16951156
1.16461444
1.16073382
1.15730762
1.15438056
1.15169179
1.14957201
1.14769673
1.14599729
1.14478850
1.14375138
1.14270139
1.14211488
1.14161682
1.14145577
1.14139712
1.14147770
1.14199769
1.14255476
1.14356768
1.14447939
1.14568007
1.14732683
1.14909697
1.15106618
1.15366983
1.15660834
1.15978849
1.16355634
1.16824508
1.17369890
1.18063509
1.19037008
1.21680784
1.26624155
1.26624155
1.26624155
1.26624155
1.27838182
1.27838182
1.27838182
1.27838182
1.27838182
1.27838182
1.27838182
1.27838182
1.27838182
1.27838182
1.27838182
1.27838182
1.27838182
1.27838182
1.27838182
1.27838182
1.27838182
1.27838182
1.27838182
1.27838182
1.27838182
1.27838182
1.27838182
1.27838182
1.27838182
1.27838182
1.27838182
1.27838182
1.27838182
1.27838182
1.27838182
1.27838182
1.27838182
1.27838182
1.27838182
1.27838182
1.27838182
1.27838182
1.27838182
1.27838182
1.27838182
1.27838182
1.27838182
1.27838182
1.27838182
1.27838182
1.27838182
1.27838182
1.27838182
1.27838182
1.27838182
1.27838182
1.27838182
1.27838182
1.27838182
1.27838182
1.27838182
1.27838182
1.27838182
1.27838182
1.27838182
1.27838182
1.27838182
1.27838182
1.27838182
1.27838182
1.27838182
1.27838182
1.27838182
1.27838182
1.27838182
1.27838182
1.27838182
1.27838182
1.27838182
1.27838182
1.27838182
1.27838182
1.27838182
1.27838182
1.27838182
1.27838182
1.27838182
1.27838182
1.27838182
1.27838182
1.27838182
1.27838182
1.27838182
1.27838182
1.27838182
1.27838182
1.27838182
1.27838182
1.27838182
1.27838182
1.27838182
1.27838182
1.27838182
1.27838182
1.27838182
1.27838182
1.27838182
1.27838182
1.27838182
1.27004516
1.27004516
1.27004516
1.27004516
1.27004516
1.27004516
1.27004516
1.27004516
1.27004516
1.27004516
1.27004516
1.27004516
1.27004516
1.27004516
1.27004516
1.27004516
1.27004516
1.27004516
1.27004516
1.27004516
1.27004516
1.27004516
1.27004516
1.27004516
1.27004516
1.27004516
1.27004516
1.27004516
1.27004516
1.27004516
1.27004516
1.27004516
1.27004516
1.27004516
1.27004516
1.27004516
1.27004516
1.27004516
1.27004516
1.27004516
1.27004516
1.27004516
1.27004516
1.27004516
1.27004516
1.27004516
1.27004516
1.27004516
1.27004516
1.27004516
1.27004516
1.27004516
1.27004516
1.27004516
1.27004516
1.27004516
1.27004516
1.27004516
1.27004516
1.27004516
1.27004516
1.27004516
1.27004516
1.27004516
1.27004516
1.27004516
1.27004516
1.27004516
1.27004516
1.27004516
1.27004516
1.27004516
1.27004516
1.27004516
1.27004516
1.27004516
0.90621907
0.90145075
0.89903319
0.89765036
0.89703065
0.89692217
0.89718890
0.89789486
0.89908767
0.90096712
0.90372080
0.90784132
0.91923845
1.27004516
1.27004516
1.27004516
1.27004516
1.27004516
1.27004516
1.27004516
1.27004516
1.27004516
1.27004516
1.27004516
1.27004516
1.27004516
1.27004516
1.27004516
1.25799072
1.25799072
1.25799072
1.25799072
1.22083032
1.21360564
1.19482052
1.18425620
1.17696607
1.17118132
1.16633904
1.16244698
1.15909362
1.15609002
1.15344548
1.15131927
1.14943838
1.14775598
1.14654350
1.14550316
1.14447939
1.14386165
1.14338410
1.14321518
1.14314902
1.14324450
1.14374399
1.14430285
1.14528942
1.14623344
1.14743781
1.14908218
1.15084291
1.15282547
1.15541458
1.15838456
1.16149116
1.16527772
1.16991901
1.17534959
1.18222690
1.19178069
1.21089768
1.21893263
1.25799072
1.25799072
1.25799072
1.25799072
1.27004516
1.27004516
1.27004516
1.27004516
1.27004516
1.27004516
1.27004516
1.27004516
1.27004516
1.27004516
1.27004516
1.27004516
1.27004516
1.27004516
1.27004516
1.27004516
1.27004516
1.27004516
1.27004516
1.27004516
1.27004516
1.27004516
1.27004516
1.27004516
1.27004516
1.27004516
1.27004516
1.27004516
1.27004516
1.27004516
1.27004516
1.27004516
1.27004516
1.27004516
1.27004516
1.27004516
1.27004516
1.27004516
1.27004516
1.27004516
1.27004516
1.27004516
1.27004516
1.27004516
1.27004516
1.27004516
1.27004516
1.27004516
1.27004516
1.27004516
1.27004516
1.27004516
1.27004516
1.27004516
1.27004516
1.27004516
1.27004516
1.27004516
1.27004516
1.27004516
1.27004516
1.27004516
1.27004516
1.27004516
1.27004516
1.27004516
1.27004516
1.27004516
1.27004516
1.27004516
1.27004516
1.27004516
1.27004516
1.27004516
1.27004516
1.27004516
1.27004516
1.27004516
1.27004516
1.27004516
1.27004516
1.27004516
1.27004516
1.27004516
1.27004516
1.27004516
1.27004516
1.27004516
1.27004516
1.27004516
1.27004516
1.27004516
1.27004516
1.27004516
1.27004516
1.27004516
1.27004516
1.27004516
1.27004516
1.27004516
1.27004516
1.27004516
1.27004516
1.27004516
1.26181638
1.26181638
1.26181638
1.26181638
1.26181638
1.26181638
1.26181638
1.26181638
1.26181638
1.26181638
1.26181638
1.26181638
1.26181638
1.26181638
1.26181638
1.26181638
1.26181638
1.26181638
1.26181638
1.26181638
1.26181638
1.26181638
1.26181638
1.26181638
1.26181638
1.26181638
1.26181638
1.26181638
1.26181638
1.26181638
1.26181638
1.26181638
1.26181638
1.26181638
1.26181638
1.26181638
1.26181638
1.26181638
1.26181638
1.26181638
1.26181638
1.26181638
1.26181638
1.26181638
1.26181638
1.26181638
1.26181638
1.26181638
1.26181638
1.26181638
1.26181638
1.26181638
1.26181638
1.26181638
1.26181638
1.26181638
1.26181638
1.26181638
1.26181638
1.26181638
1.26181638
1.26181638
1.26181638
1.26181638
1.26181638
1.26181638
1.26181638
1.26181638
1.26181638
1.26181638
1.26181638
1.26181638
1.26181638
1.26181638
1.26181638
1.26181638
0.90828139
0.90316594
0.90065259
0.89917397
0.89841151
0.89818937
0.89847499
0.89922845
0.90042931
0.90233725
0.90500730
0.90905142
0.91740972
1.26181638
1.26181638
1.26181638
1.26181638
1.26181638
1.26181638
1.26181638
1.26181638
1.26181638
1.26181638
1.26181638
1.26181638
1.26181638
1.26181638
1.24983799
1.24983799
1.24983799
1.22690582
1.21935010
1.21387875
1.21189523
1.19611323
1.18584192
1.17860258
1.17290235
1.16806114
1.16415751
1.16087759
1.15782702
1.15519714
1.15307188
1.15118527
1.14952004
1.14830387
1.14726770
1.14629984
1.14561379
1.14514947
1.14497268
1.14489901
1.14501679
1.14548838
1.14605629
1.14703846
1.14798534
1.14920092
1.15083539
1.15259409
1.15459025
1.15717220
1.16009080
1.16321421
1.16700435
1.17158997
1.17699718
1.18382299
1.19318676
1.21023905
1.21332431
1.21759021
1.22493017
1.24983799
1.24983799
1.24983799
1.26181638
1.26181638
1.26181638
1.26181638
1.26181638
1.26181638
1.26181638
1.26181638
1.26181638
1.26181638
1.26181638
1.26181638
1.26181638
1.26181638
1.26181638
1.26181638
1.26181638
1.26181638
1.26181638
1.26181638
1.26181638
1.26181638
1.26181638
1.26181638
1.26181638
1.26181638
1.26181638
1.26181638
1.26181638
1.26181638
1.26181638
1.26181638
1.26181638
1.26181638
1.26181638
1.26181638
1.26181638
1.26181638
1.26181638
1.26181638
1.26181638
1.26181638
1.26181638
1.26181638
1.26181638
1.26181638
1.26181638
1.26181638
1.26181638
1.26181638
1.26181638
1.26181638
1.26181638
1.26181638
1.26181638
1.26181638
1.26181638
1.26181638
1.26181638
1.26181638
1.26181638
1.26181638
1.26181638
1.26181638
1.26181638
1.26181638
1.26181638
1.26181638
1.26181638
1.26181638
1.26181638
1.26181638
1.26181638
1.26181638
1.26181638
1.26181638
1.26181638
1.26181638
1.26181638
1.26181638
1.26181638
1.26181638
1.26181638
1.26181638
1.26181638
1.26181638
1.26181638
1.26181638
1.26181638
1.26181638
1.26181638
1.26181638
1.26181638
1.26181638
1.26181638
1.26181638
1.26181638
1.26181638
1.26181638
1.26181638
1.26181638
1.26181638
1.26181638
1.25369358
1.25369358
1.25369358
1.25369358
1.25369358
1.25369358
1.25369358
1.25369358
1.25369358
1.25369358
1.25369358
1.25369358
1.25369358
1.25370240
1.25370240
1.25370240
1.25370240
1.25369358
1.25369358
1.25369358
1.25369358
1.25369358
1.25369358
1.25369358
1.25369358
1.25369358
1.25369358
1.25369358
1.25369358
1.25369358
1.25369358
1.25369358
1.25369358
1.25369358
1.25369358
1.25369358
1.25369358
1.25369358
1.25369358
1.25369358
1.25369358
1.25369358
1.25369358
1.25369358
1.25369358
1.25369358
1.25369358
1.25369358
1.25369358
1.25369358
1.25369358
1.25369358
1.25369358
1.25369358
1.25369358
1.25369358
1.25369358
1.25369358
1.25369358
1.25369358
1.25369358
1.25369358
1.25369358
1.25369358
1.25369358
1.25369358
1.25369358
1.25369358
1.25369358
1.25369358
1.25369358
1.25369358
1.25369358
1.25369358
1.25369358
1.25369358
0.91184080
0.90519601
0.90236473
0.90085769
0.90004236
0.89977849
0.90004236
0.90077561
0.90195322
0.90379882
0.90680999
0.91067916
0.91864073
1.25369358
1.25369358
1.25369358
1.25369358
1.25369358
1.25369358
1.25369358
1.25369358
1.25369358
1.25369358
1.25369358
1.25369358
1.25369358
1.25369358
1.24179888
1.23315299
1.22505653
1.21804011
1.21440876
1.21364701
1.21250606
1.19743276
1.18743980
1.18025148
1.17460501
1.16979599
1.16588068
1.16259873
1.15956938
1.15696156
1.15482986
1.15294492
1.15128946
1.15006220
1.14903021
1.14811873
1.14737117
1.14692760
1.14673555
1.14665425
1.14679468
1.14724553
1.14780772
1.14880776
1.14975011
1.15096939
1.15259409
1.15435064
1.15636039
1.15892768
1.16177928
1.16494226
1.16873598
1.17327344
1.17865717
1.18543124
1.19463611
1.21065891
1.21367180
1.21407735
1.21644199
1.22317934
1.23100400
1.24179888
1.24187684
1.25369358
1.25369358
1.25369358
1.25369358
1.25369358
1.25369358
1.25369358
1.25369358
1.25369358
1.25369358
1.25369358
1.25369358
1.25369358
1.25369358
1.25369358
1.25369358
1.25369358
1.25369358
1.25369358
1.25369358
1.25369358
1.25369358
1.25369358
1.25369358
1.25369358
1.25369358
1.25369358
1.25369358
1.25369358
1.25369358
1.25369358
1.25369358
1.25369358
1.25369358
1.25369358
1.25369358
1.25369358
1.25369358
1.25369358
1.25369358
1.25369358
1.25369358
1.25369358
1.25369358
1.25369358
1.25369358
1.25369358
1.25369358
1.25369358
1.25369358
1.25369358
1.25369358
1.25369358
1.25369358
1.25369358
1.25369358
1.25369358
1.25369358
1.25369358
1.25369358
1.25369358
1.25369358
1.25369358
1.25369358
1.25369358
1.25369358
1.25369358
1.25369358
1.25369358
1.25369358
1.25369358
1.25369358
1.25369358
1.25369358
1.25369358
1.25369358
1.25369358
1.25369358
1.25369358
1.25369358
1.25369358
1.25369358
1.25369358
1.25369358
1.25369358
1.25369358
1.25369358
1.25369358
1.25369358
1.25369358
1.25369358
1.25369358
1.25369358
1.25369358
1.25369358
1.25369358
1.25369358
1.25369358
1.25369358
1.25369358
1.25369358
1.25369358
1.24568343
1.24568343
1.24568343
1.24568343
1.24568343
1.24568343
1.24568343
1.24568343
1.24568343
1.24568343
1.24568343
1.24568343
1.24568343
1.24568343
1.24568343
1.24568343
1.24568343
1.24568343
1.24568343
1.24568343
1.24568343
1.24568343
1.24568343
1.24568343
1.24568343
1.24568343
1.24568343
1.24568343
1.24568343
1.24568343
1.24568343
1.24568343
1.24568343
1.24568343
1.24568343
1.24568343
1.24568343
1.24568343
1.24568343
1.24568343
1.24568343
1.24568343
1.24568343
1.24568343
1.24568343
1.24568343
1.24568343
1.24568343
1.24568343
1.24568343
1.24568343
1.24568343
1.24568343
1.24568343
1.24568343
1.24568343
1.24568343
1.24568343
1.24568343
1.24568343
1.24568343
1.24568343
1.24568343
1.24568343
1.24568343
1.24568343
1.24568343
1.24568343
1.24568343
1.24568343
1.24568343
1.24568343
1.24568343
1.24568343
1.24568343
1.24568343
0.91514105
0.90794319
0.90478653
0.90405124
0.90401912
0.90391815
0.90388596
0.90396863
0.90389979
0.90582705
0.90850389
0.91233146
0.91958988
1.24568343
1.24568343
1.24568343
1.24568343
1.24568343
1.24568343
1.24568343
1.24568343
1.24568343
1.24568343
1.24568343
1.24568343
1.24568343
1.23385394
1.23104656
1.22359979
1.21714902
1.21522117
1.21498895
1.21551991
1.21416855
1.19885218
1.18902624
1.18189716
1.17624283
1.17152822
1.16760147
1.16428697
1.16133201
1.15873146
1.15660071
1.15470254
1.15306449
1.15183330
1.15079820
1.14995074
1.14913416
1.14871144
1.14849651
1.14841497
1.14857805
1.14900804
1.14962399
1.15057504
1.15152037
1.15274334
1.15436554
1.15611243
1.15814340
1.16068840
1.16349542
1.16668308
1.17047286
1.17496169
1.18031406
1.18703604
1.19611323
1.21162307
1.21560299
1.21511340
1.21503043
1.21641707
1.22185278
1.22911692
1.23385394
1.24568343
1.24568343
1.24568343
1.24568343
1.24568343
1.24568343
1.24568343
1.24568343
1.24568343
1.24568343
1.24568343
1.24568343
1.24568343
1.24568343
1.24568343
1.24568343
1.24568343
1.24568343
1.24568343
1.24568343
1.24568343
1.24568343
1.24568343
1.24568343
1.24568343
1.24568343
1.24568343
1.24568343
1.24568343
1.24568343
1.24568343
1.24568343
1.24568343
1.24568343
1.24568343
1.24568343
1.24568343
1.24568343
1.24568343
1.24568343
1.24568343
1.24568343
1.24568343
1.24568343
1.24568343
1.24568343
1.24568343
1.24568343
1.24568343
1.24568343
1.24568343
1.24568343
1.24568343
1.24568343
1.24568343
1.24568343
1.24568343
1.24568343
1.24568343
1.24568343
1.24568343
1.24568343
1.24568343
1.24568343
1.24568343
1.24568343
1.24568343
1.24568343
1.24568343
1.24568343
1.24568343
1.24568343
1.24568343
1.24568343
1.24568343
1.24568343
1.24568343
1.24568343
1.24568343
1.24568343
1.24568343
1.24568343
1.24568343
1.24568343
1.24568343
1.24568343
1.24568343
1.24568343
1.24568343
1.24568343
1.24568343
1.24568343
1.24568343
1.24568343
1.24568343
1.24568343
1.24568343
1.24568343
1.24568343
1.24568343
1.24568343
1.24568343
1.23776627
1.23776627
1.23776627
1.23776627
1.23776627
1.23776627
1.23776627
1.23776627
1.23776627
1.23776627
1.23776627
1.23776627
1.23776627
1.23776627
1.23776627
1.23776627
1.23776627
1.23776627
1.23776627
1.23776627
1.23776627
1.23776627
1.23776627
1.23776627
1.23776627
1.23776627
1.23776627
1.23776627
1.23776627
1.23776627
1.23776627
1.23776627
1.23776627
1.23776627
1.23776627
1.23776627
1.23776627
1.23776627
1.23776627
1.23776627
1.23776627
1.23776627
1.23776627
1.23776627
1.23776627
1.23776627
1.23776627
1.23776627
1.23776627
1.23776627
1.23776627
1.23776627
1.23776627
1.23776627
1.23776627
1.23776627
1.23776627
1.23776627
1.23776627
1.23776627
1.23776627
1.23776627
1.23776627
1.23776627
1.23776627
1.23776627
1.23776627
1.23776627
1.23776627
1.23776627
1.23776627
1.23776627
1.23776627
1.23776627
1.23776627
1.23776627
1.23776627
0.91005063
0.90678227
0.90509933
0.90502113
0.90495211
0.90492910
0.90493828
0.90563810
0.90747106
0.91006923
0.91378808
0.92058861
1.23776627
1.23776627
1.23776627
1.23776627
1.23776627
1.23776627
1.23776627
1.23776627
1.23776627
1.23776627
1.23776627
1.23776627
1.23776627
1.22601843
1.22221351
1.21737373
1.21623421
1.21644199
1.21699917
1.21753192
1.21586871
1.20028305
1.19063282
1.18355536
1.17787731
1.17327344
1.16932726
1.16599524
1.16310012
1.16049922
1.15836954
1.15646553
1.15484488
1.15360248
1.15257919
1.15169179
1.15090239
1.15049326
1.15026283
1.15018845
1.15036690
1.15077591
1.15145338
1.15235531
1.15329599
1.15452278
1.15613496
1.15788734
1.15992451
1.16245449
1.16521680
1.16842151
1.17221487
1.17663932
1.18198347
1.18864512
1.19758582
1.21246481
1.21759856
1.21713233
1.21658337
1.21616769
1.21694934
1.22056246
1.22590876
1.22909153
1.23776627
1.23776627
1.23776627
1.23776627
1.23776627
1.23776627
1.23776627
1.23776627
1.23776627
1.23776627
1.23776627
1.23776627
1.23776627
1.23776627
1.23776627
1.23776627
1.23776627
1.23776627
1.23776627
1.23776627
1.23776627
1.23776627
1.23776627
1.23776627
1.23776627
1.23776627
1.23776627
1.23776627
1.23776627
1.23776627
1.23776627
1.23776627
1.23776627
1.23776627
1.23776627
1.23776627
1.23776627
1.23776627
1.23776627
1.23776627
1.23776627
1.23776627
1.23776627
1.23776627
1.23776627
1.23776627
1.23776627
1.23776627
1.23776627
1.23776627
1.23776627
1.23776627
1.23776627
1.23776627
1.23776627
1.23776627
1.23776627
1.23776627
1.23776627
1.23776627
1.23776627
1.23776627
1.23776627
1.23776627
1.23776627
1.23776627
1.23776627
1.23776627
1.23776627
1.23776627
1.23776627
1.23776627
1.23776627
1.23776627
1.23776627
1.23776627
1.23776627
1.23776627
1.23776627
1.23776627
1.23776627
1.23776627
1.23776627
1.23776627
1.23776627
1.23776627
1.23776627
1.23776627
1.23776627
1.23776627
1.23776627
1.23776627
1.23776627
1.23776627
1.23776627
1.23776627
1.23776627
1.23776627
1.23776627
1.23776627
1.23776627
1.22994924
1.22994924
1.22994924
1.22994924
1.22994924
1.22994924
1.22994924
1.22994924
1.22994924
1.22994924
1.22994924
1.22994924
1.22994924
1.22994924
1.22994924
1.22994924
1.22994924
1.22994924
1.22994924
1.22994924
1.22994924
1.22994924
1.22994924
1.22994924
1.22994924
1.22994924
1.22994924
1.22994924
1.22994924
1.22994924
1.22994924
1.22994924
1.22994924
1.22994924
1.22994924
1.22994924
1.22994924
1.22994924
1.22994924
1.22994924
1.22994924
1.22994924
1.22994924
1.22994924
1.22994924
1.22994924
1.22994924
1.22994924
1.22994924
1.22994924
1.22994924
1.22994924
1.22994924
1.22994924
1.22994924
1.22994924
1.22994924
1.22994924
1.22994924
1.22994924
1.22994924
1.22994924
1.22994924
1.22994924
1.22994924
1.22994924
1.22994924
1.22994924
1.22994924
1.22994924
1.22994924
1.22994924
1.22994924
1.22994924
1.22994924
1.22994924
1.22994924
0.91215384
0.90872651
0.90680999
0.90606683
0.90597922
0.90594691
0.90597463
0.90727681
0.90900964
0.91156995
0.91524458
0.92166108
1.22994924
1.22994924
1.22994924
1.22994924
1.22994924
1.22994924
1.22994924
1.22994924
1.22994924
1.22994924
1.22994924
1.22994924
1.22994924
1.21827364
1.21754861
1.21667480
1.21645856
1.21670806
1.21704912
1.21732378
1.21480656
1.20176601
1.19223571
1.18521810
1.17683375
1.17414796
1.17100418
1.16772401
1.16488123
1.16227996
1.16015124
1.15824139
1.15663087
1.15538454
1.15435815
1.15343809
1.15267622
1.15225089
1.15203464
1.15197492
1.15215397
1.15254927
1.15326619
1.15413356
1.15507722
1.15630770
1.15790987
1.15965998
1.16171098
1.16423368
1.16695845
1.17016506
1.17343581
1.17623496
1.18353963
1.19027448
1.19906211
1.21239877
1.21734881
1.21713233
1.21679127
1.21648359
1.21657503
1.21725714
1.21827364
1.22009397
1.22994924
1.22994924
1.22994924
1.22994924
1.22994924
1.22994924
1.22994924
1.22994924
1.22994924
1.22994924
1.22994924
1.22994924
1.22994924
1.22994924
1.22994924
1.22994924
1.22994924
1.22994924
1.22994924
1.22994924
1.22994924
1.22994924
1.22994924
1.22994924
1.22994924
1.22994924
1.22994924
1.22994924
1.22994924
1.22994924
1.22994924
1.22994924
1.22994924
1.22994924
1.22994924
1.22994924
1.22994924
1.22994924
1.22994924
1.22994924
1.22994924
1.22994924
1.22994924
1.22994924
1.22994924
1.22994924
1.22994924
1.22994924
1.22994924
1.22994924
1.22994924
1.22994924
1.22994924
1.22994924
1.22994924
1.22994924
1.22994924
1.22994924
1.22994924
1.22994924
1.22994924
1.22994924
1.22994924
1.22994924
1.22994924
1.22994924
1.22994924
1.22994924
1.22994924
1.22994924
1.22994924
1.22994924
1.22994924
1.22994924
1.22994924
1.22994924
1.22994924
1.22994924
1.22994924
1.22994924
1.22994924
1.22994924
1.22994924
1.22994924
1.22994924
1.22994924
1.22994924
1.22994924
1.22994924
1.22994924
1.22994924
1.22994924
1.22994924
1.22994924
1.22994924
1.22994924
1.22994924
1.22994924
1.22994924
1.22994924
1.22994924
1.22223866
1.22223866
1.22223866
1.22223866
1.22223866
1.22223866
1.22223866
1.22223866
1.22223866
1.22223866
1.22223866
1.22223866
1.22223866
1.22223866
1.22223866
1.22223866
1.22223866
1.22223866
1.22223866
1.22223866
1.22223866
1.22223866
1.22223866
1.22223866
1.22223866
1.22223866
1.22223866
1.22223866
1.22223866
1.22223866
1.22223866
1.22223866
1.22223866
1.22223866
1.22223866
1.22223866
1.22223866
1.22223866
1.22223866
1.22223866
1.22223866
1.22223866
1.22223866
1.22223866
1.22223866
1.22223866
1.22223866
1.22223866
1.22223866
1.22223866
1.22223866
1.22223866
1.22223866
1.22223866
1.22223866
1.22223866
1.22223866
1.22223866
1.22223866
1.22223866
1.22223866
1.22223866
1.22223866
1.22223866
1.22223866
1.22223866
1.22223866
1.22223866
1.22223866
1.22223866
1.22223866
1.22223866
1.22223866
1.22223866
1.22223866
1.22223866
1.22223866
0.91430902
0.91065121
0.90870333
0.90748495
0.90695322
0.90702713
0.90771168
0.90884715
0.91057205
0.91308492
0.91669631
0.92281264
1.22223866
1.22223866
1.22223866
1.22223866
1.22223866
1.22223866
1.22223866
1.22223866
1.22223866
1.22223866
1.22223866
1.22223866
1.22223032
1.21063411
1.21063411
1.21063411
1.21063411
1.21063411
1.21063411
1.21063411
1.20964694
1.20311439
1.19384289
1.17650712
1.17416346
1.17202187
1.17043436
1.16941166
1.16666019
1.16405857
1.16193855
1.16004539
1.15842235
1.15717220
1.15614247
1.15519714
1.15445542
1.15402126
1.15381932
1.15377450
1.15394652
1.15432811
1.15500975
1.15591729
1.15686381
1.15809822
1.15969026
1.16143811
1.16350305
1.16601050
1.16871297
1.17034972
1.17149734
1.17359054
1.17589307
1.19194829
1.20054209
1.20857918
1.21063411
1.21063411
1.21063411
1.21063411
1.21063411
1.21063411
1.21063411
1.21498895
1.22223866
1.22223866
1.22223866
1.22223866
1.22223866
1.22223866
1.22223866
1.22223866
1.22223866
1.22223032
1.22223032
1.22223032
1.22223032
1.22223866
1.22223866
1.22223866
1.22223866
1.22223866
1.22223866
1.22223866
1.22223866
1.22223866
1.22223866
1.22223866
1.22223866
1.22223866
1.22223866
1.22223866
1.22223866
1.22223866
1.22223866
1.22223866
1.22223866
1.22223866
1.22223866
1.22223866
1.22223866
1.22223866
1.22223866
1.22223866
1.22223866
1.22223032
1.22223032
1.22223032
1.22223032
1.22223032
1.22223866
1.22223866
1.22223866
1.22223866
1.22223866
1.22223866
1.22223866
1.22223866
1.22223866
1.22223866
1.22223866
1.22223866
1.22223866
1.22223866
1.22223866
1.22223866
1.22223866
1.22223866
1.22223866
1.22223866
1.22223866
1.22223866
1.22223866
1.22223866
1.22223866
1.22223866
1.22223032
1.22223032
1.22223032
1.22223032
1.22223032
1.22223032
1.22223866
1.22223866
1.22223866
1.22223032
1.22223032
1.22223032
1.22223032
1.22223866
1.22223866
1.22223866
1.22223866
1.22223866
1.22223866
1.22223866
1.22223866
1.22223032
1.22223032
1.22223032
1.22223032
1.22223032
1.22223032
1.22223032
1.22223032
1.21461582
1.21461582
1.21461582
1.21461582
1.21461582
1.21461582
1.21461582
1.21461582
1.21461582
1.21461582
1.21461582
1.21461582
1.21461582
1.21461582
1.21461582
1.21461582
1.21461582
1.21461582
1.21461582
1.21461582
1.21461582
1.21461582
1.21461582
1.21461582
1.21461582
1.21461582
1.21461582
1.21461582
1.21461582
1.21461582
1.21461582
1.21461582
1.21461582
1.21461582
1.21461582
1.21461582
1.21461582
1.21461582
1.21461582
1.21461582
1.21461582
1.21461582
1.21461582
1.21461582
1.21461582
1.21461582
1.21461582
1.21461582
1.21461582
1.21461582
1.21461582
1.21461582
1.21461582
1.21461582
1.21461582
1.21461582
1.21461582
1.21461582
1.21461582
1.21461582
1.21461582
1.21461582
1.21461582
1.21461582
1.21461582
1.21461582
1.21461582
1.21461582
1.21461582
1.21461582
1.21461582
1.21461582
1.21461582
1.21461582
1.21461582
1.21461582
1.21461582
0.91653109
0.91260278
0.91048819
0.90927893
0.90864766
0.90877759
0.90933466
0.91041833
0.91211647
0.91459090
0.91807216
0.92392868
1.21461582
1.21461582
1.21461582
1.21461582
1.21461582
1.21461582
1.21461582
1.21461582
1.21461582
1.21461582
1.21461582
1.21461582
1.21461582
1.20361054
1.20308995
1.20308995
1.20308995
1.20308185
1.20308995
1.20308995
1.20308185
1.20102000
1.17622721
1.17378402
1.17159760
1.16955769
1.16961920
1.17058837
1.16844451
1.16585016
1.16373885
1.16184747
1.16021931
1.15895784
1.15794003
1.15697670
1.15624011
1.15578973
1.15557957
1.15555716
1.15569961
1.15610504
1.15676618
1.15771413
1.15866363
1.15989423
1.16148365
1.16322172
1.16530061
1.16779292
1.17032659
1.17007279
1.16925812
1.17106581
1.17321920
1.17552817
1.19988656
1.20297611
1.20308185
1.20308185
1.20308185
1.20308185
1.20308185
1.20308995
1.20310616
1.21461582
1.21461582
1.21461582
1.21461582
1.21461582
1.21461582
1.21461582
1.21461582
1.21461582
1.21461582
1.21461582
1.21461582
1.21461582
1.21461582
1.21461582
1.21461582
1.21461582
1.21461582
1.21461582
1.21461582
1.21461582
1.21461582
1.21461582
1.21461582
1.21461582
1.21461582
1.21461582
1.21461582
1.21461582
1.21461582
1.21461582
1.21461582
1.21461582
1.21461582
1.21461582
1.21461582
1.21461582
1.21461582
1.21461582
1.21461582
1.21461582
1.21461582
1.21461582
1.21461582
1.21461582
1.21461582
1.21461582
1.21461582
1.21461582
1.21461582
1.21461582
1.21461582
1.21461582
1.21461582
1.21461582
1.21461582
1.21461582
1.21461582
1.21461582
1.21461582
1.21461582
1.21461582
1.21461582
1.21461582
1.21461582
1.21461582
1.21461582
1.21461582
1.21461582
1.21461582
1.21461582
1.21461582
1.21461582
1.21461582
1.21461582
1.21461582
1.21461582
1.21461582
1.21461582
1.21461582
1.21461582
1.21461582
1.21461582
1.21461582
1.21461582
1.21461582
1.21461582
1.21461582
1.21461582
1.21461582
1.21461582
1.21461582
1.21461582
1.21461582
1.21461582
1.21461582
1.21461582
1.21461582
1.21461582
1.21461582
1.21461582
1.21461582
1.20708764
1.20708764
1.20708764
1.20708764
1.20708764
1.20708764
1.20708764
1.20708764
1.20708764
1.20708764
1.20708764
1.20708764
1.20708764
1.20708764
1.20708764
1.20708764
1.20708764
1.20708764
1.20708764
1.20708764
1.20708764
1.20708764
1.20708764
1.20708764
1.20708764
1.20708764
1.20708764
1.20708764
1.20708764
1.20708764
1.20708764
1.20708764
1.20708764
1.20708764
1.20708764
1.20708764
1.20708764
1.20708764
1.20708764
1.20708764
1.20708764
1.20708764
1.20708764
1.20708764
1.20708764
1.20708764
1.20708764
1.20708764
1.20708764
1.20708764
1.20708764
1.20708764
1.20708764
1.20708764
1.20708764
1.20708764
1.20708764
1.20708764
1.20708764
1.20708764
1.20708764
1.20708764
1.20708764
1.20708764
1.20708764
1.20708764
1.20708764
1.20708764
1.20708764
1.20708764
1.20708764
1.20708764
1.20708764
1.20708764
1.20708764
1.20708764
1.20708764
0.91876870
0.91458154
0.91228473
0.91101474
0.91037643
0.91039038
0.91096348
0.91199028
0.91367549
0.91610658
0.91946161
0.92514837
1.20708764
1.20708764
1.20708764
1.20708764
1.20708764
1.20708764
1.20708764
1.20708764
1.20708764
1.20708764
1.20708764
1.20708764
1.20708764
1.20099568
1.19563115
1.19563115
1.19563115
1.19563115
1.19563115
1.19563115
1.19563115
1.17596304
1.17341256
1.17115819
1.16912746
1.16799212
1.16996515
1.17209136
1.17023432
1.16763973
1.16553724
1.16365516
1.16202199
1.16075647
1.15973556
1.15876925
1.15782702
1.15573716
1.15539205
1.15537715
1.15548205
1.15739036
1.15855801
1.15950894
1.16046143
1.16169584
1.16327500
1.16501081
1.16711152
1.16958845
1.17193699
1.17098880
1.16818380
1.16860557
1.17064226
1.17284822
1.17516339
1.19563115
1.19563115
1.19563115
1.19563115
1.19563115
1.19563115
1.19563115
1.19794858
1.20708764
1.20708764
1.20708764
1.20708764
1.20708764
1.20708764
1.20708764
1.20708764
1.20708764
1.20708764
1.20708764
1.20708764
1.20708764
1.20708764
1.20708764
1.20708764
1.20708764
1.20708764
1.20708764
1.20708764
1.20708764
1.20708764
1.20708764
1.20708764
1.20708764
1.20708764
1.20708764
1.20708764
1.20708764
1.20708764
1.20708764
1.20708764
1.20708764
1.20708764
1.20708764
1.20708764
1.20708764
1.20708764
1.20708764
1.20708764
1.20708764
1.20708764
1.20708764
1.20708764
1.20708764
1.20708764
1.20708764
1.20708764
1.20708764
1.20708764
1.20708764
1.20708764
1.20708764
1.20708764
1.20708764
1.20708764
1.20708764
1.20708764
1.20708764
1.20708764
1.20708764
1.20708764
1.20708764
1.20708764
1.20708764
1.20708764
1.20708764
1.20708764
1.20708764
1.20708764
1.20708764
1.20708764
1.20708764
1.20708764
1.20708764
1.20708764
1.20708764
1.20708764
1.20708764
1.20708764
1.20708764
1.20708764
1.20708764
1.20708764
1.20708764
1.20708764
1.20708764
1.20708764
1.20708764
1.20708764
1.20708764
1.20708764
1.20708764
1.20708764
1.20708764
1.20708764
1.20708764
1.20708764
1.20708764
1.20708764
1.20708764
1.20708764
1.19965208
1.19965208
1.19965208
1.19965208
1.19965208
1.19965208
1.19965208
1.19965208
1.19965208
1.19965208
1.19965208
1.19965208
1.19965208
1.19965208
1.19965208
1.19965208
1.19965208
1.19965208
1.19965208
1.19965208
1.19965208
1.19965208
1.19965208
1.19965208
1.19965208
1.19965208
1.19965208
1.19965208
1.19965208
1.19965208
1.19965208
1.19965208
1.19965208
1.19965208
1.19965208
1.19965208
1.19965208
1.19965208
1.19965208
1.19965208
1.19965208
1.19965208
1.19965208
1.19965208
1.19965208
1.19965208
1.19965208
1.19965208
1.19965208
1.19965208
1.19965208
1.19965208
1.19965208
1.19965208
1.19965208
1.19965208
1.19965208
1.19965208
1.19965208
1.19965208
1.19965208
1.19965208
1.19965208
1.19965208
1.19965208
1.19965208
1.19965208
1.19965208
1.19965208
1.19965208
1.19965208
1.19965208
1.19965208
1.19965208
1.19965208
1.19965208
1.19965208
0.92114598
0.91660190
0.91414940
0.91277122
0.91213983
0.91204166
0.91257000
0.91356766
0.91523516
0.91765094
0.92100775
0.92651594
0.93597698
1.19965208
1.19965208
1.19965208
1.19965208
1.19965208
1.19965208
1.19965208
1.19965208
1.19965208
1.19965208
1.19965208
1.19965208
1.19965208
1.19083989
1.18826425
1.18826425
1.18826425
1.18827212
1.18827212
1.17587757
1.17305684
1.17074227
1.16868997
1.16684365
1.16750956
1.17162848
1.17389238
1.17203736
1.16945016
1.16734111
1.16546857
1.16383016
1.16256082
1.16153669
1.16056728
1.15853536
1.15390909
1.15372956
1.15371466
1.15379691
1.15678871
1.16032517
1.16130936
1.16226470
1.16351068
1.16507185
1.16681314
1.16892028
1.17138171
1.17372215
1.17273998
1.16816843
1.16675186
1.16817617
1.17021120
1.17247736
1.17481434
1.18827212
1.18826425
1.18826425
1.18826425
1.18826425
1.18950295
1.19946611
1.19965208
1.19965208
1.19965208
1.19965208
1.19965208
1.19965208
1.19965208
1.19965208
1.19965208
1.19965208
1.19965208
1.19965208
1.19965208
1.19965208
1.19965208
1.19965208
1.19965208
1.19965208
1.19965208
1.19965208
1.19965208
1.19965208
1.19965208
1.19965208
1.19965208
1.19965208
1.19965208
1.19965208
1.19965208
1.19965208
1.19965208
1.19965208
1.19965208
1.19965208
1.19965208
1.19965208
1.19965208
1.19965208
1.19965208
1.19965208
1.19965208
1.19965208
1.19965208
1.19965208
1.19965208
1.19965208
1.19965208
1.19965208
1.19965208
1.19965208
1.19965208
1.19965208
1.19965208
1.19965208
1.19965208
1.19965208
1.19965208
1.19965208
1.19965208
1.19965208
1.19965208
1.19965208
1.19965208
1.19965208
1.19965208
1.19965208
1.19965208
1.19965208
1.19965208
1.19965208
1.19965208
1.19965208
1.19965208
1.19965208
1.19965208
1.19965208
1.19965208
1.19965208
1.19965208
1.19965208
1.19965208
1.19965208
1.19965208
1.19965208
1.19965208
1.19965208
1.19965208
1.19965208
1.19965208
1.19965208
1.19965208
1.19965208
1.19965208
1.19965208
1.19965208
1.19965208
1.19965208
1.19965208
1.19965208
1.19965208
1.19965208
1.19965208
1.19231558
1.19231558
1.19231558
1.19231558
1.19231558
1.19231558
1.19231558
1.19231558
1.19231558
1.19231558
1.19231558
1.19231558
1.19231558
1.19231558
1.19231558
1.19231558
1.19231558
1.19231558
1.19231558
1.19231558
1.19231558
1.19231558
1.19231558
1.19231558
1.19231558
1.19231558
1.19231558
1.19231558
1.19231558
1.19231558
1.19231558
1.19231558
1.19231558
1.19231558
1.19231558
1.19231558
1.19231558
1.19231558
1.19231558
1.19231558
1.19231558
1.19231558
1.19231558
1.19231558
1.19231558
1.19231558
1.19231558
1.19231558
1.19231558
1.19231558
1.19231558
1.19231558
1.19231558
1.19231558
1.19231558
1.19231558
1.19231558
1.19231558
1.19231558
1.19231558
1.19231558
1.19231558
1.19231558
1.19231558
1.19231558
1.19231558
1.19231558
1.19231558
1.19231558
1.19231558
1.19231558
1.19231558
1.19231558
1.19231558
1.19231558
1.19231558
1.19231558
0.92364579
0.91871655
0.91598874
0.91452515
0.91382092
0.91376460
0.91416347
0.91516459
0.91684270
0.91925269
0.92293704
0.92634237
0.93206602
1.19231558
1.19231558
1.19231558
1.19231558
1.19231558
1.19231558
1.19231558
1.19231558
1.19231558
1.19231558
1.19231558
1.19231558
1.19231558
1.19231558
1.18373632
1.18099546
1.18099546
1.18099546
1.17587757
1.17264736
1.17037284
1.16826046
1.16623211
1.16567457
1.16839850
1.17330432
1.17548156
1.17376852
1.17126620
1.16915059
1.16728747
1.16564405
1.16436315
1.16335094
1.16235578
1.15959954
1.15217626
1.15207183
1.15205693
1.15215397
1.15386426
1.16210544
1.16310012
1.16408134
1.16532350
1.16687429
1.16862094
1.17073464
1.17316508
1.17534184
1.17440355
1.16964221
1.16602588
1.16579676
1.16775465
1.16980362
1.17207599
1.17450428
1.18099546
1.18099546
1.18099546
1.18254101
1.19013131
1.19231558
1.19231558
1.19231558
1.19231558
1.19231558
1.19231558
1.19231558
1.19231558
1.19231558
1.19231558
1.19231558
1.19231558
1.19231558
1.19231558
1.19231558
1.19231558
1.19231558
1.19231558
1.19231558
1.19231558
1.19231558
1.19231558
1.19231558
1.19231558
1.19231558
1.19231558
1.19231558
1.19231558
1.19231558
1.19231558
1.19231558
1.19231558
1.19231558
1.19231558
1.19231558
1.19231558
1.19231558
1.19231558
1.19231558
1.19231558
1.19231558
1.19231558
1.19231558
1.19231558
1.19231558
1.19231558
1.19231558
1.19231558
1.19231558
1.19231558
1.19231558
1.19231558
1.19231558
1.19231558
1.19231558
1.19231558
1.19231558
1.19231558
1.19231558
1.19231558
1.19231558
1.19231558
1.19231558
1.19231558
1.19231558
1.19231558
1.19231558
1.19231558
1.19231558
1.19231558
1.19231558
1.19231558
1.19231558
1.19231558
1.19231558
1.19231558
1.19231558
1.19231558
1.19231558
1.19231558
1.19231558
1.19231558
1.19231558
1.19231558
1.19231558
1.19231558
1.19231558
1.19231558
1.19231558
1.19231558
1.19231558
1.19231558
1.19231558
1.19231558
1.19231558
1.19231558
1.19231558
1.19231558
1.19231558
1.19231558
1.19231558
1.19231558
1.19231558
1.18506038
1.18506038
1.18506038
1.18506038
1.18506038
1.18506038
1.18506038
1.18506038
1.18506038
1.18506038
1.18506038
1.18506038
1.18506038
1.18506038
1.18506038
1.18506038
1.18506038
1.18506038
1.18506038
1.18506038
1.18506038
1.18506038
1.18506038
1.18506038
1.18506038
1.18506038
1.18506038
1.18506038
1.18506038
1.18506038
1.18506038
1.18506038
1.18506038
1.18506038
1.18506038
1.18506038
1.18506038
1.18506038
1.18506038
1.18506038
1.18506038
1.18506038
1.18506038
1.18506038
1.18506038
1.18506038
1.18506038
1.18506038
1.18506038
1.18506038
1.18506038
1.18506038
1.18506038
1.18506038
1.18506038
1.18506038
1.18506038
1.18506038
1.18506038
1.18506038
1.18506038
1.18506038
1.18506038
1.18506038
1.18506038
1.18506038
1.18506038
1.18506038
1.18506038
1.18506038
1.18506038
1.18506038
1.18506038
1.18506038
1.18506038
1.18506038
0.92900139
0.92307580
0.92007470
0.91830897
0.91663969
0.91558355
0.91541404
0.91589445
0.91731519
0.91866440
0.92028874
0.92268825
0.92589909
0.93053603
0.94066602
1.18506038
1.18506038
1.18506038
1.18506038
1.18506038
1.18506038
1.18506038
1.18506038
1.18506038
1.18506038
1.18506038
1.18506038
1.18506038
1.18506038
1.17818916
1.17423308
1.17380726
1.17229211
1.16998816
1.16782355
1.16578150
1.16428697
1.16555250
1.16938102
1.17234612
1.17376852
1.17298734
1.17167473
1.17021894
1.16877437
1.16735637
1.16614807
1.16507947
1.16416514
1.15286279
1.15052307
1.15041900
1.15040410
1.15050077
1.15154278
1.16389871
1.16485071
1.16585016
1.16705787
1.16842914
1.16984212
1.17133546
1.17270911
1.17365241
1.17289460
1.17021894
1.16641545
1.16433263
1.16529298
1.16730285
1.16942704
1.17169785
1.17363691
1.17387688
1.17681050
1.18378365
1.18506038
1.18506038
1.18506038
1.18506038
1.18506038
1.18506038
1.18506038
1.18506038
1.18506038
1.18506038
1.18506038
1.18506038
1.18506038
1.18506038
1.18506038
1.18506038
1.18506038
1.18506038
1.18506038
1.18506038
1.18506038
1.18506038
1.18506038
1.18506038
1.18506038
1.18506038
1.18506038
1.18506038
1.18506038
1.18506038
1.18506038
1.18506038
1.18506038
1.18506038
1.18506038
1.18506038
1.18506038
1.18506038
1.18506038
1.18506038
1.18506038
1.18506038
1.18506038
1.18506038
1.18506038
1.18506038
1.18506038
1.18506038
1.18506038
1.18506038
1.18506038
1.18506038
1.18506038
1.18506038
1.18506038
1.18506038
1.18506038
1.18506038
1.18506038
1.18506038
1.18506038
1.18506038
1.18506038
1.18506038
1.18506038
1.18506038
1.18506038
1.18506038
1.18506038
1.18506038
1.18506038
1.18506038
1.18506038
1.18506038
1.18506038
1.18506038
1.18506038
1.18506038
1.18506038
1.18506038
1.18506038
1.18506038
1.18506038
1.18506038
1.18506038
1.18506038
1.18506038
1.18506038
1.18506038
1.18506038
1.18506038
1.18506038
1.18506038
1.18506038
1.18506038
1.18506038
1.18506038
1.18506038
1.18506038
1.18506038
1.18506038
1.18506038
1.18506038
1.18506038
1.17789292
1.17789292
1.17789292
1.17789292
1.17789292
1.17789292
1.17789292
1.17789292
1.17789292
1.17789292
1.17789292
1.17789292
1.17789292
1.17789292
1.17789292
1.17789292
1.17789292
1.17789292
1.17789292
1.17789292
1.17789292
1.17789292
1.17789292
1.17789292
1.17789292
1.17789292
1.17789292
1.17789292
1.17789292
1.17789292
1.17789292
1.17789292
1.17789292
1.17789292
1.17789292
1.17789292
1.17789292
1.17789292
1.17789292
1.17789292
1.17789292
1.17789292
1.17789292
1.17789292
1.17789292
1.17789292
1.17789292
1.17789292
1.17789292
1.17789292
1.17789292
1.17789292
1.17789292
1.17789292
1.17789292
1.17789292
1.17789292
1.17789292
1.17789292
1.17789292
1.17789292
1.17789292
1.17789292
1.17789292
1.17789292
1.17789292
1.17789292
1.17789292
1.17789292
1.17789292
1.17789292
1.17789292
1.17789292
1.17789292
1.17789292
1.17789292
0.92796016
0.92309499
0.92036963
0.91864073
0.91754687
0.91700798
0.91688520
0.91716391
0.91787803
0.91901541
0.92062670
0.92279351
0.92570168
0.92976809
0.93625760
1.17789292
1.17789292
1.17789292
1.17789292
1.17789292
1.17789292
1.17789292
1.17789292
1.17789292
1.17789292
1.17789292
1.17789292
1.17789292
1.17789292
1.17789292
1.17422533
1.16925812
1.16681314
1.16662955
1.16530824
1.16340423
1.16344225
1.16509473
1.16656840
1.16671371
1.16671371
1.16671371
1.16671371
1.16671371
1.16670609
1.16636205
1.16579676
1.16521680
1.16466022
1.15026283
1.14887452
1.14877808
1.14876330
1.14885223
1.14945316
1.16445446
1.16507185
1.16565168
1.16621685
1.16662192
1.16671371
1.16671371
1.16671371
1.16671371
1.16671371
1.16671371
1.16552198
1.16381502
1.16311538
1.16484308
1.16645372
1.16671371
1.16839087
1.17276323
1.17789292
1.17789292
1.17789292
1.17789292
1.17789292
1.17789292
1.17789292
1.17789292
1.17789292
1.17789292
1.17789292
1.17789292
1.17789292
1.17789292
1.17789292
1.17789292
1.17789292
1.17789292
1.17789292
1.17789292
1.17789292
1.17789292
1.17789292
1.17789292
1.17789292
1.17789292
1.17789292
1.17789292
1.17789292
1.17789292
1.17789292
1.17789292
1.17789292
1.17789292
1.17789292
1.17789292
1.17789292
1.17789292
1.17789292
1.17789292
1.17789292
1.17789292
1.17789292
1.17789292
1.17789292
1.17789292
1.17789292
1.17789292
1.17789292
1.17789292
1.17789292
1.17789292
1.17789292
1.17789292
1.17789292
1.17789292
1.17789292
1.17789292
1.17789292
1.17789292
1.17789292
1.17789292
1.17789292
1.17789292
1.17789292
1.17789292
1.17789292
1.17789292
1.17789292
1.17789292
1.17789292
1.17789292
1.17789292
1.17789292
1.17789292
1.17789292
1.17789292
1.17789292
1.17789292
1.17789292
1.17789292
1.17789292
1.17789292
1.17789292
1.17789292
1.17789292
1.17789292
1.17789292
1.17789292
1.17789292
1.17789292
1.17789292
1.17789292
1.17789292
1.17789292
1.17789292
1.17789292
1.17789292
1.17789292
1.17789292
1.17789292
1.17789292
1.17789292
1.17789292
1.17789292
1.17789292
1.17081165
1.17081165
1.17081165
1.17081165
1.17081165
1.17081165
1.17081165
1.17081165
1.17081165
1.17081165
1.17081165
1.17081165
1.17081165
1.17081165
1.17081165
1.17081165
1.17081165
1.17081165
1.17081165
1.17081165
1.17081165
1.17081165
1.17081165
1.17081165
1.17081165
1.17081165
1.17081165
1.17081165
1.17081165
1.17081165
1.17081165
1.17081165
1.17081165
1.17081165
1.17081165
1.17081165
1.17081165
1.17081165
1.17081165
1.17081165
1.17081165
1.17081165
1.17081165
1.17081165
1.17081165
1.17081165
1.17081165
1.17081165
1.17081165
1.17081165
1.17081165
1.17081165
1.17081165
1.17081165
1.17081165
1.17081165
1.17081165
1.17081165
1.17081165
1.17081165
1.17081165
1.17081165
1.17081165
1.17081165
1.17081165
1.17081165
1.17081165
1.17081165
1.17081165
1.17081165
1.17081165
1.17081165
1.17081165
1.17081165
1.17081165
1.17081165
0.92760712
0.92339188
0.92085052
0.91919571
0.91819054
0.91761780
0.91748536
0.91777390
0.91844636
0.91950911
0.92104590
0.92307580
0.92576426
0.92936033
0.93466479
1.17081165
1.17081165
1.17081165
1.17081165
1.17081165
1.17081165
1.17081165
1.17081165
1.17081165
1.17081165
1.17081165
1.17081165
1.17081165
1.17081165
1.17081165
1.17081165
1.17081165
1.16648436
1.16241658
1.16015887
1.15970528
1.15970528
1.15970528
1.15970528
1.15970528
1.15970528
1.15970528
1.15970528
1.15970528
1.15970528
1.15970528
1.15970528
1.15970528
1.15947115
1.14803720
1.14721596
1.14713466
1.14711988
1.14720118
1.14751172
1.15866363
1.15970528
1.15970528
1.15970528
1.15970528
1.15970528
1.15970528
1.15970528
1.15970528
1.15970528
1.15970528
1.15970528
1.15970528
1.15969777
1.15984130
1.16165042
1.16534638
1.16981137
1.17081165
1.17081165
1.17081165
1.17081165
1.17081165
1.17081165
1.17081165
1.17081165
1.17081165
1.17081165
1.17081165
1.17081165
1.17081165
1.17081165
1.17081165
1.17081165
1.17081165
1.17081165
1.17081165
1.17081165
1.17081165
1.17081165
1.17081165
1.17081165
1.17081165
1.17081165
1.17081165
1.17081165
1.17081165
1.17081165
1.17081165
1.17081165
1.17081165
1.17081165
1.17081165
1.17081165
1.17081165
1.17081165
1.17081165
1.17081165
1.17081165
1.17081165
1.17081165
1.17081165
1.17081165
1.17081165
1.17081165
1.17081165
1.17081165
1.17081165
1.17081165
1.17081165
1.17081165
1.17081165
1.17081165
1.17081165
1.17081165
1.17081165
1.17081165
1.17081165
1.17081165
1.17081165
1.17081165
1.17081165
1.17081165
1.17081165
1.17081165
1.17081165
1.17081165
1.17081165
1.17081165
1.17081165
1.17081165
1.17081165
1.17081165
1.17081165
1.17081165
1.17081165
1.17081165
1.17081165
1.17081165
1.17081165
1.17081165
1.17081165
1.17081165
1.17081165
1.17081165
1.17081165
1.17081165
1.17081165
1.17081165
1.17081165
1.17081165
1.17081165
1.17081165
1.17081165
1.17081165
1.17081165
1.17081165
1.17081165
1.17081165
1.17081165
1.17081165
1.17081165
1.17081165
1.17081165
1.17081165
1.16382253
1.16382253
1.16382253
1.16382253
1.16382253
1.16382253
1.16382253
1.16382253
1.16382253
1.16382253
1.16382253
1.16382253
1.16382253
1.16382253
1.16382253
1.16382253
1.16382253
1.16382253
1.16382253
1.16382253
1.16382253
1.16382253
1.16382253
1.16382253
1.16382253
1.16382253
1.16382253
1.16382253
1.16382253
1.16382253
1.16382253
1.16382253
1.16382253
1.16382253
1.16382253
1.16382253
1.16382253
1.16382253
1.16382253
1.16382253
1.16382253
1.16382253
1.16382253
1.16382253
1.16382253
1.16382253
1.16382253
1.16382253
1.16382253
1.16382253
1.16382253
1.16382253
1.16382253
1.16382253
1.16382253
1.16382253
1.16382253
1.16382253
1.16382253
1.16382253
1.16382253
1.16382253
1.16382253
1.16382253
1.16382253
1.16382253
1.16382253
1.16382253
1.16382253
1.16382253
1.16382253
1.16382253
1.16382253
1.16382253
1.16382253
0.93622315
0.92765063
0.92385191
0.92146546
0.91990829
0.91893476
0.91840845
0.91830897
0.91853642
0.91915303
0.92014605
0.92159426
0.92350686
0.92600024
0.92923421
0.93380672
0.94164634
1.16382253
1.16382253
1.16382253
1.16382253
1.16382253
1.16382253
1.16382253
1.16382253
1.16382253
1.16382253
1.16382253
1.16382253
1.16382253
1.16382253
1.16382253
1.16382253
1.16382253
1.16382253
1.16071868
1.15723240
1.15475500
1.15311670
1.15277326
1.15277326
1.15277326
1.15277326
1.15277326
1.15277326
1.15277326
1.15277326
1.15277326
1.15277326
1.15171409
1.14606369
1.14557683
1.14549577
1.14548099
1.14554000
1.14574647
1.15020335
1.15277326
1.15277326
1.15277326
1.15277326
1.15277326
1.15277326
1.15277326
1.15277326
1.15277326
1.15277326
1.15289271
1.15426826
1.15654063
1.15988672
1.16338146
1.16382253
1.16382253
1.16382253
1.16382253
1.16382253
1.16382253
1.16382253
1.16382253
1.16382253
1.16382253
1.16382253
1.16382253
1.16382253
1.16382253
1.16382253
1.16382253
1.16382253
1.16382253
1.16382253
1.16382253
1.16382253
1.16382253
1.16382253
1.16382253
1.16382253
1.16382253
1.16382253
1.16382253
1.16382253
1.16382253
1.16382253
1.16382253
1.16382253
1.16382253
1.16382253
1.16382253
1.16382253
1.16382253
1.16382253
1.16382253
1.16382253
1.16382253
1.16382253
1.16382253
1.16382253
1.16382253
1.16382253
1.16382253
1.16382253
1.16382253
1.16382253
1.16382253
1.16382253
1.16382253
1.16382253
1.16382253
1.16382253
1.16382253
1.16382253
1.16382253
1.16382253
1.16382253
1.16382253
1.16382253
1.16382253
1.16382253
1.16382253
1.16382253
1.16382253
1.16382253
1.16382253
1.16382253
1.16382253
1.16382253
1.16382253
1.16382253
1.16382253
1.16382253
1.16382253
1.16382253
1.16382253
1.16382253
1.16382253
1.16382253
1.16382253
1.16382253
1.16382253
1.16382253
1.16382253
1.16382253
1.16382253
1.16382253
1.16382253
1.16382253
1.16382253
1.16382253
1.16382253
1.16382253
1.16382253
1.16382253
1.16382253
1.16382253
1.16382253
1.16382253
1.16382253
1.16382253
1.16382253
1.16382253
1.16382253
1.15690899
1.15690899
1.15690899
1.15690899
1.15690899
1.15690899
1.15690899
1.15690899
1.15690899
1.15690899
1.15690899
1.15690899
1.15690899
1.15690899
1.15690899
1.15690899
1.15690899
1.15690899
1.15690899
1.15690899
1.15690899
1.15690899
1.15690899
1.15690899
1.15690899
1.15690899
1.15690899
1.15690899
1.15690899
1.15690899
1.15690899
1.15690899
1.15690899
1.15690899
1.15690899
1.15690899
1.15690899
1.15690899
1.15690899
1.15690899
1.15690899
1.15690899
1.15690899
1.15690899
1.15690899
1.15690899
1.15690899
1.15690899
1.15690899
1.15690899
1.15690899
1.15690899
1.15690899
1.15690899
1.15690899
1.15690899
1.15690899
1.15690899
1.15690899
1.15690899
1.15690899
1.15690899
1.15690899
1.15690899
1.15690899
1.15690899
1.15690899
1.15690899
1.15690899
1.15690899
1.15690899
1.15690899
1.15690899
1.15690899
1.15690899
0.93450284
0.92790693
0.92446131
0.92232013
0.92095059
0.92016983
0.91979420
0.91966116
0.91985124
0.92029351
0.92106497
0.92230099
0.92405814
0.92635685
0.92932153
0.93337095
0.93962330
1.15690899
1.15690899
1.15690899
1.15690899
1.15690899
1.15690899
1.15690899
1.15690899
1.15690899
1.15690899
1.15690899
1.15690899
1.15690899
1.15690899
1.15690899
1.15690899
1.15690899
1.15690899
1.15690899
1.15690899
1.15643549
1.15376699
1.15131927
1.14904511
1.14757836
1.14644015
1.14593828
1.14593089
1.14593089
1.14593089
1.14593089
1.14593089
1.14584970
1.14420724
1.14394248
1.14384699
1.14383221
1.14389837
1.14406753
1.14552522
1.14593089
1.14593089
1.14593089
1.14593089
1.14593089
1.14593089
1.14625561
1.14725292
1.14865947
1.15068662
1.15304208
1.15571463
1.15690899
1.15690899
1.15690899
1.15690899
1.15690899
1.15690899
1.15690899
1.15690899
1.15690899
1.15690899
1.15690899
1.15690899
1.15690899
1.15690899
1.15690899
1.15690899
1.15690899
1.15690899
1.15690899
1.15690899
1.15690899
1.15690899
1.15690899
1.15690899
1.15690899
1.15690899
1.15690899
1.15690899
1.15690899
1.15690899
1.15690899
1.15690899
1.15690899
1.15690899
1.15690899
1.15690899
1.15690899
1.15690899
1.15690899
1.15690899
1.15690899
1.15690899
1.15690899
1.15690899
1.15690899
1.15690899
1.15690899
1.15690899
1.15690899
1.15690899
1.15690899
1.15690899
1.15690899
1.15690899
1.15690899
1.15690899
1.15690899
1.15690899
1.15690899
1.15690899
1.15690899
1.15690899
1.15690899
1.15690899
1.15690899
1.15690899
1.15690899
1.15690899
1.15690899
1.15690899
1.15690899
1.15690899
1.15690899
1.15690899
1.15690899
1.15690899
1.15690899
1.15690899
1.15690899
1.15690899
1.15690899
1.15690899
1.15690899
1.15690899
1.15690899
1.15690899
1.15690899
1.15690899
1.15690899
1.15690899
1.15690899
1.15690899
1.15690899
1.15690899
1.15690899
1.15690899
1.15690899
1.15690899
1.15690899
1.15690899
1.15690899
1.15690899
1.15690899
1.15690899
1.15690899
1.15690899
1.15690899
1.15690899
1.15690899
1.15690899
1.15690899
1.15690899
1.15007699
1.15007699
1.15007699
1.15007699
1.15007699
1.15007699
1.15007699
1.15007699
1.15007699
1.15007699
1.15007699
1.15007699
1.15007699
1.15007699
1.15007699
1.15007699
1.15007699
1.15007699
1.15007699
1.15007699
1.15007699
1.15007699
1.15007699
1.15007699
1.15007699
1.15007699
1.15007699
1.15007699
1.15007699
1.15007699
1.15007699
1.15007699
1.15007699
1.15007699
1.15007699
1.15007699
1.15007699
1.15007699
1.15007699
1.15007699
1.15007699
1.15007699
1.15007699
1.15007699
1.15007699
1.15007699
1.15007699
1.15007699
1.15007699
1.15007699
1.15007699
1.15007699
1.15007699
1.15007699
1.15007699
1.15007699
1.15007699
1.15007699
1.15007699
1.15007699
1.15007699
1.15007699
1.15007699
1.15007699
1.15007699
1.15007699
1.15007699
1.15007699
1.15007699
1.15007699
1.15007699
1.15007699
1.15007699
1.15007699
1.15007699
0.93395370
0.92843449
0.92534077
0.92354518
0.92252088
0.92192364
0.92153227
0.92143685
0.92155612
0.92190456
0.92250651
0.92335355
0.92481673
0.92687297
0.92962730
0.93330240
0.93861747
1.15007699
1.15007699
1.15007699
1.15007699
1.15007699
1.15007699
1.15007699
1.15007699
1.15007699
1.15007699
1.15007699
1.15007699
1.15007699
1.15007699
1.15007699
1.15007699
1.15007699
1.15007699
1.15007699
1.15007699
1.15007699
1.15007699
1.15007699
1.15007699
1.14922309
1.14731944
1.14576864
1.14431024
1.14312708
1.14213681
1.14136791
1.14084852
1.14035153
1.14013970
1.13992798
1.13984036
1.13984036
1.13987684
1.14008129
1.14029312
1.14072418
1.14122152
1.14191711
1.14287746
1.14396453
1.14548099
1.14686859
1.14875591
1.15007699
1.15007699
1.15007699
1.15007699
1.15007699
1.15007699
1.15007699
1.15007699
1.15007699
1.15007699
1.15007699
1.15007699
1.15007699
1.15007699
1.15007699
1.15007699
1.15007699
1.15007699
1.15007699
1.15007699
1.15007699
1.15007699
1.15007699
1.15007699
1.15007699
1.15007699
1.15007699
1.15007699
1.15007699
1.15007699
1.15007699
1.15007699
1.15007699
1.15007699
1.15007699
1.15007699
1.15007699
1.15007699
1.15007699
1.15007699
1.15007699
1.15007699
1.15007699
1.15007699
1.15007699
1.15007699
1.15007699
1.15007699
1.15007699
1.15007699
1.15007699
1.15007699
1.15007699
1.15007699
1.15007699
1.15007699
1.15007699
1.15007699
1.15007699
1.15007699
1.15007699
1.15007699
1.15007699
1.15007699
1.15007699
1.15007699
1.15007699
1.15007699
1.15007699
1.15007699
1.15007699
1.15007699
1.15007699
1.15007699
1.15007699
1.15007699
1.15007699
1.15007699
1.15007699
1.15007699
1.15007699
1.15007699
1.15007699
1.15007699
1.15007699
1.15007699
1.15007699
1.15007699
1.15007699
1.15007699
1.15007699
1.15007699
1.15007699
1.15007699
1.15007699
1.15007699
1.15007699
1.15007699
1.15007699
1.15007699
1.15007699
1.15007699
1.15007699
1.15007699
1.15007699
1.15007699
1.15007699
1.15007699
1.15007699
1.15007699
1.15007699
1.15007699
1.15007699
1.15007699
1.15007699
1.15007699
1.14332533
1.14332533
1.14332533
1.14332533
1.14332533
1.14332533
1.14332533
1.14332533
1.14332533
1.14332533
1.14332533
1.14332533
1.14332533
1.14332533
1.14332533
1.14332533
1.14332533
1.14332533
1.14332533
1.14332533
1.14332533
1.14332533
1.14332533
1.14332533
1.14332533
1.14332533
1.14332533
1.14332533
1.14332533
1.14332533
1.14332533
1.14332533
1.14332533
1.14332533
1.14332533
1.14332533
1.14332533
1.14332533
1.14332533
1.14332533
1.14332533
1.14332533
1.14332533
1.14332533
1.14332533
1.14332533
1.14332533
1.14332533
1.14332533
1.14332533
1.14332533
1.14332533
1.14332533
1.14332533
1.14332533
1.14332533
1.14332533
1.14332533
1.14332533
1.14332533
1.14332533
1.14332533
1.14332533
1.14332533
1.14332533
1.14332533
1.14332533
1.14332533
1.14332533
1.14332533
1.14332533
1.14332533
1.14332533
1.14332533
1.14332533
0.93406641
0.92924386
0.92654490
0.92521089
0.92431730
0.92369372
0.92329127
0.92317158
0.92326254
0.92360747
0.92418289
0.92491281
0.92599058
0.92766517
0.93016165
0.93346393
0.93815738
0.94615102
1.14332533
1.14332533
1.14332533
1.14332533
1.14332533
1.14332533
1.14332533
1.14332533
1.14332533
1.14332533
1.14332533
1.14332533
1.14332533
1.14332533
1.14332533
1.14332533
1.14332533
1.14332533
1.14332533
1.14332533
1.14332533
1.14332533
1.14332533
1.14332533
1.14332533
1.14332533
1.14332533
1.14332533
1.14332533
1.14327395
1.14254737
1.14178526
1.14140451
1.14108253
1.14089239
1.14089239
1.14106786
1.14142644
1.14167535
1.14231277
1.14304626
1.14332533
1.14332533
1.14332533
1.14332533
1.14332533
1.14332533
1.14332533
1.14332533
1.14332533
1.14332533
1.14332533
1.14332533
1.14332533
1.14332533
1.14332533
1.14332533
1.14332533
1.14332533
1.14332533
1.14332533
1.14332533
1.14332533
1.14332533
1.14332533
1.14332533
1.14332533
1.14332533
1.14332533
1.14332533
1.14332533
1.14332533
1.14332533
1.14332533
1.14332533
1.14332533
1.14332533
1.14332533
1.14332533
1.14332533
1.14332533
1.14332533
1.14332533
1.14332533
1.14332533
1.14332533
1.14332533
1.14332533
1.14332533
1.14332533
1.14332533
1.14332533
1.14332533
1.14332533
1.14332533
1.14332533
1.14332533
1.14332533
1.14332533
1.14332533
1.14332533
1.14332533
1.14332533
1.14332533
1.14332533
1.14332533
1.14332533
1.14332533
1.14332533
1.14332533
1.14332533
1.14332533
1.14332533
1.14332533
1.14332533
1.14332533
1.14332533
1.14332533
1.14332533
1.14332533
1.14332533
1.14332533
1.14332533
1.14332533
1.14332533
1.14332533
1.14332533
1.14332533
1.14332533
1.14332533
1.14332533
1.14332533
1.14332533
1.14332533
1.14332533
1.14332533
1.14332533
1.14332533
1.14332533
1.14332533
1.14332533
1.14332533
1.14332533
1.14332533
1.14332533
1.14332533
1.14332533
1.14332533
1.14332533
1.14332533
1.14332533
1.14332533
1.14332533
1.14332533
1.14332533
1.14332533
1.14332533
1.14332533
1.14332533
1.14332533
1.14332533
1.14332533
1.14332533
1.13665962
1.13665962
1.13665962
1.13665962
1.13665962
1.13665962
1.13665962
1.13665962
1.13665962
1.13665962
1.13665962
1.13665962
1.13665962
1.13665962
1.13665962
1.13665962
1.13665962
1.13665962
1.13665962
1.13665962
1.13665962
1.13665962
1.13665962
1.13665962
1.13665962
1.13665962
1.13665962
1.13665962
1.13665962
1.13665962
1.13665962
1.13665962
1.13665962
1.13665962
1.13665962
1.13665962
1.13665962
1.13665962
1.13665962
1.13665962
1.13665962
1.13665962
1.13665962
1.13665962
1.13665962
1.13665962
1.13665962
1.13665962
1.13665962
1.13665962
1.13665962
1.13665962
1.13665962
1.13665962
1.13665962
1.13665962
1.13665962
1.13665962
1.13665962
1.13665962
1.13665962
1.13665962
1.13665962
1.13665962
1.13665962
1.13665962
1.13665962
1.13665962
1.13665962
1.13665962
1.13665962
1.13665962
1.13665962
1.13665962
1.13665962
0.93447834
0.93032205
0.92821175
0.92703706
0.92611104
0.92549950
0.92512912
0.92498010
0.92504740
0.92532629
0.92581719
0.92662686
0.92752981
0.92884141
0.93093508
0.93386549
0.93810797
0.94457448
1.13665962
1.13665962
1.13665962
1.13665962
1.13665962
1.13665962
1.13665962
1.13665962
1.13665962
1.13665962
1.13665962
1.13665962
1.13665962
1.13665962
1.13665962
1.13665962
1.13665962
1.13665962
1.13665962
1.13665962
1.13665962
1.13665962
1.13665962
1.13665962
1.13665962
1.13665962
1.13665962
1.13665962
1.13665962
1.13665962
1.13665962
1.13665962
1.13665962
1.13665962
1.13665962
1.13665962
1.13665962
1.13665962
1.13665962
1.13665962
1.13665962
1.13665962
1.13665962
1.13665962
1.13665962
1.13665962
1.13665962
1.13665962
1.13665962
1.13665962
1.13665962
1.13665962
1.13665962
1.13665962
1.13665962
1.13665962
1.13665962
1.13665962
1.13665962
1.13665962
1.13665962
1.13665962
1.13665962
1.13665962
1.13665962
1.13665962
1.13665962
1.13665962
1.13665962
1.13665962
1.13665962
1.13665962
1.13665962
1.13665962
1.13665962
1.13665962
1.13665962
1.13665962
1.13665962
1.13665962
1.13665962
1.13665962
1.13665962
1.13665962
1.13665962
1.13665962
1.13665962
1.13665962
1.13665962
1.13665962
1.13665962
1.13665962
1.13665962
1.13665962
1.13665962
1.13665962
1.13665962
1.13665962
1.13665962
1.13665962
1.13665962
1.13665962
1.13665962
1.13665962
1.13665962
1.13665962
1.13665962
1.13665962
1.13665962
1.13665962
1.13665962
1.13665962
1.13665962
1.13665962
1.13665962
1.13665962
1.13665962
1.13665962
1.13665962
1.13665962
1.13665962
1.13665962
1.13665962
1.13665962
1.13665962
1.13665962
1.13665962
1.13665962
1.13665962
1.13665962
1.13665962
1.13665962
1.13665962
1.13665962
1.13665962
1.13665962
1.13665962
1.13665962
1.13665962
1.13665962
1.13665962
1.13665962
1.13665962
1.13665962
1.13665962
1.13665962
1.13665962
1.13665962
1.13665962
1.13665962
1.13665962
1.13665962
1.13665962
1.13665962
1.13665962
1.13665962
1.13665962
1.13665962
1.13665962
1.13665962
1.13665962
1.13665962
1.13665962
1.13006401
1.13006401
1.13006401
1.13006401
1.13006401
1.13006401
1.13006401
1.13006401
1.13006401
1.13006401
1.13006401
1.13006401
1.13006401
1.13006401
1.13006401
1.13006401
1.13006401
1.13006401
1.13006401
1.13006401
1.13006401
1.13006401
1.13006401
1.13006401
1.13006401
1.13006401
1.13006401
1.13006401
1.13006401
1.13006401
1.13006401
1.13006401
1.13006401
1.13006401
1.13006401
1.13006401
1.13006401
1.13006401
1.13006401
1.13006401
1.13006401
1.13006401
1.13006401
1.13006401
1.13006401
1.13006401
1.13006401
1.13006401
1.13006401
1.13006401
1.13006401
1.13006401
1.13006401
1.13006401
1.13006401
1.13006401
1.13006401
1.13006401
1.13006401
1.13006401
1.13006401
1.13006401
1.13006401
1.13006401
1.13006401
1.13006401
1.13006401
1.13006401
1.13006401
1.13006401
1.13006401
1.13006401
1.13006401
1.13006401
1.13006401
0.93528849
0.93163675
0.93005472
0.92883658
0.92796016
0.92736065
0.92699844
0.92682469
0.92687780
0.92712885
0.92756361
0.92824566
0.92925847
0.93031234
0.93196839
0.93450779
0.93828601
0.94403845
1.13006401
1.13006401
1.13006401
1.13006401
1.13006401
1.13006401
1.13006401
1.13006401
1.13006401
1.13006401
1.13006401
1.13006401
1.13006401
1.13006401
1.13006401
1.13006401
1.13006401
1.13006401
1.13006401
1.13006401
1.13006401
1.13006401
1.13006401
1.13006401
1.13006401
1.13006401
1.13006401
1.13006401
1.13006401
1.13006401
1.13006401
1.13006401
1.13006401
1.13006401
1.13006401
1.13006401
1.13006401
1.13006401
1.13006401
1.13006401
1.13006401
1.13006401
1.13006401
1.13006401
1.13006401
1.13006401
1.13006401
1.13006401
1.13006401
1.13006401
1.13006401
1.13006401
1.13006401
1.13006401
1.13006401
1.13006401
1.13006401
1.13006401
1.13006401
1.13006401
1.13006401
1.13006401
1.13006401
1.13006401
1.13006401
1.13006401
1.13006401
1.13006401
1.13006401
1.13006401
1.13006401
1.13006401
1.13006401
1.13006401
1.13006401
1.13006401
1.13006401
1.13006401
1.13006401
1.13006401
1.13006401
1.13006401
1.13006401
1.13006401
1.13006401
1.13006401
1.13006401
1.13006401
1.13006401
1.13006401
1.13006401
1.13006401
1.13006401
1.13006401
1.13006401
1.13006401
1.13006401
1.13006401
1.13006401
1.13006401
1.13006401
1.13006401
1.13006401
1.13006401
1.13006401
1.13006401
1.13006401
1.13006401
1.13006401
1.13006401
1.13006401
1.13006401
1.13006401
1.13006401
1.13006401
1.13006401
1.13006401
1.13006401
1.13006401
1.13006401
1.13006401
1.13006401
1.13006401
1.13006401
1.13006401
1.13006401
1.13006401
1.13006401
1.13006401
1.13006401
1.13006401
1.13006401
1.13006401
1.13006401
1.13006401
1.13006401
1.13006401
1.13006401
1.13006401
1.13006401
1.13006401
1.13006401
1.13006401
1.13006401
1.13006401
1.13006401
1.13006401
1.13006401
1.13006401
1.13006401
1.13006401
1.13006401
1.13006401
1.13006401
1.13006401
1.13006401
1.13006401
1.13006401
1.13006401
1.13006401
1.13006401
1.13006401
1.13006401
1.12354457
1.12354457
1.12354457
1.12354457
1.12354457
1.12354457
1.12354457
1.12354457
1.12354457
1.12354457
1.12354457
1.12354457
1.12354457
1.12354457
1.12354457
1.12354457
1.12354457
1.12354457
1.12354457
1.12354457
1.12354457
1.12354457
1.12354457
1.12354457
1.12354457
1.12354457
1.12354457
1.12354457
1.12354457
1.12354457
1.12354457
1.12354457
1.12354457
1.12354457
1.12354457
1.12354457
1.12354457
1.12354457
1.12354457
1.12354457
1.12354457
1.12354457
1.12354457
1.12354457
1.12354457
1.12354457
1.12354457
1.12354457
1.12354457
1.12354457
1.12354457
1.12354457
1.12354457
1.12354457
1.12354457
1.12354457
1.12354457
1.12354457
1.12354457
1.12354457
1.12354457
1.12354457
1.12354457
1.12354457
1.12354457
1.12354457
1.12354457
1.12354457
1.12354457
1.12354457
1.12354457
1.12354457
1.12354457
1.12354457
0.94595492
0.93637091
0.93347865
0.93196356
0.93067712
0.92985553
0.92925358
0.92888504
0.92871541
0.92873967
0.92896748
0.92937005
0.93000615
0.93088645
0.93205136
0.93338072
0.93545067
0.93869668
0.94390833
0.95354587
1.12354457
1.12354457
1.12354457
1.12354457
1.12354457
1.12354457
1.12354457
1.12354457
1.12354457
1.12354457
1.12354457
1.12354457
1.12354457
1.12354457
1.12354457
1.12354457
1.12354457
1.12354457
1.12354457
1.12354457
1.12354457
1.12354457
1.12354457
1.12354457
1.12354457
1.12354457
1.12354457
1.12354457
1.12354457
1.12354457
1.12354457
1.12354457
1.12354457
1.12354457
1.12354457
1.12354457
1.12354457
1.12354457
1.12354457
1.12354457
1.12354457
1.12354457
1.12354457
1.12354457
1.12354457
1.12354457
1.12354457
1.12354457
1.12354457
1.12354457
1.12354457
1.12354457
1.12354457
1.12354457
1.12354457
1.12354457
1.12354457
1.12354457
1.12354457
1.12354457
1.12354457
1.12354457
1.12354457
1.12354457
1.12354457
1.12354457
1.12354457
1.12354457
1.12354457
1.12354457
1.12354457
1.12354457
1.12354457
1.12354457
1.12354457
1.12354457
1.12354457
1.12354457
1.12354457
1.12354457
1.12354457
1.12354457
1.12354457
1.12354457
1.12354457
1.12354457
1.12354457
1.12354457
1.12354457
1.12354457
1.12354457
1.12354457
1.12354457
1.12354457
1.12354457
1.12354457
1.12354457
1.12354457
1.12354457
1.12354457
1.12354457
1.12354457
1.12354457
1.12354457
1.12354457
1.12354457
1.12354457
1.12354457
1.12354457
1.12354457
1.12354457
1.12354457
1.12354457
1.12354457
1.12354457
1.12354457
1.12354457
1.12354457
1.12354457
1.12354457
1.12354457
1.12354457
1.12354457
1.12354457
1.12354457
1.12354457
1.12354457
1.12354457
1.12354457
1.12354457
1.12354457
1.12354457
1.12354457
1.12354457
1.12354457
1.12354457
1.12354457
1.12354457
1.12354457
1.12354457
1.12354457
1.12354457
1.12354457
1.12354457
1.12354457
1.12354457
1.12354457
1.12354457
1.12354457
1.12354457
1.12354457
1.12354457
1.12354457
1.12354457
1.12354457
1.12354457
1.12354457
1.12354457
1.12354457
1.12354457
1.12354457
1.12354457
1.11709988
1.11709988
1.11709988
1.11709988
1.11709988
1.11709988
1.11709988
1.11709988
1.11709988
1.11709988
1.11709988
1.11710691
1.11710691
1.11709988
1.11709988
1.11709988
1.11709988
1.11709988
1.11709988
1.11709988
1.11709988
1.11709988
1.11709988
1.11709988
1.11709988
1.11709988
1.11709988
1.11709988
1.11709988
1.11709988
1.11709988
1.11709988
1.11709988
1.11709988
1.11709988
1.11709988
1.11709988
1.11709988
1.11709988
1.11709988
1.11709988
1.11709988
1.11709988
1.11709988
1.11709988
1.11709988
1.11709988
1.11709988
1.11709988
1.11709988
1.11709988
1.11709988
1.11709988
1.11709988
1.11709988
1.11709988
1.11709988
1.11709988
1.11710691
1.11710691
1.11710691
1.11709988
1.11709988
1.11709988
1.11709988
1.11709988
1.11709988
1.11710691
1.11710691
1.11710691
1.11710691
1.11710691
1.11709988
1.11709988
0.94550771
0.93779165
0.93535239
0.93379694
0.93261296
0.93176842
0.93119323
0.93079883
0.93061876
0.93062365
0.93082803
0.93119812
0.93180257
0.93262762
0.93373817
0.93504286
0.93668133
0.93938029
0.94407350
0.95160872
1.11709988
1.11709988
1.11709988
1.11709988
1.11709988
1.11709988
1.11709988
1.11709988
1.11709988
1.11709988
1.11709988
1.11709988
1.11709988
1.11709988
1.11709988
1.11710691
1.11710691
1.11709988
1.11709988
1.11709988
1.11709988
1.11709988
1.11709988
1.11709988
1.11709988
1.11709988
1.11709988
1.11709988
1.11709988
1.11709988
1.11709988
1.11709988
1.11709988
1.11709988
1.11709988
1.11709988
1.11709988
1.11709988
1.11709988
1.11709988
1.11709988
1.11709988
1.11709988
1.11709988
1.11709988
1.11709988
1.11709988
1.11709988
1.11709988
1.11709988
1.11709988
1.11709988
1.11709988
1.11709988
1.11709988
1.11709988
1.11709988
1.11709988
1.11709988
1.11709988
1.11709988
1.11709988
1.11709988
1.11709988
1.11709988
1.11709988
1.11709988
1.11709988
1.11709988
1.11709988
1.11709988
1.11709988
1.11709988
1.11709988
1.11709988
1.11709988
1.11709988
1.11709988
1.11709988
1.11709988
1.11709988
1.11709988
1.11709988
1.11709988
1.11709988
1.11709988
1.11709988
1.11709988
1.11709988
1.11709988
1.11709988
1.11709988
1.11709988
1.11709988
1.11709988
1.11709988
1.11709988
1.11709988
1.11709988
1.11709988
1.11709988
1.11709988
1.11709988
1.11709988
1.11709988
1.11709988
1.11709988
1.11709988
1.11709988
1.11709988
1.11709988
1.11709988
1.11709988
1.11709988
1.11709988
1.11709988
1.11709988
1.11709988
1.11709988
1.11709988
1.11709988
1.11709988
1.11709988
1.11709988
1.11709988
1.11709988
1.11709988
1.11709988
1.11709988
1.11709988
1.11709988
1.11709988
1.11709988
1.11709988
1.11709988
1.11709988
1.11709988
1.11709988
1.11709988
1.11709988
1.11709988
1.11709988
1.11709988
1.11709988
1.11709988
1.11709988
1.11709988
1.11709988
1.11709988
1.11709988
1.11709988
1.11709988
1.11709988
1.11709988
1.11709988
1.11709988
1.11709988
1.11709988
1.11709988
1.11709988
1.11709988
1.11709988
1.11073565
1.11073565
1.11073565
1.11073565
1.11073565
1.11073565
1.11073565
1.11073565
1.11073565
1.11073565
1.11073565
1.11073565
1.11073565
1.11073565
1.11073565
1.11073565
1.11073565
1.11073565
1.11073565
1.11073565
1.11073565
1.11073565
1.11073565
1.11073565
1.11073565
1.11073565
1.11073565
1.11073565
1.11073565
1.11073565
1.11073565
1.11073565
1.11073565
1.11073565
1.11073565
1.11073565
1.11073565
1.11073565
1.11073565
1.11073565
1.11073565
1.11073565
1.11073565
1.11073565
1.11073565
1.11073565
1.11073565
1.11073565
1.11073565
1.11073565
1.11073565
1.11073565
1.11073565
1.11073565
1.11073565
1.11073565
1.11073565
1.11073565
1.11073565
1.11073565
1.11073565
1.11073565
1.11073565
1.11073565
1.11073565
1.11073565
1.11073565
1.11073565
1.11073565
1.11073565
1.11073565
1.11073565
1.11073565
1.11073565
0.94594985
0.93937534
0.93727809
0.93568182
0.93457156
0.93372345
0.93314099
0.93273515
0.93251526
0.93252504
0.93271071
0.93306273
0.93362063
0.93438512
0.93545067
0.93675524
0.93818212
0.94049209
0.94440907
0.95113075
1.11073565
1.11073565
1.11073565
1.11073565
1.11073565
1.11073565
1.11073565
1.11073565
1.11073565
1.11073565
1.11073565
1.11073565
1.11073565
1.11073565
1.11073565
1.11073565
1.11073565
1.11073565
1.11073565
1.11073565
1.11073565
1.11073565
1.11073565
1.11073565
1.11073565
1.11073565
1.11073565
1.11073565
1.11073565
1.11073565
1.11073565
1.11073565
1.11073565
1.11073565
1.11073565
1.11073565
1.11073565
1.11073565
1.11073565
1.11073565
1.11073565
1.11073565
1.11073565
1.11073565
1.11073565
1.11073565
1.11073565
1.11073565
1.11073565
1.11073565
1.11073565
1.11073565
1.11073565
1.11073565
1.11073565
1.11073565
1.11073565
1.11073565
1.11073565
1.11073565
1.11073565
1.11073565
1.11073565
1.11073565
1.11073565
1.11073565
1.11073565
1.11073565
1.11073565
1.11073565
1.11073565
1.11073565
1.11073565
1.11073565
1.11073565
1.11073565
1.11073565
1.11073565
1.11073565
1.11073565
1.11073565
1.11073565
1.11073565
1.11073565
1.11073565
1.11073565
1.11073565
1.11073565
1.11073565
1.11073565
1.11073565
1.11073565
1.11073565
1.11073565
1.11073565
1.11073565
1.11073565
1.11073565
1.11073565
1.11073565
1.11073565
1.11073565
1.11073565
1.11073565
1.11073565
1.11073565
1.11073565
1.11073565
1.11073565
1.11073565
1.11073565
1.11073565
1.11073565
1.11073565
1.11073565
1.11073565
1.11073565
1.11073565
1.11073565
1.11073565
1.11073565
1.11073565
1.11073565
1.11073565
1.11073565
1.11073565
1.11073565
1.11073565
1.11073565
1.11073565
1.11073565
1.11073565
1.11073565
1.11073565
1.11073565
1.11073565
1.11073565
1.11073565
1.11073565
1.11073565
1.11073565
1.11073565
1.11073565
1.11073565
1.11073565
1.11073565
1.11073565
1.11073565
1.11073565
1.11073565
1.11073565
1.11073565
1.11073565
1.11073565
1.11073565
1.11073565
1.11073565
1.11073565
1.11073565
1.11073565
1.11073565
1.11073565
1.10443676
1.10443676
1.10443676
1.10443676
1.10443676
1.10443676
1.10443676
1.10443676
1.10443676
1.10443676
1.10443676
1.10443676
1.10443676
1.10443676
1.10443676
1.10443676
1.10443676
1.10443676
1.10443676
1.10443676
1.10443676
1.10443676
1.10443676
1.10443676
1.10443676
1.10443676
1.10443676
1.10443676
1.10443676
1.10443676
1.10443676
1.10443676
1.10443676
1.10443676
1.10443676
1.10443676
1.10443676
1.10443676
1.10443676
1.10443676
1.10443676
1.10443676
1.10443676
1.10443676
1.10443676
1.10443676
1.10443676
1.10443676
1.10443676
1.10443676
1.10443676
1.10443676
1.10443676
1.10443676
1.10443676
1.10443676
1.10443676
1.10443676
1.10443676
1.10443676
1.10443676
1.10443676
1.10443676
1.10443676
1.10443676
1.10443676
1.10443676
1.10443676
1.10443676
1.10443676
1.10443676
1.10443676
1.10443676
1.10443676
0.94666427
0.94116837
0.93924648
0.93758911
0.93652362
0.93567687
0.93508708
0.93467462
0.93442440
0.93446362
0.93456668
0.93500358
0.93546546
0.93624288
0.93722385
0.93841457
0.93990111
0.94171607
0.94493550
0.95103931
1.10443676
1.10443676
1.10443676
1.10443676
1.10443676
1.10443676
1.10443676
1.10443676
1.10443676
1.10443676
1.10443676
1.10443676
1.10443676
1.10443676
1.10443676
1.10443676
1.10443676
1.10443676
1.10443676
1.10443676
1.10443676
1.10443676
1.10443676
1.10443676
1.10443676
1.10443676
1.10443676
1.10443676
1.10443676
1.10443676
1.10443676
1.10443676
1.10443676
1.10443676
1.10443676
1.10443676
1.10443676
1.10443676
1.10443676
1.10443676
1.10443676
1.10443676
1.10443676
1.10443676
1.10443676
1.10443676
1.10443676
1.10443676
1.10443676
1.10443676
1.10443676
1.10443676
1.10443676
1.10443676
1.10443676
1.10443676
1.10443676
1.10443676
1.10443676
1.10443676
1.10443676
1.10443676
1.10443676
1.10443676
1.10443676
1.10443676
1.10443676
1.10443676
1.10443676
1.10443676
1.10443676
1.10443676
1.10443676
1.10443676
1.10443676
1.10443676
1.10443676
1.10443676
1.10443676
1.10443676
1.10443676
1.10443676
1.10443676
1.10443676
1.10443676
1.10443676
1.10443676
1.10443676
1.10443676
1.10443676
1.10443676
1.10443676
1.10443676
1.10443676
1.10443676
1.10443676
1.10443676
1.10443676
1.10443676
1.10443676
1.10443676
1.10443676
1.10443676
1.10443676
1.10443676
1.10443676
1.10443676
1.10443676
1.10443676
1.10443676
1.10443676
1.10443676
1.10443676
1.10443676
1.10443676
1.10443676
1.10443676
1.10443676
1.10443676
1.10443676
1.10443676
1.10443676
1.10443676
1.10443676
1.10443676
1.10443676
1.10443676
1.10443676
1.10443676
1.10443676
1.10443676
1.10443676
1.10443676
1.10443676
1.10443676
1.10443676
1.10443676
1.10443676
1.10443676
1.10443676
1.10443676
1.10443676
1.10443676
1.10443676
1.10443676
1.10443676
1.10443676
1.10443676
1.10443676
1.10443676
1.10443676
1.10443676
1.10443676
1.10443676
1.10443676
1.10443676
1.10443676
1.10443676
1.10443676
1.10443676
1.10443676
1.10443676
1.09820879
1.09820879
1.09820879
1.09820879
1.09820879
1.09820879
1.09820879
1.09820879
1.09820879
1.09820879
1.09820879
1.09820879
1.09820879
1.09820879
1.09820879
1.09820879
1.09820879
1.09820879
1.09820879
1.09820879
1.09820879
1.09820879
1.09820879
1.09820879
1.09820879
1.09820879
1.09820879
1.09820879
1.09820879
1.09820879
1.09820879
1.09820879
1.09820879
1.09820879
1.09820879
1.09820879
1.09820879
1.09820879
1.09820879
1.09820879
1.09820879
1.09820879
1.09820879
1.09820879
1.09820879
1.09820879
1.09820879
1.09820879
1.09820879
1.09820879
1.09820879
1.09820879
1.09820879
1.09820879
1.09820879
1.09820879
1.09820879
1.09820879
1.09820879
1.09820879
1.09820879
1.09820879
1.09820879
1.09820879
1.09820879
1.09820879
1.09820879
1.09820879
1.09820879
1.09820879
1.09820879
1.09820879
1.09820879
1.09820879
0.94773281
0.94313312
0.94120818
0.93964309
0.93833542
0.93761879
0.93706596
0.93658274
0.93632168
0.93634629
0.93651378
0.93690813
0.93733239
0.93806344
0.93895417
0.94015431
0.94161147
0.94313812
0.94578904
0.95130867
1.09820879
1.09820879
1.09820879
1.09820879
1.09820879
1.09820879
1.09820879
1.09820879
1.09820879
1.09820879
1.09820879
1.09820879
1.09820879
1.09820879
1.09820879
1.09820879
1.09820879
1.09820879
1.09820879
1.09820879
1.09820879
1.09820879
1.09820879
1.09820879
1.09820879
1.09820879
1.09820879
1.09820879
1.09820879
1.09820879
1.09820879
1.09820879
1.09820879
1.09820879
1.09820879
1.09820879
1.09820879
1.09820879
1.09820879
1.09820879
1.09820879
1.09820879
1.09820879
1.09820879
1.09820879
1.09820879
1.09820879
1.09820879
1.09820879
1.09820879
1.09820879
1.09820879
1.09820879
1.09820879
1.09820879
1.09820879
1.09820879
1.09820879
1.09820879
1.09820879
1.09820879
1.09820879
1.09820879
1.09820879
1.09820879
1.09820879
1.09820879
1.09820879
1.09820879
1.09820879
1.09820879
1.09820879
1.09820879
1.09820879
1.09820879
1.09820879
1.09820879
1.09820879
1.09820879
1.09820879
1.09820879
1.09820879
1.09820879
1.09820879
1.09820879
1.09820879
1.09820879
1.09820879
1.09820879
1.09820879
1.09820879
1.09820879
1.09820879
1.09820879
1.09820879
1.09820879
1.09820879
1.09820879
1.09820879
1.09820879
1.09820879
1.09820879
1.09820879
1.09820879
1.09820879
1.09820879
1.09820879
1.09820879
1.09820879
1.09820879
1.09820879
1.09820879
1.09820879
1.09820879
1.09820879
1.09820879
1.09820879
1.09820879
1.09820879
1.09820879
1.09820879
1.09820879
1.09820879
1.09820879
1.09820879
1.09820879
1.09820879
1.09820879
1.09820879
1.09820879
1.09820879
1.09820879
1.09820879
1.09820879
1.09820879
1.09820879
1.09820879
1.09820879
1.09820879
1.09820879
1.09820879
1.09820879
1.09820879
1.09820879
1.09820879
1.09820879
1.09820879
1.09820879
1.09820879
1.09820879
1.09820879
1.09820879
1.09820879
1.09820879
1.09820879
1.09820879
1.09820879
1.09820879
1.09820879
1.09820879
1.09820879
1.09820879
1.09205735
1.09205735
1.09205735
1.09205735
1.09205735
1.09205735
1.09205735
1.09205735
1.09205735
1.09205735
1.09205735
1.09205735
1.09205735
1.09205735
1.09205735
1.09205735
1.09205735
1.09205735
1.09205735
1.09205735
1.09205735
1.09205735
1.09205735
1.09205735
1.09205735
1.09205735
1.09205735
1.09205735
1.09205735
1.09205735
1.09205735
1.09205735
1.09205735
1.09205735
1.09205735
1.09205735
1.09205735
1.09205735
1.09205735
1.09205735
1.09205735
1.09205735
1.09205735
1.09205735
1.09205735
1.09205735
1.09205735
1.09205735
1.09205735
1.09205735
1.09205735
1.09205735
1.09205735
1.09205735
1.09205735
1.09205735
1.09205735
1.09205735
1.09205735
1.09205735
1.09205735
1.09205735
1.09205735
1.09205735
1.09205735
1.09205735
1.09205735
1.09205735
1.09205735
1.09205735
1.09205735
1.09205735
1.09205735
1.09205735
0.94894034
0.94515127
0.94318306
0.94153178
0.94033808
0.93963814
0.93901360
0.93857294
0.93827611
0.93820685
0.93833047
0.93865705
0.93913746
0.93989617
0.94076049
0.94191039
0.94332302
0.94483018
0.94706720
0.95172065
0.96132708
1.09205735
1.09205735
1.09205735
1.09205735
1.09205735
1.09205735
1.09205735
1.09205735
1.09205735
1.09205735
1.09205735
1.09205735
1.09205735
1.09205735
1.09205735
1.09205735
1.09205735
1.09205735
1.09205735
1.09205735
1.09205735
1.09205735
1.09205735
1.09205735
1.09205067
1.09205067
1.09205735
1.09205067
1.09205067
1.09205067
1.09205067
1.09205735
1.09205735
1.09205735
1.09205735
1.09205735
1.09205735
1.09205735
1.09205735
1.09205735
1.09205735
1.09205735
1.09205735
1.09205735
1.09205735
1.09205735
1.09205735
1.09205735
1.09205735
1.09205735
1.09205735
1.09205735
1.09205735
1.09205735
1.09205735
1.09205735
1.09205067
1.09205067
1.09205067
1.09205735
1.09205067
1.09205067
1.09205735
1.09205735
1.09205735
1.09205735
1.09205067
1.09205067
1.09205067
1.09205067
1.09205735
1.09205735
1.09205067
1.09205067
1.09205735
1.09205067
1.09205735
1.09205735
1.09205067
1.09205067
1.09205735
1.09205735
1.09205735
1.09205735
1.09205735
1.09205067
1.09205067
1.09205067
1.09205735
1.09205735
1.09205735
1.09205735
1.09205735
1.09205735
1.09205735
1.09205735
1.09205735
1.09205735
1.09205735
1.09205067
1.09205067
1.09205067
1.09205067
1.09205067
1.09205067
1.09205735
1.09205735
0.77734035
0.77715373
0.77920508
0.78069514
0.78052396
0.78035289
0.78053766
0.78059244
0.78067797
0.78076702
0.78085607
0.78094518
0.78104794
0.78121936
0.78136683
0.78143197
0.78156924
0.78170651
0.78184730
0.78262758
0.78322679
0.78310621
0.78298563
0.78287888
0.78317165
0.78311306
0.78341293
0.78361988
0.78288919
0.78277218
0.78265172
0.78253472
0.78243494
0.78233868
0.78225619
0.78217369
0.78203964
0.78177172
0.78150743
0.78146285
0.78146285
0.78146285
0.78146285
0.78146285
0.78145945
0.78144568
0.78150058
0.78155893
0.78161383
0.78168589
0.78187817
0.78218055
0.78249687
0.78278250
1.08596790
1.08596790
1.08596790
1.08596790
1.08596790
1.08596790
1.08596790
1.08596790
1.08596790
1.08596790
1.08596790
1.08596790
1.08596790
1.08596790
1.08596790
1.08596790
1.08596790
1.08596790
1.08596790
1.08596790
1.08596790
1.08596790
1.08596790
1.08596790
1.08596790
1.08596790
1.08596790
1.08596790
1.08596790
1.08596790
1.08596790
1.08596790
1.08596790
1.08596790
1.08596790
1.08596790
1.08596790
1.08596790
1.08596790
1.08596790
1.08596790
1.08596790
1.08596790
1.08596790
1.08596790
1.08596790
1.08596790
1.08596790
1.08596790
1.08596790
1.08596790
1.08596790
1.08596790
1.08596790
1.08596790
1.08596790
1.08596790
1.08596790
1.08596790
1.08596790
1.08596790
1.08596790
1.08596790
1.08596790
1.08596790
1.08596790
1.08596790
1.08596790
1.08596790
1.08596790
1.08596790
1.08596790
1.08596790
1.08596790
0.95048070
0.94718307
0.94518638
0.94378817
0.94234425
0.94156665
0.94091463
0.94043744
0.94015926
0.94007981
0.94018406
0.94049704
0.94096935
0.94164133
0.94254380
0.94367814
0.94500571
0.94655854
0.94844985
0.95235205
0.96075636
1.08596790
1.08596790
1.08596790
1.08596790
1.08596790
1.08596790
1.08596790
1.08596790
1.08596790
1.08596790
1.08596790
1.08596790
1.08596790
1.08596790
1.08596790
1.08596790
1.08596790
1.08596790
1.08596790
1.08596790
1.08596790
1.08596790
1.08596790
1.08596790
1.08596790
1.08596790
1.08596790
1.08596790
1.08596790
1.08596790
1.08596790
1.08596790
1.08596790
1.08596790
1.08596790
1.08596790
1.08596790
1.08596790
1.08596790
1.08596790
1.08596790
1.08596790
1.08596790
1.08596790
1.08596790
1.08596790
1.08596790
1.08596790
1.08596790
1.08596790
1.08596790
1.08596790
1.08596790
1.08596790
1.08596790
1.08596790
1.08596790
1.08596790
1.08596790
1.08596790
1.08596790
1.08596790
1.08596790
1.08596790
1.08596790
1.08596790
1.08596790
1.08596790
1.08596790
1.08596790
1.08596790
1.08596790
1.08596790
1.08596790
1.08596790
1.08596790
1.08596790
1.08596790
1.08596790
1.08596790
1.08596790
1.08596790
1.08596790
1.08596790
1.08596790
1.08596790
1.08596790
1.08596790
1.08596790
1.08596790
1.08596790
1.08596790
1.08596790
1.08596790
1.08596790
1.08596790
1.08596790
1.08596790
1.08596790
1.08596790
1.08596790
1.08596790
1.08596790
1.08596790
0.77916074
0.77682811
0.77524811
0.77671963
0.77598149
0.77527851
0.77507257
0.77512324
0.77560622
0.77622175
0.77691287
0.77764940
0.77767998
0.77760184
0.77766979
0.77768338
0.77771735
0.77784312
0.77794850
0.77796888
0.77798927
0.77801651
0.77810150
0.77827162
0.77847922
0.77870744
0.77893233
0.77910280
0.77914369
0.77916074
0.77917784
0.77919143
0.77921194
0.77921873
0.77922899
0.77923924
0.77924943
0.77917439
0.77914715
0.77915055
0.77915055
0.77922899
0.77932453
0.77946442
0.77943373
0.77943027
0.77943712
0.77937567
0.77939278
0.77930743
0.77918124
0.77910960
0.77922559
0.77943712
0.77947122
0.77950197
0.77960098
1.07994592
1.07994592
1.07994592
1.07994592
1.07994592
1.07994592
1.07994592
1.07994592
1.07994592
1.07994592
1.07994592
1.07994592
1.07994592
1.07994592
1.07994592
1.07994592
1.07994592
1.07994592
1.07994592
1.07994592
1.07994592
1.07994592
1.07994592
1.07994592
1.07994592
1.07994592
1.07994592
1.07994592
1.07994592
1.07994592
1.07994592
1.07994592
1.07994592
1.07994592
1.07994592
1.07994592
1.07994592
1.07994592
1.07994592
1.07994592
1.07994592
1.07994592
1.07994592
1.07994592
1.07994592
1.07994592
1.07994592
1.07994592
1.07994592
1.07994592
1.07994592
1.07994592
1.07994592
1.07994592
1.07994592
1.07994592
1.07994592
1.07994592
1.07994592
1.07994592
1.07994592
1.07994592
1.07994592
1.07994592
1.07994592
1.07994592
1.07994592
1.07994592
1.07994592
1.07994592
1.07994592
1.07994592
1.07994592
1.07994592
0.95229602
0.94921863
0.94719315
0.94559813
0.94444418
0.94352806
0.94282341
0.94234920
0.94206494
0.94195026
0.94203502
0.94233924
0.94279343
0.94345301
0.94432396
0.94543737
0.94672972
0.94827807
0.94988728
0.95315778
0.96093267
1.07994592
1.07994592
1.07994592
1.07994592
1.07994592
1.07994592
1.07994592
1.07994592
1.07994592
1.07994592
1.07994592
1.07994592
1.07994592
1.07994592
1.07994592
1.07994592
1.07994592
1.07994592
1.07994592
1.07994592
1.07994592
1.07994592
1.07994592
1.07994592
1.07994592
1.07994592
1.07994592
1.07994592
1.07994592
1.07994592
1.07994592
1.07994592
1.07994592
1.07994592
1.07994592
1.07994592
1.07994592
1.07994592
1.07994592
1.07994592
1.07994592
1.07994592
1.07994592
1.07994592
1.07994592
1.07994592
1.07994592
1.07994592
1.07994592
1.07994592
1.07994592
1.07994592
1.07994592
1.07994592
1.07994592
1.07994592
1.07994592
1.07994592
1.07994592
1.07994592
1.07994592
1.07994592
1.07994592
1.07994592
1.07994592
1.07994592
1.07994592
1.07994592
1.07994592
1.07994592
1.07994592
1.07994592
1.07994592
1.07994592
1.07994592
1.07994592
1.07994592
1.07994592
1.07994592
1.07994592
1.07994592
1.07994592
1.07994592
1.07994592
1.07994592
1.07994592
1.07994592
1.07994592
1.07994592
1.07994592
1.07994592
1.07994592
1.07994592
1.07994592
1.07994592
1.07994592
1.07994592
1.07994592
1.07994592
1.07994592
1.07994592
1.07994592
1.07994592
1.07994592
0.77417254
0.77136457
0.77433085
0.77339888
0.77745920
0.77618116
0.77476221
0.77407157
0.77378219
0.77386963
0.77476221
0.77599841
0.77659428
0.77671289
0.77675354
0.77652651
0.77643168
0.77641475
0.77643508
0.77646893
0.77651972
0.77657396
0.77663153
0.77673322
0.77687556
0.77704853
0.77721816
0.77733696
0.77739471
0.77744901
0.77750337
0.77760863
0.77768677
0.77770376
0.77773774
0.77778870
0.77799267
0.77799952
0.77803010
0.77823418
0.77841115
0.77845544
0.77857798
0.77855414
0.77841794
0.77831584
0.77831584
0.77844179
0.77841455
0.77852011
0.77838731
0.77813554
0.77801651
0.77806073
0.77782613
0.77755088
0.77744222
1.07399046
1.07399046
1.07399046
1.07399046
1.07399046
1.07399046
1.07399046
1.07399046
1.07399046
1.07399046
1.07399046
1.07399046
1.07399046
1.07399046
1.07399046
1.07399046
1.07399046
1.07399046
1.07399046
1.07399046
1.07399046
1.07399046
1.07399046
1.07399046
1.07399046
1.07399046
1.07399046
1.07399046
1.07399046
1.07399046
1.07399046
1.07399046
1.07399046
1.07399046
1.07399046
1.07399046
1.07399046
1.07399046
1.07399046
1.07399046
1.07399046
1.07399046
1.07399046
1.07399046
1.07399046
1.07399046
1.07399046
1.07399046
1.07399046
1.07399046
1.07399046
1.07399046
1.07399046
1.07399046
1.07399046
1.07399046
1.07399046
1.07399046
1.07399046
1.07399046
1.07399046
1.07399046
1.07399046
1.07399046
1.07399046
1.07399046
1.07399046
1.07399046
1.07399046
1.07399046
1.07399046
1.07399046
1.07399046
1.07399046
0.95440477
0.95126802
0.94922370
0.94760668
0.94637233
0.94547755
0.94474494
0.94424379
0.94391829
0.94380319
0.94387829
0.94416863
0.94461459
0.94526166
0.94610572
0.94718307
0.94847006
0.94997853
0.95153749
0.95423084
0.96151406
1.07399046
1.07399046
1.07399046
1.07399046
1.07399046
1.07399046
1.07399046
1.07399046
1.07399046
1.07399046
1.07399046
1.07399046
1.07399046
1.07399046
1.07399046
1.07399046
1.07399046
1.07399046
1.07399046
1.07399046
1.07399046
1.07399046
1.07399046
1.07399046
1.07399046
1.07399046
1.07399046
1.07399046
1.07399046
1.07399046
1.07399046
1.07399046
1.07399046
1.07399046
1.07399046
1.07399046
1.07399046
1.07399046
1.07399046
1.07399046
1.07399046
1.07399046
1.07399046
1.07399046
1.07399046
1.07399046
1.07399046
1.07399046
1.07399046
1.07399046
1.07399046
1.07399046
1.07399046
1.07399046
1.07399046
1.07399046
1.07399046
1.07399046
1.07399046
1.07399046
1.07399046
1.07399046
1.07399046
1.07399046
1.07399046
1.07399046
1.07399046
1.07399046
1.07399046
1.07399046
1.07399046
1.07399046
1.07399046
1.07399046
1.07399046
1.07399046
1.07399046
1.07399046
1.07399046
1.07399046
1.07399046
1.07399046
1.07399046
1.07399046
1.07399046
1.07399046
1.07399046
1.07399046
1.07399046
1.07399046
1.07399046
1.07399046
1.07399046
1.07399046
1.07399046
1.07399046
1.07399046
1.07399046
1.07399046
1.07399046
1.07399046
1.07399046
1.07399046
0.77941662
0.77244908
0.76848727
0.76732779
0.77197677
0.77187967
0.77225137
0.77718765
0.77502197
0.77368128
0.77303952
0.77320069
0.77414560
0.77531230
0.77609652
0.77636731
0.77632672
0.77614731
0.77588344
0.77586311
0.77590030
0.77594090
0.77605933
0.77619129
0.77619469
0.77624208
0.77628607
0.77636731
0.77647233
0.77657396
0.77667558
0.77676708
0.77686203
0.77696037
0.77705872
0.77715373
0.77712655
0.77730304
0.77738792
0.77759165
0.77779210
0.77789408
0.77786690
0.77785331
0.77768677
0.77758825
0.77767998
0.77777171
0.77801651
0.77817976
0.77824438
0.77791446
0.77724874
0.77705532
0.77689934
0.77644181
0.77590370
0.77572787
1.06810665
1.06810665
1.06810665
1.06810665
1.06810665
1.06810665
1.06810665
1.06810665
1.06810665
1.06810665
1.06810665
1.06810665
1.06810665
1.06810665
1.06810665
1.06810665
1.06810665
1.06810665
1.06810665
1.06810665
1.06810665
1.06810665
1.06810665
1.06810665
1.06810665
1.06810665
1.06810665
1.06810665
1.06810665
1.06810665
1.06810665
1.06810665
1.06810665
1.06810665
1.06810665
1.06810665
1.06810665
1.06810665
1.06810665
1.06810665
1.06810665
1.06810665
1.06810665
1.06810665
1.06810665
1.06810665
1.06810665
1.06810665
1.06810665
1.06810665
1.06810665
1.06810665
1.06810665
1.06810665
1.06810665
1.06810665
1.06810665
1.06810665
1.06810665
1.06810665
1.06810665
1.06810665
1.06810665
1.06810665
1.06810665
1.06810665
1.06810665
1.06810665
1.06810665
1.06810665
1.06810665
1.06810665
1.06810665
1.06810665
0.95670795
0.95332628
0.95124769
0.94963896
0.94834375
0.94739985
0.94667935
0.94613594
0.94578403
0.94564331
0.94573379
0.94601524
0.94644779
0.94707221
0.94792455
0.94893020
0.95019656
0.95166981
0.95329052
0.95562935
0.96224171
1.06810665
1.06810665
1.06810665
1.06810665
1.06810665
1.06810665
1.06810665
1.06810665
1.06810665
1.06810665
1.06810665
1.06810665
1.06810665
1.06810665
1.06810665
1.06810665
1.06810665
1.06810665
1.06810665
1.06810665
1.06810665
1.06810665
1.06810665
1.06810665
1.06810665
1.06810665
1.06810665
1.06810665
1.06810665
1.06810665
1.06810665
1.06810665
1.06810665
1.06810665
1.06810665
1.06810665
1.06810665
1.06810665
1.06810665
1.06810665
1.06810665
1.06810665
1.06810665
1.06810665
1.06810665
1.06810665
1.06810665
1.06810665
1.06810665
1.06810665
1.06810665
1.06810665
1.06810665
1.06810665
1.06810665
1.06810665
1.06810665
1.06810665
1.06810665
1.06810665
1.06810665
1.06810665
1.06810665
1.06810665
1.06810665
1.06810665
1.06810665
1.06810665
1.06810665
1.06810665
1.06810665
1.06810665
1.06810665
1.06810665
1.06810665
1.06810665
1.06810665
1.06810665
1.06810665
1.06810665
1.06810665
1.06810665
1.06810665
1.06810665
1.06810665
1.06810665
1.06810665
1.06810665
1.06810665
1.06810665
1.06810665
1.06810665
1.06810665
1.06810665
1.06810665
1.06810665
1.06810665
1.06810665
1.06810665
1.06810665
1.06810665
1.06810665
1.06810665
0.77753729
0.76952714
0.76590151
0.76419497
0.76417857
0.76971018
0.77029306
0.77184623
0.78015107
0.77542037
0.77330816
0.77246249
0.77260000
0.77353334
0.77492076
0.77581578
0.77615070
0.77600515
0.77575153
0.77550822
0.77562982
0.77593416
0.77635038
0.77649266
0.77641815
0.77632332
0.77622515
0.77621496
0.77633685
0.77646214
0.77652311
0.77654344
0.77650279
0.77651298
0.77660781
0.77674335
0.77695358
0.77716386
0.77730304
0.77737433
0.77744901
0.77744901
0.77747959
0.77736413
0.77723515
0.77711976
0.77733016
0.77767658
0.77799952
0.77811509
0.77805388
0.77726907
0.77654004
0.77617437
0.77566701
0.77518398
0.77491403
0.77480608
1.06228054
1.06228054
1.06228054
1.06228054
1.06228054
1.06228054
1.06228054
1.06228054
1.06228054
1.06228054
1.06228054
1.06228054
1.06228054
1.06228054
1.06228054
1.06228054
1.06228054
1.06228054
1.06228054
1.06228054
1.06228054
1.06228054
1.06228054
1.06228054
1.06228054
1.06228054
1.06228054
1.06228054
1.06228054
1.06228054
1.06228054
1.06228054
1.06228054
1.06228054
1.06228054
1.06228054
1.06228054
1.06228054
1.06228054
1.06228054
1.06228054
1.06228054
1.06228054
1.06228054
1.06228054
1.06228054
1.06228054
1.06228054
1.06228054
1.06228054
1.06228054
1.06228054
1.06228054
1.06228054
1.06228054
1.06228054
1.06228054
1.06228054
1.06228054
1.06228054
1.06228054
1.06228054
1.06228054
1.06228054
1.06228054
1.06228054
1.06228054
1.06228054
1.06228054
1.06228054
1.06228054
1.06228054
1.06228054
1.06228054
0.95964277
0.95535755
0.95330071
0.95162910
0.95027775
0.94931483
0.94862169
0.94807601
0.94769746
0.94749570
0.94758141
0.94785893
0.94827300
0.94892514
0.94969976
0.95069391
0.95194459
0.95336199
0.95500386
0.95714009
0.96314764
1.06228054
1.06228054
1.06228054
1.06228054
1.06228054
1.06228054
1.06228054
1.06228054
1.06228054
1.06228054
1.06228054
1.06228054
1.06228054
1.06228054
1.06228054
1.06228054
1.06228054
1.06228054
1.06228054
1.06228054
1.06228054
1.06228054
1.06228054
1.06228054
1.06228054
1.06228054
1.06228054
1.06228054
1.06228054
1.06228054
1.06228054
1.06228054
1.06228054
1.06228054
1.06228054
1.06228054
1.06228054
1.06228054
1.06228054
1.06228054
1.06228054
1.06228054
1.06228054
1.06228054
1.06228054
1.06228054
1.06228054
1.06228054
1.06228054
1.06228054
1.06228054
1.06228054
1.06228054
1.06228054
1.06228054
1.06228054
1.06228054
1.06228054
1.06228054
1.06228054
1.06228054
1.06228054
1.06228054
1.06228054
1.06228054
1.06228054
1.06228054
1.06228054
1.06228054
1.06228054
1.06228054
1.06228054
1.06228054
1.06228054
1.06228054
1.06228054
1.06228054
1.06228054
1.06228054
1.06228054
1.06228054
1.06228054
1.06228054
1.06228054
1.06228054
1.06228054
1.06228054
1.06228054
1.06228054
1.06228054
1.06228054
1.06228054
1.06228054
1.06228054
1.06228054
1.06228054
1.06228054
1.06228054
1.06228054
1.06228054
1.06228054
1.06228054
1.06228054
0.78044868
0.76655459
0.76247972
0.76087940
0.76082087
0.76855034
0.76713270
0.76894540
0.77910280
0.78079444
0.77539670
0.77298582
0.77225471
0.77243906
0.77337873
0.77489042
0.77573466
0.77584618
0.77560955
0.77538323
0.77578199
0.77630299
0.77686882
0.77719444
0.77701122
0.77691287
0.77675354
0.77660441
0.77663833
0.77671289
0.77666879
0.77652311
0.77650279
0.77646554
0.77662140
0.77684844
0.77707231
0.77729964
0.77730983
0.77735734
0.77743202
0.77727586
0.77715033
0.77715713
0.77718765
0.77722836
0.77727926
0.77779210
0.77825463
0.77820694
0.77788049
0.77697051
0.77606606
0.77535284
0.77484655
0.77458352
0.77454984
0.77518058
1.05651772
1.05651772
1.05651772
1.05651772
1.05651772
1.05651772
1.05651772
1.05651772
1.05651772
1.05651772
1.05651772
1.05651772
1.05651772
1.05651772
1.05651772
1.05651772
1.05651772
1.05651772
1.05651772
1.05651772
1.05651772
1.05651772
1.05651772
1.05651772
1.05651772
1.05651772
1.05651772
1.05651772
1.05651772
1.05651772
1.05651772
1.05651772
1.05651772
1.05651772
1.05651772
1.05651772
1.05651772
1.05651772
1.05651772
1.05651772
1.05651772
1.05651772
1.05651772
1.05651772
1.05651772
1.05651772
1.05651772
1.05651772
1.05651772
1.05651772
1.05651772
1.05651772
1.05651772
1.05651772
1.05651772
1.05651772
1.05651772
1.05651772
1.05651772
1.05651772
1.05651772
1.05651772
1.05651772
1.05651772
1.05651772
1.05651772
1.05651772
1.05651772
1.05651772
1.05651772
1.05651772
1.05651772
1.05651772
1.05651772
0.96344483
0.95745414
0.95533192
0.95364290
0.95228583
0.95131886
0.95057714
0.94998866
0.94956297
0.94938064
0.94945151
0.94968963
0.95011032
0.95069897
0.95146632
0.95243871
0.95365822
0.95506024
0.95671314
0.95871758
0.96420676
1.05651772
1.05651772
1.05651772
1.05651772
1.05651772
1.05651772
1.05651772
1.05651772
1.05651772
1.05651772
1.05651772
1.05651772
1.05651772
1.05651772
1.05651772
1.05651772
1.05651772
1.05651772
1.05651772
1.05651772
1.05651772
1.05651772
1.05651772
1.05651772
1.05651772
1.05651772
1.05651772
1.05651772
1.05651772
1.05651772
1.05651772
1.05651772
1.05651772
1.05651772
1.05651772
1.05651772
1.05651772
0.87580591
0.87596107
0.87624997
0.87661678
0.87706167
0.87720859
0.87718701
0.87690181
0.87646568
0.87612921
0.87578869
0.87568098
1.05651772
1.05651772
1.05651772
1.05651772
1.05651772
1.05651772
1.05651772
1.05651772
1.05651772
1.05651772
1.05651772
1.05651772
1.05651772
1.05651772
1.05651772
1.05651772
1.05651772
1.05651772
1.05651772
1.05651772
1.05651772
1.05651772
1.05651772
1.05651772
1.05651772
1.05651772
1.05651772
1.05651772
1.05651772
1.05651772
1.05651772
1.05651772
1.05651772
1.05651772
1.05651772
1.05651772
1.05651772
1.05651772
1.05651772
1.05651772
1.05651772
1.05651772
1.05651772
1.05651772
1.05651772
1.05651772
1.05651772
1.05651772
1.05651772
1.05651772
1.05651772
1.05651772
1.05651772
1.05651772
0.78001434
0.76437217
0.75904626
0.75680012
0.75796026
0.75830251
0.76612240
0.76557213
0.77973413
0.78193313
0.78028101
0.77489716
0.77266371
0.77219445
0.77253962
0.77371156
0.77499497
0.77553523
0.77565014
0.77558589
0.77583945
0.77684510
0.77771056
0.77815253
0.77807772
0.77769357
0.77731663
0.77703160
0.77707231
0.77711976
0.77704513
0.77689594
0.77682471
0.77696717
0.77724534
0.77743202
0.77741504
0.77738452
0.77736074
0.77738112
0.77738792
0.77737433
0.77736413
0.77738452
0.77750337
0.77749997
0.77755767
0.77797908
0.77845204
0.77833289
0.77767318
0.77656376
0.77552849
0.77477908
0.77442855
0.77450603
0.77571434
0.77994943
1.05081713
1.05081713
1.05081713
1.05081713
1.05081713
1.05081713
1.05081713
1.05081713
1.05081713
1.05081713
1.05081713
1.05081713
1.05081713
1.05081713
1.05081713
1.05081713
1.05081713
1.05081713
1.05081713
1.05081713
1.05081713
1.05081713
1.05081713
1.05081713
1.05081713
1.05081713
1.05081713
1.05081713
1.05081713
1.05081713
1.05081713
1.05081713
1.05081713
1.05081713
1.05081713
1.05081713
1.05081713
1.05081713
1.05081713
1.05081713
1.05081713
1.05081713
1.05081713
1.05081713
1.05081713
1.05081713
1.05081713
1.05081713
1.05081713
1.05081713
1.05081713
1.05081713
1.05081713
1.05081713
1.05081713
1.05081713
1.05081713
1.05081713
1.05081713
1.05081713
1.05081713
1.05081713
1.05081713
1.05081713
1.05081713
1.05081713
1.05081713
1.05081713
1.05081713
1.05081713
1.05081713
1.05081713
1.05081713
1.05081713
1.05081713
0.95955479
0.95736659
0.95561397
0.95427686
0.95330584
0.95250493
0.95189881
0.95145613
0.95125782
0.95126802
0.95150697
0.95192933
0.95252025
0.95324969
0.95420015
0.95538318
0.95678508
0.95841300
0.96030539
0.96544617
1.05081713
1.05081713
1.05081713
1.05081713
1.05081713
1.05081713
1.05081713
1.05081713
1.05081713
1.05081713
1.05081713
1.05081713
1.05081713
1.05081713
1.05081713
1.05081713
1.05081713
1.05081713
1.05081713
1.05081713
1.05081713
1.05081713
1.05081713
1.05081713
1.05081713
1.05081713
1.05081713
1.05081713
1.05081713
1.05081713
1.05081713
1.05081713
1.05081713
1.05081713
0.87127048
0.87158191
0.87226099
0.87410712
0.87579298
0.87704867
0.87799609
0.87853342
0.87876332
0.87867218
0.87833834
0.87765843
0.87659520
0.87518585
0.87339514
0.87176973
0.87117666
1.05081713
1.05081713
1.05081713
1.05081713
1.05081713
1.05081713
1.05081713
1.05081713
1.05081713
1.05081713
1.05081713
1.05081713
1.05081713
1.05081713
1.05081713
1.05081713
1.05081713
1.05081713
1.05081713
1.05081713
1.05081713
1.05081713
1.05081713
1.05081713
1.05081713
1.05081713
1.05081713
1.05081713
1.05081713
1.05081713
1.05081713
1.05081713
1.05081713
1.05081713
1.05081713
1.05081713
1.05081713
1.05081713
1.05081713
1.05081713
1.05081713
1.05081713
1.05081713
1.05081713
1.05081713
1.05081713
1.05081713
1.05081713
1.05081713
1.05081713
1.05081713
1.05081713
0.78098971
0.76310074
0.75623423
0.75303823
0.75287896
0.75599337
0.75586498
0.76445425
0.78119880
0.78210491
0.78157610
0.77981275
0.77415574
0.77246249
0.77221787
0.77274418
0.77406144
0.77518058
0.77557576
0.77578872
0.77625561
0.77729964
0.77839077
0.77911299
0.77918124
0.77880281
0.77826482
0.77791786
0.77777511
0.77759504
0.77748978
0.77742863
0.77752376
0.77779889
0.77802670
0.77814573
0.77794510
0.77755767
0.77748638
0.77759165
0.77786350
0.77785671
0.77793151
0.77804029
0.77813214
0.77796888
0.77788389
0.77821720
0.77844518
0.77814233
0.77719444
0.77601874
0.77500170
0.77446896
0.77448583
0.77565348
0.78184044
0.77987421
1.04518390
1.04518390
1.04518390
1.04518390
1.04518390
1.04518390
1.04518390
1.04518390
1.04518390
1.04518390
1.04518390
1.04518390
1.04518390
1.04518390
1.04518390
1.04518390
1.04518390
1.04518390
1.04518390
1.04518390
1.04518390
1.04518390
1.04518390
1.04518390
1.04518390
1.04518390
1.04518390
1.04518390
1.04518390
1.04518390
1.04518390
1.04518390
1.04518390
1.04518390
1.04518390
1.04518390
1.04518390
1.04518390
1.04518390
1.04518390
1.04518390
1.04518390
1.04518390
1.04518390
1.04518390
1.04518390
1.04518390
1.04518390
1.04518390
1.04518390
1.04518390
1.04518390
1.04518390
1.04518390
1.04518390
1.04518390
1.04518390
1.04518390
1.04518390
1.04518390
1.04518390
1.04518390
1.04518390
1.04518390
1.04518390
1.04518390
1.04518390
1.04518390
1.04518390
1.04518390
1.04518390
1.04518390
1.04518390
1.04518390
1.04518390
0.96163350
0.95940483
0.95761383
0.95627111
0.95527035
0.95443034
0.95380646
0.95334154
0.95311695
0.95311695
0.95333135
0.95373487
0.95429224
0.95502436
0.95595783
0.95708865
0.95850074
0.96011376
0.96191412
0.96672553
1.04518390
1.04518390
1.04518390
1.04518390
1.04518390
1.04518390
1.04518390
1.04518390
1.04518390
1.04518390
1.04518390
1.04518390
1.04518390
1.04518390
1.04518390
1.04518390
1.04518390
1.04518390
1.04518390
1.04518390
1.04518390
1.04518390
1.04518390
1.04518390
1.04518390
1.04518390
1.04518390
1.04518390
1.04518390
1.04518390
1.04518390
1.04518390
1.04518390
0.86685354
0.86758024
0.87067384
0.87348086
0.87571973
0.87756759
0.87870687
0.87917125
0.87945795
0.87954921
0.87948841
0.87928420
0.87893689
0.87880236
0.87701845
0.87495786
0.87249613
0.86955523
0.86725056
0.86667627
1.04518390
1.04518390
1.04518390
1.04518390
1.04518390
1.04518390
1.04518390
1.04518390
1.04518390
1.04518390
1.04518390
1.04518390
1.04518390
1.04518390
1.04518390
1.04518390
1.04518390
1.04518390
1.04518390
1.04518390
1.04518390
1.04518390
1.04518390
1.04518390
1.04518390
1.04518390
1.04518390
1.04518390
1.04518390
1.04518390
1.04518390
1.04518390
1.04518390
1.04518390
1.04518390
1.04518390
1.04518390
1.04518390
1.04518390
1.04518390
1.04518390
1.04518390
1.04518390
1.04518390
1.04518390
1.04518390
1.04518390
1.04518390
1.04518390
1.04518390
0.78084922
0.76417202
0.75390571
0.74980277
0.74819541
0.75214726
0.75366950
0.75438499
0.76415890
0.78215647
0.78196752
0.78114390
0.77894253
0.77382255
0.77236867
0.77228153
0.77324772
0.77453637
0.77520764
0.77578199
0.77681458
0.77798247
0.77903801
0.77982295
0.77998018
0.77991182
0.77943373
0.77884030
0.77863246
0.77843839
0.77824438
0.77838731
0.77852690
0.77865291
0.77881646
0.77868700
0.77825123
0.77786690
0.77775133
0.77800971
0.77834988
0.77844518
0.77874148
0.77872789
0.77872443
0.77856439
0.77813554
0.77833968
0.77832949
0.77773774
0.77667558
0.77550143
0.77466780
0.77459031
0.77585298
0.78371304
0.78222525
0.78006905
1.03960454
1.03960454
1.03960454
1.03960454
1.03960454
1.03960454
1.03960454
1.03960454
1.03960454
1.03960454
1.03960454
1.03960454
1.03960454
1.03960454
1.03960454
1.03960454
1.03960454
1.03960454
1.03960454
1.03960454
1.03960454
1.03960454
1.03960454
1.03960454
1.03960454
1.03960454
1.03960454
1.03960454
1.03960454
1.03960454
1.03960454
1.03960454
1.03960454
1.03960454
1.03960454
1.03960454
1.03960454
1.03960454
1.03960454
1.03960454
1.03960454
1.03960454
1.03960454
1.03960454
1.03960454
1.03960454
1.03960454
1.03960454
1.03960454
1.03960454
1.03960454
1.03960454
1.03960454
1.03960454
1.03960454
1.03960454
1.03960454
1.03960454
1.03960454
1.03960454
1.03960454
1.03960454
1.03960454
1.03960454
1.03960454
1.03960454
1.03960454
1.03960454
1.03960454
1.03960454
1.03960454
1.03960454
1.03960454
1.03960454
1.03960454
0.96373171
0.96145171
0.95963240
0.95827371
0.95720702
0.95636874
0.95572686
0.95523447
0.95498335
0.95496291
0.95516270
0.95554727
0.95609134
0.95680052
0.95771688
0.95884669
0.96021736
0.96179980
0.96357518
0.96817678
1.03960454
1.03960454
1.03960454
1.03960454
1.03960454
1.03960454
1.03960454
1.03960454
1.03960454
1.03960454
1.03960454
1.03960454
1.03960454
1.03960454
1.03960454
1.03960454
1.03960454
1.03960454
1.03960454
1.03960454
1.03960454
1.03960454
1.03960454
1.03960454
1.03960454
1.03960454
1.03960454
1.03960454
1.03960454
1.03960454
1.03960454
1.03960454
0.86225975
0.86356908
0.86842251
0.87381530
0.87654340
0.87635779
0.87624568
0.87618959
0.87621975
0.87625426
0.87627155
0.87624133
0.87578869
0.87570679
0.87628448
0.87618530
0.87637937
0.87467408
0.87108713
0.86732662
0.86324239
0.86235577
1.03960454
1.03960454
1.03960454
1.03960454
1.03960454
1.03960454
1.03960454
1.03960454
1.03960454
1.03960454
1.03960454
1.03960454
1.03960454
1.03960454
1.03960454
1.03960454
1.03960454
1.03960454
1.03960454
1.03960454
1.03960454
1.03960454
1.03960454
1.03960454
1.03960454
1.03960454
1.03960454
1.03960454
1.03960454
1.03960454
1.03960454
1.03960454
1.03960454
1.03960454
1.03960454
1.03960454
1.03960454
1.03960454
1.03960454
1.03960454
1.03960454
1.03960454
1.03960454
1.03960454
1.03960454
1.03960454
1.03960454
1.03960454
1.03960454
0.77976149
0.76698399
0.75199473
0.74691451
0.74453706
0.74477071
0.75099850
0.75174701
0.76318580
0.78184044
0.78191257
0.78167903
0.78079784
0.77748299
0.77347618
0.77249271
0.77284151
0.77397394
0.77503550
0.77611345
0.77737093
0.77863586
0.77967954
0.78039050
0.78069168
0.78077388
0.78060609
0.78018188
0.77980590
0.77946103
0.77926308
0.77939957
0.77947122
0.77944738
0.77938932
0.77903116
0.77855754
0.77817637
0.77816617
0.77846903
0.77885735
0.77925289
0.77951902
0.77942687
0.77927333
0.77884370
0.77834988
0.77819335
0.77794170
0.77729285
0.77615744
0.77511984
0.77473861
0.77559942
0.78532082
0.78397882
0.78226304
0.78014082
1.03408456
1.03408456
1.03408456
1.03408456
1.03408456
1.03408456
1.03408456
1.03408456
1.03408456
1.03408456
1.03408456
1.03408456
1.03408456
1.03408456
1.03408456
1.03408456
1.03408456
1.03408456
1.03408456
1.03408456
1.03408456
1.03408456
1.03408456
1.03408456
1.03408456
1.03408456
1.03408456
1.03408456
1.03408456
1.03408456
1.03408456
1.03408456
1.03408456
1.03408456
1.03408456
1.03408456
1.03408456
1.03408456
1.03408456
1.03408456
1.03408456
1.03408456
1.03408456
1.03408456
1.03408456
1.03408456
1.03408456
1.03408456
1.03408456
1.03408456
1.03408456
1.03408456
1.03408456
1.03408456
1.03408456
1.03408456
1.03408456
1.03408456
1.03408456
1.03408456
1.03408456
1.03408456
1.03408456
1.03408456
1.03408456
1.03408456
1.03408456
1.03408456
1.03408456
1.03408456
1.03408456
1.03408456
1.03408456
1.03408456
1.03408456
0.96584952
0.96351784
0.96163350
0.96020699
0.95914114
0.95826852
0.95763445
0.95712978
0.95686740
0.95681596
0.95700115
0.95735115
0.95788181
0.95858330
0.95947719
0.96061116
0.96194011
0.96348655
0.96526295
0.96964824
1.03408456
1.03408456
1.03408456
1.03408456
1.03408456
1.03408456
1.03408456
1.03408456
1.03408456
1.03408456
1.03408456
1.03408456
1.03408456
1.03408456
1.03408456
1.03408456
1.03408456
1.03408456
1.03408456
1.03408456
1.03408456
1.03408456
1.03408456
1.03408456
1.03408456
1.03408456
1.03408456
1.03408456
1.03408456
1.03408456
1.03408456
0.85754907
0.85825610
0.86450434
0.87170571
0.87165022
0.87170142
0.87176973
0.87183803
0.87191063
0.87197042
0.87199181
0.87188929
0.87186795
0.87195760
0.87197042
0.87179536
0.87201315
0.87195337
0.87188500
0.87181669
0.86947876
0.86374927
0.85826850
0.85842991
1.03408456
1.03408456
1.03408456
1.03408456
1.03408456
1.03408456
1.03408456
1.03408456
1.03408456
1.03408456
1.03408456
1.03408456
1.03408456
1.03408456
1.03408456
1.03408456
1.03408456
1.03408456
1.03408456
1.03408456
1.03408456
1.03408456
1.03408456
1.03408456
1.03408456
1.03408456
1.03408456
1.03408456
1.03408456
1.03408456
1.03408456
1.03408456
1.03408456
1.03408456
1.03408456
1.03408456
1.03408456
1.03408456
1.03408456
1.03408456
1.03408456
1.03408456
1.03408456
1.03408456
1.03408456
1.03408456
1.03408456
0.79002619
0.77785671
0.76757598
0.75109041
0.74428797
0.74123204
0.74034727
0.74376553
0.74933875
0.74956596
0.78144228
0.78168935
0.78169966
0.78146631
0.78045893
0.77565014
0.77324772
0.77282810
0.77371490
0.77510971
0.77642488
0.77771056
0.77921534
0.78032207
0.78096229
0.78131539
0.78153145
0.78159666
0.78155547
0.78120565
0.78081840
0.78037679
0.78015453
0.78014082
0.78004509
0.77991867
0.77941662
0.77891529
0.77870059
0.77863586
0.77897322
0.77937907
0.77978539
0.77998018
0.77988106
0.77956682
0.77900732
0.77843499
0.77793491
0.77749318
0.77681458
0.77574813
0.77514684
0.77563322
0.78618449
0.78584433
0.78423440
0.78231114
0.78022975
1.02862275
1.02862275
1.02862275
1.02862275
1.02862275
1.02862275
1.02862275
1.02862275
1.02862275
1.02862275
1.02862275
1.02862275
1.02862275
1.02862275
1.02862275
1.02862275
1.02862275
1.02862275
1.02862275
1.02862275
1.02862275
1.02862275
1.02862275
1.02862275
1.02862275
1.02862275
1.02862275
1.02862275
1.02862275
1.02862275
1.02862275
1.02862275
1.02862275
1.02862275
1.02862275
1.02862275
1.02862275
1.02862275
1.02862275
1.02862275
1.02862275
1.02862275
1.02862275
1.02862275
1.02862275
1.02862275
1.02862275
1.02862275
1.02862275
1.02862275
1.02862275
1.02862275
1.02862275
1.02862275
1.02862275
1.02862275
1.02862275
1.02862275
1.02862275
1.02862275
1.02862275
1.02862275
1.02862275
1.02862275
1.02862275
1.02862275
1.02862275
1.02862275
1.02862275
1.02862275
1.02862275
1.02862275
1.02862275
1.02862275
1.02862275
0.96801353
0.96559280
0.96363258
0.96211690
0.96099496
0.96012414
0.95947719
0.95897579
0.95869172
0.95862460
0.95879501
0.95913601
0.95962203
0.96026915
0.96116102
0.96228331
0.96363777
0.96517920
0.96695662
0.97119832
1.02862275
1.02862275
1.02862275
1.02862275
1.02862275
1.02862275
1.02862275
1.02862275
1.02862275
1.02862275
1.02862275
1.02862275
1.02862275
1.02862275
1.02862275
1.02862275
1.02862275
1.02862275
1.02862275
1.02862275
1.02862275
1.02862275
1.02862275
1.02862275
1.02862275
1.02862275
1.02862275
1.02862275
1.02862275
1.02862275
1.02862275
0.85320437
0.85521710
0.86702663
0.86717027
0.86723787
0.86733502
0.86742800
0.86750412
0.86757177
0.86761832
0.86749142
0.86753798
0.86766905
0.86757600
0.86760563
0.86758024
0.86777055
0.86772400
0.86763519
0.86752528
0.86743224
0.86543322
0.85615492
0.85363400
1.02862275
1.02862275
1.02862275
1.02862275
1.02862275
1.02862275
1.02862275
1.02862275
1.02862275
1.02862275
1.02862275
1.02862275
1.02862275
1.02862275
1.02862275
1.02862275
1.02862275
1.02862275
1.02862275
1.02862275
1.02862275
1.02862275
1.02862275
1.02862275
1.02862275
1.02862275
1.02862275
1.02862275
1.02862275
1.02862275
1.02862275
1.02862275
1.02862275
1.02862275
1.02862275
1.02862275
1.02862275
1.02862275
1.02862275
1.02862275
1.02862275
1.02862275
1.02862275
1.02862275
1.02862275
1.02862275
1.02862275
0.78841305
0.77647573
0.76712281
0.75181055
0.74217778
0.73808783
0.73637795
0.73769021
0.74437517
0.74644154
0.76284570
0.78173739
0.78189880
0.78189534
0.78181982
0.77948147
0.77467453
0.77337873
0.77358043
0.77498484
0.77659768
0.77806073
0.77951562
0.78078413
0.78150403
0.78194004
0.78226650
0.78258634
0.78254849
0.78250033
0.78226304
0.78165501
0.78118849
0.78086638
0.78054792
0.78026050
0.77983320
0.77944392
0.77927673
0.77933818
0.77961123
0.77990156
0.78022289
0.78032207
0.78018528
0.77975464
0.77918804
0.77841115
0.77780914
0.77714354
0.77645200
0.77579546
0.77578533
0.78651446
0.78720319
0.78644848
0.78487068
0.78279626
0.78055817
1.02322435
1.02322435
1.02322435
1.02322435
1.02322435
1.02322435
1.02322435
1.02322435
1.02322435
1.02322435
1.02322435
1.02322435
1.02322435
1.02322435
1.02322435
1.02322435
1.02322435
1.02322435
1.02322435
1.02322435
1.02322435
1.02322435
1.02322435
1.02322435
1.02322435
1.02322435
1.02322435
1.02322435
1.02322435
1.02322435
1.02322435
1.02322435
1.02322435
1.02322435
1.02322435
1.02322435
1.02322435
1.02322435
1.02322435
1.02322435
1.02322435
1.02322435
1.02322435
1.02322435
1.02322435
1.02322435
1.02322435
1.02322435
1.02322435
1.02322435
1.02322435
1.02322435
1.02322435
1.02322435
1.02322435
1.02322435
1.02322435
1.02322435
1.02322435
1.02322435
1.02322435
1.02322435
1.02322435
1.02322435
1.02322435
1.02322435
1.02322435
1.02322435
1.02322435
1.02322435
1.02322435
1.02322435
1.02322435
1.02322435
1.02322435
0.97039884
0.96765572
0.96560854
0.96403962
0.96287155
0.96198171
0.96128559
0.96080303
0.96051270
0.96042460
0.96053863
0.96084452
0.96133751
0.96200252
0.96285069
0.96394569
0.96527863
0.96687257
0.96865094
0.97277999
1.02322435
1.02322435
1.02322435
1.02322435
1.02322435
1.02322435
1.02322435
1.02322435
1.02322435
1.02322435
1.02322435
1.02322435
1.02322435
1.02322435
1.02322435
1.02322435
1.02322435
1.02322435
1.02322435
1.02322435
1.02322435
1.02322435
1.02322435
1.02322435
1.02322435
1.02322435
1.02322435
1.02322435
1.02322435
1.02322435
1.02322435
0.84877396
0.85487616
0.86269015
0.86276126
0.86284906
0.86295366
0.86305404
0.86314195
0.86321312
0.86319637
0.86312521
0.86334288
0.86335963
0.86339313
0.86343080
0.86338896
0.86351043
0.86348110
0.86339313
0.86326331
0.86312938
0.86298710
0.85671943
0.84911001
0.84888726
1.02322435
1.02322435
1.02322435
1.02322435
1.02322435
1.02322435
1.02322435
1.02322435
1.02322435
1.02322435
1.02322435
1.02322435
1.02322435
1.02322435
1.02322435
1.02322435
1.02322435
1.02322435
1.02322435
1.02322435
1.02322435
1.02322435
1.02322435
1.02322435
1.02322435
1.02322435
1.02322435
1.02322435
1.02322435
1.02322435
1.02322435
1.02322435
1.02322435
1.02322435
1.02322435
1.02322435
1.02322435
1.02322435
1.02322435
1.02322435
1.02322435
1.02322435
1.02322435
1.02322435
1.02322435
1.02322435
0.78925204
0.77701461
0.76546347
0.75339836
0.74073851
0.73552597
0.73301202
0.73288828
0.73780948
0.74246258
0.76209122
0.78292364
0.78324401
0.78344744
0.78295463
0.78126049
0.77727586
0.77436453
0.77394027
0.77494097
0.77655023
0.77831244
0.77974439
0.78104794
0.78192627
0.78262419
0.78304076
0.78344053
0.78354400
0.78348535
0.78326815
0.78271019
0.78199840
0.78138053
0.78086978
0.78054106
0.78025025
0.77999043
0.77989131
0.78009295
0.78038365
0.78060955
0.78063691
0.78067118
0.78041446
0.77993917
0.77926993
0.77845204
0.77765960
0.77707571
0.77653331
0.77636057
0.77770376
0.78811288
0.78778154
0.78690392
0.78554261
0.78354055
0.78128791
1.01787639
1.01787639
1.01787639
1.01787639
1.01787639
1.01787639
1.01787639
1.01787639
1.01787639
1.01787639
1.01787639
1.01787639
1.01787639
1.01787639
1.01787639
1.01787639
1.01787639
1.01787639
1.01787639
1.01787639
1.01787639
1.01787639
1.01787639
1.01787639
1.01787639
1.01787639
1.01787639
1.01787639
1.01787639
1.01787639
1.01787639
1.01787639
1.01787639
1.01787639
1.01787639
1.01787639
1.01787639
1.01787639
1.01787639
1.01787639
1.01787639
1.01787639
1.01787639
1.01787639
1.01787639
1.01787639
1.01787639
1.01787639
1.01787639
1.01787639
1.01787639
1.01787639
1.01787639
1.01787639
1.01787639
1.01787639
1.01787639
1.01787639
1.01787639
1.01787639
1.01787639
1.01787639
1.01787639
1.01787639
1.01787639
1.01787639
1.01787639
1.01787639
1.01787639
1.01787639
1.01787639
1.01787639
1.01787639
1.01787639
1.01787639
0.97324270
0.96970630
0.96760309
0.96598059
0.96477115
0.96383083
0.96311641
0.96263200
0.96233016
0.96223134
0.96230936
0.96257997
0.96304864
0.96371603
0.96456724
0.96564519
0.96693033
0.96854025
0.97034597
0.97454816
1.01787639
1.01787639
1.01787639
1.01787639
1.01787639
1.01787639
1.01787639
1.01787639
1.01787639
1.01787639
1.01787639
1.01787639
1.01787639
1.01787639
1.01787639
1.01787639
1.01787639
1.01787639
1.01787639
1.01787639
1.01787639
1.01787639
1.01787639
1.01787639
1.01787639
1.01787639
1.01787639
1.01787639
1.01787639
1.01787639
1.01787639
0.84484214
0.84478199
0.85828918
0.85836786
0.85846716
0.85857487
0.85868251
0.85877782
0.85883170
0.85857487
0.85892284
0.85890627
0.85893941
0.85913843
0.85892284
0.85921723
0.85927528
0.85922551
0.85914254
0.85901821
0.85886067
0.85870326
0.84596640
0.84465373
0.84451747
0.84480208
1.01787639
1.01787639
1.01787639
1.01787639
1.01787639
1.01787639
1.01787639
1.01787639
1.01787639
1.01787639
1.01787639
1.01787639
1.01787639
1.01787639
1.01787639
1.01787639
1.01787639
1.01787639
1.01787639
1.01787639
1.01787639
1.01787639
1.01787639
1.01787639
1.01787639
1.01787639
1.01787639
1.01787639
1.01787639
1.01787639
1.01787639
1.01787639
1.01787639
1.01787639
1.01787639
1.01787639
1.01787639
1.01787639
1.01787639
1.01787639
1.01787639
1.01787639
1.01787639
1.01787639
1.01787639
0.78894073
0.77923924
0.76379168
0.75377166
0.73984873
0.73319316
0.72970963
0.72879541
0.73139465
0.73738766
0.73931098
0.78472185
0.78507489
0.78480494
0.78385454
0.78239369
0.77986741
0.77579546
0.77470154
0.77520424
0.77651972
0.77834988
0.78000408
0.78141141
0.78245217
0.78317165
0.78381312
0.78421712
0.78451782
0.78444523
0.78410661
0.78356814
0.78281349
0.78206372
0.78144568
0.78096569
0.78067797
0.78052396
0.78052396
0.78084922
0.78116107
0.78131193
0.78128791
0.78109252
0.78063691
0.78013396
0.77933472
0.77852350
0.77778190
0.77723855
0.77695698
0.77746260
0.78836071
0.78894073
0.78815824
0.78736335
0.78608030
0.78426552
0.78198123
1.01258981
1.01258981
1.01258981
1.01258981
1.01258981
1.01258981
1.01258981
1.01258981
1.01258981
1.01258981
1.01258981
1.01258981
1.01258981
1.01258981
1.01258981
1.01258981
1.01258981
1.01258981
1.01258981
1.01258981
1.01258981
1.01258981
1.01258981
1.01258981
1.01258981
1.01258981
1.01258981
1.01258981
1.01258981
1.01258981
1.01258981
1.01258981
1.01258981
1.01258981
1.01258981
1.01258981
1.01258981
1.01258981
1.01258981
1.01258981
1.01258981
1.01258981
1.01258981
1.01258981
1.01258981
1.01258981
1.01258981
1.01258981
1.01258981
1.01258981
1.01258981
1.01258981
1.01258981
1.01258981
1.01258981
1.01258981
1.01258981
1.01258981
1.01258981
1.01258981
1.01258981
1.01258981
1.01258981
1.01258981
1.01258981
1.01258981
1.01258981
0.83927733
0.83921009
0.83926547
0.83924174
0.83919424
0.83937627
1.01258981
1.01258981
1.01258981
0.97181869
0.96963239
0.96794510
0.96669406
0.96569234
0.96495944
0.96444708
0.96413887
0.96400309
0.96407622
0.96433210
0.96477115
0.96543568
0.96630043
0.96735597
0.96865624
0.97024018
0.97209996
0.97662276
1.01258981
1.01258981
1.01258981
1.01258981
1.01258981
1.01258981
1.01258981
1.01258981
1.01258981
1.01258981
1.01258981
1.01258981
1.01258981
1.01258981
1.01258981
1.01258981
1.01258981
1.01258981
1.01258981
1.01258981
1.01258981
1.01258981
1.01258981
1.01258981
1.01258981
1.01258981
1.01258981
1.01258981
1.01258981
1.01258981
1.01258981
0.85029030
0.84006554
0.84063685
0.85399026
0.85409683
0.85420746
0.85431820
0.85441250
0.85440016
0.85444528
0.85459709
0.85447812
0.85461760
0.85475713
0.85473251
0.85496652
0.85498291
0.85495007
0.85487616
0.85474074
0.85457247
0.85441661
0.84039080
0.84018850
0.84020829
1.01258981
1.01258981
1.01258981
1.01258981
1.01258981
1.01258981
1.01258981
1.01258981
1.01258981
1.01258981
1.01258981
1.01258981
1.01258981
1.01258981
1.01258981
1.01258981
1.01258981
1.01258981
1.01258981
1.01258981
1.01258981
1.01258981
1.01258981
1.01258981
1.01258981
1.01258981
1.01258981
1.01258981
1.01258981
1.01258981
1.01258981
1.01258981
1.01258981
1.01258981
1.01258981
1.01258981
1.01258981
1.01258981
1.01258981
1.01258981
1.01258981
1.01258981
1.01258981
1.01258981
1.01258981
1.01258981
1.01258981
0.78161728
0.76263320
0.75374293
0.74101913
0.73137361
0.72708964
0.72504318
0.72593611
0.73328376
0.73582697
0.76274759
0.78609419
0.78568476
0.78463197
0.78319579
0.78105479
0.77812535
0.77563661
0.77567714
0.77664506
0.77846223
0.78042132
0.78183013
0.78292710
0.78371650
0.78457659
0.78507143
0.78537971
0.78533119
0.78505415
0.78452820
0.78378892
0.78281349
0.78212899
0.78154862
0.78116107
0.78115761
0.78125018
0.78160352
0.78193659
0.78200871
0.78173053
0.78144914
0.78094518
0.78026050
0.77947122
0.77868700
0.77817297
0.77775472
0.77776831
0.78045893
0.79011738
0.79019451
0.78917855
0.78790009
0.78654575
0.78476685
0.78250718
1.00735223
1.00735223
1.00735223
1.00735223
1.00735223
1.00735223
1.00735223
1.00735223
1.00735223
1.00735223
1.00735223
1.00735223
1.00735223
1.00735223
1.00735223
1.00735223
1.00735223
1.00735223
1.00735223
1.00735223
1.00735223
1.00735223
1.00735223
1.00735223
1.00735223
1.00735223
1.00735223
1.00735223
1.00735223
1.00735223
1.00735223
1.00735223
1.00735223
1.00735223
1.00735223
1.00735223
1.00735223
1.00735223
1.00735223
1.00735223
1.00735223
1.00735223
1.00735223
1.00735223
1.00735223
1.00735223
1.00735223
1.00735223
1.00735223
1.00735223
1.00735223
1.00735223
1.00735795
1.00735795
1.00735795
1.00735795
1.00735795
1.00735795
1.00735795
1.00735795
1.00735795
1.00735795
0.83504879
0.83506835
0.83540148
0.83624136
0.83696878
0.83774477
0.83824974
0.83845901
0.83844322
0.83802480
0.83733100
0.83659506
0.83579373
0.83540541
0.83569956
0.97172850
0.96999168
0.96866673
0.96763468
0.96684629
0.96631092
0.96597010
0.96581286
0.96585476
0.96610641
0.96656281
0.96721929
0.96808726
0.96917307
0.97044116
0.97198850
0.97390300
0.98109049
1.00735223
1.00735223
1.00735223
1.00735223
1.00735223
1.00735223
1.00735223
1.00735223
1.00735223
1.00735223
1.00735223
1.00735223
1.00735223
1.00735223
1.00735223
1.00735223
1.00735223
1.00735223
1.00735223
1.00735223
1.00735223
1.00735223
1.00735223
1.00735223
1.00735223
1.00735223
1.00735223
1.00735223
1.00735223
1.00735223
1.00735223
0.85179579
0.84200478
0.83589184
0.83591151
0.84972203
0.84984374
0.84995735
0.85004669
0.84986812
0.85017657
0.85022938
0.85021716
0.85043657
0.85030657
0.85061538
0.85067225
0.85067225
0.85063159
0.85053813
0.85039997
0.85023749
0.83612746
0.83663440
0.83728766
1.00735223
1.00735223
1.00735223
1.00735223
1.00735223
1.00735223
1.00735223
1.00735223
1.00735223
1.00735223
1.00735223
1.00735223
1.00735223
1.00735223
1.00735223
1.00735223
1.00735223
1.00735223
1.00735223
1.00735223
1.00735223
1.00735223
1.00735223
1.00735223
1.00735223
1.00735223
1.00735223
1.00735223
1.00735223
1.00735223
1.00735223
1.00735223
1.00735223
1.00735223
1.00735223
1.00735223
1.00735223
1.00735223
1.00735223
1.00735223
1.00735223
1.00735223
1.00735223
1.00735223
1.00735223
1.00735223
1.00735223
1.00735223
0.78022289
0.76291758
0.75284076
0.74221182
0.73009270
0.72483355
0.72192031
0.72143465
0.72735107
0.73236358
0.76199335
0.78680652
0.78609073
0.78505415
0.78378206
0.78208429
0.77934837
0.77709943
0.77628607
0.77704173
0.77858824
0.78060955
0.78226990
0.78337502
0.78440028
0.78533465
0.78596926
0.78622961
0.78630602
0.78602827
0.78543168
0.78451782
0.78350604
0.78276873
0.78213245
0.78183699
0.78178889
0.78200531
0.78236276
0.78261387
0.78251749
0.78221834
0.78176147
0.78107196
0.78038710
0.77961123
0.77910280
0.77867335
0.77846903
0.77938592
0.78945857
0.79146641
0.79131514
0.79006124
0.78852832
0.78701174
0.78518224
0.78288233
1.00217414
1.00217414
1.00217414
1.00217414
1.00217414
1.00217414
1.00217414
1.00217414
1.00217414
1.00217414
1.00217414
1.00217414
1.00217414
1.00217414
1.00217414
1.00217414
1.00217414
1.00217414
1.00217414
1.00217414
1.00217414
1.00217414
1.00217414
1.00217414
1.00217414
1.00217414
1.00217414
1.00217414
1.00217414
1.00217414
1.00217414
1.00217414
1.00217414
1.00217414
1.00217414
1.00217414
1.00217414
1.00217414
1.00217414
1.00217414
1.00217414
1.00217414
1.00217414
1.00217414
1.00217414
1.00217414
1.00217414
1.00217414
1.00217414
1.00217414
1.00217414
1.00217414
1.00217414
1.00217414
1.00217414
1.00217414
1.00217414
1.00217414
1.00217414
1.00217414
0.83078891
0.83109921
0.83251411
0.83426601
0.83589971
0.83731133
0.83845901
0.83929712
0.83985549
0.84014088
0.84007347
0.83967721
0.83903605
0.83802873
0.83650464
0.83464938
0.83256865
0.83153409
0.97217959
0.97079575
0.96969050
0.96885657
0.96825051
0.96789247
0.96774513
0.96775568
0.96798199
0.96841908
0.96907282
0.96994936
0.97100759
0.97228050
0.97388166
0.97611934
1.00217414
1.00217414
1.00217414
1.00217414
1.00217414
1.00217414
1.00217414
1.00217414
1.00217414
1.00217414
1.00217414
1.00217414
1.00217414
1.00217414
1.00217414
1.00217414
1.00217414
1.00217414
1.00217414
1.00217414
1.00217414
1.00217414
1.00217414
1.00217414
1.00217414
1.00217414
1.00217414
1.00217414
1.00217414
1.00217414
1.00217414
1.00217414
0.85330659
0.84384888
0.83824581
0.83410966
0.83147967
0.83160788
0.84558058
0.84566092
0.84549224
0.84568506
0.84579754
0.84596640
0.84588999
0.84622782
0.84630424
0.84631634
0.84629619
0.84623182
0.84612322
0.83171666
0.83206660
0.83597821
0.84135604
0.85241580
1.00217414
1.00217414
1.00217414
1.00217414
1.00217414
1.00217414
1.00217414
1.00217414
1.00217414
1.00217414
1.00217414
1.00217414
1.00217414
1.00217414
1.00217414
1.00217414
1.00217414
1.00217414
1.00217414
1.00217414
1.00217414
1.00217414
1.00217414
1.00217414
1.00217414
1.00217414
1.00217414
1.00217414
1.00217414
1.00217414
1.00217414
1.00217414
1.00217414
1.00217414
1.00217414
1.00217414
1.00217414
1.00217414
1.00217414
1.00217414
1.00217414
1.00217414
1.00217414
1.00217414
1.00217414
1.00217414
1.00217414
1.00217414
0.79259413
0.76659751
0.75168037
0.74180353
0.72990710
0.72265595
0.71902752
0.71767950
0.71990865
0.72914767
0.73147577
0.78726238
0.78665698
0.78587902
0.78510952
0.78351295
0.78107536
0.77854055
0.77736074
0.77753729
0.77871764
0.78076017
0.78271365
0.78407204
0.78517187
0.78618795
0.78687263
0.78712314
0.78718925
0.78696650
0.78613240
0.78515798
0.78419638
0.78340262
0.78281689
0.78252095
0.78242463
0.78276527
0.78296840
0.78314412
0.78295118
0.78257942
0.78188848
0.78119880
0.78053421
0.78001094
0.77960098
0.77937907
0.77967608
0.78271365
0.79148400
0.79278123
0.79215324
0.79062974
0.78897220
0.78731459
0.78541785
0.78309929
0.99704349
0.99704349
0.99704349
0.99704349
0.99704349
0.99704349
0.99704349
0.99704349
0.99704349
0.99704349
0.99704349
0.99704349
0.99704349
0.99704349
0.99704349
0.99704349
0.99704349
0.71095479
0.71102297
0.71109396
0.71112233
0.71123034
0.71133268
0.99704349
0.99704349
0.99704349
0.99704349
0.99704349
0.99704349
0.99704349
0.99704349
0.99704349
0.99704349
0.99704349
0.99704349
0.99704349
0.99704349
0.99704349
0.99704349
0.99704349
0.99704349
0.99704349
0.99704349
0.99704349
0.99704349
0.99704349
0.99704349
0.99704349
0.99704349
0.99704349
0.99704349
0.99704349
0.99704349
0.99704349
0.99704349
0.99704349
0.99704349
0.99704349
0.82637662
0.82673353
0.82854217
0.83123505
0.83364481
0.83567208
0.83750826
0.83928525
0.84006953
0.84029555
0.84033126
0.84035110
0.84045821
0.84041458
0.83988720
0.83917052
0.83806819
0.83632779
0.83382833
0.83019996
0.82765996
0.82755989
0.97212124
0.97108179
0.97038299
0.97001809
0.96976441
0.96975917
0.97000223
0.97039884
0.97111887
0.97206813
0.97354078
0.99704349
0.99704349
0.99704349
0.99704349
0.99704349
0.99704349
0.99704349
0.99704349
0.99704349
0.99704349
0.99704349
0.99704349
0.99704349
0.99704349
0.99704349
0.99704349
0.99704349
0.99704349
0.99704349
0.99704349
0.99704349
0.99704349
0.99704349
0.99704349
0.99704349
0.99704349
0.99704349
0.99704349
0.99704349
0.99704349
0.99704349
0.99704349
0.99704349
0.99704349
0.99704349
0.85503632
0.84553641
0.83994663
0.83548385
0.83191884
0.83035487
0.82773310
0.82728297
0.82712156
0.82736760
0.84153503
0.84132022
0.84174198
0.84186137
0.84188926
0.82683724
0.82734454
0.82765228
0.82812971
0.83122343
0.83404320
0.83790648
0.84343302
0.85552537
0.99704349
0.99704349
0.99704349
0.99704349
0.99704349
0.99704349
0.99704349
0.99704349
0.99704349
0.99704349
0.99704349
0.99704349
0.99704349
0.99704349
0.99704349
0.99704349
0.99704349
0.99704349
0.99704349
0.99704349
0.99704349
0.99704349
0.99704349
0.99704349
0.99704349
0.99704349
0.99704349
0.99704349
0.99704349
0.99704349
0.99704349
0.99704349
0.99704349
0.99704349
0.99704349
0.99704349
0.99704349
0.99704349
0.99704349
0.99704349
0.99704349
0.99704349
0.99704349
0.99704349
0.99704349
0.99704349
0.99704349
0.99704349
0.79586148
0.77017975
0.75155658
0.74139261
0.73090512
0.72108978
0.71656144
0.71428984
0.71535480
0.72418183
0.72842854
0.76436234
0.78785127
0.78786522
0.78736335
0.78602129
0.78325093
0.78022289
0.77855754
0.77833968
0.77913004
0.78099310
0.78296155
0.78473228
0.78589636
0.78704309
0.78771180
0.78802216
0.78807795
0.78777456
0.78677171
0.78579575
0.78488797
0.78414804
0.78359920
0.78324401
0.78315443
0.78333366
0.78352326
0.78351641
0.78333366
0.78277218
0.78212214
0.78147316
0.78090060
0.78052396
0.78031868
0.78042811
0.78145599
0.78869253
0.79336429
0.79401898
0.79313803
0.79134679
0.78939903
0.78760028
0.78565359
0.78327507
0.99196506
0.71120763
0.71128720
0.71132129
0.71135825
0.71143216
0.71151745
0.71158004
0.71156013
0.71150327
0.71142930
0.71136677
0.71136963
0.71140939
0.71146345
0.71154022
0.71162558
0.71171379
0.71180767
0.71187884
0.71194720
0.71202123
0.71211237
0.99196506
0.99196506
0.99196506
0.99196506
0.99196506
0.99196506
0.99196506
0.99196506
0.99196506
0.99196506
0.99196506
0.99196506
0.99196506
0.99196506
0.99196506
0.99196506
0.99196506
0.99196506
0.99196506
0.99196506
0.99196506
0.99196506
0.99196506
0.99196506
0.99196506
0.99196506
0.99196506
0.99196506
0.99196506
0.99196506
0.99196506
0.99196506
0.99196506
0.99196506
0.82228810
0.82306755
0.82616568
0.82954609
0.83250630
0.83488429
0.83647716
0.83609605
0.83616674
0.83619815
0.83611172
0.83619815
0.83595467
0.83648109
0.83657545
0.83665800
0.83669341
0.83664620
0.83653611
0.83558577
0.83206272
0.82643801
0.82344067
0.82338738
0.99196506
0.99196506
0.99196506
0.99196506
0.99196506
0.99196506
0.99196506
0.99196506
0.99196506
0.99196506
0.99196506
0.99196506
0.99196506
0.99196506
0.99196506
0.99196506
0.99196506
0.99196506
0.99196506
0.99196506
0.99196506
0.99196506
0.99196506
0.99196506
0.99196506
0.99196506
0.99196506
0.99196506
0.99196506
0.99196506
0.99196506
0.99196506
0.99196506
0.99196506
0.99196506
0.99196506
0.99196506
0.99196506
0.99196506
0.99196506
0.99196506
0.99196506
0.99196506
0.99196506
0.99196506
0.85709071
0.84716219
0.84176981
0.83741373
0.83425820
0.83196545
0.83006060
0.82841104
0.82712156
0.82641494
0.82497483
0.82450867
0.82443607
0.82463086
0.82531142
0.82603532
0.82717150
0.82858843
0.83049822
0.83291537
0.83592719
0.83980399
0.84555650
0.85911769
0.99196506
0.99196506
0.99196506
0.99196506
0.99196506
0.99196506
0.99196506
0.99196506
0.99196506
0.99196506
0.99196506
0.99196506
0.99196506
0.99196506
0.99196506
0.99196506
0.99196506
0.99196506
0.99196506
0.99196506
0.99196506
0.99196506
0.99196506
0.99196506
0.99196506
0.99196506
0.99196506
0.99196506
0.99196506
0.99196506
0.99196506
0.99196506
0.99196506
0.99196506
0.99196506
0.99196506
0.99196506
0.99196506
0.99196506
0.99196506
0.99196506
0.99196506
0.99196506
0.99196506
0.99196506
0.99196506
0.99196506
0.99196506
0.80160666
0.79133976
0.75443935
0.74098521
0.73072809
0.72022909
0.71437299
0.71139234
0.71130991
0.71676052
0.72522628
0.76323819
0.78985441
0.79001915
0.78956014
0.78798378
0.78543168
0.78235584
0.78011692
0.77942008
0.77983320
0.78123647
0.78317165
0.78507143
0.78661877
0.78776759
0.78845149
0.78883934
0.78894424
0.78868902
0.78772223
0.78664309
0.78567439
0.78492951
0.78437954
0.78396499
0.78370613
0.78388560
0.78399259
0.78388906
0.78364748
0.78312343
0.78245217
0.78184730
0.78149372
0.78122622
0.78126395
0.78191257
0.78420329
0.79193473
0.79482734
0.79513979
0.79408628
0.79238951
0.79018402
0.78807098
0.78588599
0.78344744
0.98694360
0.71242017
0.71246010
0.71248579
0.71251428
0.71254849
0.71260273
0.71265692
0.71269971
0.71268260
0.71264839
0.71259701
0.71254849
0.71255422
0.71259415
0.71263981
0.71269971
0.71277392
0.71281672
0.71285385
0.71289098
0.71293950
0.71301377
0.71439016
0.98694360
0.98694360
0.98694360
0.98694360
0.98694360
0.98694360
0.98694360
0.98694360
0.98694360
0.98694360
0.98694360
0.98694360
0.98694360
0.98694360
0.98694360
0.98694360
0.98694360
0.98694360
0.98694360
0.98694360
0.98694360
0.98694360
0.98694360
0.98694360
0.98694360
0.98694360
0.98694360
0.98694360
0.98694360
0.98694360
0.98694360
0.98694360
0.81798792
0.81886470
0.82280123
0.82713693
0.83083546
0.83179051
0.83189934
0.83202767
0.83209771
0.83215606
0.83225334
0.83236617
0.83217937
0.83219492
0.83245569
0.83266991
0.83275557
0.83281010
0.83280236
0.83275950
0.83268160
0.83262706
0.82738298
0.81998503
0.81930947
0.81934714
0.81986415
0.98694360
0.98694360
0.98694360
0.98694360
0.98694360
0.98694360
0.98694360
0.98694360
0.98694360
0.98694360
0.98694360
0.98694360
0.98694360
0.98694360
0.98694360
0.98694360
0.98694360
0.98694360
0.98694360
0.98694360
0.98694360
0.98694360
0.98694360
0.98694360
0.98694360
0.98694360
0.98694360
0.98694360
0.98694360
0.98694360
0.98694360
0.98694360
0.98694360
0.98694360
0.98694360
0.98694360
0.98694360
0.98694360
0.98694360
0.98694360
0.98694360
0.98694360
0.98694360
0.85907620
0.84897232
0.84345704
0.83925360
0.83610779
0.83375025
0.83177108
0.83016896
0.82887781
0.82796025
0.82731760
0.82689869
0.82668746
0.82667595
0.82692558
0.82759452
0.82880062
0.83034325
0.83227277
0.83470809
0.83776844
0.84180963
0.84769875
0.98694360
0.98694360
0.98694360
0.98694360
0.98694360
0.98694360
0.98694360
0.98694360
0.98694360
0.98694360
0.98694360
0.98694360
0.98694360
0.98694360
0.98694360
0.98694360
0.98694360
0.98694360
0.98694360
0.98694360
0.98694360
0.98694360
0.98694360
0.98694360
0.98694360
0.98694360
0.98694360
0.98694360
0.98694360
0.98694360
0.98694360
0.98694360
0.98694360
0.98694360
0.98694360
0.98694360
0.98694360
0.98694360
0.98694360
0.98694360
0.98694360
0.98694360
0.98694360
0.98694360
0.98694360
0.98694360
0.98694360
0.98694360
0.98694360
0.79997832
0.79123068
0.75509542
0.74057519
0.73035932
0.72010958
0.71262842
0.70855778
0.70746511
0.71082419
0.72194374
0.76247972
0.79175860
0.79178327
0.79122365
0.78970724
0.78734940
0.78426898
0.78183699
0.78063005
0.78070199
0.78162754
0.78345776
0.78544557
0.78724146
0.78849339
0.78925556
0.78964418
0.78979486
0.78952509
0.78869605
0.78755498
0.78646237
0.78571600
0.78503680
0.78461117
0.78442103
0.78443485
0.78436571
0.78425515
0.78393739
0.78348190
0.78283757
0.78247279
0.78213245
0.78221148
0.78249002
0.78377169
0.78846544
0.79452580
0.79608214
0.79607147
0.79502261
0.79340315
0.79116386
0.78874844
0.78625739
0.78376824
0.98196727
0.71350533
0.71352249
0.71355110
0.71358830
0.71362835
0.71366841
0.71370846
0.71375138
0.71379715
0.71380001
0.71376282
0.71371704
0.71369702
0.71371704
0.71375424
0.71378571
0.71382296
0.71384299
0.71386015
0.71387732
0.71387732
0.71390027
0.71535480
0.98196727
0.98196727
0.98196727
0.98196727
0.98196727
0.98196727
0.98196727
0.98196727
0.98196727
0.98196727
0.98196727
0.98196727
0.98196727
0.98196727
0.98196727
0.98196727
0.98196727
0.98196727
0.98196727
0.98196727
0.98196727
0.98196727
0.98196727
0.98196727
0.98196727
0.98196727
0.98196727
0.98196727
0.98196727
0.98196727
0.98196727
0.98196727
0.81410837
0.81750709
0.82376081
0.82819909
0.82777160
0.82786781
0.82797182
0.82804495
0.82809508
0.82814896
0.82777929
0.82822222
0.82804495
0.82822603
0.82806426
0.82866174
0.82876593
0.82884693
0.82887012
0.82885855
0.82879293
0.82871574
0.82849592
0.81612772
0.81526053
0.81525683
0.81471205
0.98196727
0.98196727
0.98196727
0.98196727
0.98196727
0.98196727
0.98196727
0.98196727
0.98196727
0.98196727
0.98196727
0.98196727
0.98196727
0.98196727
0.98196727
0.98196727
0.98196727
0.98196727
0.98196727
0.98196727
0.98196727
0.98196727
0.98196727
0.98196727
0.98196727
0.98196727
0.98196727
0.98196727
0.98196727
0.98196727
0.98196727
0.98196727
0.98196727
0.98196727
0.98196727
0.98196727
0.98196727
0.98196727
0.98196727
0.98196727
0.98196727
0.98196727
0.98196727
0.86087942
0.85083085
0.84525937
0.84100622
0.83784729
0.83550733
0.83351207
0.83189547
0.83065325
0.82969302
0.82898980
0.82854986
0.82836097
0.82840723
0.82872730
0.82946879
0.83062607
0.83215994
0.83408231
0.83651644
0.83965743
0.84378886
0.84967339
0.98196727
0.98196727
0.98196727
0.98196727
0.98196727
0.98196727
0.98196727
0.98196727
0.98196727
0.98196727
0.98196727
0.98196727
0.98196727
0.98196727
0.98196727
0.98196727
0.98196727
0.98196727
0.98196727
0.98196727
0.98196727
0.98196727
0.98196727
0.98196727
0.98196727
0.98196727
0.98196727
0.98196727
0.98196727
0.98196727
0.98196727
0.98196727
0.98196727
0.98196727
0.98196727
0.98196727
0.98196727
0.98196727
0.98196727
0.98196727
0.98196727
0.98196727
0.98196727
0.98196727
0.98196727
0.98196727
0.98196727
0.98196727
0.98196727
0.79575831
0.78866458
0.75881648
0.74435645
0.73091716
0.72018242
0.71092355
0.70622450
0.70410979
0.70562536
0.71832532
0.76190853
0.79333246
0.79337132
0.79290128
0.79138899
0.78905261
0.78625393
0.78367507
0.78203964
0.78174430
0.78230774
0.78383034
0.78582007
0.78774667
0.78916454
0.78997362
0.79045069
0.79064381
0.79033840
0.78961265
0.78846544
0.78729022
0.78648669
0.78575069
0.78527921
0.78514069
0.78491217
0.78477031
0.78458005
0.78423095
0.78384072
0.78345430
0.78332675
0.78316820
0.78350604
0.78417569
0.78661877
0.79224491
0.79646331
0.79743737
0.79700178
0.79596466
0.79433429
0.79208273
0.78958815
0.78676480
0.78418946
0.97704089
0.71471429
0.71471429
0.71474874
0.71478319
0.71481764
0.71485209
0.71489227
0.71492386
0.71493250
0.71493536
0.71491522
0.71487504
0.71485209
0.71484631
0.71484631
0.71484345
0.71483487
0.71483487
0.71482623
0.71480042
0.71478033
0.71478319
0.71490091
0.71926284
0.72758591
0.97704089
0.97704089
0.97704089
0.97704089
0.97704089
0.97704089
0.97704089
0.97704089
0.97704089
0.97704089
0.97704089
0.97704089
0.97704089
0.97704089
0.97704089
0.97704089
0.97704089
0.97704089
0.97704089
0.97704089
0.97704089
0.97704089
0.97704089
0.97704089
0.97704089
0.97704089
0.97704089
0.97704089
0.97704089
0.80978262
0.81046838
0.81803679
0.82382178
0.82371885
0.82382941
0.82392472
0.82401627
0.82406586
0.82406205
0.82405823
0.82412308
0.82388276
0.82400101
0.82432538
0.82427192
0.82461178
0.82471877
0.82483339
0.82488692
0.82489073
0.82484484
0.82477987
0.82461560
0.81146967
0.81119227
0.81118119
0.97704089
0.97704089
0.97704089
0.97704089
0.97704089
0.97704089
0.97704089
0.97704089
0.97704089
0.97704089
0.97704089
0.97704089
0.97704089
0.97704089
0.97704089
0.97704089
0.97704089
0.97704089
0.97704089
0.97704089
0.97704089
0.97704089
0.97704089
0.97704089
0.97704089
0.97704089
0.97704089
0.97704089
0.97704089
0.97704089
0.97704089
0.97704089
0.97704089
0.97704089
0.97704089
0.97704089
0.97704089
0.97704089
0.97704089
0.97704089
0.97704089
0.97704089
0.97704089
0.97704089
0.86249369
0.85263222
0.84702915
0.84277815
0.83960193
0.83724040
0.83522904
0.83363700
0.83237785
0.83142143
0.83069199
0.83025414
0.83010316
0.83018059
0.83057183
0.83132046
0.83247519
0.83397681
0.83588791
0.83835238
0.84155494
0.84576941
0.85179579
0.97704089
0.97704089
0.97704089
0.97704089
0.97704089
0.97704089
0.97704089
0.97704089
0.97704089
0.97704089
0.97704089
0.97704089
0.97704089
0.97704089
0.97704089
0.97704089
0.97704089
0.97704089
0.97704089
0.97704089
0.97704089
0.97704089
0.97704089
0.97704089
0.97704089
0.97704089
0.97704089
0.97704089
0.97704089
0.97704089
0.97704089
0.97704089
0.97704089
0.97704089
0.97704089
0.97704089
0.97704089
0.97704089
0.97704089
0.97704089
0.97704089
0.97704089
0.97704089
0.97704089
0.97704089
0.97704089
0.97704089
0.97704089
0.97704089
0.79746592
0.78736687
0.77236867
0.74479252
0.73148781
0.72003680
0.71037030
0.70398164
0.70119190
0.70107865
0.70907426
0.76230335
0.79521084
0.79529965
0.79458255
0.79305673
0.79083699
0.78811634
0.78551835
0.78366125
0.78301316
0.78316820
0.78424823
0.78619140
0.78819311
0.78967571
0.79063326
0.79125535
0.79146290
0.79114980
0.79046124
0.78931153
0.78816521
0.78725195
0.78649712
0.78599006
0.78574371
0.78549409
0.78530002
0.78501606
0.78470802
0.78441066
0.78424478
0.78420675
0.78451091
0.78501260
0.78649014
0.79009283
0.79574764
0.79803801
0.79855353
0.79799861
0.79688400
0.79513270
0.79280949
0.79018402
0.78721714
0.78458351
0.97216368
0.71471429
0.71478605
0.71484059
0.71487504
0.71488369
0.71486646
0.71483487
0.71480900
0.71477747
0.71474874
0.71474874
0.71478319
0.71476597
0.71472007
0.71469420
0.71466267
0.71461964
0.71456796
0.71450490
0.71443605
0.71438444
0.71434718
0.71501863
0.72245067
0.73629570
0.73958439
0.74275070
0.97216368
0.97216368
0.97216368
0.97216368
0.97216368
0.97216368
0.97216368
0.97216368
0.97216368
0.97216368
0.97216368
0.97216368
0.97216368
0.97216368
0.97216368
0.97216368
0.97216368
0.97216368
0.97216368
0.97216368
0.97216368
0.97216368
0.97216368
0.97216368
0.97216368
0.97216368
0.97216368
0.80588180
0.80656463
0.81959236
0.81972826
0.81978488
0.81992084
0.82002658
0.82010591
0.82011724
0.82007951
0.81983775
0.82013237
0.82008702
0.82011724
0.82032514
0.82043481
0.82061636
0.82067686
0.82080930
0.82088125
0.82089639
0.82084715
0.82075256
0.82073361
0.80712056
0.80924141
0.97216368
0.97216368
0.97216368
0.97216368
0.97216368
0.97216368
0.97216368
0.97216368
0.97216368
0.97216368
0.97216368
0.97216368
0.97216368
0.97216368
0.97216368
0.97216368
0.97216368
0.97216368
0.97216368
0.97216368
0.97216368
0.97216368
0.97216368
0.97216368
0.97216368
0.97216368
0.97216368
0.97216368
0.97216368
0.97216368
0.97216368
0.97216368
0.97216368
0.97216368
0.97216368
0.97216368
0.97216368
0.97216368
0.97216368
0.97216368
0.97216368
0.97216368
0.97216368
0.97216368
0.97216368
0.86431545
0.85441661
0.84879822
0.84451747
0.84136397
0.83899254
0.83696878
0.83535445
0.83410186
0.83314925
0.83241290
0.83198494
0.83184493
0.83196157
0.83239341
0.83316875
0.83430904
0.83579373
0.83770138
0.84024400
0.84348500
0.84767854
0.85381824
0.97216368
0.97216368
0.97216368
0.97216368
0.97216368
0.97216368
0.97216368
0.97216368
0.97216368
0.97216368
0.97216368
0.97216368
0.97216368
0.97216368
0.97216368
0.97216368
0.97216368
0.97216368
0.97216368
0.97216368
0.97216368
0.97216368
0.97216368
0.97216368
0.97216368
0.97216368
0.97216368
0.97216368
0.97216368
0.97216368
0.97216368
0.97216368
0.97216368
0.97216368
0.97216368
0.97216368
0.97216368
0.97216368
0.97216368
0.97216368
0.97216368
0.97216368
0.97216368
0.97216368
0.97216368
0.97216368
0.97216368
0.97216368
0.97216368
0.80600220
0.78778154
0.77336532
0.74671084
0.73390657
0.72068101
0.70994252
0.70223475
0.69843787
0.69755924
0.69972825
0.71838331
0.76779783
0.79711241
0.79627091
0.79480958
0.79264355
0.78991753
0.78722060
0.78539360
0.78442103
0.78421712
0.78481877
0.78655964
0.78853184
0.79011387
0.79126239
0.79206866
0.79225904
0.79197705
0.79130810
0.79015946
0.78910512
0.78810591
0.78734940
0.78673351
0.78641373
0.78612542
0.78583741
0.78557730
0.78532082
0.78524113
0.78526539
0.78552181
0.78606641
0.78692132
0.78910512
0.79304969
0.79777330
0.79945731
0.79955429
0.79893345
0.79771256
0.79582942
0.79352343
0.79064733
0.78760028
0.78497797
0.96734017
0.71388876
0.71390885
0.71395177
0.71398330
0.71399760
0.71399760
0.71399188
0.71398044
0.71396607
0.71395749
0.71396035
0.71396321
0.71401763
0.71395463
0.71388304
0.71382010
0.71376282
0.71369988
0.71363407
0.71356827
0.71351391
0.71348244
0.72167736
0.73228830
0.73748541
0.74221492
0.74610990
0.74879974
0.96734017
0.96734017
0.96734017
0.96734017
0.96734017
0.96734017
0.96734017
0.96734017
0.96734017
0.96734017
0.96734017
0.96734017
0.96734017
0.96734017
0.96734017
0.96734017
0.96734017
0.96734017
0.96734017
0.96734017
0.96734017
0.96734017
0.96734017
0.96734017
0.96734017
0.96734017
0.80260783
0.80228227
0.81529790
0.81569391
0.81585091
0.81601173
0.81613147
0.81620258
0.81620258
0.81614643
0.81569016
0.81617635
0.81612402
0.81582099
0.81637853
0.81641597
0.81657702
0.81667817
0.81680185
0.81688428
0.81690305
0.81683934
0.81674188
0.80312204
0.80445778
0.81656575
0.96734017
0.96734017
0.96734017
0.96734017
0.96734017
0.96734017
0.96734017
0.96734017
0.96734017
0.96734017
0.96734017
0.96734017
0.96734017
0.96734017
0.96734017
0.96734017
0.96734017
0.96734017
0.96734017
0.96734017
0.96734017
0.96734017
0.96734017
0.96734017
0.96734017
0.96734017
0.96734017
0.96734017
0.96734017
0.96734017
0.96734017
0.96734017
0.96734017
0.96734017
0.96734017
0.96734017
0.96734017
0.96734017
0.96734017
0.96734017
0.96734017
0.96734017
0.96734017
0.96734017
0.96734017
0.86603111
0.85622084
0.85059506
0.84630024
0.84313744
0.84074801
0.83870393
0.83708686
0.83582121
0.83486080
0.83414876
0.83373463
0.83361745
0.83374244
0.83419174
0.83500570
0.83613920
0.83762258
0.83957422
0.84214419
0.84535569
0.84964091
0.85589558
0.96734017
0.96734017
0.96734017
0.96734017
0.96734017
0.96734017
0.96734017
0.96734017
0.96734017
0.96734017
0.96734017
0.96734017
0.96734017
0.96734017
0.96734017
0.96734017
0.96734017
0.96734017
0.96734017
0.96734017
0.96734017
0.96734017
0.96734017
0.96734017
0.96734017
0.96734017
0.96734017
0.96734017
0.96734017
0.96734017
0.96734017
0.96734017
0.96734017
0.96734017
0.96734017
0.96734017
0.96734017
0.96734017
0.96734017
0.96734017
0.96734017
0.96734017
0.96734017
0.96734017
0.96734017
0.96734017
0.96734017
0.96734017
0.96734017
0.80479598
0.80359703
0.77426010
0.77114069
0.73425776
0.72258556
0.71038163
0.70110905
0.69614887
0.69429970
0.69475770
0.71500140
0.76733440
0.79871833
0.79800224
0.79657733
0.79446197
0.79172695
0.78908414
0.78711617
0.78608030
0.78546292
0.78584087
0.78696650
0.78877991
0.79039806
0.79189247
0.79273885
0.79306734
0.79284835
0.79216027
0.79113221
0.79001915
0.78897572
0.78823853
0.78766650
0.78722405
0.78691435
0.78660834
0.78636158
0.78635466
0.78635120
0.78660488
0.78717881
0.78799075
0.78909111
0.79154032
0.79588282
0.79953635
0.80068362
0.80067641
0.79991001
0.79847831
0.79643834
0.79396582
0.79101974
0.78791052
0.78538662
0.96255910
0.71304232
0.71305090
0.71307087
0.71309662
0.71311086
0.71312231
0.71311945
0.71311373
0.71310514
0.71309948
0.71309090
0.71307945
0.71308804
0.71311373
0.71302521
0.71294808
0.71288240
0.71281672
0.71274823
0.71268547
0.71263981
0.71264553
0.73121136
0.73593956
0.73924041
0.74140805
0.74354184
0.74782765
0.96255910
0.96255910
0.96255910
0.96255910
0.96255910
0.96255910
0.96255910
0.96255910
0.96255910
0.96255910
0.96255910
0.96255910
0.96255910
0.96255910
0.96255910
0.96255910
0.96255910
0.96255910
0.96255910
0.96255910
0.96255910
0.96255910
0.96255910
0.96255910
0.96255910
0.96255910
0.96255910
0.79809523
0.79916298
0.81175828
0.81192124
0.81208420
0.81221020
0.81228060
0.81226575
0.81220651
0.81170279
0.81221390
0.81223613
0.81196195
0.81238067
0.81208050
0.81263292
0.81273305
0.81284070
0.81289268
0.81288153
0.81280732
0.79905182
0.80070519
0.80789715
0.81692177
0.96255910
0.96255910
0.96255910
0.96255910
0.96255910
0.96255910
0.96255910
0.96255910
0.96255910
0.96255910
0.96255910
0.96255910
0.96255910
0.96255910
0.96255910
0.96255910
0.96255910
0.96255910
0.96255910
0.96255910
0.96255910
0.96255910
0.96255910
0.96255910
0.96255910
0.96255910
0.96255910
0.96255910
0.96255910
0.96255910
0.96255910
0.96255910
0.96255910
0.96255910
0.96255910
0.96255910
0.96255910
0.96255910
0.96255910
0.96255910
0.96255910
0.96255910
0.96255910
0.96255910
0.96255910
0.86794829
0.85785902
0.85235864
0.84801376
0.84492236
0.84251088
0.84048206
0.83883041
0.83755952
0.83659899
0.83590758
0.83548772
0.83537799
0.83551127
0.83601356
0.83680743
0.83798534
0.83947128
0.84147137
0.84401691
0.84724283
0.85157979
0.85796237
0.96255910
0.96255910
0.96255910
0.96255910
0.96255910
0.96255910
0.96255910
0.96255910
0.96255910
0.96255910
0.96255910
0.96255910
0.96255910
0.96255910
0.96255910
0.96255910
0.96255910
0.96255910
0.96255910
0.96255910
0.96255910
0.96255910
0.96255910
0.96255910
0.96255910
0.96255910
0.96255910
0.96255910
0.96255910
0.96255910
0.96255910
0.96255910
0.96255910
0.96255910
0.96255910
0.96255910
0.96255910
0.96255910
0.96255910
0.96255910
0.96255910
0.96255910
0.96255910
0.96255910
0.96255910
0.96255910
0.96255910
0.96255910
0.96255910
0.80315471
0.80277801
0.77383262
0.77173579
0.73559588
0.72447067
0.71159708
0.70049655
0.69403440
0.69138187
0.69083983
0.69325596
0.76734102
0.80028039
0.79974109
0.79833865
0.79628867
0.79354465
0.79097754
0.78891623
0.78768736
0.78687954
0.78693521
0.78767347
0.78907710
0.79070348
0.79233658
0.79336780
0.79387379
0.79382068
0.79309559
0.79213208
0.79103732
0.79000866
0.78921008
0.78861916
0.78810936
0.78783733
0.78756541
0.78753406
0.78753752
0.78771877
0.78842705
0.78917509
0.78996307
0.79139954
0.79393399
0.79802012
0.80106193
0.80195695
0.80183774
0.80081689
0.79920965
0.79701245
0.79432726
0.79130459
0.78828740
0.78592414
0.95782506
0.71222067
0.71220642
0.71220928
0.71222633
0.71223778
0.71224058
0.71224058
0.71223205
0.71222353
0.71221209
0.71220070
0.71219504
0.71217507
0.71216935
0.71213800
0.71205825
0.71198422
0.71192157
0.71185607
0.71180767
0.71178210
0.71181339
0.73219490
0.73436379
0.73652726
0.73869127
0.74125367
0.74801934
0.95782506
0.95782506
0.95782506
0.95782506
0.95782506
0.95782506
0.95782506
0.95782506
0.95782506
0.95782506
0.95782506
0.95782506
0.95782506
0.95782506
0.95782506
0.95782506
0.95782506
0.95782506
0.95782506
0.95782506
0.95782506
0.95782506
0.95782506
0.95782506
0.95782506
0.95782506
0.95782506
0.79963690
0.79428113
0.79499066
0.80795580
0.80812091
0.80824196
0.80830067
0.80830067
0.80824566
0.80790085
0.80817592
0.80804753
0.80787516
0.80830806
0.80784583
0.80866057
0.80876344
0.80884796
0.80886269
0.79502612
0.79536718
0.79937476
0.80360430
0.80896926
0.81751460
0.95782506
0.95782506
0.95782506
0.95782506
0.95782506
0.95782506
0.95782506
0.95782506
0.95782506
0.95782506
0.95782506
0.95782506
0.95782506
0.95782506
0.95782506
0.95782506
0.95782506
0.95782506
0.95782506
0.95782506
0.95782506
0.95782506
0.95782506
0.95782506
0.95782506
0.95782506
0.95782506
0.95782506
0.95782506
0.95782506
0.95782506
0.95782506
0.95782506
0.95782506
0.95782506
0.95782506
0.95782506
0.95782506
0.95782506
0.95782506
0.95782506
0.95782506
0.95782506
0.95782506
0.95782506
0.86989093
0.85955745
0.85408860
0.84976262
0.84671891
0.84429318
0.84228766
0.84060115
0.83931690
0.83834451
0.83766198
0.83725613
0.83714986
0.83730733
0.83782363
0.83863282
0.83981586
0.84134805
0.84339309
0.84591013
0.84919912
0.85358894
0.86002672
0.95782506
0.95782506
0.95782506
0.95782506
0.95782506
0.95782506
0.95782506
0.95782506
0.95782506
0.95782506
0.95782506
0.95782506
0.95782506
0.95782506
0.95782506
0.95782506
0.95782506
0.95782506
0.95782506
0.95782506
0.95782506
0.95782506
0.95782506
0.95782506
0.95782506
0.95782506
0.95782506
0.95782506
0.95782506
0.95782506
0.95782506
0.95782506
0.95782506
0.95782506
0.95782506
0.95782506
0.95782506
0.95782506
0.95782506
0.95782506
0.95782506
0.95782506
0.95782506
0.95782506
0.95782506
0.95782506
0.95782506
0.95782506
0.95782506
0.80279970
0.80096459
0.77495110
0.77277106
0.73635358
0.72487193
0.71363980
0.70111179
0.69246036
0.68888545
0.68748593
0.68852305
0.76766205
0.80167526
0.80149114
0.80013651
0.79804516
0.79547733
0.79291546
0.79078430
0.78928703
0.78844798
0.78815824
0.78862613
0.78956366
0.79107600
0.79271060
0.79399770
0.79466766
0.79467475
0.79410750
0.79321575
0.79211450
0.79104787
0.79025418
0.78960568
0.78919607
0.78891975
0.78877294
0.78874493
0.78895473
0.78969675
0.79044718
0.79143476
0.79235071
0.79374635
0.79648823
0.79969436
0.80244142
0.80321991
0.80293006
0.80166441
0.79984891
0.79760891
0.79471731
0.79161775
0.78877294
0.78659445
0.95313740
0.71141225
0.71136963
0.71137244
0.71136963
0.71137244
0.71137530
0.71137530
0.71136677
0.71135539
0.71135253
0.71135539
0.71134120
0.71129572
0.71126157
0.71125305
0.71117920
0.71109682
0.71102864
0.71098036
0.71094060
0.71095192
0.71099740
0.72951519
0.73167425
0.73384303
0.73602474
0.74086493
0.74813569
0.95313740
0.95313740
0.95313740
0.95313740
0.95313740
0.95313740
0.95313740
0.95313740
0.95313740
0.95313740
0.95313740
0.95313740
0.95313740
0.95313740
0.95313740
0.95313740
0.95313740
0.95313740
0.95313740
0.95313740
0.95313740
0.95313740
0.95313740
0.95313740
0.95313740
0.95313740
0.95313740
0.80228949
0.79549158
0.79104084
0.79056305
0.79131514
0.80422515
0.80429780
0.80431598
0.80428690
0.80423605
0.80421060
0.80386561
0.80410165
0.80434871
0.80462867
0.80469412
0.79100567
0.79088968
0.79167056
0.79426700
0.79707670
0.80062598
0.80481422
0.81005901
0.81812328
0.95313740
0.95313740
0.95313740
0.95313740
0.95313740
0.95313740
0.95313740
0.95313740
0.95313740
0.95313740
0.95313740
0.95313740
0.95313740
0.95313740
0.95313740
0.95313740
0.95313740
0.95313740
0.95313740
0.95313740
0.95313740
0.95313740
0.95313740
0.95313740
0.95313740
0.95313740
0.95313740
0.95313740
0.95313740
0.95313740
0.95313740
0.95313740
0.95313740
0.95313740
0.95313740
0.95313740
0.95313740
0.95313740
0.95313740
0.95313740
0.95313740
0.95313740
0.95313740
0.95313740
0.95313740
0.87122357
0.86133343
0.85583794
0.85155535
0.84847456
0.84606290
0.84407699
0.84242314
0.84109366
0.84012502
0.83945942
0.83911908
0.83900440
0.83916259
0.83970100
0.84050983
0.84167427
0.84324127
0.84525937
0.84782791
0.85113192
0.85555828
0.86212605
0.95313740
0.95313740
0.95313740
0.95313740
0.95313740
0.95313740
0.95313740
0.95313740
0.95313740
0.95313740
0.95313740
0.95313740
0.95313740
0.95313740
0.95313740
0.95313740
0.95313740
0.95313740
0.95313740
0.95313740
0.95313740
0.95313740
0.95313740
0.95313740
0.95313740
0.95313740
0.95313740
0.95313740
0.95313740
0.95313740
0.95313740
0.95313740
0.95313740
0.95313740
0.95313740
0.95313740
0.95313740
0.95313740
0.95313740
0.95313740
0.95313740
0.95313740
0.95313740
0.95313740
0.95313740
0.95313740
0.95313740
0.95313740
0.95313740
0.80336493
0.79758030
0.77629286
0.77426010
0.77220446
0.72513765
0.71486646
0.70249808
0.69165856
0.68665850
0.68445647
0.68429333
0.68803602
0.80302423
0.80324531
0.80190641
0.79987043
0.79747307
0.79493380
0.79265064
0.79090726
0.79002619
0.78955311
0.78959167
0.79020154
0.79156142
0.79308856
0.79450452
0.79537070
0.79550934
0.79508650
0.79430240
0.79319811
0.79209685
0.79129404
0.79059815
0.79028577
0.79002267
0.79001218
0.79011387
0.79086512
0.79192066
0.79292959
0.79381710
0.79475635
0.79613197
0.79856426
0.80152363
0.80377120
0.80458504
0.80392003
0.80257893
0.80060798
0.79822767
0.79513270
0.79195940
0.78927654
0.78730071
0.71077591
0.71061420
0.71056879
0.71054327
0.71053761
0.71053475
0.71053195
0.71053475
0.71052909
0.71052343
0.71051490
0.71051210
0.71049505
0.71046102
0.71041852
0.71037596
0.71034479
0.71024275
0.71016908
0.71012378
0.71010679
0.71012944
0.71022010
0.72693521
0.72908497
0.73126245
0.73418808
0.74079400
0.74822688
0.94850039
0.94850039
0.94850039
0.94850039
0.94850039
0.94850039
0.94850039
0.94850039
0.94850039
0.94850039
0.94850039
0.94850039
0.94850039
0.94850039
0.94850039
0.94850039
0.94850039
0.94850039
0.94850039
0.94850039
0.94850039
0.94850039
0.94850039
0.94850039
0.94850039
0.94850039
0.94850039
0.80520737
0.79776973
0.79375339
0.79144180
0.78808492
0.78706396
0.78684825
0.78693521
0.78702217
0.78709531
0.78704655
0.78702217
0.78694218
0.78691089
0.78720319
0.78798032
0.79001218
0.79121310
0.79298258
0.79540980
0.79845321
0.80193168
0.80600590
0.81115162
0.81879693
0.94850039
0.94850039
0.94850039
0.94850039
0.94850039
0.94850039
0.94850039
0.94850039
0.94850039
0.94850039
0.94850039
0.94850039
0.94850039
0.94850039
0.94850039
0.94850039
0.94850039
0.94850039
0.94850039
0.94850039
0.94850039
0.94850039
0.94850039
0.94850039
0.94850039
0.94850039
0.94850039
0.94850039
0.94850039
0.94850039
0.94850039
0.94850039
0.94850039
0.94850039
0.94850039
0.94850039
0.94850039
0.94850039
0.94850039
0.94850039
0.94850039
0.94850039
0.94850039
0.94850039
0.94850039
0.87293684
0.86312938
0.85760689
0.85333526
0.85025376
0.84783196
0.84582168
0.84418505
0.84288192
0.84194499
0.84130037
0.84092677
0.84083539
0.84102213
0.84153503
0.84234744
0.84355295
0.84509486
0.84712988
0.84973419
0.85302448
0.85751599
0.86436582
0.94850039
0.94850039
0.94850039
0.94850039
0.94850039
0.94850039
0.94850039
0.94850039
0.94850039
0.94850039
0.94850039
0.94850039
0.94850039
0.94850039
0.94850039
0.94850039
0.94850039
0.94850039
0.94850039
0.94850039
0.94850039
0.94850039
0.94850039
0.94850039
0.94850039
0.94850039
0.94850039
0.94850039
0.94850039
0.94850039
0.94850039
0.94850039
0.94850039
0.94850039
0.94850039
0.94850039
0.94850039
0.94850039
0.94850039
0.94850039
0.94850039
0.94850039
0.94850039
0.94850039
0.94850039
0.94850039
0.94850039
0.94850039
0.81546223
0.80276710
0.79746950
0.77753729
0.77551496
0.77271402
0.72660881
0.71569133
0.70454729
0.69309938
0.68484885
0.68178767
0.68053913
0.68182945
0.80417067
0.80467957
0.80368412
0.80179083
0.79947168
0.79697323
0.79453290
0.79262942
0.79147345
0.79085457
0.79072106
0.79114980
0.79209334
0.79356235
0.79489833
0.79607147
0.79636353
0.79602516
0.79537785
0.79425991
0.79313093
0.79228020
0.79162127
0.79130810
0.79126942
0.79136437
0.79188544
0.79302138
0.79442650
0.79536009
0.79618543
0.79717308
0.79851770
0.80069077
0.80384016
0.80541873
0.80566293
0.80481058
0.80334681
0.80131799
0.79889041
0.79582942
0.79252356
0.78982991
0.78807098
0.70993686
0.70982927
0.70977545
0.70974433
0.70973587
0.70973301
0.70973021
0.70973301
0.70972735
0.70972168
0.70970756
0.70969343
0.70967644
0.70964533
0.70959723
0.70954347
0.70949256
0.70941621
0.70934838
0.70930314
0.70929468
0.70933706
0.70947558
0.72443235
0.72657323
0.72878641
0.73395503
0.74076009
0.74837160
0.75698680
0.94390333
0.94390333
0.94390333
0.94390333
0.94390333
0.94390333
0.94390333
0.94390333
0.94390333
0.94390333
0.94390333
0.94390333
0.94390333
0.94390333
0.94390333
0.94390333
0.94390333
0.94390333
0.94390333
0.94390333
0.94390333
0.94390333
0.94390333
0.94390333
0.94390333
0.94390333
0.80856872
0.80014372
0.79580456
0.79340667
0.79119903
0.78949708
0.78831530
0.78757584
0.78716487
0.78695959
0.78696305
0.78709179
0.78735292
0.78797680
0.78888828
0.78994554
0.79119551
0.79265416
0.79452932
0.79698390
0.79984528
0.80322719
0.80721939
0.81230652
0.81950939
0.94390333
0.94390333
0.94390333
0.94390333
0.94390333
0.94390333
0.94390333
0.94390333
0.94390333
0.94390333
0.94390333
0.94390333
0.94390333
0.94390333
0.94390333
0.94390333
0.94390333
0.94390333
0.94390333
0.94390333
0.94390333
0.94390333
0.94390333
0.94390333
0.94390333
0.94390333
0.94390333
0.94390333
0.94390333
0.94390333
0.94390333
0.94390333
0.94390333
0.94390333
0.94390333
0.94390333
0.94390333
0.94390333
0.94390333
0.94390333
0.94390333
0.94390333
0.94390333
0.94390333
0.94390333
0.87515569
0.86483192
0.85938728
0.85515136
0.85202408
0.84961253
0.84759378
0.84597039
0.84468180
0.84372091
0.84308153
0.84270233
0.84262657
0.84286594
0.84335715
0.84417301
0.84539586
0.84696466
0.84901279
0.85161239
0.85496241
0.85946614
0.86654127
0.94390333
0.94390333
0.94390333
0.94390333
0.94390333
0.94390333
0.94390333
0.94390333
0.94390333
0.94390333
0.94390333
0.94390333
0.94390333
0.94390333
0.94390333
0.94390333
0.94390333
0.94390333
0.94390333
0.94390333
0.94390333
0.94390333
0.94390333
0.94390333
0.94390333
0.94390333
0.94390333
0.94390333
0.94390333
0.94390333
0.94390333
0.94390333
0.94390333
0.94390333
0.94390333
0.94390333
0.94390333
0.94390333
0.94390333
0.94390333
0.94390333
0.94390333
0.94390333
0.94390333
0.94390333
0.94390333
0.94390333
0.94390333
0.81750709
0.80441415
0.79442292
0.78146631
0.77405471
0.77112061
0.72648722
0.71558201
0.70559740
0.69459504
0.68364155
0.67957258
0.67765814
0.67736161
0.68059373
0.80612630
0.80543327
0.80372041
0.80147314
0.79893345
0.79644549
0.79441231
0.79306030
0.79236484
0.79202634
0.79210740
0.79275650
0.79406148
0.79541337
0.79672354
0.79717308
0.79696250
0.79618895
0.79520726
0.79412878
0.79319459
0.79253417
0.79229426
0.79243183
0.79294723
0.79402250
0.79547024
0.79686618
0.79777688
0.79862517
0.79956144
0.80086011
0.80314016
0.80590737
0.80694860
0.80665970
0.80564469
0.80405074
0.80198228
0.79945731
0.79643476
0.79331124
0.79065430
0.78890228
0.70915902
0.70906013
0.70899802
0.70897263
0.70896131
0.70896131
0.70896697
0.70896131
0.70895284
0.70894158
0.70891899
0.70889354
0.70887941
0.70883989
0.70878911
0.70872700
0.70866215
0.70861983
0.70856339
0.70851266
0.70851827
0.70855778
0.70882016
0.72199941
0.72414941
0.72719657
0.73382491
0.74078476
0.74853837
0.75692242
0.93935055
0.93935055
0.93935055
0.93935055
0.93935055
0.93935055
0.93935055
0.93935055
0.93935055
0.93935055
0.93935055
0.93935055
0.93935055
0.93935055
0.93935055
0.93935055
0.93935055
0.93935055
0.93935055
0.93935055
0.93935055
0.93935055
0.93935055
0.93935055
0.93935055
0.93935055
0.81322318
0.80271280
0.79810238
0.79541695
0.79314506
0.79137141
0.79011035
0.78929752
0.78876245
0.78851438
0.78847593
0.78863311
0.78899670
0.78959167
0.79042965
0.79146290
0.79272121
0.79417485
0.79606789
0.79844964
0.80126387
0.80451959
0.80847323
0.81340158
0.82027978
0.93935055
0.93935055
0.93935055
0.93935055
0.93935055
0.93935055
0.93935055
0.93935055
0.93935055
0.93935055
0.93935055
0.93935055
0.93935055
0.93935055
0.93935055
0.93935055
0.93935055
0.93935055
0.93935055
0.93935055
0.93935055
0.93935055
0.93935055
0.93935055
0.93935055
0.93935055
0.93935055
0.93935055
0.93935055
0.93935055
0.93935055
0.93935055
0.93935055
0.93935055
0.93935055
0.93935055
0.93935055
0.93935055
0.93935055
0.93935055
0.93935055
0.93935055
0.93935055
0.93935055
0.93935055
0.87716109
0.86674380
0.86103350
0.85692155
0.85381824
0.85141277
0.84939766
0.84776735
0.84648937
0.84552437
0.84487420
0.84450948
0.84444135
0.84468579
0.84518713
0.84601462
0.84725493
0.84883869
0.85090810
0.85351527
0.85693806
0.86150855
0.86873615
0.93935055
0.93935055
0.93935055
0.93935055
0.93935055
0.93935055
0.93935055
0.93935055
0.93935055
0.93935055
0.93935055
0.93935055
0.93935055
0.93935055
0.93935055
0.93935055
0.93935055
0.93935055
0.93935055
0.93935055
0.93935055
0.93935055
0.93935055
0.93935055
0.93935055
0.93935055
0.93935055
0.93935055
0.93935055
0.93935055
0.93935055
0.93935055
0.93935055
0.93935055
0.93935055
0.93935055
0.93935055
0.93935055
0.93935055
0.93935055
0.93935055
0.93935055
0.93935055
0.93935055
0.93935055
0.93935055
0.93935055
0.93935055
0.93935055
0.80513090
0.79543823
0.78071910
0.77229160
0.76915473
0.76560175
0.71644026
0.70660013
0.69572169
0.68489891
0.67756271
0.67492425
0.67358339
0.67507273
0.80732554
0.80710226
0.80567026
0.80348456
0.80093217
0.79839951
0.79628515
0.79475635
0.79398000
0.79357296
0.79352695
0.79372865
0.79466408
0.79597890
0.79744452
0.79798073
0.79780549
0.79699820
0.79610705
0.79502612
0.79411459
0.79350573
0.79345971
0.79367554
0.79468894
0.79636705
0.79789847
0.79919171
0.80024081
0.80109435
0.80206537
0.80338669
0.80574316
0.80773586
0.80808055
0.80756730
0.80637830
0.80467957
0.80257893
0.80004662
0.79705888
0.79404730
0.79146290
0.79008931
0.70841676
0.70830965
0.70825613
0.70823640
0.70822507
0.70822507
0.70822507
0.70821947
0.70820820
0.70819128
0.70816594
0.70813495
0.70810395
0.70806170
0.70801103
0.70795470
0.70788991
0.70783085
0.70780551
0.70777172
0.70776325
0.70780551
0.70830399
0.71962345
0.72176808
0.72698271
0.73370695
0.74089271
0.74874300
0.75695783
0.93484151
0.93484151
0.93484151
0.93484151
0.93484151
0.93484151
0.93484151
0.93484151
0.93484151
0.93484151
0.93484151
0.93484151
0.93484151
0.93484151
0.93484151
0.93484151
0.93484151
0.93484151
0.93484151
0.93484151
0.93484151
0.93484151
0.93484151
0.93484151
0.93484151
0.93484151
0.93484151
0.80542237
0.80037040
0.79747665
0.79506165
0.79329002
0.79194885
0.79105842
0.79047173
0.79018754
0.79012436
0.79025418
0.79062623
0.79117441
0.79197705
0.79300022
0.79423863
0.79570848
0.79760534
0.79989922
0.80265850
0.80585629
0.80973840
0.81454051
0.82122964
0.93484151
0.93484151
0.93484151
0.93484151
0.93484151
0.93484151
0.93484151
0.93484151
0.93484151
0.93484151
0.93484151
0.93484151
0.93484151
0.93484151
0.93484151
0.93484151
0.93484151
0.93484151
0.93484151
0.93484151
0.93484151
0.93484151
0.93484151
0.93484151
0.93484151
0.93484151
0.93484151
0.93484151
0.93484151
0.93484151
0.93484151
0.93484151
0.93484151
0.93484151
0.93484151
0.93484151
0.93484151
0.93484151
0.93484151
0.93484151
0.93484151
0.93484151
0.93484151
0.93484151
0.93484151
0.87912786
0.86867255
0.86291182
0.85859144
0.85556650
0.85321254
0.85121328
0.84956795
0.84828049
0.84733558
0.84665447
0.84632838
0.84624392
0.84649342
0.84702104
0.84793293
0.84912217
0.85074139
0.85282421
0.85545546
0.85890627
0.86355650
0.87090814
0.93484151
0.93484151
0.93484151
0.93484151
0.93484151
0.93484151
0.93484151
0.93484151
0.93484151
0.93484151
0.93484151
0.93484151
0.93484151
0.93484151
0.93484151
0.93484151
0.93484151
0.93484151
0.93484151
0.93484151
0.93484151
0.93484151
0.93484151
0.93484151
0.93484151
0.93484151
0.93484151
0.93484151
0.93484151
0.93484151
0.93484151
0.93484151
0.93484151
0.93484151
0.93484151
0.93484151
0.93484151
0.93484151
0.93484151
0.93484151
0.93484151
0.93484151
0.93484151
0.93484151
0.93484151
0.93484151
0.93484151
0.93484151
0.81959993
0.81465238
0.79810596
0.77994597
0.77729625
0.76588172
0.76362783
0.71630192
0.70665622
0.69673198
0.68649960
0.67656606
0.67262381
0.67063451
0.67047036
0.67549539
0.80846590
0.80753797
0.80544788
0.80294091
0.80039197
0.79813462
0.79642767
0.79561955
0.79519659
0.79494804
0.79491252
0.79544538
0.79671997
0.79816681
0.79869688
0.79846758
0.79775542
0.79696965
0.79597533
0.79519659
0.79460734
0.79463220
0.79537427
0.79675204
0.79836726
0.79998547
0.80145508
0.80264401
0.80357891
0.80470872
0.80633450
0.80825669
0.80922306
0.80911636
0.80844384
0.80709493
0.80524749
0.80315471
0.80064756
0.79768038
0.79473859
0.79236835
0.79129052
0.70768166
0.70758605
0.70755512
0.70754105
0.70753819
0.70754385
0.70755225
0.70753819
0.70752698
0.70749885
0.70747918
0.70744258
0.70738918
0.70734423
0.70728803
0.70722902
0.70717281
0.70711380
0.70706046
0.70706046
0.70705479
0.70707726
0.71518236
0.71729487
0.72021741
0.72680461
0.73370695
0.74107468
0.74896669
0.75698036
0.93038040
0.93038040
0.93038040
0.93038040
0.93038040
0.93038040
0.93038040
0.93038040
0.93038040
0.93038040
0.93038040
0.93038040
0.93038040
0.93038040
0.93038040
0.93038040
0.93038040
0.93038040
0.93038040
0.93038040
0.93038040
0.93038040
0.93038040
0.93038040
0.93038040
0.93038040
0.93038040
0.80836308
0.80261868
0.79952198
0.79699820
0.79518241
0.79377818
0.79281658
0.79221320
0.79187131
0.79177624
0.79189599
0.79223436
0.79274243
0.79354465
0.79454350
0.79577249
0.79725522
0.93038040
0.80137932
0.80404353
0.80721939
0.81102598
0.81584722
0.82229191
0.93038040
0.93038040
0.93038040
0.93038040
0.93038040
0.93038040
0.93038040
0.93038040
0.93038040
0.93038040
0.93038040
0.93038040
0.93038040
0.93038040
0.93038040
0.93038040
0.93038040
0.93038040
0.93038040
0.93038040
0.93038040
0.93038040
0.93038040
0.93038040
0.93038040
0.93038040
0.93038040
0.93038040
0.93038040
0.93038040
0.93038040
0.93038040
0.93038040
0.93038040
0.93038040
0.93038040
0.93038040
0.93038040
0.93038040
0.93038040
0.93038040
0.93038040
0.93038040
0.93038040
0.93038040
0.88109040
0.87046522
0.86476475
0.86043411
0.85733843
0.85501581
0.85302448
0.85138428
0.85009944
0.84913021
0.84845835
0.84813094
0.84806627
0.84831280
0.84889132
0.84980315
0.85102612
0.85264444
0.85474074
0.85735905
0.86085856
0.86565208
0.87306100
0.93038040
0.93038040
0.93038040
0.93038040
0.93038040
0.93038040
0.93038040
0.93038040
0.93038040
0.93038040
0.93038040
0.93038040
0.93038040
0.93038040
0.93038040
0.93038040
0.93038040
0.93038040
0.93038040
0.93038040
0.93038040
0.93038040
0.93038040
0.93038040
0.93038040
0.93038040
0.93038040
0.93038040
0.93038040
0.93038040
0.93038040
0.93038040
0.93038040
0.93038040
0.93038040
0.93038040
0.93038040
0.93038040
0.93038040
0.93038040
0.93038040
0.93038040
0.93038040
0.93038040
0.93038040
0.93038040
0.93038040
0.93038040
0.81892496
0.81330121
0.79771972
0.77801991
0.77498150
0.76358521
0.76167381
0.76209778
0.70651037
0.69763583
0.68714356
0.67706013
0.67063957
0.66802961
0.66727334
0.67101628
0.80981207
0.80920464
0.80739880
0.80495977
0.80239439
0.79991001
0.79812026
0.79725164
0.79671282
0.79623169
0.79603589
0.79638487
0.79755527
0.79888684
0.79941422
0.79912353
0.79845321
0.79771972
0.79707670
0.79632789
0.79579389
0.79591483
0.79683411
0.79852843
0.80025882
0.80188471
0.80349547
0.80483603
0.80607885
0.80753064
0.80895460
0.81012166
0.81036139
0.80992627
0.80905014
0.80775416
0.80597299
0.80403262
0.80148757
0.79825270
0.79543114
0.79344207
0.79291898
0.70694810
0.70690322
0.70688635
0.70689195
0.70689476
0.70690322
0.70691442
0.70691442
0.70689195
0.70685267
0.70682180
0.70677406
0.70672077
0.70666748
0.70663381
0.70660853
0.70656365
0.70651877
0.70645714
0.70640105
0.70639545
0.70640385
0.71288812
0.71501863
0.71986204
0.72670668
0.73383093
0.74133390
0.74923468
0.75709623
0.92595690
0.92595690
0.92595690
0.92595690
0.92595690
0.92595690
0.92595690
0.92595690
0.92595690
0.92595690
0.92595690
0.92595690
0.92595690
0.92595690
0.92595690
0.92595690
0.92595690
0.92595690
0.92595690
0.92595690
0.92595690
0.92595690
0.92595690
0.92595690
0.92595690
0.92595690
0.92595690
0.81118488
0.80489790
0.80157053
0.79899085
0.79708385
0.79564446
0.79459316
0.79391980
0.79353404
0.79340315
0.79351634
0.79382777
0.79433078
0.66184485
0.66172183
0.66173166
0.66176367
0.66176856
0.66173661
0.66171938
0.66163820
0.66159147
0.66154230
0.82336068
0.83574665
0.92595690
0.92595690
0.92595690
0.92595690
0.92595690
0.92595690
0.92595690
0.92595690
0.92595690
0.92595690
0.92595690
0.92595690
0.92595690
0.92595690
0.92595690
0.92595690
0.92595690
0.92595690
0.92595690
0.92595690
0.92595690
0.92595690
0.92595690
0.92595690
0.92595690
0.92595690
0.92595690
0.92595690
0.92595690
0.92595690
0.92595690
0.92595690
0.92595690
0.92595690
0.92595690
0.92595690
0.92595690
0.92595690
0.92595690
0.92595690
0.92595690
0.92595690
0.92595690
0.92595690
0.88276398
0.87223536
0.86654127
0.86231405
0.85913014
0.85681432
0.85483104
0.85321665
0.85193849
0.85092849
0.85026187
0.84996140
0.84990460
0.85016036
0.85074139
0.85164905
0.85288548
0.85451090
0.85655868
0.85929185
0.86286581
0.86775362
0.87527192
0.92595690
0.92595690
0.92595690
0.92595690
0.92595690
0.92595690
0.92595690
0.92595690
0.92595690
0.92595690
0.92595690
0.92595690
0.92595690
0.92595690
0.92595690
0.92595690
0.92595690
0.92595690
0.92595690
0.92595690
0.92595690
0.92595690
0.92595690
0.92595690
0.92595690
0.92595690
0.92595690
0.92595690
0.92595690
0.92595690
0.92595690
0.92595690
0.92595690
0.92595690
0.92595690
0.92595690
0.92595690
0.92595690
0.92595690
0.92595690
0.92595690
0.92595690
0.92595690
0.92595690
0.92595690
0.92595690
0.92595690
0.92595690
0.81873286
0.81163245
0.79591841
0.77669930
0.77119076
0.76190203
0.75856102
0.76095420
0.70670390
0.69822145
0.68802536
0.67890650
0.66983956
0.66592532
0.66446364
0.66313440
0.66399771
0.67290860
0.80920464
0.80699611
0.80441052
0.80184859
0.79982376
0.79883307
0.79812747
0.79752314
0.79725522
0.79744095
0.79833508
0.79960817
0.80013293
0.79979861
0.79931015
0.79870403
0.79810238
0.79746240
0.79699820
0.79730880
0.79845321
0.80019766
0.80209428
0.80378938
0.80541503
0.80697417
0.80839247
0.80978996
0.81093729
0.81144375
0.81127733
0.81060493
0.80965370
0.80833375
0.80676574
0.80487245
0.80237633
0.79934245
0.79646331
0.79456127
0.79467833
0.70625812
0.70627213
0.70629454
0.70630574
0.70631415
0.70632535
0.70633096
0.70631975
0.70629174
0.70628333
0.70625252
0.70620763
0.70618522
0.70617682
0.70617962
0.70616001
0.70613199
0.70609003
0.70604801
0.70593041
0.70590520
0.70577365
0.71061420
0.71315086
0.71963507
0.72671264
0.73401248
0.74167371
0.74948072
0.75720900
0.76478601
0.92157519
0.92157519
0.92157519
0.92157519
0.92157519
0.92157519
0.92157519
0.92157519
0.92157519
0.92157519
0.92157519
0.92157519
0.92157519
0.92157519
0.92157519
0.92157519
0.92157519
0.92157519
0.92157519
0.92157519
0.92157519
0.92157519
0.92157519
0.92157519
0.92157519
0.92157519
0.81418657
0.80723399
0.80364054
0.80095381
0.79895854
0.79746592
0.79639202
0.79564446
0.79521435
0.79505455
0.79512554
0.79543471
0.66263819
0.66274673
0.66282076
0.66288745
0.66293186
0.66295409
0.66296148
0.66292942
0.66287261
0.66277635
0.66266042
0.66253954
0.66243845
0.66235214
0.66227579
0.66221172
0.66215259
0.66209596
0.66202700
0.66194820
0.66186702
0.66176611
0.66167998
0.66163820
0.92157519
0.92157519
0.92157519
0.92157519
0.92157519
0.92157519
0.92157519
0.92157519
0.92157519
0.92157519
0.92157519
0.92157519
0.92157519
0.92157519
0.92157519
0.92157519
0.92157519
0.92157519
0.92157519
0.92157519
0.92157519
0.92157519
0.92157519
0.92157519
0.92157519
0.92157519
0.92157519
0.92157519
0.92157519
0.92157519
0.92157519
0.92157519
0.92157519
0.88451856
0.87405133
0.86835474
0.86411405
0.86095017
0.85859144
0.85663700
0.85507739
0.85378957
0.85275471
0.85205263
0.85176319
0.85176319
0.85202408
0.85259134
0.85349071
0.85472840
0.85636085
0.85850859
0.86125427
0.86482775
0.86975491
0.87759787
0.92157519
0.92157519
0.92157519
0.92157519
0.92157519
0.92157519
0.92157519
0.92157519
0.92157519
0.92157519
0.92157519
0.92157519
0.92157519
0.92157519
0.92157519
0.92157519
0.92157519
0.92157519
0.92157519
0.92157519
0.92157519
0.92157519
0.92157519
0.92157519
0.92157519
0.92157519
0.92157519
0.92157519
0.92157519
0.92157519
0.92157519
0.92157519
0.92157519
0.92157519
0.92157519
0.92157519
0.92157519
0.92157519
0.92157519
0.92157519
0.92157519
0.92157519
0.92157519
0.92157519
0.92157519
0.92157519
0.92157519
0.92157519
0.82099104
0.81113684
0.79434496
0.77658409
0.76902515
0.76405722
0.75588423
0.75913364
0.70638424
0.69773149
0.68909878
0.67941177
0.67016745
0.66473413
0.66242611
0.66136533
0.66117126
0.66206884
0.66678846
0.67163914
0.67509061
0.80388373
0.80183053
0.80058998
0.79975188
0.79906255
0.79848903
0.79854637
0.79912353
0.80019766
0.80092496
0.80074120
0.80027682
0.79972315
0.79914147
0.79867536
0.79835653
0.79882950
0.80012935
0.80187386
0.80377847
0.80568850
0.80728161
0.80885166
0.81042778
0.81164354
0.81233990
0.81236213
0.81192863
0.81115162
0.81025070
0.80888838
0.80742806
0.80551344
0.80308580
0.80020487
0.79749095
0.79595041
0.79631722
0.70569533
0.70573449
0.70577085
0.70579606
0.70581001
0.70581561
0.70582122
0.70583522
0.70582402
0.70582122
0.70579046
0.70575964
0.70575124
0.70575964
0.70575964
0.70574844
0.70572889
0.70569807
0.70567852
0.70560861
0.70543522
0.70535976
0.70848727
0.71245444
0.71959144
0.72678089
0.73423052
0.74192411
0.74973327
0.75729275
0.76475972
0.91723478
0.91723478
0.91723478
0.91723478
0.91723478
0.91723478
0.91723478
0.91723478
0.91723478
0.91723478
0.91723478
0.91723955
0.91723955
0.91723955
0.91723955
0.91723955
0.91723955
0.91723955
0.91723955
0.91723955
0.91723955
0.91723955
0.91723955
0.91723955
0.91723955
0.91723955
0.81747705
0.80971628
0.80569577
0.80296266
0.80086368
0.79931372
0.79819542
0.79739809
0.79691255
0.79671639
0.79675919
0.79706603
0.66401750
0.66406953
0.66412896
0.66417855
0.66421819
0.66423553
0.66423804
0.66423059
0.66419590
0.66412652
0.66401750
0.66389614
0.66377980
0.66368574
0.66360658
0.66353732
0.66347301
0.66341120
0.66334444
0.66327029
0.66321594
0.66313684
0.66306770
0.66309732
0.91723478
0.91723478
0.91723478
0.91723478
0.91723478
0.91723478
0.91723478
0.91723478
0.91723478
0.91723478
0.91723955
0.91723955
0.91723955
0.91723478
0.91723478
0.91723478
0.91723478
0.91723478
0.91723478
0.91723478
0.91723478
0.91723478
0.91723955
0.91723955
0.91723955
0.91723955
0.91723478
0.91723955
0.91723955
0.91723955
0.91723478
0.91723478
0.91723478
0.88643467
0.87588346
0.87024820
0.86589211
0.86278212
0.86041331
0.85846305
0.85687202
0.85561997
0.85459298
0.85391653
0.85360944
0.85360944
0.85389608
0.85449451
0.85534447
0.85659164
0.85825193
0.86041331
0.86320055
0.86681974
0.87173980
0.87982309
0.91723478
0.91723478
0.91723478
0.91723478
0.91723478
0.91723478
0.91723478
0.91723478
0.91723478
0.91723478
0.91723478
0.91723478
0.91723478
0.91723478
0.91723478
0.91723478
0.91723478
0.91723478
0.91723478
0.91723478
0.91723478
0.91723478
0.91723478
0.91723478
0.91723478
0.91723478
0.91723478
0.91723478
0.91723478
0.91723478
0.91723478
0.91723478
0.91723478
0.91723478
0.91723478
0.91723478
0.91723478
0.91723478
0.91723478
0.91723478
0.91723478
0.91723478
0.91723478
0.91723478
0.91723478
0.91723478
0.91723478
0.91723478
0.82186288
0.81074154
0.80345559
0.77833629
0.76741385
0.76193464
0.75268155
0.75121087
0.75861275
0.69767958
0.69032812
0.67983735
0.67147952
0.66447854
0.66181535
0.66054559
0.65982819
0.65969861
0.66015857
0.66390854
0.66832811
0.67101628
0.67148459
0.67157578
0.80138290
0.80062234
0.65851736
0.65744478
0.65693039
0.65656447
0.65646768
0.65646279
0.65645552
0.65644830
0.65668803
0.65699828
0.65700799
0.65692794
0.65676796
0.65661049
0.65645069
0.65629339
0.65613371
0.65601283
0.65598381
0.65612888
0.65635389
0.65657663
0.65679950
0.65695465
0.65701771
0.65661049
0.65639502
0.65634662
0.65639502
0.65648460
0.65639502
0.65623534
0.65633452
0.70524514
0.70528984
0.70533460
0.70536810
0.70538491
0.70537651
0.70539325
0.70542681
0.70545477
0.70544916
0.70543802
0.70542121
0.70541006
0.70540166
0.70539886
0.70540446
0.70541841
0.70542961
0.70543242
0.70543802
0.70542681
0.70539886
0.70647955
0.71257418
0.71964961
0.72693223
0.73450923
0.74218088
0.74995440
0.75740874
0.76474655
0.91293979
0.91293979
0.91293979
0.91293979
0.91293979
0.91293979
0.91293979
0.91293979
0.91293979
0.91293979
0.91293979
0.91293979
0.91293979
0.91293979
0.91293979
0.91293979
0.91293979
0.91293979
0.91293979
0.91293979
0.91293979
0.91293979
0.91293979
0.91293979
0.91293979
0.91293979
0.82099485
0.81212497
0.80768818
0.80502898
0.80280334
0.80118811
0.79999626
0.79915226
0.79862517
0.79838878
0.79840308
0.79868609
0.66538268
0.66541499
0.66546476
0.66549712
0.66552198
0.66554689
0.66556680
0.66557425
0.66555184
0.66550457
0.66538763
0.66526079
0.66512161
0.66502720
0.66493773
0.66487318
0.66481107
0.66473663
0.66467953
0.66463238
0.66458029
0.66451824
0.66445869
0.66444385
0.91293979
0.91293979
0.91293979
0.91293979
0.91293979
0.91293979
0.91293979
0.91293979
0.91293979
0.91293979
0.91293979
0.91293979
0.91293979
0.91293979
0.91293979
0.91293979
0.91293979
0.91293979
0.91293979
0.91293979
0.91293979
0.91293979
0.91293979
0.91293979
0.91293979
0.91293979
0.91293979
0.91293979
0.91293979
0.91293979
0.91293979
0.91293979
0.91293979
0.88823938
0.87763679
0.87203878
0.86769867
0.86463034
0.86227643
0.86032599
0.85870326
0.85738796
0.85639799
0.85578448
0.85546780
0.85542256
0.85571456
0.85631555
0.85719806
0.85847962
0.86016387
0.86239755
0.86516821
0.86882097
0.87377673
0.88213837
0.91293979
0.91293979
0.91293979
0.91293979
0.91293979
0.91293979
0.91293979
0.91293979
0.91293979
0.91293979
0.91293979
0.91293979
0.91293979
0.91293979
0.91293979
0.91293979
0.91293979
0.91293979
0.91293979
0.91293979
0.91293979
0.91293979
0.91293979
0.91293979
0.91293979
0.91293979
0.91293979
0.91293979
0.91293979
0.91293979
0.91293979
0.91293979
0.91293979
0.91293979
0.91293979
0.91293979
0.91293979
0.91293979
0.91293979
0.91293979
0.91293979
0.91293979
0.91293979
0.91293979
0.91293979
0.91293979
0.91293979
0.91293979
0.82214379
0.81574249
0.80017251
0.78324747
0.76748991
0.75998932
0.75182956
0.74786848
0.75721222
0.69769597
0.69022101
0.68162841
0.67248917
0.66496259
0.66201961
0.65994316
0.65886104
0.65825921
0.65787482
0.65732098
0.65715349
0.65680432
0.65649670
0.65593785
0.65556103
0.65519905
0.65484476
0.65460151
0.65443784
0.65430313
0.65419495
0.65408677
0.65397865
0.65388012
0.65379846
0.65377206
0.65378648
0.65371686
0.65359443
0.65347445
0.65335453
0.65324664
0.65323222
0.65324903
0.65327060
0.65329456
0.65331614
0.65333772
0.65336174
0.65337849
0.65338087
0.65335214
0.65330654
0.65325862
0.65321064
0.65317470
0.65315557
0.65313637
0.65311718
0.70604801
0.70607042
0.70607883
0.70609003
0.70609564
0.70609838
0.70609838
0.70609838
0.70609283
0.70610958
0.70613199
0.70617121
0.70623851
0.70631975
0.70640665
0.70650196
0.70655525
0.70658332
0.70660573
0.70661134
0.70661414
0.70664221
0.70706886
0.71278822
0.71977764
0.72714603
0.73477906
0.74243468
0.75017875
0.75749576
0.76475972
0.90868014
0.90868014
0.90868014
0.90868014
0.90868014
0.90868014
0.90868014
0.90868014
0.90868014
0.90868014
0.90868014
0.90868014
0.90868014
0.90868014
0.90868014
0.90868014
0.90868014
0.90868014
0.90868014
0.90868014
0.90868014
0.90868014
0.90868014
0.90868014
0.90868014
0.90868014
0.82648790
0.81458896
0.80990416
0.80711323
0.80479968
0.80306047
0.80183053
0.80093217
0.80036676
0.80007178
0.80006462
0.80031282
0.66674346
0.66675097
0.66673100
0.66671848
0.66669601
0.66666609
0.66665858
0.66664112
0.66659617
0.66653627
0.66648138
0.66644144
0.66637903
0.66630423
0.66623688
0.66617453
0.66611719
0.66605490
0.66600758
0.66596520
0.66593277
0.66589296
0.66585559
0.66581571
0.67519563
0.90868014
0.90868014
0.90868014
0.90868014
0.90868014
0.90868014
0.90868014
0.90868014
0.90868014
0.90868014
0.90868014
0.90868014
0.90868014
0.90868014
0.90868014
0.90868014
0.90868014
0.90868014
0.90868014
0.90868014
0.90868014
0.90868014
0.90868014
0.90868014
0.90868014
0.90868014
0.90868014
0.90868014
0.90868014
0.90868014
0.90868014
0.90868014
0.90868014
0.87943625
0.87379390
0.86948299
0.86646110
0.86412662
0.86215532
0.86054230
0.85918820
0.85816509
0.85761100
0.85728061
0.85725582
0.85757387
0.85817748
0.85910112
0.86040086
0.86210102
0.86434901
0.86712378
0.87083143
0.87586194
0.88454932
0.90868014
0.90868014
0.90868014
0.90868014
0.90868014
0.90868014
0.90868014
0.90868014
0.90868014
0.90868014
0.90868014
0.90868014
0.90868014
0.90868014
0.90868014
0.90868014
0.90868014
0.90868014
0.90868014
0.90868014
0.90868014
0.90868014
0.90868014
0.90868014
0.90868014
0.90868014
0.90868014
0.90868014
0.90868014
0.90868014
0.90868014
0.90868014
0.90868014
0.90868014
0.90868014
0.90868014
0.90868014
0.90868014
0.90868014
0.90868014
0.90868014
0.90868014
0.90868014
0.90868014
0.90868014
0.90868014
0.90868014
0.90868014
0.82824147
0.81683558
0.79858935
0.78337848
0.77782953
0.75842530
0.75665212
0.74495459
0.74472082
0.69912362
0.69015950
0.68298054
0.67263401
0.66602999
0.66255683
0.65984774
0.65812540
0.65721416
0.65647978
0.65580255
0.65530759
0.65482545
0.65458226
0.65433925
0.65409881
0.65385610
0.65369046
0.65353686
0.65338570
0.65323704
0.65308845
0.65293753
0.65278906
0.65264064
0.65250671
0.65242535
0.65235364
0.65228194
0.65220785
0.65213615
0.65206450
0.65199047
0.65194744
0.65197134
0.65199524
0.65202147
0.65204537
0.65207165
0.65209556
0.65211946
0.65214330
0.65211463
0.65209317
0.65207165
0.65205014
0.65202868
0.65200716
0.65198565
0.65196419
0.70744544
0.70746511
0.70748758
0.70750165
0.70751011
0.70751572
0.70751852
0.70751852
0.70752418
0.70753819
0.70756072
0.70760292
0.70766759
0.70773792
0.70781392
0.70787585
0.70792651
0.70794344
0.70796031
0.70797437
0.70798564
0.70801944
0.70821100
0.71301091
0.71994650
0.72737187
0.73504305
0.74273831
0.75038749
0.75758928
0.76476955
0.90446007
0.90446007
0.90446007
0.90446007
0.90446007
0.90446007
0.90446007
0.90446007
0.90446007
0.90446007
0.90446007
0.90446007
0.90446007
0.90446007
0.90446007
0.90446007
0.90446007
0.90446007
0.90446007
0.90446007
0.90446007
0.90446007
0.90446007
0.90446007
0.90446007
0.90446007
0.90446007
0.81721807
0.81218421
0.80917156
0.80675840
0.80494887
0.80364782
0.80271280
0.80212319
0.80177999
0.80174387
0.80195695
0.66596520
0.66606486
0.66612470
0.66614711
0.66615713
0.66613716
0.66611969
0.66609478
0.66605240
0.66601253
0.66599262
0.66597766
0.66598016
0.66597015
0.66592783
0.66591537
0.66589546
0.66587800
0.66584313
0.66580576
0.66576838
0.66572112
0.66566384
0.66562897
0.69541723
0.69854748
0.90446007
0.90446007
0.90446007
0.90446007
0.90446007
0.90446007
0.90446007
0.90446007
0.90446007
0.90446007
0.90446007
0.90446007
0.90446007
0.90446007
0.90446007
0.90446007
0.90446007
0.90446007
0.90446007
0.90446007
0.90446007
0.90446007
0.90446007
0.90446007
0.90446007
0.90446007
0.90446007
0.90446007
0.90446007
0.90446007
0.90446007
0.90446007
0.88135654
0.87556034
0.87132591
0.86829120
0.86598057
0.86399239
0.86236000
0.86099601
0.86000180
0.85943711
0.85913014
0.85914254
0.85944957
0.86006826
0.86101264
0.86231405
0.86404693
0.86627138
0.86909670
0.87283838
0.87803072
0.90446007
0.90446007
0.90446007
0.90446007
0.90446007
0.90446007
0.90446007
0.90446007
0.90446007
0.90446007
0.90446007
0.90446007
0.90446007
0.90446007
0.90446007
0.90446007
0.90446007
0.90446007
0.90446007
0.90446007
0.90446007
0.90446007
0.90446007
0.90446007
0.90446007
0.90446007
0.90446007
0.90446007
0.90446007
0.90446007
0.90446007
0.90446007
0.90446007
0.90446007
0.90446007
0.90446007
0.90446007
0.90446007
0.90446007
0.90446007
0.90446007
0.90446007
0.90446007
0.90446007
0.90446007
0.90446007
0.90446007
0.90446007
0.90446007
0.82646871
0.82706773
0.80101866
0.79059112
0.77674335
0.75914979
0.75474966
0.74292737
0.74116105
0.75490010
0.69016218
0.68279713
0.67360890
0.66682088
0.66343594
0.66040593
0.65804511
0.65701282
0.65607810
0.65526658
0.65479416
0.65436566
0.65410358
0.65388972
0.65367842
0.65348166
0.65330416
0.65313637
0.65300459
0.65287048
0.65273881
0.65262389
0.65250909
0.65239191
0.65227717
0.65216005
0.65204298
0.65192598
0.65183765
0.65177560
0.65172786
0.65167773
0.65162766
0.65161574
0.65163004
0.65165865
0.65168971
0.65172070
0.65175170
0.65177083
0.65177083
0.65174693
0.65172547
0.65170163
0.65168256
0.65167296
0.65161097
0.65160382
0.65160143
0.70894158
0.70891613
0.70892459
0.70894438
0.70895284
0.70895851
0.70896417
0.70896977
0.70897824
0.70898956
0.70901495
0.70905453
0.70910537
0.70916468
0.70922405
0.70926923
0.70930600
0.70932293
0.70934272
0.70937097
0.70939928
0.70945579
0.70955759
0.71323943
0.72015619
0.72763056
0.73534369
0.74302971
0.75051725
0.75763762
0.76480895
0.77247590
0.90028358
0.90028358
0.90028358
0.90028358
0.90028358
0.90028358
0.90028358
0.90028358
0.90028358
0.90028358
0.90028358
0.90028358
0.90028358
0.90028358
0.90028358
0.90028358
0.90028358
0.90028358
0.90028358
0.90028358
0.90028358
0.90028358
0.90028358
0.90028358
0.90028358
0.90028358
0.82003415
0.81452191
0.81130320
0.80874872
0.80686444
0.80549890
0.80450505
0.80385834
0.80348456
0.80344105
0.80360430
0.66503215
0.66511911
0.66519123
0.66524589
0.66526580
0.66526079
0.66525334
0.66524339
0.66520864
0.66518623
0.66516882
0.66518873
0.66518128
0.66521108
0.66518372
0.66517133
0.66513157
0.66507441
0.66504210
0.66500485
0.66496509
0.66492039
0.66488314
0.66487068
0.69438910
0.69680834
0.90028358
0.90028358
0.90028358
0.90028358
0.90028358
0.90028358
0.90028358
0.90028358
0.90028358
0.90028358
0.90028358
0.90028358
0.90028358
0.90028358
0.90028358
0.90028358
0.90028358
0.90028358
0.90028358
0.90028358
0.90028358
0.90028358
0.90028358
0.90028358
0.90028358
0.90028358
0.90028358
0.90028358
0.90028358
0.90027905
0.90027905
0.90027905
0.90028358
0.87741613
0.87319809
0.87011629
0.86778325
0.86577839
0.86413080
0.86280304
0.86186725
0.86129177
0.86101264
0.86100429
0.86133760
0.86196327
0.86290342
0.86425251
0.86598897
0.86821496
0.87107861
0.87485462
0.88044977
0.90028358
0.90028358
0.90028358
0.90028358
0.90028358
0.90028358
0.90028358
0.90028358
0.90028358
0.90028358
0.90028358
0.90028358
0.90028358
0.90027905
0.90027905
0.90028358
0.90028358
0.90028358
0.90028358
0.90028358
0.90028358
0.90028358
0.90028358
0.90028358
0.90028358
0.90028358
0.90028358
0.90028358
0.90028358
0.90028358
0.90028358
0.90028358
0.90028358
0.90028358
0.90028358
0.90028358
0.90028358
0.90028358
0.90028358
0.90028358
0.90028358
0.90028358
0.90028358
0.90028358
0.90028358
0.90028358
0.90028358
0.90028358
0.90028358
0.82501692
0.82475317
0.80469048
0.78930807
0.79012436
0.77275425
0.75297129
0.74256480
0.73815215
0.75488728
0.69063878
0.68330824
0.67595458
0.66727084
0.66380209
0.66132110
0.65894151
0.65763420
0.65658873
0.65584606
0.65528589
0.65484959
0.65468818
0.65449560
0.65430558
0.65413964
0.65399784
0.65385610
0.65371203
0.65357280
0.65343368
0.65329456
0.65315795
0.65303570
0.65291357
0.65280581
0.65272683
0.65264785
0.65257126
0.65251148
0.65245408
0.65239668
0.65234166
0.65229148
0.65228671
0.65227956
0.65227473
0.65226996
0.65224129
0.65221024
0.65217918
0.65214568
0.65211463
0.65208358
0.65205252
0.65207165
0.65210748
0.65213853
0.65216959
0.71051210
0.71044117
0.71042132
0.71041852
0.71042132
0.71042418
0.71042985
0.71043837
0.71045256
0.71047240
0.71049505
0.71052629
0.71056879
0.71060854
0.71064538
0.71067947
0.71071351
0.71074188
0.71077025
0.71081001
0.71085823
0.71093494
0.71103430
0.71339953
0.72037774
0.72792810
0.73565060
0.74325621
0.75057101
0.75764728
0.76478267
0.77239883
0.89614099
0.89614099
0.89614099
0.89614099
0.89614099
0.89614099
0.89614099
0.89614099
0.89614099
0.89614099
0.89614099
0.89614099
0.89614099
0.89614099
0.89614099
0.89614099
0.89614099
0.89614099
0.89614099
0.89614099
0.89614099
0.89614099
0.89614099
0.89614099
0.89614099
0.89614099
0.82304472
0.81686932
0.81343502
0.81078589
0.80881119
0.80737680
0.80632716
0.80560464
0.80520737
0.80510539
0.80526203
0.66416121
0.66422313
0.66427523
0.66432977
0.66435206
0.66435456
0.66435701
0.66435701
0.66433471
0.66434711
0.66432232
0.66434216
0.66436696
0.66436201
0.66442895
0.66435951
0.66433722
0.66428763
0.66424793
0.66421080
0.66417360
0.66413397
0.66412401
0.66413891
0.69173384
0.69422388
0.89614099
0.89614099
0.89614099
0.89614099
0.89614099
0.89614099
0.89614099
0.89614099
0.89614099
0.89614099
0.89614099
0.89614099
0.89614099
0.89614099
0.89614099
0.89614099
0.89614099
0.89614099
0.89614099
0.89614099
0.89614099
0.89614099
0.89614099
0.89614099
0.89614099
0.89614099
0.89614099
0.89614099
0.89614099
0.89614099
0.89614099
0.89614099
0.89614099
0.89614099
0.87516004
0.87197042
0.86957645
0.86754221
0.86592162
0.86463869
0.86374086
0.86319214
0.86288673
0.86289090
0.86323404
0.86386663
0.86483192
0.86619550
0.86793983
0.87018859
0.87308240
0.87717837
0.89614099
0.89614099
0.89614099
0.89614099
0.89614099
0.89614099
0.89614099
0.89614099
0.89614099
0.89614099
0.89614099
0.89614099
0.89614099
0.89614099
0.89614099
0.89614099
0.89614099
0.89614099
0.89614099
0.89614099
0.89614099
0.89614099
0.89614099
0.89614099
0.89614099
0.89614099
0.89614099
0.89614099
0.89614099
0.89614099
0.89614099
0.89614099
0.89614099
0.89614099
0.89614099
0.89614099
0.89614099
0.89614099
0.89614099
0.89614099
0.89614099
0.89614099
0.89614099
0.89614099
0.89614099
0.89614099
0.89614099
0.89614099
0.89614099
0.89614099
0.82450485
0.82201087
0.80137569
0.78850734
0.78393739
0.76907164
0.75203288
0.74377173
0.73540747
0.73793489
0.75111258
0.68287313
0.67538261
0.66774392
0.66395807
0.66175383
0.65990645
0.65881962
0.65796727
0.65726513
0.65662265
0.65627885
0.65608537
0.65591609
0.65574455
0.65557551
0.65540653
0.65524733
0.65510499
0.65496522
0.65487605
0.65478933
0.65470266
0.65461355
0.65452689
0.65443546
0.65433681
0.65424061
0.65414447
0.65404832
0.65396899
0.65389454
0.65382248
0.65374804
0.65367603
0.65360403
0.65352964
0.65344083
0.65339768
0.65338331
0.65336889
0.65335453
0.65334010
0.65332335
0.65330893
0.65329456
0.65327299
0.65325141
0.65324181
0.89203632
0.71198988
0.71193582
0.71191305
0.71190733
0.71190161
0.71191305
0.71192724
0.71194720
0.71196997
0.71199560
0.71202123
0.71204114
0.71207535
0.71209246
0.71211523
0.71214944
0.71218359
0.71222633
0.71227765
0.71234322
0.71242017
0.71251714
0.71351963
0.72049141
0.72818124
0.73594868
0.74339277
0.75056469
0.75767308
0.76481557
0.77235192
0.89203632
0.89203632
0.89203632
0.89203632
0.89203632
0.89203632
0.89203632
0.89203632
0.89203632
0.89203632
0.89203632
0.89203632
0.89203632
0.89203632
0.89203632
0.89203632
0.89203632
0.89203632
0.89203632
0.89203632
0.89203632
0.89203632
0.89203632
0.89203632
0.89203632
0.89203632
0.82639194
0.81926417
0.81560045
0.81285924
0.81076741
0.80927819
0.80817223
0.80736947
0.80695224
0.80680960
0.80693394
0.66333699
0.66335678
0.66339880
0.66344583
0.66345322
0.66346312
0.66347545
0.66348785
0.66350764
0.66351503
0.66349775
0.66352248
0.66356701
0.66352987
0.66356450
0.66360408
0.66354966
0.66351008
0.66349030
0.66343838
0.66339141
0.66336918
0.66337901
0.66343343
0.68893343
0.69151616
0.89203632
0.89203632
0.89203632
0.89203632
0.89203632
0.89203632
0.89203632
0.89203632
0.89203632
0.89203632
0.89203632
0.89203632
0.89203632
0.89203632
0.89203632
0.89203632
0.89203632
0.89203632
0.89203632
0.89203632
0.89203632
0.89203632
0.89203632
0.89203632
0.89203632
0.89203632
0.89203632
0.89203632
0.89203632
0.89203632
0.89203632
0.89203632
0.89203632
0.89203632
0.89203632
0.87401271
0.87138563
0.86934716
0.86774093
0.86650330
0.86563522
0.86510515
0.86478573
0.86478996
0.86510938
0.86578679
0.86676913
0.86814725
0.86990368
0.87221396
0.89203632
0.89203632
0.89203632
0.89203632
0.89203632
0.89203632
0.89203632
0.89203632
0.89203632
0.89203632
0.89203632
0.89203632
0.89203632
0.89203632
0.89203632
0.89203632
0.89203632
0.89203632
0.89203632
0.89203632
0.89203632
0.89203632
0.89203632
0.89203632
0.89203632
0.89203632
0.89203632
0.89203632
0.89203632
0.89203632
0.89203632
0.89203632
0.89203632
0.89203632
0.89203632
0.89203632
0.89203632
0.89203632
0.89203632
0.89203632
0.89203632
0.89203632
0.89203632
0.89203632
0.89203632
0.89203632
0.89203632
0.89203632
0.89203632
0.89203632
0.89203632
0.89203632
0.82706004
0.81848443
0.79992437
0.79428470
0.78168249
0.76845741
0.76189876
0.74155629
0.73310560
0.73084211
0.74693334
0.68324792
0.67675126
0.66763371
0.66373771
0.66208118
0.66072702
0.65984040
0.65931737
0.65880984
0.65842968
0.65808648
0.65774602
0.65755892
0.65738893
0.65719718
0.65694493
0.65671712
0.65666866
0.65662020
0.65657175
0.65652335
0.65647250
0.65634662
0.65619659
0.65609741
0.65599829
0.65590161
0.65580255
0.65570349
0.65560448
0.65550548
0.65540653
0.65532207
0.65531242
0.65530759
0.65520632
0.65510499
0.65500379
0.65492666
0.65491217
0.65489775
0.65488327
0.65486884
0.65485197
0.65479654
0.65474355
0.65473396
0.65472192
0.88796908
0.71353680
0.71348244
0.71343386
0.71340811
0.71340525
0.71341097
0.71343386
0.71345675
0.71348244
0.71350247
0.71352535
0.71353108
0.71354538
0.71357113
0.71358544
0.71359974
0.71363407
0.71368271
0.71374851
0.71382296
0.71390599
0.71400619
0.71427554
0.72061980
0.72834212
0.73614347
0.74349213
0.75052041
0.75765377
0.76488459
0.77231503
0.88796908
0.88796908
0.88796908
0.88796908
0.88796908
0.88796908
0.88796908
0.88796908
0.88796908
0.88796908
0.88796908
0.88796908
0.88796908
0.88796908
0.88796908
0.88796908
0.88796908
0.88796908
0.88796908
0.88796908
0.88796908
0.88796908
0.88796908
0.88796908
0.88796908
0.88796908
0.82996768
0.82174528
0.81777751
0.81494331
0.81271821
0.81115901
0.81000370
0.80917889
0.80870098
0.80852830
0.80862015
0.66252476
0.66253215
0.66257656
0.66260856
0.66261601
0.66261846
0.66263574
0.66267025
0.66268998
0.66270483
0.66267765
0.66269988
0.66273195
0.66271716
0.66273439
0.66279119
0.66277140
0.66273689
0.66272700
0.66267025
0.66263574
0.66261846
0.66263819
0.66271961
0.68613446
0.68967545
0.88796908
0.88796908
0.88796908
0.88796908
0.88796908
0.88796908
0.88796908
0.88796908
0.88796908
0.88796908
0.88796908
0.88796908
0.88796908
0.88796908
0.88796908
0.88796908
0.88796908
0.88796908
0.88796908
0.88796908
0.88796908
0.88796908
0.88796908
0.88796908
0.88796908
0.88796908
0.88796908
0.88796908
0.88796908
0.88796908
0.88796908
0.88796908
0.88796908
0.88796908
0.88796908
0.88796908
0.88796908
0.87193626
0.86973369
0.86849457
0.86763096
0.86705196
0.86673957
0.86676913
0.86703509
0.86774093
0.86878705
0.87028646
0.88796908
0.88796908
0.88796908
0.88796908
0.88796908
0.88796908
0.88796908
0.88796908
0.88796908
0.88796908
0.88796908
0.88796908
0.88796908
0.88796908
0.88796908
0.88796908
0.88796908
0.88796908
0.88796908
0.88796908
0.88796908
0.88796908
0.88796908
0.88796908
0.88796908
0.88796908
0.88796908
0.88796908
0.88796908
0.88796908
0.88796908
0.88796908
0.88796908
0.88796908
0.88796908
0.88796908
0.88796908
0.88796908
0.88796908
0.88796908
0.88796908
0.88796908
0.88796908
0.88796908
0.88796908
0.88796908
0.88796908
0.88796908
0.88796908
0.88796908
0.88796908
0.88796908
0.88796908
0.88796908
0.82903224
0.81555563
0.79863596
0.79259413
0.78069854
0.77268046
0.76049584
0.73990721
0.73261678
0.72798467
0.70656085
0.69816393
0.67582369
0.66744345
0.66376495
0.66205901
0.66092825
0.66031039
0.65992117
0.65970594
0.65949082
0.65928322
0.65916115
0.65899521
0.65880007
0.65856856
0.65832984
0.65828115
0.65815943
0.65803295
0.65790647
0.65778005
0.65763909
0.65748608
0.65733069
0.65717536
0.65704918
0.65694976
0.65685284
0.65675586
0.65668559
0.65661776
0.65654755
0.65651125
0.65654999
0.65658873
0.65660810
0.65660810
0.65661049
0.65657419
0.65647250
0.65644830
0.65643376
0.65638292
0.65632969
0.65627402
0.65623045
0.65622079
0.65620869
0.88394314
0.71509618
0.71502721
0.71497840
0.71493822
0.71492100
0.71492100
0.71493536
0.71496981
0.71499276
0.71499854
0.71500713
0.71500427
0.71501577
0.71504450
0.71506459
0.71508759
0.71509904
0.71514505
0.71521401
0.71530020
0.71539217
0.71549284
0.71564245
0.72064894
0.72845536
0.73630184
0.74355423
0.75046974
0.75758928
0.76480895
0.77227151
0.88394314
0.88394314
0.88394314
0.88394314
0.88394314
0.88394314
0.88394314
0.88394314
0.88394314
0.88394314
0.88394314
0.88394314
0.88394314
0.88394314
0.88394314
0.88394314
0.88394314
0.88394314
0.88394314
0.88394314
0.88394314
0.88394314
0.88394314
0.88394314
0.88394314
0.88394314
0.83437943
0.82432538
0.81985664
0.81694806
0.81472319
0.81304491
0.81185454
0.81099641
0.81046838
0.81028759
0.81031710
0.66174394
0.66172427
0.66175383
0.66178823
0.66178823
0.66180545
0.66183501
0.66186947
0.66189408
0.66189897
0.66188669
0.66190392
0.66192853
0.66193342
0.66195804
0.66199255
0.66200483
0.66199499
0.66198266
0.66193593
0.66189158
0.66189897
0.66193342
0.66201222
0.68337649
0.68952584
0.88394314
0.88394314
0.88394314
0.88394314
0.88394314
0.88394314
0.88394314
0.88394314
0.88394314
0.88394314
0.88394314
0.88394314
0.88394314
0.88394314
0.88394314
0.88394314
0.88394314
0.88394314
0.88394314
0.88394314
0.88394314
0.88394314
0.88394314
0.88394314
0.88394314
0.88394314
0.88394314
0.88394314
0.88394314
0.88394314
0.88394314
0.88394314
0.88394314
0.88394314
0.88394314
0.88394314
0.88394314
0.88394314
0.88394314
0.88394314
0.88394314
0.88394314
0.88394314
0.88394314
0.88394314
0.88394314
0.88394314
0.88394314
0.88394314
0.88394314
0.88394314
0.88394314
0.88394314
0.88394314
0.88394314
0.88394314
0.88394314
0.88394314
0.88394314
0.88394314
0.88394314
0.88394314
0.88394314
0.88394314
0.88394314
0.88394314
0.88394314
0.88394314
0.88394314
0.88394314
0.88394314
0.88394314
0.88394314
0.88394314
0.88394314
0.88394314
0.88394314
0.88394314
0.88394314
0.88394314
0.88394314
0.88394314
0.88394314
0.88394314
0.88394314
0.88394314
0.88394314
0.88394314
0.88394314
0.88394314
0.88394314
0.88394314
0.88394314
0.88394314
0.88394314
0.88394314
0.88394314
0.88394314
0.88394314
0.88394314
0.88394314
0.88394314
0.82946104
0.81372505
0.80054677
0.79155087
0.78675085
0.77050310
0.75974923
0.73855639
0.73492467
0.72560173
0.70821100
0.70344752
0.67611891
0.66786921
0.66400015
0.66219199
0.66116881
0.66093802
0.66081536
0.66069269
0.66057014
0.66044760
0.66030306
0.66010469
0.65991384
0.65973771
0.65956169
0.65941024
0.65928078
0.65915382
0.65911967
0.65908796
0.65905619
0.65888542
0.65869284
0.65855145
0.65844917
0.65834445
0.65815943
0.65807188
0.65811563
0.65815461
0.65811563
0.65807670
0.65804994
0.65802562
0.65799886
0.65800375
0.65805238
0.65810347
0.65812296
0.65806943
0.65792590
0.65786755
0.65781164
0.65775818
0.65772414
0.65773141
0.65779221
0.87994921
0.71681535
0.71657008
0.71652102
0.71647775
0.71646047
0.71645182
0.71645468
0.71646625
0.71648353
0.71648645
0.71648645
0.71648932
0.71649510
0.71651524
0.71655279
0.71657872
0.71658450
0.71662778
0.71669990
0.71678358
0.71687311
0.71698284
0.71712434
0.72057599
0.72846431
0.73644191
0.74355739
0.75053304
0.75756669
0.76484185
0.77228826
0.78048289
0.87994921
0.87994921
0.87994921
0.87994921
0.87994921
0.87994921
0.87994921
0.87994921
0.87994921
0.87994921
0.87994921
0.87994921
0.87994921
0.87994921
0.87994921
0.87994921
0.87994921
0.87994921
0.87994921
0.87994921
0.87994921
0.87994921
0.87994921
0.87994921
0.87994921
0.84158278
0.82708311
0.82200712
0.81905311
0.81666315
0.81493211
0.81365067
0.81282955
0.81227320
0.81200641
0.81203234
0.66096997
0.66094297
0.66096503
0.66098958
0.66099942
0.66102147
0.66106075
0.66108042
0.66110003
0.66110498
0.66112459
0.66115159
0.66117865
0.66118848
0.66120809
0.66123021
0.66124493
0.66125971
0.66126949
0.66122037
0.66120809
0.66121548
0.66123760
0.66132849
0.68067181
0.68952322
0.87994921
0.87994921
0.87994921
0.87994921
0.87994921
0.87994921
0.87994921
0.87994921
0.87994921
0.87994921
0.87994921
0.87994921
0.87994921
0.87994921
0.87994921
0.87994921
0.87994921
0.87994921
0.87994921
0.87994921
0.87994921
0.87994921
0.87994921
0.87994921
0.87994921
0.87994921
0.87994921
0.87994921
0.87994921
0.87994921
0.87994921
0.87994921
0.87994921
0.87994921
0.87994921
0.87994921
0.87994921
0.87994921
0.87994921
0.87994921
0.87994921
0.87994921
0.87994921
0.87994921
0.87994921
0.87994921
0.87994921
0.87994921
0.87994921
0.87994921
0.87994921
0.87994921
0.87994921
0.87994921
0.87994921
0.87994921
0.87994921
0.87994921
0.87994921
0.87994921
0.87994921
0.87994921
0.87994921
0.87994921
0.87994921
0.87994921
0.87994921
0.87994921
0.87994921
0.87994921
0.87994921
0.87994921
0.87994921
0.87994921
0.87994921
0.87994921
0.87994921
0.87994921
0.87994921
0.87994921
0.87994921
0.87994921
0.87994921
0.87994921
0.87994921
0.87994921
0.87994921
0.87994921
0.87994921
0.87994921
0.87994921
0.87994921
0.87994921
0.87994921
0.87994921
0.87994921
0.87994921
0.87994921
0.87994921
0.87994921
0.87994921
0.87994921
0.83019608
0.82016641
0.80355716
0.80028760
0.78610808
0.76942736
0.76621473
0.73783696
0.73302108
0.72356951
0.70761132
0.70380074
0.69675380
0.66842848
0.66497499
0.66305041
0.66217232
0.66197532
0.66187686
0.66178089
0.66170216
0.66161358
0.66143662
0.66127932
0.66111970
0.66096258
0.66080308
0.66069520
0.66067308
0.66059709
0.66050392
0.66045982
0.66042799
0.66040105
0.66034710
0.66029567
0.66024178
0.66022712
0.66022956
0.66013896
0.66014874
0.66015857
0.66011935
0.66008019
0.66004103
0.66000926
0.66003615
0.66001415
0.65998477
0.65995538
0.65993339
0.65982574
0.65958613
0.65939558
0.65932715
0.65932226
0.65945661
0.65960079
0.65974748
0.87599123
0.87599123
0.71814853
0.71807325
0.71802688
0.71800953
0.71798921
0.71798342
0.71799505
0.71799505
0.71800661
0.71800661
0.71800369
0.71800953
0.71801531
0.71804428
0.71807325
0.71809930
0.71813405
0.71819782
0.71827608
0.71836883
0.71847612
0.71862113
0.72050309
0.72840768
0.73635966
0.74356979
0.75052357
0.75761503
0.76487142
0.77227819
0.78040075
0.87599123
0.87599123
0.87599123
0.87599123
0.87599123
0.87599123
0.87599123
0.87599123
0.87599123
0.87599123
0.87599123
0.87599123
0.87599123
0.87599123
0.87599123
0.87599123
0.87599123
0.87599123
0.87599123
0.87599123
0.87599123
0.87599123
0.87599123
0.87599123
0.87599123
0.87599123
0.82980907
0.82445139
0.82124484
0.81871027
0.81687677
0.81548089
0.81461138
0.81403768
0.81373620
0.81373996
0.66021484
0.66018796
0.66020262
0.66022468
0.66024673
0.66026872
0.66031283
0.66033489
0.66034961
0.66037160
0.66039610
0.66042066
0.66045737
0.66046965
0.66049170
0.66052598
0.66051376
0.66053581
0.66056275
0.66053826
0.66053337
0.66054070
0.66055542
0.66068780
0.67802465
0.68993211
0.87599123
0.87599123
0.87599123
0.87599123
0.87599123
0.87599123
0.87599123
0.87599123
0.87599123
0.87599123
0.87599123
0.87599123
0.87599123
0.87599123
0.87599123
0.87599123
0.87599123
0.87599123
0.87599123
0.87599123
0.87599123
0.87599123
0.87599123
0.87599123
0.87599123
0.87599123
0.87599123
0.87599123
0.87599123
0.87599123
0.87599123
0.87599123
0.87599123
0.87599123
0.87599123
0.87599123
0.87599123
0.87599123
0.87599123
0.87599123
0.87599123
0.87599123
0.87599123
0.87599123
0.87599123
0.87599123
0.87599123
0.87599123
0.87599123
0.87599123
0.87599123
0.87599123
0.87599123
0.87599123
0.87599123
0.87599123
0.87599123
0.87599123
0.87599123
0.87599123
0.87599123
0.87599123
0.87599123
0.87599123
0.87599123
0.87599123
0.87599123
0.87599123
0.87599123
0.87599123
0.87599123
0.87599123
0.87599123
0.87599123
0.87599123
0.87599123
0.87599123
0.87599123
0.87599123
0.87599123
0.87599123
0.87599123
0.87599123
0.87599123
0.87599123
0.87599123
0.87599123
0.87599123
0.87599123
0.87599123
0.87599123
0.87599123
0.87599123
0.87599123
0.87599123
0.87599123
0.87599123
0.87599123
0.87599123
0.87599123
0.87599123
0.84067255
0.83561325
0.82104784
0.80211234
0.80037755
0.78449017
0.77073663
0.76456589
0.73901939
0.73152089
0.72189689
0.70803070
0.70260066
0.69493669
0.67011195
0.66563892
0.66409433
0.66349280
0.66343099
0.66336918
0.66320848
0.66304791
0.66289234
0.66273439
0.66257900
0.66248035
0.66238421
0.66228807
0.66219199
0.66221172
0.66221666
0.66222405
0.66221911
0.66218954
0.66215998
0.66213042
0.66210085
0.66207135
0.66204178
0.66204917
0.66211563
0.66217476
0.66223389
0.66229057
0.66230536
0.66229302
0.66225111
0.66221172
0.66215998
0.66210335
0.66204667
0.66198516
0.66181535
0.66160131
0.66138744
0.66139972
0.66144150
0.66148573
0.66154474
0.66165298
0.87206870
0.87206870
0.71973979
0.71963215
0.71958268
0.71955073
0.71953326
0.71951872
0.71952742
0.71953619
0.71953905
0.71954781
0.71954781
0.71954489
0.71955651
0.71957397
0.71959722
0.71962345
0.71965832
0.71970487
0.71978641
0.71987373
0.71998143
0.72011834
0.72074813
0.72830635
0.73628050
0.74356669
0.75053304
0.75763440
0.76488459
0.77227151
0.78033233
0.87206870
0.87206870
0.87206870
0.87206870
0.87206870
0.87206870
0.87206870
0.87206870
0.87206870
0.87206870
0.87206870
0.87206870
0.87206870
0.87206870
0.87206870
0.87206870
0.87206870
0.87206870
0.87206870
0.87206870
0.87206870
0.87206870
0.87206870
0.87206870
0.87206870
0.87206870
0.83291924
0.82688713
0.82343304
0.82076770
0.81885719
0.81740946
0.81643844
0.81583226
0.81549585
0.65971816
0.65947860
0.65946883
0.65948349
0.65951037
0.65953726
0.65956169
0.65959102
0.65961546
0.65963989
0.65966928
0.65971082
0.65974748
0.65977681
0.65978909
0.65980619
0.65982819
0.65983063
0.65985513
0.65989423
0.65990156
0.65988445
0.65987223
0.65990400
0.66006064
0.67548513
0.69060129
0.87206870
0.87206870
0.87206870
0.87206870
0.87206870
0.87206870
0.87206870
0.87206870
0.87206870
0.87206870
0.87206870
0.87206870
0.87206870
0.87206870
0.87206870
0.87206870
0.87206870
0.87206870
0.87206870
0.87206870
0.87206870
0.87206870
0.87206870
0.87206870
0.87206870
0.87206870
0.87206870
0.87206870
0.87206870
0.87206870
0.87206870
0.87206870
0.87206870
0.87206870
0.87206870
0.87206870
0.87206870
0.87206870
0.87206870
0.87206870
0.87206870
0.87206870
0.87206870
0.87206870
0.87206870
0.87206870
0.87206870
0.87206870
0.87206870
0.87206870
0.87206870
0.87206870
0.87206870
0.87206870
0.87206870
0.87206870
0.87206870
0.87206870
0.87206870
0.87206870
0.87206870
0.87206870
0.87206870
0.87206870
0.87206870
0.87206870
0.87206870
0.87206870
0.87206870
0.87206870
0.87206870
0.87206870
0.87206870
0.87206870
0.87206870
0.87206870
0.87206870
0.87206870
0.87206870
0.87206870
0.87206870
0.87206870
0.87206870
0.87206870
0.87206870
0.87206870
0.87206870
0.87206870
0.87206870
0.87206870
0.87206870
0.87206870
0.87206870
0.87206870
0.87206870
0.87206870
0.87206870
0.87206870
0.87206870
0.87206870
0.87206870
0.83974057
0.83384395
0.81933588
0.80191362
0.79796284
0.78158295
0.77650279
0.76281953
0.74513543
0.73065311
0.72161889
0.71133834
0.70310855
0.69209421
0.68434596
0.66761619
0.66498995
0.66446614
0.66415870
0.66395807
0.66376495
0.66357440
0.66338396
0.66319370
0.66300344
0.66284543
0.66287756
0.66290963
0.66294175
0.66297382
0.66300595
0.66304052
0.66309977
0.66309732
0.66307759
0.66305536
0.66303062
0.66300839
0.66299361
0.66298616
0.66302323
0.66310722
0.66318876
0.66327274
0.66336918
0.66334444
0.66327769
0.66321594
0.66315168
0.66308993
0.66302818
0.66296399
0.66287756
0.66284543
0.66286522
0.66288495
0.66290224
0.66292197
0.66294914
0.66298866
0.86818534
0.86818534
0.72134399
0.72121835
0.72115403
0.72111607
0.72106934
0.72105473
0.72106349
0.72106349
0.72106934
0.72106057
0.72107810
0.72108102
0.72109562
0.72110730
0.72111315
0.72114527
0.72118324
0.72121245
0.72130013
0.72137910
0.72147846
0.72161305
0.72183836
0.72817528
0.73612213
0.74354494
0.75052673
0.75756991
0.76479584
0.77227485
0.78025365
0.86818534
0.86818534
0.86818534
0.86818534
0.86818534
0.86818534
0.86818534
0.86818534
0.86818534
0.86818534
0.86818534
0.86818534
0.86818534
0.86818534
0.86818534
0.86818534
0.86818534
0.86818534
0.86818534
0.86818534
0.86818534
0.86818534
0.86818534
0.86818534
0.86818534
0.86818534
0.83595467
0.82934898
0.82561386
0.82285064
0.82085854
0.81936604
0.81831884
0.81767982
0.81731564
0.65891469
0.65877813
0.65877080
0.65879524
0.65882689
0.65887082
0.65890008
0.65892935
0.65894639
0.65897328
0.65900499
0.65903670
0.65907085
0.65910989
0.65913188
0.65915138
0.65916848
0.65918797
0.65920997
0.65924901
0.65928566
0.65925878
0.65924174
0.65927833
0.65946639
0.67312491
0.69151080
0.86818534
0.86818534
0.86818534
0.86818534
0.86818534
0.86818534
0.86818534
0.86818534
0.86818534
0.86818534
0.86818534
0.86818534
0.86818534
0.86818534
0.86818534
0.86818534
0.86818534
0.86818534
0.86818534
0.86818534
0.86818534
0.86818534
0.86818534
0.86818534
0.86818534
0.86818534
0.86818534
0.86818534
0.86818534
0.86818534
0.86818534
0.86818534
0.86818534
0.86818534
0.86818534
0.86818534
0.86818534
0.86818534
0.86818534
0.86818534
0.86818534
0.86818534
0.86818534
0.86818534
0.86818534
0.86818534
0.86818534
0.86818534
0.86818534
0.86818534
0.86818534
0.86818534
0.86818534
0.86818534
0.86818534
0.86818534
0.86818534
0.86818534
0.86818534
0.86818534
0.86818534
0.86818534
0.86818534
0.86818534
0.86818534
0.86818534
0.86818534
0.86818534
0.86818534
0.86818534
0.86818534
0.86818534
0.86818534
0.86818534
0.86818534
0.86818534
0.86818534
0.86818534
0.86818534
0.86818534
0.86818534
0.86818534
0.86818534
0.86818534
0.86818534
0.86818534
0.86818534
0.86818534
0.86818534
0.86818534
0.86818534
0.86818534
0.86818534
0.86818534
0.86818534
0.86818534
0.86818534
0.86818534
0.86818534
0.86818534
0.86818534
0.84159869
0.83222216
0.81391108
0.80129635
0.79473150
0.78102738
0.77489042
0.76223153
0.74354494
0.73810929
0.72004843
0.71643454
0.70446366
0.68968618
0.68163884
0.67289847
0.67022294
0.66897362
0.66856402
0.66884792
0.66939121
0.66568875
0.66556180
0.66537523
0.66521609
0.66480362
0.66450584
0.66438431
0.66426283
0.66413397
0.66424549
0.66433722
0.66440165
0.66454804
0.66469193
0.66486323
0.66506940
0.66534287
0.67182165
0.67201948
0.67265433
0.67442560
0.67296207
0.67092776
0.66995305
0.66964304
0.66971862
0.67014217
0.67085189
0.67168725
0.67311221
0.67154789
0.67067242
0.67023557
0.66997319
0.66989756
0.67006397
0.67091006
0.67228597
0.67164671
0.86433220
0.86433220
0.86433220
0.72283792
0.72274691
0.72269702
0.72262955
0.72260314
0.72261488
0.72260022
0.72259438
0.72257090
0.72259438
0.72260314
0.72261488
0.72262663
0.72263545
0.72266185
0.72268826
0.72274399
0.72281444
0.72288489
0.72298765
0.72311097
0.72325498
0.72804421
0.73593044
0.74348283
0.75048244
0.75761181
0.76477939
0.77232510
0.78025025
0.78916806
0.86433220
0.86433220
0.86433220
0.86433220
0.86433220
0.86433220
0.86433220
0.86433220
0.86433220
0.86433220
0.86433220
0.86433220
0.86433220
0.86433220
0.86433220
0.86433220
0.86433220
0.86433220
0.86433220
0.86433220
0.86433220
0.86433220
0.86433220
0.86433220
0.86433220
0.83920610
0.83187604
0.82784474
0.82496339
0.82287729
0.82133955
0.82021552
0.81950939
0.81911719
0.65813756
0.65809131
0.65810347
0.65814239
0.65818864
0.65823734
0.65826410
0.65827382
0.65831524
0.65834445
0.65838099
0.65842968
0.65847355
0.65851980
0.65854174
0.65856612
0.65858316
0.65860021
0.65862703
0.65864897
0.65866846
0.65869528
0.65866357
0.65867335
0.65892935
0.67279923
0.69270021
0.86433220
0.86433220
0.86433220
0.86433220
0.86433220
0.86433220
0.86433220
0.86433220
0.86433220
0.86433220
0.86433220
0.86433220
0.86433220
0.86433220
0.86433220
0.86433220
0.86433220
0.86433220
0.86433220
0.86433220
0.86433220
0.86433220
0.86433220
0.86433220
0.86433220
0.86433220
0.86433220
0.86433220
0.86433220
0.86433220
0.86433220
0.86433220
0.86433220
0.86433220
0.86433220
0.86433220
0.86433220
0.86433220
0.86433220
0.86433220
0.86433220
0.86433220
0.86433220
0.86433220
0.86433220
0.86433220
0.86433220
0.86433220
0.86433220
0.86433220
0.86433220
0.86433220
0.86433220
0.86433220
0.86433220
0.86433220
0.86433220
0.86433220
0.86433220
0.86433220
0.86433220
0.86433220
0.86433220
0.86433220
0.86433220
0.86433220
0.86433220
0.86433220
0.86433220
0.86433220
0.86433220
0.86433220
0.86433220
0.86433220
0.86433220
0.86433220
0.86433220
0.86433220
0.86433220
0.86433220
0.86433220
0.86433220
0.86433220
0.86433220
0.86433220
0.86433220
0.86433220
0.86433220
0.86433220
0.86433220
0.86433220
0.86433220
0.86433220
0.86433220
0.86433220
0.86433220
0.86433220
0.86433220
0.86433220
0.86433220
0.86433220
0.84122086
0.83088589
0.81273305
0.80457777
0.79164594
0.78606296
0.77332497
0.76989329
0.75223309
0.73700297
0.71913499
0.71390313
0.71321660
0.69040042
0.68153447
0.67563385
0.67245615
0.67175317
0.67164671
0.67183685
0.67262131
0.67534417
0.67568260
0.67505735
0.67353499
0.67283487
0.67268991
0.67006147
0.67007154
0.67153525
0.67236722
0.67294931
0.67419058
0.67319876
0.67257810
0.67226058
0.67195100
0.67174810
0.67213112
0.67403489
0.67438728
0.67272806
0.67106938
0.67017502
0.66986477
0.66972363
0.66992784
0.67031384
0.67115039
0.67284250
0.67176080
0.67102641
0.67041224
0.67022544
0.67027593
0.67058146
0.67097074
0.67302310
0.67241549
0.67193323
0.86051315
0.86051315
0.86051315
0.72447366
0.72434390
0.72426730
0.72418773
0.72415829
0.72417593
0.72415531
0.72414058
0.72412294
0.72412586
0.72412294
0.72410822
0.72412586
0.72415239
0.72419655
0.72422016
0.72425550
0.72434980
0.72441763
0.72450900
0.72461814
0.72475976
0.72790730
0.73568100
0.74334311
0.75046659
0.75753444
0.76480240
0.77238542
0.78032207
0.78883231
0.86051315
0.86051315
0.86051315
0.86051315
0.86051315
0.86051315
0.86051315
0.86051315
0.86051315
0.86051315
0.86051315
0.86051315
0.86051315
0.86051315
0.86051315
0.86051315
0.86051315
0.86051315
0.86051315
0.86051315
0.86051315
0.86051315
0.86051315
0.86051315
0.86051315
0.84368491
0.83426213
0.83008766
0.82710999
0.82490605
0.82328451
0.82210958
0.82134712
0.82092667
0.65743989
0.65745205
0.65748364
0.65753704
0.65759534
0.65765852
0.65768528
0.65768528
0.65771198
0.65774846
0.65779221
0.65784812
0.65788943
0.65793324
0.65795267
0.65798914
0.65802079
0.65806210
0.65811080
0.65810835
0.65813267
0.65817159
0.65816432
0.65809375
0.66569620
0.67302567
0.69378555
0.86051315
0.86051315
0.86051315
0.86051315
0.86051315
0.86051315
0.86051315
0.86051315
0.86051315
0.86051315
0.86051315
0.86051315
0.86051315
0.86051315
0.86051315
0.86051315
0.86051315
0.86051315
0.86051315
0.86051315
0.86051315
0.86051315
0.86051315
0.86051315
0.86051315
0.86051315
0.86051315
0.86051315
0.86051315
0.86051315
0.86051315
0.86051315
0.86051315
0.86051315
0.86051315
0.86051315
0.86051315
0.86051315
0.86051315
0.86051315
0.86051315
0.86051315
0.86051315
0.86051315
0.86051315
0.86051315
0.86051315
0.86051315
0.86051315
0.86051315
0.86051315
0.86051315
0.86051315
0.86051315
0.86051315
0.86051315
0.86051315
0.86051315
0.86051315
0.86051315
0.86051315
0.86051315
0.86051315
0.86051315
0.86051315
0.86051315
0.86051315
0.86051315
0.86051315
0.86051315
0.86051315
0.86051315
0.86051315
0.86051315
0.86051315
0.86051315
0.86051315
0.86051315
0.86051315
0.86051315
0.86051315
0.86051315
0.86051315
0.86051315
0.86051315
0.86051315
0.86051315
0.86051315
0.86051315
0.86051315
0.86051315
0.86051315
0.86051315
0.86051315
0.86051315
0.86051315
0.86051315
0.86051315
0.86051315
0.86051315
0.86051315
0.83810765
0.83038199
0.81292981
0.80266577
0.79032433
0.78383380
0.77275091
0.76759255
0.75020093
0.74738806
0.71866173
0.71246582
0.71110535
0.69048071
0.68297267
0.67607522
0.67437702
0.67456359
0.67509317
0.67544925
0.67722756
0.67703950
0.67585707
0.67483467
0.67414719
0.67358088
0.67333877
0.67309946
0.67290860
0.67270261
0.67282468
0.67432594
0.67348909
0.67308676
0.67276621
0.67265177
0.67271280
0.67332351
0.67375678
0.67356044
0.67243326
0.67165941
0.67111242
0.67085445
0.67070025
0.67059159
0.67069268
0.67117316
0.67266196
0.67208797
0.67155552
0.67148459
0.67132246
0.67128706
0.67135286
0.67664576
0.67564154
0.67477840
0.67417020
0.67412418
0.85672772
0.85672772
0.85672772
0.72608125
0.72594500
0.72585326
0.72577041
0.72574079
0.72570235
0.72569937
0.72568160
0.72564614
0.72565204
0.72564614
0.72562838
0.72564024
0.72566390
0.72569346
0.72574079
0.72579998
0.72584438
0.72593021
0.72602499
0.72613162
0.72628862
0.72775251
0.73545307
0.74313831
0.75048244
0.75747645
0.76485497
0.77246588
0.78039390
0.78887779
0.85672772
0.85672772
0.85672772
0.85672772
0.85672772
0.85672772
0.85672772
0.85672772
0.85672772
0.85672772
0.85672772
0.85672772
0.85672772
0.85672772
0.85672772
0.85672772
0.85672772
0.85672772
0.85672772
0.85672772
0.85672772
0.85672772
0.85672772
0.85672772
0.85672772
0.85672772
0.83706325
0.83231556
0.82920992
0.82695633
0.82522345
0.82398194
0.82318556
0.82272899
0.65681159
0.65687948
0.65694010
0.65699100
0.65704435
0.65709043
0.65712196
0.65713167
0.65717775
0.65722388
0.65725541
0.65730882
0.65735739
0.65740836
0.65745449
0.65749091
0.65752488
0.65755892
0.65761238
0.65762693
0.65762448
0.65766579
0.65768039
0.65756619
0.66324806
0.67390728
0.69479293
0.85672772
0.85672772
0.85672772
0.85672772
0.85672772
0.85672772
0.85672772
0.85672772
0.85672772
0.85672772
0.85672772
0.85672772
0.85672772
0.85672772
0.85672772
0.85672772
0.85672772
0.85672772
0.85672772
0.85672772
0.85672772
0.85672772
0.85672772
0.85672772
0.85672772
0.85672772
0.85672772
0.85672772
0.85672772
0.85672772
0.85672772
0.85672772
0.85672772
0.85672772
0.85672772
0.85672772
0.85672772
0.85672772
0.85672772
0.85672772
0.85672772
0.85672772
0.85672772
0.85672772
0.85672772
0.85672772
0.85672772
0.85672772
0.85672772
0.85672772
0.85672772
0.85672772
0.85672772
0.85672772
0.85672772
0.85672772
0.85672772
0.85672772
0.85672772
0.85672772
0.85672772
0.85672772
0.85672772
0.85672772
0.85672772
0.85672772
0.85672772
0.85672772
0.85672772
0.85672772
0.85672772
0.85672772
0.85672772
0.85672772
0.85672772
0.85672772
0.85672772
0.85672772
0.85672772
0.85672772
0.85672772
0.85672772
0.85672772
0.85672772
0.85672772
0.85672772
0.85672772
0.85672772
0.85672772
0.85672772
0.85672772
0.85672772
0.85672772
0.85672772
0.85672772
0.85672772
0.85672772
0.85672772
0.85672772
0.85672772
0.85672772
0.85672772
0.83078891
0.81576496
0.80204731
0.79739451
0.78194344
0.77961802
0.76664042
0.74825829
0.74698347
0.72741050
0.71149474
0.70870161
0.70579880
0.68260342
0.67781556
0.67593145
0.67618567
0.68682015
0.68471450
0.68287051
0.68165714
0.67855191
0.67696232
0.67581344
0.67493963
0.67447925
0.67419571
0.67405272
0.67409867
0.67602903
0.67566460
0.67541593
0.67516488
0.67504197
0.68180859
0.67957520
0.67714512
0.67556208
0.67447668
0.67359614
0.67296714
0.67257303
0.67212856
0.67180896
0.67155045
0.67531860
0.67420846
0.67357576
0.67314273
0.67287809
0.67282975
0.67287302
0.67322421
0.67860627
0.67788780
0.67728686
0.67683613
0.67660463
0.67639893
0.85297948
0.85297948
0.85297948
0.72773468
0.72756511
0.72745508
0.72735405
0.72733027
0.72733325
0.72725004
0.72725892
0.72719359
0.72719949
0.72720546
0.72717279
0.72719657
0.72722030
0.72726488
0.72731543
0.72734213
0.72741944
0.72748184
0.72758299
0.72769004
0.72782987
0.72824675
0.73529506
0.74297392
0.75040650
0.75748610
0.76489770
0.77255303
0.78050345
0.78896868
0.85297948
0.85297948
0.85297948
0.85297948
0.85297948
0.85297948
0.85297948
0.85297948
0.85297948
0.85297948
0.85297948
0.85297948
0.85297948
0.85297948
0.85297948
0.85297948
0.85297948
0.85297948
0.85297948
0.85297948
0.85297948
0.85297948
0.85297948
0.85297948
0.85297948
0.85297948
0.85297948
0.83474725
0.83146030
0.82897431
0.82718688
0.82590884
0.82505131
0.82455069
0.65631759
0.65639257
0.65645796
0.65650153
0.65654510
0.65658391
0.65661538
0.65664440
0.65667832
0.65671951
0.65676314
0.65681159
0.65685284
0.65690130
0.65695465
0.65699583
0.65703464
0.65707833
0.65712440
0.65715837
0.65716565
0.65718019
0.65716565
0.65710014
0.66079575
0.67513418
0.69582772
0.71827608
0.85297948
0.85297948
0.85297948
0.85297948
0.85297948
0.85297948
0.85297948
0.85297948
0.85297948
0.85297948
0.85297948
0.85297948
0.85297948
0.85297948
0.85297948
0.85297948
0.85297948
0.85297948
0.85297948
0.85297948
0.85297948
0.85297948
0.85297948
0.85297948
0.85297948
0.85297948
0.85297948
0.85297948
0.85297948
0.85297948
0.85297948
0.85297948
0.85297948
0.85297948
0.85297948
0.85297948
0.85297948
0.85297948
0.85297948
0.85297948
0.85297948
0.85297948
0.85297948
0.85297948
0.85297948
0.85297948
0.85297948
0.85297948
0.85297948
0.85297948
0.85297948
0.85297948
0.85297948
0.85297948
0.85297948
0.85297948
0.85297948
0.85297948
0.85297948
0.85297948
0.85297948
0.85297948
0.85297948
0.85297948
0.85297948
0.85297948
0.85297948
0.85297948
0.85297948
0.85297948
0.85297948
0.85297948
0.85297948
0.85297948
0.85297948
0.85297948
0.85297948
0.85297948
0.85297948
0.85297948
0.85297948
0.85297948
0.85297948
0.85297948
0.85297948
0.85297948
0.85297948
0.85297948
0.85297948
0.85297948
0.85297948
0.85297948
0.85297948
0.85297948
0.85297948
0.85297948
0.85297948
0.85297948
0.85297948
0.85297948
0.85297948
0.82827228
0.81411213
0.81358743
0.79699820
0.78035969
0.77736413
0.76724184
0.74664509
0.74550372
0.72466832
0.71117634
0.70790404
0.70267278
0.68291503
0.67910850
0.67895049
0.68438280
0.68641227
0.68449861
0.68280238
0.68137270
0.68016207
0.67922771
0.67831665
0.67839676
0.68128407
0.68031025
0.67989445
0.67902565
0.67885470
0.67876154
0.67876667
0.67887545
0.67946368
0.68065101
0.68206459
0.68052351
0.67946368
0.67884433
0.67665607
0.67528272
0.67446905
0.67501897
0.67928994
0.67936772
0.67851055
0.67794204
0.67757303
0.67738736
0.67731774
0.67739767
0.67742604
0.67755497
0.67769170
0.67830628
0.67770457
0.67731005
0.67703438
0.67699063
0.84925985
0.84925985
0.84925985
0.84925985
0.72919548
0.72908193
0.72898042
0.72891176
0.72895956
0.72881627
0.72884315
0.72878045
0.72876555
0.72878641
0.72873271
0.72875661
0.72878945
0.72881031
0.72885805
0.72890878
0.72900134
0.72903121
0.72912675
0.72925222
0.72938967
0.72957504
0.73513412
0.74284989
0.75032425
0.75748932
0.76494700
0.77263689
0.78061295
0.78908414
0.84925985
0.84925985
0.84925985
0.84925985
0.84925985
0.84925985
0.84925985
0.84925985
0.84925985
0.84925985
0.84925985
0.84925985
0.84925985
0.84925985
0.84925985
0.84925985
0.84925985
0.84925985
0.84925985
0.84925985
0.84925985
0.84925985
0.84925985
0.84925985
0.84925985
0.84925985
0.84925985
0.84925985
0.84925985
0.83122730
0.82927173
0.82786781
0.82694095
0.82638043
0.65607810
0.65608048
0.65609258
0.65615064
0.65616757
0.65620631
0.65623772
0.65625465
0.65628129
0.65631998
0.65636116
0.65639502
0.65643376
0.65647489
0.65651125
0.65656447
0.65661049
0.65666384
0.65671951
0.65677524
0.65681648
0.65683103
0.65678978
0.65675586
0.65828848
0.67702663
0.69687927
0.71816301
0.84925985
0.84925985
0.84925985
0.84925985
0.84925985
0.84925985
0.84925985
0.84925985
0.84925985
0.84925985
0.84925985
0.84925985
0.84925985
0.84925985
0.84925985
0.84925985
0.84925985
0.84925985
0.84925985
0.84925985
0.84925985
0.84925985
0.84925985
0.84925985
0.84925985
0.84925985
0.84925985
0.84925985
0.84925985
0.84925985
0.84925985
0.84925985
0.84925985
0.84925985
0.84925985
0.84925985
0.84925985
0.84925985
0.84925985
0.84925985
0.84925985
0.84925985
0.84925985
0.84925985
0.84925985
0.84925985
0.84925985
0.84925985
0.84925985
0.84925985
0.84925985
0.84925985
0.84925985
0.84925985
0.84925985
0.84925985
0.84925985
0.84925985
0.84925985
0.84925985
0.84925985
0.84925985
0.84925985
0.84925985
0.84925985
0.84925985
0.84925985
0.84925985
0.84925985
0.84925985
0.84925985
0.84925985
0.84925985
0.84925985
0.84925985
0.84925985
0.84925985
0.84925985
0.84925985
0.84925985
0.84925985
0.84925985
0.84925985
0.84925985
0.84925985
0.84925985
0.84925985
0.84925985
0.84925985
0.84925985
0.84925985
0.84925985
0.84925985
0.84925985
0.84925985
0.84925985
0.84925985
0.84925985
0.84925985
0.84925985
0.84925985
0.82597011
0.81376970
0.81017327
0.79593974
0.78001094
0.77425337
0.76484185
0.74581915
0.74236345
0.72523814
0.71522260
0.70691442
0.70010805
0.68338698
0.67987108
0.67914999
0.68112242
0.68395150
0.68522054
0.68309325
0.68148750
0.68039083
0.67944032
0.67850024
0.67808926
0.67901266
0.68219268
0.68092442
0.67987370
0.67930287
0.67896348
0.67884433
0.67881590
0.67918628
0.67974389
0.68058336
0.68124753
0.68086970
0.67976207
0.67914736
0.67875636
0.67870200
0.67869163
0.67910331
0.67964786
0.68025041
0.67920178
0.67851830
0.67819256
0.67815644
0.67819256
0.67842782
0.67873561
0.67903596
0.67990744
0.68452227
0.67889094
0.67810732
0.67802984
0.84557259
0.84557259
0.84557259
0.84557259
0.73086613
0.73070711
0.73060513
0.73048222
0.73045522
0.73035634
0.73043424
0.73037130
0.73032337
0.73040426
0.73032635
0.73035330
0.73034132
0.73036534
0.73039526
0.73043424
0.73054218
0.73059911
0.73071009
0.73081809
0.73094714
0.73113030
0.73491257
0.74271041
0.75022304
0.75749254
0.76499307
0.77272409
0.78075677
0.78924507
0.84557259
0.84557259
0.84557259
0.84557259
0.84557259
0.84557259
0.84557259
0.84557259
0.84557259
0.84557259
0.84557259
0.84557259
0.84557259
0.84557259
0.84557259
0.84557259
0.84557259
0.84557259
0.84557259
0.84557259
0.84557259
0.84557259
0.84557259
0.84557259
0.84557259
0.84557259
0.84557259
0.84557259
0.84557259
0.84557259
0.84557259
0.83037424
0.82903224
0.82833785
0.65705162
0.65702981
0.65702009
0.65703708
0.65703464
0.65703952
0.65703952
0.65704679
0.65704679
0.65703952
0.65702736
0.65702009
0.65702009
0.65702498
0.65703708
0.65705407
0.65707588
0.65710497
0.65715837
0.65717775
0.65714622
0.65713656
0.65715593
0.65719718
0.65722632
0.67874599
0.69770688
0.71807325
0.84557259
0.84557259
0.84557259
0.84557259
0.84557259
0.84557259
0.84557259
0.84557259
0.84557259
0.84557259
0.84557259
0.84557259
0.84557259
0.84557259
0.84557259
0.84557259
0.84557259
0.84557259
0.84557259
0.84557259
0.84557259
0.84557259
0.84557259
0.84557259
0.84557259
0.84557259
0.84557259
0.84557259
0.84557259
0.84557259
0.84557259
0.84557259
0.84557259
0.84557259
0.84557259
0.84557259
0.84557259
0.84557259
0.84557259
0.84557259
0.84557259
0.84557259
0.84557259
0.84557259
0.84557259
0.84557259
0.84557259
0.84557259
0.84557259
0.84557259
0.84557259
0.84557259
0.84557259
0.84557259
0.84557259
0.84557259
0.84557259
0.84557259
0.84557259
0.84557259
0.84557259
0.84557259
0.84557259
0.84557259
0.84557259
0.84557259
0.84557259
0.84557259
0.84557259
0.84557259
0.84557259
0.84557259
0.84557259
0.84557259
0.84557259
0.84557259
0.84557259
0.84557259
0.84557259
0.84557259
0.84557259
0.84557259
0.84557259
0.84557259
0.84557259
0.84557259
0.84557259
0.84557259
0.84557259
0.84557259
0.84557259
0.84557259
0.84557259
0.84557259
0.84557259
0.84557259
0.84557259
0.84557259
0.84557259
0.84557259
0.84557259
0.82530761
0.81990194
0.80709857
0.79137141
0.78636855
0.77156854
0.76674938
0.75500256
0.73897034
0.72572303
0.71899265
0.70882016
0.69779718
0.68459338
0.68076557
0.67986590
0.68054432
0.68188173
0.68307751
0.68433017
0.68247777
0.68112504
0.68012047
0.67940658
0.67889094
0.67870975
0.67919403
0.68068224
0.68129450
0.68064839
0.67980880
0.67958039
0.67950773
0.67965305
0.67985290
0.68005294
0.68113023
0.68233389
0.68523377
0.68601018
0.68054694
0.68099475
0.68169367
0.68413025
0.68430388
0.68409085
0.68438542
0.68533927
0.68430120
0.68361533
0.68373346
0.68395942
0.68401462
0.68413818
0.68502808
0.68578553
0.68413025
0.68338174
0.68304086
0.84191716
0.84191716
0.84191716
0.84191716
0.73253542
0.73231238
0.73226416
0.73211658
0.73200822
0.73192394
0.73202330
0.73195708
0.73190588
0.73192698
0.73189986
0.73192996
0.73194504
0.73193598
0.73196310
0.73199320
0.73204434
0.73214972
0.73221898
0.73236060
0.73250824
0.73268312
0.73481852
0.74256480
0.75014400
0.75752157
0.76504564
0.77280796
0.78091776
0.78939903
0.79802728
0.84191716
0.84191716
0.84191716
0.84191716
0.84191716
0.84191716
0.84191716
0.84191716
0.84191716
0.84191716
0.84191716
0.84191716
0.84191716
0.84191716
0.84191716
0.84191716
0.84191716
0.84191716
0.84191716
0.84191716
0.84191716
0.84191716
0.84191716
0.84191716
0.84191716
0.84191716
0.84191716
0.84191716
0.84191716
0.84191716
0.84191716
0.84191716
0.84191716
0.65835178
0.65826899
0.65823489
0.65821785
0.65821540
0.65821302
0.65822273
0.65822518
0.65821302
0.65818864
0.65816677
0.65817404
0.65818137
0.65818864
0.65819597
0.65821058
0.65823001
0.65826899
0.65831280
0.65835416
0.65833473
0.65833956
0.65836394
0.65840292
0.65844429
0.68015426
0.69845158
0.71800953
0.84191716
0.84191716
0.84191716
0.84191716
0.84191716
0.84191716
0.84191716
0.84191716
0.84191716
0.84191716
0.84191716
0.84191716
0.84191716
0.84191716
0.84191716
0.84191716
0.84191716
0.84191716
0.84191716
0.84191716
0.84191716
0.84191716
0.84191716
0.84191716
0.84191716
0.84191716
0.84191716
0.84191716
0.84191716
0.84191716
0.84191716
0.84191716
0.84191716
0.84191716
0.84191716
0.84191716
0.84191716
0.84191716
0.84191716
0.84191716
0.84191716
0.84191716
0.84191716
0.84191716
0.84191716
0.84191716
0.84191716
0.84191716
0.84191716
0.84191716
0.84191716
0.84191716
0.84191716
0.84191716
0.84191716
0.84191716
0.84191716
0.84191716
0.84191716
0.84191716
0.84191716
0.84191716
0.84191716
0.84191716
0.84191716
0.84191716
0.84191716
0.84191716
0.84191716
0.84191716
0.84191716
0.84191716
0.84191716
0.84191716
0.84191716
0.84191716
0.84191716
0.84191716
0.84191716
0.84191716
0.84191716
0.84191716
0.84191716
0.84191716
0.84191716
0.84191716
0.84191716
0.84191716
0.84191716
0.84191716
0.84191716
0.84191716
0.84191716
0.84191716
0.84191716
0.84191716
0.84191716
0.84191716
0.84191716
0.84191716
0.84191716
0.84191716
0.81771362
0.80514181
0.79084754
0.78425860
0.77437127
0.76458234
0.75360888
0.73706400
0.72707772
0.71900427
0.71412075
0.69578147
0.68768251
0.68220311
0.68120325
0.68127102
0.68170673
0.68236005
0.68317717
0.68374926
0.68257982
0.68139356
0.68076557
0.68038565
0.68039864
0.68054169
0.68110156
0.68217438
0.68557686
0.68733996
0.68612123
0.68574589
0.68219268
0.68532610
0.68515992
0.68487781
0.68517572
0.68592292
0.68585688
0.68421441
0.68391472
0.68389636
0.68387532
0.68365204
0.68350768
0.68396729
0.68369669
0.68347096
0.68339223
0.68338174
0.68340272
0.68343419
0.68429595
0.68490154
0.68408293
0.68364155
0.68341321
0.68325055
0.83829713
0.83829713
0.83829713
0.83829713
0.73451531
0.73401248
0.73383397
0.73379165
0.73368275
0.73365855
0.73355877
0.73355275
0.73351341
0.73353761
0.73348022
0.73348320
0.73347110
0.73355877
0.73353159
0.73361623
0.73363739
0.73367369
0.73378253
0.73392475
0.73407608
0.73425472
0.73497021
0.74241918
0.75008076
0.75754732
0.76511472
0.77291197
0.78109252
0.78955662
0.79806662
0.83829713
0.83829713
0.83829713
0.83829713
0.83829713
0.83829713
0.83829713
0.83829713
0.83829713
0.83829713
0.83829713
0.83829713
0.83829713
0.83829713
0.83829713
0.83829713
0.83829713
0.83829713
0.83829713
0.83829713
0.83829713
0.83829713
0.83829713
0.83829713
0.83829713
0.83829713
0.83829713
0.83829713
0.83829713
0.83829713
0.83829713
0.83829713
0.83829713
0.65998966
0.65960568
0.65953481
0.65949816
0.65947860
0.65947127
0.65945661
0.65940535
0.65941024
0.65938824
0.65937847
0.65937603
0.65937603
0.65938336
0.65941513
0.65947127
0.65947616
0.65949082
0.65952504
0.65956414
0.65956658
0.65962768
0.65965945
0.65967906
0.65976214
0.68129706
0.69903851
0.71817172
0.83829713
0.83829713
0.83829713
0.83829713
0.83829713
0.83829713
0.83829713
0.83829713
0.83829713
0.83829713
0.83829713
0.83829713
0.83829713
0.83829713
0.83829713
0.83829713
0.83829713
0.83829713
0.83829713
0.83829713
0.83829713
0.83829713
0.83829713
0.83829713
0.83829713
0.83829713
0.83829713
0.83829713
0.83829713
0.83829713
0.83829713
0.83829713
0.83829713
0.83829713
0.83829713
0.83829713
0.83829713
0.83829713
0.83829713
0.83829713
0.83829713
0.83829713
0.83829713
0.83829713
0.83829713
0.83829713
0.83829713
0.83829713
0.83829713
0.83829713
0.83829713
0.83829713
0.83829713
0.83829713
0.83829713
0.83829713
0.83829713
0.83829713
0.83829713
0.83829713
0.83829713
0.83829713
0.83829713
0.83829713
0.83829713
0.83829713
0.83829713
0.83829713
0.83829713
0.83829713
0.83829713
0.83829713
0.83829713
0.83829713
0.83829713
0.83829713
0.83829713
0.83829713
0.83829713
0.83829713
0.83829713
0.83829713
0.83829713
0.83829713
0.83829713
0.83829713
0.83829713
0.83829713
0.83829713
0.83829713
0.83829713
0.83829713
0.83829713
0.83829713
0.83829713
0.83829713
0.83829713
0.83829713
0.83829713
0.83829713
0.83829713
0.83829713
0.81518215
0.80345923
0.79655236
0.78359228
0.77886415
0.76262015
0.75467920
0.73562932
0.72858953
0.72177690
0.71383440
0.71010107
0.68672740
0.68427491
0.68589383
0.68348145
0.68699509
0.68770373
0.68815571
0.68906140
0.68809986
0.68718338
0.68251967
0.68214303
0.68227637
0.68295437
0.68434858
0.68764263
0.68721521
0.68639374
0.68581986
0.68545806
0.68519157
0.68480670
0.68450648
0.68440646
0.68566930
0.68539733
0.68419337
0.68380964
0.68379128
0.68382275
0.68376762
0.68559796
0.68477774
0.68418813
0.68389636
0.68382013
0.68369406
0.68357068
0.68375188
0.68680954
0.68584365
0.68511772
0.68460387
0.68429071
0.68399358
0.68379915
0.83470416
0.83470416
0.83470416
0.83470416
0.83470416
0.73569316
0.73552597
0.73539227
0.73530418
0.73522824
0.73515844
0.73511589
0.73509771
0.73505217
0.73502791
0.73501575
0.73501879
0.73504305
0.73507035
0.73510683
0.73518270
0.73526472
0.73537099
0.73549557
0.73564452
0.73583305
0.73607343
0.74227059
0.75000811
0.75757635
0.76518708
0.77303952
0.78123647
0.78969675
0.79813105
0.83470416
0.83470416
0.83470416
0.83470416
0.83470416
0.83470416
0.83470416
0.83470416
0.83470416
0.83470416
0.83470416
0.83470416
0.83470416
0.83470416
0.83470416
0.83470416
0.83470416
0.83470416
0.83470416
0.83470416
0.83470416
0.83470416
0.83470416
0.83470416
0.83470416
0.83470416
0.83470416
0.83470416
0.83470416
0.83470416
0.83470416
0.83470416
0.83470416
0.66249019
0.66102147
0.66090369
0.66082519
0.66077858
0.66076386
0.66072214
0.66070253
0.66068536
0.66066331
0.66064858
0.66064125
0.66064125
0.66065103
0.66068047
0.66071236
0.66072953
0.66075158
0.66078103
0.66081047
0.66083992
0.66087669
0.66092330
0.66100186
0.66115898
0.68203849
0.69960177
0.71847898
0.83470416
0.83470416
0.83470416
0.83470416
0.83470416
0.83470416
0.83470416
0.83470416
0.83470416
0.83470416
0.83470416
0.83470416
0.83470416
0.83470416
0.83470416
0.83470416
0.83470416
0.83470416
0.83470416
0.83470416
0.83470416
0.83470416
0.83470416
0.83470416
0.83470416
0.83470416
0.83470416
0.83470416
0.83470416
0.83470416
0.83470416
0.83470416
0.83470416
0.83470416
0.83470416
0.83470416
0.83470416
0.83470416
0.83470416
0.83470416
0.83470416
0.83470416
0.83470416
0.83470416
0.83470416
0.83470416
0.83470416
0.83470416
0.83470416
0.83470416
0.83470416
0.83470416
0.83470416
0.83470416
0.83470416
0.83470416
0.83470416
0.83470416
0.83470416
0.83470416
0.83470416
0.83470416
0.83470416
0.83470416
0.83470416
0.83470416
0.83470416
0.83470416
0.83470416
0.83470416
0.83470416
0.83470416
0.83470416
0.83470416
0.83470416
0.83470416
0.83470416
0.83470416
0.83470416
0.83470416
0.83470416
0.83470416
0.83470416
0.83470416
0.83470416
0.83470416
0.83470416
0.83470416
0.83470416
0.83470416
0.83470416
0.83470416
0.83470416
0.83470416
0.83470416
0.83470416
0.83470416
0.83470416
0.83470416
0.83470416
0.83470416
0.83470416
0.81345361
0.80333227
0.79483086
0.78439337
0.77824098
0.76106811
0.75884885
0.74726254
0.72823185
0.72348130
0.71406347
0.70990568
0.68710911
0.68529707
0.68555838
0.68608421
0.68688107
0.69209152
0.69057983
0.68940037
0.68844312
0.68745941
0.68668503
0.68677771
0.68707728
0.68744344
0.68871486
0.68802273
0.68733460
0.68671149
0.68624556
0.68579870
0.68546069
0.68516779
0.68463546
0.68498063
0.68524164
0.68483305
0.68461180
0.68442225
0.68439066
0.68893605
0.68776751
0.68693942
0.68613178
0.68547386
0.68499380
0.68452752
0.68437225
0.68543166
0.68983853
0.68887210
0.68801206
0.68747264
0.68695265
0.68643081
0.68604451
0.68601280
0.83114195
0.83114195
0.83114195
0.83114195
0.83114195
0.73739070
0.73719221
0.73705178
0.73692364
0.73683214
0.73675591
0.73670709
0.73666441
0.73662174
0.73660648
0.73658514
0.73658824
0.73659432
0.73661870
0.73666441
0.73672843
0.73681080
0.73690534
0.73704875
0.73719835
0.73739684
0.73762906
0.74217159
0.74988800
0.75758606
0.76524955
0.77322423
0.78136683
0.78976333
0.79815966
0.83114195
0.83114195
0.83114195
0.83114195
0.83114195
0.83114195
0.83114195
0.83114195
0.83114195
0.83114195
0.83114195
0.83114195
0.83114195
0.83114195
0.83114195
0.83114195
0.83114195
0.83114195
0.83114195
0.83114195
0.83114195
0.83114195
0.83114195
0.83114195
0.83114195
0.83114195
0.83114195
0.83114195
0.83114195
0.83114195
0.83114195
0.83114195
0.83114195
0.83114195
0.66246557
0.66232997
0.66223145
0.66215259
0.66210335
0.66204917
0.66204423
0.66204423
0.66201222
0.66198266
0.66196543
0.66195804
0.66197532
0.66199744
0.66201466
0.66203195
0.66205162
0.66208118
0.66210580
0.66212797
0.66218215
0.66224867
0.66235465
0.66255432
0.68260604
0.70009154
0.71876329
0.83114195
0.83114195
0.83114195
0.83114195
0.83114195
0.83114195
0.83114195
0.83114195
0.83114195
0.83114195
0.83114195
0.83114195
0.83114195
0.83114195
0.83114195
0.83114195
0.83114195
0.83114195
0.83114195
0.83114195
0.83114195
0.83114195
0.83114195
0.83114195
0.83114195
0.83114195
0.83114195
0.83114195
0.83114195
0.83114195
0.83114195
0.83114195
0.83114195
0.83114195
0.83114195
0.83114195
0.83114195
0.83114195
0.83114195
0.83114195
0.83114195
0.83114195
0.83114195
0.83114195
0.83114195
0.83114195
0.83114195
0.83114195
0.83114195
0.83114195
0.83114195
0.83114195
0.83114195
0.83114195
0.83114195
0.83114195
0.83114195
0.83114195
0.83114195
0.83114195
0.83114195
0.83114195
0.83114195
0.83114195
0.83114195
0.83114195
0.83114195
0.83114195
0.83114195
0.83114195
0.83114195
0.83114195
0.83114195
0.83114195
0.83114195
0.83114195
0.83114195
0.83114195
0.83114195
0.83114195
0.83114195
0.83114195
0.83114195
0.83114195
0.83114195
0.83114195
0.83114195
0.83114195
0.83114195
0.83114195
0.83114195
0.83114195
0.83114195
0.83114195
0.83114195
0.83114195
0.83114195
0.83114195
0.83114195
0.83114195
0.83114195
0.83114195
0.83114195
0.80606425
0.79376405
0.79089320
0.77919489
0.75986600
0.75677437
0.73612213
0.72781503
0.72191155
0.71230900
0.70668989
0.68815571
0.68632489
0.68626672
0.68814504
0.69220996
0.69129056
0.69019157
0.68914944
0.68819559
0.68759483
0.68732136
0.68770373
0.69362873
0.69287544
0.69173920
0.68998021
0.68903744
0.68831801
0.68767983
0.68710113
0.68695796
0.68685722
0.68958730
0.68852037
0.68747264
0.68664527
0.68622965
0.68710113
0.69212115
0.69091761
0.68949914
0.68807858
0.68726563
0.68671942
0.68638051
0.68927491
0.69112682
0.69213456
0.69100881
0.69013274
0.68965143
0.68945110
0.68944305
0.68950182
0.68959534
0.69003642
0.82761377
0.82761377
0.82761377
0.82761377
0.82761377
0.73910534
0.73888445
0.73870045
0.73856866
0.73846757
0.73838788
0.73831749
0.73827153
0.73823172
0.73820418
0.73818582
0.73818582
0.73818886
0.73820722
0.73825008
0.73830825
0.73838484
0.73847979
0.73860848
0.73876792
0.73896420
0.73920047
0.74206948
0.74977750
0.75756991
0.76534826
0.77334517
0.78148687
0.78976333
0.79815966
0.82761377
0.82761377
0.82761377
0.82761377
0.82761377
0.82761377
0.82761377
0.82761377
0.82761377
0.82761377
0.82761377
0.82761377
0.82761377
0.82761377
0.82761377
0.82761377
0.82761377
0.82761377
0.82761377
0.82761377
0.82761377
0.82761377
0.82761377
0.82761377
0.82761377
0.82761377
0.82761377
0.82761377
0.82761377
0.82761377
0.82761377
0.82761377
0.82761377
0.82761377
0.66397047
0.66378474
0.66366345
0.66356450
0.66349524
0.66343594
0.66340625
0.66338396
0.66336423
0.66333950
0.66331971
0.66332960
0.66333205
0.66334194
0.66335928
0.66337162
0.66338646
0.66340625
0.66344583
0.66349280
0.66353977
0.66360903
0.66375256
0.66393578
0.68278146
0.70059580
0.71912920
0.82761377
0.82761377
0.82761377
0.82761377
0.82761377
0.82761377
0.82761377
0.82761377
0.82761377
0.82761377
0.82761377
0.82761377
0.82761377
0.82761377
0.82761377
0.82761377
0.82761377
0.82761377
0.82761377
0.82761377
0.82761377
0.82761377
0.82761377
0.82761377
0.82761377
0.82761377
0.82761377
0.82761377
0.82761377
0.82761377
0.82761377
0.82761377
0.82761377
0.82761377
0.82761377
0.82761377
0.82761377
0.82761377
0.82761377
0.82761377
0.82761377
0.82761377
0.82761377
0.82761377
0.82761377
0.82761377
0.82761377
0.82761377
0.82761377
0.82761377
0.82761377
0.82761377
0.82761377
0.82761377
0.82761377
0.82761377
0.82761377
0.82761377
0.82761377
0.82761377
0.82761377
0.82761377
0.82761377
0.82761377
0.82761377
0.82761377
0.82761377
0.82761377
0.82761377
0.82761377
0.82761377
0.82761377
0.82761377
0.82761377
0.82761377
0.82761377
0.82761377
0.82761377
0.82761377
0.82761377
0.82761377
0.82761377
0.82761377
0.82761377
0.82761377
0.82761377
0.82761377
0.82761377
0.82761377
0.82761377
0.82761377
0.82761377
0.82761377
0.82761377
0.82761377
0.82761377
0.82761377
0.82761377
0.82761377
0.82761377
0.82761377
0.82761377
0.82761377
0.80446506
0.79302847
0.78902817
0.77502197
0.76112670
0.75499612
0.73618305
0.72793406
0.72101384
0.70835191
0.69987959
0.68918413
0.68774623
0.69598556
0.69362062
0.69256276
0.69145435
0.69043791
0.68943238
0.68878949
0.68957394
0.68973696
0.69331264
0.69419682
0.69311559
0.69232303
0.69172305
0.69147050
0.69121808
0.69123954
0.69269210
0.69365036
0.69228262
0.69122612
0.69048876
0.68997222
0.68973428
0.68969685
0.68994278
0.69042450
0.69085056
0.69009525
0.68929893
0.68901342
0.68885344
0.68870687
0.68887210
0.68922150
0.69045931
0.69158602
0.69089884
0.69018626
0.68965942
0.68950719
0.68961668
0.68992674
0.69046468
0.82411164
0.82411164
0.82411164
0.82411164
0.82411164
0.82411164
0.74059987
0.74036574
0.74022102
0.74012256
0.74003637
0.73995334
0.73988873
0.73984569
0.73981494
0.73979956
0.73979032
0.73979342
0.73980570
0.73984569
0.73990411
0.73998100
0.74006712
0.74019027
0.74034417
0.74053514
0.74076629
0.74199831
0.74967325
0.75754410
0.76539767
0.77343249
0.78155547
0.78973526
0.79813462
0.82411164
0.82411164
0.82411164
0.82411164
0.82411164
0.82411164
0.82411164
0.82411164
0.82411164
0.82411164
0.82411164
0.82411164
0.82411164
0.82411164
0.82411164
0.82411164
0.82411164
0.82411164
0.82411164
0.82411164
0.82411164
0.82411164
0.82411164
0.82411164
0.82411164
0.82411164
0.82411164
0.82411164
0.82411164
0.82411164
0.82411164
0.82411164
0.82411164
0.82411164
0.66546726
0.66528070
0.66511166
0.66499740
0.66491789
0.66484338
0.66481107
0.66478133
0.66475648
0.66473413
0.66471428
0.66471177
0.66471177
0.66471678
0.66472918
0.66474158
0.66476393
0.66479123
0.66482598
0.66487569
0.66492534
0.66500485
0.66515887
0.66537023
0.68289411
0.70097375
0.71956813
0.82411164
0.82411164
0.82411164
0.82411164
0.82411164
0.82411164
0.82411164
0.82411164
0.82411164
0.82411164
0.82411164
0.82411164
0.82411164
0.82411164
0.82411164
0.82411164
0.82411164
0.82411164
0.82411164
0.82411164
0.82411164
0.82411164
0.82411164
0.82411164
0.82411164
0.82411164
0.82411164
0.82411164
0.82411164
0.82411164
0.82411164
0.82411164
0.82411164
0.82411164
0.82411164
0.82411164
0.82411164
0.82411164
0.82411164
0.82411164
0.82411164
0.82411164
0.82411164
0.82411164
0.82411164
0.82411164
0.82411164
0.82411164
0.82411164
0.82411164
0.82411164
0.82411164
0.82411164
0.82411164
0.82411164
0.82411164
0.82411164
0.82411164
0.82411164
0.82411164
0.82411164
0.82411164
0.82411164
0.82411164
0.82411164
0.82411164
0.82411164
0.82411164
0.82411164
0.82411164
0.82411164
0.82411164
0.82411164
0.82411164
0.82411164
0.82411164
0.82411164
0.82411164
0.82411164
0.82411164
0.82411164
0.82411164
0.82411164
0.82411164
0.82411164
0.82411164
0.82411164
0.82411164
0.82411164
0.82411164
0.82411164
0.82411164
0.82411164
0.82411164
0.82411164
0.82411164
0.82411164
0.82411164
0.82411164
0.82411164
0.82411164
0.82411164
0.82411164
0.80445415
0.79364371
0.78717536
0.77150834
0.76673949
0.75336647
0.74804765
0.73257160
0.72146678
0.70534855
0.69551510
0.69191933
0.69140333
0.69280535
0.69416165
0.69505608
0.69519180
0.69345850
0.69195700
0.69096053
0.69292939
0.69246578
0.69230419
0.69248462
0.69305080
0.69267863
0.69214267
0.69160479
0.69107854
0.69110537
0.69122076
0.69183332
0.69271100
0.69201887
0.69127178
0.69065219
0.69020230
0.68975568
0.68960333
0.68981713
0.69027990
0.69072187
0.69018358
0.68961138
0.68938166
0.68913615
0.68917614
0.68934697
0.69020498
0.69161826
0.69251424
0.69142485
0.69073260
0.69045931
0.69039774
0.69119662
0.69265705
0.82063901
0.82063901
0.82063901
0.82063901
0.82063901
0.82063901
0.74228609
0.74204779
0.74189317
0.74179113
0.74167681
0.74159646
0.74153465
0.74147904
0.74144506
0.74142349
0.74140805
0.74141115
0.74141729
0.74145436
0.74150378
0.74158102
0.74167061
0.74178499
0.74193031
0.74210662
0.74232632
0.74276930
0.74957860
0.75751185
0.76542395
0.77345937
0.78154862
0.78968972
0.79815251
0.82063901
0.82063901
0.82063901
0.82063901
0.82063901
0.82063901
0.82063901
0.82063901
0.82063901
0.82063901
0.82063901
0.82063901
0.82063901
0.82063901
0.82063901
0.82063901
0.82063901
0.82063901
0.82063901
0.82063901
0.82063901
0.82063901
0.82063901
0.82063901
0.82063901
0.82063901
0.82063901
0.82063901
0.82063901
0.82063901
0.82063901
0.82063901
0.82063901
0.82063901
0.66700333
0.66677845
0.66661614
0.66645390
0.66635907
0.66628677
0.66623688
0.66620445
0.66617954
0.66615462
0.66613215
0.66611969
0.66611719
0.66612470
0.66613466
0.66615462
0.66617453
0.66619450
0.66622192
0.66626179
0.66633916
0.66643894
0.66660613
0.66684836
0.68286002
0.70123059
0.72011834
0.82063901
0.82063901
0.82063901
0.82063901
0.82063901
0.82063901
0.82063901
0.82063901
0.82063901
0.82063901
0.82063901
0.82063901
0.82063901
0.82063901
0.82063901
0.82063901
0.82063901
0.82063901
0.82063901
0.82063901
0.82063901
0.82063901
0.82063901
0.82063901
0.82063901
0.82063901
0.82063901
0.82063901
0.82063901
0.82063901
0.82063901
0.82063901
0.82063901
0.82063901
0.82063901
0.82063901
0.82063901
0.82063901
0.82063901
0.82063901
0.82063901
0.82063901
0.82063901
0.82063901
0.82063901
0.82063901
0.82063901
0.82063901
0.82063901
0.82063901
0.82063901
0.82063901
0.82063901
0.82063901
0.82063901
0.82063901
0.82063901
0.82063901
0.82063901
0.82063901
0.82063901
0.82063901
0.82063901
0.82063901
0.82063901
0.82063901
0.82063901
0.82063901
0.82063901
0.82063901
0.82063901
0.82063901
0.82063901
0.82063901
0.82063901
0.82063901
0.82063901
0.82063901
0.82063901
0.82063901
0.82063901
0.82063901
0.82063901
0.82063901
0.82063901
0.82063901
0.82063901
0.82063901
0.82063901
0.82063901
0.82063901
0.82063901
0.82063901
0.82063901
0.82063901
0.82063901
0.82063901
0.82063901
0.82063901
0.82063901
0.82063901
0.82063901
0.82063901
0.82063901
0.79560536
0.78642762
0.77076334
0.76327747
0.75276113
0.74584103
0.73489130
0.72330201
0.70312244
0.69496381
0.69211841
0.69132549
0.69186825
0.69241458
0.69304001
0.69399112
0.69570810
0.69504255
0.69429427
0.69376391
0.69324517
0.69297260
0.69297796
0.69316959
0.69365311
0.69500726
0.69304544
0.69209689
0.69190860
0.69188172
0.69220185
0.69318306
0.69380718
0.69808453
0.69281614
0.69244152
0.69211036
0.69171232
0.69143826
0.69129056
0.69207001
0.69552052
0.69746357
0.69192475
0.69172841
0.69163167
0.69174457
0.69300497
0.69622511
0.69659561
0.69836110
0.69840771
0.69637489
0.69305354
0.69368553
0.69479293
0.81719553
0.81719553
0.81719553
0.81719553
0.81719553
0.81719553
0.74400181
0.74374068
0.74359155
0.74345797
0.74334002
0.74325311
0.74318480
0.74313211
0.74308866
0.74305761
0.74304521
0.74303591
0.74304521
0.74306697
0.74312276
0.74319416
0.74328101
0.74339277
0.74353254
0.74371272
0.74391472
0.74417597
0.74949652
0.75747317
0.76539105
0.77346611
0.78150403
0.78965122
0.79818827
0.81719553
0.81719553
0.81719553
0.81719553
0.81719553
0.81719553
0.81719553
0.81719553
0.81719553
0.81719553
0.81719553
0.81719553
0.81719553
0.81719553
0.81719553
0.81719553
0.81719553
0.81719553
0.81719553
0.81719553
0.81719553
0.81719553
0.81719553
0.81719553
0.81719553
0.81719553
0.81719553
0.81719553
0.81719553
0.81719553
0.81719553
0.81719553
0.81719553
0.81719553
0.66857159
0.66830802
0.66811991
0.66795945
0.66784668
0.66774392
0.66769636
0.66766632
0.66764373
0.66761619
0.66758364
0.66756612
0.66755611
0.66756111
0.66757613
0.66759115
0.66761118
0.66763121
0.66765630
0.66770637
0.66779655
0.66790175
0.66809231
0.66832811
0.68258768
0.70151520
0.72062266
0.81719553
0.81719553
0.81719553
0.81719553
0.81719553
0.81719553
0.81719553
0.81719553
0.81719553
0.81719553
0.81719553
0.81719553
0.81719553
0.81719553
0.81719553
0.81719553
0.81719553
0.81719553
0.81719553
0.81719553
0.81719553
0.81719553
0.81719553
0.81719553
0.81719553
0.81719553
0.81719553
0.81719553
0.81719553
0.81719553
0.81719553
0.81719553
0.81719553
0.81719553
0.81719553
0.81719553
0.81719553
0.81719553
0.81719553
0.77411193
0.77309996
0.77296567
0.77293879
0.77294552
0.77303952
0.77314699
0.77325779
0.77329141
0.77329475
0.77327794
0.77327460
0.77327126
0.77329808
0.77336532
0.77346611
0.81719553
0.81719553
0.81719553
0.81719553
0.81719553
0.81719553
0.81719553
0.81719553
0.81719553
0.81719553
0.81719553
0.81719553
0.81719553
0.81719553
0.81719553
0.81719553
0.81719553
0.81719553
0.81719553
0.81719553
0.81719553
0.81719553
0.81719553
0.81719553
0.81719553
0.81719553
0.81719553
0.81719553
0.81719553
0.81719553
0.81719553
0.81719553
0.81719553
0.81719553
0.81719553
0.81719553
0.81719553
0.81719553
0.81719553
0.81719553
0.81719553
0.81719553
0.81719553
0.81719553
0.81719553
0.81719553
0.81719553
0.81719553
0.81719553
0.79346329
0.78738427
0.77503210
0.76176506
0.75752479
0.74392718
0.74001485
0.72863132
0.70201600
0.69487971
0.69293481
0.69249809
0.69323975
0.69403440
0.69448936
0.69483632
0.69549334
0.69748002
0.69621694
0.69582504
0.69545799
0.69520813
0.69540095
0.69876689
0.69915932
0.69988233
0.69924450
0.69749367
0.69709760
0.69683564
0.69667196
0.69663924
0.69749093
0.70067853
0.69802976
0.69553411
0.69514567
0.69541180
0.69571352
0.69584131
0.69587123
0.69597739
0.69770688
0.69603997
0.69522983
0.69520813
0.69529229
0.69553679
0.69579238
0.69662833
0.69866264
0.69674832
0.69546342
0.69488245
0.69458419
0.69453812
0.81378460
0.81378460
0.81378460
0.81378460
0.81378460
0.81378460
0.74580979
0.74544126
0.74527270
0.74513543
0.74502319
0.74492651
0.74484861
0.74478936
0.74474263
0.74470526
0.74468964
0.74470216
0.74468964
0.74470836
0.74475509
0.74482679
0.74490470
0.74501693
0.74514169
0.74533510
0.74552554
0.74576294
0.74943340
0.75743455
0.76536471
0.77339220
0.78145599
0.78964067
0.81378460
0.81378460
0.81378460
0.81378460
0.81378460
0.81378460
0.81378460
0.81378460
0.81378460
0.81378460
0.81378460
0.81378460
0.81378460
0.81378460
0.81378460
0.81378460
0.81378460
0.81378460
0.81378460
0.81378460
0.81378460
0.81378460
0.81378460
0.81378460
0.81378460
0.81378460
0.81378460
0.81378460
0.81378460
0.81378460
0.81378460
0.81378460
0.81378460
0.81378460
0.81378460
0.67015988
0.66987234
0.66964805
0.66947931
0.66934842
0.66923016
0.66916722
0.66913456
0.66911441
0.66907918
0.66904402
0.66902637
0.66902137
0.66902637
0.66903895
0.66904902
0.66907418
0.66909933
0.66912448
0.66917729
0.66926539
0.66940129
0.66959268
0.66982949
0.68230510
0.70177245
0.72119200
0.81378460
0.81378460
0.81378460
0.81378460
0.81378460
0.81378460
0.81378460
0.81378460
0.81378460
0.81378460
0.81378460
0.81378460
0.81378460
0.81378460
0.81378460
0.81378460
0.81378460
0.81378460
0.81378460
0.81378460
0.81378460
0.81378460
0.81378460
0.81378460
0.81378460
0.81378460
0.81378460
0.81378460
0.81378460
0.81378460
0.81378460
0.81378460
0.81378460
0.81378460
0.81378460
0.81378460
0.81378460
0.81378460
0.81378460
0.77115405
0.76965028
0.76952380
0.76950383
0.76951385
0.76958704
0.76965690
0.76974678
0.76976675
0.76973015
0.76975346
0.76978338
0.76982999
0.76987660
0.76993990
0.77005649
0.81378460
0.81378460
0.81378460
0.81378460
0.81378460
0.81378460
0.81378460
0.81378460
0.81378460
0.81378460
0.81378460
0.81378460
0.81378460
0.81378460
0.81378460
0.81378460
0.81378460
0.81378460
0.81378460
0.81378460
0.81378460
0.81378460
0.81378460
0.81378460
0.81378460
0.81378460
0.81378460
0.81378460
0.81378460
0.81378460
0.81378460
0.81378460
0.81378460
0.81378460
0.81378460
0.81378460
0.81378460
0.81378460
0.81378460
0.81378460
0.81378460
0.81378460
0.81378460
0.81378460
0.81378460
0.81378460
0.81378460
0.81378460
0.81378460
0.79149103
0.78823155
0.77268046
0.76219237
0.75567240
0.74435335
0.73847979
0.73698467
0.70141292
0.69589573
0.69400734
0.69352603
0.69404525
0.69467908
0.69515109
0.69580328
0.70089644
0.70144886
0.70010531
0.69923347
0.69867909
0.69836110
0.69809544
0.69827896
0.69910991
0.69917309
0.69749641
0.69671285
0.69652474
0.69639397
0.69631767
0.69649208
0.69703478
0.69956052
0.69568634
0.69463027
0.69471157
0.69498557
0.69508326
0.69510770
0.69534391
0.69670194
0.69658202
0.69553953
0.69533575
0.69540912
0.69557488
0.69565099
0.69590116
0.69786280
0.69797504
0.69558847
0.69481194
0.69455707
0.69460589
0.69474953
0.81039828
0.81039828
0.81039828
0.81039828
0.81039828
0.81039828
0.81039828
0.74716848
0.74698973
0.74683619
0.74672651
0.74662626
0.74653548
0.74646658
0.74642277
0.74639463
0.74636334
0.74637896
0.74635392
0.74637270
0.74640089
0.74647284
0.74654800
0.74664819
0.74677348
0.74694270
0.74714339
0.74738181
0.74944288
0.75739586
0.76531208
0.77331156
0.78141141
0.78966868
0.81039828
0.81039828
0.81039828
0.81039828
0.81039828
0.81039828
0.81039828
0.81039828
0.81039828
0.81039828
0.81039828
0.81039828
0.81039828
0.81039828
0.81039828
0.81039828
0.81039828
0.81039828
0.81039828
0.81039828
0.81039828
0.81039828
0.81039828
0.81039828
0.81039828
0.81039828
0.81039828
0.81039828
0.81039828
0.81039828
0.81039828
0.81039828
0.81039828
0.81039828
0.81039828
0.67175317
0.67145926
0.67118579
0.67101377
0.67086452
0.67073059
0.67065477
0.67060673
0.67058146
0.67054862
0.67052084
0.67050821
0.67049563
0.67049813
0.67051327
0.67053348
0.67055625
0.67057896
0.67061687
0.67067748
0.67076087
0.67093790
0.67111999
0.67134780
0.68190521
0.70202428
0.72177982
0.81039828
0.81039828
0.81039828
0.81039828
0.81039828
0.81039828
0.81039828
0.81039828
0.81039828
0.81039828
0.81039828
0.81039828
0.81039828
0.81039828
0.81039828
0.81039828
0.81039828
0.81039828
0.81039828
0.81039828
0.81039828
0.81039828
0.81039828
0.81039828
0.81039828
0.81039828
0.81039828
0.81039828
0.81039828
0.81039828
0.81039828
0.81039828
0.81039828
0.81039828
0.81039828
0.81039828
0.81039828
0.81039828
0.81039828
0.76884907
0.76634008
0.76622790
0.76611906
0.76620150
0.76621139
0.76632029
0.76639289
0.76642585
0.76643574
0.76647204
0.76648855
0.76652819
0.76654470
0.76664042
0.76679236
0.81039828
0.81039828
0.81039828
0.81039828
0.81039828
0.81039828
0.81039828
0.81039828
0.81039828
0.81039828
0.81039828
0.81039828
0.81039828
0.81039828
0.81039828
0.81039828
0.81039828
0.81039828
0.81039828
0.81039828
0.81039828
0.81039828
0.81039828
0.81039828
0.81039828
0.81039828
0.81039828
0.81039828
0.81039828
0.81039828
0.81039828
0.81039828
0.81039828
0.81039828
0.81039828
0.81039828
0.81039828
0.81039828
0.81039828
0.81039828
0.81039828
0.81039828
0.81039828
0.81039828
0.81039828
0.81039828
0.81039828
0.81039828
0.81039828
0.79052794
0.78623658
0.77130777
0.76884907
0.74527895
0.74406087
0.73719835
0.73498845
0.70349479
0.69710851
0.69534117
0.69481194
0.69501269
0.69602907
0.69974202
0.70095998
0.70102894
0.69983280
0.69906598
0.69853652
0.69815022
0.69782728
0.69775337
0.69832826
0.69897813
0.69783819
0.69721502
0.69713032
0.69694203
0.69675106
0.69662017
0.69695836
0.69699931
0.69561565
0.69504523
0.69498825
0.69502622
0.69508326
0.69511855
0.69567275
0.69690657
0.69691199
0.69624144
0.69619787
0.69621962
0.69626051
0.69626594
0.69627410
0.69684654
0.69653022
0.69570535
0.69532758
0.69523525
0.69520813
0.69529504
0.69556671
0.80704004
0.80704004
0.80704004
0.80704004
0.80704004
0.80704004
0.80704004
0.74893206
0.74872100
0.74856985
0.74844396
0.74833381
0.74823946
0.74816400
0.74811679
0.74806648
0.74806339
0.74803507
0.74803823
0.74806339
0.74809164
0.74813253
0.74820173
0.74829608
0.74840933
0.74856353
0.74875247
0.74896985
0.74966699
0.75738293
0.76525617
0.77323091
0.78132224
0.80704004
0.80704004
0.80704004
0.80704004
0.80704004
0.80704004
0.80704004
0.80704004
0.80704004
0.80704004
0.80704004
0.80704004
0.80704004
0.80704004
0.80704004
0.80704004
0.80704004
0.80704004
0.80704004
0.80704004
0.80704004
0.80704004
0.80704004
0.80704004
0.80704004
0.80704004
0.80704004
0.80704004
0.80704004
0.80704004
0.80704004
0.80704004
0.80704004
0.80704004
0.80704004
0.80704004
0.67358339
0.67301291
0.67273569
0.67256284
0.67239010
0.67224789
0.67214888
0.67209810
0.67205501
0.67202961
0.67200929
0.67199665
0.67199159
0.67199159
0.67200172
0.67202705
0.67205751
0.67208546
0.67213362
0.67220724
0.67230374
0.67247647
0.67266703
0.67289084
0.68137795
0.70225972
0.72246826
0.80704004
0.80704004
0.80704004
0.80704004
0.80704004
0.80704004
0.80704004
0.80704004
0.80704004
0.80704004
0.80704004
0.80704004
0.80704004
0.80704004
0.80704004
0.80704004
0.80704004
0.80704004
0.80704004
0.80704004
0.80704004
0.80704004
0.80704004
0.80704004
0.80704004
0.80704004
0.80704004
0.80704004
0.80704004
0.80704004
0.80704004
0.80704004
0.80704004
0.80704004
0.80704004
0.80704004
0.80704004
0.80704004
0.80704004
0.76787400
0.76305825
0.76294702
0.76292741
0.76296991
0.76301241
0.76306480
0.76310730
0.76314986
0.76318580
0.76322180
0.76327091
0.76328725
0.76332331
0.76336908
0.76349682
0.80704004
0.80704004
0.80704004
0.80704004
0.80704004
0.80704004
0.80704004
0.80704004
0.80704004
0.80704004
0.80704004
0.80704004
0.80704004
0.80704004
0.80704004
0.80704004
0.80704004
0.80704004
0.80704004
0.80704004
0.80704004
0.80704004
0.80704004
0.80704004
0.80704004
0.80704004
0.80704004
0.80704004
0.80704004
0.80704004
0.80704004
0.80704004
0.80704004
0.80704004
0.80704004
0.80704004
0.80704004
0.80704004
0.80704004
0.80704004
0.80704004
0.80704004
0.80704004
0.80704004
0.80704004
0.80704004
0.80704004
0.80704004
0.80704004
0.80704004
0.78435534
0.77026975
0.76720548
0.75482005
0.74145436
0.73707318
0.73384303
0.71896070
0.69904953
0.69703752
0.69666654
0.69883269
0.70036423
0.70174474
0.70075577
0.69976676
0.69914562
0.69862425
0.69810367
0.69775885
0.69748545
0.69778621
0.69911540
0.69875866
0.69833922
0.69831455
0.69835293
0.69812286
0.69790936
0.69811189
0.69825703
0.69689292
0.69630677
0.69613254
0.69611615
0.69615704
0.69625777
0.69665289
0.70186096
0.70160645
0.70131069
0.70136040
0.69932967
0.69935709
0.70024300
0.70264781
0.70231509
0.69938457
0.69775611
0.69710034
0.69686562
0.69682741
0.69809818
0.70272827
0.70213503
0.80370951
0.80370951
0.80370951
0.80370951
0.80370951
0.80370951
0.80370951
0.75073248
0.75046974
0.75031793
0.75018197
0.75006497
0.74996388
0.74988484
0.74983436
0.74979961
0.74977434
0.74975854
0.74974275
0.74975854
0.74978381
0.74982172
0.74988168
0.74996388
0.75006181
0.75019145
0.75036222
0.75056785
0.75087178
0.75738293
0.76517719
0.77314699
0.78129822
0.80370951
0.80370951
0.80370951
0.80370951
0.80370951
0.80370951
0.80370951
0.80370951
0.80370951
0.80370951
0.80370951
0.80370951
0.80370951
0.80370951
0.80370951
0.80370951
0.80370951
0.80370951
0.80370951
0.80370951
0.80370951
0.80370951
0.80370951
0.80370951
0.80370951
0.80370951
0.80370951
0.80370951
0.80370951
0.80370951
0.80370951
0.80370951
0.80370951
0.80370951
0.80370951
0.80370951
0.67566460
0.67457128
0.67428511
0.67407829
0.67389196
0.67378229
0.67368793
0.67360377
0.67355794
0.67351967
0.67349166
0.67348403
0.67348659
0.67349166
0.67350185
0.67353243
0.67356044
0.67360377
0.67366242
0.67374659
0.67384607
0.67402208
0.67422634
0.67444861
0.68105209
0.70241767
0.72306401
0.80370951
0.80370951
0.80370951
0.80370951
0.80370951
0.80370951
0.80370951
0.80370951
0.80370951
0.80370951
0.80370951
0.80370951
0.80370951
0.80370951
0.80370951
0.80370951
0.80370951
0.80370951
0.80370951
0.80370951
0.80370951
0.80370951
0.80370951
0.80370951
0.80370951
0.80370951
0.80370951
0.80370951
0.80370951
0.80370951
0.80370951
0.80370951
0.80370951
0.80370951
0.80370951
0.80370951
0.80370951
0.80370951
0.80370951
0.76750976
0.75982708
0.75972009
0.75971031
0.75974923
0.75979143
0.75982708
0.75988549
0.75993091
0.75996983
0.76000875
0.76006067
0.76009965
0.76010615
0.76012886
0.76024246
0.80370951
0.80370951
0.80370951
0.80370951
0.80370951
0.80370951
0.80370951
0.80370951
0.80370951
0.80370951
0.80370951
0.80370951
0.80370951
0.80370951
0.80370951
0.80370951
0.80370951
0.80370951
0.80370951
0.80370951
0.80370951
0.80370951
0.80370951
0.80370951
0.80370951
0.80370951
0.80370951
0.80370951
0.80370951
0.80370951
0.80370951
0.80370951
0.80370951
0.80370951
0.80370951
0.80370951
0.80370951
0.80370951
0.80370951
0.80370951
0.80370951
0.80370951
0.80370951
0.80370951
0.80370951
0.80370951
0.80370951
0.80370951
0.80370951
0.80370951
0.78294432
0.77075666
0.76510155
0.75074512
0.74021488
0.73874336
0.73242992
0.71401763
0.70145166
0.69982177
0.70009154
0.70841676
0.70769572
0.69969803
0.69906050
0.69852555
0.69816941
0.69789016
0.69783545
0.69805163
0.69866538
0.70540726
0.70480114
0.70420724
0.70244259
0.70121121
0.70082194
0.70583522
0.70418495
0.70217109
0.70061231
0.69960999
0.69866538
0.69819129
0.69809818
0.69818306
0.70275319
0.70212948
0.70182502
0.70154840
0.70122778
0.70105106
0.70150137
0.70189142
0.70319188
0.70227355
0.70167840
0.70166457
0.70174199
0.70178348
0.70185822
0.70223755
0.70404571
0.70283365
0.70201319
0.80040997
0.80040997
0.80040997
0.80040997
0.80040997
0.80040997
0.80040997
0.80040997
0.75226486
0.75207418
0.75193757
0.75182003
0.75170892
0.75163591
0.75157881
0.75152802
0.75149316
0.75146776
0.75146461
0.75147408
0.75148994
0.75152802
0.75157565
0.75164545
0.75173432
0.75184226
0.75198841
0.75217587
0.75241113
0.75742483
0.76510811
0.77311003
0.78135651
0.80040997
0.80040997
0.80040997
0.80040997
0.80040997
0.80040997
0.80040997
0.80040997
0.80040997
0.80040997
0.80040997
0.80040997
0.80040997
0.80040997
0.80040997
0.80040997
0.80040997
0.80040997
0.80040997
0.80040997
0.80040997
0.80040997
0.80040997
0.80040997
0.80040997
0.80040997
0.80040997
0.80040997
0.80040997
0.80040997
0.80040997
0.80040997
0.80040997
0.80040997
0.80040997
0.80040997
0.80040997
0.67612916
0.67583394
0.67560053
0.67541593
0.67531347
0.67521870
0.67513674
0.67507273
0.67502916
0.67499077
0.67497289
0.67497545
0.67499334
0.67502153
0.67507017
0.67511111
0.67513931
0.67519820
0.67529297
0.67539543
0.67556721
0.67576981
0.67599052
0.68042463
0.70261729
0.72365487
0.80040997
0.80040997
0.80040997
0.80040997
0.80040997
0.80040997
0.80040997
0.80040997
0.80040997
0.80040997
0.80040997
0.80040997
0.80040997
0.80040997
0.80040997
0.80040997
0.80040997
0.80040997
0.80040997
0.80040997
0.80040997
0.80040997
0.80040997
0.80040997
0.80040997
0.80040997
0.80040997
0.80040997
0.80040997
0.80040997
0.80040997
0.80040997
0.80040997
0.80040997
0.80040997
0.80040997
0.80040997
0.80040997
0.80040997
0.76835459
0.75666177
0.75652993
0.75654924
0.75659102
0.75661355
0.75669396
0.75673574
0.75676149
0.75678724
0.75681621
0.75686449
0.75689989
0.75691277
0.75693530
0.75706083
0.80040997
0.80040997
0.80040997
0.80040997
0.80040997
0.80040997
0.80040997
0.80040997
0.80040997
0.80040997
0.80040997
0.80040997
0.80040997
0.80040997
0.80040997
0.80040997
0.80040997
0.80040997
0.80040997
0.80040997
0.80040997
0.80040997
0.80040997
0.80040997
0.80040997
0.80040997
0.80040997
0.80040997
0.80040997
0.80040997
0.80040997
0.80040997
0.80040997
0.80040997
0.80040997
0.80040997
0.80040997
0.80040997
0.80040997
0.80040997
0.80040997
0.80040997
0.80040997
0.80040997
0.80040997
0.80040997
0.80040997
0.80040997
0.80040997
0.80040997
0.78285480
0.77135789
0.76234579
0.74977118
0.74325311
0.73683518
0.73310256
0.70919573
0.70303357
0.70201319
0.70599478
0.70523399
0.69936264
0.69905502
0.69903028
0.69916481
0.69961274
0.69948077
0.69915658
0.70585483
0.70662820
0.70520043
0.70415711
0.70387864
0.70368111
0.70360881
0.70366997
0.70455289
0.70533460
0.70398164
0.70307797
0.70230126
0.70190525
0.70164794
0.70162308
0.70153457
0.70240659
0.70273381
0.70206302
0.70189416
0.70157605
0.70146823
0.70157880
0.70207691
0.70246756
0.70278096
0.70205754
0.70202428
0.70228189
0.70235670
0.70222646
0.70239270
0.70275319
0.70375067
0.70284480
0.79713380
0.79713380
0.79713380
0.79713380
0.79713380
0.79713380
0.79713380
0.79713380
0.75409096
0.75387061
0.75370145
0.75358015
0.75347811
0.75339836
0.75333780
0.75328678
0.75324851
0.75321984
0.75321347
0.75321984
0.75323260
0.75325489
0.75329316
0.75335056
0.75342071
0.75351954
0.75364399
0.75380993
0.75403029
0.75737327
0.76506865
0.77309996
0.79713380
0.79713380
0.79713380
0.79713380
0.79713380
0.79713380
0.79713380
0.79713380
0.79713380
0.79713380
0.79713380
0.79713380
0.79713380
0.79713380
0.79713380
0.79713380
0.79713380
0.79713380
0.79713380
0.79713380
0.79713380
0.79713380
0.79713380
0.79713380
0.79713380
0.79713380
0.79713380
0.79713380
0.79713380
0.79713380
0.79713380
0.79713380
0.79713380
0.79713380
0.79713380
0.79713380
0.79713380
0.79713380
0.67770457
0.67739767
0.67716318
0.67695200
0.67681557
0.67674094
0.67666894
0.67660463
0.67655319
0.67651463
0.67647862
0.67650175
0.67653263
0.67657632
0.67660207
0.67662519
0.67666894
0.67673326
0.67679757
0.67693657
0.67710394
0.67730743
0.67751372
0.67979842
0.70288640
0.72420543
0.79713380
0.79713380
0.79713380
0.79713380
0.79713380
0.79713380
0.79713380
0.79713380
0.79713380
0.79713380
0.79713380
0.79713380
0.79713380
0.79713380
0.79713380
0.79713380
0.79713380
0.79713380
0.79713380
0.79713380
0.79713380
0.79713380
0.79713380
0.79713380
0.79713380
0.79713380
0.79713380
0.79713380
0.79713380
0.79713380
0.79713380
0.79713380
0.79713380
0.79713380
0.79713380
0.79713380
0.79713380
0.79713380
0.79713380
0.77094698
0.75346535
0.75331545
0.75334096
0.75340158
0.75347173
0.75355786
0.75359929
0.75361526
0.75364077
0.75366634
0.75369185
0.75369823
0.75370461
0.75373334
0.75385141
0.79713380
0.79713380
0.79713380
0.79713380
0.79713380
0.79713380
0.79713380
0.79713380
0.79713380
0.79713380
0.79713380
0.79713380
0.79713380
0.79713380
0.79713380
0.79713380
0.79713380
0.79713380
0.79713380
0.79713380
0.79713380
0.79713380
0.79713380
0.79713380
0.79713380
0.79713380
0.79713380
0.79713380
0.79713380
0.79713380
0.79713380
0.79713380
0.79713380
0.79713380
0.79713380
0.79713380
0.79713380
0.79713380
0.79713380
0.79713380
0.79713380
0.79713380
0.79713380
0.79713380
0.79713380
0.79713380
0.79713380
0.79713380
0.79713380
0.79713380
0.79713380
0.77397394
0.76069731
0.75494808
0.74313521
0.73875868
0.73378557
0.70810395
0.70444971
0.70400953
0.70572609
0.70582682
0.70307797
0.70202708
0.70089924
0.70007223
0.70565891
0.70512784
0.70460868
0.70439118
0.70459753
0.70523399
0.70455009
0.70377290
0.70356983
0.70356148
0.70364219
0.70372564
0.70392323
0.70432431
0.70341694
0.70260340
0.70217657
0.70211011
0.70209903
0.70221537
0.70266998
0.70366997
0.70555544
0.70293361
0.70308906
0.70316684
0.70315015
0.70327795
0.70374507
0.70600039
0.70881450
0.70939362
0.70464492
0.70451385
0.70516694
0.70427412
0.70413762
0.70278096
0.70791811
0.79388440
0.79388440
0.79388440
0.79388440
0.79388440
0.79388440
0.79388440
0.79388440
0.75594199
0.75569808
0.75550240
0.75536460
0.75526839
0.75518829
0.75512421
0.75507617
0.75504416
0.75501531
0.75499934
0.75499290
0.75500256
0.75501853
0.75504094
0.75507617
0.75514024
0.75522035
0.75534213
0.75548637
0.75570768
0.75732493
0.76502264
0.77311003
0.79388440
0.79388440
0.79388440
0.79388440
0.79388440
0.79388440
0.79388440
0.79388440
0.79388440
0.79388440
0.79388440
0.79388440
0.79388440
0.79388440
0.79388440
0.79388440
0.79388440
0.79388440
0.79388440
0.79388440
0.79388440
0.79388440
0.79388440
0.79388440
0.79388440
0.79388440
0.79388440
0.79388440
0.79388440
0.79388440
0.79388440
0.79388440
0.79388440
0.79388440
0.79388440
0.79388440
0.79388440
0.79388440
0.67928731
0.67897123
0.67873049
0.67850024
0.67836577
0.67827529
0.67820030
0.67813057
0.67808926
0.67804277
0.67802984
0.67804790
0.67806083
0.67807633
0.67810476
0.67814863
0.67820811
0.67827529
0.67834765
0.67847174
0.67862177
0.67881328
0.67902565
0.67994380
0.70315295
0.72426432
0.79388440
0.79388440
0.79388440
0.79388440
0.79388440
0.79388440
0.79388440
0.79388440
0.79388440
0.79388440
0.79388440
0.79388440
0.79388440
0.79388440
0.79388440
0.79388440
0.79388440
0.79388440
0.79388440
0.79388440
0.79388440
0.79388440
0.79388440
0.79388440
0.79388440
0.79388440
0.79388440
0.79388440
0.79388440
0.79388440
0.79388440
0.79388440
0.79388440
0.79388440
0.79388440
0.79388440
0.79388440
0.79388440
0.79388440
0.79388440
0.75030529
0.75016296
0.75021040
0.75029892
0.75036538
0.75042862
0.75052673
0.75054568
0.75056154
0.75059950
0.75062168
0.75063747
0.75062799
0.75062484
0.75075781
0.75180417
0.79388440
0.79388440
0.79388440
0.79388440
0.79388440
0.79388440
0.79388440
0.79388440
0.79388440
0.79388440
0.79388440
0.79388440
0.79388440
0.79388440
0.79388440
0.79388440
0.79388440
0.79388440
0.79388440
0.79388440
0.79388440
0.79388440
0.79388440
0.79388440
0.79388440
0.79388440
0.79388440
0.79388440
0.79388440
0.79388440
0.79388440
0.79388440
0.79388440
0.79388440
0.79388440
0.79388440
0.79388440
0.79388440
0.79388440
0.79388440
0.79388440
0.79388440
0.79388440
0.79388440
0.79388440
0.79388440
0.79388440
0.79388440
0.79388440
0.79388440
0.77210063
0.75889415
0.75316882
0.74335861
0.73796850
0.73494291
0.70808423
0.70523399
0.70441628
0.70531780
0.70622164
0.70748758
0.70923251
0.70957178
0.70903754
0.70754945
0.70677406
0.70638704
0.70600039
0.70574564
0.70607042
0.70985192
0.70991701
0.70470351
0.70441908
0.70441908
0.70455289
0.70491004
0.70593041
0.70940775
0.71016061
0.70305020
0.70270604
0.70290309
0.70327795
0.70372564
0.70535415
0.70804483
0.70842803
0.70751852
0.70725989
0.70722902
0.70731610
0.70724022
0.70771825
0.70833784
0.70795751
0.70702112
0.70674884
0.70680213
0.70671237
0.70685548
0.70722055
0.70756632
0.79066485
0.79066485
0.79066485
0.79066485
0.79066485
0.79066485
0.79066485
0.79066485
0.75775051
0.75753444
0.75734431
0.75719285
0.75707692
0.75700611
0.75694495
0.75689346
0.75685805
0.75682908
0.75680655
0.75680655
0.75680655
0.75680655
0.75682586
0.75686127
0.75689667
0.75697392
0.75707048
0.75720578
0.75740230
0.75783437
0.76500618
0.79066485
0.79066485
0.79066485
0.79066485
0.79066485
0.79066485
0.79066485
0.79066485
0.79066485
0.79066485
0.79066485
0.79066485
0.79066485
0.79066485
0.79066485
0.79066485
0.79066485
0.79066485
0.79066485
0.79066485
0.79066485
0.79066485
0.79066485
0.79066485
0.79066485
0.79066485
0.79066485
0.79066485
0.79066485
0.79066485
0.79066485
0.79066485
0.79066485
0.79066485
0.79066485
0.79066485
0.79066485
0.79066485
0.79066485
0.68086708
0.68054950
0.68029201
0.68004775
0.67992306
0.67982954
0.67973870
0.67966604
0.67961931
0.67959076
0.67957520
0.67955965
0.67956483
0.67959338
0.67962712
0.67968678
0.67975688
0.67983216
0.67991006
0.68001395
0.68015689
0.68031281
0.68054432
0.68107033
0.70333636
0.72437042
0.74921572
0.79066485
0.79066485
0.79066485
0.79066485
0.79066485
0.79066485
0.79066485
0.79066485
0.79066485
0.79066485
0.79066485
0.79066485
0.79066485
0.79066485
0.79066485
0.79066485
0.79066485
0.79066485
0.79066485
0.79066485
0.79066485
0.79066485
0.79066485
0.79066485
0.79066485
0.79066485
0.79066485
0.79066485
0.79066485
0.79066485
0.79066485
0.79066485
0.79066485
0.79066485
0.79066485
0.79066485
0.79066485
0.79066485
0.79066485
0.74720609
0.74709320
0.74714339
0.74724376
0.74731904
0.74738181
0.74743515
0.74750733
0.74751359
0.74752617
0.74754184
0.74759525
0.74758267
0.74761093
0.74768001
0.74854463
0.79066485
0.79066485
0.79066485
0.79066485
0.79066485
0.79066485
0.79066485
0.79066485
0.79066485
0.79066485
0.79066485
0.79066485
0.79066485
0.79066485
0.79066485
0.79066485
0.79066485
0.79066485
0.79066485
0.79066485
0.79066485
0.79066485
0.79066485
0.79066485
0.79066485
0.79066485
0.79066485
0.79066485
0.79066485
0.79066485
0.79066485
0.79066485
0.79066485
0.79066485
0.79066485
0.79066485
0.79066485
0.79066485
0.79066485
0.79066485
0.79066485
0.79066485
0.79066485
0.79066485
0.79066485
0.79066485
0.79066485
0.79066485
0.79066485
0.79066485
0.77071327
0.76684189
0.75185180
0.74937975
0.73782474
0.73405486
0.70864522
0.70622164
0.70564777
0.70674038
0.70875245
0.71058297
0.70953780
0.70931160
0.71209532
0.71142930
0.71107692
0.71104848
0.71078444
0.71060854
0.71040434
0.71106273
0.71037883
0.70926356
0.70898956
0.70874959
0.70846754
0.70838857
0.70831525
0.70883143
0.71011525
0.70870161
0.70742571
0.70546877
0.70705765
0.70729643
0.70806736
0.70802230
0.70726836
0.70715594
0.70707726
0.70702952
0.70716435
0.70740044
0.70822793
0.70752132
0.70699865
0.70675445
0.70653003
0.70651877
0.70666182
0.70671237
0.70830119
0.70759445
0.78747135
0.78747135
0.78747135
0.78747135
0.78747135
0.78747135
0.78747135
0.78747135
0.78747135
0.75933117
0.75917572
0.75903004
0.75893295
0.75885528
0.75879711
0.75875181
0.75871623
0.75870329
0.75869036
0.75868064
0.75867742
0.75868064
0.75868714
0.75869679
0.75872266
0.75876796
0.75885528
0.75895560
0.75912392
0.75932145
0.76492071
0.78747135
0.78747135
0.78747135
0.78747135
0.78747135
0.78747135
0.78747135
0.78747135
0.78747135
0.78747135
0.78747135
0.78747135
0.78747135
0.78747135
0.78747135
0.78747135
0.78747135
0.78747135
0.78747135
0.78747135
0.78747135
0.78747135
0.78747135
0.78747135
0.78747135
0.78747135
0.78747135
0.78747135
0.78747135
0.78747135
0.78747135
0.78747135
0.78747135
0.78747135
0.78747135
0.78747135
0.78747135
0.78747135
0.78747135
0.68246210
0.68212730
0.68184775
0.68160754
0.68144578
0.68135446
0.68127364
0.68122149
0.68116933
0.68113548
0.68110418
0.68108594
0.68108594
0.68111724
0.68116152
0.68121368
0.68127882
0.68135965
0.68145621
0.68157881
0.68173021
0.68189478
0.68209076
0.68246734
0.70358652
0.72421426
0.74931669
0.78747135
0.78747135
0.78747135
0.78747135
0.78747135
0.78747135
0.78747135
0.78747135
0.78747135
0.78747135
0.78747135
0.78747135
0.78747135
0.78747135
0.78747135
0.78747135
0.78747135
0.78747135
0.78747135
0.78747135
0.78747135
0.78747135
0.78747135
0.78747135
0.78747135
0.78747135
0.78747135
0.78747135
0.78747135
0.78747135
0.78747135
0.78747135
0.78747135
0.78747135
0.78747135
0.78747135
0.78747135
0.78747135
0.78747135
0.74419773
0.74407643
0.74411684
0.74421954
0.74430668
0.74437517
0.74442494
0.74445295
0.74447167
0.74450588
0.74453080
0.74458688
0.74455261
0.74459308
0.74459624
0.74515414
0.78747135
0.78747135
0.78747135
0.78747135
0.78747135
0.78747135
0.78747135
0.78747135
0.78747135
0.78747135
0.78747135
0.78747135
0.78747135
0.78747135
0.78747135
0.78747135
0.78747135
0.78747135
0.78747135
0.78747135
0.78747135
0.78747135
0.78747135
0.78747135
0.78747135
0.78747135
0.78747135
0.78747135
0.78747135
0.78747135
0.78747135
0.78747135
0.78747135
0.78747135
0.78747135
0.78747135
0.78747135
0.78747135
0.78747135
0.78747135
0.78747135
0.78747135
0.78747135
0.78747135
0.78747135
0.78747135
0.78747135
0.78747135
0.78747135
0.78747135
0.78747135
0.76491416
0.75086862
0.74764234
0.73908693
0.73355573
0.70986038
0.70774359
0.70780265
0.70934838
0.70994252
0.71228337
0.71390599
0.71292526
0.71234035
0.71156299
0.71108544
0.71057451
0.71025407
0.71006709
0.71086395
0.71049225
0.70923531
0.70871007
0.70845342
0.70835757
0.70833498
0.70831525
0.70867342
0.70924097
0.70850980
0.70791245
0.70744824
0.70737511
0.70742011
0.70882583
0.70860291
0.70799977
0.70774919
0.70758319
0.70745665
0.70745945
0.70764792
0.70825613
0.70779425
0.70746791
0.70722902
0.70718968
0.70716715
0.70709693
0.70714188
0.70803356
0.70814341
0.70762259
0.78430003
0.78430003
0.78430003
0.78430003
0.78430003
0.78430003
0.78430003
0.78430003
0.78430003
0.76114947
0.76100630
0.76090217
0.76083064
0.76076883
0.76072007
0.76067132
0.76064855
0.76064205
0.76062906
0.76061928
0.76060307
0.76060307
0.76061279
0.76063228
0.76064855
0.76067781
0.76071030
0.76076233
0.76086640
0.76102579
0.76483196
0.78430003
0.78430003
0.78430003
0.78430003
0.78430003
0.78430003
0.78430003
0.78430003
0.78430003
0.78430003
0.78430003
0.78430003
0.78430003
0.78430003
0.78430003
0.78430003
0.78430003
0.78430003
0.78430003
0.78430003
0.78430003
0.78430003
0.78430003
0.78430003
0.78430003
0.78430003
0.78430003
0.78430003
0.78430003
0.78430003
0.78430003
0.78430003
0.78430003
0.78430003
0.78430003
0.78430003
0.78430003
0.78430003
0.78430003
0.68407506
0.68373346
0.68342108
0.68317193
0.68299890
0.68289411
0.68282861
0.68276834
0.68272644
0.68268454
0.68265051
0.68262172
0.68261123
0.68264526
0.68268979
0.68274742
0.68282336
0.68289673
0.68300414
0.68313521
0.68330824
0.68346572
0.68363631
0.68395942
0.70377570
0.72431445
0.74951857
0.78430003
0.78430003
0.78430003
0.78430003
0.78430003
0.78430003
0.78430003
0.78430003
0.78430003
0.78430003
0.78430003
0.78430003
0.78430003
0.78430003
0.78430003
0.78430003
0.78430003
0.78430003
0.78430003
0.78430003
0.78430003
0.78430003
0.78430003
0.78430003
0.78430003
0.78430003
0.78430003
0.78430003
0.78430003
0.78430003
0.78430003
0.78430003
0.78430003
0.78430003
0.78430003
0.78430003
0.78430003
0.78430003
0.78430003
0.74119192
0.74105924
0.74112713
0.74123514
0.74129999
0.74136174
0.74141419
0.74146056
0.74149144
0.74148834
0.74153465
0.74159646
0.74158102
0.74160570
0.74161810
0.74183136
0.78430003
0.78430003
0.78430003
0.78430003
0.78430003
0.78430003
0.78430003
0.78430003
0.78430003
0.78430003
0.78430003
0.78430003
0.78430003
0.78430003
0.78430003
0.78430003
0.78430003
0.78430003
0.78430003
0.78430003
0.78430003
0.78430003
0.78430003
0.78430003
0.78430003
0.78430003
0.78430003
0.78430003
0.78430003
0.78430003
0.78430003
0.78430003
0.78430003
0.78430003
0.78430003
0.78430003
0.78430003
0.78430003
0.78430003
0.78430003
0.78430003
0.78430003
0.78430003
0.78430003
0.78430003
0.78430003
0.78430003
0.78430003
0.78430003
0.78430003
0.78430003
0.76348698
0.75238889
0.74599111
0.73591214
0.72839576
0.71282244
0.71041286
0.70857751
0.71191019
0.71891719
0.71734977
0.71569997
0.71424687
0.71309662
0.71225488
0.71156013
0.71115643
0.71109962
0.71176785
0.71098036
0.71020311
0.70971602
0.70951235
0.70924944
0.70912230
0.70933425
0.71056879
0.71038449
0.70972455
0.70891899
0.70839703
0.70809549
0.70834631
0.71157718
0.71046954
0.71000195
0.70968211
0.70919293
0.70887941
0.70865929
0.71279103
0.71073335
0.70946711
0.70912510
0.70899802
0.70896131
0.70892745
0.70893306
0.71368271
0.71153736
0.71011811
0.70921272
0.70892179
0.78115422
0.78115422
0.78115422
0.78115422
0.78115422
0.78115422
0.78115422
0.78115422
0.78115422
0.76296663
0.76283586
0.76278031
0.76273125
0.76269531
0.76267898
0.76266915
0.76267242
0.76265937
0.76264960
0.76266265
0.76265609
0.76265937
0.76266593
0.76265937
0.76266593
0.76265609
0.76264632
0.76265281
0.76267242
0.76277375
0.78115422
0.78115422
0.78115422
0.78115422
0.78115422
0.78115422
0.78115422
0.78115422
0.78115422
0.78115422
0.78115422
0.78115422
0.78115422
0.78115422
0.78115422
0.78115422
0.78115422
0.78115422
0.78115422
0.78115422
0.78115422
0.78115422
0.78115422
0.78115422
0.78115422
0.78115422
0.78115422
0.78115422
0.78115422
0.78115422
0.78115422
0.78115422
0.78115422
0.78115422
0.78115422
0.78115422
0.78115422
0.78115422
0.78115422
0.78115422
0.68585420
0.68536305
0.68504125
0.68475664
0.68457758
0.68445122
0.68437225
0.68431175
0.68426704
0.68423808
0.68420655
0.68417233
0.68415129
0.68416446
0.68421966
0.68428546
0.68435645
0.68445122
0.68456179
0.68467498
0.68483829
0.68500435
0.68521267
0.68546069
0.70392597
0.72458863
0.74973011
0.78115422
0.78115422
0.78115422
0.78115422
0.78115422
0.78115422
0.78115422
0.78115422
0.78115422
0.78115422
0.78115422
0.78115422
0.78115422
0.78115422
0.78115422
0.78115422
0.78115422
0.78115422
0.78115422
0.78115422
0.78115422
0.78115422
0.78115422
0.78115422
0.78115422
0.78115422
0.78115422
0.78115422
0.78115422
0.78115422
0.78115422
0.78115422
0.78115422
0.78115422
0.78115422
0.78115422
0.78115422
0.78115422
0.78115422
0.73819190
0.73808175
0.73813987
0.73823786
0.73831135
0.73838788
0.73845226
0.73849207
0.73851043
0.73853189
0.73856866
0.73859930
0.73856866
0.73857170
0.73857784
0.73863608
0.78115422
0.78115422
0.78115422
0.78115422
0.78115422
0.78115422
0.78115422
0.78115422
0.78115422
0.78115422
0.78115422
0.78115422
0.78115422
0.78115422
0.78115422
0.78115422
0.78115422
0.78115422
0.78115422
0.78115422
0.78115422
0.78115422
0.78115422
0.78115422
0.78115422
0.78115422
0.78115422
0.78115422
0.78115422
0.78115422
0.78115422
0.78115422
0.78115422
0.78115422
0.78115422
0.78115422
0.78115422
0.78115422
0.78115422
0.78115422
0.78115422
0.78115422
0.78115422
0.78115422
0.78115422
0.78115422
0.78115422
0.78115422
0.78115422
0.78115422
0.78115422
0.76272476
0.75600940
0.74545687
0.73379767
0.72420835
0.71448767
0.71239454
0.71308231
0.72121537
0.72146678
0.72028446
0.71710700
0.71543533
0.71428984
0.71346527
0.71340239
0.71696836
0.71493536
0.71311373
0.71206397
0.71143502
0.71076459
0.71052629
0.71029663
0.71092355
0.71557051
0.71336240
0.71230328
0.71143502
0.71100020
0.71111667
0.71459669
0.71380001
0.71301091
0.71222067
0.71163124
0.71114790
0.71090937
0.71251428
0.71332520
0.71443033
0.71371990
0.71311945
0.71280533
0.71274251
0.71300519
0.71337950
0.71485209
0.71546984
0.71460813
0.71388018
0.71347100
0.71320230
0.77803689
0.77803689
0.77803689
0.77803689
0.77803689
0.77803689
0.77803689
0.77803689
0.77803689
0.77803689
0.77803689
0.77803689
0.77803689
0.77803689
0.77803689
0.77803689
0.77803689
0.77803689
0.77803689
0.77803689
0.77803689
0.77803689
0.77803689
0.77803689
0.77803689
0.77803689
0.77803689
0.77803689
0.77803689
0.77803689
0.77803689
0.77803689
0.77803689
0.77803689
0.77803689
0.77803689
0.77803689
0.77803689
0.77803689
0.77803689
0.77803689
0.77803689
0.77803689
0.77803689
0.77803689
0.77803689
0.77803689
0.77803689
0.77803689
0.77803689
0.77803689
0.77803689
0.77803689
0.77803689
0.77803689
0.77803689
0.77803689
0.77803689
0.77803349
0.77803349
0.77803689
0.77803689
0.77803689
0.77803689
0.77803689
0.77803689
0.77803689
0.77803689
0.77803689
0.77803689
0.68794829
0.68700039
0.68664789
0.68635136
0.68616617
0.68601018
0.68592554
0.68586212
0.68581194
0.68578285
0.68575114
0.68572211
0.68570626
0.68570626
0.68573529
0.68579608
0.68587273
0.68597049
0.68608153
0.68620849
0.68636459
0.68655258
0.68675387
0.68698710
0.70405406
0.72500771
0.75022620
0.77803349
0.77803349
0.77803349
0.77803349
0.77803349
0.77803349
0.77803349
0.77803349
0.77803689
0.77803349
0.77803349
0.77803349
0.77803349
0.77803349
0.77803349
0.77803349
0.77803349
0.77803349
0.77803349
0.77803349
0.77803349
0.77803349
0.77803349
0.77803349
0.77803349
0.77803349
0.77803349
0.77803349
0.77803349
0.77803349
0.77803349
0.77803349
0.77803349
0.77803349
0.77803349
0.77803349
0.77803349
0.77803349
0.77803349
0.73534065
0.73516446
0.73518878
0.73527986
0.73535579
0.73542875
0.73547131
0.73551077
0.73551989
0.73552293
0.73557460
0.73563540
0.73562324
0.73561716
0.73562324
0.73569316
0.77803349
0.77803349
0.77803349
0.77803349
0.77803349
0.77803349
0.77803349
0.77803349
0.77803349
0.77803349
0.77803349
0.77803349
0.77803349
0.77803349
0.77803349
0.77803349
0.77803349
0.77803349
0.77803349
0.77803349
0.77803349
0.77803349
0.77803349
0.77803349
0.77803349
0.77803349
0.77803349
0.77803349
0.77803349
0.77803349
0.77803349
0.77803349
0.77803349
0.77803349
0.77803349
0.77803349
0.77803349
0.77803349
0.77803349
0.77803349
0.77803349
0.77803349
0.77803349
0.77803349
0.77803349
0.77803349
0.77803349
0.77803349
0.77803349
0.77803349
0.77803349
0.77803349
0.75382912
0.75172800
0.73211658
0.72147262
0.71635091
0.71567410
0.71778077
0.71883589
0.72007465
0.72000474
0.71906817
0.71805584
0.71694237
0.71595907
0.71559352
0.71657294
0.71625865
0.71552163
0.71508467
0.71466553
0.71453929
0.71528298
0.71732378
0.71645468
0.71551871
0.71486354
0.71450776
0.71422392
0.71408641
0.71401191
0.71467698
0.71503586
0.71397185
0.71305948
0.71240878
0.71205825
0.71195573
0.71194148
0.71234035
0.71307373
0.71386588
0.71345675
0.71287096
0.71264267
0.71279389
0.71306515
0.71347100
0.71422964
0.71487218
0.71414655
0.71370560
0.71350533
0.77494097
0.77494097
0.77494097
0.77494097
0.77494097
0.77494097
0.77494097
0.77494097
0.77494097
0.77494097
0.77494097
0.77494097
0.77494097
0.77494097
0.77494097
0.77494097
0.77494097
0.77494097
0.77494097
0.77494097
0.77494097
0.77494097
0.77494097
0.77494097
0.77494097
0.77494097
0.77494097
0.77494097
0.77494097
0.77494097
0.77494097
0.77494097
0.77494097
0.77494097
0.77494097
0.77494097
0.77494097
0.77494097
0.77494097
0.77494097
0.77494097
0.77494097
0.77494097
0.77494097
0.77494097
0.77494097
0.77494097
0.77494097
0.77494097
0.77494097
0.77494097
0.77494097
0.77494097
0.77494097
0.77494097
0.77494097
0.77494097
0.77494097
0.77494097
0.77494097
0.77494097
0.77494097
0.77494097
0.77494097
0.77494097
0.77494097
0.77494097
0.77494097
0.77494097
0.77494097
0.77494097
0.68862695
0.68826747
0.68795621
0.68776482
0.68760544
0.68748063
0.68741959
0.68736649
0.68733728
0.68730545
0.68728423
0.68727094
0.68727094
0.68728954
0.68733728
0.68742222
0.68751782
0.68763465
0.68777019
0.68794030
0.68812114
0.68830472
0.68852836
0.70395660
0.72546571
0.75104922
0.77494097
0.77494097
0.77494097
0.77494097
0.77494097
0.77494097
0.77494097
0.77494097
0.77494097
0.77494097
0.77494097
0.77494097
0.77494097
0.77494097
0.77494097
0.77494097
0.77494097
0.77494097
0.77494097
0.77494097
0.77494097
0.77494097
0.77494097
0.77494097
0.77494097
0.77494097
0.77494097
0.77494097
0.77494097
0.77494097
0.77494097
0.77494097
0.77494097
0.77494097
0.77494097
0.77494097
0.77494097
0.77494097
0.77494097
0.73249620
0.73225516
0.73226416
0.73238772
0.73241180
0.73247510
0.73252636
0.73255348
0.73254746
0.73256552
0.73259568
0.73266202
0.73259270
0.73258662
0.73260170
0.73262888
0.77494097
0.77494097
0.77494097
0.77494097
0.77494097
0.77494097
0.77494097
0.77494097
0.77494097
0.77494097
0.77494097
0.77494097
0.77494097
0.77494097
0.77494097
0.77494097
0.77494097
0.77494097
0.77494097
0.77494097
0.77494097
0.77494097
0.77494097
0.77494097
0.77494097
0.77494097
0.77494097
0.77494097
0.77494097
0.77494097
0.77494097
0.77494097
0.77494097
0.77494097
0.77494097
0.77494097
0.77494097
0.77494097
0.77494097
0.77494097
0.77494097
0.77494097
0.77494097
0.77494097
0.77494097
0.77494097
0.77494097
0.77494097
0.77494097
0.77494097
0.77494097
0.77494097
0.75197250
0.74954069
0.73282492
0.72059935
0.71649796
0.71598208
0.71659893
0.71735847
0.71838331
0.71942276
0.71919018
0.71827894
0.71737868
0.71652102
0.71612614
0.71601665
0.71644026
0.71580356
0.71510196
0.71464258
0.71450776
0.71484345
0.71538645
0.71622407
0.71602529
0.71492100
0.71426976
0.71415514
0.71407205
0.71402335
0.71419239
0.71443319
0.71457660
0.71323943
0.71252286
0.71223491
0.71211809
0.71226627
0.71246868
0.71281958
0.71356541
0.71469706
0.71836299
0.71429843
0.71402621
0.71425831
0.71455652
0.71580070
0.71716481
0.71596479
0.71511340
0.71461385
0.77186966
0.77186966
0.77186966
0.77186966
0.77186966
0.77186966
0.77186966
0.77186966
0.77186966
0.77186966
0.77186966
0.77186966
0.77186966
0.77186966
0.77186966
0.77186966
0.77186966
0.77186966
0.77186966
0.77186966
0.77186966
0.77186966
0.77186966
0.77186966
0.77186966
0.77186966
0.77186966
0.77186966
0.77186966
0.77186966
0.77186966
0.77186966
0.77186966
0.77186966
0.77186966
0.77186966
0.72864622
0.72870588
0.72882223
0.72892970
0.72908795
0.72925520
0.77186966
0.77186966
0.77186966
0.77186966
0.77186966
0.77186966
0.77186966
0.77186966
0.77186966
0.77186966
0.77186966
0.77186966
0.77186966
0.77186966
0.77186966
0.77186966
0.77186966
0.77186966
0.77186966
0.77186966
0.77186966
0.77186966
0.77186966
0.77186966
0.77186966
0.77186966
0.77186966
0.77186966
0.77186966
0.69026387
0.68989468
0.68957663
0.68938166
0.68921620
0.68904275
0.68897873
0.68893343
0.68889874
0.68887210
0.68885344
0.68885076
0.68885344
0.68886942
0.68893343
0.68900806
0.68909878
0.68921351
0.68934965
0.68950182
0.68966746
0.68985993
0.69007921
0.70379239
0.72593319
0.75220764
0.77186966
0.77186966
0.77186966
0.77186966
0.77186966
0.77186966
0.77186966
0.77186966
0.77186966
0.77186966
0.77186966
0.77186966
0.77186966
0.77186966
0.77186966
0.77186966
0.77186966
0.77186966
0.77186966
0.77186966
0.77186966
0.77186966
0.77186966
0.77186966
0.77186966
0.77186966
0.77186966
0.77186966
0.77186966
0.77186966
0.77186966
0.77186966
0.77186966
0.77186966
0.77186966
0.77186966
0.77186966
0.77186966
0.77186966
0.72970659
0.72940165
0.72938371
0.72944045
0.72948235
0.72953916
0.72959000
0.72958398
0.72959894
0.72958398
0.72963482
0.72966474
0.72965878
0.72964978
0.72966176
0.72972459
0.77186966
0.77186966
0.77186966
0.77186966
0.77186966
0.77186966
0.77186966
0.77186966
0.77186966
0.77186966
0.77186966
0.77186966
0.77186966
0.77186966
0.77186966
0.77186966
0.77186966
0.77186966
0.77186966
0.77186966
0.77186966
0.77186966
0.77186966
0.77186966
0.77186966
0.77186966
0.77186966
0.77186966
0.77186966
0.77186966
0.77186966
0.77186966
0.77186966
0.77186966
0.77186966
0.77186966
0.77186966
0.77186966
0.77186966
0.77186966
0.77186966
0.77186966
0.77186966
0.77186966
0.77186966
0.77186966
0.77186966
0.77186966
0.77186966
0.77186966
0.77186966
0.77186966
0.75065333
0.74765491
0.73197210
0.72125632
0.71743071
0.71645761
0.71697706
0.71769392
0.71825290
0.71895784
0.72017950
0.71960598
0.71793419
0.71736133
0.71723992
0.71750015
0.71809930
0.71870238
0.71671146
0.71575463
0.71551871
0.71542668
0.71557051
0.71590436
0.71663642
0.71674609
0.71560788
0.71498132
0.71477169
0.71490091
0.71499562
0.71541810
0.71608865
0.71829927
0.71408641
0.71305662
0.71287382
0.71300519
0.71346247
0.71392888
0.71618664
0.71913791
0.72033399
0.71760136
0.71677494
0.71700013
0.71692508
0.71702325
0.71719658
0.71639705
0.71866173
0.72121537
0.76882255
0.76882255
0.76882255
0.76882255
0.76882255
0.76882255
0.76882255
0.76882255
0.76882255
0.76882255
0.76882255
0.76882255
0.76882255
0.76882255
0.76882255
0.76882255
0.76882255
0.76882255
0.76882255
0.76882255
0.76882255
0.76882255
0.76882255
0.76882255
0.76882255
0.76882255
0.76882255
0.76882255
0.76882255
0.76882255
0.76882255
0.76882255
0.76882255
0.76882255
0.76882255
0.76882255
0.72555441
0.72562248
0.72569346
0.72577631
0.72588283
0.72600722
0.72614342
0.72627974
0.72639233
0.72647834
0.72653168
0.72657025
0.72659099
0.72662956
0.72669482
0.72681350
0.72699755
0.72810078
0.76882255
0.76882255
0.76882255
0.76882255
0.76882255
0.76882255
0.76882255
0.76882255
0.76882255
0.76882255
0.76882255
0.76882255
0.76882255
0.76882255
0.76882255
0.76882255
0.76882255
0.69190860
0.69153225
0.69121003
0.69098198
0.69078618
0.69060934
0.69055307
0.69051290
0.69047540
0.69044590
0.69042450
0.69042182
0.69042718
0.69045126
0.69053966
0.69062275
0.69071651
0.69079691
0.69089347
0.69104636
0.69122612
0.69143289
0.69163972
0.70455289
0.72651392
0.76882255
0.76882255
0.76882255
0.76882255
0.76882255
0.76882255
0.76882255
0.76882255
0.76882255
0.76882255
0.76882255
0.76882255
0.76882255
0.76882255
0.76882255
0.76882255
0.76882255
0.76882255
0.76882255
0.76882255
0.76882255
0.76882255
0.76882255
0.76882255
0.76882255
0.76882255
0.76882255
0.76882255
0.76882255
0.76882255
0.76882255
0.76882255
0.76882255
0.76882255
0.76882255
0.76882255
0.76882255
0.76882255
0.76882255
0.76882255
0.72691441
0.72656429
0.72651982
0.72654355
0.72657913
0.72659993
0.72664142
0.72665036
0.72662956
0.72662067
0.72665036
0.72666812
0.72666514
0.72667700
0.72670966
0.72674233
0.76882255
0.76882255
0.76882255
0.76882255
0.76882255
0.76882255
0.76882255
0.76882255
0.76882255
0.76882255
0.76882255
0.76882255
0.76882255
0.76882255
0.76882255
0.76882255
0.76882255
0.76882255
0.76882255
0.76882255
0.76882255
0.76882255
0.76882255
0.76882255
0.76882255
0.76882255
0.76882255
0.76882255
0.76882255
0.76882255
0.76882255
0.76882255
0.76882255
0.76882255
0.76882255
0.76882255
0.76882255
0.76882255
0.76882255
0.76882255
0.76882255
0.76882255
0.76882255
0.76882255
0.76882255
0.76882255
0.76882255
0.76882255
0.76882255
0.76882255
0.76882255
0.76882255
0.75021988
0.74597543
0.74478316
0.72265303
0.71897233
0.71804428
0.71823549
0.71904492
0.72017080
0.72152233
0.72218686
0.72326672
0.72069854
0.71964377
0.71901590
0.71945471
0.71974564
0.71994650
0.72093791
0.72010666
0.71916407
0.71813118
0.71799505
0.71859211
0.71856600
0.71890843
0.72024071
0.71948087
0.71811086
0.71739316
0.71725440
0.71802396
0.71862406
0.71986496
0.71807033
0.71750879
0.71729773
0.71740758
0.71744519
0.71729487
0.71743071
0.71843261
0.71714455
0.71643162
0.71631056
0.71646625
0.71663934
0.71686155
0.71722549
0.71759850
0.71898395
0.71981257
0.76580268
0.76580268
0.76580268
0.76580268
0.76580268
0.76580268
0.76580268
0.76580268
0.76580268
0.76580268
0.76580268
0.76580268
0.76580268
0.76580268
0.76580268
0.76580268
0.76580268
0.76580268
0.76580268
0.76580268
0.76580268
0.76580268
0.76580268
0.76580268
0.76580268
0.76580268
0.76580268
0.76580268
0.76580268
0.76580268
0.76580268
0.76580268
0.76580268
0.76580268
0.76580268
0.72336370
0.72256505
0.72262663
0.72269410
0.72277039
0.72286433
0.72297591
0.72309339
0.72320503
0.72329021
0.72341073
0.72346956
0.72352540
0.72356069
0.72361070
0.72370780
0.72384614
0.72405517
0.72665036
0.76580268
0.76580268
0.76580268
0.76580268
0.76580268
0.76580268
0.76580268
0.76580268
0.76580268
0.76580268
0.76580268
0.76580268
0.76580268
0.76580268
0.76580268
0.76580268
0.76580268
0.69356120
0.69316685
0.69283229
0.69257355
0.69236612
0.69218302
0.69213998
0.69211036
0.69205922
0.69202423
0.69200546
0.69200271
0.69201350
0.69205385
0.69214535
0.69215071
0.69227725
0.69238764
0.69247651
0.69262743
0.69281077
0.69301301
0.69322354
0.70475930
0.72711933
0.76580268
0.76580268
0.76580268
0.76580268
0.76580268
0.76580268
0.76580268
0.76580268
0.76580268
0.76580268
0.76580268
0.76580268
0.76580268
0.76580268
0.76580268
0.76580268
0.76580268
0.76580268
0.76580268
0.76580268
0.76580268
0.76580268
0.76580268
0.76580268
0.76580268
0.76580268
0.76580268
0.76580268
0.76580268
0.76580268
0.76580268
0.76580268
0.76580268
0.76580268
0.76580268
0.76580268
0.76580268
0.76580268
0.76580268
0.76580268
0.72427022
0.72380787
0.72365779
0.72366369
0.72364014
0.72365189
0.72370487
0.72368723
0.72369897
0.72367543
0.72366661
0.72371078
0.72374898
0.72377253
0.72380489
0.72388440
0.76580268
0.76580268
0.76580268
0.76580268
0.76580268
0.76580268
0.76580268
0.76580268
0.76580268
0.76580268
0.76580268
0.76580268
0.76580268
0.76580268
0.76580268
0.76580268
0.76580268
0.76580268
0.76580268
0.76580268
0.76580268
0.76580268
0.76580268
0.76580268
0.76580268
0.76580268
0.76580268
0.76580268
0.76580268
0.76580268
0.76580268
0.76580268
0.76580268
0.76580268
0.76580268
0.76580268
0.76580268
0.76580268
0.76580268
0.76580268
0.76580268
0.76580268
0.76580268
0.76580268
0.76580268
0.76580268
0.76580268
0.76580268
0.76580268
0.76580268
0.76580268
0.76580268
0.76580268
0.74468344
0.74327171
0.72411704
0.72081238
0.72033399
0.72107518
0.72118032
0.72141123
0.72172129
0.72232461
0.72084445
0.71982133
0.71928900
0.71913207
0.71903044
0.71934134
0.72061104
0.72065187
0.71934426
0.71866173
0.71853119
0.71845001
0.71839780
0.71856022
0.71883297
0.71911174
0.71848768
0.71802980
0.71770263
0.71745384
0.71745384
0.71793133
0.71782130
0.71705788
0.71707815
0.71706367
0.71706080
0.71709543
0.71717346
0.71793997
0.71729195
0.71692216
0.71696550
0.71703190
0.71711856
0.71717638
0.71747410
0.71782130
0.71814853
0.71810222
0.71731508
0.76280320
0.76280320
0.76280320
0.76280320
0.76280320
0.76280320
0.76280320
0.76280320
0.76280320
0.76280320
0.76280320
0.76280320
0.76280320
0.76280320
0.76280320
0.76280320
0.76280320
0.76280320
0.76280320
0.76280320
0.76280320
0.76280320
0.76280320
0.76280320
0.76280320
0.76280320
0.76280320
0.76280320
0.76280320
0.76280320
0.76280320
0.76280320
0.76280320
0.76280320
0.76280320
0.71959144
0.71961761
0.71967870
0.71974856
0.71983296
0.71992612
0.72002512
0.72012997
0.72024655
0.72034854
0.72043312
0.72051477
0.72057599
0.72061396
0.72067523
0.72077733
0.72092623
0.72153699
0.72681946
0.76280320
0.76280320
0.76280320
0.76280320
0.76280320
0.76280320
0.76280320
0.76280320
0.76280320
0.76280320
0.76280320
0.76280320
0.76280320
0.76280320
0.76280320
0.76280320
0.76280320
0.69522172
0.69481736
0.69446224
0.69419950
0.69388020
0.69396406
0.69378012
0.69368553
0.69361794
0.69360983
0.69359362
0.69362062
0.69359905
0.69362062
0.69367200
0.69372874
0.69380718
0.69394243
0.69406688
0.69422388
0.69440806
0.69460315
0.69481462
0.70492953
0.72784477
0.76280320
0.76280320
0.76280320
0.76280320
0.76280320
0.76280320
0.76280320
0.76280320
0.76280320
0.76280320
0.76280320
0.76280320
0.76280320
0.76280320
0.76280320
0.76280320
0.76280320
0.76280320
0.76280320
0.76280320
0.76280320
0.76280320
0.76280320
0.76280320
0.76280320
0.76280320
0.76280320
0.76280320
0.76280320
0.76280320
0.76280320
0.76280320
0.76280320
0.76280320
0.76280320
0.76280320
0.76280320
0.76280320
0.76280320
0.76280320
0.72170079
0.72098756
0.72090578
0.72087073
0.72085613
0.72079486
0.72080070
0.72079194
0.72077149
0.72076273
0.72078025
0.72084153
0.72088826
0.72092915
0.72097588
0.72103721
0.72250342
0.76280320
0.76280320
0.76280320
0.76280320
0.76280320
0.76280320
0.76280320
0.76280320
0.76280320
0.76280320
0.76280320
0.76280320
0.76280320
0.76280320
0.76280320
0.76280320
0.76280320
0.76280320
0.76280320
0.76280320
0.76280320
0.76280320
0.76280320
0.76280320
0.76280320
0.76280320
0.76280320
0.76280320
0.76280320
0.76280320
0.76280320
0.76280320
0.76280320
0.76280320
0.76280320
0.76280320
0.76280320
0.76280320
0.76280320
0.76280320
0.76280320
0.76280320
0.76280320
0.76280320
0.76280320
0.76280320
0.76280320
0.76280320
0.76280320
0.76280320
0.76280320
0.76280320
0.74370337
0.74180353
0.72508156
0.72255915
0.72172421
0.72193497
0.72278214
0.72491914
0.72367251
0.72144341
0.72011542
0.71947801
0.71911758
0.71911758
0.72002804
0.72275865
0.72146678
0.72001058
0.71931225
0.71893752
0.71877784
0.71882427
0.71909726
0.71974856
0.71919310
0.71818334
0.71758109
0.71730065
0.71706945
0.71714169
0.71747118
0.71776921
0.71729487
0.71742785
0.71738738
0.71751171
0.71776921
0.72133815
0.72021449
0.71912920
0.71866757
0.71847320
0.71841228
0.71825868
0.71816015
0.71818334
0.72008628
0.71868205
0.71781838
0.71798056
0.71779525
0.75982708
0.75982708
0.75982708
0.75982708
0.75982708
0.75982708
0.75982708
0.75982708
0.75982708
0.75982708
0.75982708
0.75982708
0.75982708
0.75982708
0.75982708
0.75982708
0.75982708
0.75982708
0.75982708
0.75982708
0.75982708
0.75982708
0.75982708
0.75982708
0.75982708
0.75982708
0.75982708
0.75982708
0.75982708
0.75982708
0.75982708
0.75982708
0.75982708
0.75982708
0.75982708
0.71671146
0.71674317
0.71680671
0.71688753
0.71697992
0.71707523
0.71716481
0.71724284
0.71735847
0.71746540
0.71758109
0.71765631
0.71769106
0.71774024
0.71780974
0.71792263
0.71808481
0.71933842
0.72723222
0.75982708
0.75982708
0.75982708
0.75982708
0.75982708
0.75982708
0.75982708
0.75982708
0.75982708
0.75982708
0.75982708
0.75982708
0.75982708
0.75982708
0.75982708
0.75982708
0.75982708
0.69689018
0.69647568
0.69611889
0.69585764
0.69545257
0.69549602
0.69547433
0.69534934
0.69524068
0.69507509
0.69518912
0.69512123
0.69516194
0.69518638
0.69522983
0.69529504
0.69539553
0.69550693
0.69561833
0.69582230
0.69601274
0.69621146
0.69641846
0.70503563
0.72857463
0.75982708
0.75982708
0.75982708
0.75982708
0.75982708
0.75982708
0.75982708
0.75982708
0.75982708
0.75982708
0.75982708
0.75982708
0.75982708
0.75982708
0.75982708
0.75982708
0.75982708
0.75982708
0.75982708
0.75982708
0.75982708
0.75982708
0.75982708
0.75982708
0.75982708
0.75982708
0.75982708
0.75982708
0.75982708
0.75982708
0.75982708
0.75982708
0.75982708
0.75982708
0.75982708
0.75982708
0.75982708
0.75982708
0.75982708
0.75982708
0.71901590
0.71835434
0.71818912
0.71814853
0.71803266
0.71799213
0.71799791
0.71792263
0.71791106
0.71790814
0.71794581
0.71799791
0.71808189
0.71813405
0.71819490
0.71827024
0.71948379
0.75982708
0.75982708
0.75982708
0.75982708
0.75982708
0.75982708
0.75982708
0.75982708
0.75982708
0.75982708
0.75982708
0.75982708
0.75982708
0.75982708
0.75982708
0.75982708
0.75982708
0.75982708
0.75982708
0.75982708
0.75982708
0.75982708
0.75982708
0.75982708
0.75982708
0.75982708
0.75982708
0.75982708
0.75982708
0.75982708
0.75982708
0.75982708
0.75982708
0.75982708
0.75982708
0.75982708
0.75982708
0.75982708
0.75982708
0.75982708
0.75982708
0.75982708
0.75982708
0.75982708
0.75982708
0.75982708
0.75982708
0.75982708
0.75982708
0.75982708
0.75982708
0.75982708
0.75982708
0.73414570
0.72693223
0.72409052
0.72373426
0.72844642
0.72758299
0.72656137
0.72497821
0.72283202
0.72120076
0.72039813
0.72025818
0.72069561
0.72265011
0.72180617
0.72073358
0.72045350
0.72017664
0.71994066
0.71996981
0.72113651
0.72181201
0.72058767
0.71930063
0.71858048
0.71808189
0.71808773
0.71841520
0.72052646
0.71962053
0.71907979
0.71882427
0.71878076
0.71900135
0.72527063
0.72432327
0.72361660
0.72298175
0.72253275
0.72209018
0.72019410
0.71946639
0.72305226
0.72430855
0.72351074
0.72306401
0.72068393
0.71985626
0.71944600
0.71923667
0.75687414
0.75687414
0.75687414
0.75687414
0.75687414
0.75687414
0.75687414
0.75687414
0.75687414
0.75687414
0.75687414
0.75687414
0.75687414
0.75687414
0.75687414
0.75687414
0.75687414
0.75687414
0.75687414
0.75687414
0.75687414
0.75687414
0.75687414
0.75687414
0.75687414
0.75687414
0.75687414
0.75687414
0.75687414
0.75687414
0.75687414
0.75687414
0.75687414
0.75687414
0.71437013
0.71388304
0.71392888
0.71400619
0.71410072
0.71420389
0.71428984
0.71435577
0.71444464
0.71457088
0.71465689
0.71478891
0.71490091
0.71491814
0.71492386
0.71500140
0.71511626
0.71526283
0.71851671
0.72770786
0.75687414
0.75687414
0.75687414
0.75687414
0.75687414
0.75687414
0.75687414
0.75687414
0.75687414
0.75687414
0.75687414
0.75687414
0.75687414
0.75687414
0.75687414
0.75687414
0.75687414
0.69859684
0.69814748
0.69779444
0.69752645
0.69729692
0.69701022
0.69711125
0.69697201
0.69689292
0.69680560
0.69677830
0.69672650
0.69669104
0.69673741
0.69679195
0.69688743
0.69699931
0.69713032
0.69727778
0.69745541
0.69763583
0.69782996
0.69803524
0.70506358
0.72923726
0.75687414
0.75687414
0.75687414
0.75687414
0.75687414
0.75687414
0.75687414
0.75687414
0.75687414
0.75687414
0.75687414
0.75687414
0.75687414
0.75687414
0.75687414
0.75687414
0.75687414
0.75687414
0.75687414
0.75687414
0.75687414
0.75687414
0.75687414
0.75687414
0.75687414
0.75687414
0.75687414
0.75687414
0.75687414
0.75687414
0.75687414
0.75687414
0.75687414
0.75687414
0.75687414
0.75687414
0.75687414
0.75687414
0.75687414
0.75687414
0.71617508
0.71566832
0.71553022
0.71542382
0.71534044
0.71529734
0.71524274
0.71520823
0.71519387
0.71519101
0.71521401
0.71527719
0.71534044
0.71540368
0.71546119
0.71554172
0.71576619
0.75687414
0.75687414
0.75687414
0.75687414
0.75687414
0.75687414
0.75687414
0.75687414
0.75687414
0.75687414
0.75687414
0.75687414
0.75687414
0.75687414
0.75687414
0.75687414
0.75687414
0.75687414
0.75687414
0.75687414
0.75687414
0.75687414
0.75687414
0.75687414
0.75687414
0.75687414
0.75687414
0.75687414
0.75687414
0.75687414
0.75687414
0.75687414
0.75687414
0.75687414
0.75687414
0.75687414
0.75687414
0.75687414
0.75687414
0.75687414
0.75687414
0.75687414
0.75687414
0.75687414
0.75687414
0.75687414
0.75687414
0.75687414
0.75687414
0.75687414
0.75687414
0.75687414
0.75687414
0.73305124
0.72803825
0.72674823
0.72660285
0.72703022
0.72766328
0.72666222
0.72608715
0.72559583
0.72340190
0.72228062
0.72209895
0.72552192
0.72470075
0.72360188
0.72297001
0.72230703
0.72188520
0.72355187
0.72528839
0.72411406
0.72336668
0.72279978
0.72213995
0.72095543
0.72447067
0.72485423
0.72394621
0.72332841
0.72304052
0.72265011
0.72239786
0.72235394
0.72266769
0.72351366
0.72444415
0.72391969
0.72325790
0.72276747
0.72230703
0.72197300
0.72191447
0.72215754
0.72266477
0.72342253
0.72287899
0.72269702
0.72254741
0.72252399
0.72260612
0.75394726
0.75394726
0.75394726
0.75394726
0.75394726
0.75394726
0.75394726
0.75394726
0.75394726
0.75394726
0.75394726
0.75394726
0.75394726
0.75394726
0.75394726
0.75394726
0.75394726
0.75394726
0.75394726
0.75394726
0.75394726
0.75394726
0.75394726
0.75394726
0.75394726
0.75394726
0.75394726
0.75394726
0.75394726
0.75394726
0.75394726
0.75394726
0.75394726
0.75394726
0.71108258
0.71109962
0.71116495
0.71125591
0.71136677
0.71144640
0.71152318
0.71160847
0.71170521
0.71178490
0.71191019
0.71203548
0.71212661
0.71216369
0.71213800
0.71220928
0.71231472
0.71282816
0.71856022
0.72821397
0.75394726
0.75394726
0.75394726
0.75394726
0.75394726
0.75394726
0.75394726
0.75394726
0.75394726
0.75394726
0.75394726
0.75394726
0.75394726
0.75394726
0.75394726
0.75394726
0.75394726
0.70065922
0.69983280
0.69948077
0.69919503
0.69896442
0.69871199
0.69867635
0.69856942
0.69849265
0.69840497
0.69821870
0.69823509
0.69825977
0.69833374
0.69842416
0.69851458
0.69861603
0.69874489
0.69890130
0.69907969
0.69926643
0.69945878
0.69966227
0.70509988
0.73005676
0.75394726
0.75394726
0.75394726
0.75394726
0.75394726
0.75394726
0.75394726
0.75394726
0.75394726
0.75394726
0.75394726
0.75394726
0.75394726
0.75394726
0.75394726
0.75394726
0.75394726
0.75394726
0.75394726
0.75394726
0.75394726
0.75394726
0.75394726
0.75394726
0.75394726
0.75394726
0.75394726
0.75394726
0.75394726
0.75394726
0.75394726
0.75394726
0.75394726
0.75394726
0.75394726
0.75394726
0.75394726
0.75394726
0.75394726
0.75394726
0.71350247
0.71300805
0.71291667
0.71280533
0.71271688
0.71271968
0.71271116
0.71264267
0.71260560
0.71258843
0.71261412
0.71267122
0.71274823
0.71278822
0.71282530
0.71289098
0.71304232
0.75394726
0.75394726
0.75394726
0.75394726
0.75394726
0.75394726
0.75394726
0.75394726
0.75394726
0.75394726
0.75394726
0.75394726
0.75394726
0.75394726
0.75394726
0.75394726
0.75394726
0.75394726
0.75394726
0.75394726
0.75394726
0.75394726
0.75394726
0.75394726
0.75394726
0.75394726
0.75394726
0.75394726
0.75394726
0.75394726
0.75394726
0.75394726
0.75394726
0.75394726
0.75394726
0.75394726
0.75394726
0.75394726
0.75394726
0.75394726
0.75394726
0.75394726
0.75394726
0.75394726
0.75394726
0.75394726
0.75394726
0.75394726
0.75394726
0.75394726
0.75394726
0.75394726
0.75394726
0.73745489
0.72924322
0.72779119
0.72748482
0.72742838
0.72759187
0.72723222
0.72677493
0.72581476
0.72533864
0.72535932
0.72653764
0.72613454
0.72540367
0.72475386
0.72423488
0.72376668
0.72337252
0.72327846
0.72378135
0.72460634
0.72352839
0.72283494
0.72252399
0.72259140
0.72281444
0.72358721
0.72442353
0.72363132
0.72303754
0.72263837
0.72233927
0.72218394
0.72235096
0.72271758
0.72326082
0.72403163
0.72417891
0.72361368
0.72278804
0.72266185
0.72265303
0.72280270
0.72303754
0.72364897
0.72513175
0.72377253
0.72356069
0.72346073
0.72348720
0.75103974
0.75103974
0.75103974
0.75103974
0.75103974
0.75103974
0.75103974
0.75103974
0.75103974
0.75103974
0.75103974
0.75103974
0.75103974
0.75103974
0.75103974
0.75103974
0.75103974
0.75103974
0.75103974
0.75103974
0.75103974
0.75103974
0.75103974
0.75103974
0.75103974
0.75103974
0.75103974
0.75103974
0.75103974
0.75103974
0.75103974
0.75103974
0.75103974
0.75103974
0.70834911
0.70837450
0.70844775
0.70854932
0.70863110
0.70873266
0.70880324
0.70887941
0.70896131
0.70906299
0.70920992
0.70931447
0.70937949
0.70939928
0.70939642
0.70944452
0.70954347
0.71098036
0.71889687
0.72907597
0.75103974
0.75103974
0.75103974
0.75103974
0.75103974
0.75103974
0.75103974
0.75103974
0.75103974
0.75103974
0.75103974
0.75103974
0.75103974
0.75103974
0.75103974
0.75103974
0.75103974
0.75103974
0.70153183
0.70117253
0.70087165
0.70063716
0.70027882
0.70027053
0.70011634
0.69998968
0.69992363
0.69987130
0.69986582
0.69989884
0.69998968
0.70008051
0.70017141
0.70027333
0.70039177
0.70053786
0.70070887
0.70089096
0.70108420
0.70128858
0.70508873
0.73093212
0.75103974
0.75103974
0.75103974
0.75103974
0.75103974
0.75103974
0.75103974
0.75103974
0.75103974
0.75103974
0.75103974
0.75103974
0.75103974
0.75103974
0.75103974
0.75103974
0.75103974
0.75103974
0.75103974
0.75103974
0.75103974
0.75103974
0.75103974
0.75103974
0.75103974
0.75103974
0.75103974
0.75103974
0.75103974
0.75103974
0.75103974
0.75103974
0.75103974
0.75103974
0.75103974
0.75103974
0.75103974
0.75103974
0.75103974
0.75103974
0.71293950
0.71289670
0.71287954
0.71285385
0.71283960
0.71283388
0.71284527
0.71285671
0.71291095
0.71300805
0.71305948
0.71315086
0.71320802
0.71335095
0.71346247
0.71350819
0.71360832
0.75103974
0.75103974
0.75103974
0.75103974
0.75103974
0.75103974
0.75103974
0.75103974
0.75103974
0.75103974
0.75103974
0.75103974
0.75103974
0.75103974
0.75103974
0.75103974
0.75103974
0.75103974
0.75103974
0.75103974
0.75103974
0.75103974
0.75103974
0.75103974
0.75103974
0.75103974
0.75103974
0.75103974
0.75103974
0.75103974
0.75103974
0.75103974
0.75103974
0.75103974
0.75103974
0.75103974
0.75103974
0.75103974
0.75103974
0.75103974
0.75103974
0.75103974
0.75103974
0.75103974
0.75103974
0.75103974
0.75103974
0.75103974
0.75103974
0.75103974
0.75103974
0.75103974
0.75103974
0.75103974
0.73103118
0.72988611
0.73039830
0.73053318
0.73056012
0.73042822
0.73030537
0.72961092
0.72836000
0.72627676
0.72650206
0.72710449
0.72711039
0.72640127
0.72574377
0.72523224
0.72480106
0.72507268
0.72548348
0.72687584
0.73034132
0.73023045
0.72370780
0.72329319
0.72320503
0.72333431
0.72386968
0.72464472
0.72447956
0.72358131
0.72331083
0.72322559
0.72346073
0.72371078
0.72408170
0.72455913
0.72540367
0.72667700
0.72945839
0.72526473
0.72554851
0.72586805
0.72647834
0.73043126
0.73040426
0.73037428
0.73038328
0.72635972
0.72649908
0.74815452
0.74815452
0.74815452
0.74815452
0.74815452
0.74815452
0.74815452
0.74815452
0.74815452
0.74815452
0.74815452
0.74815452
0.74815452
0.74815452
0.74815452
0.74815452
0.74815452
0.74815452
0.74815452
0.74815452
0.74815452
0.74815452
0.74815452
0.74815452
0.74815452
0.74815452
0.74815452
0.74815452
0.74815452
0.74815452
0.74815452
0.74815452
0.74815452
0.70573729
0.70563096
0.70567852
0.70577645
0.70586318
0.70595556
0.70604801
0.70610958
0.70618522
0.70628333
0.70640665
0.70654404
0.70665061
0.70670110
0.70667028
0.70668149
0.70672357
0.70680773
0.71022576
0.71932387
0.74815452
0.74815452
0.74815452
0.74815452
0.74815452
0.74815452
0.74815452
0.74815452
0.74815452
0.74815452
0.74815452
0.74815452
0.74815452
0.74815452
0.74815452
0.74815452
0.74815452
0.74815452
0.74815452
0.70324188
0.70287251
0.70254797
0.70230955
0.70189416
0.70178628
0.70172817
0.70167840
0.70167005
0.70160925
0.70158434
0.70160091
0.70166731
0.70175582
0.70184439
0.70194125
0.70205754
0.70218492
0.70234561
0.70252854
0.70272267
0.70292526
0.70505798
0.74815452
0.74815452
0.74815452
0.74815452
0.74815452
0.74815452
0.74815452
0.74815452
0.74815452
0.74815452
0.74815452
0.74815452
0.74815452
0.74815452
0.74815452
0.74815452
0.74815452
0.74815452
0.74815452
0.74815452
0.74815452
0.74815452
0.74815452
0.74815452
0.74815452
0.74815452
0.74815452
0.74815452
0.74815452
0.74815452
0.74815452
0.74815452
0.74815452
0.74815452
0.74815452
0.74815452
0.74815452
0.74815452
0.74815452
0.74815452
0.74815452
0.71480042
0.71316230
0.71327949
0.71339667
0.71349102
0.71363121
0.71374851
0.71389735
0.71403199
0.71416664
0.71422678
0.71428412
0.71436727
0.71442169
0.71446472
0.71450776
0.71447045
0.74815452
0.74815452
0.74815452
0.74815452
0.74815452
0.74815452
0.74815452
0.74815452
0.74815452
0.74815452
0.74815452
0.74815452
0.74815452
0.74815452
0.74815452
0.74815452
0.74815452
0.74815452
0.74815452
0.74815452
0.74815452
0.74815452
0.74815452
0.74815452
0.74815452
0.74815452
0.74815452
0.74815452
0.74815452
0.74815452
0.74815452
0.74815452
0.74815452
0.74815452
0.74815452
0.74815452
0.74815452
0.74815452
0.74815452
0.74815452
0.74815452
0.74815452
0.74815452
0.74815452
0.74815452
0.74815452
0.74815452
0.74815452
0.74815452
0.74815452
0.74815452
0.74815452
0.74815452
0.74815452
0.74815452
0.74815452
0.74815452
0.74815452
0.74815452
0.73228228
0.73237568
0.73117834
0.73060513
0.73082709
0.74815452
0.74815452
0.74815452
0.74815452
0.74815452
0.73031437
0.73014963
0.74815452
0.74815452
0.74815452
0.74815452
0.74815452
0.73065609
0.73092014
0.74815452
0.74815452
0.74815452
0.74815452
0.74815452
0.74815452
0.74815452
0.74815452
0.74815452
0.74815452
0.74815452
0.74815452
0.74815452
0.74815452
0.74815452
0.74815452
0.74815452
0.74815452
0.74815452
0.74815452
0.74815452
0.74815452
0.74815452
0.74815452
0.74815452
0.74529141
0.74529141
0.74529141
0.74529141
0.74529141
0.74529141
0.74529141
0.74529141
0.74529141
0.74529141
0.74529141
0.74529141
0.74529141
0.74529141
0.74529141
0.74529141
0.74529141
0.74529141
0.74529141
0.74529141
0.74529141
0.74529141
0.74529141
0.74529141
0.74529141
0.74529141
0.74529141
0.74529141
0.74529141
0.74529141
0.74529141
0.74529141
0.74529141
0.70292807
0.70293635
0.70301133
0.70310295
0.70319462
0.70328629
0.70337248
0.70343083
0.70351982
0.70362550
0.70375341
0.70388424
0.70397890
0.70399839
0.70396215
0.70399004
0.70404291
0.70425743
0.71011245
0.71982133
0.74529141
0.74529141
0.74529141
0.74529141
0.74529141
0.74529141
0.74529141
0.74529141
0.74529141
0.74529141
0.74529141
0.74529141
0.74529141
0.74529141
0.74529141
0.74529141
0.74529141
0.74529141
0.74529141
0.70492679
0.70455569
0.70422673
0.70398444
0.70367831
0.70348918
0.70348364
0.70348090
0.70343083
0.70338911
0.70334744
0.70334744
0.70337802
0.70344752
0.70353925
0.70362550
0.70373118
0.70385081
0.70399559
0.70417106
0.70436609
0.70457238
0.70528984
0.74529141
0.74529141
0.74529141
0.74529141
0.74529141
0.74529141
0.74529141
0.74529141
0.74529141
0.74529141
0.74529141
0.74529141
0.74529141
0.74529141
0.74529141
0.74529141
0.74529141
0.74529141
0.74529141
0.74529141
0.74529141
0.74529141
0.74529141
0.74529141
0.74529141
0.74529141
0.74529141
0.74529141
0.74529141
0.74529141
0.74529141
0.74529141
0.74529141
0.74529141
0.74529141
0.74529141
0.74529141
0.74529141
0.74529141
0.74529141
0.74529141
0.71659029
0.71461099
0.71467698
0.71477455
0.71488369
0.71502721
0.71512204
0.71522838
0.71532035
0.71542382
0.71548134
0.71553314
0.71561652
0.71566832
0.71574891
0.71578056
0.71573448
0.74529141
0.74529141
0.74529141
0.74529141
0.74529141
0.74529141
0.74529141
0.74529141
0.74529141
0.74529141
0.74529141
0.74529141
0.74529141
0.74529141
0.74529141
0.74529141
0.74529141
0.74529141
0.74529141
0.74529141
0.74529141
0.74529141
0.74529141
0.74529141
0.74529141
0.74529141
0.74529141
0.74529141
0.74529141
0.74529141
0.74529141
0.74529141
0.74529141
0.74529141
0.74529141
0.74529141
0.74529141
0.74529141
0.74529141
0.74529141
0.74529141
0.74529141
0.74529141
0.74529141
0.74529141
0.74529141
0.74529141
0.74529141
0.74529141
0.74529141
0.74529141
0.74529141
0.74529141
0.74529141
0.74529141
0.74529141
0.74529141
0.74529141
0.74529141
0.74529141
0.74529141
0.74529141
0.74529141
0.74529141
0.74529141
0.74529141
0.74529141
0.74529141
0.74529141
0.74529141
0.74529141
0.74529141
0.74529141
0.74529141
0.74529141
0.74529141
0.74529141
0.74529141
0.74529141
0.74529141
0.74529141
0.74529141
0.74529141
0.74529141
0.74529141
0.74529141
0.74529141
0.74529141
0.74529141
0.74529141
0.74529141
0.74529141
0.74529141
0.74529141
0.74529141
0.74529141
0.74529141
0.74529141
0.74529141
0.74529141
0.74529141
0.74529141
0.74529141
0.74245328
0.74245328
0.74245328
0.74245328
0.74245328
0.74245328
0.74245328
0.74245328
0.74245328
0.74245328
0.74245328
0.74245328
0.74245328
0.74245328
0.74245328
0.74245328
0.74245328
0.74245328
0.74245328
0.74245328
0.74245328
0.74245328
0.74245328
0.74245328
0.74245328
0.74245328
0.74245328
0.74245328
0.74245328
0.74245328
0.74245328
0.74245328
0.74245328
0.70021546
0.70026779
0.70035595
0.70045519
0.70055169
0.70063716
0.70070887
0.70078611
0.70088542
0.70097375
0.70109248
0.70120293
0.70127755
0.70128858
0.70125544
0.70129961
0.70134664
0.70253134
0.71015495
0.72064018
0.74245328
0.74245328
0.74245328
0.74245328
0.74245328
0.74245328
0.74245328
0.74245328
0.74245328
0.74245328
0.74245328
0.74245328
0.74245328
0.74245328
0.74245328
0.74245328
0.74245328
0.74245328
0.74245328
0.70661974
0.70623851
0.70591360
0.70566171
0.70547712
0.70529544
0.70522839
0.70519489
0.70515573
0.70512223
0.70510828
0.70510548
0.70511663
0.70517254
0.70523959
0.70532620
0.70542121
0.70553029
0.70567012
0.70582682
0.70601439
0.70622450
0.70664501
0.74245328
0.74245328
0.74245328
0.74245328
0.74245328
0.74245328
0.74245328
0.74245328
0.74245328
0.74245328
0.74245328
0.74245328
0.74245328
0.74245328
0.74245328
0.74245328
0.74245328
0.74245328
0.74245328
0.74245328
0.74245328
0.74245328
0.74245328
0.74245328
0.74245328
0.74245328
0.74245328
0.74245328
0.74245328
0.74245328
0.74245328
0.74245328
0.74245328
0.74245328
0.74245328
0.74245328
0.74245328
0.74245328
0.74245328
0.74245328
0.74245328
0.71845871
0.71617508
0.71622986
0.71632206
0.71640283
0.71649218
0.71656144
0.71665376
0.71672010
0.71679229
0.71685863
0.71693081
0.71700305
0.71706945
0.71716189
0.71722835
0.71906817
0.74245328
0.74245328
0.74245328
0.74245328
0.74245328
0.74245328
0.74245328
0.74245328
0.74245328
0.74245328
0.74245328
0.74245328
0.74245328
0.74245328
0.74245328
0.74245328
0.74245328
0.74245328
0.74245328
0.74245328
0.74245328
0.74245328
0.74245328
0.74245328
0.74245328
0.74245328
0.74245328
0.74245328
0.74245328
0.74245328
0.74245328
0.74245328
0.74245328
0.74245328
0.74245328
0.74245328
0.74245328
0.74245328
0.74245328
0.74245328
0.74245328
0.74245328
0.74245328
0.74245328
0.74245328
0.74245328
0.74245328
0.74245328
0.74245328
0.74245328
0.74245328
0.74245328
0.74245328
0.74245328
0.74245328
0.74245328
0.74245328
0.74245328
0.74245328
0.74245328
0.74245328
0.74245328
0.74245328
0.74245328
0.74245328
0.74245328
0.74245328
0.74245328
0.74245328
0.74245328
0.74245328
0.74245328
0.74245328
0.74245328
0.74245328
0.74245328
0.74245328
0.74245328
0.74245328
0.74245328
0.74245328
0.74245328
0.74245328
0.74245328
0.74245328
0.74245328
0.74245328
0.74245328
0.74245328
0.74245328
0.74245328
0.74245328
0.74245328
0.74245328
0.74245328
0.74245328
0.74245328
0.74245328
0.74245328
0.74245328
0.74245328
0.74245328
0.74245328
0.73963356
0.73963356
0.73963356
0.73963356
0.73963356
0.73963356
0.73963356
0.73963356
0.73963356
0.73963356
0.73963356
0.73963356
0.73963356
0.73963356
0.73963356
0.73963356
0.73963356
0.73963356
0.73963356
0.73963356
0.73963356
0.73963356
0.73963356
0.73963356
0.73963356
0.73963356
0.73963356
0.73963356
0.73963356
0.73963356
0.73963356
0.73963356
0.69762486
0.69755381
0.69762760
0.69772607
0.69782996
0.69792575
0.69802701
0.69808453
0.69815296
0.69822687
0.69831729
0.69842964
0.69853103
0.69858038
0.69856942
0.69856942
0.69863248
0.69867635
0.70103449
0.71040714
0.72136152
0.73963356
0.73963356
0.73963356
0.73963356
0.73963356
0.73963356
0.73963356
0.73963356
0.73963356
0.73963356
0.73963356
0.73963356
0.73963356
0.73963356
0.73963356
0.73963356
0.73963356
0.73963356
0.73963356
0.70830399
0.70793498
0.70759726
0.70736110
0.70718682
0.70707726
0.70699865
0.70694810
0.70691723
0.70688915
0.70686948
0.70687795
0.70688635
0.70691162
0.70698464
0.70706606
0.70715034
0.70725429
0.70736951
0.70751011
0.70767605
0.70787585
0.70820820
0.73963356
0.73963356
0.73963356
0.73963356
0.73963356
0.73963356
0.73963356
0.73963356
0.73963356
0.73963356
0.73963356
0.73963356
0.73963356
0.73963356
0.73963356
0.73963356
0.73963356
0.73963356
0.73963356
0.73963356
0.73963356
0.73963356
0.73963356
0.73963356
0.73963356
0.73963356
0.73963356
0.73963356
0.73963356
0.73963356
0.73963356
0.73963356
0.73963356
0.73963356
0.73963356
0.73963356
0.73963356
0.73963356
0.73963356
0.73963356
0.73963356
0.72112191
0.71802396
0.71805006
0.71810222
0.71816015
0.71824127
0.71826446
0.71831083
0.71834850
0.71841228
0.71846741
0.71852541
0.71856022
0.71865302
0.71872848
0.71886200
0.72141999
0.73963356
0.73963356
0.73963356
0.73963356
0.73963356
0.73963356
0.73963356
0.73963356
0.73963356
0.73963356
0.73963356
0.73963356
0.73963356
0.73963356
0.73963356
0.73963356
0.73963356
0.73963356
0.73963356
0.73963356
0.73963356
0.73963356
0.73963356
0.73963356
0.73963356
0.73963356
0.73963356
0.73963356
0.73963356
0.73963356
0.73963356
0.73963356
0.73963356
0.73963356
0.73963356
0.73963356
0.73963356
0.73963356
0.73963356
0.73963356
0.73963356
0.73963356
0.73963356
0.73963356
0.73963356
0.73963356
0.73963356
0.73963356
0.73963356
0.73963356
0.73963356
0.73963356
0.73963356
0.73963356
0.73963356
0.73963356
0.73963356
0.73963356
0.73963356
0.73963356
0.73963356
0.73963356
0.73963356
0.73963356
0.73963356
0.73963356
0.73963356
0.73963356
0.73963356
0.73963356
0.73963356
0.73963356
0.73963356
0.73963356
0.73963356
0.73963356
0.73963356
0.73963356
0.73963356
0.73963356
0.73963356
0.73963356
0.73963356
0.73963356
0.73963356
0.73963356
0.73963356
0.73963356
0.73963356
0.73963356
0.73963356
0.73963356
0.73963356
0.73963356
0.73963356
0.73963356
0.73963356
0.73963356
0.73963356
0.73963356
0.73963356
0.73963356
0.73963356
0.73683518
0.73683518
0.73683518
0.73683518
0.73683518
0.73683518
0.73683518
0.73683518
0.73683518
0.73683518
0.73683518
0.73683518
0.73683518
0.73683518
0.73683518
0.73683518
0.73683518
0.73683518
0.73683518
0.73683518
0.73683518
0.73683518
0.73683518
0.73683518
0.73683518
0.73683518
0.73683518
0.73683518
0.73683518
0.73683518
0.73683518
0.73683518
0.69491231
0.69494212
0.69502896
0.69513482
0.69523525
0.69532490
0.69540912
0.69549334
0.69556946
0.69562382
0.69570535
0.69580597
0.69587672
0.69590932
0.69589573
0.69591749
0.69598281
0.69608349
0.70054340
0.71079862
0.73683518
0.73683518
0.73683518
0.73683518
0.73683518
0.73683518
0.73683518
0.73683518
0.73683518
0.73683518
0.73683518
0.73683518
0.73683518
0.73683518
0.73683518
0.73683518
0.73683518
0.73683518
0.73683518
0.73683518
0.70994252
0.70961422
0.70928621
0.70907992
0.70894438
0.70885402
0.70879477
0.70873833
0.70870727
0.70867908
0.70867908
0.70868188
0.70870447
0.70873833
0.70879191
0.70885122
0.70892745
0.70901495
0.70911664
0.70923251
0.70936531
0.70953500
0.70976979
0.73683518
0.73683518
0.73683518
0.73683518
0.73683518
0.73683518
0.73683518
0.73683518
0.73683518
0.73683518
0.73683518
0.73683518
0.73683518
0.73683518
0.73683518
0.73683518
0.73683518
0.73683518
0.73683518
0.73683518
0.73683518
0.73683518
0.73683518
0.73683518
0.73683518
0.73683518
0.73683518
0.73683518
0.73683518
0.73683518
0.73683518
0.73683518
0.73683518
0.73683518
0.73683518
0.73683518
0.73683518
0.73683518
0.73683518
0.73683518
0.73683518
0.73683518
0.73683518
0.73683518
0.73683518
0.73683518
0.73683518
0.73683518
0.73683518
0.73683518
0.73683518
0.73683518
0.73683518
0.73683518
0.73683518
0.73683518
0.73683518
0.73683518
0.73683518
0.73683518
0.73683518
0.73683518
0.73683518
0.73683518
0.73683518
0.73683518
0.73683518
0.73683518
0.73683518
0.73683518
0.73683518
0.73683518
0.73683518
0.73683518
0.73683518
0.73683518
0.73683518
0.73683518
0.73683518
0.73683518
0.73683518
0.73683518
0.73683518
0.73683518
0.73683518
0.73683518
0.73683518
0.73683518
0.73683518
0.73683518
0.73683518
0.73683518
0.73683518
0.73683518
0.73683518
0.73683518
0.73683518
0.73683518
0.73683518
0.73683518
0.73683518
0.73683518
0.73683518
0.73683518
0.73683518
0.73683518
0.73683518
0.73683518
0.73683518
0.73683518
0.73683518
0.73683518
0.73683518
0.73683518
0.73683518
0.73683518
0.73683518
0.73683518
0.73683518
0.73683518
0.73683518
0.73683518
0.73683518
0.73683518
0.73683518
0.73683518
0.73683518
0.73683518
0.73683518
0.73683518
0.73683518
0.73683518
0.73683518
0.73683518
0.73683518
0.73683518
0.73683518
0.73683518
0.73683518
0.73683518
0.73683518
0.73683518
0.73683518
0.73683518
0.73683518
0.73683518
0.73683518
0.73683518
0.73683518
0.73683518
0.73683518
0.73683518
0.73683518
0.73683518
0.73683518
0.73683518
0.73683518
0.73683518
0.73683518
0.73683518
0.73683518
0.73405790
0.73405790
0.73405790
0.73405790
0.73405790
0.73405790
0.73405790
0.73405790
0.73405790
0.73405790
0.73405790
0.73405790
0.73405790
0.73405790
0.73405790
0.73405790
0.73405790
0.73405790
0.73405790
0.73405790
0.73405790
0.73405790
0.73405790
0.73405790
0.73405790
0.73405790
0.73405790
0.73405790
0.73405790
0.73405790
0.73405790
0.69352335
0.69230956
0.69236344
0.69246578
0.69257355
0.69266516
0.69274873
0.69282150
0.69289166
0.69296175
0.69303733
0.69312906
0.69321817
0.69325864
0.69327486
0.69327217
0.69330728
0.69337475
0.69404793
0.70034492
0.71147764
0.73405790
0.73405790
0.73405790
0.73405790
0.73405790
0.73405790
0.73405790
0.73405790
0.73405790
0.73405790
0.73405790
0.73405790
0.73405790
0.73405790
0.73405790
0.73405790
0.73405790
0.73405790
0.73405790
0.73405790
0.71176499
0.71128148
0.71099168
0.71083272
0.71074474
0.71067661
0.71061707
0.71057451
0.71055180
0.71053475
0.71052909
0.71053761
0.71056312
0.71060568
0.71064824
0.71070498
0.71076173
0.71083552
0.71091217
0.71100593
0.71111101
0.71122181
0.71138668
0.73405790
0.73405790
0.73405790
0.73405790
0.73405790
0.73405790
0.73405790
0.73405790
0.73405790
0.73405790
0.73405790
0.73405790
0.73405790
0.73405790
0.73405790
0.73405790
0.73405790
0.73405790
0.73405790
0.73405790
0.73405790
0.73405790
0.73405790
0.73405790
0.73405790
0.73405790
0.73405790
0.73405790
0.73405790
0.73405790
0.73405790
0.73405790
0.73405790
0.73405790
0.73405790
0.73405790
0.73405790
0.73405790
0.73405790
0.73405790
0.73405790
0.73405790
0.73405790
0.73405790
0.73405790
0.73405790
0.73405790
0.73405790
0.73405790
0.73405790
0.73405790
0.73405790
0.73405790
0.73405790
0.73405790
0.73405790
0.73405790
0.73405790
0.73405790
0.73405790
0.73405790
0.73405790
0.73405790
0.73405790
0.73405790
0.73405790
0.73405790
0.73405790
0.73405790
0.73405790
0.73405790
0.73405790
0.73405790
0.73405790
0.73405790
0.73405790
0.73405790
0.73405790
0.73405790
0.73405790
0.73405790
0.73405790
0.73405790
0.73405790
0.73405790
0.73405790
0.73405790
0.73405790
0.73405790
0.73405790
0.73405790
0.73405790
0.73405790
0.73405790
0.73405790
0.73405790
0.73405790
0.73405790
0.73405790
0.73405790
0.73405790
0.73405790
0.73405790
0.73405790
0.73405790
0.73405790
0.73405790
0.73405790
0.73405790
0.73405790
0.73405790
0.73405790
0.73405790
0.73405790
0.73405790
0.73405790
0.73405790
0.73405790
0.73405790
0.73405790
0.73405790
0.73405790
0.73405790
0.73405790
0.73405790
0.73405790
0.73405790
0.73405790
0.73405790
0.73405790
0.73405790
0.73405790
0.73405790
0.73405790
0.73405790
0.73405790
0.73405790
0.73405790
0.73405790
0.73405790
0.73405790
0.73405790
0.73405790
0.73405790
0.73405790
0.73405790
0.73405790
0.73405790
0.73405790
0.73405790
0.73405790
0.73405790
0.73405790
0.73405790
0.73405790
0.73405790
0.73405790
0.73405790
0.73405790
0.73405790
0.73405790
0.73130453
0.73130453
0.73130453
0.73130453
0.73130453
0.73130453
0.73130453
0.73130453
0.73130453
0.73130453
0.73130453
0.73130453
0.73130453
0.73130453
0.73130453
0.73130453
0.73130453
0.73130453
0.73130453
0.73130453
0.73130453
0.73130453
0.73130453
0.73130453
0.73130453
0.73130453
0.73130453
0.73130453
0.73130453
0.73130453
0.73130453
0.68973428
0.68974763
0.68981445
0.68991876
0.69002301
0.69011134
0.69018888
0.69026119
0.69033343
0.69040304
0.69047540
0.69056380
0.69064683
0.69068438
0.69067633
0.69068170
0.69073260
0.69081837
0.69220996
0.70036972
0.71200413
0.73130453
0.73130453
0.73130453
0.73130453
0.73130453
0.73130453
0.73130453
0.73130453
0.73130453
0.73130453
0.73130453
0.73130453
0.73130453
0.73130453
0.73130453
0.73130453
0.73130453
0.73130453
0.73130453
0.73130453
0.71396035
0.71295094
0.71273112
0.71263695
0.71259129
0.71255422
0.71252000
0.71248579
0.71246868
0.71246010
0.71246582
0.71246868
0.71249431
0.71253425
0.71258563
0.71263695
0.71268833
0.71273398
0.71279961
0.71283960
0.71290237
0.71297091
0.71307659
0.73130453
0.73130453
0.73130453
0.73130453
0.73130453
0.73130453
0.73130453
0.73130453
0.73130453
0.73130453
0.73130453
0.73130453
0.73130453
0.73130453
0.73130453
0.73130453
0.73130453
0.73130453
0.73130453
0.73130453
0.73130453
0.73130453
0.73130453
0.73130453
0.73130453
0.73130453
0.73130453
0.73130453
0.73130453
0.73130453
0.73130453
0.73130453
0.73130453
0.73130453
0.73130453
0.73130453
0.73130453
0.73130453
0.73130453
0.73130453
0.73130453
0.73130453
0.73130453
0.73130453
0.73130453
0.73130453
0.73130453
0.73130453
0.73130453
0.73130453
0.73130453
0.73130453
0.73130453
0.73130453
0.73130453
0.73130453
0.73130453
0.73130453
0.73130453
0.73130453
0.73130453
0.73130453
0.73130453
0.73130453
0.73130453
0.73130453
0.73130453
0.73130453
0.73130453
0.73130453
0.73130453
0.73130453
0.73130453
0.73130453
0.73130453
0.73130453
0.73130453
0.73130453
0.73130453
0.73130453
0.73130453
0.73130453
0.73130453
0.73130453
0.73130453
0.73130453
0.73130453
0.73130453
0.73130453
0.73130453
0.73130453
0.73130453
0.73130453
0.73130453
0.73130453
0.73130453
0.73130453
0.73130453
0.73130453
0.73130453
0.73130453
0.73130453
0.73130453
0.73130453
0.73130453
0.73130453
0.73130453
0.73130453
0.73130453
0.73130453
0.73130453
0.73130453
0.73130453
0.73130453
0.73130453
0.73130453
0.73130453
0.73130453
0.73130453
0.73130453
0.73130453
0.73130453
0.73130453
0.73130453
0.73130453
0.73130453
0.73130453
0.73130453
0.73130453
0.73130453
0.73130453
0.73130453
0.73130453
0.73130453
0.73130453
0.73130453
0.73130453
0.73130453
0.73130453
0.73130453
0.73130453
0.73130453
0.73130453
0.73130453
0.73130453
0.73130453
0.73130453
0.73130453
0.73130453
0.73130453
0.73130453
0.73130453
0.73130453
0.73130453
0.73130453
0.73130453
0.73130453
0.73130453
0.73130453
0.73130453
0.73130453
0.72856867
0.72856867
0.72856867
0.72856867
0.72856867
0.72856867
0.72856867
0.72856867
0.72856867
0.72856867
0.72856867
0.72856867
0.72856867
0.72856867
0.72856867
0.72856867
0.72856867
0.72856867
0.72856867
0.72856867
0.72856867
0.72856867
0.72856867
0.72856867
0.72856867
0.72856867
0.72856867
0.72856867
0.72856867
0.72856867
0.72856867
0.68715948
0.68719131
0.68727094
0.68737972
0.68747795
0.68756562
0.68764263
0.68771434
0.68777812
0.68784988
0.68792963
0.68802005
0.68808919
0.68811315
0.68809450
0.68810785
0.68816632
0.68830204
0.69114292
0.70058197
0.72856867
0.72856867
0.72856867
0.72856867
0.72856867
0.72856867
0.72856867
0.72856867
0.72856867
0.72856867
0.72856867
0.72856867
0.72856867
0.72856867
0.72856867
0.72856867
0.72856867
0.72856867
0.72856867
0.72856867
0.72856867
0.72856867
0.72856867
0.72856867
0.72856867
0.72856867
0.72856867
0.72856867
0.72856867
0.72856867
0.72856867
0.72856867
0.72856867
0.72856867
0.72856867
0.72856867
0.72856867
0.72856867
0.72856867
0.72856867
0.72856867
0.72856867
0.72856867
0.72856867
0.72856867
0.72856867
0.72856867
0.72856867
0.72856867
0.72856867
0.72856867
0.72856867
0.72856867
0.72856867
0.72856867
0.72856867
0.72856867
0.72856867
0.72856867
0.72856867
0.72856867
0.72856867
0.72856867
0.72856867
0.72856867
0.72856867
0.72856867
0.72856867
0.72856867
0.72856867
0.72856867
0.72856867
0.72856867
0.72856867
0.72856867
0.72856867
0.72856867
0.72856867
0.72856867
0.72856867
0.72856867
0.72856867
0.72856867
0.72856867
0.72856867
0.72856867
0.72856867
0.72856867
0.72856867
0.72856867
0.72856867
0.72856867
0.72856867
0.72856867
0.72856867
0.72856867
0.72856867
0.72856867
0.72856867
0.72856867
0.72856867
0.72856867
0.72856867
0.72856867
0.72856867
0.72856867
0.72856867
0.72856867
0.72856867
0.72856867
0.72856867
0.72856867
0.72856867
0.72856867
0.72856867
0.72856867
0.72856867
0.72856867
0.72856867
0.72856867
0.72856867
0.72856867
0.72856867
0.72856867
0.72856867
0.72856867
0.72856867
0.72856867
0.72856867
0.72856867
0.72856867
0.72856867
0.72856867
0.72856867
0.72856867
0.72856867
0.72856867
0.72856867
0.72856867
0.72856867
0.72856867
0.72856867
0.72856867
0.72856867
0.72856867
0.72856867
0.72856867
0.72856867
0.72856867
0.72856867
0.72856867
0.72856867
0.72856867
0.72856867
0.72856867
0.72856867
0.72856867
0.72856867
0.72856867
0.72856867
0.72856867
0.72856867
0.72856867
0.72856867
0.72856867
0.72856867
0.72856867
0.72856867
0.72856867
0.72856867
0.72856867
0.72856867
0.72856867
0.72856867
0.72856867
0.72856867
0.72856867
0.72856867
0.72856867
0.72856867
0.72856867
0.72856867
0.72856867
0.72856867
0.72856867
0.72856867
0.72856867
0.72856867
0.72856867
0.72856867
0.72856867
0.72856867
0.72856867
0.72856867
0.72856867
0.72856867
0.72856867
0.72856867
0.72856867
0.72856867
0.72856867
0.72856867
0.72856867
0.72856867
0.72856867
0.72585326
0.72585326
0.72585326
0.72585326
0.72585326
0.72585326
0.72585326
0.72585326
0.72585326
0.72585326
0.72585326
0.72585326
0.72585326
0.72585326
0.72585326
0.72585326
0.72585326
0.72585326
0.72585326
0.72585326
0.72585326
0.72585326
0.72585326
0.72585326
0.72585326
0.72585326
0.72585326
0.72585326
0.72585326
0.72585326
0.68506759
0.68461704
0.68466443
0.68476188
0.68488044
0.68497270
0.68505180
0.68512827
0.68519944
0.68527067
0.68533927
0.68540788
0.68549502
0.68555838
0.68556362
0.68555307
0.68555838
0.68563229
0.68586743
0.69081300
0.70091856
0.72585326
0.72585326
0.72585326
0.72585326
0.72585326
0.72585326
0.72585326
0.72585326
0.72585326
0.72585326
0.72585326
0.72585326
0.72585326
0.72585326
0.72585326
0.72585326
0.72585326
0.72585326
0.72585326
0.72585326
0.72585326
0.72585326
0.72585326
0.72585326
0.72585326
0.72585326
0.72585326
0.72585326
0.72585326
0.72585326
0.72585326
0.72585326
0.72585326
0.72585326
0.72585326
0.72585326
0.72585326
0.72585326
0.72585326
0.72585326
0.72585326
0.72585326
0.72585326
0.72585326
0.72585326
0.72585326
0.72585326
0.72585326
0.72585326
0.72585326
0.72585326
0.72585326
0.72585326
0.72585326
0.72585326
0.72585326
0.72585326
0.72585326
0.72585326
0.72585326
0.72585326
0.72585326
0.72585326
0.72585326
0.72585326
0.72585326
0.72585326
0.72585326
0.72585326
0.72585326
0.72585326
0.72585326
0.72585326
0.72585326
0.72585326
0.72585326
0.72585326
0.72585326
0.72585326
0.72585326
0.72585326
0.72585326
0.72585326
0.72585326
0.72585326
0.72585326
0.72585326
0.72585326
0.72585326
0.72585326
0.72585326
0.72585326
0.72585326
0.72585326
0.72585326
0.72585326
0.72585326
0.72585326
0.72585326
0.72585326
0.72585326
0.72585326
0.72585326
0.72585326
0.72585326
0.72585326
0.72585326
0.72585326
0.72585326
0.72585326
0.72585326
0.72585326
0.72585326
0.72585326
0.72585326
0.72585326
0.72585326
0.72585326
0.72585326
0.72585326
0.72585326
0.72585326
0.72585326
0.72585326
0.72585326
0.72585326
0.72585326
0.72585326
0.72585326
0.72585326
0.72585326
0.72585326
0.72585326
0.72585326
0.72585326
0.72585326
0.72585326
0.72585326
0.72585326
0.72585326
0.72585326
0.72585326
0.72585326
0.72585326
0.72585326
0.72585326
0.72585326
0.72585326
0.72585326
0.72585326
0.72585326
0.72585326
0.72585326
0.72585326
0.72585326
0.72585326
0.72585326
0.72585326
0.72585326
0.72585326
0.72585326
0.72585326
0.72585326
0.72585326
0.72585326
0.72585326
0.72585326
0.72585326
0.72585326
0.72585326
0.72585326
0.72585326
0.72585326
0.72585326
0.72585326
0.72585326
0.72585326
0.72585326
0.72585326
0.72585326
0.72585326
0.72585326
0.72585326
0.72585326
0.72585326
0.72585326
0.72585326
0.72585326
0.72585326
0.72585326
0.72585326
0.72585326
0.72585326
0.72585326
0.72585326
0.72585326
0.72585326
0.72585326
0.72585326
0.72585326
0.72585326
0.72585326
0.72585326
0.72585326
0.72585326
0.72316092
0.72316092
0.72316092
0.72316092
0.72315800
0.72315800
0.72315800
0.72315800
0.72315800
0.72315800
0.72315800
0.72315800
0.72315800
0.72315800
0.72315800
0.72315800
0.72315800
0.72315800
0.72315800
0.72315800
0.72315800
0.72315800
0.72315800
0.72316092
0.72316092
0.72316092
0.72316092
0.72316092
0.72316092
0.72316092
0.68210644
0.68209332
0.68216914
0.68228418
0.68239927
0.68249089
0.68256676
0.68263745
0.68270814
0.68276048
0.68281811
0.68289411
0.68296480
0.68300414
0.68301725
0.68298841
0.68302250
0.68312734
0.68395942
0.69068438
0.70128584
0.72316092
0.72316092
0.72316092
0.72316092
0.72316092
0.72316092
0.72316092
0.72316092
0.72316092
0.72316092
0.72316092
0.72316092
0.72316092
0.72316092
0.72316092
0.72316092
0.72316092
0.72316092
0.72316092
0.72316092
0.72316092
0.72316092
0.72316092
0.72315800
0.72315800
0.72315800
0.72315800
0.72315800
0.72315800
0.72315800
0.72315800
0.72315800
0.72315800
0.72315800
0.72315800
0.72315800
0.72315800
0.72315800
0.72315800
0.72315800
0.72315800
0.72315800
0.72316092
0.72316092
0.72315800
0.72315800
0.72315800
0.72315800
0.72315800
0.72315800
0.72315800
0.72315800
0.72315800
0.72315800
0.72315800
0.72315800
0.72315800
0.72315800
0.72315800
0.72315800
0.72315800
0.72315800
0.72315800
0.72315800
0.72315800
0.72315800
0.72315800
0.72315800
0.72315800
0.72315800
0.72315800
0.72315800
0.72315800
0.72315800
0.72315800
0.72315800
0.72315800
0.72315800
0.72315800
0.72315800
0.72315800
0.72315800
0.72315800
0.72315800
0.72315800
0.72315800
0.72315800
0.72315800
0.72315800
0.72315800
0.72315800
0.72315800
0.72315800
0.72315800
0.72315800
0.72315800
0.72315800
0.72315800
0.72315800
0.72315800
0.72315800
0.72315800
0.72315800
0.72315800
0.72315800
0.72315800
0.72315800
0.72315800
0.72315800
0.72315800
0.72315800
0.72315800
0.72315800
0.72315800
0.72315800
0.72315800
0.72315800
0.72315800
0.72315800
0.72315800
0.72315800
0.72315800
0.72315800
0.72315800
0.72315800
0.72315800
0.72315800
0.72315800
0.72315800
0.72315800
0.72315800
0.72315800
0.72315800
0.72315800
0.72315800
0.72315800
0.72315800
0.72315800
0.72315800
0.72315800
0.72315800
0.72315800
0.72315800
0.72315800
0.72315800
0.72315800
0.72315800
0.72315800
0.72315800
0.72315800
0.72315800
0.72315800
0.72315800
0.72315800
0.72315800
0.72315800
0.72315800
0.72315800
0.72315800
0.72315800
0.72315800
0.72315800
0.72315800
0.72315800
0.72315800
0.72315800
0.72315800
0.72315800
0.72315800
0.72315800
0.72315800
0.72315800
0.72315800
0.72315800
0.72315800
0.72315800
0.72315800
0.72315800
0.72315800
0.72315800
0.72315800
0.72315800
0.72315800
0.72315800
0.72315800
0.72315800
0.72315800
0.72315800
0.72315800
0.72315800
0.72315800
0.72315800
0.72315800
0.72315800
0.72315800
0.72315800
0.72315800
0.72315800
0.72315800
0.72315800
0.72315800
0.72315800
0.72315800
0.72315800
0.72315800
0.72048563
0.72048563
0.72048563
0.72048563
0.72048563
0.72048563
0.72048563
0.72048563
0.72048563
0.72048563
0.72048563
0.72048563
0.72048563
0.72048563
0.72048563
0.72048563
0.72048563
0.72048563
0.72048563
0.72048563
0.72048563
0.72048563
0.72048563
0.72048563
0.72048563
0.72048563
0.72048563
0.72048563
0.72048563
0.72048563
0.67959595
0.67962450
0.67971534
0.67982435
0.67993081
0.68002433
0.68009710
0.68015945
0.68021667
0.68027383
0.68033361
0.68040127
0.68045849
0.68047410
0.68043768
0.68043506
0.68049490
0.68059635
0.68234956
0.69061202
0.70160645
0.72048563
0.72048563
0.72048563
0.72048563
0.72048563
0.72048563
0.72048563
0.72048563
0.72048563
0.72048563
0.72048563
0.72048563
0.72048563
0.72048563
0.72048563
0.72048563
0.72048563
0.72048563
0.72048563
0.72048563
0.72048563
0.72048563
0.72048563
0.72048563
0.72048563
0.72048563
0.72048563
0.72048563
0.72048563
0.72048563
0.72048563
0.72048563
0.72048563
0.72048563
0.72048563
0.72048563
0.72048563
0.72048563
0.72048563
0.72048563
0.72048563
0.72048563
0.72048563
0.72048563
0.72048563
0.72048563
0.72048563
0.72048563
0.72048563
0.72048563
0.72048563
0.72048563
0.72048563
0.72048563
0.72048563
0.72048563
0.72048563
0.72048563
0.72048563
0.72048563
0.72048563
0.72048563
0.72048563
0.72048563
0.72048563
0.72048563
0.72048563
0.72048563
0.72048563
0.72048563
0.72048563
0.72048563
0.72048563
0.72048563
0.72048563
0.72048563
0.72048563
0.72048563
0.72048563
0.72048563
0.72048563
0.72048563
0.72048563
0.72048563
0.72048563
0.72048563
0.72048563
0.72048563
0.72048563
0.72048563
0.72048563
0.72048563
0.72048563
0.72048563
0.72048563
0.72048563
0.72048563
0.72048563
0.72048563
0.72048563
0.72048563
0.72048563
0.72048563
0.72048563
0.72048563
0.72048563
0.72048563
0.72048563
0.72048563
0.72048563
0.72048563
0.72048563
0.72048563
0.72048563
0.72048563
0.72048563
0.72048563
0.72048563
0.72048563
0.72048563
0.72048563
0.72048563
0.72048563
0.72048563
0.72048563
0.72048563
0.72048563
0.72048563
0.72048563
0.72048563
0.72048563
0.72048563
0.72048563
0.72048563
0.72048563
0.72048563
0.72048563
0.72048563
0.72048563
0.72048563
0.72048563
0.72048563
0.72048563
0.72048563
0.72048563
0.72048563
0.72048563
0.72048563
0.72048563
0.72048563
0.72048563
0.72048563
0.72048563
0.72048563
0.72048563
0.72048563
0.72048563
0.72048563
0.72048563
0.72048563
0.72048563
0.72048563
0.72048563
0.72048563
0.72048563
0.72048563
0.72048563
0.72048563
0.72048563
0.72048563
0.72048563
0.72048563
0.72048563
0.72048563
0.72048563
0.72048563
0.72048563
0.72048563
0.72048563
0.72048563
0.72048563
0.72048563
0.72048563
0.72048563
0.72048563
0.72048563
0.72048563
0.72048563
0.72048563
0.72048563
0.72048563
0.72048563
0.72048563
0.72048563
0.72048563
0.72048563
0.72048563
0.72048563
0.72048563
0.72048563
0.72048563
0.72048563
0.72048563
0.72048563
0.72048563
0.71783000
0.71783000
0.71783000
0.71783000
0.71783000
0.71783000
0.71783000
0.71783000
0.71783000
0.71783000
0.71783000
0.71783000
0.71783000
0.71783000
0.71783000
0.71783000
0.71783000
0.71783000
0.71783000
0.71783000
0.71783000
0.71783000
0.71783000
0.71783000
0.71783000
0.71783000
0.71783000
0.71783000
0.71783000
0.67741573
0.67714256
0.67718893
0.67728168
0.67738736
0.67748791
0.67757815
0.67764521
0.67769682
0.67774844
0.67780262
0.67785424
0.67791623
0.67793947
0.67790073
0.67789298
0.67791361
0.67798078
0.67812800
0.68179554
0.69083714
0.71783000
0.71783000
0.71783000
0.71783000
0.71783000
0.71783000
0.71783000
0.71783000
0.71783000
0.71783000
0.71783000
0.71783000
0.71783000
0.71783000
0.71783000
0.71783000
0.71783000
0.71783000
0.71783000
0.71783000
0.71783000
0.71783000
0.71783000
0.71783000
0.71783000
0.71783000
0.71783000
0.71783000
0.71783000
0.71783000
0.71783000
0.71783000
0.71783000
0.71783000
0.71783000
0.71783000
0.71783000
0.71783000
0.71783000
0.71783000
0.71783000
0.71783000
0.71783000
0.71783000
0.71783000
0.71783000
0.71783000
0.71783000
0.71783000
0.71783000
0.71783000
0.71783000
0.71783000
0.71783000
0.71783000
0.71783000
0.71783000
0.71783000
0.71783000
0.71783000
0.71783000
0.71783000
0.71783000
0.71783000
0.71783000
0.71783000
0.71783000
0.71783000
0.71783000
0.71783000
0.71783000
0.71783000
0.71783000
0.71783000
0.71783000
0.71783000
0.71783000
0.71783000
0.71783000
0.71783000
0.71783000
0.71783000
0.71783000
0.71783000
0.71783000
0.71783000
0.71783000
0.71783000
0.71783000
0.71783000
0.71783000
0.71783000
0.71783000
0.71783000
0.71783000
0.71783000
0.71783000
0.71783000
0.71783000
0.71783000
0.71783000
0.71783000
0.71783000
0.71783000
0.71783000
0.71783000
0.71783000
0.71783000
0.71783000
0.71783000
0.71783000
0.71783000
0.71783000
0.71783000
0.71783000
0.71783000
0.71783000
0.71783000
0.71783000
0.71783000
0.71783000
0.71783000
0.71783000
0.71783000
0.71783000
0.71783000
0.71783000
0.71783000
0.71783000
0.71783000
0.71783000
0.71783000
0.71783000
0.71783000
0.71783000
0.71783000
0.71783000
0.71783000
0.71783000
0.71783000
0.71783000
0.71783000
0.71783000
0.71783000
0.71783000
0.71783000
0.71783000
0.71783000
0.71783000
0.71783000
0.71783000
0.71783000
0.71783000
0.71783000
0.71783000
0.71783000
0.71783000
0.71783000
0.71783000
0.71783000
0.71783000
0.71783000
0.71783000
0.71783000
0.71783000
0.71783000
0.71783000
0.71783000
0.71783000
0.71783000
0.71783000
0.71783000
0.71783000
0.71783000
0.71783000
0.71783000
0.71783000
0.71783000
0.71783000
0.71783000
0.71783000
0.71783000
0.71783000
0.71783000
0.71783000
0.71783000
0.71783000
0.71783000
0.71783000
0.71783000
0.71783000
0.71783000
0.71783000
0.71783000
0.71783000
0.71783000
0.71783000
0.71783000
0.71783000
0.71783000
0.71783000
0.71783000
0.71783000
0.71783000
0.71783000
0.71783000
0.71519387
0.71519387
0.71519387
0.71519387
0.71519387
0.71519387
0.71519387
0.71519387
0.71519387
0.71519387
0.71519387
0.71519387
0.71519387
0.71519387
0.71519387
0.71519387
0.71519387
0.71519387
0.71519387
0.71519387
0.71519387
0.71519387
0.71519387
0.71519387
0.71519387
0.71519387
0.71519387
0.71519387
0.71519387
0.67476052
0.67472214
0.67478609
0.67487818
0.67497033
0.67506504
0.67514437
0.67521101
0.67526478
0.67532629
0.67539030
0.67543131
0.67543900
0.67542362
0.67540056
0.67539030
0.67541081
0.67547488
0.67607522
0.68159711
0.69108927
0.71519387
0.71519387
0.71519387
0.71519387
0.71519387
0.71519387
0.71519387
0.71519387
0.71519387
0.71519387
0.71519387
0.71519387
0.71519387
0.71519387
0.71519387
0.71519387
0.71519387
0.71519387
0.71519387
0.71519387
0.71519387
0.71519387
0.71519387
0.71519387
0.71519387
0.71519387
0.71519387
0.71519387
0.71519387
0.71519387
0.71519387
0.71519387
0.71519387
0.71519387
0.71519387
0.71519387
0.71519387
0.71519387
0.71519387
0.71519387
0.71519387
0.71519387
0.71519387
0.71519387
0.71519387
0.71519387
0.71519387
0.71519387
0.71519387
0.71519387
0.71519387
0.71519387
0.71519387
0.71519387
0.71519387
0.71519387
0.71519387
0.71519387
0.71519387
0.71519387
0.71519387
0.71519387
0.71519387
0.71519387
0.71519387
0.71519387
0.71519387
0.71519387
0.71519387
0.71519387
0.71519387
0.71519387
0.71519387
0.71519387
0.71519387
0.71519387
0.71519387
0.71519387
0.71519387
0.71519387
0.71519387
0.71519387
0.71519387
0.71519387
0.71519387
0.71519387
0.71519387
0.71519387
0.71519387
0.71519387
0.71519387
0.71519387
0.71519387
0.71519387
0.71519387
0.71519387
0.71519387
0.71519387
0.71519387
0.71519387
0.71519387
0.71519387
0.71519387
0.71519387
0.71519387
0.71519387
0.71519387
0.71519387
0.71519387
0.71519387
0.71519387
0.71519387
0.71519387
0.71519387
0.71519387
0.71519387
0.71519387
0.71519387
0.71519387
0.71519387
0.71519387
0.71519387
0.71519387
0.71519387
0.71519387
0.71519387
0.71519387
0.71519387
0.71519387
0.71519387
0.71519387
0.71519387
0.71519387
0.71519387
0.71519387
0.71519387
0.71519387
0.71519387
0.71519387
0.71519387
0.71519387
0.71519387
0.71519387
0.71519387
0.71519387
0.71519387
0.71519387
0.71519387
0.71519387
0.71519387
0.71519387
0.71519387
0.71519387
0.71519387
0.71519387
0.71519387
0.71519387
0.71519387
0.71519387
0.71519387
0.71519387
0.71519387
0.71519387
0.71519387
0.71519387
0.71519387
0.71519387
0.71519387
0.71519387
0.71519387
0.71519387
0.71519387
0.71519387
0.71519387
0.71519387
0.71519387
0.71519387
0.71519387
0.71519387
0.71519387
0.71519387
0.71519387
0.71519387
0.71519387
0.71519387
0.71519387
0.71519387
0.71519387
0.71519387
0.71519387
0.71519387
0.71519387
0.71519387
0.71519387
0.71519387
0.71519387
0.71519387
0.71519387
0.71519387
0.71519387
0.71519387
0.71519387
0.71519387
0.71519387
0.71519387
0.71519387
0.71257991
0.71257991
0.71257991
0.71257991
0.71257991
0.71257991
0.71257991
0.71257991
0.71257991
0.71257991
0.71257991
0.71257991
0.71257991
0.71257991
0.71257991
0.71257991
0.71257991
0.71257991
0.71257991
0.71257991
0.71257991
0.71257991
0.71257991
0.71257991
0.71257991
0.71257991
0.71257991
0.71257991
0.71257991
0.67229360
0.67233932
0.67241549
0.67250186
0.67258573
0.67266959
0.67274839
0.67281199
0.67286026
0.67291373
0.67297220
0.67300785
0.67300022
0.67296970
0.67293662
0.67292386
0.67293406
0.67299002
0.67431831
0.68154490
0.69145435
0.71257991
0.71257991
0.71257991
0.71257991
0.71257991
0.71257991
0.71257991
0.71257991
0.71257991
0.71257991
0.71257991
0.71257991
0.71257991
0.71257991
0.71257991
0.71257991
0.71257991
0.71257991
0.71257991
0.71257991
0.71257991
0.71257991
0.71257991
0.71257991
0.71257991
0.71257991
0.71257991
0.71257991
0.71257991
0.71257991
0.71257991
0.71257991
0.71257991
0.71257991
0.71257991
0.71257991
0.71257991
0.71257991
0.71257991
0.71257991
0.71257991
0.71257991
0.71257991
0.71257991
0.71257991
0.71257991
0.71257991
0.71257991
0.71257991
0.71257991
0.71257991
0.71257991
0.71257991
0.71257991
0.71257991
0.71257991
0.71257991
0.71257991
0.71257991
0.71257991
0.71257991
0.71257991
0.71257991
0.71257991
0.71257991
0.71257991
0.71257991
0.71257991
0.71257991
0.71257991
0.71257991
0.71257991
0.71257991
0.71257991
0.71257991
0.71257991
0.71257991
0.71257991
0.71257991
0.71257991
0.71257991
0.71257991
0.71257991
0.71257991
0.71257991
0.71257991
0.71257991
0.71257991
0.71257991
0.71257991
0.71257991
0.71257991
0.71257991
0.71257991
0.71257991
0.71257991
0.71257991
0.71257991
0.71257991
0.71257991
0.71257991
0.71257991
0.71257991
0.71257991
0.71257991
0.71257991
0.71257991
0.71257991
0.71257991
0.71257991
0.71257991
0.71257991
0.71257991
0.71257991
0.71257991
0.71257991
0.71257991
0.71257991
0.71257991
0.71257991
0.71257991
0.71257991
0.71257991
0.71257991
0.71257991
0.71257991
0.71257991
0.71257991
0.71257991
0.71257991
0.71257991
0.71257991
0.71257991
0.71257991
0.71257991
0.71257991
0.71257991
0.71257991
0.71257991
0.71257991
0.71257991
0.71257991
0.71257991
0.71257991
0.71257991
0.71257991
0.71257991
0.71257991
0.71257991
0.71257991
0.71257991
0.71257991
0.71257991
0.71257991
0.71257991
0.71257991
0.71257991
0.71257991
0.71257991
0.71257991
0.71257991
0.71257991
0.71257991
0.71257991
0.71257991
0.71257991
0.71257991
0.71257991
0.71257991
0.71257991
0.71257991
0.71257991
0.71257991
0.71257991
0.71257991
0.71257991
0.71257991
0.71257991
0.71257991
0.71257991
0.71257991
0.71257991
0.71257991
0.71257991
0.71257991
0.71257991
0.71257991
0.71257991
0.71257991
0.71257991
0.71257991
0.71257991
0.71257991
0.71257991
0.71257991
0.71257991
0.71257991
0.71257991
0.71257991
0.71257991
0.71257991
0.71257991
0.71257991
0.71257991
0.71257991
0.71257991
0.70998216
0.70998216
0.70998216
0.70998216
0.70998216
0.70998216
0.70998216
0.70998216
0.70998216
0.70998216
0.70998216
0.70998216
0.70998216
0.70998216
0.70998216
0.70998216
0.70998216
0.70998216
0.70998216
0.70998216
0.70998216
0.70998216
0.70998216
0.70998216
0.70998216
0.70998216
0.70998216
0.70998216
0.66992027
0.66992784
0.66999841
0.67007911
0.67015481
0.67023301
0.67030877
0.67037439
0.67043501
0.67049563
0.67054361
0.67059159
0.67061687
0.67061180
0.67055875
0.67051327
0.67049307
0.67050320
0.67057139
0.67338717
0.68157881
0.69171768
0.70998216
0.70998216
0.70998216
0.70998216
0.70998216
0.70998216
0.70998216
0.70998216
0.70998216
0.70998216
0.70998216
0.70998216
0.70998216
0.70998216
0.70998216
0.70998216
0.70998216
0.70998216
0.70998216
0.70998216
0.70998216
0.70998216
0.70998216
0.70998216
0.70998216
0.70998216
0.70998216
0.70998216
0.70998216
0.70998216
0.70998216
0.70998216
0.70998216
0.70998216
0.70998216
0.70998216
0.70998216
0.70998216
0.70998216
0.70998216
0.70998216
0.70998216
0.70998216
0.70998216
0.70998216
0.70998216
0.70998216
0.70998216
0.70998216
0.70998216
0.70998216
0.70998216
0.70998216
0.70998216
0.70998216
0.70998216
0.70998216
0.70998216
0.70998216
0.70998216
0.70998216
0.70998216
0.70998216
0.70998216
0.70998216
0.70998216
0.70998216
0.70998216
0.70998216
0.70998216
0.70998216
0.70998216
0.70998216
0.70998216
0.70998216
0.70998216
0.70998216
0.70998216
0.70998216
0.70998216
0.70998216
0.70998216
0.70998216
0.70998216
0.70998216
0.70998216
0.70998216
0.70998216
0.70998216
0.70998216
0.70998216
0.70998216
0.70998216
0.70998216
0.70998216
0.70998216
0.70998216
0.70998216
0.70998216
0.70998216
0.70998216
0.70998216
0.70998216
0.70998216
0.70998216
0.70998216
0.70998216
0.70998216
0.70998216
0.70998216
0.70998216
0.70998216
0.70998216
0.70998216
0.70998216
0.70998216
0.70998216
0.70998216
0.70998216
0.70998216
0.70998216
0.70998216
0.70998216
0.70998216
0.70998216
0.70998216
0.70998216
0.70998216
0.70998216
0.70998216
0.70998216
0.70998216
0.70998216
0.70998216
0.70998216
0.70998216
0.70998216
0.70998216
0.70998216
0.70998216
0.70998216
0.70998216
0.70998216
0.70998216
0.70998216
0.70998216
0.70998216
0.70998216
0.70998216
0.70998216
0.70998216
0.70998216
0.70998216
0.70998216
0.70998216
0.70998216
0.70998216
0.70998216
0.70998216
0.70998216
0.70998216
0.70998216
0.70998216
0.70998216
0.70998216
0.70998216
0.70998216
0.70998216
0.70998216
0.70998216
0.70998216
0.70998216
0.70998216
0.70998216
0.70998216
0.70998216
0.70998216
0.70998216
0.70998216
0.70998216
0.70998216
0.70998216
0.70998216
0.70998216
0.70998216
0.70998216
0.70998216
0.70998216
0.70998216
0.70998216
0.70998216
0.70998216
0.70998216
0.70998216
0.70998216
0.70998216
0.70998216
0.70998216
0.70998216
0.70998216
0.70998216
0.70998216
0.70998216
0.70998216
0.70998216
0.70998216
0.70740324
0.70740324
0.70740324
0.70740324
0.70740324
0.70740324
0.70740324
0.70740324
0.70740324
0.70740324
0.70740324
0.70740324
0.70740324
0.70740324
0.70740324
0.70740324
0.70740324
0.70740324
0.70740324
0.70740324
0.70740324
0.70740324
0.70740324
0.70740324
0.70740324
0.70740324
0.70740324
0.70740324
0.66754359
0.66761619
0.66770387
0.66778153
0.66785419
0.66791683
0.66796446
0.66802460
0.66809732
0.66817003
0.66823524
0.66828293
0.66828293
0.66822773
0.66817254
0.66812742
0.66809231
0.66807723
0.66842598
0.67303586
0.68168062
0.70740324
0.70740324
0.70740324
0.70740324
0.70740324
0.70740324
0.70740324
0.70740324
0.70740324
0.70740324
0.70740324
0.70740324
0.70740324
0.70740324
0.70740324
0.70740324
0.70740324
0.70740324
0.70740324
0.70740324
0.70740324
0.70740324
0.70740324
0.70740324
0.70740324
0.70740324
0.70740324
0.70740324
0.70740324
0.70740324
0.70740324
0.70740324
0.70740324
0.70740324
0.70740324
0.70740324
0.70740324
0.70740324
0.70740324
0.70740324
0.70740324
0.70740324
0.70740324
0.70740324
0.70740324
0.70740324
0.70740324
0.70740324
0.70740324
0.70740324
0.70740324
0.70740324
0.70740324
0.70740324
0.70740324
0.70740324
0.70740324
0.70740324
0.70740324
0.70740324
0.70740324
0.70740324
0.70740324
0.70740324
0.70740324
0.70740324
0.70740324
0.70740324
0.70740324
0.70740324
0.70740324
0.70740324
0.70740324
0.70740324
0.70740324
0.70740324
0.70740324
0.70740324
0.70740324
0.70740324
0.70740324
0.70740324
0.70740324
0.70740324
0.70740324
0.70740324
0.70740324
0.70740324
0.70740324
0.70740324
0.70740324
0.70740324
0.70740324
0.70740324
0.70740324
0.70740324
0.70740324
0.70740324
0.70740324
0.70740324
0.70740324
0.70740324
0.70740324
0.70740324
0.70740324
0.70740324
0.70740324
0.70740324
0.70740324
0.70740324
0.70740324
0.70740324
0.70740324
0.70740324
0.70740324
0.70740324
0.70740324
0.70740324
0.70740324
0.70740324
0.70740324
0.70740324
0.70740324
0.70740324
0.70740324
0.70740324
0.70740324
0.70740324
0.70740324
0.70740324
0.70740324
0.70740324
0.70740324
0.70740324
0.70740324
0.70740324
0.70740324
0.70740324
0.70740324
0.70740324
0.70740324
0.70740324
0.70740324
0.70740324
0.70740324
0.70740324
0.70740324
0.70740324
0.70740324
0.70740324
0.70740324
0.70740324
0.70740324
0.70740324
0.70740324
0.70740324
0.70740324
0.70740324
0.70740324
0.70740324
0.70740324
0.70740324
0.70740324
0.70740324
0.70740324
0.70740324
0.70740324
0.70740324
0.70740324
0.70740324
0.70740324
0.70740324
0.70740324
0.70740324
0.70740324
0.70740324
0.70740324
0.70740324
0.70740324
0.70740324
0.70740324
0.70740324
0.70740324
0.70740324
0.70740324
0.70740324
0.70740324
0.70740324
0.70740324
0.70740324
0.70740324
0.70740324
0.70740324
0.70740324
0.70740324
0.70740324
0.70740324
0.70740324
0.70740324
0.70740324
0.70740324
0.70740324
0.70740324
0.70740324
0.70740324
0.70740324
0.70740324
0.70484304
0.70484304
0.70484304
0.70484304
0.70484304
0.70484304
0.70484304
0.70484304
0.70484304
0.70484304
0.70484304
0.70484304
0.70484304
0.70484304
0.70484304
0.70484304
0.70484304
0.70484304
0.70484304
0.70484304
0.70484304
0.70484304
0.70484304
0.70484304
0.70484304
0.70484304
0.70484304
0.66582566
0.66527325
0.66537023
0.66545731
0.66552699
0.66557425
0.66561657
0.66566384
0.66571116
0.66576594
0.66582072
0.66585809
0.66588300
0.66588050
0.66584313
0.66579330
0.66574597
0.66571116
0.66567880
0.66693336
0.67289591
0.68189996
0.70484304
0.70484304
0.70484304
0.70484304
0.70484304
0.70484304
0.70484304
0.70484304
0.70484304
0.70484304
0.70484304
0.70484304
0.70484304
0.70484304
0.70484304
0.70484304
0.70484304
0.70484304
0.70484304
0.70484304
0.70484304
0.70484304
0.70484304
0.70484304
0.70484304
0.70484304
0.70484304
0.70484304
0.70484304
0.70484304
0.70484304
0.70484304
0.70484304
0.70484304
0.70484304
0.70484304
0.70484304
0.70484304
0.70484304
0.70484304
0.70484304
0.70484304
0.70484304
0.70484304
0.70484304
0.70484304
0.70484304
0.70484304
0.70484304
0.70484304
0.70484304
0.70484304
0.70484304
0.70484304
0.70484304
0.70484304
0.70484304
0.70484304
0.70484304
0.70484304
0.70484304
0.70484304
0.70484304
0.70484304
0.70484304
0.70484304
0.70484304
0.70484304
0.70484304
0.70484304
0.70484304
0.70484304
0.70484304
0.70484304
0.70484304
0.70484304
0.70484304
0.70484304
0.70484304
0.70484304
0.70484304
0.70484304
0.70484304
0.70484304
0.70484304
0.70484304
0.70484304
0.70484304
0.70484304
0.70484304
0.70484304
0.70484304
0.70484304
0.70484304
0.70484304
0.70484304
0.70484304
0.70484304
0.70484304
0.70484304
0.70484304
0.70484304
0.70484304
0.70484304
0.70484304
0.70484304
0.70484304
0.70484304
0.70484304
0.70484304
0.70484304
0.70484304
0.70484304
0.70484304
0.70484304
0.70484304
0.70484304
0.70484304
0.70484304
0.70484304
0.70484304
0.70484304
0.70484304
0.70484304
0.70484304
0.70484304
0.70484304
0.70484304
0.70484304
0.70484304
0.70484304
0.70484304
0.70484304
0.70484304
0.70484304
0.70484304
0.70484304
0.70484304
0.70484304
0.70484304
0.70484304
0.70484304
0.70484304
0.70484304
0.70484304
0.70484304
0.70484304
0.70484304
0.70484304
0.70484304
0.70484304
0.70484304
0.70484304
0.70484304
0.70484304
0.70484304
0.70484304
0.70484304
0.70484304
0.70484304
0.70484304
0.70484304
0.70484304
0.70484304
0.70484304
0.70484304
0.70484304
0.70484304
0.70484304
0.70484304
0.70484304
0.70484304
0.70484304
0.70484304
0.70484304
0.70484304
0.70484304
0.70484304
0.70484304
0.70484304
0.70484304
0.70484304
0.70484304
0.70484304
0.70484304
0.70484304
0.70484304
0.70484304
0.70484304
0.70484304
0.70484304
0.70484304
0.70484304
0.70484304
0.70484304
0.70484304
0.70484304
0.70484304
0.70484304
0.70484304
0.70484304
0.70484304
0.70484304
0.70484304
0.70484304
0.70484304
0.70484304
0.70230407
0.70230407
0.70230407
0.70230407
0.70230407
0.70230407
0.70230407
0.70230407
0.70230407
0.70230407
0.70230407
0.70230407
0.70230407
0.70230407
0.70230407
0.70230407
0.70230407
0.70230407
0.70230407
0.70230407
0.70230407
0.70230407
0.70230407
0.70230407
0.70230407
0.70230407
0.70230407
0.66293186
0.66306770
0.66318130
0.66328758
0.66334444
0.66338646
0.66341859
0.66347051
0.66351008
0.66354966
0.66358185
0.66359669
0.66359913
0.66359669
0.66354722
0.66346556
0.66341120
0.66336918
0.66337901
0.66466957
0.67278397
0.68227899
0.70230407
0.70230407
0.70230407
0.70230407
0.70230407
0.70230407
0.70230407
0.70230407
0.70230407
0.70230407
0.70230407
0.70230407
0.70230407
0.70230407
0.70230407
0.70230407
0.70230407
0.70230407
0.70230407
0.70230407
0.70230407
0.70230407
0.70230407
0.70230407
0.70230407
0.70230407
0.70230407
0.70230407
0.70230407
0.70230407
0.70230407
0.70230407
0.70230407
0.70230407
0.70230407
0.70230407
0.70230407
0.70230407
0.70230407
0.70230407
0.70230407
0.70230407
0.70230407
0.70230407
0.70230407
0.70230407
0.70230407
0.70230407
0.70230407
0.70230407
0.70230407
0.70230407
0.70230407
0.70230407
0.70230407
0.70230407
0.70230407
0.70230407
0.70230407
0.70230407
0.70230407
0.70230407
0.70230407
0.70230407
0.70230407
0.70230407
0.70230407
0.70230407
0.70230407
0.70230407
0.70230407
0.70230407
0.70230407
0.70230407
0.70230407
0.70230407
0.70230407
0.70230407
0.70230407
0.70230407
0.70230407
0.70230407
0.70230407
0.70230407
0.70230407
0.70230407
0.70230407
0.70230407
0.70230407
0.70230407
0.70230407
0.70230407
0.70230407
0.70230407
0.70230407
0.70230407
0.70230407
0.70230407
0.70230407
0.70230407
0.70230407
0.70230407
0.70230407
0.70230407
0.70230407
0.70230407
0.70230407
0.70230407
0.70230407
0.70230407
0.70230407
0.70230407
0.70230407
0.70230407
0.70230407
0.70230407
0.70230407
0.70230407
0.70230407
0.70230407
0.70230407
0.70230407
0.70230407
0.70230407
0.70230407
0.70230407
0.70230407
0.70230407
0.70230407
0.70230407
0.70230407
0.70230407
0.70230407
0.70230407
0.70230407
0.70230407
0.70230407
0.70230407
0.70230407
0.70230407
0.70230407
0.70230407
0.70230407
0.70230407
0.70230407
0.70230407
0.70230407
0.70230407
0.70230407
0.70230407
0.70230407
0.70230407
0.70230407
0.70230407
0.70230407
0.70230407
0.70230407
0.70230407
0.70230407
0.70230407
0.70230407
0.70230407
0.70230407
0.70230407
0.70230407
0.70230407
0.70230407
0.70230407
0.70230407
0.70230407
0.70230407
0.70230407
0.70230407
0.70230407
0.70230407
0.70230407
0.70230407
0.70230407
0.70230407
0.70230407
0.70230407
0.70230407
0.70230407
0.70230407
0.70230407
0.70230407
0.70230407
0.70230407
0.70230407
0.70230407
0.70230407
0.70230407
0.70230407
0.70230407
0.70230407
0.70230407
0.70230407
0.70230407
0.70230407
0.70230407
0.70230407
0.70230407
0.70230407
0.70230407
0.70230407
0.70230407
0.70230407
0.69978052
0.69978052
0.69978052
0.69978052
0.69978052
0.69978052
0.69978052
0.69978052
0.69978052
0.69978052
0.69978052
0.69978052
0.69978052
0.69978052
0.69978052
0.69978052
0.69978052
0.69978052
0.69978052
0.69978052
0.69978052
0.69978052
0.69978052
0.69978052
0.69978052
0.69978052
0.69978052
0.66328514
0.66323817
0.66320848
0.66316897
0.66311216
0.66305041
0.66298127
0.66292691
0.66285533
0.66278374
0.66275412
0.66276401
0.66281831
0.66285783
0.66289729
0.66288495
0.66286027
0.66284794
0.66278374
0.66440660
0.67277128
0.68251181
0.69978052
0.69978052
0.69978052
0.69978052
0.69978052
0.69978052
0.69978052
0.69978052
0.69978052
0.69978052
0.69978052
0.69978052
0.69978052
0.69978052
0.69978052
0.69978052
0.69978052
0.69978052
0.69978052
0.69978052
0.69978052
0.69978052
0.69978052
0.69978052
0.69978052
0.69978052
0.69978052
0.69978052
0.69978052
0.69978052
0.69978052
0.69978052
0.69978052
0.69978052
0.69978052
0.69978052
0.69978052
0.69978052
0.69978052
0.69978052
0.69978052
0.69978052
0.69978052
0.69978052
0.69978052
0.69978052
0.69978052
0.69978052
0.69978052
0.69978052
0.69978052
0.69978052
0.69978052
0.69978052
0.69978052
0.69978052
0.69978052
0.69978052
0.69978052
0.69978052
0.69978052
0.69978052
0.69978052
0.69978052
0.69978052
0.69978052
0.69978052
0.69978052
0.69978052
0.69978052
0.69978052
0.69978052
0.69978052
0.69978052
0.69978052
0.69978052
0.69978052
0.69978052
0.69978052
0.69978052
0.69978052
0.69978052
0.69978052
0.69978052
0.69978052
0.69978052
0.69978052
0.69978052
0.69978052
0.69978052
0.69978052
0.69978052
0.69978052
0.69978052
0.69978052
0.69978052
0.69978052
0.69978052
0.69978052
0.69978052
0.69978052
0.69978052
0.69978052
0.69978052
0.69978052
0.69978052
0.69978052
0.69978052
0.69978052
0.69978052
0.69978052
0.69978052
0.69978052
0.69978052
0.69978052
0.69978052
0.69978052
0.69978052
0.69978052
0.69978052
0.69978052
0.69978052
0.69978052
0.69978052
0.69978052
0.69978052
0.69978052
0.69978052
0.69978052
0.69978052
0.69978052
0.69978052
0.69978052
0.69978052
0.69978052
0.69978052
0.69978052
0.69978052
0.69978052
0.69978052
0.69978052
0.69978052
0.69978052
0.69978052
0.69978052
0.69978052
0.69978052
0.69978052
0.69978052
0.69978052
0.69978052
0.69978052
0.69978052
0.69978052
0.69978052
0.69978052
0.69978052
0.69978052
0.69978052
0.69978052
0.69978052
0.69978052
0.69978052
0.69978052
0.69978052
0.69978052
0.69978052
0.69978052
0.69978052
0.69978052
0.69978052
0.69978052
0.69978052
0.69978052
0.69978052
0.69978052
0.69978052
0.69978052
0.69978052
0.69978052
0.69978052
0.69978052
0.69978052
0.69978052
0.69978052
0.69978052
0.69978052
0.69978052
0.69978052
0.69978052
0.69978052
0.69978052
0.69978052
0.69978052
0.69978052
0.69978052
0.69978052
0.69978052
0.69978052
0.69978052
0.69978052
0.69978052
0.69978052
0.69978052
0.69978052
0.69978052
0.69978052
0.69727510
0.69727510
0.69727510
0.69727510
0.69727510
0.69727510
0.69727510
0.69727510
0.69727510
0.69727510
0.69727510
0.69727510
0.69727510
0.69727510
0.69727510
0.69727510
0.69727510
0.69727510
0.69727510
0.69727510
0.69727510
0.69727510
0.69727510
0.69727510
0.69727510
0.69727510
0.69727510
0.66265053
0.66267520
0.66272950
0.66278869
0.66286522
0.66293681
0.66300100
0.66308004
0.66317391
0.66327274
0.66333699
0.66334194
0.66330242
0.66326284
0.66325051
0.66325790
0.66329253
0.66333699
0.66343099
0.66566885
0.67300785
0.69727510
0.69727510
0.69727510
0.69727510
0.69727510
0.69727510
0.69727510
0.69727510
0.69727510
0.69727510
0.69727510
0.69727510
0.69727510
0.69727510
0.69727510
0.69727510
0.69727510
0.69727510
0.69727510
0.69727510
0.69727510
0.69727510
0.69727510
0.69727510
0.69727510
0.69727510
0.69727510
0.69727510
0.69727510
0.69727510
0.69727510
0.69727510
0.69727510
0.69727510
0.69727510
0.69727510
0.69727510
0.69727510
0.69727510
0.69727510
0.69727510
0.69727510
0.69727510
0.69727510
0.69727510
0.69727510
0.69727510
0.69727510
0.69727510
0.69727510
0.69727510
0.69727510
0.69727510
0.69727510
0.69727510
0.69727510
0.69727510
0.69727510
0.69727510
0.69727510
0.69727510
0.69727510
0.69727510
0.69727510
0.69727510
0.69727510
0.69727510
0.69727510
0.69727510
0.69727510
0.69727510
0.69727510
0.69727510
0.69727510
0.69727510
0.69727510
0.69727510
0.69727510
0.69727510
0.69727510
0.69727510
0.69727510
0.69727510
0.69727510
0.69727510
0.69727510
0.69727510
0.69727510
0.69727510
0.69727510
0.69727510
0.69727510
0.69727510
0.69727510
0.69727510
0.69727510
0.69727510
0.69727510
0.69727510
0.69727510
0.69727510
0.69727510
0.69727510
0.69727510
0.69727510
0.69727510
0.69727510
0.69727510
0.69727510
0.69727510
0.69727510
0.69727510
0.69727510
0.69727510
0.69727510
0.69727510
0.69727510
0.69727510
0.69727510
0.69727510
0.69727510
0.69727510
0.69727510
0.69727510
0.69727510
0.69727510
0.69727510
0.69727510
0.69727510
0.69727510
0.69727510
0.69727510
0.69727510
0.69727510
0.69727510
0.69727510
0.69727510
0.69727510
0.69727510
0.69727510
0.69727510
0.69727510
0.69727510
0.69727510
0.69727510
0.69727510
0.69727510
0.69727510
0.69727510
0.69727510
0.69727510
0.69727510
0.69727510
0.69727510
0.69727510
0.69727510
0.69727510
0.69727510
0.69727510
0.69727510
0.69727510
0.69727510
0.69727510
0.69727510
0.69727510
0.69727510
0.69727510
0.69727510
0.69727510
0.69727510
0.69727510
0.69727510
0.69727510
0.69727510
0.69727510
0.69727510
0.69727510
0.69727510
0.69727510
0.69727510
0.69727510
0.69727510
0.69727510
0.69727510
0.69727510
0.69727510
0.69727510
0.69727510
0.69727510
0.69727510
0.69727510
0.69727510
0.69727510
0.69727510
0.69727510
0.69727510
0.69727510
0.69727510
0.69727510
0.69727510
0.69727510
0.69727510
0.69727510
0.69727510
0.69727510
0.69727510
0.69727510
0.69727510
0.69478750
0.69478750
0.69478750
0.69478750
0.69478750
0.69478750
0.69478750
0.69478750
0.69478750
0.69478750
0.69478750
0.69478750
0.69478750
0.69478750
0.69478750
0.69478750
0.69478750
0.69478750
0.69478750
0.69478750
0.69478750
0.69478750
0.69478750
0.69478750
0.69478750
0.69478750
0.69478750
0.66423309
0.66421574
0.66426033
0.66431981
0.66437441
0.66442895
0.66448599
0.66455793
0.66463488
0.66472667
0.66479123
0.66483343
0.66484338
0.66483593
0.66483593
0.66486079
0.66489303
0.66494024
0.66504210
0.66698080
0.67348146
0.69478750
0.69478750
0.69478750
0.69478750
0.69478750
0.69478750
0.69478750
0.69478750
0.69478750
0.69478750
0.69478750
0.69478750
0.69478750
0.69478750
0.69478750
0.69478750
0.69478750
0.69478750
0.69478750
0.69478750
0.69478750
0.69478750
0.69478750
0.69478750
0.69478750
0.69478750
0.69478750
0.69478750
0.69478750
0.69478750
0.69478750
0.69478750
0.69478750
0.69478750
0.69478750
0.69478750
0.69478750
0.69478750
0.69478750
0.69478750
0.69478750
0.69478750
0.69478750
0.69478750
0.69478750
0.69478750
0.69478750
0.69478750
0.69478750
0.69478750
0.69478750
0.69478750
0.69478750
0.69478750
0.69478750
0.69478750
0.69478750
0.69478750
0.69478750
0.69478750
0.69478750
0.69478750
0.69478750
0.69478750
0.69478750
0.69478750
0.69478750
0.69478750
0.69478750
0.69478750
0.69478750
0.69478750
0.69478750
0.69478750
0.69478750
0.69478750
0.69478750
0.69478750
0.69478750
0.69478750
0.69478750
0.69478750
0.69478750
0.69478750
0.69478750
0.69478750
0.69478750
0.69478750
0.69478750
0.69478750
0.69478750
0.69478750
0.69478750
0.69478750
0.69478750
0.69478750
0.69478750
0.69478750
0.69478750
0.69478750
0.69478750
0.69478750
0.69478750
0.69478750
0.69478750
0.69478750
0.69478750
0.69478750
0.69478750
0.69478750
0.69478750
0.69478750
0.69478750
0.69478750
0.69478750
0.69478750
0.69478750
0.69478750
0.69478750
0.69478750
0.69478750
0.69478750
0.69478750
0.69478750
0.69478750
0.69478750
0.69478750
0.69478750
0.69478750
0.69478750
0.69478750
0.69478750
0.69478750
0.69478750
0.69478750
0.69478750
0.69478750
0.69478750
0.69478750
0.69478750
0.69478750
0.69478750
0.69478750
0.69478750
0.69478750
0.69478750
0.69478750
0.69478750
0.69478750
0.69478750
0.69478750
0.69478750
0.69478750
0.69478750
0.69478750
0.69478750
0.69478750
0.69478750
0.69478750
0.69478750
0.69478750
0.69478750
0.69478750
0.69478750
0.69478750
0.69478750
0.69478750
0.69478750
0.69478750
0.69478750
0.69478750
0.69478750
0.69478750
0.69478750
0.69478750
0.69478750
0.69478750
0.69478750
0.69478750
0.69478750
0.69478750
0.69478750
0.69478750
0.69478750
0.69478750
0.69478750
0.69478750
0.69478750
0.69478750
0.69478750
0.69478750
0.69478750
0.69478750
0.69478750
0.69478750
0.69478750
0.69478750
0.69478750
0.69478750
0.69478750
0.69478750
0.69478750
0.69478750
0.69478750
0.69478750
0.69478750
0.69478750
0.69478750
0.69232035
0.69232035
0.69232035
0.69232035
0.69232035
0.69232035
0.69232035
0.69232035
0.69232035
0.69232035
0.69232035
0.69232035
0.69232035
0.69232035
0.69232035
0.69232035
0.69232035
0.69232035
0.69232035
0.69232035
0.69232035
0.69232035
0.69232035
0.69232035
0.69232035
0.69232035
0.69232035
0.69232035
0.66590542
0.66593277
0.66598761
0.66604990
0.66610724
0.66616708
0.66623688
0.66630423
0.66636908
0.66642892
0.66646886
0.66650128
0.66652375
0.66655624
0.66659868
0.66664857
0.66672599
0.66684091
0.66800207
0.67395318
0.69232035
0.69232035
0.69232035
0.69232035
0.69232035
0.69232035
0.69232035
0.69232035
0.69232035
0.69232035
0.69232035
0.69232035
0.69232035
0.69232035
0.69232035
0.69232035
0.69232035
0.69232035
0.69232035
0.69232035
0.69232035
0.69232035
0.69232035
0.69232035
0.69232035
0.69232035
0.69232035
0.69232035
0.69232035
0.69232035
0.69232035
0.69232035
0.69232035
0.69232035
0.69232035
0.69232035
0.69232035
0.69232035
0.69232035
0.69232035
0.69232035
0.69232035
0.69232035
0.69232035
0.69232035
0.69232035
0.69232035
0.69232035
0.69232035
0.69232035
0.69232035
0.69232035
0.69232035
0.69232035
0.69232035
0.69232035
0.69232035
0.69232035
0.69232035
0.69232035
0.69232035
0.69232035
0.69232035
0.69232035
0.69232035
0.69232035
0.69232035
0.69232035
0.69232035
0.69232035
0.69232035
0.69232035
0.69232035
0.69232035
0.69232035
0.69232035
0.69232035
0.69232035
0.69232035
0.69232035
0.69232035
0.69232035
0.69232035
0.69232035
0.69232035
0.69232035
0.69232035
0.69232035
0.69232035
0.69232035
0.69232035
0.69232035
0.69232035
0.69232035
0.69232035
0.69232035
0.69232035
0.69232035
0.69232035
0.69232035
0.69232035
0.69232035
0.69232035
0.69232035
0.69232035
0.69232035
0.69232035
0.69232035
0.69232035
0.69232035
0.69232035
0.69232035
0.69232035
0.69232035
0.69232035
0.69232035
0.69232035
0.69232035
0.69232035
0.69232035
0.69232035
0.69232035
0.69232035
0.69232035
0.69232035
0.69232035
0.69232035
0.69232035
0.69232035
0.69232035
0.69232035
0.69232035
0.69232035
0.69232035
0.69232035
0.69232035
0.69232035
0.69232035
0.69232035
0.69232035
0.69232035
0.69232035
0.69232035
0.69232035
0.69232035
0.69232035
0.69232035
0.69232035
0.69232035
0.69232035
0.69232035
0.69232035
0.69232035
0.69232035
0.69232035
0.69232035
0.69232035
0.69232035
0.69232035
0.69232035
0.69232035
0.69232035
0.69232035
0.69232035
0.69232035
0.69232035
0.69232035
0.69232035
0.69232035
0.69232035
0.69232035
0.69232035
0.69232035
0.69232035
0.69232035
0.69232035
0.69232035
0.69232035
0.69232035
0.69232035
0.69232035
0.69232035
0.69232035
0.69232035
0.69232035
0.69232035
0.69232035
0.69232035
0.69232035
0.69232035
0.69232035
0.69232035
0.69232035
0.69232035
0.69232035
0.69232035
0.69232035
0.69232035
0.69232035
0.69232035
0.69232035
0.69232035
0.69232035
0.69232035
0.69232035
0.69232035
0.69232035
0.69232035
0.68986791
0.68986791
0.68986791
0.68986791
0.68986791
0.68986791
0.68986791
0.68986791
0.68986791
0.68986791
0.68986791
0.68986791
0.68986791
0.68986791
0.68986791
0.68986791
0.68986791
0.68986791
0.68986791
0.68986791
0.68986791
0.68986791
0.68986791
0.68986791
0.68986791
0.68986791
0.68986791
0.68986791
0.66774642
0.66779655
0.66789675
0.66797948
0.66806221
0.66811991
0.66818511
0.66825533
0.66834313
0.66840088
0.66842848
0.66845357
0.66849375
0.66854143
0.66858667
0.66864192
0.66871977
0.66883534
0.66903895
0.68986791
0.68986791
0.68986791
0.68986791
0.68986791
0.68986791
0.68986791
0.68986791
0.68986791
0.68986791
0.68986791
0.68986791
0.68986791
0.68986791
0.68986791
0.68986791
0.68986791
0.68986791
0.68986791
0.68986791
0.68986791
0.68986791
0.68986791
0.68986791
0.68986791
0.68986791
0.68986791
0.68986791
0.68986791
0.68986791
0.68986791
0.68986791
0.68986791
0.68986791
0.68986791
0.68986791
0.68986791
0.68986791
0.68986791
0.68986791
0.68986791
0.68986791
0.68986791
0.68986791
0.68986791
0.68986791
0.68986791
0.68986791
0.68986791
0.68986791
0.68986791
0.68986791
0.68986791
0.68986791
0.68986791
0.68986791
0.68986791
0.68986791
0.68986791
0.68986791
0.68986791
0.68986791
0.68986791
0.68986791
0.68986791
0.68986791
0.68986791
0.68986791
0.68986791
0.68986791
0.68986791
0.68986791
0.68986791
0.68986791
0.68986791
0.68986791
0.68986791
0.68986791
0.68986791
0.68986791
0.68986791
0.68986791
0.68986791
0.68986791
0.68986791
0.68986791
0.68986791
0.68986791
0.68986791
0.68986791
0.68986791
0.68986791
0.68986791
0.68986791
0.68986791
0.68986791
0.68986791
0.68986791
0.68986791
0.68986791
0.68986791
0.68986791
0.68986791
0.68986791
0.68986791
0.68986791
0.68986791
0.68986791
0.68986791
0.68986791
0.68986791
0.68986791
0.68986791
0.68986791
0.68986791
0.68986791
0.68986791
0.68986791
0.68986791
0.68986791
0.68986791
0.68986791
0.68986791
0.68986791
0.68986791
0.68986791
0.68986791
0.68986791
0.68986791
0.68986791
0.68986791
0.68986791
0.68986791
0.68986791
0.68986791
0.68986791
0.68986791
0.68986791
0.68986791
0.68986791
0.68986791
0.68986791
0.68986791
0.68986791
0.68986791
0.68986791
0.68986791
0.68986791
0.68986791
0.68986791
0.68986791
0.68986791
0.68986791
0.68986791
0.68986791
0.68986791
0.68986791
0.68986791
0.68986791
0.68986791
0.68986791
0.68986791
0.68986791
0.68986791
0.68986791
0.68986791
0.68986791
0.68986791
0.68986791
0.68986791
0.68986791
0.68986791
0.68986791
0.68986791
0.68986791
0.68986791
0.68986791
0.68986791
0.68986791
0.68986791
0.68986791
0.68986791
0.68986791
0.68986791
0.68986791
0.68986791
0.68986791
0.68986791
0.68986791
0.68986791
0.68986791
0.68986791
0.68986791
0.68986791
0.68986791
0.68986791
0.68986791
0.68986791
0.68986791
0.68986791
0.68986791
0.68986791
0.68986791
0.68986791
0.68986791
0.68986791
0.68986791
0.68986791
0.68986791
0.68743283
0.68743283
0.68743283
0.68743283
0.68743283
0.68743283
0.68743283
0.68743283
0.68743283
0.68743283
0.68743283
0.68743283
0.68743283
0.68743283
0.68743283
0.68743283
0.68743283
0.68743283
0.68743283
0.68743283
0.68743283
0.68743283
0.68743283
0.68743283
0.68743283
0.68743283
0.68743283
0.68743283
0.66976398
0.66990262
0.67005646
0.67024314
0.67040467
0.67049307
0.67057896
0.67066741
0.67074066
0.67079377
0.67081398
0.67081398
0.67083418
0.67086709
0.67089993
0.67092520
0.67097330
0.67107195
0.67130983
0.68743283
0.68743283
0.68743283
0.68743283
0.68743283
0.68743283
0.68743283
0.68743283
0.68743283
0.68743283
0.68743283
0.68743283
0.68743283
0.68743283
0.68743283
0.68743283
0.68743283
0.68743283
0.68743283
0.68743283
0.68743283
0.68743283
0.68743283
0.68743283
0.68743283
0.68743283
0.68743283
0.68743283
0.68743283
0.68743283
0.68743283
0.68743283
0.68743283
0.68743283
0.68743283
0.68743283
0.68743283
0.68743283
0.68743283
0.68743283
0.68743283
0.68743283
0.68743283
0.68743283
0.68743283
0.68743283
0.68743283
0.68743283
0.68743283
0.68743283
0.68743283
0.68743283
0.68743283
0.68743283
0.68743283
0.68743283
0.68743283
0.68743283
0.68743283
0.68743283
0.68743283
0.68743283
0.68743283
0.68743283
0.68743283
0.68743283
0.68743283
0.68743283
0.68743283
0.68743283
0.68743283
0.68743283
0.68743283
0.68743283
0.68743283
0.68743283
0.68743283
0.68743283
0.68743283
0.68743283
0.68743283
0.68743283
0.68743283
0.68743283
0.68743283
0.68743283
0.68743283
0.68743283
0.68743283
0.68743283
0.68743283
0.68743283
0.68743283
0.68743283
0.68743283
0.68743283
0.68743283
0.68743283
0.68743283
0.68743283
0.68743283
0.68743283
0.68743283
0.68743283
0.68743283
0.68743283
0.68743283
0.68743283
0.68743283
0.68743283
0.68743283
0.68743283
0.68743283
0.68743283
0.68743283
0.68743283
0.68743283
0.68743283
0.68743283
0.68743283
0.68743283
0.68743283
0.68743283
0.68743283
0.68743283
0.68743283
0.68743283
0.68743283
0.68743283
0.68743283
0.68743283
0.68743283
0.68743283
0.68743283
0.68743283
0.68743283
0.68743283
0.68743283
0.68743283
0.68743283
0.68743283
0.68743283
0.68743283
0.68743283
0.68743283
0.68743283
0.68743283
0.68743283
0.68743283
0.68743283
0.68743283
0.68743283
0.68743283
0.68743283
0.68743283
0.68743283
0.68743283
0.68743283
0.68743283
0.68743283
0.68743283
0.68743283
0.68743283
0.68743283
0.68743283
0.68743283
0.68743283
0.68743283
0.68743283
0.68743283
0.68743283
0.68743283
0.68743283
0.68743283
0.68743283
0.68743283
0.68743283
0.68743283
0.68743283
0.68743283
0.68743283
0.68743283
0.68743283
0.68743283
0.68743283
0.68743283
0.68743283
0.68743283
0.68743283
0.68743283
0.68743283
0.68743283
0.68743283
0.68743283
0.68743283
0.68743283
0.68743283
0.68743283
0.68743283
0.68743283
0.68743283
0.68743283
0.68743283
0.68743283
0.68743283
0.68743283
0.68743283
0.68743283
0.68743283
0.68501490
0.68501490
0.68501490
0.68501490
0.68501490
0.68501490
0.68501490
0.68501490
0.68501490
0.68501490
0.68501490
0.68501490
0.68501490
0.68501490
0.68501490
0.68501490
0.68501490
0.68501490
0.68501490
0.68501490
0.68501490
0.68501490
0.68501490
0.68501490
0.68501490
0.68501490
0.68501490
0.68501490
0.68501490
0.68501490
0.68501490
0.68501490
0.68501490
0.68501490
0.68501490
0.68501490
0.68501490
0.68501490
0.68501490
0.68501490
0.68501490
0.68501490
0.68501490
0.68501490
0.68501490
0.68501490
0.68501490
0.68501490
0.68501490
0.68501490
0.68501490
0.68501490
0.68501490
0.68501490
0.68501490
0.68501490
0.68501490
0.68501490
0.68501490
0.68501490
0.68501490
0.68501490
0.68501490
0.68501490
0.68501490
0.68501490
0.68501490
0.68501490
0.68501490
0.68501490
0.68501490
0.68501490
0.68501490
0.68501490
0.68501490
0.68501490
0.68501490
0.68501490
0.68501490
0.68501490
0.68501490
0.68501490
0.68501490
0.68501490
0.68501490
0.68501490
0.68501490
0.68501490
0.68501490
0.68501490
0.68501490
0.68501490
0.68501490
0.68501490
0.68501490
0.68501490
0.68501490
0.68501490
0.68501490
0.68501490
0.68501490
0.68501490
0.68501490
0.68501490
0.68501490
0.68501490
0.68501490
0.68501490
0.68501490
0.68501490
0.68501490
0.68501490
0.68501490
0.68501490
0.68501490
0.68501490
0.68501490
0.68501490
0.68501490
0.68501490
0.68501490
0.68501490
0.68501490
0.68501490
0.68501490
0.68501490
0.68501490
0.68501490
0.68501490
0.68501490
0.68501490
0.68501490
0.68501490
0.68501490
0.68501490
0.68501490
0.68501490
0.68501490
0.68501490
0.68501490
0.68501490
0.68501490
0.68501490
0.68501490
0.68501490
0.68501490
0.68501490
0.68501490
0.68501490
0.68501490
0.68501490
0.68501490
0.68501490
0.68501490
0.68501490
0.68501490
0.68501490
0.68501490
0.68501490
0.68501490
0.68501490
0.68501490
0.68501490
0.68501490
0.68501490
0.68501490
0.68501490
0.68501490
0.68501490
0.68501490
0.68501490
0.68501490
0.68501490
0.68501490
0.68501490
0.68501490
0.68501490
0.68501490
0.68501490
0.68501490
0.68501490
0.68501490
0.68501490
0.68501490
0.68501490
0.68501490
0.68501490
0.68501490
0.68501490
0.68501490
0.68501490
0.68501490
0.68501490
0.68501490
0.68501490
0.68501490
0.68501490
0.68501490
0.68501490
0.68501490
0.68501490
0.68501490
0.68501490
0.68501490
0.68501490
0.68501490
0.68501490
0.68501490
0.68501490
0.68501490
0.68501490
0.68501490
0.68501490
0.68501490
0.68501490
0.68501490
0.68501490
0.68501490
0.68501490
0.68501490
0.68501490
0.68501490
0.68501490
0.68501490
0.68501490
0.68501490
0.68501490
0.68501490
0.68501490
0.68501490
0.68501490
0.68501490
0.68501490
0.68501490
0.68501490
0.68501490
0.68501490
0.68501490
0.68501490
0.68501490
0.68501490
0.68501490
0.68501490
0.68501490
0.68501490
0.68501490
0.68501490
0.68501490
0.68501490
0.68501490
0.68501490
0.68501490
0.68501490
0.68501490
0.68501490
0.68501490
0.68261647
0.68261647
0.68261647
0.68261647
0.68261647
0.68261647
0.68261647
0.68261647
0.68261647
0.68261647
0.68261647
0.68261647
0.68261647
0.68261647
0.68261647
0.68261647
0.68261647
0.68261647
0.68261647
0.68261647
0.68261647
0.68261647
0.68261647
0.68261647
0.68261647
0.68261647
0.68261647
0.68261647
0.68261647
0.68261647
0.68261647
0.68261647
0.68261647
0.68261647
0.68261647
0.68261647
0.68261647
0.68261647
0.68261647
0.68261647
0.68261647
0.68261647
0.68261647
0.68261647
0.68261647
0.68261647
0.68261647
0.68261647
0.68261647
0.68261647
0.68261647
0.68261647
0.68261647
0.68261647
0.68261647
0.68261647
0.68261647
0.68261647
0.68261647
0.68261647
0.68261647
0.68261647
0.68261647
0.68261647
0.68261647
0.68261647
0.68261647
0.68261647
0.68261647
0.68261647
0.68261647
0.68261647
0.68261647
0.68261647
0.68261647
0.68261647
0.68261647
0.68261647
0.68261647
0.68261647
0.68261647
0.68261647
0.68261647
0.68261647
0.68261647
0.68261647
0.68261647
0.68261647
0.68261647
0.68261647
0.68261647
0.68261647
0.68261647
0.68261647
0.68261647
0.68261647
0.68261647
0.68261647
0.68261647
0.68261647
0.68261647
0.68261647
0.68261647
0.68261647
0.68261647
0.68261647
0.68261647
0.68261647
0.68261647
0.68261647
0.68261647
0.68261647
0.68261647
0.68261647
0.68261647
0.68261647
0.68261647
0.68261647
0.68261647
0.68261647
0.68261647
0.68261647
0.68261647
0.68261647
0.68261647
0.68261647
0.68261647
0.68261647
0.68261647
0.68261647
0.68261647
0.68261647
0.68261647
0.68261647
0.68261647
0.68261647
0.68261647
0.68261647
0.68261647
0.68261647
0.68261647
0.68261647
0.68261647
0.68261647
0.68261647
0.68261647
0.68261647
0.68261647
0.68261647
0.68261647
0.68261647
0.68261647
0.68261647
0.68261647
0.68261647
0.68261647
0.68261647
0.68261647
0.68261647
0.68261647
0.68261647
0.68261647
0.68261647
0.68261647
0.68261647
0.68261647
0.68261647
0.68261647
0.68261647
0.68261647
0.68261647
0.68261647
0.68261647
0.68261647
0.68261647
0.68261647
0.68261647
0.68261647
0.68261647
0.68261647
0.68261647
0.68261647
0.68261647
0.68261647
0.68261647
0.68261647
0.68261647
0.68261647
0.68261647
0.68261647
0.68261647
0.68261647
0.68261647
0.68261647
0.68261647
0.68261647
0.68261647
0.68261647
0.68261647
0.68261647
0.68261647
0.68261647
0.68261647
0.68261647
0.68261647
0.68261647
0.68261647
0.68261647
0.68261647
0.68261647
0.68261647
0.68261647
0.68261647
0.68261647
0.68261647
0.68261647
0.68261647
0.68261647
0.68261647
0.68261647
0.68261647
0.68261647
0.68261647
0.68261647
0.68261647
0.68261647
0.68261647
0.68261647
0.68261647
0.68261647
0.68261647
0.68261647
0.68261647
0.68261647
0.68261647
0.68261647
0.68261647
0.68261647
0.68261647
0.68261647
0.68261647
0.68261647
0.68261647
0.68261647
0.68261647
0.68261647
0.68261647
0.68261647
0.68261647
0.68261647
0.68261647
0.68261647
0.68261647
0.68261647
0.68261647
0.68261647
0.68023223
0.68023223
0.68023223
0.68023223
0.68023223
0.68023223
0.68023223
0.68023223
0.68023223
0.68023223
0.68023223
0.68023223
0.68023223
0.68023223
0.68023223
0.68023223
0.68023223
0.68023223
0.68023223
0.68023223
0.68023223
0.68023223
0.68023223
0.68023223
0.68023223
0.68023223
0.68023223
0.68023223
0.68023223
0.68023223
0.68023223
0.68023223
0.68023223
0.68023223
0.68023223
0.68023223
0.68023223
0.68023223
0.68023223
0.68023223
0.68023223
0.68023223
0.68023223
0.68023223
0.68023223
0.68023223
0.68023223
0.68023223
0.68023223
0.68023223
0.68023223
0.68023223
0.68023223
0.68023223
0.68023223
0.68023223
0.68023223
0.68023223
0.68023223
0.68023223
0.68023223
0.68023223
0.68023223
0.68023223
0.68023223
0.68023223
0.68023223
0.68023223
0.68023223
0.68023223
0.68023223
0.68023223
0.68023223
0.68023223
0.68023223
0.68023223
0.68023223
0.68023223
0.68023223
0.68023223
0.68023223
0.68023223
0.68023223
0.68023223
0.68023223
0.68023223
0.68023223
0.68023223
0.68023223
0.68023223
0.68023223
0.68023223
0.68023223
0.68023223
0.68023223
0.68023223
0.68023223
0.68023223
0.68023223
0.68023223
0.68023223
0.68023223
0.68023223
0.68023223
0.68023223
0.68023223
0.68023223
0.68023223
0.68023223
0.68023223
0.68023223
0.68023223
0.68023223
0.68023223
0.68023223
0.68023223
0.68023223
0.68023223
0.68023223
0.68023223
0.68023223
0.68023223
0.68023223
0.68023223
0.68023223
0.68023223
0.68023223
0.68023223
0.68023223
0.68023223
0.68023223
0.68023223
0.68023223
0.68023223
0.68023223
0.68023223
0.68023223
0.68023223
0.68023223
0.68023223
0.68023223
0.68023223
0.68023223
0.68023223
0.68023223
0.68023223
0.68023223
0.68023223
0.68023223
0.68023223
0.68023223
0.68023223
0.68023223
0.68023223
0.68023223
0.68023223
0.68023223
0.68023223
0.68023223
0.68023223
0.68023223
0.68023223
0.68023223
0.68023223
0.68023223
0.68023223
0.68023223
0.68023223
0.68023223
0.68023223
0.68023223
0.68023223
0.68023223
0.68023223
0.68023223
0.68023223
0.68023223
0.68023223
0.68023223
0.68023223
0.68023223
0.68023223
0.68023223
0.68023223
0.68023223
0.68023223
0.68023223
0.68023223
0.68023223
0.68023223
0.68023223
0.68023223
0.68023223
0.68023223
0.68023223
0.68023223
0.68023223
0.68023223
0.68023223
0.68023223
0.68023223
0.68023223
0.68023223
0.68023223
0.68023223
0.68023223
0.68023223
0.68023223
0.68023223
0.68023223
0.68023223
0.68023223
0.68023223
0.68023223
0.68023223
0.68023223
0.68023223
0.68023223
0.68023223
0.68023223
0.68023223
0.68023223
0.68023223
0.68023223
0.68023223
0.68023223
0.68023223
0.68023223
0.68023223
0.68023223
0.68023223
0.68023223
0.68023223
0.68023223
0.68023223
0.68023223
0.68023223
0.68023223
0.68023223
0.68023223
0.68023223
0.68023223
0.68023223
0.68023223
0.68023223
0.68023223
0.68023223
0.68023223
0.68023223
0.68023223
0.68023223
0.68023223
0.68023223
0.68023223
0.68023223
0.68023223
0.67786461
0.67786461
0.67786461
0.67786461
0.67786461
0.67786461
0.67786461
0.67786461
0.67786461
0.67786461
0.67786461
0.67786461
0.67786461
0.67786461
0.67786461
0.67786461
0.67786461
0.67786461
0.67786461
0.67786461
0.67786461
0.67786461
0.67786461
0.67786461
0.67786461
0.67786461
0.67786461
0.67786461
0.67786461
0.67786461
0.67786461
0.67786461
0.67786461
0.67786461
0.67786461
0.67786461
0.67786461
0.67786461
0.67786461
0.67786461
0.67786461
0.67786461
0.67786461
0.67786461
0.67786461
0.67786461
0.67786461
0.67786461
0.67786461
0.67786461
0.67786461
0.67786461
0.67786461
0.67786461
0.67786461
0.67786461
0.67786461
0.67786461
0.67786461
0.67786461
0.67786461
0.67786461
0.67786461
0.67786461
0.67786461
0.67786461
0.67786461
0.67786461
0.67786461
0.67786461
0.67786461
0.67786461
0.67786461
0.67786461
0.67786461
0.67786461
0.67786461
0.67786461
0.67786461
0.67786461
0.67786461
0.67786461
0.67786461
0.67786461
0.67786461
0.67786461
0.67786461
0.67786461
0.67786461
0.67786461
0.67786461
0.67786461
0.67786461
0.67786461
0.67786461
0.67786461
0.67786461
0.67786461
0.67786461
0.67786461
0.67786461
0.67786461
0.67786461
0.67786461
0.67786461
0.67786461
0.67786461
0.67786461
0.67786461
0.67786461
0.67786461
0.67786461
0.67786461
0.67786461
0.67786461
0.67786461
0.67786461
0.67786461
0.67786461
0.67786461
0.67786461
0.67786461
0.67786461
0.67786461
0.67786461
0.67786461
0.67786461
0.67786461
0.67786461
0.67786461
0.67786461
0.67786461
0.67786461
0.67786461
0.67786461
0.67786461
0.67786461
0.67786461
0.67786461
0.67786461
0.67786461
0.67786461
0.67786461
0.67786461
0.67786461
0.67786461
0.67786461
0.67786461
0.67786461
0.67786461
0.67786461
0.67786461
0.67786461
0.67786461
0.67786461
0.67786461
0.67786461
0.67786461
0.67786461
0.67786461
0.67786461
0.67786461
0.67786461
0.67786461
0.67786461
0.67786461
0.67786461
0.67786461
0.67786461
0.67786461
0.67786461
0.67786461
0.67786461
0.67786461
0.67786461
0.67786461
0.67786461
0.67786461
0.67786461
0.67786461
0.67786461
0.67786461
0.67786461
0.67786461
0.67786461
0.67786461
0.67786461
0.67786461
0.67786461
0.67786461
0.67786461
0.67786461
0.67786461
0.67786461
0.67786461
0.67786461
0.67786461
0.67786461
0.67786461
0.67786461
0.67786461
0.67786461
0.67786461
0.67786461
0.67786461
0.67786461
0.67786461
0.67786461
0.67786461
0.67786461
0.67786461
0.67786461
0.67786461
0.67786461
0.67786461
0.67786461
0.67786461
0.67786461
0.67786461
0.67786461
0.67786461
0.67786461
0.67786461
0.67786461
0.67786461
0.67786461
0.67786461
0.67786461
0.67786461
0.67786461
0.67786461
0.67786461
0.67786461
0.67786461
0.67786461
0.67786461
0.67786461
0.67786461
0.67786461
0.67786461
0.67786461
0.67786461
0.67786461
0.67786461
0.67786461
0.67786461
0.67786461
0.67786461
0.67786461
0.67786461
0.67786461
0.67786461
0.67786461
0.67786461
0.67786461
0.67786461
0.67551589
0.67551589
0.67551589
0.67551589
0.67551589
0.67551589
0.67551589
0.67551589
0.67551589
0.67551589
0.67551589
0.67551589
0.67551589
0.67551589
0.67551589
0.67551589
0.67551589
0.67551589
0.67551589
0.67551589
0.67551589
0.67551589
0.67551589
0.67551589
0.67551589
0.67551589
0.67551589
0.67551589
0.67551589
0.67551589
0.67551589
0.67551589
0.67551589
0.67551589
0.67551589
0.67551589
0.67551589
0.67551589
0.67551589
0.67551589
0.67551589
0.67551589
0.67551589
0.67551589
0.67551589
0.67551589
0.67551589
0.67551589
0.67551589
0.67551589
0.67551589
0.67551589
0.67551589
0.67551589
0.67551589
0.67551589
0.67551589
0.67551589
0.67551589
0.67551589
0.67551589
0.67551589
0.67551589
0.67551333
0.67551333
0.67551333
0.67551333
0.67551333
0.67551333
0.67551333
0.67551333
0.67551589
0.67551589
0.67551589
0.67551589
0.67551589
0.67551589
0.67551589
0.67551589
0.67551589
0.67551589
0.67551589
0.67551589
0.67551589
0.67551589
0.67551589
0.67551589
0.67551589
0.67551589
0.67551589
0.67551589
0.67551589
0.67551589
0.67551589
0.67551589
0.67551333
0.67551333
0.67551333
0.67551333
0.67551333
0.67551333
0.67551333
0.67551333
0.67551333
0.67551333
0.67551333
0.67551333
0.67551333
0.67551333
0.67551333
0.67551333
0.67551333
0.67551333
0.67551333
0.67551333
0.67551333
0.67551333
0.67551333
0.67551333
0.67551333
0.67551333
0.67551333
0.67551333
0.67551333
0.67551333
0.67551333
0.67551333
0.67551333
0.67551333
0.67551333
0.67551333
0.67551333
0.67551333
0.67551333
0.67551333
0.67551333
0.67551333
0.67551333
0.67551333
0.67551333
0.67551333
0.67551333
0.67551333
0.67551333
0.67551333
0.67551333
0.67551333
0.67551333
0.67551333
0.67551333
0.67551333
0.67551333
0.67551333
0.67551333
0.67551333
0.67551333
0.67551333
0.67551333
0.67551333
0.67551333
0.67551333
0.67551333
0.67551333
0.67551333
0.67551333
0.67551333
0.67551333
0.67551333
0.67551333
0.67551333
0.67551333
0.67551333
0.67551333
0.67551333
0.67551333
0.67551333
0.67551333
0.67551333
0.67551333
0.67551333
0.67551333
0.67551333
0.67551333
0.67551333
0.67551333
0.67551333
0.67551333
0.67551333
0.67551333
0.67551333
0.67551333
0.67551333
0.67551333
0.67551333
0.67551333
0.67551333
0.67551333
0.67551333
0.67551333
0.67551333
0.67551333
0.67551333
0.67551333
0.67551333
0.67551333
0.67551333
0.67551333
0.67551333
0.67551333
0.67551333
0.67551333
0.67551333
0.67551333
0.67551333
0.67551333
0.67551333
0.67551333
0.67551333
0.67551333
0.67551333
0.67551333
0.67551333
0.67551333
0.67551333
0.67551333
0.67551333
0.67551589
0.67551589
0.67551589
0.67551589
0.67551589
0.67551589
0.67551589
0.67551589
0.67551589
0.67551333
0.67551333
0.67551589
0.67551589
0.67551589
0.67551589
0.67551589
0.67551589
0.67551589
0.67551589
0.67551589
0.67551589
0.67551333
0.67551333
0.67551333
0.67551333
0.67551333
0.67551333
0.67551333
0.67551333
0.67551333
0.67318094
0.67318094
0.67318094
0.67318094
0.67318094
0.67318094
0.67318094
0.67318094
0.67318094
0.67318094
0.67318094
0.67318094
0.67318094
0.67318094
0.67318094
0.67318094
0.67318094
0.67318094
0.67318094
0.67318094
0.67318094
0.67318094
0.67318094
0.67318094
0.67318094
0.67318094
0.67318094
0.67318094
0.67318094
0.67318094
0.67318094
0.67318094
0.67318094
0.67318094
0.67318094
0.67318094
0.67318094
0.67318094
0.67318094
0.67318094
0.67318094
0.67318094
0.67318094
0.67318094
0.67318094
0.67318094
0.67318094
0.67318094
0.67318094
0.67318094
0.67318094
0.67318094
0.67318094
0.67318094
0.67318094
0.67318094
0.67318094
0.67318094
0.67318094
0.67318094
0.67318094
0.67318094
0.67318094
0.67318094
0.67318094
0.67318094
0.67318094
0.67318094
0.67318094
0.67318094
0.67318094
0.67318094
0.67318094
0.67318094
0.67318094
0.67318094
0.67318094
0.67318094
0.67318094
0.67318094
0.67318094
0.67318094
0.67318094
0.67318094
0.67318094
0.67318094
0.67318094
0.67318094
0.67318094
0.67318094
0.67318094
0.67318094
0.67318094
0.67318094
0.67318094
0.67318094
0.67318094
0.67318094
0.67318094
0.67318094
0.67318094
0.67318094
0.67318094
0.67318094
0.67318094
0.67318094
0.67318094
0.67318094
0.67318094
0.67318094
0.67318094
0.67318094
0.67318094
0.67318094
0.67318094
0.67318094
0.67318094
0.67318094
0.67318094
0.67318094
0.67318094
0.67318094
0.67318094
0.67318094
0.67318094
0.67318094
0.67318094
0.67318094
0.67318094
0.67318094
0.67318094
0.67318094
0.67318094
0.67318094
0.67318094
0.67318094
0.67318094
0.67318094
0.67318094
0.67318094
0.67318094
0.67318094
0.67318094
0.67318094
0.67318094
0.67318094
0.67318094
0.67318094
0.67318094
0.67318094
0.67318094
0.67318094
0.67318094
0.67318094
0.67318094
0.67318094
0.67318094
0.67318094
0.67318094
0.67318094
0.67318094
0.67318094
0.67318094
0.67318094
0.67318094
0.67318094
0.67318094
0.67318094
0.67318094
0.67318094
0.67318094
0.67318094
0.67318094
0.67318094
0.67318094
0.67318094
0.67318094
0.67318094
0.67318094
0.67318094
0.67318094
0.67318094
0.67318094
0.67318094
0.67318094
0.67318094
0.67318094
0.67318094
0.67318094
0.67318094
0.67318094
0.67318094
0.67318094
0.67318094
0.67318094
0.67318094
0.67318094
0.67318094
0.67318094
0.67318094
0.67318094
0.67318094
0.67318094
0.67318094
0.67318094
0.67318094
0.67318094
0.67318094
0.67318094
0.67318094
0.67318094
0.67318094
0.67318094
0.67318094
0.67318094
0.67318094
0.67318094
0.67318094
0.67318094
0.67318094
0.67318094
0.67318094
0.67318094
0.67318094
0.67318094
0.67318094
0.67318094
0.67318094
0.67318094
0.67318094
0.67318094
0.67318094
0.67318094
0.67318094
0.67318094
0.67318094
0.67318094
0.67318094
0.67318094
0.67318094
0.67318094
0.67318094
0.67318094
0.67318094
0.67318094
0.67318094
0.67318094
0.67318094
0.67318094
0.67318094
0.67318094
0.67318094
0.67318094
0.67318094
0.67318094
0.67318094
0.67086202
0.67086202
0.67086202
0.67086202
0.67086202
0.67086202
0.67086202
0.67086202
0.67086202
0.67086202
0.67086202
0.67086202
0.67086202
0.67086202
0.67086202
0.67086202
0.67086202
0.67086202
0.67086202
0.67086202
0.67086202
0.67086202
0.67086202
0.67086202
0.67086202
0.67086202
0.67086202
0.67086202
0.67086202
0.67086202
0.67086202
0.67086202
0.67086202
0.67086202
0.67086202
0.67086202
0.67086202
0.67086202
0.67086202
0.67086202
0.67086202
0.67086202
0.67086202
0.67086202
0.67086202
0.67086202
0.67086202
0.67086202
0.67086202
0.67086202
0.67086202
0.67086202
0.67086202
0.67086202
0.67086202
0.67086202
0.67086202
0.67086202
0.67086202
0.67086202
0.67086202
0.67086202
0.67086202
0.67086202
0.67086202
0.67086202
0.67086202
0.67086202
0.67086202
0.67086202
0.67086202
0.67086202
0.67086202
0.67086202
0.67086202
0.67086202
0.67086202
0.67086202
0.67086202
0.67086202
0.67086202
0.67086202
0.67086202
0.67086202
0.67086202
0.67086202
0.67086202
0.67086202
0.67086202
0.67086202
0.67086202
0.67086202
0.67086202
0.67086202
0.67086202
0.67086202
0.67086202
0.67086202
0.67086202
0.67086202
0.67086202
0.67086202
0.67086202
0.67086202
0.67086202
0.67086202
0.67086202
0.67086202
0.67086202
0.67086202
0.67086202
0.67086202
0.67086202
0.67086202
0.67086202
0.67086202
0.67086202
0.67086202
0.67086202
0.67086202
0.67086202
0.67086202
0.67086202
0.67086202
0.67086202
0.67086202
0.67086202
0.67086202
0.67086202
0.67086202
0.67086202
0.67086202
0.67086202
0.67086202
0.67086202
0.67086202
0.67086202
0.67086202
0.67086202
0.67086202
0.67086202
0.67086202
0.67086202
0.67086202
0.67086202
0.67086202
0.67086202
0.67086202
0.67086202
0.67086202
0.67086202
0.67086202
0.67086202
0.67086202
0.67086202
0.67086202
0.67086202
0.67086202
0.67086202
0.67086202
0.67086202
0.67086202
0.67086202
0.67086202
0.67086202
0.67086202
0.67086202
0.67086202
0.67086202
0.67086202
0.67086202
0.67086202
0.67086202
0.67086202
0.67086202
0.67086202
0.67086202
0.67086202
0.67086202
0.67086202
0.67086202
0.67086202
0.67086202
0.67086202
0.67086202
0.67086202
0.67086202
0.67086202
0.67086202
0.67086202
0.67086202
0.67086202
0.67086202
0.67086202
0.67086202
0.67086202
0.67086202
0.67086202
0.67086202
0.67086202
0.67086202
0.67086202
0.67086202
0.67086202
0.67086202
0.67086202
0.67086202
0.67086202
0.67086202
0.67086202
0.67086202
0.67086202
0.67086202
0.67086202
0.67086202
0.67086202
0.67086202
0.67086202
0.67086202
0.67086202
0.67086202
0.67086202
0.67086202
0.67086202
0.67086202
0.67086202
0.67086202
0.67086202
0.67086202
0.67086202
0.67086202
0.67086202
0.67086202
0.67086202
0.67086202
0.67086202
0.67086202
0.67086202
0.67086202
0.67086202
0.67086202
0.67086202
0.67086202
0.67086202
0.67086202
0.67086202
0.67086202
0.67086202
0.67086202
0.67086202
0.67086202
0.67086202
0.67086202
0.67086202
0.67086202
0.67086202
0.66855901
0.66855901
0.66855901
0.66855901
0.66855901
0.66855901
0.66855901
0.66855901
0.66855901
0.66855901
0.66855901
0.66855901
0.66855901
0.66855901
0.66855901
0.66855901
0.66855901
0.66855901
0.66855901
0.66855901
0.66855901
0.66855901
0.66855901
0.66855901
0.66855901
0.66855901
0.66855901
0.66855901
0.66855901
0.66855901
0.66855901
0.66855901
0.66855901
0.66855901
0.66855901
0.66855901
0.66855901
0.66855901
0.66855901
0.66855901
0.66855901
0.66855901
0.66855901
0.66855901
0.66855901
0.66855901
0.66855901
0.66855901
0.66855901
0.66855901
0.66855901
0.66855901
0.66855901
0.66855901
0.66855901
0.66855901
0.66855901
0.66855901
0.66855901
0.66855901
0.66855901
0.66855901
0.66855901
0.66855901
0.66855901
0.66855901
0.66855901
0.66855901
0.66855901
0.66855901
0.66855901
0.66855901
0.66855901
0.66855901
0.66855901
0.66855901
0.66855901
0.66855901
0.66855901
0.66855901
0.66855901
0.66855901
0.66855901
0.66855901
0.66855901
0.66855901
0.66855901
0.66855901
0.66855901
0.66855901
0.66855901
0.66855901
0.66855901
0.66855901
0.66855901
0.66855901
0.66855901
0.66855901
0.66855901
0.66855901
0.66855901
0.66855901
0.66855901
0.66855901
0.66855901
0.66855901
0.66855901
0.66855901
0.66855901
0.66855901
0.66855901
0.66855901
0.66855901
0.66855901
0.66855901
0.66855901
0.66855901
0.66855901
0.66855901
0.66855901
0.66855901
0.66855901
0.66855901
0.66855901
0.66855901
0.66855901
0.66855901
0.66855901
0.66855901
0.66855901
0.66855901
0.66855901
0.66855901
0.66855901
0.66855901
0.66855901
0.66855901
0.66855901
0.66855901
0.66855901
0.66855901
0.66855901
0.66855901
0.66855901
0.66855901
0.66855901
0.66855901
0.66855901
0.66855901
0.66855901
0.66855901
0.66855901
0.66855901
0.66855901
0.66855901
0.66855901
0.66855901
0.66855901
0.66855901
0.66855901
0.66855901
0.66855901
0.66855901
0.66855901
0.66855901
0.66855901
0.66855901
0.66855901
0.66855901
0.66855901
0.66855901
0.66855901
0.66855901
0.66855901
0.66855901
0.66855901
0.66855901
0.66855901
0.66855901
0.66855901
0.66855901
0.66855901
0.66855901
0.66855901
0.66855901
0.66855901
0.66855901
0.66855901
0.66855901
0.66855901
0.66855901
0.66855901
0.66855901
0.66855901
0.66855901
0.66855901
0.66855901
0.66855901
0.66855901
0.66855901
0.66855901
0.66855901
0.66855901
0.66855901
0.66855901
0.66855901
0.66855901
0.66855901
0.66855901
0.66855901
0.66855901
0.66855901
0.66855901
0.66855901
0.66855901
0.66855901
0.66855901
0.66855901
0.66855901
0.66855901
0.66855901
0.66855901
0.66855901
0.66855901
0.66855901
0.66855901
0.66855901
0.66855901
0.66855901
0.66855901
0.66855901
0.66855901
0.66855901
0.66855901
0.66855901
0.66855901
0.66855901
0.66855901
0.66855901
0.66855901
0.66855901
0.66855901
0.66855901
0.66855901
0.66855901
0.66855901
0.66855901
0.66855901
0.66855901
0.66855901
0.66855901
0.66855901
0.66855901
0.66855901
0.66855901
0.66855901
0.66627431
0.66627431
0.66627431
0.66627431
0.66627431
0.66627431
0.66627431
0.66627431
0.66627431
0.66627431
0.66627431
0.66627431
0.66627431
0.66627431
0.66627431
0.66627431
0.66627431
0.66627431
0.66627431
0.66627431
0.66627431
0.66627431
0.66627431
0.66627431
0.66627431
0.66627431
0.66627431
0.66627431
0.66627431
0.66627431
0.66627431
0.66627431
0.66627431
0.66627431
0.66627431
0.66627431
0.66627431
0.66627431
0.66627431
0.66627431
0.66627431
0.66627431
0.66627431
0.66627431
0.66627431
0.66627431
0.66627431
0.66627431
0.66627431
0.66627431
0.66627431
0.66627431
0.66627431
0.66627431
0.66627431
0.66627431
0.66627431
0.66627431
0.66627431
0.66627431
0.66627431
0.66627431
0.66627431
0.66627431
0.66627431
0.66627431
0.66627431
0.66627431
0.66627431
0.66627431
0.66627431
0.66627431
0.66627431
0.66627431
0.66627431
0.66627431
0.66627431
0.66627431
0.66627431
0.66627431
0.66627431
0.66627431
0.66627431
0.66627431
0.66627431
0.66627431
0.66627431
0.66627431
0.66627431
0.66627431
0.66627431
0.66627431
0.66627431
0.66627431
0.66627431
0.66627431
0.66627431
0.66627431
0.66627431
0.66627431
0.66627431
0.66627431
0.66627431
0.66627431
0.66627431
0.66627431
0.66627431
0.66627431
0.66627431
0.66627431
0.66627431
0.66627431
0.66627431
0.66627431
0.66627431
0.66627431
0.66627431
0.66627431
0.66627431
0.66627431
0.66627431
0.66627431
0.66627431
0.66627431
0.66627431
0.66627431
0.66627431
0.66627431
0.66627431
0.66627431
0.66627431
0.66627431
0.66627431
0.66627431
0.66627431
0.66627431
0.66627431
0.66627431
0.66627431
0.66627431
0.66627431
0.66627431
0.66627431
0.66627431
0.66627431
0.66627431
0.66627431
0.66627431
0.66627431
0.66627431
0.66627431
0.66627431
0.66627431
0.66627431
0.66627431
0.66627431
0.66627431
0.66627431
0.66627431
0.66627431
0.66627431
0.66627431
0.66627431
0.66627431
0.66627431
0.66627431
0.66627431
0.66627431
0.66627431
0.66627431
0.66627431
0.66627431
0.66627431
0.66627431
0.66627431
0.66627431
0.66627431
0.66627431
0.66627431
0.66627431
0.66627431
0.66627431
0.66627431
0.66627431
0.66627431
0.66627431
0.66627431
0.66627431
0.66627431
0.66627431
0.66627431
0.66627431
0.66627431
0.66627431
0.66627431
0.66627431
0.66627431
0.66627431
0.66627431
0.66627431
0.66627431
0.66627431
0.66627431
0.66627431
0.66627431
0.66627431
0.66627431
0.66627431
0.66627431
0.66627431
0.66627431
0.66627431
0.66627431
0.66627431
0.66627431
0.66627431
0.66627431
0.66627431
0.66627431
0.66627431
0.66627431
0.66627431
0.66627431
0.66627431
0.66627431
0.66627431
0.66627431
0.66627431
0.66627431
0.66627431
0.66627431
0.66627431
0.66627431
0.66627431
0.66627431
0.66627181
0.66627181
0.66627181
0.66627181
0.66627181
0.66627181
0.66627431
0.66627431
0.66627431
0.66627431
0.66627431
0.66627431
0.66627431
0.66627431
0.66627431
0.66627431
0.66627431
0.66627431
0.66627431
0.66627431
0.66627431
0.66400266
0.66400266
0.66400266
0.66400266
0.66400266
0.66400266
0.66400266
0.66400266
0.66400266
0.66400266
0.66400266
0.66400266
0.66400266
0.66400266
0.66400266
0.66400266
0.66400266
0.66400266
0.66400266
0.66400266
0.66400266
0.66400266
0.66400266
0.66400266
0.66400266
0.66400266
0.66400266
0.66400266
0.66400266
0.66400266
0.66400266
0.66400266
0.66400266
0.66400266
0.66400266
0.66400266
0.66400266
0.66400266
0.66400266
0.66400266
0.66400266
0.66400266
0.66400266
0.66400266
0.66400266
0.66400266
0.66400266
0.66400266
0.66400266
0.66400266
0.66400266
0.66400266
0.66400266
0.66400266
0.66400266
0.66400266
0.66400266
0.66400266
0.66400266
0.66400266
0.66400266
0.66400266
0.66400266
0.66400266
0.66400266
0.66400266
0.66400266
0.66400266
0.66400266
0.66400266
0.66400266
0.66400266
0.66400266
0.66400266
0.66400266
0.66400266
0.66400266
0.66400266
0.66400266
0.66400266
0.66400266
0.66400266
0.66400266
0.66400266
0.66400266
0.66400266
0.66400266
0.66400266
0.66400266
0.66400266
0.66400266
0.66400266
0.66400266
0.66400266
0.66400266
0.66400266
0.66400266
0.66400266
0.66400266
0.66400266
0.66400266
0.66400266
0.66400266
0.66400266
0.66400266
0.66400266
0.66400266
0.66400266
0.66400266
0.66400266
0.66400266
0.66400266
0.66400266
0.66400266
0.66400266
0.66400266
0.66400266
0.66400266
0.66400266
0.66400266
0.66400266
0.66400266
0.66400266
0.66400266
0.66400266
0.66400266
0.66400266
0.66400266
0.66400266
0.66400266
0.66400266
0.66400266
0.66400266
0.66400266
0.66400266
0.66400266
0.66400266
0.66400266
0.66400266
0.66400266
0.66400266
0.66400266
0.66400266
0.66400266
0.66400266
0.66400266
0.66400266
0.66400266
0.66400266
0.66400266
0.66400266
0.66400266
0.66400266
0.66400266
0.66400266
0.66400266
0.66400266
0.66400266
0.66400266
0.66400266
0.66400266
0.66400266
0.66400266
0.66400266
0.66400266
0.66400266
0.66400266
0.66400266
0.66400266
0.66400266
0.66400266
0.66400266
0.66400266
0.66400266
0.66400266
0.66400266
0.66400266
0.66400266
0.66400266
0.66400266
0.66400266
0.66400266
0.66400266
0.66400266
0.66400266
0.66400266
0.66400266
0.66400266
0.66400266
0.66400266
0.66400266
0.66400266
0.66400266
0.66400266
0.66400266
0.66400266
0.66400266
0.66400266
0.66400266
0.66400266
0.66400266
0.66400266
0.66400266
0.66400266
0.66400266
0.66400266
0.66400266
0.66400266
0.66400266
0.66400266
0.66400266
0.66400266
0.66400266
0.66400266
0.66400266
0.66400266
0.66400266
0.66400266
0.66400266
0.66400266
0.66400266
0.66400266
0.66400266
0.66400266
0.66400266
0.66400266
0.66400266
0.66400266
0.66400266
0.66400266
0.66400266
0.66400266
0.66400266
0.66400266
0.66400266
0.66400266
0.66400266
0.66400266
0.66400266
0.66400266
0.66400266
0.66400266
0.66400266
0.66400266
0.66400266
0.66400266
0.66400266
0.66400266
0.66400266
0.66400266
0.66400266
0.66400266
0.66400266
0.66400266
0.66400266
0.66400266
0.66174644
0.66174644
0.66174644
0.66174644
0.66174644
0.66174644
0.66174644
0.66174644
0.66174644
0.66174644
0.66174644
0.66174644
0.66174644
0.66174644
0.66174644
0.66174644
0.66174644
0.66174644
0.66174644
0.66174644
0.66174644
0.66174644
0.66174644
0.66174644
0.66174644
0.66174644
0.66174644
0.66174644
0.66174644
0.66174644
0.66174644
0.66174644
0.66174644
0.66174644
0.66174644
0.66174644
0.66174644
0.66174644
0.66174644
0.66174644
0.66174644
0.66174644
0.66174644
0.66174644
0.66174644
0.66174644
0.66174644
0.66174644
0.66174644
0.66174644
0.66174644
0.66174644
0.66174644
0.66174644
0.66174644
0.66174644
0.66174644
0.66174644
0.66174644
0.66174644
0.66174644
0.66174644
0.66174644
0.66174644
0.66174644
0.66174644
0.66174644
0.66174644
0.66174644
0.66174644
0.66174644
0.66174644
0.66174644
0.66174644
0.66174644
0.66174644
0.66174644
0.66174644
0.66174644
0.66174644
0.66174644
0.66174644
0.66174644
0.66174644
0.66174644
0.66174644
0.66174644
0.66174644
0.66174644
0.66174644
0.66174644
0.66174644
0.66174644
0.66174644
0.66174644
0.66174644
0.66174644
0.66174644
0.66174644
0.66174644
0.66174644
0.66174644
0.66174644
0.66174644
0.66174644
0.66174644
0.66174644
0.66174644
0.66174644
0.66174644
0.66174644
0.66174644
0.66174644
0.66174644
0.66174644
0.66174644
0.66174644
0.66174644
0.66174644
0.66174644
0.66174644
0.66174644
0.66174644
0.66174644
0.66174644
0.66174644
0.66174644
0.66174644
0.66174644
0.66174644
0.66174644
0.66174644
0.66174644
0.66174644
0.66174644
0.66174644
0.66174644
0.66174644
0.66174644
0.66174644
0.66174644
0.66174644
0.66174644
0.66174644
0.66174644
0.66174644
0.66174644
0.66174644
0.66174644
0.66174644
0.66174644
0.66174644
0.66174644
0.66174644
0.66174644
0.66174644
0.66174644
0.66174644
0.66174644
0.66174644
0.66174644
0.66174644
0.66174644
0.66174644
0.66174644
0.66174644
0.66174644
0.66174644
0.66174644
0.66174644
0.66174644
0.66174644
0.66174644
0.66174644
0.66174644
0.66174644
0.66174644
0.66174644
0.66174644
0.66174644
0.66174644
0.66174644
0.66174644
0.66174644
0.66174644
0.66174644
0.66174644
0.66174644
0.66174644
0.66174644
0.66174644
0.66174644
0.66174644
0.66174644
0.66174644
0.66174644
0.66174644
0.66174644
0.66174644
0.66174644
0.66174644
0.66174644
0.66174644
0.66174644
0.66174644
0.66174644
0.66174644
0.66174644
0.66174644
0.66174644
0.66174644
0.66174644
0.66174644
0.66174644
0.66174644
0.66174644
0.66174644
0.66174644
0.66174644
0.66174644
0.66174644
0.66174644
0.66174644
0.66174644
0.66174644
0.66174644
0.66174644
0.66174644
0.66174644
0.66174644
0.66174644
0.66174644
0.66174644
0.66174644
0.66174644
0.66174644
0.66174644
0.66174644
0.66174644
0.66174644
0.66174644
0.66174644
0.66174644
0.66174644
0.66174644
0.66174644
0.66174644
0.66174644
0.66174644
0.66174644
0.66174644
0.66174644
0.66174644
0.66174644
0.66174644
0.66174644
0.65950549
0.65950549
0.65950549
0.65950549
0.65950549
0.65950549
0.65950549
0.65950549
0.65950549
0.65950549
0.65950549
0.65950549
0.65950549
0.65950549
0.65950549
0.65950549
0.65950549
0.65950549
0.65950549
0.65950549
0.65950549
0.65950549
0.65950549
0.65950549
0.65950549
0.65950549
0.65950549
0.65950549
0.65950549
0.65950549
0.65950549
0.65950549
0.65950549
0.65950549
0.65950549
0.65950549
0.65950549
0.65950549
0.65950549
0.65950549
0.65950549
0.65950549
0.65950549
0.65950549
0.65950549
0.65950549
0.65950549
0.65950549
0.65950549
0.65950549
0.65950549
0.65950549
0.65950549
0.65950549
0.65950549
0.65950549
0.65950549
0.65950549
0.65950549
0.65950549
0.65950549
0.65950549
0.65950549
0.65950549
0.65950549
0.65950549
0.65950549
0.65950549
0.65950549
0.65950549
0.65950549
0.65950549
0.65950549
0.65950549
0.65950549
0.65950549
0.65950549
0.65950549
0.65950549
0.65950549
0.65950549
0.65950549
0.65950549
0.65950549
0.65950549
0.65950549
0.65950549
0.65950549
0.65950549
0.65950549
0.65950549
0.65950549
0.65950549
0.65950549
0.65950549
0.65950549
0.65950549
0.65950549
0.65950549
0.65950549
0.65950549
0.65950549
0.65950549
0.65950549
0.65950549
0.65950549
0.65950549
0.65950549
0.65950549
0.65950549
0.65950549
0.65950549
0.65950549
0.65950549
0.65950549
0.65950549
0.65950549
0.65950549
0.65950549
0.65950549
0.65950549
0.65950549
0.65950549
0.65950549
0.65950549
0.65950549
0.65950549
0.65950549
0.65950549
0.65950549
0.65950549
0.65950549
0.65950549
0.65950549
0.65950549
0.65950549
0.65950549
0.65950549
0.65950549
0.65950549
0.65950549
0.65950549
0.65950549
0.65950549
0.65950549
0.65950549
0.65950549
0.65950549
0.65950549
0.65950549
0.65950549
0.65950549
0.65950549
0.65950549
0.65950549
0.65950549
0.65950549
0.65950549
0.65950549
0.65950549
0.65950549
0.65950549
0.65950549
0.65950549
0.65950549
0.65950549
0.65950549
0.65950549
0.65950549
0.65950549
0.65950549
0.65950549
0.65950549
0.65950549
0.65950549
0.65950549
0.65950549
0.65950549
0.65950549
0.65950549
0.65950549
0.65950549
0.65950549
0.65950549
0.65950549
0.65950549
0.65950549
0.65950549
0.65950549
0.65950549
0.65950549
0.65950549
0.65950549
0.65950549
0.65950549
0.65950549
0.65950549
0.65950549
0.65950549
0.65950549
0.65950549
0.65950549
0.65950549
0.65950549
0.65950549
0.65950549
0.65950549
0.65950549
0.65950549
0.65950549
0.65950549
0.65950549
0.65950549
0.65950549
0.65950549
0.65950549
0.65950549
0.65950549
0.65950549
0.65950549
0.65950549
0.65950549
0.65950549
0.65950549
0.65950549
0.65950549
0.65950549
0.65950549
0.65950549
0.65950549
0.65950549
0.65950549
0.65950549
0.65950549
0.65950549
0.65950549
0.65950549
0.65950549
0.65950549
0.65950549
0.65950549
0.65950549
0.65950549
0.65950549
0.65950549
0.65950549
0.65950549
0.65950549
0.65950549
0.65950549
0.65950549
0.65950549
0.65950549
0.65950549
0.65950549
0.65950549
0.65728211
0.65728211
0.65728211
0.65728211
0.65728211
0.65728211
0.65728211
0.65728211
0.65728211
0.65728211
0.65728211
0.65728211
0.65728211
0.65728211
0.65728211
0.65728211
0.65728211
0.65728211
0.65728211
0.65728211
0.65728211
0.65728211
0.65728211
0.65728211
0.65728211
0.65728211
0.65728211
0.65728211
0.65728211
0.65728211
0.65728211
0.65728211
0.65728211
0.65728211
0.65728211
0.65728211
0.65728211
0.65728211
0.65728211
0.65728211
0.65728211
0.65728211
0.65728211
0.65728211
0.65728211
0.65728211
0.65728211
0.65728211
0.65728211
0.65728211
0.65728211
0.65728211
0.65728211
0.65728211
0.65728211
0.65728211
0.65728211
0.65728211
0.65728211
0.65728211
0.65728211
0.65728211
0.65728211
0.65728211
0.65728211
0.65728211
0.65728211
0.65728211
0.65728211
0.65728211
0.65728211
0.65728211
0.65728211
0.65728211
0.65728211
0.65728211
0.65728211
0.65728211
0.65728211
0.65728211
0.65728211
0.65728211
0.65728211
0.65728211
0.65728211
0.65728211
0.65728211
0.65728211
0.65728211
0.65728211
0.65728211
0.65728211
0.65728211
0.65728211
0.65728211
0.65728211
0.65728211
0.65728211
0.65728211
0.65728211
0.65728211
0.65728211
0.65728211
0.65728211
0.65728211
0.65728211
0.65728211
0.65728211
0.65728211
0.65728211
0.65728211
0.65728211
0.65728211
0.65728211
0.65728211
0.65728211
0.65728211
0.65728211
0.65728211
0.65728211
0.65728211
0.65728211
0.65728211
0.65728211
0.65728211
0.65728211
0.65728211
0.65728211
0.65728211
0.65728211
0.65728211
0.65728211
0.65728211
0.65728211
0.65728211
0.65728211
0.65728211
0.65728211
0.65728211
0.65728211
0.65728211
0.65728211
0.65728211
0.65728211
0.65728211
0.65728211
0.65728211
0.65728211
0.65728211
0.65728211
0.65728211
0.65728211
0.65728211
0.65728211
0.65728211
0.65728211
0.65728211
0.65728211
0.65728211
0.65728211
0.65728211
0.65728211
0.65728211
0.65728211
0.65728211
0.65728211
0.65728211
0.65728211
0.65728211
0.65728211
0.65728211
0.65728211
0.65728211
0.65728211
0.65728211
0.65728211
0.65728211
0.65728211
0.65728211
0.65728211
0.65728211
0.65728211
0.65728211
0.65728211
0.65728211
0.65728211
0.65728211
0.65728211
0.65728211
0.65728211
0.65728211
0.65728211
0.65728211
0.65728211
0.65728211
0.65728211
0.65728211
0.65728211
0.65728211
0.65728211
0.65728211
0.65728211
0.65728211
0.65728211
0.65728211
0.65728211
0.65728211
0.65728211
0.65728211
0.65728211
0.65728211
0.65728211
0.65728211
0.65728211
0.65728211
0.65728211
0.65728211
0.65728211
0.65728211
0.65728211
0.65728211
0.65728211
0.65728211
0.65728211
0.65728211
0.65728211
0.65728211
0.65728211
0.65728211
0.65728211
0.65728211
0.65728211
0.65728211
0.65728211
0.65728211
0.65728211
0.65728211
0.65728211
0.65728211
0.65728211
0.65728211
0.65728211
0.65728211
0.65728211
0.65728211
0.65728211
0.65728211
0.65728211
0.65728211
0.65728211
0.65728211
0.65728211
0.65728211
0.65728211
0.65728211
0.65728211
0.65507126
0.65507126
0.65507126
0.65507126
0.65507126
0.65507126
0.65507126
0.65507126
0.65507126
0.65507126
0.65507126
0.65507126
0.65507126
0.65507126
0.65507126
0.65507126
0.65507126
0.65507126
0.65507126
0.65507126
0.65507126
0.65507126
0.65507126
0.65507126
0.65507126
0.65507126
0.65507126
0.65507126
0.65507126
0.65507126
0.65507126
0.65507126
0.65507126
0.65507126
0.65507126
0.65507126
0.65507126
0.65507126
0.65507126
0.65507126
0.65507126
0.65507126
0.65507126
0.65507126
0.65507126
0.65507126
0.65507126
0.65507126
0.65507126
0.65507126
0.65507126
0.65507126
0.65507126
0.65507126
0.65507126
0.65507126
0.65507126
0.65507126
0.65507126
0.65507126
0.65507126
0.65507126
0.65507126
0.65507126
0.65507126
0.65507126
0.65507126
0.65507126
0.65507126
0.65507126
0.65507126
0.65507126
0.65507126
0.65507126
0.65507126
0.65507126
0.65507126
0.65507126
0.65507126
0.65507126
0.65507126
0.65507126
0.65507126
0.65507126
0.65507126
0.65507126
0.65507126
0.65507126
0.65507126
0.65507126
0.65507126
0.65507126
0.65507126
0.65507126
0.65507126
0.65507126
0.65507126
0.65507126
0.65507126
0.65507126
0.65507126
0.65507126
0.65507126
0.65507126
0.65507126
0.65507126
0.65507126
0.65507126
0.65507126
0.65507126
0.65507126
0.65507126
0.65507126
0.65507126
0.65507126
0.65507126
0.65507126
0.65507126
0.65507126
0.65507126
0.65507126
0.65507126
0.65507126
0.65507126
0.65507126
0.65507126
0.65507126
0.65507126
0.65507126
0.65507126
0.65507126
0.65507126
0.65507126
0.65507126
0.65507126
0.65507126
0.65507126
0.65507126
0.65507126
0.65507126
0.65507126
0.65507126
0.65507126
0.65507126
0.65507126
0.65507126
0.65507126
0.65507126
0.65507126
0.65507126
0.65507126
0.65507126
0.65507126
0.65507126
0.65507126
0.65507126
0.65507126
0.65507126
0.65507126
0.65507126
0.65507126
0.65507126
0.65507126
0.65507126
0.65507126
0.65507126
0.65507126
0.65507126
0.65507126
0.65507126
0.65507126
0.65507126
0.65507126
0.65507126
0.65507126
0.65507126
0.65507126
0.65507126
0.65507126
0.65507126
0.65507126
0.65507126
0.65507126
0.65507126
0.65507126
0.65507126
0.65507126
0.65507126
0.65507126
0.65507126
0.65507126
0.65507126
0.65507126
0.65507126
0.65507126
0.65507126
0.65507126
0.65507126
0.65507126
0.65507126
0.65507126
0.65507126
0.65507126
0.65507126
0.65507126
0.65507126
0.65507126
0.65507126
0.65507126
0.65507126
0.65507126
0.65507126
0.65507126
0.65507126
0.65507126
0.65507126
0.65507126
0.65507126
0.65507126
0.65507126
0.65507126
0.65507126
0.65507126
0.65507126
0.65507126
0.65507126
0.65507126
0.65507126
0.65507126
0.65507126
0.65507126
0.65507126
0.65507126
0.65507126
0.65507126
0.65507126
0.65507126
0.65507126
0.65507126
0.65507126
0.65507126
0.65507126
0.65507126
0.65507126
0.65507126
0.65507126
0.65507126
0.65507126
0.65507126
0.65507126
0.65507126
0.65507126
0.65507126
0.65507126
0.65507126
0.65507126
0.65287524
0.65287524
0.65287524
0.65287524
0.65287524
0.65287524
0.65287524
0.65287524
0.65287524
0.65287524
0.65287524
0.65287524
0.65287524
0.65287524
0.65287524
0.65287524
0.65287524
0.65287524
0.65287524
0.65287524
0.65287524
0.65287524
0.65287524
0.65287524
0.65287524
0.65287524
0.65287524
0.65287524
0.65287524
0.65287524
0.65287524
0.65287524
0.65287524
0.65287524
0.65287524
0.65287524
0.65287524
0.65287524
0.65287524
0.65287524
0.65287524
0.65287524
0.65287524
0.65287524
0.65287524
0.65287524
0.65287524
0.65287524
0.65287524
0.65287524
0.65287524
0.65287524
0.65287524
0.65287524
0.65287524
0.65287524
0.65287524
0.65287524
0.65287524
0.65287524
0.65287524
0.65287524
0.65287524
0.65287524
0.65287524
0.65287524
0.65287524
0.65287524
0.65287524
0.65287524
0.65287524
0.65287524
0.65287524
0.65287524
0.65287524
0.65287524
0.65287524
0.65287524
0.65287524
0.65287524
0.65287524
0.65287524
0.65287524
0.65287524
0.65287524
0.65287524
0.65287524
0.65287524
0.65287524
0.65287524
0.65287524
0.65287524
0.65287524
0.65287524
0.65287524
0.65287524
0.65287524
0.65287524
0.65287524
0.65287524
0.65287524
0.65287524
0.65287524
0.65287524
0.65287524
0.65287524
0.65287524
0.65287524
0.65287524
0.65287524
0.65287524
0.65287524
0.65287524
0.65287524
0.65287524
0.65287524
0.65287524
0.65287524
0.65287524
0.65287524
0.65287524
0.65287524
0.65287524
0.65287524
0.65287524
0.65287524
0.65287524
0.65287524
0.65287524
0.65287524
0.65287524
0.65287524
0.65287524
0.65287524
0.65287524
0.65287524
0.65287524
0.65287524
0.65287524
0.65287524
0.65287524
0.65287524
0.65287524
0.65287524
0.65287524
0.65287524
0.65287524
0.65287524
0.65287524
0.65287524
0.65287524
0.65287524
0.65287524
0.65287524
0.65287524
0.65287524
0.65287524
0.65287524
0.65287524
0.65287524
0.65287524
0.65287524
0.65287524
0.65287524
0.65287524
0.65287524
0.65287524
0.65287524
0.65287524
0.65287524
0.65287524
0.65287524
0.65287524
0.65287524
0.65287524
0.65287524
0.65287524
0.65287524
0.65287524
0.65287524
0.65287524
0.65287524
0.65287524
0.65287524
0.65287524
0.65287524
0.65287524
0.65287524
0.65287524
0.65287524
0.65287524
0.65287524
0.65287524
0.65287524
0.65287524
0.65287524
0.65287524
0.65287524
0.65287524
0.65287524
0.65287524
0.65287524
0.65287524
0.65287524
0.65287524
0.65287524
0.65287524
0.65287524
0.65287524
0.65287524
0.65287524
0.65287524
0.65287524
0.65287524
0.65287524
0.65287524
0.65287524
0.65287524
0.65287524
0.65287524
0.65287524
0.65287524
0.65287524
0.65287524
0.65287524
0.65287524
0.65287524
0.65287524
0.65287524
0.65287524
0.65287524
0.65287524
0.65287524
0.65287524
0.65287524
0.65287524
0.65287524
0.65287524
0.65287524
0.65287524
0.65287524
0.65287524
0.65287524
0.65287524
0.65287524
0.65287524
0.65287524
0.65287524
0.65287524
0.65287524
0.65287524
0.65287524
0.65287524
0.65287524
0.65287524
0.65287524
0.65069389
0.65069389
0.65069389
0.65069389
0.65069389
0.65069389
0.65069389
0.65069389
0.65069389
0.65069389
0.65069389
0.65069389
0.65069389
0.65069389
0.65069389
0.65069389
0.65069389
0.65069389
0.65069389
0.65069389
0.65069389
0.65069389
0.65069389
0.65069389
0.65069389
0.65069389
0.65069389
0.65069389
0.65069389
0.65069389
0.65069389
0.65069389
0.65069389
0.65069389
0.65069389
0.65069389
0.65069389
0.65069389
0.65069389
0.65069389
0.65069389
0.65069389
0.65069389
0.65069389
0.65069389
0.65069389
0.65069389
0.65069389
0.65069389
0.65069389
0.65069389
0.65069389
0.65069389
0.65069389
0.65069389
0.65069389
0.65069389
0.65069389
0.65069389
0.65069389
0.65069389
0.65069389
0.65069389
0.65069389
0.65069389
0.65069389
0.65069389
0.65069389
0.65069389
0.65069389
0.65069389
0.65069389
0.65069389
0.65069389
0.65069389
0.65069389
0.65069389
0.65069389
0.65069389
0.65069389
0.65069389
0.65069389
0.65069389
0.65069389
0.65069389
0.65069389
0.65069389
0.65069389
0.65069389
0.65069389
0.65069389
0.65069389
0.65069389
0.65069389
0.65069389
0.65069389
0.65069389
0.65069389
0.65069389
0.65069389
0.65069389
0.65069389
0.65069389
0.65069389
0.65069389
0.65069389
0.65069389
0.65069389
0.65069389
0.65069389
0.65069389
0.65069389
0.65069389
0.65069389
0.65069389
0.65069389
0.65069389
0.65069389
0.65069389
0.65069389
0.65069389
0.65069389
0.65069389
0.65069389
0.65069389
0.65069389
0.65069389
0.65069389
0.65069389
0.65069389
0.65069389
0.65069389
0.65069389
0.65069389
0.65069389
0.65069389
0.65069389
0.65069389
0.65069389
0.65069389
0.65069389
0.65069389
0.65069389
0.65069389
0.65069389
0.65069389
0.65069389
0.65069389
0.65069389
0.65069389
0.65069389
0.65069389
0.65069389
0.65069389
0.65069389
0.65069389
0.65069389
0.65069389
0.65069389
0.65069389
0.65069389
0.65069389
0.65069389
0.65069389
0.65069389
0.65069389
0.65069389
0.65069389
0.65069389
0.65069389
0.65069389
0.65069389
0.65069389
0.65069389
0.65069389
0.65069389
0.65069389
0.65069389
0.65069389
0.65069389
0.65069389
0.65069389
0.65069389
0.65069389
0.65069389
0.65069389
0.65069389
0.65069389
0.65069389
0.65069389
0.65069389
0.65069389
0.65069389
0.65069389
0.65069389
0.65069389
0.65069389
0.65069389
0.65069389
0.65069389
0.65069389
0.65069389
0.65069389
0.65069389
0.65069389
0.65069389
0.65069389
0.65069389
0.65069389
0.65069389
0.65069389
0.65069389
0.65069389
0.65069389
0.65069389
0.65069389
0.65069389
0.65069389
0.65069389
0.65069389
0.65069389
0.65069389
0.65069389
0.65069389
0.65069389
0.65069389
0.65069389
0.65069389
0.65069389
0.65069389
0.65069389
0.65069389
0.65069389
0.65069389
0.65069389
0.65069389
0.65069389
0.65069389
0.65069389
0.65069389
0.65069389
0.65069389
0.65069389
0.65069389
0.65069389
0.65069389
0.65069389
0.65069389
0.65069389
0.65069389
0.65069389
0.65069389
0.65069389
0.65069389
0.65069389
0.65069389
0.64852941
0.64852941
0.64852941
0.64852941
0.64852941
0.64852941
0.64852941
0.64852941
0.64852941
0.64852941
0.64852941
0.64852941
0.64852941
0.64852941
0.64852941
0.64852941
0.64852941
0.64852941
0.64852941
0.64852941
0.64852941
0.64852941
0.64852941
0.64852941
0.64852941
0.64852941
0.64852941
0.64852941
0.64852941
0.64852941
0.64852941
0.64852941
0.64852941
0.64852941
0.64852941
0.64852941
0.64852941
0.64852941
0.64852941
0.64852941
0.64852941
0.64852941
0.64852941
0.64852941
0.64852941
0.64852941
0.64852941
0.64852941
0.64852941
0.64852941
0.64852941
0.64852941
0.64852941
0.64852941
0.64852941
0.64852941
0.64852941
0.64852941
0.64852941
0.64852941
0.64852941
0.64852941
0.64852941
0.64852941
0.64852941
0.64852941
0.64852941
0.64852941
0.64852941
0.64852941
0.64852941
0.64852941
0.64852941
0.64852941
0.64852941
0.64852941
0.64852941
0.64852941
0.64852941
0.64852941
0.64852941
0.64852941
0.64852941
0.64852941
0.64852941
0.64852941
0.64852941
0.64852941
0.64852941
0.64852941
0.64852941
0.64852941
0.64852941
0.64852941
0.64852941
0.64852941
0.64852941
0.64852941
0.64852941
0.64852941
0.64852941
0.64852941
0.64852941
0.64852941
0.64852941
0.64852941
0.64852941
0.64852941
0.64852941
0.64852941
0.64852941
0.64852941
0.64852941
0.64852941
0.64852941
0.64852941
0.64852941
0.64852941
0.64852941
0.64852941
0.64852941
0.64852941
0.64852941
0.64852941
0.64852941
0.64852941
0.64852941
0.64852941
0.64852941
0.64852941
0.64852941
0.64852941
0.64852941
0.64852941
0.64852941
0.64852941
0.64852941
0.64852941
0.64852941
0.64852941
0.64852941
0.64852941
0.64852941
0.64852941
0.64852941
0.64852941
0.64852941
0.64852941
0.64852941
0.64852941
0.64852941
0.64852941
0.64852941
0.64852941
0.64852941
0.64852941
0.64852941
0.64852941
0.64852941
0.64852941
0.64852941
0.64852941
0.64852941
0.64852941
0.64852941
0.64852941
0.64852941
0.64852941
0.64852941
0.64852941
0.64852941
0.64852941
0.64852941
0.64852941
0.64852941
0.64852941
0.64852941
0.64852941
0.64852941
0.64852941
0.64852941
0.64852941
0.64852941
0.64852941
0.64852941
0.64852941
0.64852941
0.64852941
0.64852941
0.64852941
0.64852941
0.64852941
0.64852941
0.64852941
0.64852941
0.64852941
0.64852941
0.64852941
0.64852941
0.64852941
0.64852941
0.64852941
0.64852941
0.64852941
0.64852941
0.64852941
0.64852941
0.64852941
0.64852941
0.64852941
0.64852941
0.64852941
0.64852941
0.64852941
0.64852941
0.64852941
0.64852941
0.64852941
0.64852941
0.64852941
0.64852941
0.64852941
0.64852941
0.64852941
0.64852941
0.64852941
0.64852941
0.64852941
0.64852941
0.64852941
0.64852941
0.64852941
0.64852941
0.64852941
0.64852941
0.64852941
0.64852941
0.64852941
0.64852941
0.64852941
0.64852941
0.64852941
0.64852941
0.64852941
0.64852941
0.64852941
0.64852941
0.64852941
0.64852941
0.64852941
0.64852941
0.64852941
0.64852941
0.64852941
0.64852941
0.64852941
0.64637935
0.64637935
0.64637935
0.64637935
0.64637935
0.64637935
0.64637935
0.64637935
0.64637935
0.64637935
0.64637935
0.64637935
0.64637935
0.64637935
0.64637935
0.64637935
0.64637935
0.64637935
0.64637935
0.64637935
0.64637935
0.64637935
0.64637935
0.64637935
0.64637935
0.64637935
0.64637935
0.64637935
0.64637935
0.64637935
0.64637935
0.64637935
0.64637935
0.64637935
0.64637935
0.64637935
0.64637935
0.64637935
0.64637935
0.64637935
0.64637935
0.64637935
0.64637935
0.64637935
0.64637935
0.64637935
0.64637935
0.64637935
0.64637935
0.64637935
0.64637935
0.64637935
0.64637935
0.64637935
0.64637935
0.64637935
0.64637935
0.64637935
0.64637935
0.64637935
0.64637935
0.64637935
0.64637935
0.64637935
0.64637935
0.64637935
0.64637935
0.64637935
0.64637935
0.64637935
0.64637935
0.64637935
0.64637935
0.64637935
0.64637935
0.64637935
0.64637935
0.64637935
0.64637935
0.64637935
0.64637935
0.64637935
0.64637935
0.64637935
0.64637935
0.64637935
0.64637935
0.64637935
0.64637935
0.64637935
0.64637935
0.64637935
0.64637935
0.64637935
0.64637935
0.64637935
0.64637935
0.64637935
0.64637935
0.64637935
0.64637935
0.64637935
0.64637935
0.64637935
0.64637935
0.64637935
0.64637935
0.64637935
0.64637935
0.64637935
0.64637935
0.64637935
0.64637935
0.64637935
0.64637935
0.64637935
0.64637935
0.64637935
0.64637935
0.64637935
0.64637935
0.64637935
0.64637935
0.64637935
0.64637935
0.64637935
0.64637935
0.64637935
0.64637935
0.64637935
0.64637935
0.64637935
0.64637935
0.64637935
0.64637935
0.64637935
0.64637935
0.64637935
0.64637935
0.64637935
0.64637935
0.64637935
0.64637935
0.64637935
0.64637935
0.64637935
0.64637935
0.64637935
0.64637935
0.64637935
0.64637935
0.64637935
0.64637935
0.64637935
0.64637935
0.64637935
0.64637935
0.64637935
0.64637935
0.64637935
0.64637935
0.64637935
0.64637935
0.64637935
0.64637935
0.64637935
0.64637935
0.64637935
0.64637935
0.64637935
0.64637935
0.64637935
0.64637935
0.64637935
0.64637935
0.64637935
0.64637935
0.64637935
0.64637935
0.64637935
0.64637935
0.64637935
0.64637935
0.64637935
0.64637935
0.64637935
0.64637935
0.64637935
0.64637935
0.64637935
0.64637935
0.64637935
0.64637935
0.64637935
0.64637935
0.64637935
0.64637935
0.64637935
0.64637935
0.64637935
0.64637935
0.64637935
0.64637935
0.64637935
0.64637935
0.64637935
0.64637935
0.64637935
0.64637935
0.64637935
0.64637935
0.64637935
0.64637935
0.64637935
0.64637935
0.64637935
0.64637935
0.64637935
0.64637935
0.64637935
0.64637935
0.64637935
0.64637935
0.64637935
0.64637935
0.64637935
0.64637935
0.64637935
0.64637935
0.64637935
0.64637935
0.64637935
0.64637935
0.64637935
0.64637935
0.64637935
0.64637935
0.64637935
0.64637935
0.64637935
0.64637935
0.64637935
0.64637935
0.64637935
0.64637935
0.64637935
0.64637935
0.64637935
0.64637935
0.64637935
0.64637935
0.64637935
0.64637935
0.64637935
0.64637935
0.64637935
0.64424109
0.64424109
0.64424109
0.64424109
0.64424109
0.64424109
0.64424109
0.64424109
0.64424109
0.64424109
0.64424109
0.64424109
0.64424109
0.64424109
0.64424109
0.64424109
0.64424109
0.64424109
0.64424109
0.64424109
0.64424109
0.64424109
0.64424109
0.64424109
0.64424109
0.64424109
0.64424109
0.64424109
0.64424109
0.64424109
0.64424109
0.64424109
0.64424109
0.64424109
0.64424109
0.64424109
0.64424109
0.64424109
0.64424109
0.64424109
0.64424109
0.64424109
0.64424109
0.64424109
0.64424109
0.64424109
0.64424109
0.64424109
0.64424109
0.64424109
0.64424109
0.64424109
0.64424109
0.64424109
0.64424109
0.64424109
0.64424109
0.64424109
0.64424109
0.64424109
0.64424109
0.64424109
0.64424109
0.64424109
0.64424109
0.64424109
0.64424109
0.64424109
0.64424109
0.64424109
0.64424109
0.64424109
0.64424109
0.64424109
0.64424109
0.64424109
0.64424109
0.64424109
0.64424109
0.64424109
0.64424109
0.64424109
0.64424109
0.64424109
0.64424109
0.64424109
0.64424109
0.64424109
0.64424109
0.64424109
0.64424109
0.64424109
0.64424109
0.64424109
0.64424109
0.64424109
0.64424109
0.64424109
0.64424109
0.64424109
0.64424109
0.64424109
0.64424109
0.64424109
0.64424109
0.64424109
0.64424109
0.64424109
0.64424109
0.64424109
0.64424109
0.64424109
0.64424109
0.64424109
0.64424109
0.64424109
0.64424109
0.64424109
0.64424109
0.64424109
0.64424109
0.64424109
0.64424109
0.64424109
0.64424109
0.64424109
0.64424109
0.64424109
0.64424109
0.64424109
0.64424109
0.64424109
0.64424109
0.64424109
0.64424109
0.64424109
0.64424109
0.64424109
0.64424109
0.64424109
0.64424109
0.64424109
0.64424109
0.64424109
0.64424109
0.64424109
0.64424109
0.64424109
0.64424109
0.64424109
0.64424109
0.64424109
0.64424109
0.64424109
0.64424109
0.64424109
0.64424109
0.64424109
0.64424109
0.64424109
0.64424109
0.64424109
0.64424109
0.64424109
0.64424109
0.64424109
0.64424109
0.64424109
0.64424109
0.64424109
0.64424109
0.64424109
0.64424109
0.64424109
0.64424109
0.64424109
0.64424109
0.64424109
0.64424109
0.64424109
0.64424109
0.64424109
0.64424109
0.64424109
0.64424109
0.64424109
0.64424109
0.64424109
0.64424109
0.64424109
0.64424109
0.64424109
0.64424109
0.64424109
0.64424109
0.64424109
0.64424109
0.64424109
0.64424109
0.64424109
0.64424109
0.64424109
0.64424109
0.64424109
0.64424109
0.64424109
0.64424109
0.64424109
0.64424109
0.64424109
0.64424109
0.64424109
0.64424109
0.64424109
0.64424109
0.64424109
0.64424109
0.64424109
0.64424109
0.64424109
0.64424109
0.64424109
0.64424109
0.64424109
0.64424109
0.64424109
0.64424109
0.64424109
0.64424109
0.64424109
0.64424109
0.64424109
0.64424109
0.64424109
0.64424109
0.64424109
0.64424109
0.64424109
0.64424109
0.64424109
0.64424109
0.64424109
0.64424109
0.64424109
0.64424109
0.64424109
0.64424109
0.64424109
0.64424109
0.64424109
0.64424109
0.64424109
0.64424109
0.64424109
0.64424109
0.64424109
0.64211929
0.64211929
0.64211929
0.64211929
0.64211929
0.64211929
0.64211929
0.64211929
0.64211696
0.64211696
0.64211696
0.64211696
0.64211696
0.64211696
0.64211696
0.64211696
0.64211696
0.64211929
0.64211929
0.64211929
0.64211929
0.64211929
0.64211929
0.64211929
0.64211929
0.64211929
0.64211929
0.64211929
0.64211929
0.64211929
0.64211929
0.64211929
0.64211696
0.64211696
0.64211696
0.64211696
0.64211696
0.64211696
0.64211696
0.64211696
0.64211696
0.64211696
0.64211696
0.64211696
0.64211696
0.64211696
0.64211696
0.64211696
0.64211696
0.64211696
0.64211696
0.64211696
0.64211696
0.64211696
0.64211696
0.64211696
0.64211696
0.64211696
0.64211696
0.64211696
0.64211696
0.64211696
0.64211696
0.64211696
0.64211696
0.64211696
0.64211696
0.64211696
0.64211696
0.64211696
0.64211696
0.64211696
0.64211696
0.64211696
0.64211696
0.64211696
0.64211696
0.64211696
0.64211696
0.64211696
0.64211696
0.64211696
0.64211696
0.64211696
0.64211696
0.64211696
0.64211696
0.64211696
0.64211696
0.64211696
0.64211696
0.64211696
0.64211696
0.64211696
0.64211696
0.64211696
0.64211696
0.64211696
0.64211696
0.64211696
0.64211696
0.64211696
0.64211696
0.64211696
0.64211696
0.64211696
0.64211696
0.64211696
0.64211696
0.64211696
0.64211696
0.64211696
0.64211696
0.64211696
0.64211696
0.64211696
0.64211696
0.64211696
0.64211696
0.64211696
0.64211696
0.64211696
0.64211696
0.64211696
0.64211696
0.64211696
0.64211696
0.64211696
0.64211696
0.64211696
0.64211696
0.64211696
0.64211696
0.64211696
0.64211696
0.64211696
0.64211696
0.64211696
0.64211696
0.64211696
0.64211696
0.64211696
0.64211696
0.64211696
0.64211696
0.64211696
0.64211696
0.64211696
0.64211696
0.64211696
0.64211696
0.64211696
0.64211696
0.64211696
0.64211696
0.64211696
0.64211696
0.64211696
0.64211696
0.64211696
0.64211696
0.64211696
0.64211696
0.64211696
0.64211696
0.64211696
0.64211696
0.64211696
0.64211696
0.64211696
0.64211696
0.64211696
0.64211696
0.64211696
0.64211696
0.64211696
0.64211696
0.64211696
0.64211696
0.64211696
0.64211696
0.64211696
0.64211696
0.64211696
0.64211696
0.64211696
0.64211696
0.64211696
0.64211696
0.64211696
0.64211696
0.64211696
0.64211696
0.64211696
0.64211696
0.64211696
0.64211696
0.64211696
0.64211696
0.64211696
0.64211696
0.64211696
0.64211696
0.64211696
0.64211696
0.64211696
0.64211696
0.64211696
0.64211696
0.64211696
0.64211696
0.64211696
0.64211696
0.64211696
0.64211696
0.64211696
0.64211696
0.64211696
0.64211696
0.64211696
0.64211696
0.64211696
0.64211696
0.64211696
0.64211696
0.64211696
0.64211696
0.64211696
0.64211696
0.64211696
0.64211696
0.64211696
0.64211696
0.64211696
0.64211696
0.64211696
0.64211696
0.64211696
0.64211696
0.64211696
0.64211696
0.64211696
0.64211696
0.64211696
0.64211696
0.64211696
0.64211696
0.64211696
0.64211696
0.64211696
0.64211696
0.64211696
0.64211696
0.64211696
0.64211696
0.64211696
0.64000911
0.64000911
0.64000911
0.64000911
0.64000911
0.64000911
0.64000911
0.64000911
0.64000911
0.64000911
0.64000911
0.64000911
0.64000911
0.64000911
0.64000911
0.64000911
0.64000911
0.64000911
0.64000911
0.64000911
0.64000911
0.64000911
0.64000911
0.64000911
0.64000911
0.64000911
0.64000911
0.64000911
0.64000911
0.64000911
0.64000911
0.64000911
0.64000911
0.64000911
0.64000911
0.64000911
0.64000911
0.64000911
0.64000911
0.64000911
0.64000911
0.64000911
0.64000911
0.64000911
0.64000911
0.64000911
0.64000911
0.64000911
0.64000911
0.64000911
0.64000911
0.64000911
0.64000911
0.64000911
0.64000911
0.64000911
0.64000911
0.64000911
0.64000911
0.64000911
0.64000911
0.64000911
0.64000911
0.64000911
0.64000911
0.64000911
0.64000911
0.64000911
0.64000911
0.64000911
0.64000911
0.64000911
0.64000911
0.64000911
0.64000911
0.64000911
0.64000911
0.64000911
0.64000911
0.64000911
0.64000911
0.64000911
0.64000911
0.64000911
0.64000911
0.64000911
0.64000911
0.64000911
0.64000911
0.64000911
0.64000911
0.64000911
0.64000911
0.64000911
0.64000911
0.64000911
0.64000911
0.64000911
0.64000911
0.64000911
0.64000911
0.64000911
0.64000911
0.64000911
0.64000911
0.64000911
0.64000911
0.64000911
0.64000911
0.64000911
0.64000911
0.64000911
0.64000911
0.64000911
0.64000911
0.64000911
0.64000911
0.64000911
0.64000911
0.64000911
0.64000911
0.64000911
0.64000911
0.64000911
0.64000911
0.64000911
0.64000911
0.64000911
0.64000911
0.64000911
0.64000911
0.64000911
0.64000911
0.64000911
0.64000911
0.64000911
0.64000911
0.64000911
0.64000911
0.64000911
0.64000911
0.64000911
0.64000911
0.64000911
0.64000911
0.64000911
0.64000911
0.64000911
0.64000911
0.64000911
0.64000911
0.64000911
0.64000911
0.64000911
0.64000911
0.64000911
0.64000911
0.64000911
0.64000911
0.64000911
0.64000911
0.64000911
0.64000911
0.64000911
0.64000911
0.64000911
0.64000911
0.64000911
0.64000911
0.64000911
0.64000911
0.64000911
0.64000911
0.64000911
0.64000911
0.64000911
0.64000911
0.64000911
0.64000911
0.64000911
0.64000911
0.64000911
0.64000911
0.64000911
0.64000911
0.64000911
0.64000911
0.64000911
0.64000911
0.64000911
0.64000911
0.64000911
0.64000911
0.64000911
0.64000911
0.64000911
0.64000911
0.64000911
0.64000911
0.64000911
0.64000911
0.64000911
0.64000911
0.64000911
0.64000911
0.64000911
0.64000911
0.64000911
0.64000911
0.64000911
0.64000911
0.64000911
0.64000911
0.64000911
0.64000911
0.64000911
0.64000911
0.64000911
0.64000911
0.64000911
0.64000911
0.64000911
0.64000911
0.64000911
0.64000911
0.64000911
0.64000911
0.64000911
0.64000911
0.64000911
0.64000911
0.64000911
0.64000911
0.64000911
0.64000911
0.64000911
0.64000911
0.64000911
0.64000911
0.64000911
0.64000911
0.64000911
0.64000911
0.64000911
0.64000911
0.64000911
0.64000911
0.64000911
0.64000911
0.64000911
0.64000911
0.64000911
0.64000911
0.64000911
0.64000911
0.64000911
0.63791275
0.63791275
0.63791275
0.63791275
0.63791275
0.63791275
0.63791275
0.63791275
0.63791275
0.63791275
0.63791275
0.63791275
0.63791275
0.63791275
0.63791275
0.63791275
0.63791275
0.63791275
0.63791275
0.63791275
0.63791275
0.63791275
0.63791275
0.63791275
0.63791275
0.63791275
0.63791275
0.63791275
0.63791275
0.63791275
0.63791275
0.63791275
0.63791275
0.63791275
0.63791275
0.63791275
0.63791275
0.63791275
0.63791275
0.63791275
0.63791275
0.63791275
0.63791275
0.63791275
0.63791275
0.63791275
0.63791275
0.63791275
0.63791275
0.63791275
0.63791275
0.63791275
0.63791275
0.63791275
0.63791275
0.63791275
0.63791275
0.63791275
0.63791275
0.63791275
0.63791275
0.63791275
0.63791275
0.63791275
0.63791275
0.63791275
0.63791275
0.63791275
0.63791275
0.63791275
0.63791275
0.63791275
0.63791275
0.63791275
0.63791275
0.63791275
0.63791275
0.63791275
0.63791275
0.63791275
0.63791275
0.63791275
0.63791275
0.63791275
0.63791275
0.63791275
0.63791275
0.63791275
0.63791275
0.63791275
0.63791275
0.63791275
0.63791275
0.63791275
0.63791275
0.63791275
0.63791275
0.63791275
0.63791275
0.63791275
0.63791275
0.63791275
0.63791275
0.63791275
0.63791275
0.63791275
0.63791275
0.63791275
0.63791275
0.63791275
0.63791275
0.63791275
0.63791275
0.63791275
0.63791275
0.63791275
0.63791275
0.63791275
0.63791275
0.63791275
0.63791275
0.63791275
0.63791275
0.63791275
0.63791275
0.63791275
0.63791275
0.63791275
0.63791275
0.63791275
0.63791275
0.63791275
0.63791275
0.63791275
0.63791275
0.63791275
0.63791275
0.63791275
0.63791275
0.63791275
0.63791275
0.63791275
0.63791275
0.63791275
0.63791275
0.63791275
0.63791275
0.63791275
0.63791275
0.63791275
0.63791275
0.63791275
0.63791275
0.63791275
0.63791275
0.63791275
0.63791275
0.63791275
0.63791275
0.63791275
0.63791275
0.63791275
0.63791275
0.63791275
0.63791275
0.63791275
0.63791275
0.63791275
0.63791275
0.63791275
0.63791275
0.63791275
0.63791275
0.63791275
0.63791275
0.63791275
0.63791275
0.63791275
0.63791275
0.63791275
0.63791275
0.63791275
0.63791275
0.63791275
0.63791275
0.63791275
0.63791275
0.63791275
0.63791275
0.63791275
0.63791275
0.63791275
0.63791275
0.63791275
0.63791275
0.63791275
0.63791275
0.63791275
0.63791275
0.63791275
0.63791275
0.63791275
0.63791275
0.63791275
0.63791275
0.63791275
0.63791275
0.63791275
0.63791275
0.63791275
0.63791275
0.63791275
0.63791275
0.63791275
0.63791275
0.63791275
0.63791275
0.63791275
0.63791275
0.63791275
0.63791275
0.63791275
0.63791275
0.63791275
0.63791275
0.63791275
0.63791275
0.63791275
0.63791275
0.63791275
0.63791275
0.63791275
0.63791275
0.63791275
0.63791275
0.63791275
0.63791275
0.63791275
0.63791275
0.63791275
0.63791275
0.63791275
0.63791275
0.63791275
0.63791275
0.63791275
0.63791275
0.63791275
0.63791275
0.63791275
0.63791275
0.63791275
0.63791275
0.63791275
0.63791275
0.63791275
0.63583004
0.63583004
0.63583004
0.63583004
0.63583004
0.63583004
0.63583004
0.63583004
0.63583004
0.63583004
0.63583004
0.63583004
0.63583004
0.63583004
0.63583004
0.63583004
0.63583004
0.63583004
0.63583004
0.63583004
0.63583004
0.63583004
0.63583004
0.63583004
0.63583004
0.63583004
0.63583004
0.63583004
0.63583004
0.63583004
0.63583004
0.63583004
0.63583004
0.63583004
0.63583004
0.63583004
0.63583004
0.63583004
0.63583004
0.63583004
0.63583004
0.63583004
0.63583004
0.63583004
0.63583004
0.63583004
0.63583004
0.63583004
0.63583004
0.63583004
0.63583004
0.63583004
0.63583004
0.63583004
0.63583004
0.63583004
0.63583004
0.63583004
0.63583004
0.63583004
0.63583004
0.63583004
0.63583004
0.63583004
0.63583004
0.63583004
0.63583004
0.63583004
0.63583004
0.63583004
0.63583004
0.63583004
0.63583004
0.63583004
0.63583004
0.63583004
0.63583004
0.63583004
0.63583004
0.63583004
0.63583004
0.63583004
0.63583004
0.63583004
0.63583004
0.63583004
0.63583004
0.63583004
0.63583004
0.63583004
0.63583004
0.63583004
0.63583004
0.63583004
0.63583004
0.63583004
0.63583004
0.63583004
0.63583004
0.63583004
0.63583004
0.63583004
0.63583004
0.63583004
0.63583004
0.63583004
0.63583004
0.63583004
0.63583004
0.63583004
0.63583004
0.63583004
0.63583004
0.63583004
0.63583004
0.63583004
0.63583004
0.63583004
0.63583004
0.63583004
0.63583004
0.63583004
0.63583004
0.63583004
0.63583004
0.63583004
0.63583004
0.63583004
0.63583004
0.63583004
0.63583004
0.63583004
0.63583004
0.63583004
0.63583004
0.63583004
0.63583004
0.63583004
0.63583004
0.63583004
0.63583004
0.63583004
0.63583004
0.63583004
0.63583004
0.63583004
0.63583004
0.63583004
0.63583004
0.63583004
0.63583004
0.63583004
0.63583004
0.63583004
0.63583004
0.63583004
0.63583004
0.63583004
0.63583004
0.63583004
0.63583004
0.63583004
0.63583004
0.63583004
0.63583004
0.63583004
0.63583004
0.63583004
0.63583004
0.63583004
0.63583004
0.63583004
0.63583004
0.63583004
0.63583004
0.63583004
0.63583004
0.63583004
0.63583004
0.63583004
0.63583004
0.63583004
0.63583004
0.63583004
0.63583004
0.63583004
0.63583004
0.63583004
0.63583004
0.63583004
0.63583004
0.63583004
0.63583004
0.63583004
0.63583004
0.63583004
0.63583004
0.63583004
0.63583004
0.63583004
0.63583004
0.63583004
0.63583004
0.63583004
0.63583004
0.63583004
0.63583004
0.63583004
0.63583004
0.63583004
0.63583004
0.63583004
0.63583004
0.63583004
0.63583004
0.63583004
0.63583004
0.63583004
0.63583004
0.63583004
0.63583004
0.63583004
0.63583004
0.63583004
0.63583004
0.63583004
0.63583004
0.63583004
0.63583004
0.63583004
0.63583004
0.63583004
0.63583004
0.63583004
0.63583004
0.63583004
0.63583004
0.63583004
0.63583004
0.63583004
0.63583004
0.63583004
0.63583004
0.63583004
0.63583004
0.63583004
0.63583004
0.63583004
0.63583004
0.63583004
0.63583004
0.63583004
0.63583004
0.63583004
0.63583004
0.63583004
0.63376319
0.63376319
0.63376319
0.63376319
0.63376319
0.63376319
0.63376319
0.63376319
0.63376319
0.63376319
0.63376319
0.63376319
0.63376319
0.63376319
0.63376319
0.63376319
0.63376319
0.63376319
0.63376319
0.63376319
0.63376319
0.63376319
0.63376319
0.63376319
0.63376319
0.63376319
0.63376319
0.63376319
0.63376319
0.63376319
0.63376319
0.63376319
0.63376319
0.63376319
0.63376319
0.63376319
0.63376319
0.63376319
0.63376319
0.63376319
0.63376319
0.63376319
0.63376319
0.63376319
0.63376319
0.63376319
0.63376093
0.63376093
0.63376093
0.63376093
0.63376093
0.63376093
0.63376093
0.63376093
0.63376093
0.63376093
0.63376093
0.63376093
0.63376093
0.63376093
0.63376093
0.63376093
0.63376093
0.63376093
0.63376093
0.63376093
0.63376093
0.63376093
0.63376319
0.63376319
0.63376319
0.63376319
0.63376093
0.63376093
0.63376093
0.63376093
0.63376093
0.63376093
0.63376093
0.63376093
0.63376093
0.63376093
0.63376093
0.63376093
0.63376093
0.63376093
0.63376093
0.63376093
0.63376093
0.63376093
0.63376093
0.63376093
0.63376093
0.63376093
0.63376093
0.63376093
0.63376093
0.63376093
0.63376093
0.63376093
0.63376093
0.63376093
0.63376093
0.63376093
0.63376093
0.63376093
0.63376093
0.63376093
0.63376093
0.63376093
0.63376093
0.63376093
0.63376093
0.63376093
0.63376093
0.63376093
0.63376093
0.63376093
0.63376093
0.63376093
0.63376093
0.63376093
0.63376093
0.63376093
0.63376093
0.63376093
0.63376093
0.63376093
0.63376093
0.63376093
0.63376093
0.63376093
0.63376093
0.63376093
0.63376093
0.63376093
0.63376093
0.63376093
0.63376093
0.63376093
0.63376093
0.63376093
0.63376093
0.63376093
0.63376093
0.63376093
0.63376093
0.63376093
0.63376093
0.63376093
0.63376093
0.63376093
0.63376093
0.63376093
0.63376093
0.63376093
0.63376093
0.63376093
0.63376093
0.63376093
0.63376093
0.63376093
0.63376093
0.63376093
0.63376093
0.63376093
0.63376093
0.63376093
0.63376093
0.63376093
0.63376093
0.63376093
0.63376093
0.63376093
0.63376093
0.63376093
0.63376093
0.63376093
0.63376093
0.63376093
0.63376093
0.63376093
0.63376093
0.63376093
0.63376093
0.63376093
0.63376093
0.63376093
0.63376093
0.63376093
0.63376093
0.63376093
0.63376093
0.63376093
0.63376093
0.63376093
0.63376093
0.63376093
0.63376093
0.63376093
0.63376093
0.63376093
0.63376093
0.63376093
0.63376093
0.63376093
0.63376093
0.63376093
0.63376093
0.63376093
0.63376093
0.63376093
0.63376093
0.63376093
0.63376093
0.63376093
0.63376093
0.63376093
0.63376093
0.63376093
0.63376093
0.63376093
0.63376093
0.63376093
0.63376093
0.63376093
0.63376093
0.63376093
0.63376093
0.63376093
0.63376093
0.63376093
0.63376093
0.63376093
0.63376093
0.63376093
0.63376093
0.63376093
0.63376093
0.63376093
0.63376093
0.63376093
0.63376093
0.63376093
0.63376093
0.63376093
0.63376093
0.63376093
0.63376093
0.63376093
0.63376093
0.63376093
0.63376093
0.63376093
0.63376093
0.63376093
0.63170749
0.63170749
0.63170749
0.63170749
0.63170749
0.63170749
0.63170749
0.63170749
0.63170749
0.63170749
0.63170749
0.63170749
0.63170749
0.63170749
0.63170749
0.63170749
0.63170749
0.63170749
0.63170749
0.63170749
0.63170749
0.63170749
0.63170749
0.63170749
0.63170749
0.63170749
0.63170749
0.63170749
0.63170749
0.63170749
0.63170749
0.63170749
0.63170749
0.63170749
0.63170749
0.63170749
0.63170749
0.63170749
0.63170749
0.63170749
0.63170749
0.63170749
0.63170749
0.63170749
0.63170749
0.63170749
0.63170749
0.63170749
0.63170749
0.63170749
0.63170749
0.63170749
0.63170749
0.63170749
0.63170749
0.63170749
0.63170749
0.63170749
0.63170749
0.63170749
0.63170749
0.63170749
0.63170749
0.63170749
0.63170749
0.63170749
0.63170749
0.63170749
0.63170749
0.63170749
0.63170749
0.63170749
0.63170749
0.63170749
0.63170749
0.63170749
0.63170749
0.63170749
0.63170749
0.63170749
0.63170749
0.63170749
0.63170749
0.63170749
0.63170749
0.63170749
0.63170749
0.63170749
0.63170749
0.63170749
0.63170749
0.63170749
0.63170749
0.63170749
0.63170749
0.63170749
0.63170749
0.63170749
0.63170749
0.63170749
0.63170749
0.63170749
0.63170749
0.63170749
0.63170749
0.63170749
0.63170749
0.63170749
0.63170749
0.63170749
0.63170749
0.63170749
0.63170749
0.63170749
0.63170749
0.63170749
0.63170749
0.63170749
0.63170749
0.63170749
0.63170749
0.63170749
0.63170749
0.63170749
0.63170749
0.63170749
0.63170749
0.63170749
0.63170749
0.63170749
0.63170749
0.63170749
0.63170749
0.63170749
0.63170749
0.63170749
0.63170749
0.63170749
0.63170749
0.63170749
0.63170749
0.63170749
0.63170749
0.63170749
0.63170749
0.63170749
0.63170749
0.63170749
0.63170749
0.63170749
0.63170749
0.63170749
0.63170749
0.63170749
0.63170749
0.63170749
0.63170749
0.63170749
0.63170749
0.63170749
0.63170749
0.63170749
0.63170749
0.63170749
0.63170749
0.63170749
0.63170749
0.63170749
0.63170749
0.63170749
0.63170749
0.63170749
0.63170749
0.63170749
0.63170749
0.63170749
0.63170749
0.63170749
0.63170749
0.63170749
0.63170749
0.63170749
0.63170749
0.63170749
0.63170749
0.63170749
0.63170749
0.63170749
0.63170749
0.63170749
0.63170749
0.63170749
0.63170749
0.63170749
0.63170749
0.63170749
0.63170749
0.63170749
0.63170749
0.63170749
0.63170749
0.63170749
0.63170749
0.63170749
0.63170749
0.63170749
0.63170749
0.63170749
0.63170749
0.63170749
0.63170749
0.63170749
0.63170749
0.63170749
0.63170749
0.63170749
0.63170749
0.63170749
0.63170749
0.63170749
0.63170749
0.63170749
0.63170749
0.63170749
0.63170749
0.63170749
0.63170749
0.63170749
0.63170749
0.63170749
0.63170749
0.63170749
0.63170749
0.63170749
0.63170749
0.63170749
0.63170749
0.63170749
0.63170749
0.63170749
0.63170749
0.63170749
0.63170749
0.63170749
0.63170749
0.63170749
0.63170749
0.63170749
0.63170749
0.63170749
0.63170749
0.63170749
0.63170749
0.63170749
0.63170749
0.63170749
0.62966508
0.62966508
0.62966508
0.62966508
0.62966508
0.62966508
0.62966508
0.62966508
0.62966508
0.62966508
0.62966508
0.62966508
0.62966508
0.62966508
0.62966508
0.62966508
0.62966508
0.62966508
0.62966508
0.62966508
0.62966508
0.62966508
0.62966508
0.62966508
0.62966508
0.62966508
0.62966508
0.62966508
0.62966508
0.62966508
0.62966508
0.62966508
0.62966508
0.62966508
0.62966508
0.62966508
0.62966508
0.62966508
0.62966508
0.62966508
0.62966508
0.62966508
0.62966508
0.62966508
0.62966508
0.62966508
0.62966508
0.62966508
0.62966508
0.62966508
0.62966508
0.62966508
0.62966508
0.62966508
0.62966508
0.62966508
0.62966508
0.62966508
0.62966508
0.62966508
0.62966508
0.62966508
0.62966508
0.62966508
0.62966508
0.62966508
0.62966508
0.62966508
0.62966508
0.62966508
0.62966508
0.62966508
0.62966508
0.62966508
0.62966508
0.62966508
0.62966508
0.62966508
0.62966508
0.62966508
0.62966508
0.62966508
0.62966508
0.62966508
0.62966508
0.62966508
0.62966508
0.62966508
0.62966508
0.62966508
0.62966508
0.62966508
0.62966508
0.62966508
0.62966508
0.62966508
0.62966508
0.62966508
0.62966508
0.62966508
0.62966508
0.62966508
0.62966508
0.62966508
0.62966508
0.62966508
0.62966508
0.62966508
0.62966508
0.62966508
0.62966508
0.62966508
0.62966508
0.62966508
0.62966508
0.62966508
0.62966508
0.62966508
0.62966508
0.62966508
0.62966508
0.62966508
0.62966508
0.62966508
0.62966508
0.62966508
0.62966508
0.62966508
0.62966508
0.62966508
0.62966508
0.62966508
0.62966508
0.62966508
0.62966508
0.62966508
0.62966508
0.62966508
0.62966508
0.62966508
0.62966508
0.62966508
0.62966508
0.62966508
0.62966508
0.62966508
0.62966508
0.62966508
0.62966508
0.62966508
0.62966508
0.62966508
0.62966508
0.62966508
0.62966508
0.62966508
0.62966508
0.62966508
0.62966508
0.62966508
0.62966508
0.62966508
0.62966508
0.62966508
0.62966508
0.62966508
0.62966508
0.62966508
0.62966508
0.62966508
0.62966508
0.62966508
0.62966508
0.62966508
0.62966508
0.62966508
0.62966508
0.62966508
0.62966508
0.62966508
0.62966508
0.62966508
0.62966508
0.62966508
0.62966508
0.62966508
0.62966508
0.62966508
0.62966508
0.62966508
0.62966508
0.62966508
0.62966508
0.62966508
0.62966508
0.62966508
0.62966508
0.62966508
0.62966508
0.62966508
0.62966508
0.62966508
0.62966508
0.62966508
0.62966508
0.62966508
0.62966508
0.62966508
0.62966508
0.62966508
0.62966508
0.62966508
0.62966508
0.62966508
0.62966508
0.62966508
0.62966508
0.62966508
0.62966508
0.62966508
0.62966508
0.62966508
0.62966508
0.62966508
0.62966508
0.62966508
0.62966508
0.62966508
0.62966508
0.62966508
0.62966508
0.62966508
0.62966508
0.62966508
0.62966508
0.62966508
0.62966508
0.62966508
0.62966508
0.62966508
0.62966508
0.62966508
0.62966508
0.62966508
0.62966508
0.62966508
0.62966508
0.62966508
0.62966508
0.62966508
0.62966508
0.62966508
0.62966508
0.62966508
0.62966508
0.62966508
0.62763584
0.62763584
0.62763584
0.62763584
0.62763584
0.62763584
0.62763584
0.62763584
0.62763584
0.62763584
0.62763584
0.62763584
0.62763584
0.62763584
0.62763584
0.62763584
0.62763584
0.62763584
0.62763584
0.62763584
0.62763584
0.62763584
0.62763584
0.62763584
0.62763584
0.62763584
0.62763584
0.62763584
0.62763584
0.62763584
0.62763584
0.62763584
0.62763584
0.62763584
0.62763584
0.62763584
0.62763584
0.62763584
0.62763584
0.62763584
0.62763584
0.62763584
0.62763584
0.62763584
0.62763584
0.62763584
0.62763584
0.62763584
0.62763584
0.62763584
0.62763584
0.62763584
0.62763584
0.62763584
0.62763584
0.62763584
0.62763584
0.62763584
0.62763584
0.62763584
0.62763584
0.62763584
0.62763584
0.62763584
0.62763584
0.62763584
0.62763584
0.62763584
0.62763584
0.62763584
0.62763584
0.62763584
0.62763584
0.62763584
0.62763584
0.62763584
0.62763584
0.62763584
0.62763584
0.62763584
0.62763584
0.62763584
0.62763584
0.62763584
0.62763584
0.62763584
0.62763584
0.62763584
0.62763584
0.62763584
0.62763584
0.62763584
0.62763584
0.62763584
0.62763584
0.62763584
0.62763584
0.62763584
0.62763584
0.62763584
0.62763584
0.62763584
0.62763584
0.62763584
0.62763584
0.62763584
0.62763584
0.62763584
0.62763584
0.62763584
0.62763584
0.62763584
0.62763584
0.62763584
0.62763584
0.62763584
0.62763584
0.62763584
0.62763584
0.62763584
0.62763584
0.62763584
0.62763584
0.62763584
0.62763584
0.62763584
0.62763584
0.62763584
0.62763584
0.62763584
0.62763584
0.62763584
0.62763584
0.62763584
0.62763584
0.62763584
0.62763584
0.62763584
0.62763584
0.62763584
0.62763584
0.62763584
0.62763584
0.62763584
0.62763584
0.62763584
0.62763584
0.62763584
0.62763584
0.62763584
0.62763584
0.62763584
0.62763584
0.62763584
0.62763584
0.62763584
0.62763584
0.62763584
0.62763584
0.62763584
0.62763584
0.62763584
0.62763584
0.62763584
0.62763584
0.62763584
0.62763584
0.62763584
0.62763584
0.62763584
0.62763584
0.62763584
0.62763584
0.62763584
0.62763584
0.62763584
0.62763584
0.62763584
0.62763584
0.62763584
0.62763584
0.62763584
0.62763584
0.62763584
0.62763584
0.62763584
0.62763584
0.62763584
0.62763584
0.62763584
0.62763584
0.62763584
0.62763584
0.62763584
0.62763584
0.62763584
0.62763584
0.62763584
0.62763584
0.62763584
0.62763584
0.62763584
0.62763584
0.62763584
0.62763584
0.62763584
0.62763584
0.62763584
0.62763584
0.62763584
0.62763584
0.62763584
0.62763584
0.62763584
0.62763584
0.62763584
0.62763584
0.62763584
0.62763584
0.62763584
0.62763584
0.62763584
0.62763584
0.62763584
0.62763584
0.62763584
0.62763584
0.62763584
0.62763584
0.62763584
0.62763584
0.62763584
0.62763584
0.62763584
0.62763584
0.62763584
0.62763584
0.62763584
0.62763584
0.62763584
0.62763584
0.62763584
0.62763584
0.62763584
0.62763584
0.62763584
0.62763584
0.62763584
0.62763584
0.62763584
0.62763584
0.62763584
0.62763584
0.62763584
0.62763584
0.62763584
0.62562180
0.62562180
0.62562180
0.62562180
0.62562180
0.62562180
0.62562180
0.62562180
0.62562180
0.62562180
0.62562180
0.62562180
0.62562180
0.62562180
0.62562180
0.62562180
0.62562180
0.62562180
0.62562180
0.62562180
0.62562180
0.62562180
0.62562180
0.62562180
0.62562180
0.62562180
0.62562180
0.62562180
0.62562180
0.62562180
0.62562180
0.62562180
0.62562180
0.62562180
0.62562180
0.62562180
0.62562180
0.62562180
0.62562180
0.62562180
0.62562180
0.62562180
0.62562180
0.62562180
0.62562180
0.62562180
0.62562180
0.62562180
0.62562180
0.62562180
0.62562180
0.62562180
0.62562180
0.62562180
0.62562180
0.62562180
0.62562180
0.62562180
0.62562180
0.62562180
0.62562180
0.62562180
0.62562180
0.62562180
0.62562180
0.62562180
0.62562180
0.62562180
0.62562180
0.62562180
0.62562180
0.62562180
0.62562180
0.62562180
0.62562180
0.62562180
0.62562180
0.62562180
0.62562180
0.62562180
0.62562180
0.62562180
0.62562180
0.62562180
0.62562180
0.62562180
0.62562180
0.62562180
0.62562180
0.62562180
0.62562180
0.62562180
0.62562180
0.62562180
0.62562180
0.62562180
0.62562180
0.62562180
0.62562180
0.62562180
0.62562180
0.62562180
0.62562180
0.62562180
0.62562180
0.62562180
0.62562180
0.62562180
0.62562180
0.62562180
0.62562180
0.62562180
0.62562180
0.62562180
0.62562180
0.62562180
0.62562180
0.62562180
0.62562180
0.62562180
0.62562180
0.62562180
0.62562180
0.62562180
0.62562180
0.62562180
0.62562180
0.62562180
0.62562180
0.62562180
0.62562180
0.62562180
0.62562180
0.62562180
0.62562180
0.62562180
0.62562180
0.62562180
0.62562180
0.62562180
0.62562180
0.62562180
0.62562180
0.62562180
0.62562180
0.62562180
0.62562180
0.62562180
0.62562180
0.62562180
0.62562180
0.62562180
0.62562180
0.62562180
0.62562180
0.62562180
0.62562180
0.62562180
0.62562180
0.62562180
0.62562180
0.62562180
0.62562180
0.62562180
0.62562180
0.62562180
0.62562180
0.62562180
0.62562180
0.62562180
0.62562180
0.62562180
0.62562180
0.62562180
0.62562180
0.62562180
0.62562180
0.62562180
0.62562180
0.62562180
0.62562180
0.62562180
0.62562180
0.62562180
0.62562180
0.62562180
0.62562180
0.62562180
0.62562180
0.62562180
0.62562180
0.62562180
0.62562180
0.62562180
0.62562180
0.62562180
0.62562180
0.62562180
0.62562180
0.62562180
0.62562180
0.62562180
0.62562180
0.62562180
0.62562180
0.62562180
0.62562180
0.62562180
0.62562180
0.62562180
0.62562180
0.62562180
0.62562180
0.62562180
0.62562180
0.62562180
0.62562180
0.62562180
0.62562180
0.62562180
0.62562180
0.62562180
0.62562180
0.62562180
0.62562180
0.62562180
0.62562180
0.62562180
0.62562180
0.62562180
0.62562180
0.62562180
0.62562180
0.62562180
0.62562180
0.62562180
0.62562180
0.62562180
0.62562180
0.62562180
0.62562180
0.62562180
0.62562180
0.62562180
0.62562180
0.62562180
0.62562180
0.62562180
0.62562180
0.62562180
0.62562180
0.62562180
0.62562180
0.62562180
0.62562180
0.62562180
0.62361848
0.62361848
0.62361848
0.62361848
0.62361848
0.62361848
0.62361848
0.62361848
0.62361848
0.62361848
0.62361848
0.62361848
0.62361848
0.62361848
0.62361848
0.62361848
0.62361848
0.62361848
0.62361848
0.62361848
0.62361848
0.62361848
0.62361848
0.62361848
0.62361848
0.62361848
0.62361848
0.62361848
0.62361848
0.62361848
0.62361848
0.62361848
0.62361848
0.62361848
0.62361848
0.62361848
0.62361848
0.62361848
0.62361848
0.62361848
0.62361848
0.62361848
0.62361848
0.62361848
0.62361848
0.62361848
0.62361848
0.62361848
0.62361848
0.62361848
0.62361848
0.62361848
0.62361848
0.62361848
0.62361848
0.62361848
0.62361848
0.62361848
0.62361848
0.62361848
0.62361848
0.62361848
0.62361848
0.62361848
0.62361848
0.62361848
0.62361848
0.62361848
0.62361848
0.62361848
0.62361848
0.62361848
0.62361848
0.62361848
0.62361848
0.62361848
0.62361848
0.62361848
0.62361848
0.62361848
0.62361848
0.62361848
0.62361848
0.62361848
0.62361848
0.62361848
0.62361848
0.62361848
0.62361848
0.62361848
0.62361848
0.62361848
0.62361848
0.62361848
0.62361848
0.62361848
0.62361848
0.62361848
0.62361848
0.62361848
0.62361848
0.62361848
0.62361848
0.62361848
0.62361848
0.62361848
0.62361848
0.62361848
0.62361848
0.62361848
0.62361848
0.62361848
0.62361848
0.62361848
0.62361848
0.62361848
0.62361848
0.62361848
0.62361848
0.62361848
0.62361848
0.62361848
0.62361848
0.62361848
0.62361848
0.62361848
0.62361848
0.62361848
0.62361848
0.62361848
0.62361848
0.62361848
0.62361848
0.62361848
0.62361848
0.62361848
0.62361848
0.62361848
0.62361848
0.62361848
0.62361848
0.62361848
0.62361848
0.62361848
0.62361848
0.62361848
0.62361848
0.62361848
0.62361848
0.62361848
0.62361848
0.62361848
0.62361848
0.62361848
0.62361848
0.62361848
0.62361848
0.62361848
0.62361848
0.62361848
0.62361848
0.62361848
0.62361848
0.62361848
0.62361848
0.62361848
0.62361848
0.62361848
0.62361848
0.62361848
0.62361848
0.62361848
0.62361848
0.62361848
0.62361848
0.62361848
0.62361848
0.62361848
0.62361848
0.62361848
0.62361848
0.62361848
0.62361848
0.62361848
0.62361848
0.62361848
0.62361848
0.62361848
0.62361848
0.62361848
0.62361848
0.62361848
0.62361848
0.62361848
0.62361848
0.62361848
0.62361848
0.62361848
0.62361848
0.62361848
0.62361848
0.62361848
0.62361848
0.62361848
0.62361848
0.62361848
0.62361848
0.62361848
0.62361848
0.62361848
0.62361848
0.62361848
0.62361848
0.62361848
0.62361848
0.62361848
0.62361848
0.62361848
0.62361848
0.62361848
0.62361848
0.62361848
0.62361848
0.62361848
0.62361848
0.62361848
0.62361848
0.62361848
0.62361848
0.62361848
0.62361848
0.62361848
0.62361848
0.62361848
0.62361848
0.62361848
0.62361848
0.62361848
0.62361848
0.62361848
0.62361848
0.62361848
0.62361848
0.62361848
0.62361848
0.62361848
0.62361848
0.62361848
0.62361848
0.62361848
0.62361848
0.62361848
0.62361848
0.62361848
0.62361848
0.62361848
0.62162799
0.62162799
0.62162799
0.62162799
0.62162799
0.62162799
0.62162799
0.62162799
0.62162799
0.62162799
0.62162799
0.62162799
0.62162799
0.62162799
0.62162799
0.62162799
0.62162799
0.62162799
0.62162799
0.62162799
0.62162799
0.62162799
0.62162799
0.62162799
0.62162799
0.62162799
0.62162799
0.62162799
0.62162799
0.62162799
0.62162799
0.62162799
0.62162799
0.62162799
0.62162799
0.62162799
0.62162799
0.62162799
0.62162799
0.62162799
0.62162799
0.62162799
0.62162799
0.62162799
0.62162799
0.62162799
0.62162799
0.62162799
0.62162799
0.62162799
0.62162799
0.62162799
0.62162799
0.62162799
0.62162799
0.62162799
0.62162799
0.62162799
0.62162799
0.62162799
0.62162799
0.62162799
0.62162799
0.62162799
0.62162799
0.62162799
0.62162799
0.62162799
0.62162799
0.62162799
0.62162799
0.62162799
0.62162799
0.62162799
0.62162799
0.62162799
0.62162799
0.62162799
0.62162799
0.62162799
0.62162799
0.62162799
0.62162799
0.62162799
0.62162799
0.62162799
0.62162799
0.62162799
0.62162799
0.62162799
0.62162799
0.62162799
0.62162799
0.62162799
0.62162799
0.62162799
0.62162799
0.62162799
0.62162799
0.62162799
0.62162799
0.62162799
0.62162799
0.62162799
0.62162799
0.62162799
0.62162799
0.62162799
0.62162799
0.62162799
0.62162799
0.62162799
0.62162799
0.62162799
0.62162799
0.62162799
0.62162799
0.62162799
0.62162799
0.62162799
0.62162799
0.62162799
0.62162799
0.62162799
0.62162799
0.62162799
0.62162799
0.62162799
0.62162799
0.62162799
0.62162799
0.62162799
0.62162799
0.62162799
0.62162799
0.62162799
0.62162799
0.62162799
0.62162799
0.62162799
0.62162799
0.62162799
0.62162799
0.62162799
0.62162799
0.62162799
0.62162799
0.62162799
0.62162799
0.62162799
0.62162799
0.62162799
0.62162799
0.62162799
0.62162799
0.62162799
0.62162799
0.62162799
0.62162799
0.62162799
0.62162799
0.62162799
0.62162799
0.62162799
0.62162799
0.62162799
0.62162799
0.62162799
0.62162799
0.62162799
0.62162799
0.62162799
0.62162799
0.62162799
0.62162799
0.62162799
0.62162799
0.62162799
0.62162799
0.62162799
0.62162799
0.62162799
0.62162799
0.62162799
0.62162799
0.62162799
0.62162799
0.62162799
0.62162799
0.62162799
0.62162799
0.62162799
0.62162799
0.62162799
0.62162799
0.62162799
0.62162799
0.62162799
0.62162799
0.62162799
0.62162799
0.62162799
0.62162799
0.62162799
0.62162799
0.62162799
0.62162799
0.62162799
0.62162799
0.62162799
0.62162799
0.62162799
0.62162799
0.62162799
0.62162799
0.62162799
0.62162799
0.62162799
0.62162799
0.62162799
0.62162799
0.62162799
0.62162799
0.62162799
0.62162799
0.62162799
0.62162799
0.62162799
0.62162799
0.62162799
0.62162799
0.62162799
0.62162799
0.62162799
0.62162799
0.62162799
0.62162799
0.62162799
0.62162799
0.62162799
0.62162799
0.62162799
0.62162799
0.62162799
0.62162799
0.62162799
0.62162799
0.62162799
0.62162799
0.62162799
0.62162799
0.62162799
0.62162799
0.62162799
0.62162799
0.62162799
0.61965013
0.61965013
0.61965013
0.61965013
0.61965013
0.61965013
0.61965013
0.61965013
0.61965013
0.61965013
0.61965013
0.61965013
0.61965013
0.61965013
0.61965013
0.61965013
0.61965013
0.61965013
0.61965013
0.61965013
0.61965013
0.61965013
0.61965013
0.61965013
0.61965013
0.61965013
0.61965013
0.61965013
0.61965013
0.61965013
0.61965013
0.61965013
0.61965013
0.61965013
0.61965013
0.61965013
0.61965013
0.61965013
0.61965013
0.61965013
0.61965013
0.61965013
0.61965013
0.61965013
0.61965013
0.61965013
0.61965013
0.61965013
0.61965013
0.61965013
0.61965013
0.61965013
0.61965013
0.61965013
0.61965013
0.61965013
0.61965013
0.61965013
0.61965013
0.61965013
0.61965013
0.61965013
0.61965013
0.61965013
0.61965013
0.61965013
0.61965013
0.61965013
0.61965013
0.61965013
0.61965013
0.61965013
0.61965013
0.61965013
0.61965013
0.61965013
0.61965013
0.61965013
0.61965013
0.61965013
0.61965013
0.61965013
0.61965013
0.61965013
0.61965013
0.61965013
0.61965013
0.61965013
0.61965013
0.61965013
0.61965013
0.61965013
0.61965013
0.61965013
0.61965013
0.61965013
0.61965013
0.61965013
0.61965013
0.61965013
0.61965013
0.61965013
0.61965013
0.61965013
0.61965013
0.61965013
0.61965013
0.61965013
0.61965013
0.61965013
0.61965013
0.61965013
0.61965013
0.61965013
0.61965013
0.61965013
0.61965013
0.61965013
0.61965013
0.61965013
0.61965013
0.61965013
0.61965013
0.61965013
0.61965013
0.61965013
0.61965013
0.61965013
0.61965013
0.61965013
0.61965013
0.61965013
0.61965013
0.61965013
0.61965013
0.61965013
0.61965013
0.61965013
0.61965013
0.61965013
0.61965013
0.61965013
0.61965013
0.61965013
0.61965013
0.61965013
0.61965013
0.61965013
0.61965013
0.61965013
0.61965013
0.61965013
0.61965013
0.61965013
0.61965013
0.61965013
0.61965013
0.61965013
0.61965013
0.61965013
0.61965013
0.61965013
0.61965013
0.61965013
0.61965013
0.61965013
0.61965013
0.61965013
0.61965013
0.61965013
0.61965013
0.61965013
0.61965013
0.61965013
0.61965013
0.61965013
0.61965013
0.61965013
0.61965013
0.61965013
0.61965013
0.61965013
0.61965013
0.61965013
0.61965013
0.61965013
0.61965013
0.61965013
0.61965013
0.61965013
0.61965013
0.61965013
0.61965013
0.61965013
0.61965013
0.61965013
0.61965013
0.61965013
0.61965013
0.61965013
0.61965013
0.61965013
0.61965013
0.61965013
0.61965013
0.61965013
0.61965013
0.61965013
0.61965013
0.61965013
0.61965013
0.61965013
0.61965013
0.61965013
0.61965013
0.61965013
0.61965013
0.61965013
0.61965013
0.61965013
0.61965013
0.61965013
0.61965013
0.61965013
0.61965013
0.61965013
0.61965013
0.61965013
0.61965013
0.61965013
0.61965013
0.61965013
0.61965013
0.61965013
0.61965013
0.61965013
0.61965013
0.61965013
0.61965013
0.61965013
0.61965013
0.61965013
0.61965013
0.61965013
0.61965013
0.61965013
0.61965013
0.61965013
0.61965013
0.61965013
0.61965013
0.61965013
0.61965013
0.61965013
0.61965013
0.61965013
0.61768693
0.61768693
0.61768693
0.61768693
0.61768693
0.61768693
0.61768693
0.61768693
0.61768693
0.61768693
0.61768693
0.61768693
0.61768693
0.61768693
0.61768693
0.61768693
0.61768693
0.61768693
0.61768693
0.61768693
0.61768693
0.61768693
0.61768693
0.61768693
0.61768693
0.61768693
0.61768693
0.61768693
0.61768693
0.61768693
0.61768693
0.61768693
0.61768693
0.61768693
0.61768693
0.61768693
0.61768693
0.61768693
0.61768693
0.61768693
0.61768693
0.61768693
0.61768693
0.61768693
0.61768693
0.61768693
0.61768693
0.61768693
0.61768693
0.61768693
0.61768693
0.61768693
0.61768693
0.61768693
0.61768693
0.61768693
0.61768693
0.61768693
0.61768693
0.61768693
0.61768693
0.61768693
0.61768693
0.61768693
0.61768693
0.61768693
0.61768693
0.61768693
0.61768693
0.61768693
0.61768693
0.61768693
0.61768693
0.61768693
0.61768693
0.61768693
0.61768693
0.61768693
0.61768693
0.61768693
0.61768693
0.61768693
0.61768693
0.61768693
0.61768693
0.61768693
0.61768693
0.61768693
0.61768693
0.61768693
0.61768693
0.61768693
0.61768693
0.61768693
0.61768693
0.61768693
0.61768693
0.61768693
0.61768693
0.61768693
0.61768693
0.61768693
0.61768693
0.61768693
0.61768693
0.61768693
0.61768693
0.61768693
0.61768693
0.61768693
0.61768693
0.61768693
0.61768693
0.61768693
0.61768693
0.61768693
0.61768693
0.61768693
0.61768693
0.61768693
0.61768693
0.61768693
0.61768693
0.61768693
0.61768693
0.61768693
0.61768693
0.61768693
0.61768693
0.61768693
0.61768693
0.61768693
0.61768693
0.61768693
0.61768693
0.61768693
0.61768693
0.61768693
0.61768693
0.61768693
0.61768693
0.61768693
0.61768693
0.61768693
0.61768693
0.61768693
0.61768693
0.61768693
0.61768693
0.61768693
0.61768693
0.61768693
0.61768693
0.61768693
0.61768693
0.61768693
0.61768693
0.61768693
0.61768693
0.61768693
0.61768693
0.61768693
0.61768693
0.61768693
0.61768693
0.61768693
0.61768693
0.61768693
0.61768693
0.61768693
0.61768693
0.61768693
0.61768693
0.61768693
0.61768693
0.61768693
0.61768693
0.61768693
0.61768693
0.61768693
0.61768693
0.61768693
0.61768693
0.61768693
0.61768693
0.61768693
0.61768693
0.61768693
0.61768693
0.61768693
0.61768693
0.61768693
0.61768693
0.61768693
0.61768693
0.61768693
0.61768693
0.61768693
0.61768693
0.61768693
0.61768693
0.61768693
0.61768693
0.61768693
0.61768693
0.61768693
0.61768693
0.61768693
0.61768693
0.61768693
0.61768693
0.61768693
0.61768693
0.61768693
0.61768693
0.61768693
0.61768693
0.61768693
0.61768693
0.61768693
0.61768693
0.61768693
0.61768693
0.61768693
0.61768693
0.61768693
0.61768693
0.61768693
0.61768693
0.61768693
0.61768693
0.61768693
0.61768693
0.61768693
0.61768693
0.61768693
0.61768693
0.61768693
0.61768693
0.61768693
0.61768693
0.61768693
0.61768693
0.61768693
0.61768693
0.61768693
0.61768693
0.61768693
0.61768693
0.61768693
0.61768693
0.61768693
0.61768693
0.61768693
0.61768693
0.61768693
0.61573404
0.61573404
0.61573404
0.61573404
0.61573404
0.61573404
0.61573404
0.61573404
0.61573404
0.61573404
0.61573404
0.61573404
0.61573404
0.61573404
0.61573404
0.61573404
0.61573404
0.61573404
0.61573404
0.61573404
0.61573404
0.61573404
0.61573404
0.61573404
0.61573404
0.61573404
0.61573404
0.61573404
0.61573404
0.61573404
0.61573404
0.61573404
0.61573404
0.61573404
0.61573404
0.61573404
0.61573404
0.61573404
0.61573404
0.61573404
0.61573404
0.61573404
0.61573404
0.61573404
0.61573404
0.61573404
0.61573404
0.61573404
0.61573404
0.61573404
0.61573404
0.61573404
0.61573404
0.61573404
0.61573404
0.61573404
0.61573404
0.61573404
0.61573404
0.61573404
0.61573404
0.61573404
0.61573404
0.61573404
0.61573404
0.61573404
0.61573404
0.61573404
0.61573404
0.61573404
0.61573404
0.61573404
0.61573404
0.61573404
0.61573404
0.61573404
0.61573404
0.61573404
0.61573404
0.61573404
0.61573404
0.61573404
0.61573404
0.61573404
0.61573404
0.61573404
0.61573404
0.61573404
0.61573404
0.61573404
0.61573404
0.61573404
0.61573404
0.61573404
0.61573404
0.61573404
0.61573404
0.61573404
0.61573404
0.61573404
0.61573404
0.61573404
0.61573404
0.61573404
0.61573404
0.61573404
0.61573404
0.61573404
0.61573404
0.61573404
0.61573404
0.61573404
0.61573404
0.61573404
0.61573404
0.61573404
0.61573404
0.61573404
0.61573404
0.61573404
0.61573404
0.61573404
0.61573404
0.61573404
0.61573404
0.61573404
0.61573404
0.61573404
0.61573404
0.61573404
0.61573404
0.61573404
0.61573404
0.61573404
0.61573404
0.61573404
0.61573404
0.61573404
0.61573404
0.61573404
0.61573404
0.61573404
0.61573404
0.61573404
0.61573404
0.61573404
0.61573404
0.61573404
0.61573404
0.61573404
0.61573404
0.61573404
0.61573404
0.61573404
0.61573404
0.61573404
0.61573404
0.61573404
0.61573404
0.61573404
0.61573404
0.61573404
0.61573404
0.61573404
0.61573404
0.61573404
0.61573404
0.61573404
0.61573404
0.61573404
0.61573404
0.61573404
0.61573404
0.61573404
0.61573404
0.61573404
0.61573404
0.61573404
0.61573404
0.61573404
0.61573404
0.61573404
0.61573404
0.61573404
0.61573404
0.61573404
0.61573404
0.61573404
0.61573404
0.61573404
0.61573404
0.61573404
0.61573404
0.61573404
0.61573404
0.61573404
0.61573404
0.61573404
0.61573404
0.61573404
0.61573404
0.61573404
0.61573404
0.61573404
0.61573404
0.61573404
0.61573404
0.61573404
0.61573404
0.61573404
0.61573404
0.61573404
0.61573404
0.61573404
0.61573404
0.61573404
0.61573404
0.61573404
0.61573404
0.61573404
0.61573404
0.61573404
0.61573404
0.61573404
0.61573404
0.61573404
0.61573404
0.61573404
0.61573404
0.61573404
0.61573404
0.61573404
0.61573404
0.61573404
0.61573404
0.61573404
0.61573404
0.61573404
0.61573404
0.61573404
0.61573404
0.61573404
0.61573404
0.61573404
0.61573404
0.61573404
0.61573404
0.61573404
0.61573404
0.61573404
0.61573404
0.61573404
0.61573404
0.61573404
0.61573404
0.61573404
0.61379343
0.61379343
0.61379343
0.61379343
0.61379343
0.61379343
0.61379343
0.61379343
0.61379343
0.61379343
0.61379343
0.61379343
0.61379343
0.61379343
0.61379343
0.61379343
0.61379343
0.61379343
0.61379343
0.61379343
0.61379343
0.61379343
0.61379343
0.61379343
0.61379343
0.61379343
0.61379343
0.61379343
0.61379343
0.61379343
0.61379343
0.61379343
0.61379343
0.61379343
0.61379343
0.61379343
0.61379343
0.61379343
0.61379343
0.61379343
0.61379343
0.61379343
0.61379343
0.61379343
0.61379343
0.61379343
0.61379343
0.61379343
0.61379343
0.61379343
0.61379343
0.61379343
0.61379343
0.61379343
0.61379343
0.61379343
0.61379343
0.61379343
0.61379343
0.61379343
0.61379343
0.61379343
0.61379343
0.61379343
0.61379343
0.61379343
0.61379343
0.61379343
0.61379343
0.61379343
0.61379343
0.61379343
0.61379343
0.61379343
0.61379343
0.61379343
0.61379343
0.61379343
0.61379343
0.61379343
0.61379343
0.61379343
0.61379343
0.61379343
0.61379343
0.61379343
0.61379343
0.61379343
0.61379343
0.61379343
0.61379343
0.61379343
0.61379343
0.61379343
0.61379343
0.61379343
0.61379343
0.61379343
0.61379343
0.61379343
0.61379343
0.61379343
0.61379343
0.61379343
0.61379343
0.61379343
0.61379343
0.61379343
0.61379343
0.61379343
0.61379343
0.61379343
0.61379343
0.61379343
0.61379343
0.61379343
0.61379343
0.61379343
0.61379343
0.61379343
0.61379343
0.61379343
0.61379343
0.61379343
0.61379343
0.61379343
0.61379343
0.61379343
0.61379343
0.61379343
0.61379343
0.61379343
0.61379343
0.61379343
0.61379343
0.61379343
0.61379343
0.61379343
0.61379343
0.61379343
0.61379343
0.61379343
0.61379343
0.61379343
0.61379343
0.61379343
0.61379343
0.61379343
0.61379343
0.61379343
0.61379343
0.61379343
0.61379343
0.61379343
0.61379343
0.61379343
0.61379343
0.61379343
0.61379343
0.61379343
0.61379343
0.61379343
0.61379343
0.61379343
0.61379343
0.61379343
0.61379343
0.61379343
0.61379343
0.61379343
0.61379343
0.61379343
0.61379343
0.61379343
0.61379343
0.61379343
0.61379343
0.61379343
0.61379343
0.61379343
0.61379343
0.61379343
0.61379343
0.61379343
0.61379343
0.61379343
0.61379343
0.61379343
0.61379343
0.61379343
0.61379343
0.61379343
0.61379343
0.61379343
0.61379343
0.61379343
0.61379343
0.61379343
0.61379343
0.61379343
0.61379343
0.61379343
0.61379343
0.61379343
0.61379343
0.61379343
0.61379343
0.61379343
0.61379343
0.61379343
0.61379343
0.61379343
0.61379343
0.61379343
0.61379343
0.61379343
0.61379343
0.61379343
0.61379343
0.61379343
0.61379343
0.61379343
0.61379343
0.61379343
0.61379343
0.61379343
0.61379343
0.61379343
0.61379343
0.61379343
0.61379343
0.61379343
0.61379343
0.61379343
0.61379343
0.61379343
0.61379343
0.61379343
0.61379343
0.61379343
0.61379343
0.61379343
0.61379343
0.61379343
0.61379343
0.61379343
0.61379343
0.61379343
0.61379343
0.61379343
0.61379343
0.61379343
0.61379343
0.61379343
0.61379343
0.61379343
0.61186504
0.61186504
0.61186504
0.61186504
0.61186504
0.61186504
0.61186504
0.61186504
0.61186504
0.61186504
0.61186504
0.61186504
0.61186504
0.61186504
0.61186504
0.61186504
0.61186504
0.61186504
0.61186504
0.61186504
0.61186504
0.61186504
0.61186504
0.61186504
0.61186504
0.61186504
0.61186504
0.61186504
0.61186504
0.61186504
0.61186504
0.61186504
0.61186504
0.61186504
0.61186504
0.61186504
0.61186504
0.61186504
0.61186504
0.61186504
0.61186504
0.61186504
0.61186504
0.61186504
0.61186504
0.61186504
0.61186504
0.61186504
0.61186504
0.61186504
0.61186504
0.61186504
0.61186504
0.61186504
0.61186504
0.61186504
0.61186504
0.61186504
0.61186504
0.61186504
0.61186504
0.61186504
0.61186504
0.61186504
0.61186504
0.61186504
0.61186504
0.61186504
0.61186504
0.61186504
0.61186504
0.61186504
0.61186504
0.61186504
0.61186504
0.61186504
0.61186504
0.61186504
0.61186504
0.61186504
0.61186504
0.61186504
0.61186504
0.61186504
0.61186504
0.61186504
0.61186504
0.61186504
0.61186504
0.61186504
0.61186504
0.61186504
0.61186504
0.61186504
0.61186504
0.61186504
0.61186504
0.61186504
0.61186504
0.61186504
0.61186504
0.61186504
0.61186504
0.61186504
0.61186504
0.61186504
0.61186504
0.61186504
0.61186504
0.61186504
0.61186504
0.61186504
0.61186504
0.61186504
0.61186504
0.61186504
0.61186504
0.61186504
0.61186504
0.61186504
0.61186504
0.61186504
0.61186504
0.61186504
0.61186504
0.61186504
0.61186504
0.61186504
0.61186504
0.61186504
0.61186504
0.61186504
0.61186504
0.61186504
0.61186504
0.61186504
0.61186504
0.61186504
0.61186504
0.61186504
0.61186504
0.61186504
0.61186504
0.61186504
0.61186504
0.61186504
0.61186504
0.61186504
0.61186504
0.61186504
0.61186504
0.61186504
0.61186504
0.61186504
0.61186504
0.61186504
0.61186504
0.61186504
0.61186504
0.61186504
0.61186504
0.61186504
0.61186504
0.61186504
0.61186504
0.61186504
0.61186504
0.61186504
0.61186504
0.61186504
0.61186504
0.61186504
0.61186504
0.61186504
0.61186504
0.61186504
0.61186504
0.61186504
0.61186504
0.61186504
0.61186504
0.61186504
0.61186504
0.61186504
0.61186504
0.61186504
0.61186504
0.61186504
0.61186504
0.61186504
0.61186504
0.61186504
0.61186504
0.61186504
0.61186504
0.61186504
0.61186504
0.61186504
0.61186504
0.61186504
0.61186504
0.61186504
0.61186504
0.61186504
0.61186504
0.61186504
0.61186504
0.61186504
0.61186504
0.61186504
0.61186504
0.61186504
0.61186504
0.61186504
0.61186504
0.61186504
0.61186504
0.61186504
0.61186504
0.61186504
0.61186504
0.61186504
0.61186504
0.61186504
0.61186504
0.61186504
0.61186504
0.61186504
0.61186504
0.61186504
0.61186504
0.61186504
0.61186504
0.61186504
0.61186504
0.61186504
0.61186504
0.61186504
0.61186504
0.61186504
0.61186504
0.61186504
0.61186504
0.61186504
0.61186504
0.61186504
0.61186504
0.61186504
0.61186504
0.61186504
0.61186504
0.61186504
0.61186504
0.61186504
0.61186504
0.61186504
0.60995084
0.60995084
0.60995084
0.60995084
0.60995084
0.60995084
0.60995084
0.60995084
0.60995084
0.60995084
0.60995084
0.60995084
0.60995084
0.60995084
0.60995084
0.60995084
0.60995084
0.60995084
0.60995084
0.60995084
0.60995084
0.60995084
0.60995084
0.60995084
0.60995084
0.60995084
0.60995084
0.60995084
0.60995084
0.60995084
0.60995084
0.60995084
0.60995084
0.60995084
0.60995084
0.60995084
0.60995084
0.60995084
0.60995084
0.60995084
0.60995084
0.60995084
0.60995084
0.60995084
0.60995084
0.60995084
0.60995084
0.60995084
0.60995084
0.60995084
0.60995084
0.60995084
0.60995084
0.60995084
0.60995084
0.60995084
0.60995084
0.60995084
0.60995084
0.60995084
0.60995084
0.60995084
0.60995084
0.60995084
0.60995084
0.60995084
0.60995084
0.60995084
0.60995084
0.60995084
0.60995084
0.60995084
0.60995084
0.60995084
0.60995084
0.60995084
0.60995084
0.60995084
0.60995084
0.60995084
0.60995084
0.60995084
0.60995084
0.60995084
0.60995084
0.60995084
0.60995084
0.60995084
0.60995084
0.60995084
0.60995084
0.60995084
0.60995084
0.60995084
0.60995084
0.60995084
0.60995084
0.60995084
0.60995084
0.60995084
0.60995084
0.60995084
0.60995084
0.60995084
0.60995084
0.60995084
0.60995084
0.60995084
0.60995084
0.60995084
0.60995084
0.60995084
0.60995084
0.60995084
0.60995084
0.60995084
0.60995084
0.60995084
0.60995084
0.60995084
0.60995084
0.60995084
0.60995084
0.60995084
0.60995084
0.60995084
0.60995084
0.60995084
0.60995084
0.60995084
0.60995084
0.60995084
0.60995084
0.60995084
0.60995084
0.60995084
0.60995084
0.60995084
0.60995084
0.60995084
0.60995084
0.60995084
0.60995084
0.60995084
0.60995084
0.60995084
0.60995084
0.60995084
0.60995084
0.60995084
0.60995084
0.60995084
0.60995084
0.60995084
0.60995084
0.60995084
0.60995084
0.60995084
0.60995084
0.60995084
0.60995084
0.60995084
0.60995084
0.60995084
0.60995084
0.60995084
0.60995084
0.60995084
0.60995084
0.60995084
0.60995084
0.60995084
0.60995084
0.60995084
0.60995084
0.60995084
0.60995084
0.60995084
0.60995084
0.60995084
0.60995084
0.60995084
0.60995084
0.60995084
0.60995084
0.60995084
0.60995084
0.60995084
0.60995084
0.60995084
0.60995084
0.60995084
0.60995084
0.60995084
0.60995084
0.60995084
0.60995084
0.60995084
0.60995084
0.60995084
0.60995084
0.60995084
0.60995084
0.60995084
0.60995084
0.60995084
0.60995084
0.60995084
0.60995084
0.60995084
0.60995084
0.60995084
0.60995084
0.60995084
0.60995084
0.60995084
0.60995084
0.60995084
0.60995084
0.60995084
0.60995084
0.60995084
0.60995084
0.60995084
0.60995084
0.60995084
0.60995084
0.60995084
0.60995084
0.60995084
0.60995084
0.60995084
0.60995084
0.60995084
0.60995084
0.60995084
0.60995084
0.60995084
0.60995084
0.60995084
0.60995084
0.60995084
0.60995084
0.60995084
0.60995084
0.60995084
0.60995084
0.60995084
0.60995084
0.60995084
0.60995084
0.60995084
0.60995084
0.60995084
0.60995084
0.60995084
0.60804647
0.60804647
0.60804647
0.60804647
0.60804647
0.60804647
0.60804647
0.60804647
0.60804647
0.60804647
0.60804647
0.60804647
0.60804647
0.60804647
0.60804647
0.60804647
0.60804647
0.60804647
0.60804647
0.60804647
0.60804647
0.60804647
0.60804647
0.60804647
0.60804647
0.60804647
0.60804647
0.60804647
0.60804647
0.60804647
0.60804647
0.60804647
0.60804647
0.60804647
0.60804647
0.60804647
0.60804647
0.60804647
0.60804647
0.60804647
0.60804647
0.60804647
0.60804647
0.60804647
0.60804647
0.60804647
0.60804647
0.60804647
0.60804647
0.60804647
0.60804647
0.60804647
0.60804647
0.60804647
0.60804647
0.60804647
0.60804647
0.60804647
0.60804647
0.60804647
0.60804647
0.60804647
0.60804647
0.60804647
0.60804647
0.60804647
0.60804647
0.60804647
0.60804647
0.60804647
0.60804647
0.60804647
0.60804647
0.60804647
0.60804647
0.60804647
0.60804647
0.60804647
0.60804647
0.60804647
0.60804647
0.60804647
0.60804647
0.60804647
0.60804647
0.60804647
0.60804647
0.60804647
0.60804647
0.60804647
0.60804647
0.60804647
0.60804647
0.60804647
0.60804647
0.60804647
0.60804647
0.60804647
0.60804647
0.60804647
0.60804647
0.60804647
0.60804647
0.60804647
0.60804647
0.60804647
0.60804647
0.60804647
0.60804647
0.60804647
0.60804647
0.60804647
0.60804647
0.60804647
0.60804647
0.60804647
0.60804647
0.60804647
0.60804647
0.60804647
0.60804647
0.60804647
0.60804647
0.60804647
0.60804647
0.60804647
0.60804647
0.60804647
0.60804647
0.60804647
0.60804647
0.60804647
0.60804647
0.60804647
0.60804647
0.60804647
0.60804647
0.60804647
0.60804647
0.60804647
0.60804647
0.60804647
0.60804647
0.60804647
0.60804647
0.60804647
0.60804647
0.60804647
0.60804647
0.60804647
0.60804647
0.60804647
0.60804647
0.60804647
0.60804647
0.60804647
0.60804647
0.60804647
0.60804647
0.60804647
0.60804647
0.60804647
0.60804647
0.60804647
0.60804647
0.60804647
0.60804647
0.60804647
0.60804647
0.60804647
0.60804647
0.60804647
0.60804647
0.60804647
0.60804647
0.60804647
0.60804647
0.60804647
0.60804647
0.60804647
0.60804647
0.60804647
0.60804647
0.60804647
0.60804647
0.60804647
0.60804647
0.60804647
0.60804647
0.60804647
0.60804647
0.60804647
0.60804647
0.60804647
0.60804647
0.60804647
0.60804647
0.60804647
0.60804647
0.60804647
0.60804647
0.60804647
0.60804647
0.60804647
0.60804647
0.60804647
0.60804647
0.60804647
0.60804647
0.60804647
0.60804647
0.60804647
0.60804647
0.60804647
0.60804647
0.60804647
0.60804647
0.60804647
0.60804647
0.60804647
0.60804647
0.60804647
0.60804647
0.60804647
0.60804647
0.60804647
0.60804647
0.60804647
0.60804647
0.60804647
0.60804647
0.60804647
0.60804647
0.60804647
0.60804647
0.60804647
0.60804647
0.60804647
0.60804647
0.60804647
0.60804647
0.60804647
0.60804647
0.60804647
0.60804647
0.60804647
0.60804647
0.60804647
0.60804647
0.60804647
0.60804647
0.60804647
0.60804647
0.60804647
0.60804647
0.60804647
