0.30126831
0.30189985
0.30253404
0.30317092
0.30381048
0.30445275
0.30509773
0.30574545
0.30639595
0.30704919
0.30770522
0.30836409
0.30902576
0.30969030
0.31035715
0.31102744
0.31170061
0.31237668
0.31305572
0.31373772
0.31442270
0.31511065
0.31580165
0.31649566
0.31719273
0.31789288
0.31859615
0.31930193
0.32001147
0.32072413
0.32143998
0.32215902
0.32288131
0.32360682
0.32433560
0.32506770
0.32580310
0.32654181
0.32728392
0.32802936
0.32877824
0.32953054
0.33028629
0.33104551
0.33180824
0.33257449
0.33334428
0.33411762
0.33489460
0.33567518
0.33645940
0.33724731
0.33803889
0.33883423
0.33963266
0.34043550
0.34124216
0.34205264
0.34286699
0.34368524
0.34450737
0.34533346
0.34616354
0.34699759
0.34783569
0.34867784
0.34952408
0.35037443
0.35122892
0.35208762
0.35295048
0.35381764
0.35468903
0.35556474
0.35644478
0.35732919
0.35821798
0.35911122
0.36000893
0.36091113
0.36181787
0.36272916
0.36364508
0.36456561
0.36549082
0.36642075
0.36735544
0.36829486
0.36923912
0.37018827
0.37114227
0.37210122
0.37306511
0.37403405
0.37500721
0.37598625
0.37697041
0.37795976
0.37895429
0.37995410
0.38095918
0.38196957
0.38298535
0.38400656
0.38503322
0.38606539
0.38710311
0.38814643
0.38919538
0.39025000
0.39131036
0.39237651
0.39344847
0.39452630
0.39561006
0.39669982
0.39779556
0.39889738
0.40000534
0.40111944
0.40223977
0.40336639
0.40443316
0.40544650
0.40646490
0.40748751
0.40844309
0.40922150
0.41000196
0.41078636
0.41155091
0.41208920
0.41262606
0.41316432
0.41370302
0.41402346
0.41431642
0.41460881
0.41489971
0.41503030
0.41507965
0.41512901
0.41517645
0.41513869
0.41496739
0.41479722
0.41457307
0.41433665
0.41413519
0.41417855
0.41466871
0.41574761
0.86955100
0.87222677
0.87491912
0.87762815
0.88035399
0.88309681
0.88585234
0.88862962
0.89142430
0.89423668
0.89706683
0.89991492
0.90278119
0.90566117
0.90856421
0.91148591
0.91442645
0.91738605
0.92036492
0.92336309
0.92638093
0.92941374
0.93247128
0.93554902
0.93864715
0.94176590
0.94490540
0.94806594
0.95124257
0.95444572
0.95767051
0.96091712
0.96418583
0.96747690
0.97079051
0.97412151
0.97748083
0.98086345
0.98426950
0.98769933
0.99115312
0.99463117
0.99813372
1.00165534
1.00520766
1.00878513
1.01238835
1.01601720
1.01966643
1.02334785
1.02705002
1.03078496
1.03454733
1.03833711
1.04215479
1.04600072
1.04987514
1.05377829
1.05770433
1.06166601
1.06565750
1.06967914
1.07373130
1.07781422
1.08192825
1.08606732
1.09024477
1.09445453
1.09869683
1.10297227
1.10728097
1.11162353
1.11599338
1.12040472
1.12485099
1.12933278
1.13385034
1.13840425
1.14299488
1.14762270
1.15228069
1.15698421
1.16172624
1.16650724
1.17132783
1.17618835
1.18108940
1.18602359
1.19100726
1.19603276
1.20110106
1.20621240
1.21136737
1.21656668
1.22180247
1.22709191
1.23242724
1.23780930
1.24323857
1.24871564
1.25424123
1.25981593
1.26543140
1.27110624
0.30176422
0.30239785
0.30303416
0.30367315
0.30431482
0.30495921
0.30560637
0.30625623
0.30690891
0.30756435
0.30822259
0.30888367
0.30954757
0.31021383
0.31088346
0.31155601
0.31223148
0.31290990
0.31359124
0.31427556
0.31496289
0.31565323
0.31634662
0.31704304
0.31774253
0.31844512
0.31915081
0.31985965
0.32057163
0.32128680
0.32200518
0.32272676
0.32345158
0.32417968
0.32491106
0.32564574
0.32638374
0.32712513
0.32786986
0.32861799
0.32936957
0.33012459
0.33088306
0.33164501
0.33241051
0.33317953
0.33395216
0.33472833
0.33550814
0.33629158
0.33707869
0.33786950
0.33866403
0.33946165
0.34026369
0.34106955
0.34187922
0.34269273
0.34351012
0.34433144
0.34515670
0.34598589
0.34681910
0.34765634
0.34849760
0.34934297
0.35019246
0.35104606
0.35190386
0.35276583
0.35363206
0.35450256
0.35537732
0.35625643
0.35713992
0.35802776
0.35892007
0.35981679
0.36071804
0.36162379
0.36253414
0.36344907
0.36436862
0.36529282
0.36622173
0.36715537
0.36809382
0.36903703
0.36998513
0.37093809
0.37189597
0.37285882
0.37382665
0.37479955
0.37577671
0.37675977
0.37774801
0.37874144
0.37974009
0.38074404
0.38175333
0.38276795
0.38378799
0.38481349
0.38584447
0.38688099
0.38792309
0.38897085
0.39002424
0.39108339
0.39214829
0.39321902
0.39429560
0.39537808
0.39646655
0.39756101
0.39866152
0.39976817
0.40088007
0.40199906
0.40312433
0.40425590
0.40539387
0.40641758
0.40744087
0.40846932
0.40950206
0.41035357
0.41113931
0.41192710
0.41271791
0.41337252
0.41391563
0.41445726
0.41499934
0.41545165
0.41574663
0.41604203
0.41633591
0.41658926
0.41663995
0.41668969
0.41673946
0.41678628
0.41663507
0.41646254
0.41626680
0.41602939
0.41579130
0.41564956
0.41596135
0.41676873
0.41841355
0.87434328
0.87704438
0.87976658
0.88250571
0.88526201
0.88803554
0.89082652
0.89363509
0.89646143
0.89930117
0.90216351
0.90504414
0.90794319
0.91086090
0.91379744
0.91675293
0.91972291
0.92271698
0.92573053
0.92876387
0.93181717
0.93489063
0.93798441
0.94109374
0.94422877
0.94738472
0.95056188
0.95376045
0.95698059
0.96022254
0.96348655
0.96676755
0.97007626
0.97340769
0.97676212
0.98013973
0.98354077
0.98696548
0.99040866
0.99388146
0.99737871
1.00090063
1.00444758
1.00801969
1.01161730
1.01524067
1.01887858
1.02255428
1.02625656
1.02998579
1.03374219
1.03752613
1.04133785
1.04517162
1.04903984
1.05293679
1.05686283
1.06081820
1.06480336
1.06881845
1.07285762
1.07693386
1.08104122
1.08518004
1.08935070
1.09355354
1.09778881
1.10205722
1.10635197
1.11068714
1.11505663
1.11946046
1.12389934
1.12837350
1.13288343
1.13742220
1.14200497
1.14662480
1.15128207
1.15597737
1.16071105
1.16548383
1.17029583
1.17514014
1.18003237
1.18496561
1.18994033
1.19495690
1.20001602
1.20511806
1.21025550
1.21544528
1.22067964
1.22595942
1.23128498
1.23665702
1.24207616
1.24753416
1.25304925
1.25861335
1.26422703
1.26989102
1.27560604
0.30226231
0.30289802
0.30353642
0.30417752
0.30482134
0.30546790
0.30611721
0.30676925
0.30742410
0.30808178
0.30874223
0.30940554
0.31007117
0.31074020
0.31141213
0.31208697
0.31276473
0.31344548
0.31412914
0.31481585
0.31550553
0.31619826
0.31689402
0.31759229
0.31829420
0.31899923
0.31970739
0.32041872
0.32113320
0.32185090
0.32257178
0.32329592
0.32402331
0.32475397
0.32548794
0.32622525
0.32696590
0.32770991
0.32845733
0.32920814
0.32996240
0.33072016
0.33148137
0.33224609
0.33301437
0.33378619
0.33456162
0.33534065
0.33612332
0.33690962
0.33769965
0.33849338
0.33929083
0.34009144
0.34089646
0.34170529
0.34251797
0.34333456
0.34415501
0.34497944
0.34580779
0.34664014
0.34747648
0.34831691
0.34916139
0.35000998
0.35086268
0.35171959
0.35258067
0.35344598
0.35431555
0.35518941
0.35606760
0.35695013
0.35783705
0.35872838
0.35962418
0.36052445
0.36142921
0.36233857
0.36325249
0.36417106
0.36509427
0.36602217
0.36695480
0.36789221
0.36883441
0.36978143
0.37073335
0.37169018
0.37265196
0.37361872
0.37459052
0.37556660
0.37654859
0.37753570
0.37852800
0.37952554
0.38052836
0.38153648
0.38254994
0.38356882
0.38459316
0.38562295
0.38665828
0.38769922
0.38874573
0.38979793
0.39085582
0.39191949
0.39298895
0.39406428
0.39514551
0.39623266
0.39732584
0.39842507
0.39953038
0.40064186
0.40175954
0.40288344
0.40401366
0.40515026
0.40629327
0.40739423
0.40842152
0.40945494
0.41049361
0.41149002
0.41228202
0.41307420
0.41386944
0.41466385
0.41521037
0.41575828
0.41630477
0.41685167
0.41718680
0.41748422
0.41778213
0.41807845
0.41821104
0.41826117
0.41831130
0.41836146
0.41831523
0.41814131
0.41796851
0.41773602
0.41749600
0.41729829
0.41736677
0.41789392
0.41908047
0.87646568
0.87918431
0.88191986
0.88467246
0.88744229
0.89022505
0.89302981
0.89585233
0.89869273
0.90155119
0.90442795
0.90732306
0.91023213
0.91316456
0.91611600
0.91908658
0.92207646
0.92508584
0.92811495
0.93116397
0.93422818
0.93731761
0.94042748
0.94355804
0.94670957
0.94988221
0.95307612
0.95628649
0.95952374
0.96278298
0.96606445
0.96936834
0.97269493
0.97604442
0.97941703
0.98280764
0.98622727
0.98967075
0.99313837
0.99663037
1.00014710
1.00368857
1.00724959
1.01084173
1.01445961
1.01809764
1.02176774
1.02546430
1.02918780
1.03293836
1.03671038
1.04051614
1.04434991
1.04821205
1.05210280
1.05602264
1.05997169
1.06394410
1.06795287
1.07199180
1.07606149
1.08016217
1.08429432
1.08845806
1.09264731
1.09687567
1.10113680
1.10543120
1.10975933
1.11412132
1.11851788
1.12294209
1.12740862
1.13191092
1.13644922
1.14102399
1.14563584
1.15028512
1.15497231
1.15969026
1.16445446
1.16925812
1.17410147
1.17898512
1.18390954
1.18887532
1.19387496
1.19892478
1.20401764
1.20915389
1.21433413
1.21955895
1.22482896
1.23014474
1.23549819
1.24090719
1.24636376
1.25186849
1.25742197
1.26302505
1.26867831
1.27437317
1.28012872
0.30276150
0.30339932
0.30403987
0.30468309
0.30532905
0.30597776
0.30662924
0.30728346
0.30794051
0.30860040
0.30926308
0.30992809
0.31059653
0.31126782
0.31194204
0.31261918
0.31329927
0.31398231
0.31466836
0.31535742
0.31604949
0.31674460
0.31744277
0.31814402
0.31884840
0.31955588
0.32026652
0.32098034
0.32169732
0.32241753
0.32314098
0.32386765
0.32459763
0.32533088
0.32606748
0.32680741
0.32755071
0.32829738
0.32904747
0.32980102
0.33055800
0.33131847
0.33208245
0.33284998
0.33362103
0.33439568
0.33517393
0.33595583
0.33674136
0.33753058
0.33832353
0.33912018
0.33991998
0.34072417
0.34153220
0.34234408
0.34315982
0.34397945
0.34480301
0.34563053
0.34646201
0.34729752
0.34813705
0.34898067
0.34982836
0.35068020
0.35153621
0.35239640
0.35326082
0.35412946
0.35500240
0.35587966
0.35676125
0.35764724
0.35853761
0.35943246
0.36033177
0.36123559
0.36214396
0.36305690
0.36397448
0.36489668
0.36582360
0.36675522
0.36769158
0.36863276
0.36957875
0.37052962
0.37148541
0.37244612
0.37341180
0.37438253
0.37535754
0.37633839
0.37732443
0.37831563
0.37931204
0.38031372
0.38132069
0.38233304
0.38335076
0.38437390
0.38540253
0.38643670
0.38747641
0.38852173
0.38957271
0.39062938
0.39169180
0.39276004
0.39383411
0.39491406
0.39599997
0.39709184
0.39818978
0.39929378
0.40040395
0.40152028
0.40264285
0.40377173
0.40490603
0.40604764
0.40719575
0.40835032
0.40940785
0.41044536
0.41148907
0.41253808
0.41342917
0.41422769
0.41502836
0.41583115
0.41651320
0.41706461
0.41761744
0.41816783
0.41863596
0.41893646
0.41923544
0.41953582
0.41979307
0.41984454
0.41989505
0.41994557
0.41999513
0.41983366
0.41965845
0.41945574
0.41921371
0.41897392
0.41885662
0.41919693
0.42005360
0.42209652
0.88133037
0.88407928
0.88684541
0.88962889
0.89242989
0.89524859
0.89808518
0.90093976
0.90380800
0.90669912
0.90960884
0.91253728
0.91548467
0.91845113
0.92143685
0.92443728
0.92746216
0.93050689
0.93357164
0.93665665
0.93976218
0.94288832
0.94603533
0.94919837
0.95238775
0.95559859
0.95883119
0.96208572
0.96536237
0.96866149
0.97197789
0.97532243
0.97869009
0.98208106
0.98549563
0.98893398
0.99239641
0.99587768
0.99938899
1.00292516
1.00648642
1.01007318
1.01368546
1.01731789
1.02098238
1.02466738
1.02838504
1.03212976
1.03590190
1.03970170
1.04352951
1.04738557
1.05126393
1.05517757
1.05912030
1.06309271
1.06709492
1.07112741
1.07519054
1.07928455
1.08340335
1.08756030
1.09174931
1.09597063
1.10022485
1.10451210
1.10883296
1.11318076
1.11756980
1.12199366
1.12645268
1.13094723
1.13547778
1.14004481
1.14464128
1.14928246
1.15396142
1.15867865
1.16343462
1.16822982
1.17306459
1.17793965
1.18284750
1.18780434
1.19280291
1.19784367
1.20292735
1.20805430
1.21322513
1.21843207
1.22369230
1.22899806
1.23435020
1.23974907
1.24519539
1.25068974
1.25622404
1.26181638
1.26745868
1.27315176
1.27889621
1.28469276
0.30326286
0.30390280
0.30454546
0.30519086
0.30583897
0.30648986
0.30714351
0.30779994
0.30845922
0.30912131
0.30978623
0.31045350
0.31112418
0.31179780
0.31247431
0.31315374
0.31383619
0.31452158
0.31520998
0.31590140
0.31659585
0.31729338
0.31799397
0.31869769
0.31940451
0.32011446
0.32082760
0.32154390
0.32226342
0.32298619
0.32371217
0.32444143
0.32517400
0.32590988
0.32664907
0.32739165
0.32813761
0.32888699
0.32963976
0.33039603
0.33115515
0.33191836
0.33268511
0.33345541
0.33422929
0.33500677
0.33578789
0.33657265
0.33736107
0.33815321
0.33894908
0.33974805
0.34055144
0.34135863
0.34216967
0.34298459
0.34380338
0.34462610
0.34545276
0.34628341
0.34711805
0.34795672
0.34879944
0.34964627
0.35049722
0.35135233
0.35221162
0.35307512
0.35394287
0.35481489
0.35569119
0.35657185
0.35745689
0.35834634
0.35924023
0.36013857
0.36104143
0.36194882
0.36286080
0.36377737
0.36469856
0.36562446
0.36655506
0.36749041
0.36843055
0.36937553
0.37032536
0.37128007
0.37223971
0.37320435
0.37417400
0.37514788
0.37612766
0.37711257
0.37810266
0.37909797
0.38009852
0.38110435
0.38211554
0.38313210
0.38415408
0.38518155
0.38621449
0.38725302
0.38829714
0.38934690
0.39040235
0.39146355
0.39253053
0.39360332
0.39468202
0.39576665
0.39685723
0.39795387
0.39905655
0.40016541
0.40128040
0.40240166
0.40352917
0.40466303
0.40580326
0.40694997
0.40810317
0.40926290
0.41039708
0.41144150
0.41249028
0.41354346
0.41458178
0.41538572
0.41619283
0.41700011
0.41781056
0.41838014
0.41893548
0.41949230
0.42004764
0.42039683
0.42069989
0.42100239
0.42130429
0.42143995
0.42149085
0.42154175
0.42159367
0.42153975
0.42136315
0.42118567
0.42093566
0.42068198
0.42047828
0.42057166
0.42117870
0.42248124
0.88349128
0.88625371
0.88903350
0.89183074
0.89464116
0.89747387
0.90032458
0.90319347
0.90608066
0.90898639
0.91191083
0.91485417
0.91781181
0.92079335
0.92379439
0.92681503
0.92985553
0.93291599
0.93599671
0.93909287
0.94221455
0.94535708
0.94852060
0.95170540
0.95491165
0.95813960
0.96138424
0.96465611
0.96795040
0.97126722
0.97460687
0.97796953
0.98135555
0.98476505
0.98819280
0.99165010
0.99513161
0.99863768
1.00216854
1.00572443
1.00930572
1.01290679
1.01653945
1.02019238
1.02387762
1.02758956
1.03132844
1.03509474
1.03888857
1.04270422
1.04655421
1.05043268
1.05434000
1.05827653
1.06224251
1.06623840
1.07025802
1.07431448
1.07840192
1.08252048
1.08667064
1.09085274
1.09506714
1.09930754
1.10358763
1.10790122
1.11224866
1.11663043
1.12104678
1.12549818
1.12998521
1.13450074
1.13905990
1.14365590
1.14828908
1.15295994
1.15766895
1.16241658
1.16719568
1.17202187
1.17688823
1.18179524
1.18674314
1.19173276
1.19676459
1.20183897
1.20694840
1.21210980
1.21731544
1.22256601
1.22786212
1.23320425
1.23859310
1.24402058
1.24950457
1.25503719
1.26061893
1.26625061
1.27193272
1.27766621
1.28344226
1.28928018
0.30376539
0.30440745
0.30505225
0.30569977
0.30635005
0.30700311
0.30765897
0.30831763
0.30897909
0.30964345
0.31031010
0.31098014
0.31165311
0.31232899
0.31300783
0.31368962
0.31437439
0.31506214
0.31575289
0.31644672
0.31714356
0.31784350
0.31854653
0.31925270
0.31996199
0.32067445
0.32139006
0.32210889
0.32283095
0.32355624
0.32428479
0.32501665
0.32575181
0.32649031
0.32723215
0.32797739
0.32872602
0.32947809
0.33023360
0.33099258
0.33175504
0.33252105
0.33329058
0.33406371
0.33484042
0.33562073
0.33640471
0.33719236
0.33798370
0.33877876
0.33957693
0.34037951
0.34118590
0.34199613
0.34281021
0.34362817
0.34445006
0.34527585
0.34610564
0.34693941
0.34777725
0.34861910
0.34946504
0.35031512
0.35116935
0.35202771
0.35289031
0.35375714
0.35462826
0.35550365
0.35638338
0.35726750
0.35815600
0.35904893
0.35994631
0.36084822
0.36175463
0.36266562
0.36358118
0.36450142
0.36542630
0.36635590
0.36729023
0.36822936
0.36917329
0.37012205
0.37107572
0.37203434
0.37299788
0.37396646
0.37494007
0.37591797
0.37690178
0.37789077
0.37888494
0.37988436
0.38088906
0.38189909
0.38291451
0.38393533
0.38496161
0.38599339
0.38703072
0.38807365
0.38912219
0.39017645
0.39123639
0.39230213
0.39337370
0.39445114
0.39553449
0.39662379
0.39771912
0.39882052
0.39992803
0.40104172
0.40216073
0.40328690
0.40441939
0.40555826
0.40670356
0.40785536
0.40901369
0.41017863
0.41135022
0.41244155
0.41349545
0.41455474
0.41561851
0.41655025
0.41736189
0.41817570
0.41899070
0.41970199
0.42026186
0.42082322
0.42138410
0.42186946
0.42217362
0.42247921
0.42278427
0.42304754
0.42309982
0.42315111
0.42320243
0.42324871
0.42306563
0.42287669
0.42265478
0.42239901
0.42214358
0.42207050
0.42246518
0.42338866
0.88565844
0.88843447
0.89122790
0.89403903
0.89686793
0.89971477
0.90257978
0.90546304
0.90836018
0.91128057
0.91421986
0.91717809
0.92015553
0.92315239
0.92616886
0.92920023
0.93225640
0.93533272
0.93842942
0.94154674
0.94468474
0.94784379
0.95102406
0.95422059
0.95744383
0.96068895
0.96395612
0.96724558
0.97055757
0.97389233
0.97724473
0.98062569
0.98403007
0.98745823
0.99091035
0.99438667
0.99788749
1.00141299
1.00495791
1.00853372
1.01213503
1.01576209
1.01940954
1.02308905
1.02679527
1.03052247
1.03428280
1.03807068
1.04188645
1.04573035
1.04960275
1.05350387
1.05743408
1.06138754
1.06537688
1.06939638
1.07344639
1.07752717
1.08163905
1.08578241
1.08995104
1.09415853
1.09839857
1.10267162
1.10697806
1.11131823
1.11569262
1.12009442
1.12453830
1.12901759
1.13353264
1.13808405
1.14267206
1.14729726
1.15195262
1.15665340
1.16139269
1.16617095
1.17098880
1.17584646
1.18074477
1.18568397
1.19065666
1.19567931
1.20074451
1.20585287
1.21100473
1.21620095
1.22144186
1.22671974
1.23205197
1.23743069
1.24285662
1.24833035
1.25385249
1.25942373
1.26504469
1.27070701
1.27642930
1.28220344
1.28803003
1.29390979
0.30427009
0.30491430
0.30556124
0.30621094
0.30686340
0.30751866
0.30817670
0.30883759
0.30950129
0.31016734
0.31083679
0.31150913
0.31218439
0.31286260
0.31354374
0.31422785
0.31491497
0.31560510
0.31629825
0.31699446
0.31769374
0.31839612
0.31910160
0.31981021
0.32052198
0.32123694
0.32195508
0.32267645
0.32340047
0.32412833
0.32485947
0.32559392
0.32633170
0.32707283
0.32781732
0.32856524
0.32931656
0.33007133
0.33082956
0.33159128
0.33235651
0.33312529
0.33389765
0.33467358
0.33545312
0.33623633
0.33702317
0.33781374
0.33860800
0.33940536
0.34020713
0.34101269
0.34182209
0.34263533
0.34345248
0.34427351
0.34509847
0.34592742
0.34676033
0.34759727
0.34843826
0.34928334
0.35013252
0.35098585
0.35184333
0.35270503
0.35357094
0.35444114
0.35531560
0.35619441
0.35707757
0.35796514
0.35885710
0.35975355
0.36065447
0.36155990
0.36246991
0.36338452
0.36430374
0.36522761
0.36615619
0.36708951
0.36802760
0.36897048
0.36991823
0.37087086
0.37182838
0.37279087
0.37375838
0.37473089
0.37570772
0.37669042
0.37767828
0.37867135
0.37966964
0.38067320
0.38168210
0.38269636
0.38371602
0.38474113
0.38577172
0.38680786
0.38784957
0.38889691
0.38994992
0.39100865
0.39207315
0.39314348
0.39421964
0.39530170
0.39638972
0.39748377
0.39858386
0.39969006
0.40080243
0.40192100
0.40304583
0.40417695
0.40531448
0.40645841
0.40760881
0.40876573
0.40992925
0.41109943
0.41227630
0.41344550
0.41450551
0.41556999
0.41663995
0.41771448
0.41853753
0.41935593
0.42017755
0.42100039
0.42159668
0.42216161
0.42272806
0.42329401
0.42365870
0.42396545
0.42427266
0.42458132
0.42472011
0.42476672
0.42480829
0.42484987
0.42477080
0.42458031
0.42438799
0.42413011
0.42387259
0.42367685
0.42381305
0.42453068
0.42593867
0.89063042
0.89343774
0.89626282
0.89910126
0.90196234
0.90484166
0.90773946
0.91065586
0.91359109
0.91654527
0.91951859
0.92250651
0.92551875
0.92855072
0.93160260
0.93467462
0.93776697
0.94087982
0.94400841
0.94716293
0.95033860
0.95353562
0.95675427
0.95999467
0.96325713
0.96653658
0.96984369
0.97317356
0.97652632
0.97990227
0.98330170
0.98672473
0.99017173
0.99363732
0.99713284
1.00065303
1.00419819
1.00776863
1.01136446
1.01498604
1.01862192
1.02229583
1.02599633
1.02972364
1.03347814
1.03726017
1.04106987
1.04490781
1.04876781
1.05266273
1.05658674
1.06054008
1.06452310
1.06853616
1.07257962
1.07664728
1.08075249
1.08488905
1.08905745
1.09325802
1.09749103
1.10175705
1.10605633
1.11038232
1.11474931
1.11915076
1.12358713
1.12805879
1.13256621
1.13710988
1.14168262
1.14629984
1.15095448
1.15564716
1.16037822
1.16514814
1.16995740
1.17479885
1.17968833
1.18461871
1.18959045
1.19460404
1.19966018
1.20475924
1.20990181
1.21508014
1.22031140
1.22558796
1.23091030
1.23627913
1.24169493
1.24715841
1.25266135
1.25822186
1.26383209
1.26949263
1.27520394
1.28096700
1.28678226
1.29264128
1.29856336
0.30477595
0.30542231
0.30607140
0.30672327
0.30737793
0.30803537
0.30869564
0.30935875
0.31002417
0.31069303
0.31136474
0.31203938
0.31271693
0.31339747
0.31408092
0.31476742
0.31545690
0.31614938
0.31684494
0.31754357
0.31824526
0.31895009
0.31965804
0.32036912
0.32108340
0.32180086
0.32252151
0.32324541
0.32397258
0.32470304
0.32543677
0.32617384
0.32691425
0.32765803
0.32840520
0.32915580
0.32990983
0.33066732
0.33142829
0.33219278
0.33296078
0.33373237
0.33450755
0.33528632
0.33606872
0.33685482
0.33764455
0.33843803
0.33923525
0.34003556
0.34084031
0.34164888
0.34246132
0.34327760
0.34409779
0.34492195
0.34575000
0.34658208
0.34741816
0.34825829
0.34910250
0.34995079
0.35080323
0.35165983
0.35252061
0.35338563
0.35425490
0.35512847
0.35600635
0.35688856
0.35777518
0.35866621
0.35956168
0.36046165
0.36136612
0.36227515
0.36318877
0.36410698
0.36502987
0.36595747
0.36688977
0.36782682
0.36876869
0.36971539
0.37066695
0.37162346
0.37258488
0.37355131
0.37452275
0.37549847
0.37648007
0.37746686
0.37845880
0.37945595
0.38045841
0.38146615
0.38247925
0.38349777
0.38452169
0.38555112
0.38658607
0.38762659
0.38867274
0.38972452
0.39078203
0.39184529
0.39291435
0.39398926
0.39507008
0.39615685
0.39724958
0.39834839
0.39945328
0.40056431
0.40168154
0.40280503
0.40393484
0.40507096
0.40621352
0.40736255
0.40851808
0.40968019
0.41084892
0.41202435
0.41320556
0.41439453
0.41551954
0.41659021
0.41766545
0.41874626
0.41971883
0.42054284
0.42136914
0.42219865
0.42293999
0.42350852
0.42407858
0.42465019
0.42515329
0.42546320
0.42577258
0.42607936
0.42633653
0.42637840
0.42642027
0.42646214
0.42649075
0.42629772
0.42610690
0.42587548
0.42561582
0.42536664
0.42533511
0.42578378
0.42680880
0.89283276
0.89565402
0.89849317
0.90135032
0.90422577
0.90711957
0.91003203
0.91295850
0.91590858
0.91887784
0.92186636
0.92487437
0.92790210
0.93094975
0.93401253
0.93710047
0.94020891
0.94333804
0.94648808
0.94965923
0.95285165
0.95606565
0.95929623
0.96255392
0.96583384
0.96913612
0.97246110
0.97580898
0.97917998
0.98256892
0.98598689
0.98942870
0.99289465
0.99638492
0.99989986
1.00343966
1.00700462
1.01058924
1.01420534
1.01784146
1.02150965
1.02520442
1.02892601
1.03267467
1.03644478
1.04024851
1.04408038
1.04794049
1.05182922
1.05574703
1.05969405
1.06367075
1.06767094
1.07170784
1.07577538
1.07987392
1.08400381
1.08816528
1.09235895
1.09657836
1.10083723
1.10512924
1.10945499
1.11381459
1.11820877
1.12263763
1.12709451
1.13159430
1.13612998
1.14070225
1.14531147
1.14995813
1.15464258
1.15936542
1.16411936
1.16892028
1.17376077
1.17864168
1.18356323
1.18852603
1.19353068
1.19856966
1.20365942
1.20879257
1.21396971
1.21919143
1.22445822
1.22977078
1.23512101
1.24052668
1.24597979
1.25148118
1.25703132
1.26263082
1.26828051
1.27398098
1.27972376
1.28552771
1.29138470
1.29729521
1.30326009
0.30528402
0.30593252
0.30658382
0.30723786
0.30789471
0.30855438
0.30921689
0.30988169
0.31054991
0.31122100
0.31189504
0.31257197
0.31325185
0.31393471
0.31462052
0.31530938
0.31600121
0.31669611
0.31739408
0.31809512
0.31879929
0.31950656
0.32021698
0.32093057
0.32164735
0.32236731
0.32309052
0.32381698
0.32454672
0.32527977
0.32601613
0.32675582
0.32749888
0.32824531
0.32899517
0.32974848
0.33050522
0.33126545
0.33202919
0.33279645
0.33356726
0.33434168
0.33511966
0.33590132
0.33668658
0.33747557
0.33826759
0.33906400
0.33986351
0.34066746
0.34147522
0.34228680
0.34310228
0.34392163
0.34474492
0.34557214
0.34640336
0.34723857
0.34807783
0.34892115
0.34976858
0.35062012
0.35147583
0.35233572
0.35319981
0.35406816
0.35494080
0.35581776
0.35669905
0.35758471
0.35847479
0.35936931
0.36026832
0.36117181
0.36207986
0.36299250
0.36390972
0.36483163
0.36575818
0.36668947
0.36762550
0.36856633
0.36951202
0.37046254
0.37141797
0.37237832
0.37334368
0.37431404
0.37528867
0.37626919
0.37725484
0.37824568
0.37924173
0.38024303
0.38124964
0.38226160
0.38327894
0.38430172
0.38532996
0.38636371
0.38740304
0.38844797
0.38949853
0.39055482
0.39161685
0.39268467
0.39375833
0.39483786
0.39592335
0.39701480
0.39811230
0.39921588
0.40032560
0.40144148
0.40256363
0.40369207
0.40482685
0.40596801
0.40711564
0.40826976
0.40943047
0.41059777
0.41177177
0.41295248
0.41414002
0.41533437
0.41653565
0.41761452
0.41869602
0.41978118
0.42087296
0.42173651
0.42256749
0.42340276
0.42423931
0.42486507
0.42543778
0.42601308
0.42658991
0.42697057
0.42727289
0.42757568
0.42787886
0.42800337
0.42804453
0.42808673
0.42812896
0.42803010
0.42783672
0.42763525
0.42737344
0.42711091
0.42692345
0.42713550
0.42793751
0.42954019
0.89788580
0.90073913
0.90360612
0.90649593
0.90940434
0.91233146
0.91527754
0.91824263
0.92122704
0.92423087
0.92724955
0.93029290
0.93335629
0.93643987
0.93954390
0.94266862
0.94581419
0.94897574
0.95216358
0.95537293
0.95860398
0.96185696
0.96513212
0.96842963
0.97174972
0.97508734
0.97845334
0.98184270
0.98525560
0.98869228
0.99215305
0.99563813
0.99914217
1.00267661
1.00623608
1.00982106
1.01343155
1.01706219
1.02072477
1.02440798
1.02812374
1.03186655
1.03563678
1.03943455
1.04326034
1.04711449
1.05099714
1.05490243
1.05884314
1.06281340
1.06681359
1.07084394
1.07490492
1.07899678
1.08311331
1.08726799
1.09145474
1.09567380
1.09992564
1.10421062
1.10852909
1.11288154
1.11726117
1.12168252
1.12613904
1.13063109
1.13515913
1.13972366
1.14432490
1.14895606
1.15363240
1.15834689
1.16310012
1.16789258
1.17272460
1.17759681
1.18250179
1.18745565
1.19245136
1.19748914
1.20256972
1.20769358
1.21286142
1.21807349
1.22332227
1.22862482
1.23397374
1.23936927
1.24481225
1.25030327
1.25584292
1.26142287
1.26706171
1.27275121
1.27849209
1.28428495
1.29013050
1.29602945
1.30198276
1.30798125
0.30579326
0.30644393
0.30709741
0.30775365
0.30841270
0.30907461
0.30973935
0.31040639
0.31107688
0.31175026
0.31242660
0.31310582
0.31378806
0.31447324
0.31516144
0.31585264
0.31654689
0.31724417
0.31794456
0.31864804
0.31935465
0.32006440
0.32077730
0.32149339
0.32221267
0.32293519
0.32366097
0.32438999
0.32512233
0.32585797
0.32659695
0.32733929
0.32808501
0.32883412
0.32958668
0.33034268
0.33110216
0.33186513
0.33263165
0.33340171
0.33417535
0.33495256
0.33573341
0.33651793
0.33730608
0.33809796
0.33889356
0.33969229
0.34049541
0.34130237
0.34211314
0.34292775
0.34374627
0.34456873
0.34539512
0.34622547
0.34705985
0.34789822
0.34874067
0.34958723
0.35043788
0.35129270
0.35215169
0.35301489
0.35388234
0.35475406
0.35563010
0.35651046
0.35739517
0.35828432
0.35917789
0.36007592
0.36097845
0.36188555
0.36279717
0.36371344
0.36463434
0.36555988
0.36649016
0.36742517
0.36836499
0.36930960
0.37025911
0.37121347
0.37217277
0.37313706
0.37410635
0.37507990
0.37605932
0.37704387
0.37803361
0.37902853
0.38002872
0.38103420
0.38204500
0.38306120
0.38408279
0.38510987
0.38614243
0.38718057
0.38822430
0.38927367
0.39032874
0.39138952
0.39245608
0.39352849
0.39460677
0.39569098
0.39678118
0.39787737
0.39897963
0.40008804
0.40120262
0.40232342
0.40345052
0.40458393
0.40572372
0.40686998
0.40802270
0.40918201
0.41034791
0.41152045
0.41269973
0.41388580
0.41507772
0.41627750
0.41748422
0.41864482
0.41972971
0.42082223
0.42191944
0.42293596
0.42377269
0.42461273
0.42545611
0.42622933
0.42680675
0.42738575
0.42796218
0.42847314
0.42877764
0.42908254
0.42938787
0.42963764
0.42968222
0.42972478
0.42976627
0.42977664
0.42958063
0.42938581
0.42914563
0.42888093
0.42864031
0.42864960
0.42915493
0.43033773
0.90012425
0.90299183
0.90587777
0.90878218
0.91170532
0.91464734
0.91760361
0.92058384
0.92358351
0.92660278
0.92964184
0.93270093
0.93578017
0.93887985
0.94199514
0.94513619
0.94829828
0.95148158
0.95468628
0.95791268
0.96116102
0.96442616
0.96771884
0.97103411
0.97437215
0.97773319
0.98111755
0.98452538
0.98795152
0.99140704
0.99488688
0.99839121
1.00192034
1.00547445
1.00905395
1.01265895
1.01628411
1.01993525
1.02361858
1.02732861
1.03106558
1.03482997
1.03862190
1.04243553
1.04628348
1.05016005
1.05406535
1.05799973
1.06196368
1.06595743
1.06998134
1.07402933
1.07811451
1.08223093
1.08637881
1.09055865
1.09477091
1.09901571
1.10328674
1.10759795
1.11194301
1.11632228
1.12073624
1.12518513
1.12966967
1.13418996
1.13873935
1.14333260
1.14796317
1.15263140
1.15733778
1.16208267
1.16686666
1.17168248
1.17654598
1.18145001
1.18639517
1.19138181
1.19641066
1.20148206
1.20658851
1.21174669
1.21694934
1.22219670
1.22748959
1.23282850
1.23821402
1.24364686
1.24911880
1.25464785
1.26022625
1.26585436
1.27153301
1.27726281
1.28304446
1.28886938
1.29475689
1.30069840
1.30669463
1.31274652
0.30630472
0.30695760
0.30761325
0.30827171
0.30893299
0.30959710
0.31026357
0.31093344
0.31160620
0.31228188
0.31296051
0.31364208
0.31432664
0.31501418
0.31570473
0.31639832
0.31709498
0.31779471
0.31849754
0.31920347
0.31991252
0.32062477
0.32134017
0.32205877
0.32278061
0.32350567
0.32423401
0.32496563
0.32570055
0.32643881
0.32718045
0.32792544
0.32867384
0.32942563
0.33018091
0.33093965
0.33170187
0.33246765
0.33323693
0.33400980
0.33478561
0.33556569
0.33634940
0.33713681
0.33792788
0.33872268
0.33952057
0.34032291
0.34112903
0.34193897
0.34275278
0.34357047
0.34439206
0.34521762
0.34604710
0.34688061
0.34771812
0.34855971
0.34940538
0.35025516
0.35110909
0.35196716
0.35282946
0.35369599
0.35456681
0.35544190
0.35632133
0.35720512
0.35809332
0.35898593
0.35988301
0.36078456
0.36169067
0.36260134
0.36351660
0.36443648
0.36536103
0.36629030
0.36722431
0.36816308
0.36910668
0.37005511
0.37100846
0.37196669
0.37292990
0.37389812
0.37487137
0.37584892
0.37683237
0.37782097
0.37881479
0.37981382
0.38081816
0.38182783
0.38284287
0.38386330
0.38488919
0.38592058
0.38695753
0.38800004
0.38904822
0.39010203
0.39116159
0.39222693
0.39329809
0.39437509
0.39545801
0.39654693
0.39764184
0.39874279
0.39984989
0.40096313
0.40208259
0.40320832
0.40434039
0.40547881
0.40662366
0.40777501
0.40893289
0.41009736
0.41126850
0.41244632
0.41363093
0.41482234
0.41602066
0.41722590
0.41843817
0.41965649
0.42077050
0.42186844
0.42297113
0.42407960
0.42498478
0.42582962
0.42667785
0.42752945
0.42818353
0.42875904
0.42933610
0.42991367
0.43029299
0.43060005
0.43090755
0.43121549
0.43133044
0.43137434
0.43141720
0.43146008
0.43133986
0.43114343
0.43093154
0.43066567
0.43039912
0.43022123
0.43052819
0.43139943
0.43342781
0.90526044
0.90816092
0.91107535
0.91401327
0.91697019
0.91994631
0.92294180
0.92595690
0.92899173
0.93204165
0.93511653
0.93821180
0.94132763
0.94446421
0.94762176
0.95080054
0.95400071
0.95721728
0.96046084
0.96372646
0.96701437
0.97032481
0.97365797
0.97701406
0.98038805
0.98379081
0.98721725
0.99066770
0.99414235
0.99764144
1.00116527
1.00470829
1.00828230
1.01188183
1.01550710
1.01915264
1.02283037
1.02653468
1.03026593
1.03401840
1.03780437
1.04161823
1.04546010
1.04933047
1.05322957
1.05715775
1.06110907
1.06509638
1.06911385
1.07316160
1.07724023
1.08134997
1.08549106
1.08965743
1.09386265
1.09810042
1.10237110
1.10667515
1.11101305
1.11538494
1.11979151
1.12422585
1.12870264
1.13321519
1.13776398
1.14234948
1.14697194
1.15163219
1.15632272
1.16105938
1.16583490
1.17064989
1.17550480
1.18040025
1.18533647
1.19031429
1.19532609
1.20038819
1.20549357
1.21064234
1.21583545
1.22107327
1.22635639
1.23167682
1.23705232
1.24247491
1.24794531
1.25346398
1.25903177
1.26464927
1.27030790
1.27602673
1.28179717
1.28762007
1.29349613
1.29942596
1.30541050
1.31145048
1.31753683
0.30681738
0.30747244
0.30813029
0.30879098
0.30945450
0.31012031
0.31078956
0.31146172
0.31213677
0.31281477
0.31349570
0.31417960
0.31486651
0.31555644
0.31624937
0.31694537
0.31764442
0.31834659
0.31905183
0.31976023
0.32047179
0.32118651
0.32190442
0.32262558
0.32334995
0.32407758
0.32480848
0.32554272
0.32628027
0.32702115
0.32776541
0.32851309
0.32926416
0.33001870
0.33077669
0.33153817
0.33230317
0.33307168
0.33384380
0.33461946
0.33539876
0.33618170
0.33696830
0.33775860
0.33855259
0.33934972
0.34015122
0.34095651
0.34176564
0.34257862
0.34339550
0.34421626
0.34504095
0.34586960
0.34670225
0.34753892
0.34837961
0.34922442
0.35007331
0.35092634
0.35178354
0.35264492
0.35351056
0.35438046
0.35525462
0.35613313
0.35701600
0.35790324
0.35879490
0.35969102
0.36059162
0.36149675
0.36240643
0.36332071
0.36423960
0.36516318
0.36609143
0.36702442
0.36796218
0.36890474
0.36985213
0.37080440
0.37176159
0.37272376
0.37369090
0.37466305
0.37563953
0.37662187
0.37760937
0.37860209
0.37959999
0.38060319
0.38161173
0.38262561
0.38364488
0.38466960
0.38569984
0.38673559
0.38777691
0.38882387
0.38987648
0.39093480
0.39199889
0.39306879
0.39414456
0.39522621
0.39631385
0.39740747
0.39850712
0.39961290
0.40072483
0.40184295
0.40296736
0.40409806
0.40523511
0.40637860
0.40752855
0.40868503
0.40984809
0.41101778
0.41219419
0.41337734
0.41456729
0.41576412
0.41696787
0.41817865
0.41939545
0.42062035
0.42181545
0.42291889
0.42402807
0.42514211
0.42620382
0.42705354
0.42790663
0.42876214
0.42955989
0.43013805
0.43071780
0.43129909
0.43181595
0.43212834
0.43243805
0.43274817
0.43299028
0.43303558
0.43307984
0.43312302
0.43311459
0.43291447
0.43271661
0.43246534
0.43219656
0.43196371
0.43201718
0.43258518
0.43392441
0.90753585
0.91045094
0.91338480
0.91633767
0.91930968
0.92230099
0.92530710
0.92833763
0.93138814
0.93445873
0.93754965
0.94066107
0.94379318
0.94694126
0.95011538
0.95331097
0.95652801
0.95976692
0.96302783
0.96631092
0.96961123
0.97293949
0.97629064
0.97966498
0.98306274
0.98648417
0.98992944
0.99339890
0.99688715
1.00040567
1.00394905
1.00751758
1.01111162
1.01473141
1.01837134
1.02203751
1.02573609
1.02946162
1.03321421
1.03699422
1.04080200
1.04463792
1.04850221
1.05238891
1.05631089
1.06026220
1.06424308
1.06825399
1.07229531
1.07636738
1.08046377
1.08459818
1.08876431
1.09296262
1.09719336
1.10145712
1.10575402
1.11007762
1.11444223
1.11884129
1.12327516
1.12774432
1.13224924
1.13679028
1.14136791
1.14597511
1.15062714
1.15531707
1.16004539
1.16481268
1.16961920
1.17446554
1.17934442
1.18427193
1.18924069
1.19425142
1.19930446
1.20440054
1.20954001
1.21471536
1.21994352
1.22521675
1.23053586
1.23590136
1.24131393
1.24677396
1.25228238
1.25783074
1.26343739
1.26909435
1.27480209
1.28056157
1.28637314
1.29223776
1.29814672
1.30411947
1.31014740
1.31623125
1.32237196
0.30733228
0.30798954
0.30864963
0.30931252
0.30997774
0.31064638
0.31131789
0.31199235
0.31266969
0.31335002
0.31403327
0.31471956
0.31540883
0.31610110
0.31679645
0.31749484
0.31819636
0.31890094
0.31960866
0.32031953
0.32103360
0.32175082
0.32247126
0.32319495
0.32392189
0.32465211
0.32538560
0.32612243
0.32686263
0.32760617
0.32835311
0.32910344
0.32985723
0.33061448
0.33137521
0.33213946
0.33290723
0.33367857
0.33445349
0.33523202
0.33601418
0.33679998
0.33758947
0.33838269
0.33917964
0.33997971
0.34078419
0.34159252
0.34240466
0.34322068
0.34404060
0.34486446
0.34569228
0.34652406
0.34735987
0.34819970
0.34904361
0.34989163
0.35074377
0.35160008
0.35246059
0.35332531
0.35419357
0.35506684
0.35594440
0.35682634
0.35771263
0.35860336
0.35949850
0.36039814
0.36130232
0.36221102
0.36312431
0.36404222
0.36496478
0.36589202
0.36682397
0.36776072
0.36870223
0.36964861
0.37059984
0.37155595
0.37251705
0.37348312
0.37445420
0.37542957
0.37641081
0.37739721
0.37838879
0.37938559
0.38038766
0.38139504
0.38240778
0.38342589
0.38444945
0.38547850
0.38651305
0.38755319
0.38859892
0.38965032
0.39070740
0.39177027
0.39283893
0.39391342
0.39499381
0.39608014
0.39717248
0.39827085
0.39937532
0.40048590
0.40160272
0.40272576
0.40385509
0.40499079
0.40613288
0.40728146
0.40843654
0.40959817
0.41076645
0.41194138
0.41312310
0.41431159
0.41550693
0.41670921
0.41791844
0.41913375
0.42035714
0.42158768
0.42282546
0.42397454
0.42508930
0.42620993
0.42733648
0.42828450
0.42914045
0.42999673
0.43085644
0.43152598
0.43210948
0.43269452
0.43328118
0.43366542
0.43397838
0.43429071
0.43460351
0.43470967
0.43475533
0.43479887
0.43484241
0.43470117
0.43450168
0.43428013
0.43401012
0.43373832
0.43359676
0.43397519
0.43491784
0.90982735
0.91275722
0.91570127
0.91866916
0.92165631
0.92466301
0.92768931
0.93073553
0.93380183
0.93688345
0.93999046
0.94311816
0.94626671
0.94943631
0.95262730
0.95583975
0.95907396
0.96232498
0.96560329
0.96890402
0.97222739
0.97557366
0.97894305
0.98233575
0.98574662
0.98918676
0.99265099
0.99613959
0.99965280
1.00319088
1.00675404
1.01033688
1.01395106
1.01758552
1.02125180
1.02494466
1.02866435
1.03241122
1.03618538
1.03998113
1.04381096
1.04766905
1.05155587
1.05547154
1.05941653
1.06339121
1.06738925
1.07142401
1.07548940
1.07958567
1.08371341
1.08787274
1.09206414
1.09628797
1.10053778
1.10482740
1.10915077
1.11350811
1.11789978
1.12232614
1.12678778
1.13127780
1.13581109
1.14038074
1.14498734
1.14963138
1.15431321
1.15903330
1.16378450
1.16858256
1.17342031
1.17829835
1.18321705
1.18817699
1.19317865
1.19822276
1.20330143
1.20843148
1.21360564
1.21882415
1.22408772
1.22939706
1.23475266
1.24014640
1.24559617
1.25109410
1.25664079
1.26223695
1.26788306
1.27357996
1.27931905
1.28511941
1.29097259
1.29687929
1.30284035
1.30885649
1.31492841
1.32105696
1.32723296
0.30784839
0.30850786
0.30917016
0.30983478
0.31050277
0.31117368
0.31184748
0.31252423
0.31320390
0.31388652
0.31457216
0.31526077
0.31595242
0.31664711
0.31734484
0.31804568
0.31874961
0.31945667
0.32016686
0.32088023
0.32159677
0.32231653
0.32303950
0.32376575
0.32449526
0.32522807
0.32596418
0.32670364
0.32744646
0.32819268
0.32894230
0.32969534
0.33045185
0.33121184
0.33197531
0.33274233
0.33351290
0.33428705
0.33506480
0.33584616
0.33663121
0.33741990
0.33821231
0.33900845
0.33980772
0.34061140
0.34141889
0.34223020
0.34304541
0.34386450
0.34468749
0.34551445
0.34634539
0.34718034
0.34801930
0.34886235
0.34970948
0.35056072
0.35141614
0.35227573
0.35313955
0.35400763
0.35487995
0.35575661
0.35663760
0.35752296
0.35841271
0.35930693
0.36020562
0.36110881
0.36201653
0.36292884
0.36384577
0.36476731
0.36569357
0.36662453
0.36756024
0.36850074
0.36944604
0.37039623
0.37135133
0.37231135
0.37327635
0.37424636
0.37522066
0.37620080
0.37718609
0.37817657
0.37917227
0.38017321
0.38117942
0.38219100
0.38320798
0.38423038
0.38525823
0.38629159
0.38733053
0.38837507
0.38942525
0.39048114
0.39154276
0.39261016
0.39368343
0.39476255
0.39584762
0.39693865
0.39803573
0.39913890
0.40024817
0.40136364
0.40248534
0.40361336
0.40474766
0.40588841
0.40703559
0.40818927
0.40934950
0.41051635
0.41168988
0.41287011
0.41405717
0.41525105
0.41645184
0.41765958
0.41887435
0.42009524
0.42132425
0.42256045
0.42380396
0.42503652
0.42615688
0.42728212
0.42841437
0.42952049
0.43037724
0.43123847
0.43210211
0.43291974
0.43351015
0.43409902
0.43468949
0.43521237
0.43552971
0.43584538
0.43616042
0.43639567
0.43644166
0.43648875
0.43653265
0.43650374
0.43630046
0.43609950
0.43583789
0.43556380
0.43534011
0.43543810
0.43612301
0.43757141
0.91507047
0.91803426
0.92101729
0.92401981
0.92704189
0.93007898
0.93314099
0.93622315
0.93932575
0.94244903
0.94559312
0.94875824
0.95193952
0.95514739
0.95837688
0.96162832
0.96490192
0.96819782
0.97151637
0.97485238
0.97821677
0.98160446
0.98501569
0.98845071
0.99190980
0.99539316
0.99890107
1.00242817
1.00598598
1.00956905
1.01317775
1.01680660
1.02046728
1.02415454
1.02786255
1.03160346
1.03537166
1.03916752
1.04299140
1.04684353
1.05072415
1.05463362
1.05856609
1.06253421
1.06653225
1.07056057
1.07461929
1.07870901
1.08282995
1.08697593
1.09116042
1.09537721
1.09962666
1.10390937
1.10822546
1.11257541
1.11695278
1.12137163
1.12582564
1.13031518
1.13484073
1.13940263
1.14400136
1.14863729
1.15330350
1.15801537
1.16276586
1.16755545
1.17238474
1.17725408
1.18216407
1.18710721
1.19209993
1.19713485
1.20221233
1.20733321
1.21249783
1.21770692
1.22296083
1.22825181
1.23359740
1.23898971
1.24442935
1.24991691
1.25545311
1.26103866
1.26666510
1.27235091
1.27808821
1.28387737
1.28971922
1.29561448
1.30156386
1.30755854
1.31361842
1.31973469
1.32590818
1.33213973
0.30836678
0.30902845
0.30969301
0.31035987
0.31103015
0.31170332
0.31237942
0.31305847
0.31374049
0.31442547
0.31511346
0.31580445
0.31649846
0.31719556
0.31789574
0.31859899
0.31930539
0.32001489
0.32072759
0.32144347
0.32216254
0.32288483
0.32361037
0.32433915
0.32507128
0.32580668
0.32654542
0.32728752
0.32803300
0.32878190
0.32953420
0.33028996
0.33104920
0.33181193
0.33257821
0.33334801
0.33412141
0.33489838
0.33567896
0.33646321
0.33725113
0.33804277
0.33883810
0.33963653
0.34043941
0.34124610
0.34205660
0.34287095
0.34368920
0.34451139
0.34533748
0.34616756
0.34700164
0.34783977
0.34868193
0.34952819
0.35037857
0.35123238
0.35209110
0.35295400
0.35382116
0.35469255
0.35556829
0.35644835
0.35733277
0.35822159
0.35911486
0.36001256
0.36091480
0.36182153
0.36273286
0.36364877
0.36456934
0.36549458
0.36642453
0.36735922
0.36829868
0.36924297
0.37019211
0.37114614
0.37210509
0.37306902
0.37403795
0.37501115
0.37599021
0.37697440
0.37796378
0.37895834
0.37995815
0.38096324
0.38197368
0.38298950
0.38401070
0.38503739
0.38606960
0.38710731
0.38815066
0.38919961
0.39025429
0.39131466
0.39238083
0.39345282
0.39453068
0.39561448
0.39670423
0.39780000
0.39890185
0.40000981
0.40112397
0.40224433
0.40337098
0.40450394
0.40564328
0.40678906
0.40794137
0.40910017
0.41026562
0.41143769
0.41261649
0.41380209
0.41499448
0.41619378
0.41740003
0.41861331
0.41983268
0.42106014
0.42229480
0.42353675
0.42478600
0.42604265
0.42722881
0.42836076
0.42949769
0.43063962
0.43162119
0.43248743
0.43335608
0.43422928
0.43491676
0.43551159
0.43610591
0.43670186
0.43709004
0.43741012
0.43772849
0.43804628
0.43814224
0.43818861
0.43823501
0.43827924
0.43811637
0.43791157
0.43768114
0.43740582
0.43712977
0.43704283
0.43747786
0.43849409
0.91740024
0.92037439
0.92337269
0.92639059
0.92942828
0.93248594
0.93556380
0.93866199
0.94177586
0.94491547
0.94807601
0.95125782
0.95446110
0.95768595
0.96093267
0.96420151
0.96748739
0.97080106
0.97413749
0.97749692
0.98087966
0.98428583
0.98771578
0.99116415
0.99464226
0.99814492
1.00167227
1.00522470
1.00880229
1.01240551
1.01603460
1.01967812
1.02335966
1.02706778
1.03080297
1.03456533
1.03835535
1.04217315
1.04601300
1.04988742
1.05379081
1.05772316
1.06168497
1.06567669
1.06969845
1.07375073
1.07782722
1.08194149
1.08608723
1.09026480
1.09447467
1.09871721
1.10299277
1.10729480
1.11163747
1.11601436
1.12042582
1.12487233
1.12935424
1.13387203
1.13841879
1.14300966
1.14763749
1.15230310
1.15700674
1.16174889
1.16653013
1.17135096
1.17620397
1.18110514
1.18604732
1.19103110
1.19605696
1.20112538
1.20623684
1.21138394
1.21658337
1.22182763
1.22711718
1.23245287
1.23783517
1.24326468
1.24873316
1.25425887
1.25983381
1.26545835
1.27113342
1.27685964
1.28263772
1.28846824
1.29434264
1.30028033
1.30627275
1.31232059
1.31842482
1.32458603
1.33080518
1.33707285
0.30888635
0.30955029
0.31021652
0.31088617
0.31155875
0.31223422
0.31291264
0.31359401
0.31427836
0.31496570
0.31565604
0.31634942
0.31704584
0.31774536
0.31844795
0.31915367
0.31986251
0.32057452
0.32128972
0.32200807
0.32272968
0.32345453
0.32418263
0.32491401
0.32564873
0.32638675
0.32712811
0.32787287
0.32862103
0.32937261
0.33012763
0.33088613
0.33164811
0.33241361
0.33318266
0.33395529
0.33473149
0.33551130
0.33629477
0.33708188
0.33787271
0.33866724
0.33946490
0.34026694
0.34107280
0.34188250
0.34269604
0.34351346
0.34433478
0.34516004
0.34598926
0.34682247
0.34765974
0.34850103
0.34934640
0.35019588
0.35104951
0.35190731
0.35276935
0.35363558
0.35450608
0.35538086
0.35626000
0.35714349
0.35803136
0.35892367
0.35982046
0.36072171
0.36162749
0.36253783
0.36345276
0.36437234
0.36529657
0.36622551
0.36715916
0.36809760
0.36904088
0.36998898
0.37094194
0.37189984
0.37286273
0.37383059
0.37480348
0.37578067
0.37676376
0.37775201
0.37874547
0.37974414
0.38074812
0.38175741
0.38277206
0.38379213
0.38481763
0.38584864
0.38688520
0.38792732
0.38897508
0.39002854
0.39108768
0.39215261
0.39322338
0.39429995
0.39538249
0.39647096
0.39756545
0.39866599
0.39977264
0.40088546
0.40200451
0.40312979
0.40426141
0.40539938
0.40654379
0.40769470
0.40885210
0.41001612
0.41118678
0.41236416
0.41354829
0.41473922
0.41593704
0.41714182
0.41835359
0.41957140
0.42079735
0.42203048
0.42327085
0.42451856
0.42577362
0.42703611
0.42830613
0.42944381
0.43058547
0.43173218
0.43287024
0.43374360
0.43461731
0.43549562
0.43633255
0.43693233
0.43753269
0.43813252
0.43866161
0.43898398
0.43930790
0.43962798
0.43985504
0.43990177
0.43994960
0.43999529
0.43994635
0.43974093
0.43953571
0.43926239
0.43898398
0.43876863
0.43891361
0.43971813
0.44130865
0.92273128
0.92574501
0.92877841
0.93183184
0.93490040
0.93799424
0.94110864
0.94424379
0.94739985
0.95057714
0.95377576
0.95699084
0.96023291
0.96349698
0.96678329
0.97009212
0.97342366
0.97677821
0.98015589
0.98355162
0.98697644
0.99042517
0.99389809
0.99739546
1.00091755
1.00446451
1.00803113
1.01162887
1.01525235
1.01889598
1.02257180
1.02627432
1.03000367
1.03375423
1.03753829
1.04135001
1.04518998
1.04905832
1.05295551
1.05688167
1.06083715
1.06481612
1.06883132
1.07287705
1.07695341
1.08106101
1.08519995
1.08937073
1.09356689
1.09780240
1.10207081
1.10637259
1.11070800
1.11507750
1.11948156
1.12392056
1.12838781
1.13289785
1.13744402
1.14202690
1.14664686
1.15130436
1.15599990
1.16072619
1.16549909
1.17031121
1.17516339
1.18005586
1.18498933
1.18996418
1.19497299
1.20003211
1.20513439
1.21028018
1.21547019
1.22070479
1.22598469
1.23131049
1.23667419
1.24209344
1.24756050
1.25307572
1.25864005
1.26425397
1.26991820
1.27562439
1.28139114
1.28721035
1.29308259
1.29900873
1.30498946
1.31102550
1.31710780
1.32325673
1.32946336
1.33572841
1.34205282
0.30940822
0.31007385
0.31074291
0.31141484
0.31208971
0.31276748
0.31344822
0.31413192
0.31481862
0.31550834
0.31620106
0.31689683
0.31759569
0.31829762
0.31900266
0.31971085
0.32042217
0.32113668
0.32185438
0.32257530
0.32329944
0.32402685
0.32475752
0.32549152
0.32622883
0.32696950
0.32771352
0.32846096
0.32921180
0.32996607
0.33072382
0.33148506
0.33224982
0.33301809
0.33378994
0.33456540
0.33534443
0.33612710
0.33691347
0.33770350
0.33849722
0.33929473
0.34009531
0.34090036
0.34170923
0.34252194
0.34333852
0.34415901
0.34498343
0.34581181
0.34664416
0.34748057
0.34832099
0.34916550
0.35001409
0.35086685
0.35172376
0.35258487
0.35345018
0.35431978
0.35519367
0.35607186
0.35695443
0.35784134
0.35873270
0.35962853
0.36052808
0.36143291
0.36234227
0.36325622
0.36417478
0.36509803
0.36602592
0.36695859
0.36789602
0.36883822
0.36978528
0.37073722
0.37169406
0.37265587
0.37362266
0.37459448
0.37557057
0.37655255
0.37753969
0.37853202
0.37952960
0.38053241
0.38154057
0.38255405
0.38357297
0.38459730
0.38562712
0.38666248
0.38770342
0.38874999
0.38980219
0.39086011
0.39192382
0.39299330
0.39406866
0.39514989
0.39623708
0.39733028
0.39842951
0.39953488
0.40064636
0.40176407
0.40288800
0.40401825
0.40515488
0.40629789
0.40744740
0.40860340
0.40976602
0.41093522
0.41211116
0.41329384
0.41448331
0.41567966
0.41688293
0.41809317
0.41930950
0.42053390
0.42176548
0.42300430
0.42425042
0.42550391
0.42676482
0.42803320
0.42930916
0.43053028
0.43167773
0.43283132
0.43399107
0.43500498
0.43588594
0.43676937
0.43765533
0.43836129
0.43896666
0.43957260
0.44017807
0.44056919
0.44089440
0.44122115
0.44154403
0.44162947
0.44167659
0.44172370
0.44176975
0.44158456
0.44137761
0.44113478
0.44085509
0.44058228
0.44054413
0.44103092
0.44222742
0.92509550
0.92812467
0.93117374
0.93424290
0.93733239
0.94044238
0.94357306
0.94672465
0.94989234
0.95308638
0.95630193
0.95953929
0.96279860
0.96608019
0.96938419
0.97270554
0.97605515
0.97942781
0.98282391
0.98624367
0.98968726
0.99315500
0.99664712
1.00015831
1.00369990
1.00726676
1.01085901
1.01447701
1.01811504
1.02178526
1.02547610
1.02919972
1.03295040
1.03672850
1.04053438
1.04436827
1.04823053
1.05211520
1.05603516
1.05998433
1.06396317
1.06797206
1.07201123
1.07608104
1.08017528
1.08430755
1.08847141
1.09266746
1.09689593
1.10115731
1.10545182
1.10978007
1.11413527
1.11853194
1.12296343
1.12743008
1.13193250
1.13647091
1.14104593
1.14565063
1.15030003
1.15498722
1.15971291
1.16447735
1.16928113
1.17412472
1.17900848
1.18392527
1.18889117
1.19389892
1.19894910
1.20404208
1.20917857
1.21435905
1.21957576
1.22484589
1.23016179
1.23552394
1.24093318
1.24638987
1.25189483
1.25744867
1.26304293
1.26869631
1.27440059
1.28015625
1.28596425
1.29182518
1.29773974
1.30369914
1.30972326
1.31580317
1.32193995
1.32813406
1.33438659
1.34069824
1.34705973
0.30993080
0.31059921
0.31127053
0.31194478
0.31262192
0.31330201
0.31398508
0.31467113
0.31536019
0.31605229
0.31674740
0.31744561
0.31814685
0.31885123
0.31955874
0.32026941
0.32098323
0.32170025
0.32242045
0.32314390
0.32387060
0.32460058
0.32533386
0.32607046
0.32681042
0.32755372
0.32830042
0.32905051
0.32980406
0.33056107
0.33132157
0.33208555
0.33285308
0.33362415
0.33439884
0.33517709
0.33595899
0.33674455
0.33753380
0.33832675
0.33912343
0.33992320
0.34072745
0.34153548
0.34234735
0.34316313
0.34398276
0.34480634
0.34563386
0.34646538
0.34730089
0.34814045
0.34898409
0.34983182
0.35068366
0.35153967
0.35239989
0.35326430
0.35413298
0.35500595
0.35588321
0.35676482
0.35765082
0.35854122
0.35943609
0.36033541
0.36123925
0.36214763
0.36306062
0.36397821
0.36490044
0.36582735
0.36675897
0.36769539
0.36863658
0.36958259
0.37053347
0.37148929
0.37245002
0.37341574
0.37438646
0.37536147
0.37634239
0.37732843
0.37831962
0.37931606
0.38031778
0.38132480
0.38233712
0.38335487
0.38437805
0.38540670
0.38644087
0.38748062
0.38852596
0.38957697
0.39063367
0.39169613
0.39276439
0.39383847
0.39491844
0.39600438
0.39709628
0.39819422
0.39929825
0.40040845
0.40152481
0.40264741
0.40377632
0.40491155
0.40605322
0.40720132
0.40835595
0.40951714
0.41068494
0.41185942
0.41304064
0.41422868
0.41542354
0.41662532
0.41783410
0.41904989
0.42027178
0.42150182
0.42273909
0.42398363
0.42523554
0.42649487
0.42776164
0.42903599
0.43031794
0.43160760
0.43277657
0.43393606
0.43510067
0.43627265
0.43716088
0.43805060
0.43894175
0.43979961
0.44040895
0.44102108
0.44163057
0.44216591
0.44249347
0.44282261
0.44315112
0.44336969
0.44341716
0.44346577
0.44351330
0.44344479
0.44323498
0.44302428
0.44273117
0.44243738
0.44222084
0.44246596
0.44336304
0.44558051
0.93052149
0.93358636
0.93667144
0.93977207
0.94289833
0.94604540
0.94921356
0.95240301
0.95561397
0.95884669
0.96209610
0.96537286
0.96867204
0.97199380
0.97533846
0.97870624
0.98209733
0.98551196
0.98894495
0.99240750
0.99589437
0.99940580
1.00294209
1.00650358
1.01009035
1.01369703
1.01732957
1.02099407
1.02468514
1.02840292
1.03214777
1.03592002
1.03971994
1.04354167
1.04739785
1.05128264
1.05519629
1.05913925
1.06311166
1.06711411
1.07114029
1.07520354
1.07929766
1.08342314
1.08758020
1.09176934
1.09599090
1.10024524
1.10452580
1.10884678
1.11320162
1.11759090
1.12201488
1.12647402
1.13096881
1.13549221
1.14005935
1.14466345
1.14930475
1.15398395
1.15870130
1.16345739
1.16824508
1.17308009
1.17795527
1.18287110
1.18782818
1.19282687
1.19786787
1.20294356
1.20807064
1.21324158
1.21845710
1.22371745
1.22902358
1.23437583
1.23977494
1.24521279
1.25070739
1.25625062
1.26184320
1.26748586
1.27317905
1.27892375
1.28471124
1.29056072
1.29646373
1.30242097
1.30843318
1.31450117
1.32062566
1.32680750
1.33303761
1.33933640
1.34569514
1.35211456
0.31045622
0.31112692
0.31180051
0.31247705
0.31315652
0.31383893
0.31452435
0.31521276
0.31590420
0.31659868
0.31729621
0.31799683
0.31870052
0.31940737
0.32011735
0.32083049
0.32154682
0.32226634
0.32298911
0.32371512
0.32444438
0.32517695
0.32591286
0.32665208
0.32739466
0.32814065
0.32889003
0.32964283
0.33039910
0.33115885
0.33192208
0.33268884
0.33345917
0.33423308
0.33501056
0.33579168
0.33657646
0.33736491
0.33815706
0.33895293
0.33975193
0.34055534
0.34136257
0.34217364
0.34298855
0.34380737
0.34463009
0.34545678
0.34628743
0.34712210
0.34796080
0.34880355
0.34965041
0.35050136
0.35135651
0.35221580
0.35307932
0.35394707
0.35481912
0.35569546
0.35657614
0.35746121
0.35835066
0.35924459
0.36014295
0.36104581
0.36195251
0.36286449
0.36378106
0.36470231
0.36562821
0.36655885
0.36749423
0.36843437
0.36937934
0.37032920
0.37128395
0.37224361
0.37320825
0.37417793
0.37515184
0.37613165
0.37711656
0.37810668
0.37910199
0.38010257
0.38110843
0.38211963
0.38313621
0.38415822
0.38518569
0.38621870
0.38725722
0.38830137
0.38935116
0.39040664
0.39146784
0.39253485
0.39360768
0.39468640
0.39577106
0.39686167
0.39795831
0.39906105
0.40016988
0.40128493
0.40240619
0.40353373
0.40466762
0.40580791
0.40695462
0.40810785
0.40926760
0.41043401
0.41160706
0.41278681
0.41397339
0.41516677
0.41636708
0.41757435
0.41878861
0.42000899
0.42123750
0.42247322
0.42371619
0.42496651
0.42622423
0.42748940
0.42876214
0.43004245
0.43133044
0.43262616
0.43388000
0.43504539
0.43621707
0.43739507
0.43844226
0.43933719
0.44023576
0.44113696
0.44186077
0.44247586
0.44309378
0.44370899
0.44410416
0.44443572
0.44476664
0.44509694
0.44517264
0.44522053
0.44526842
0.44530740
0.44508472
0.44486111
0.44459444
0.44429705
0.44402662
0.44404104
0.44461000
0.44604164
0.93292576
0.93600655
0.93910772
0.94222951
0.94537210
0.94853580
0.95172065
0.95492190
0.95814991
0.96139979
0.96467179
0.96796620
0.97128314
0.97462285
0.97798032
0.98136634
0.98477590
0.98820925
0.99166667
0.99514830
0.99865448
1.00218546
1.00573587
1.00931716
1.01292408
1.01655686
1.02020991
1.02389526
1.02760732
1.03134048
1.03510678
1.03890073
1.04272258
1.04657269
1.05045128
1.05435872
1.05828917
1.06225526
1.06625116
1.07027733
1.07433403
1.07842147
1.08254027
1.08669055
1.09086609
1.09508061
1.09932792
1.10360813
1.10792196
1.11226952
1.11665142
1.12106085
1.12551248
1.12999952
1.13452244
1.13908184
1.14367795
1.14831126
1.15298235
1.15768397
1.16243172
1.16721857
1.17204511
1.17691159
1.18181872
1.18676698
1.19174874
1.19678068
1.20185518
1.20697296
1.21213460
1.21734047
1.22259128
1.22787905
1.23322141
1.23861039
1.24404669
1.24953091
1.25506365
1.26064575
1.26627755
1.27195096
1.27768445
1.28347003
1.28930819
1.29519963
1.30114520
1.30714560
1.31319201
1.31930423
1.32547379
1.33170116
1.33798742
1.34433329
1.35073960
1.35719705
0.31098285
0.31165585
0.31233174
0.31301057
0.31369239
0.31437716
0.31506491
0.31575570
0.31644952
0.31714639
0.31784636
0.31854939
0.31925556
0.31996486
0.32067731
0.32139295
0.32211182
0.32283387
0.32355919
0.32428777
0.32501963
0.32575479
0.32649329
0.32723516
0.32798043
0.32872906
0.32948112
0.33023664
0.33099565
0.33175814
0.33252415
0.33329371
0.33406684
0.33484355
0.33562389
0.33640790
0.33719555
0.33798692
0.33878198
0.33958018
0.34038278
0.34118918
0.34199941
0.34281352
0.34363148
0.34445336
0.34527922
0.34610900
0.34694281
0.34778064
0.34862253
0.34946850
0.35031858
0.35117280
0.35203120
0.35289383
0.35376066
0.35463178
0.35550722
0.35638696
0.35727108
0.35815960
0.35905254
0.35994995
0.36085185
0.36175829
0.36266932
0.36358491
0.36450514
0.36543006
0.36635968
0.36729401
0.36823314
0.36917710
0.37012592
0.37107959
0.37203822
0.37300178
0.37397039
0.37494400
0.37592193
0.37690577
0.37789476
0.37888896
0.37988842
0.38089314
0.38190320
0.38291863
0.38393947
0.38496578
0.38599759
0.38703492
0.38807788
0.38912645
0.39018071
0.39124069
0.39230645
0.39337805
0.39445549
0.39553887
0.39662820
0.39772356
0.39882499
0.39993253
0.40104625
0.40216616
0.40329239
0.40442491
0.40556380
0.40670913
0.40786096
0.40901935
0.41018429
0.41135594
0.41253427
0.41371936
0.41491130
0.41611013
0.41731590
0.41852868
0.41974753
0.42097449
0.42220867
0.42345008
0.42469883
0.42595497
0.42721856
0.42848966
0.42976835
0.43105468
0.43234876
0.43365061
0.43496034
0.43616042
0.43733919
0.43852219
0.43971270
0.44063136
0.44153634
0.44244286
0.44332221
0.44394135
0.44456226
0.44518602
0.44572666
0.44606063
0.44639400
0.44672784
0.44693983
0.44697574
0.44701055
0.44704646
0.44693533
0.44670990
0.44647235
0.44617355
0.44587404
0.44568315
0.44606733
0.44706556
0.93534750
0.93844426
0.94156164
0.94469482
0.94785392
0.95103419
0.95423591
0.95745927
0.96070451
0.96397179
0.96726137
0.97056818
0.97390300
0.97726083
0.98064190
0.98404640
0.98747468
0.99092692
0.99439782
0.99789870
1.00142431
1.00497496
1.00855088
1.01215231
1.01577950
1.01942706
1.02310085
1.02680707
1.03054035
1.03430080
1.03808880
1.04190469
1.04574871
1.04961503
1.05351627
1.05744672
1.06140649
1.06539607
1.06941569
1.07346582
1.07754016
1.08165216
1.08579564
1.08997107
1.09417868
1.09841883
1.10269213
1.10699177
1.11133206
1.11570656
1.12011564
1.12455964
1.12903905
1.13355434
1.13810587
1.14268672
1.14731205
1.15197492
1.15667593
1.16141546
1.16619384
1.17101192
1.17586207
1.18076038
1.18569970
1.19068050
1.19570339
1.20076883
1.20587730
1.21102953
1.21621752
1.22145867
1.22674513
1.23207760
1.23745656
1.24288273
1.24835658
1.25387013
1.25944149
1.26506269
1.27073419
1.27645671
1.28223109
1.28805792
1.29392862
1.29986250
1.30585110
1.31189513
1.31799531
1.32415247
1.33036745
1.33664107
1.34296405
1.34935737
1.35581172
1.36232829
0.31151184
0.31218714
0.31286535
0.31354651
0.31423065
0.31491777
0.31560791
0.31630108
0.31699729
0.31769657
0.31839898
0.31910446
0.31981310
0.32052487
0.32123983
0.32195801
0.32267937
0.32340398
0.32413188
0.32486302
0.32559749
0.32633528
0.32707644
0.32782096
0.32856888
0.32932022
0.33007500
0.33083326
0.33159497
0.33236024
0.33312905
0.33390141
0.33467737
0.33545694
0.33624014
0.33702701
0.33781758
0.33861184
0.33940923
0.34021103
0.34101662
0.34182602
0.34263930
0.34345645
0.34427750
0.34510249
0.34593144
0.34676439
0.34760135
0.34844235
0.34928745
0.35013667
0.35099000
0.35184750
0.35270920
0.35357517
0.35444537
0.35531986
0.35619870
0.35708186
0.35796946
0.35886145
0.35975790
0.36065885
0.36156431
0.36247432
0.36338896
0.36430821
0.36523136
0.36615995
0.36709329
0.36803141
0.36897433
0.36992207
0.37087470
0.37183228
0.37279478
0.37376231
0.37473485
0.37571168
0.37669441
0.37768230
0.37867537
0.37967369
0.38067728
0.38168618
0.38270047
0.38372016
0.38474527
0.38577589
0.38681206
0.38785380
0.38890117
0.38995421
0.39101294
0.39207748
0.39314780
0.39422399
0.39530608
0.39639416
0.39748821
0.39858833
0.39969456
0.40080693
0.40192553
0.40305039
0.40418154
0.40531909
0.40646303
0.40761346
0.40877044
0.40993398
0.41110417
0.41228107
0.41346470
0.41465518
0.41585252
0.41705677
0.41826805
0.41948539
0.42071083
0.42194346
0.42318332
0.42443049
0.42568502
0.42694700
0.42821649
0.42949355
0.43077824
0.43207064
0.43337083
0.43467888
0.43599483
0.43728116
0.43846601
0.43965623
0.44085288
0.44193318
0.44284353
0.44375765
0.44467330
0.44541660
0.44604164
0.44666955
0.44729811
0.44769746
0.44803327
0.44835716
0.44868264
0.44872788
0.44876409
0.44880030
0.44880256
0.44857410
0.44834813
0.44806486
0.44776392
0.44750726
0.44759166
0.44833344
0.44992107
0.94088978
0.94402343
0.94717807
0.95035380
0.95355093
0.95676970
0.96000504
0.96326756
0.96655232
0.96985954
0.97318947
0.97654241
0.97991848
0.98331255
0.98673570
0.99018276
0.99365395
0.99714959
1.00066996
1.00421524
1.00778568
1.01137590
1.01499760
1.01863945
1.02231348
1.02601397
1.02974153
1.03349614
1.03727221
1.04108202
1.04492009
1.04878640
1.05268145
1.05660558
1.06055903
1.06454229
1.06854904
1.07259262
1.07666683
1.08077216
1.08490884
1.08907747
1.09327817
1.09750462
1.10177064
1.10607004
1.11040306
1.11477029
1.11917186
1.12360847
1.12807310
1.13258064
1.13712430
1.14170468
1.14632201
1.15097690
1.15566969
1.16040087
1.16516340
1.16997278
1.17482209
1.17971182
1.18464231
1.18961430
1.19462812
1.19967628
1.20477545
1.20991826
1.21510506
1.22033656
1.22561324
1.23093581
1.23629630
1.24171221
1.24717581
1.25268781
1.25824857
1.26385903
1.26951969
1.27523136
1.28098547
1.28680098
1.29266942
1.29859185
1.30456865
1.31060076
1.31668890
1.32282400
1.32902658
1.33528745
1.34160769
1.34798801
1.35442936
1.36093259
1.36749852
0.31204212
0.31271967
0.31340021
0.31408370
0.31477019
0.31545967
0.31615219
0.31684777
0.31754640
0.31824812
0.31895295
0.31966090
0.32037202
0.32108629
0.32180375
0.32252443
0.32324836
0.32397553
0.32470599
0.32543975
0.32617682
0.32691726
0.32766104
0.32840824
0.32915884
0.32991287
0.33067039
0.33143136
0.33219588
0.33296391
0.33373550
0.33451068
0.33528948
0.33607191
0.33685797
0.33764777
0.33844125
0.33923846
0.34003881
0.34084359
0.34165215
0.34246460
0.34328091
0.34410113
0.34492528
0.34575337
0.34658545
0.34742156
0.34826171
0.34910592
0.34995425
0.35080668
0.35166329
0.35252410
0.35338914
0.35425842
0.35513201
0.35600990
0.35689214
0.35777879
0.35866982
0.35956532
0.36046529
0.36136979
0.36227885
0.36319247
0.36411071
0.36503363
0.36596122
0.36689353
0.36783063
0.36877251
0.36971924
0.37067083
0.37162733
0.37258878
0.37355521
0.37452668
0.37550244
0.37648407
0.37747085
0.37846282
0.37946001
0.38046247
0.38147023
0.38248336
0.38350189
0.38452587
0.38555530
0.38659027
0.38763082
0.38867697
0.38972878
0.39078632
0.39184961
0.39291871
0.39399365
0.39507446
0.39616126
0.39725402
0.39835283
0.39945775
0.40056881
0.40168607
0.40280959
0.40393940
0.40507558
0.40621817
0.40736720
0.40852275
0.40968490
0.41085365
0.41202912
0.41321132
0.41440031
0.41559619
0.41679898
0.41800874
0.41922456
0.42044848
0.42167956
0.42291787
0.42416349
0.42541644
0.42667684
0.42794469
0.42922014
0.43050319
0.43179396
0.43309247
0.43439883
0.43571308
0.43703532
0.43836561
0.43959758
0.44079503
0.44199792
0.44320741
0.44415846
0.44507691
0.44600028
0.44690168
0.44753090
0.44816187
0.44879577
0.44933504
0.44966194
0.44998819
0.45031604
0.45049381
0.45053029
0.45056680
0.45060331
0.45045391
0.45022604
0.44997337
0.44966874
0.44936451
0.44926018
0.44972783
0.45090121
0.94335306
0.94650316
0.94966936
0.95286185
0.95607591
0.95931172
0.96256953
0.96584952
0.96915197
0.97247708
0.97581971
0.97919077
0.98258519
0.98600328
0.98944521
0.99291128
0.99640167
0.99991107
1.00345099
1.00701606
1.01060653
1.01422262
1.01785898
1.02152729
1.02522218
1.02893794
1.03268671
1.03646290
1.04026675
1.04409873
1.04795897
1.05184793
1.05575955
1.05970669
1.06368351
1.06769013
1.07172716
1.07579494
1.07989359
1.08401692
1.08817863
1.09237242
1.09659863
1.10085762
1.10514987
1.10947573
1.11383557
1.11822271
1.12265182
1.12711596
1.13161588
1.13615179
1.14072418
1.14533365
1.14997303
1.15465760
1.15938056
1.16414225
1.16894329
1.17378402
1.17866504
1.18358684
1.18854189
1.19354677
1.19859385
1.20368385
1.20881724
1.21399462
1.21921647
1.22447515
1.22978783
1.23514676
1.24055266
1.24600601
1.25150752
1.25705791
1.26264882
1.26829863
1.27399921
1.27975130
1.28555560
1.29141283
1.29732358
1.30328870
1.30929935
1.31537533
1.32150805
1.32769823
1.33394659
1.34025419
1.34662151
1.35303950
1.35952926
1.36608171
1.37269747
0.31257471
0.31325459
0.31393746
0.31462330
0.31531215
0.31600404
0.31669894
0.31739691
0.31809798
0.31880215
0.31950942
0.32021984
0.32093346
0.32165024
0.32237023
0.32309347
0.32381994
0.32454967
0.32528275
0.32601911
0.32675880
0.32750189
0.32824835
0.32899821
0.32975152
0.33050829
0.33126855
0.33203229
0.33279955
0.33357039
0.33434480
0.33512282
0.33590448
0.33668977
0.33747876
0.33827144
0.33906788
0.33986741
0.34067136
0.34147915
0.34229076
0.34310624
0.34392563
0.34474891
0.34557617
0.34640738
0.34724262
0.34808192
0.34892526
0.34977269
0.35062426
0.35147998
0.35233989
0.35320401
0.35407239
0.35494506
0.35582203
0.35670334
0.35758904
0.35847914
0.35937369
0.36027271
0.36117622
0.36208355
0.36299619
0.36391345
0.36483535
0.36576194
0.36669326
0.36762932
0.36857015
0.36951584
0.37046638
0.37142184
0.37238222
0.37334758
0.37431797
0.37529263
0.37627316
0.37725884
0.37824970
0.37924576
0.38024709
0.38125372
0.38226572
0.38328308
0.38430586
0.38533413
0.38636792
0.38740724
0.38845220
0.38950279
0.39055911
0.39162114
0.39268899
0.39376268
0.39484224
0.39592773
0.39701924
0.39811674
0.39922035
0.40033010
0.40144601
0.40256819
0.40369666
0.40483144
0.40597266
0.40712029
0.40827444
0.40943518
0.41060251
0.41177654
0.41295728
0.41414481
0.41533920
0.41654050
0.41774878
0.41896409
0.42018548
0.42141500
0.42265177
0.42389581
0.42514718
0.42640597
0.42767224
0.42894605
0.43022746
0.43151656
0.43281341
0.43411809
0.43543065
0.43675116
0.43807968
0.43941635
0.44073609
0.44193977
0.44314891
0.44436583
0.44548124
0.44640517
0.44733408
0.44826683
0.44903013
0.44966307
0.45028982
0.45091835
0.45130247
0.45163110
0.45196137
0.45227140
0.45231047
0.45234841
0.45238405
0.45235071
0.45211864
0.45188907
0.45159099
0.45128301
0.45104289
0.45121896
0.45212093
0.45427513
0.94899088
0.95217884
0.95538831
0.95861948
0.96187258
0.96514255
0.96844012
0.97176033
0.97510338
0.97846949
0.98185897
0.98527193
0.98870879
0.99216413
0.99564928
0.99915898
1.00269353
1.00625324
1.00983822
1.01344883
1.01707375
1.02073646
1.02442563
1.02814150
1.03188455
1.03565478
1.03945279
1.04327261
1.04712677
1.05100954
1.05492115
1.05886197
1.06283236
1.06683266
1.07086325
1.07491791
1.07900977
1.08313310
1.08728790
1.09147477
1.09569407
1.09994602
1.10422432
1.10854292
1.11289537
1.11728227
1.12170374
1.12616038
1.13065267
1.13517368
1.13973820
1.14433956
1.14897835
1.15365481
1.15836954
1.16312289
1.16791546
1.17273998
1.17761230
1.18252528
1.18747950
1.19247532
1.19751334
1.20259416
1.20771003
1.21287787
1.21809018
1.22334743
1.22865033
1.23399937
1.23939514
1.24483836
1.25032079
1.25586057
1.26144969
1.26708877
1.27277851
1.27851963
1.28431273
1.29014921
1.29604840
1.30200171
1.30801010
1.31407416
1.32019472
1.32637250
1.33259845
1.33889318
1.34524763
1.35166276
1.35813928
1.36467826
1.37128043
1.37794685
0.31310859
0.31379080
0.31447601
0.31516421
0.31585544
0.31654969
0.31724700
0.31794742
0.31865090
0.31935751
0.32006726
0.32078019
0.32149628
0.32221559
0.32293811
0.32366389
0.32439294
0.32512531
0.32586095
0.32659993
0.32734230
0.32808802
0.32883716
0.32958972
0.33034575
0.33110523
0.33186823
0.33263475
0.33340484
0.33417848
0.33495572
0.33573657
0.33652109
0.33730930
0.33810118
0.33889681
0.33969551
0.34049869
0.34130561
0.34211642
0.34293106
0.34374961
0.34457207
0.34539846
0.34622884
0.34706321
0.34790164
0.34874409
0.34959066
0.35044134
0.35129616
0.35215518
0.35301840
0.35388586
0.35475761
0.35563365
0.35651401
0.35739878
0.35828793
0.35918149
0.36007956
0.36098212
0.36188921
0.36280087
0.36371714
0.36463806
0.36556363
0.36649394
0.36742899
0.36836880
0.36931345
0.37026295
0.37121734
0.37217668
0.37314099
0.37411028
0.37508386
0.37606332
0.37704787
0.37803763
0.37903258
0.38003278
0.38103828
0.38204911
0.38306531
0.38408694
0.38511404
0.38614663
0.38718480
0.38822854
0.38927794
0.39033300
0.39139381
0.39246044
0.39353284
0.39461115
0.39569539
0.39678559
0.39788181
0.39898410
0.40009254
0.40120715
0.40232798
0.40345508
0.40458852
0.40572834
0.40687463
0.40802738
0.40918669
0.41035262
0.41152522
0.41270453
0.41389060
0.41508353
0.41628334
0.41749012
0.41870391
0.41992378
0.42115179
0.42238700
0.42362946
0.42487928
0.42613646
0.42740113
0.42867333
0.42995313
0.43124059
0.43253577
0.43383875
0.43514961
0.43646842
0.43779525
0.43913019
0.44047326
0.44182459
0.44308937
0.44430593
0.44552919
0.44675809
0.44774139
0.44867584
0.44961423
0.45053029
0.45116064
0.45179158
0.45242429
0.45295271
0.45328605
0.45361874
0.45395193
0.45410362
0.45414302
0.45418009
0.45421720
0.45402950
0.45379683
0.45352861
0.45321912
0.45292160
0.45289510
0.45345002
0.45486718
0.95149684
0.95470166
0.95792300
0.96117139
0.96444184
0.96773463
0.97104996
0.97438812
0.97774929
0.98112833
0.98453629
0.98796797
0.99142361
0.99490356
0.99840802
1.00193727
1.00548589
1.00906539
1.01267052
1.01630151
1.01995277
1.02363622
1.02734637
1.03108358
1.03484201
1.03863394
1.04245389
1.04630196
1.05017865
1.05408406
1.05801868
1.06197643
1.06597018
1.06999421
1.07404876
1.07813406
1.08225060
1.08639872
1.09057879
1.09478426
1.09902918
1.10330725
1.10761857
1.11196387
1.11634326
1.12075734
1.12519944
1.12968397
1.13420439
1.13876116
1.14335465
1.14798534
1.15265381
1.15735281
1.16209781
1.16688192
1.17170560
1.17656934
1.18147361
1.18641889
1.19140577
1.19642675
1.20149827
1.20661306
1.21177149
1.21697426
1.22222185
1.22751498
1.23284554
1.23823130
1.24366426
1.24914503
1.25467443
1.26025295
1.26588130
1.27155113
1.27728105
1.28306293
1.28889740
1.29478514
1.30072689
1.30672348
1.31277549
1.31887412
1.32503963
1.33126295
1.33754504
1.34388673
1.35028875
1.35675216
1.36326730
1.36985576
1.37650836
1.38322580
0.31364486
0.31432942
0.31501696
0.31570753
0.31640115
0.31709781
0.31779754
0.31850037
0.31920633
0.31991541
0.32062766
0.32134306
0.32206169
0.32278353
0.32350862
0.32423696
0.32496861
0.32570353
0.32644182
0.32718346
0.32792845
0.32867685
0.32942870
0.33018398
0.33094272
0.33170497
0.33247074
0.33324006
0.33401293
0.33478940
0.33556950
0.33635321
0.33714062
0.33793172
0.33872655
0.33952448
0.34032682
0.34113294
0.34194291
0.34275675
0.34357443
0.34439605
0.34522161
0.34605116
0.34688467
0.34772220
0.34856382
0.34940949
0.35025930
0.35111323
0.35197136
0.35283366
0.35370022
0.35457104
0.35544616
0.35632563
0.35720941
0.35809764
0.35899028
0.35988736
0.36078897
0.36169508
0.36260578
0.36352104
0.36444098
0.36536554
0.36629483
0.36722887
0.36816767
0.36911127
0.37005895
0.37101230
0.37197056
0.37293380
0.37390205
0.37487531
0.37585288
0.37683636
0.37782499
0.37881881
0.37981787
0.38082224
0.38183191
0.38284698
0.38386744
0.38489336
0.38592479
0.38696173
0.38800427
0.38905245
0.39010632
0.39116591
0.39223126
0.39330244
0.39437947
0.39546242
0.39655134
0.39764628
0.39874727
0.39985436
0.40096766
0.40208715
0.40321290
0.40434498
0.40548342
0.40662831
0.40777969
0.40893760
0.41010210
0.41127324
0.41245109
0.41363573
0.41482717
0.41602552
0.41723078
0.41844308
0.41966143
0.42088789
0.42212155
0.42336246
0.42461070
0.42586631
0.42712936
0.42839992
0.42967808
0.43096390
0.43225741
0.43355873
0.43486789
0.43618500
0.43751010
0.43884328
0.44018459
0.44153416
0.44289201
0.44424605
0.44546899
0.44669870
0.44793406
0.44908562
0.45002571
0.45096290
0.45190284
0.45266822
0.45330337
0.45394149
0.45458025
0.45495203
0.45528835
0.45562395
0.45590988
0.45594957
0.45598930
0.45602667
0.45595658
0.45572078
0.45548406
0.45517191
0.45485905
0.45463598
0.45496601
0.45597178
0.95401090
0.95723271
0.96047640
0.96374214
0.96703017
0.97033536
0.97366858
0.97702479
0.98040420
0.98380709
0.98723370
0.99068421
0.99415898
0.99765259
1.00117648
1.00472534
1.00829947
1.01189911
1.01552451
1.01917017
1.02284217
1.02654660
1.03027785
1.03403640
1.03782260
1.04163647
1.04547846
1.04934907
1.05324209
1.05717039
1.06112802
1.06511557
1.06913304
1.07318103
1.07725978
1.08136308
1.08550429
1.08967745
1.09388280
1.09812069
1.10239160
1.10669589
1.11102688
1.11539900
1.11980557
1.12424707
1.12872410
1.13323677
1.13778579
1.14237142
1.14698672
1.15164709
1.15634537
1.16108203
1.16585779
1.17067301
1.17552817
1.18041587
1.18535233
1.19033027
1.19535017
1.20041251
1.20551801
1.21066713
1.21585202
1.22108996
1.22637320
1.23170245
1.23707807
1.24250090
1.24797153
1.25349045
1.25904953
1.26466715
1.27033520
1.27605414
1.28182483
1.28764796
1.29352427
1.29944503
1.30542970
1.31146979
1.31756604
1.32371926
1.32993019
1.33619964
1.34251845
1.34890747
1.35535753
1.36186969
1.36844468
1.37508345
1.38178694
1.38855612
0.31418237
0.31486928
0.31555924
0.31625217
0.31694818
0.31764725
0.31834942
0.31905469
0.31976312
0.32047468
0.32118940
0.32190734
0.32262850
0.32335287
0.32408053
0.32481146
0.32554570
0.32628325
0.32702416
0.32776845
0.32851613
0.32926720
0.33002174
0.33077976
0.33154124
0.33230627
0.33307481
0.33384693
0.33462262
0.33540192
0.33618489
0.33697149
0.33776179
0.33855581
0.33935294
0.34015447
0.34095979
0.34176892
0.34258193
0.34339881
0.34421957
0.34504429
0.34587297
0.34670562
0.34754229
0.34838304
0.34922785
0.35007674
0.35092980
0.35178700
0.35264844
0.35351408
0.35438398
0.35525817
0.35613668
0.35701957
0.35790682
0.35879850
0.35969466
0.36059529
0.36150044
0.36241013
0.36332443
0.36424333
0.36516693
0.36609519
0.36702821
0.36796597
0.36890855
0.36985597
0.37080827
0.37176549
0.37272766
0.37369481
0.37466702
0.37564349
0.37662587
0.37761340
0.37860611
0.37960404
0.38060728
0.38161582
0.38262972
0.38364902
0.38467377
0.38570401
0.38673979
0.38778114
0.38882810
0.38988075
0.39093909
0.39200321
0.39307314
0.39414892
0.39523062
0.39631826
0.39741188
0.39851159
0.39961737
0.40072933
0.40184751
0.40297192
0.40410265
0.40523973
0.40638325
0.40753320
0.40868971
0.40985280
0.41102254
0.41219896
0.41338214
0.41457212
0.41576898
0.41697276
0.41818354
0.41940039
0.42062533
0.42185745
0.42309681
0.42434347
0.42559749
0.42685896
0.42812791
0.42940444
0.43068862
0.43198049
0.43328011
0.43458760
0.43590301
0.43722638
0.43855783
0.43989742
0.44124520
0.44260129
0.44396573
0.44533861
0.44663703
0.44787320
0.44911623
0.45036617
0.45137572
0.45231739
0.45326415
0.45418358
0.45482650
0.45546776
0.45611081
0.45662796
0.45696908
0.45730722
0.45764583
0.45777175
0.45781177
0.45785183
0.45788950
0.45766228
0.45742473
0.45714161
0.45682603
0.45654365
0.45658931
0.45729077
0.45890236
0.95978242
0.96303821
0.96632141
0.96962708
0.97295547
0.97630674
0.97968119
0.98307902
0.98649508
0.98994046
0.99340999
0.99690390
1.00042248
1.00396597
1.00753474
1.01112890
1.01474297
1.01838303
1.02205515
1.02575386
1.02947938
1.03323221
1.03701234
1.04081428
1.04465020
1.04851460
1.05240762
1.05632973
1.06028116
1.06426215
1.06826687
1.07230830
1.07638037
1.08048344
1.08461797
1.08878434
1.09298277
1.09721375
1.10147071
1.10576773
1.11009848
1.11446321
1.11886239
1.12329650
1.12776577
1.13226366
1.13680482
1.14138258
1.14599729
1.15064943
1.15533960
1.16006815
1.16482782
1.16963458
1.17448103
1.17936790
1.18429554
1.18926454
1.19427550
1.19932878
1.20441687
1.20955646
1.21474016
1.21996856
1.22524214
1.23056138
1.23592710
1.24133122
1.24679148
1.25230002
1.25785744
1.26346433
1.26912153
1.27482951
1.28058910
1.28639174
1.29225659
1.29817510
1.30414808
1.31017625
1.31626046
1.32240152
1.32859004
1.33484697
1.34116292
1.34753907
1.35397601
1.36047482
1.36703634
1.37365091
1.38034034
1.38709533
1.39391673
0.31472233
0.31541160
0.31610391
0.31679925
0.31749767
0.31819919
0.31890380
0.31961155
0.32032242
0.32103649
0.32175374
0.32247418
0.32319787
0.32392484
0.32465506
0.32538858
0.32612541
0.32686561
0.32760918
0.32835612
0.32910651
0.32986030
0.33061755
0.33137831
0.33214256
0.33291036
0.33368170
0.33445662
0.33523518
0.33601734
0.33680317
0.33759269
0.33838591
0.33918288
0.33998296
0.34078747
0.34159580
0.34240794
0.34322399
0.34404394
0.34486780
0.34569561
0.34652743
0.34736326
0.34820312
0.34904703
0.34989509
0.35074723
0.35160357
0.35246408
0.35332882
0.35419780
0.35507110
0.35594869
0.35683063
0.35771695
0.35860768
0.35950288
0.36040252
0.36130673
0.36221543
0.36312875
0.36404669
0.36496925
0.36589652
0.36682853
0.36776528
0.36870682
0.36965242
0.37060368
0.37155983
0.37252095
0.37348703
0.37445813
0.37543353
0.37641481
0.37740123
0.37839282
0.37938964
0.38039175
0.38139912
0.38241190
0.38343003
0.38445359
0.38548267
0.38651726
0.38755739
0.38860315
0.38965458
0.39071169
0.39177456
0.39284325
0.39391777
0.39499819
0.39608455
0.39717692
0.39827532
0.39937979
0.40049040
0.40160725
0.40273032
0.40385967
0.40499541
0.40613753
0.40728611
0.40844122
0.40960288
0.41077119
0.41194615
0.41312787
0.41431642
0.41551179
0.41671407
0.41792336
0.41913870
0.42036209
0.42159268
0.42283046
0.42407557
0.42532802
0.42658788
0.42785522
0.42913011
0.43041265
0.43170285
0.43300080
0.43430662
0.43562031
0.43694198
0.43827170
0.43960953
0.44095555
0.44230983
0.44367248
0.44504353
0.44642308
0.44781122
0.44905505
0.45030349
0.45155779
0.45273152
0.45368001
0.45463249
0.45558780
0.45635638
0.45700428
0.45765287
0.45830214
0.45865995
0.45900410
0.45934525
0.45960736
0.45964772
0.45968926
0.45972842
0.45962042
0.45937961
0.45912841
0.45881009
0.45849219
0.45832455
0.45877460
0.45992205
0.96234059
0.96561903
0.96891987
0.97224337
0.97558439
0.97895384
0.98234659
0.98576301
0.98920327
0.99266762
0.99615633
0.99966961
1.00320220
1.00676537
1.01035404
1.01396847
1.01760292
1.02126944
1.02496243
1.02867627
1.03242314
1.03619742
1.03999937
1.04382932
1.04768765
1.05157447
1.05549037
1.05942917
1.06340384
1.06740844
1.07144332
1.07550883
1.07960534
1.08373320
1.08788598
1.09207749
1.09630144
1.10055816
1.10484803
1.10917151
1.11352897
1.11792076
1.12234032
1.12680209
1.13129938
1.13583279
1.14040267
1.14500952
1.14965367
1.15432811
1.15904832
1.16380739
1.16860557
1.17344356
1.17832172
1.18324065
1.18819284
1.19319475
1.19823885
1.20332575
1.20845616
1.21363044
1.21884918
1.22411299
1.22941411
1.23476970
1.24017227
1.24562240
1.25112057
1.25666738
1.26226377
1.26790106
1.27359819
1.27934659
1.28514719
1.29100072
1.29690766
1.30286896
1.30887568
1.31494784
1.32107651
1.32726264
1.33350694
1.33981025
1.34617352
1.35259736
1.35907257
1.36562049
1.37223184
1.37890756
1.38564849
1.39245558
1.39933002
0.31526357
0.31595522
0.31664991
0.31734768
0.31804854
0.31875247
0.31945953
0.32016975
0.32088313
0.32159969
0.32231945
0.32304245
0.32376871
0.32449821
0.32523105
0.32596716
0.32670665
0.32744947
0.32819569
0.32894534
0.32969838
0.33045492
0.33121490
0.33197841
0.33274543
0.33351603
0.33429018
0.33506796
0.33584934
0.33663437
0.33742312
0.33821553
0.33901170
0.33981097
0.34061465
0.34142214
0.34223351
0.34304872
0.34386781
0.34469083
0.34551781
0.34634876
0.34718370
0.34802270
0.34886575
0.34971291
0.35056418
0.35141963
0.35227922
0.35314307
0.35401115
0.35488349
0.35576016
0.35664117
0.35752654
0.35841635
0.35931057
0.36020926
0.36111248
0.36202022
0.36293256
0.36384949
0.36477107
0.36569732
0.36662829
0.36756402
0.36850455
0.36944988
0.37040010
0.37135521
0.37231523
0.37328026
0.37425029
0.37522459
0.37620479
0.37719008
0.37818059
0.37917629
0.38017726
0.38118351
0.38219512
0.38321209
0.38423452
0.38526240
0.38629580
0.38733476
0.38837931
0.38942951
0.39048544
0.39154708
0.39261451
0.39368778
0.39476693
0.39585203
0.39694309
0.39804018
0.39914337
0.40025267
0.40136817
0.40248990
0.40361792
0.40475228
0.40589303
0.40704024
0.40819395
0.40935421
0.41052109
0.41169462
0.41287491
0.41406196
0.41525587
0.41645670
0.41766447
0.41887930
0.42010018
0.42132923
0.42256549
0.42380899
0.42505988
0.42631814
0.42758387
0.42885718
0.43013805
0.43142661
0.43272293
0.43402705
0.43533906
0.43665901
0.43798700
0.43932310
0.44066736
0.44201988
0.44338071
0.44474998
0.44612771
0.44751400
0.44890895
0.45024198
0.45149592
0.45275572
0.45402372
0.45505092
0.45600915
0.45697027
0.45789540
0.45854887
0.45920423
0.45985788
0.46036336
0.46071008
0.46105734
0.46140152
0.46149963
0.46154031
0.46158218
0.46159536
0.46135250
0.46111107
0.46081147
0.46049079
0.46022409
0.46034431
0.46122816
0.46341959
0.96820837
0.97152698
0.97486842
0.97823292
0.98162073
0.98503202
0.98846722
0.99192083
0.99540430
0.99891227
1.00244510
1.00600302
1.00958622
1.01319504
1.01682401
1.02047896
1.02416623
1.02788031
1.03162134
1.03538978
1.03918576
1.04300976
1.04685581
1.05073655
1.05464613
1.05858493
1.06255329
1.06655145
1.07057989
1.07463229
1.07872212
1.08284318
1.08699584
1.09118044
1.09539735
1.09964705
1.10392988
1.10823929
1.11258936
1.11697376
1.12139285
1.12584698
1.13033676
1.13486242
1.13941717
1.14401603
1.14865208
1.15332592
1.15803790
1.16278863
1.16757846
1.17240787
1.17726970
1.18217981
1.18713105
1.19212389
1.19715893
1.20223677
1.20735776
1.21251440
1.21772349
1.22297764
1.22827733
1.23362303
1.23901558
1.24445546
1.24993455
1.25547087
1.26105654
1.26669204
1.27237821
1.27811563
1.28390515
1.28974724
1.29563332
1.30158281
1.30758739
1.31364751
1.31976402
1.32593775
1.33216965
1.33845019
1.34480047
1.35121131
1.35768354
1.36421800
1.37081575
1.37747765
1.38419378
1.39098668
1.39784646
1.40477431
0.31580725
0.31650129
0.31719840
0.31789857
0.31860185
0.31930825
0.32001778
0.32073048
0.32144636
0.32216543
0.32288775
0.32361329
0.32434213
0.32507423
0.32580966
0.32654840
0.32729053
0.32803601
0.32878491
0.32953724
0.33029303
0.33105227
0.33181503
0.33258131
0.33335114
0.33412454
0.33490151
0.33568212
0.33646640
0.33725432
0.33804595
0.33884132
0.33963978
0.34044266
0.34124935
0.34205988
0.34287426
0.34369254
0.34451470
0.34534085
0.34617093
0.34700504
0.34784317
0.34868535
0.34953162
0.35038200
0.35123655
0.35209528
0.35295820
0.35382536
0.35469681
0.35557255
0.35645261
0.35733706
0.35822591
0.35911918
0.36001694
0.36091918
0.36182594
0.36273730
0.36365324
0.36457384
0.36549908
0.36642906
0.36736375
0.36830324
0.36924756
0.37019673
0.37115079
0.37210977
0.37307373
0.37404269
0.37501591
0.37599498
0.37697920
0.37796858
0.37896317
0.37996301
0.38096812
0.38197860
0.38299444
0.38401484
0.38504156
0.38607377
0.38711151
0.38815489
0.38920388
0.39025855
0.39131898
0.39238515
0.39345717
0.39453506
0.39561886
0.39670864
0.39780444
0.39890632
0.40001431
0.40112847
0.40224889
0.40337554
0.40450853
0.40564790
0.40679371
0.40794602
0.40910488
0.41027033
0.41144246
0.41262129
0.41380689
0.41499934
0.41619867
0.41740495
0.41861823
0.41983762
0.42106512
0.42229980
0.42354178
0.42479107
0.42604774
0.42731187
0.42858353
0.42986280
0.43114969
0.43244433
0.43374678
0.43505707
0.43637532
0.43770158
0.43903595
0.44037846
0.44172919
0.44308826
0.44445568
0.44583160
0.44721606
0.44860914
0.45001093
0.45142150
0.45269352
0.45396003
0.45523477
0.45642775
0.45739415
0.45836231
0.45933339
0.46010393
0.46076375
0.46142426
0.46208066
0.46242878
0.46277863
0.46312901
0.46336532
0.46340632
0.46344855
0.46348956
0.46334359
0.46309888
0.46283036
0.46249607
0.46216103
0.46208426
0.46262348
0.46407321
0.97081697
0.97415352
0.97751307
0.98089588
0.98429674
0.98772675
0.99118072
0.99465895
0.99816167
1.00168920
1.00524163
1.00881374
1.01241708
1.01604629
1.01969564
1.02337730
1.02708554
1.03082085
1.03458333
1.03836739
1.04218531
1.04603148
1.04990602
1.05380952
1.05774200
1.06170404
1.06568944
1.06971133
1.07376361
1.07784688
1.08196115
1.08610702
1.09028482
1.09448814
1.09873080
1.10300636
1.10731542
1.11165833
1.11603534
1.12044704
1.12489367
1.12936854
1.13388646
1.13844073
1.14303160
1.14765978
1.15232551
1.15702927
1.16176414
1.16654551
1.17136633
1.17622721
1.18112862
1.18607104
1.19105506
1.19607306
1.20114160
1.20625329
1.21140862
1.21660829
1.22185278
1.22714257
1.23247850
1.23785233
1.24328196
1.24875951
1.25428545
1.25986052
1.26548541
1.27116072
1.27687800
1.28265619
1.28848684
1.29437089
1.30030882
1.30630147
1.31234968
1.31845415
1.32460582
1.33082509
1.33710301
1.34344041
1.34983826
1.35629725
1.36281848
1.36939216
1.37604010
1.38275301
1.38953161
1.39637709
1.40329039
1.41027236
0.31635278
0.31704924
0.31774876
0.31845137
0.31915709
0.31986597
0.32057798
0.32129318
0.32201159
0.32273260
0.32345748
0.32418558
0.32491699
0.32565171
0.32638973
0.32713112
0.32787591
0.32862407
0.32937565
0.33013070
0.33088920
0.33165121
0.33241671
0.33318579
0.33395842
0.33473462
0.33551446
0.33629793
0.33708510
0.33787593
0.33867049
0.33946812
0.34027022
0.34107608
0.34188578
0.34269932
0.34351677
0.34433809
0.34516338
0.34599262
0.34682587
0.34766313
0.34850442
0.34934983
0.35019934
0.35105300
0.35191080
0.35277283
0.35363910
0.35450959
0.35538441
0.35626358
0.35714707
0.35803497
0.35892728
0.35982409
0.36072534
0.36163116
0.36254153
0.36345649
0.36437607
0.36530033
0.36622927
0.36716294
0.36810142
0.36904469
0.36999282
0.37094581
0.37190375
0.37286663
0.37383452
0.37480745
0.37578464
0.37676775
0.37775603
0.37874949
0.37974820
0.38075218
0.38176149
0.38277617
0.38379627
0.38482180
0.38585284
0.38688940
0.38793156
0.38897935
0.39003280
0.39109200
0.39215693
0.39322770
0.39430434
0.39538687
0.39647537
0.39756989
0.39867046
0.39977714
0.40088999
0.40200904
0.40313438
0.40426600
0.40540400
0.40654844
0.40769935
0.40885681
0.41002086
0.41119152
0.41236892
0.41355309
0.41474405
0.41594192
0.41714671
0.41835850
0.41957635
0.42080233
0.42203549
0.42327589
0.42452359
0.42577869
0.42704123
0.42831129
0.42958891
0.43087417
0.43216717
0.43346792
0.43477654
0.43609309
0.43741763
0.43875027
0.44009101
0.44143999
0.44279727
0.44416291
0.44553700
0.44691962
0.44831085
0.44971079
0.45111948
0.45253700
0.45389634
0.45517075
0.45645234
0.45773998
0.45878524
0.45976168
0.46073869
0.46166959
0.46233389
0.46300012
0.46366706
0.46416155
0.46451283
0.46486583
0.46521816
0.46528870
0.46533006
0.46536776
0.46532884
0.46507108
0.46481365
0.46448252
0.46414581
0.46389058
0.46418333
0.46522060
0.97343433
0.97678888
0.98016667
0.98356789
0.98699284
0.99044168
0.99391472
0.99740660
1.00092876
1.00447583
1.00804818
1.01164603
1.01526964
1.01891351
1.02258945
1.02628613
1.03001559
1.03377223
1.03755641
1.04136837
1.04520845
1.04907691
1.05296791
1.05689418
1.06084979
1.06483519
1.06885064
1.07289636
1.07697296
1.08108068
1.08521318
1.08938408
1.09358704
1.09782267
1.10209131
1.10639322
1.11072874
1.11509156
1.11949563
1.12393475
1.12840927
1.13291943
1.13746583
1.14204895
1.14666903
1.15131927
1.15601492
1.16074896
1.16552198
1.17033434
1.17518663
1.18007934
1.18500507
1.18998015
1.19499707
1.20005643
1.20515883
1.21030486
1.21549499
1.22072148
1.22600162
1.23132753
1.23669994
1.24211943
1.24758673
1.25310218
1.25865781
1.26427197
1.26993632
1.27565181
1.28141880
1.28723824
1.29311085
1.29903722
1.30500865
1.31104481
1.31713712
1.32328629
1.32949305
1.33575845
1.34208310
1.34845781
1.35490358
1.36141133
1.36798191
1.37461615
1.38131511
1.38807964
1.39491081
1.40179849
1.40876567
1.41580236
0.31689966
0.31759852
0.31830046
0.31900552
0.31971371
0.32042506
0.32113957
0.32185727
0.32257822
0.32330236
0.32402977
0.32476050
0.32549450
0.32623181
0.32697248
0.32771653
0.32846397
0.32921484
0.32996914
0.33072689
0.33148816
0.33225292
0.33302122
0.33379307
0.33456853
0.33534759
0.33613029
0.33691666
0.33770669
0.33850044
0.33929795
0.34009856
0.34090364
0.34171250
0.34252524
0.34334183
0.34416234
0.34498677
0.34581518
0.34664756
0.34748396
0.34832439
0.34916893
0.35001755
0.35087031
0.35172722
0.35258836
0.35345370
0.35432330
0.35519719
0.35607544
0.35695800
0.35784495
0.35873634
0.35963216
0.36053246
0.36143729
0.36234668
0.36326066
0.36417925
0.36510250
0.36603045
0.36696312
0.36790058
0.36884281
0.36978990
0.37074184
0.37169871
0.37266055
0.37362736
0.37459919
0.37557533
0.37655735
0.37754449
0.37853685
0.37953445
0.38053730
0.38154548
0.38255900
0.38357791
0.38460231
0.38563132
0.38666669
0.38770765
0.38875422
0.38980645
0.39086440
0.39192814
0.39299765
0.39407301
0.39515427
0.39624149
0.39733472
0.39843398
0.39953935
0.40065086
0.40176859
0.40289256
0.40402284
0.40515947
0.40630254
0.40745205
0.40860811
0.40977073
0.41093999
0.41211593
0.41329864
0.41448814
0.41568449
0.41688782
0.41809809
0.41931444
0.42053887
0.42177048
0.42300934
0.42425546
0.42550898
0.42676991
0.42803836
0.42931435
0.43059796
0.43188930
0.43318838
0.43449533
0.43581015
0.43713298
0.43846387
0.43980286
0.44115007
0.44250557
0.44386941
0.44524169
0.44662246
0.44801185
0.44940990
0.45081669
0.45223233
0.45365691
0.45509046
0.45638797
0.45767641
0.45897216
0.46018365
0.46116602
0.46215263
0.46314105
0.46391356
0.46458557
0.46525830
0.46590614
0.46626130
0.46661696
0.46697196
0.46717051
0.46719992
0.46722937
0.46725878
0.46704793
0.46678704
0.46648613
0.46614650
0.46583301
0.46585616
0.46658760
0.46830493
0.97944397
0.98284018
0.98626006
0.98969829
0.99316609
0.99665833
1.00017512
1.00371695
1.00728381
1.01087618
1.01448858
1.01812673
1.02179706
1.02549386
1.02921748
1.03296840
1.03674662
1.04055262
1.04438055
1.04824293
1.05213392
1.05605400
1.06000328
1.06398225
1.06799126
1.07202411
1.07609403
1.08019495
1.08432734
1.08849132
1.09268749
1.09691620
1.10117090
1.10546553
1.10979390
1.11415625
1.11855304
1.12298465
1.12745154
1.13195407
1.13648546
1.14106059
1.14567268
1.15032232
1.15500975
1.15973556
1.16450024
1.16929650
1.17414021
1.17902410
1.18394899
1.18891501
1.19392300
1.19897330
1.20406651
1.20919502
1.21437562
1.21960080
1.22487116
1.23018718
1.23554969
1.24095905
1.24640739
1.25191247
1.25746644
1.26306987
1.26872349
1.27442789
1.28018391
1.28598285
1.29184389
1.29775870
1.30372775
1.30975211
1.31583238
1.32196939
1.32816386
1.33440661
1.34071851
1.34709036
1.35352302
1.36001754
1.36657453
1.37319517
1.37986958
1.38661993
1.39343667
1.40032077
1.40727317
1.41429508
1.42138731
0.31744900
0.31815028
0.31885466
0.31956220
0.32027230
0.32098612
0.32170314
0.32242337
0.32314682
0.32387355
0.32460356
0.32533684
0.32607347
0.32681340
0.32755673
0.32830346
0.32905358
0.32980713
0.33056414
0.33132464
0.33208865
0.33285621
0.33362728
0.33440197
0.33518025
0.33596218
0.33674774
0.33753699
0.33832997
0.33912665
0.33992645
0.34073070
0.34153876
0.34235066
0.34316644
0.34398609
0.34480968
0.34563723
0.34646875
0.34730428
0.34814388
0.34898752
0.34983525
0.35068712
0.35154316
0.35240337
0.35326782
0.35413650
0.35500947
0.35588676
0.35676840
0.35765442
0.35854483
0.35943970
0.36033908
0.36124292
0.36215132
0.36306432
0.36398190
0.36490417
0.36583111
0.36676276
0.36769918
0.36864039
0.36958644
0.37053734
0.37149316
0.37245390
0.37341964
0.37439042
0.37536544
0.37634635
0.37733242
0.37832364
0.37932011
0.38032183
0.38132888
0.38234124
0.38335901
0.38438222
0.38541088
0.38644508
0.38748485
0.38853019
0.38958123
0.39063796
0.39170045
0.39276871
0.39384282
0.39492282
0.39600876
0.39710072
0.39819869
0.39930275
0.40041295
0.40152934
0.40265197
0.40378088
0.40491617
0.40605783
0.40720597
0.40836063
0.40952185
0.41068968
0.41186419
0.41304544
0.41423348
0.41542840
0.41663021
0.41783899
0.41905481
0.42027673
0.42150682
0.42274413
0.42398870
0.42524061
0.42649996
0.42776680
0.42904118
0.43032315
0.43161282
0.43291026
0.43421552
0.43552864
0.43684977
0.43817890
0.43951619
0.44086161
0.44221535
0.44357738
0.44494787
0.44632682
0.44771436
0.44911057
0.45051548
0.45192921
0.45335189
0.45478350
0.45622420
0.45761052
0.45890707
0.46020982
0.46151876
0.46258020
0.46357286
0.46456981
0.46550530
0.46618068
0.46685928
0.46753863
0.46802050
0.46836653
0.46871185
0.46904534
0.46907622
0.46910590
0.46913558
0.46904162
0.46877852
0.46850708
0.46816450
0.46781999
0.46763197
0.46810174
0.46937555
0.98210812
0.98552287
0.98896146
0.99242413
0.99591106
0.99942267
1.00295913
1.00651491
1.01010180
1.01371431
1.01734698
1.02101171
1.02470279
1.02842069
1.03215969
1.03593206
1.03973210
1.04356003
1.04741633
1.05130124
1.05521500
1.05915809
1.06312442
1.06712687
1.07115972
1.07522297
1.07931733
1.08344293
1.08760023
1.09178281
1.09600437
1.10025883
1.10454643
1.10886753
1.11322260
1.11761189
1.12202907
1.12648833
1.13098311
1.13551402
1.14008129
1.14468551
1.14932704
1.15400636
1.15871644
1.16347265
1.16826808
1.17310333
1.17797863
1.18289471
1.18785191
1.19284284
1.19788408
1.20296800
1.20809531
1.21326649
1.21848202
1.22374272
1.22904050
1.23439300
1.23979223
1.24523890
1.25073373
1.25627720
1.26187003
1.26751292
1.27319729
1.27894223
1.28473914
1.29058886
1.29649210
1.30244958
1.30846202
1.31452060
1.32064521
1.32682729
1.33306754
1.33936667
1.34572566
1.35214531
1.35861611
1.36515963
1.37176657
1.37843764
1.38517404
1.39197648
1.39884615
1.40578389
1.41277969
1.41985667
1.42699349
0.31799966
0.31870338
0.31941023
0.32012022
0.32083338
0.32154971
0.32226926
0.32299203
0.32371807
0.32444736
0.32517993
0.32591584
0.32665509
0.32739767
0.32814366
0.32889307
0.32964587
0.33040217
0.33116192
0.33192518
0.33269197
0.33346230
0.33423620
0.33501372
0.33579487
0.33657965
0.33736810
0.33816028
0.33895618
0.33975518
0.34055862
0.34136584
0.34217691
0.34299186
0.34381068
0.34463343
0.34546015
0.34629080
0.34712547
0.34796420
0.34880698
0.34965384
0.35050482
0.35135996
0.35221928
0.35308281
0.35395059
0.35482267
0.35569903
0.35657972
0.35746479
0.35835427
0.35924819
0.36014658
0.36104947
0.36195692
0.36286893
0.36378554
0.36470678
0.36563271
0.36656338
0.36749876
0.36843896
0.36938396
0.37033382
0.37128857
0.37224829
0.37321296
0.37418264
0.37515658
0.37613642
0.37712136
0.37811151
0.37910685
0.38010743
0.38111332
0.38212454
0.38314116
0.38416320
0.38519070
0.38622370
0.38726228
0.38830644
0.38935626
0.39041176
0.39147303
0.39254004
0.39361292
0.39469165
0.39577633
0.39686698
0.39796275
0.39906642
0.40017438
0.40128946
0.40241075
0.40353832
0.40467224
0.40581253
0.40695927
0.40811253
0.40927231
0.41043872
0.41161180
0.41279161
0.41397819
0.41517162
0.41637194
0.41757923
0.41879356
0.42001396
0.42124248
0.42247823
0.42372122
0.42497158
0.42622933
0.42749456
0.42876729
0.43004766
0.43133566
0.43263143
0.43393499
0.43524644
0.43656585
0.43789327
0.43922877
0.44057247
0.44192439
0.44328466
0.44465333
0.44603047
0.44741616
0.44881049
0.45021352
0.45162538
0.45304611
0.45447579
0.45591456
0.45736244
0.45881954
0.46014318
0.46145415
0.46277019
0.46400306
0.46500185
0.46600494
0.46701238
0.46778804
0.46847010
0.46914548
0.46976700
0.47011563
0.47046477
0.47081321
0.47096643
0.47099757
0.47102749
0.47105241
0.47078705
0.47052199
0.47020006
0.46985379
0.46956500
0.46969759
0.47067377
0.98479229
0.98822576
0.99168324
0.99515945
0.99866569
1.00219679
1.00575292
1.00933433
1.01294136
1.01657426
1.02022159
1.02390707
1.02761924
1.03135836
1.03512478
1.03891897
1.04274094
1.04659116
1.05046368
1.05437124
1.05830801
1.06227422
1.06627035
1.07029665
1.07435346
1.07843459
1.08255339
1.08670378
1.09088624
1.09510088
1.09934831
1.10362875
1.10794258
1.11228347
1.11666548
1.12108207
1.12553382
1.13002098
1.13454413
1.13910365
1.14369261
1.14832604
1.15299726
1.15770650
1.16245449
1.16724157
1.17206824
1.17692721
1.18183446
1.18678272
1.19177270
1.19680476
1.20187962
1.20699751
1.21215928
1.21735704
1.22260809
1.22790444
1.23324704
1.23863626
1.24407279
1.24955726
1.25508142
1.26066351
1.26629555
1.27197814
1.27771199
1.28349781
1.28933620
1.29521847
1.30116427
1.30716479
1.31322098
1.31933367
1.32550335
1.33173108
1.33801758
1.34435356
1.35076010
1.35722804
1.36375821
1.37035143
1.37700880
1.38373113
1.39050853
1.39736366
1.40428674
1.41127872
1.41834068
1.42546225
1.43266726
0.31855282
0.31925899
0.31996831
0.32068080
0.32139644
0.32211530
0.32283738
0.32356271
0.32429129
0.32502317
0.32575837
0.32649690
0.32723877
0.32798404
0.32873270
0.32948479
0.33024034
0.33099872
0.33176124
0.33252725
0.33329684
0.33406997
0.33484671
0.33562708
0.33641106
0.33719873
0.33799011
0.33878520
0.33958340
0.34038603
0.34119245
0.34200269
0.34281680
0.34363481
0.34445670
0.34528255
0.34611237
0.34694618
0.34778404
0.34862593
0.34947193
0.35032201
0.35117626
0.35203469
0.35289732
0.35376418
0.35463533
0.35551077
0.35639054
0.35727468
0.35816321
0.35905617
0.35995358
0.36085552
0.36176199
0.36267298
0.36358863
0.36450887
0.36543381
0.36636344
0.36729780
0.36823696
0.36918095
0.37012976
0.37108347
0.37204209
0.37300572
0.37397432
0.37494797
0.37592590
0.37690976
0.37789878
0.37889299
0.37989247
0.38089722
0.38190728
0.38292274
0.38394362
0.38496995
0.38600177
0.38703915
0.38808212
0.38913071
0.39018500
0.39124501
0.39231080
0.39338240
0.39445987
0.39554328
0.39663264
0.39772803
0.39882946
0.39993703
0.40105075
0.40217072
0.40329695
0.40442950
0.40556842
0.40671378
0.40786564
0.40902403
0.41018903
0.41136068
0.41253904
0.41372418
0.41491613
0.41611499
0.41732079
0.41853359
0.41975248
0.42097947
0.42221367
0.42345512
0.42470390
0.42596006
0.42722368
0.42849481
0.42977354
0.43105990
0.43235400
0.43365589
0.43496567
0.43628335
0.43760905
0.43894285
0.44028479
0.44163495
0.44299340
0.44436029
0.44573560
0.44711944
0.44851193
0.44991311
0.45132306
0.45274189
0.45416966
0.45560646
0.45705241
0.45850754
0.45997196
0.46138719
0.46270403
0.46402845
0.46536046
0.46643966
0.46744898
0.46846268
0.46940157
0.47007716
0.47075468
0.47143543
0.47187909
0.47222960
0.47258064
0.47287065
0.47290331
0.47293472
0.47296363
0.47281286
0.47254553
0.47225341
0.47190535
0.47155407
0.47149661
0.47208807
0.47370496
0.99093795
0.99441445
0.99791545
1.00144124
1.00499201
1.00856793
1.01216376
1.01579106
1.01943874
1.02311850
1.02682483
1.03055823
1.03431880
1.03810096
1.04191697
1.04576111
1.04963362
1.05353498
1.05746555
1.06142545
1.06541514
1.06942856
1.07347870
1.07755971
1.08167195
1.08581555
1.08999109
1.09419882
1.09843242
1.10270572
1.10701239
1.11135292
1.11572754
1.12013674
1.12458098
1.12905335
1.13356876
1.13812041
1.14270878
1.14733422
1.15199733
1.15669847
1.16143811
1.16620922
1.17102730
1.17588532
1.18078387
1.18572342
1.19070446
1.19572747
1.20078504
1.20589364
1.21104598
1.21624255
1.22148383
1.22677052
1.23210311
1.23748231
1.24290001
1.24837410
1.25389671
1.25946832
1.26508963
1.27076137
1.27648425
1.28224957
1.28807664
1.29395688
1.29989100
1.30587983
1.31192410
1.31802452
1.32417214
1.33038735
1.33666122
1.34299445
1.34938800
1.35584271
1.36235952
1.36893928
1.37557220
1.38228047
1.38905454
1.39589524
1.40280378
1.40978098
1.41682792
1.42392290
1.43111229
1.43837464
0.31910732
0.31981596
0.32052776
0.32124275
0.32196090
0.32268229
0.32340693
0.32413483
0.32486600
0.32560048
0.32633829
0.32707945
0.32782397
0.32857192
0.32932326
0.33007807
0.33083633
0.33159807
0.33236334
0.33313215
0.33390453
0.33468050
0.33546010
0.33624330
0.33703020
0.33782077
0.33861506
0.33941248
0.34021428
0.34101990
0.34182930
0.34264261
0.34345976
0.34428084
0.34510583
0.34593481
0.34676775
0.34760475
0.34844577
0.34929088
0.35014009
0.35099345
0.35185099
0.35271272
0.35357869
0.35444888
0.35532340
0.35620224
0.35708547
0.35797304
0.35886505
0.35976154
0.36066249
0.36156797
0.36247802
0.36339265
0.36431193
0.36523587
0.36616448
0.36709782
0.36803597
0.36897892
0.36992669
0.37087935
0.37183693
0.37279946
0.37376702
0.37473959
0.37571642
0.37669918
0.37768710
0.37868020
0.37967855
0.38068217
0.38169110
0.38270539
0.38372511
0.38475028
0.38578090
0.38681710
0.38785887
0.38890627
0.38995934
0.39101809
0.39208266
0.39315301
0.39422923
0.39531136
0.39639944
0.39749354
0.39859369
0.39969996
0.40081236
0.40193006
0.40305495
0.40418613
0.40532371
0.40646768
0.40761814
0.40877512
0.40993869
0.41110891
0.41228583
0.41346952
0.41466001
0.41585737
0.41706166
0.41827297
0.41949034
0.42071581
0.42194843
0.42318833
0.42443553
0.42569011
0.42695212
0.42822164
0.42949873
0.43078345
0.43207589
0.43337610
0.43468419
0.43600017
0.43732414
0.43865618
0.43999636
0.44134477
0.44270146
0.44406649
0.44543999
0.44682202
0.44821265
0.44961196
0.45102003
0.45243695
0.45386279
0.45529765
0.45674163
0.45819476
0.45965719
0.46112901
0.46261024
0.46396074
0.46529236
0.46663287
0.46788517
0.46890199
0.46991581
0.47093278
0.47169277
0.47237498
0.47305915
0.47365203
0.47400898
0.47436267
0.47471690
0.47482455
0.47485748
0.47488660
0.47485620
0.47458655
0.47431844
0.47397363
0.47361928
0.47335729
0.47371128
0.47483215
0.99367058
0.99716640
1.00068116
1.00422657
1.00779712
1.01139319
1.01501501
1.01865697
1.02233100
1.02603173
1.02975345
1.03350818
1.03729033
1.04110038
1.04493845
1.04880488
1.05270016
1.05661809
1.06057167
1.06455493
1.06856823
1.07261193
1.07668638
1.08079183
1.08492208
1.08909070
1.09329152
1.09752488
1.10179114
1.10609066
1.11042392
1.11479115
1.11918592
1.12362266
1.12809455
1.13260233
1.13714612
1.14172661
1.14634418
1.15099168
1.15568459
1.16041601
1.16518629
1.16999590
1.17484534
1.17973518
1.18466604
1.18963015
1.19464409
1.19970059
1.20480001
1.20994294
1.21512997
1.22036171
1.22563016
1.23095286
1.23632205
1.24173820
1.24720204
1.25271416
1.25827527
1.26387703
1.26953781
1.27524960
1.28101313
1.28682888
1.29269767
1.29862022
1.30459726
1.31062007
1.31670833
1.32285357
1.32905638
1.33531761
1.34163809
1.34801865
1.35444999
1.36095333
1.36751950
1.37414920
1.38084364
1.38760352
1.39443004
1.40131295
1.40827525
1.41530704
1.42239821
1.42957211
1.43681884
1.44413936
0.31966433
0.32037547
0.32108974
0.32180724
0.32252795
0.32325187
0.32397908
0.32470953
0.32544330
0.32617980
0.32692024
0.32766405
0.32841125
0.32916188
0.32991594
0.33067346
0.33143446
0.33219898
0.33296701
0.33373863
0.33451384
0.33529264
0.33607507
0.33686116
0.33765095
0.33844447
0.33924168
0.34004205
0.34084684
0.34165546
0.34246790
0.34328422
0.34410447
0.34492862
0.34575674
0.34658882
0.34742495
0.34826511
0.34910935
0.34995767
0.25461760
0.35166678
0.35252759
0.35339266
0.35426196
0.35513556
0.35601348
0.35689571
0.35778236
0.35867345
0.35956895
0.36046895
0.36137345
0.36228251
0.36319616
0.36411443
0.36503738
0.36596498
0.36689731
0.36783442
0.36877632
0.36972308
0.37067467
0.37163121
0.37259269
0.37355915
0.37453064
0.37550640
0.37648806
0.37747484
0.37846684
0.37946406
0.38046655
0.38147435
0.38248748
0.38350603
0.38453001
0.38555947
0.38659447
0.38763502
0.38868123
0.38973308
0.39079061
0.39185393
0.39292303
0.39399800
0.39507884
0.39616567
0.39725846
0.39835730
0.39946225
0.40057334
0.40169063
0.40281415
0.40394399
0.40508020
0.40622279
0.40737185
0.40852746
0.40968961
0.41085839
0.41203389
0.41321611
0.41440514
0.41560104
0.41680387
0.41801366
0.41922951
0.42045346
0.42168456
0.42292291
0.42416853
0.42542154
0.42668194
0.42794985
0.42922533
0.43050840
0.43179920
0.43309775
0.43440413
0.43571842
0.43704069
0.43837100
0.43970942
0.44105607
0.44241098
0.44377422
0.44514593
0.44652611
0.44791490
0.44931233
0.45071852
0.45213357
0.45355749
0.45499042
0.45643243
0.45788363
0.45934406
0.46081385
0.46229306
0.46378180
0.46522546
0.46656436
0.46791101
0.46926668
0.47035539
0.47137424
0.47239754
0.47331703
0.47400647
0.47469538
0.47538629
0.47579673
0.47615564
0.47651383
0.47675887
0.47679207
0.47682402
0.47685468
0.47664398
0.47637227
0.47606015
0.47570264
0.47537869
0.47542313
0.47625375
0.47837198
0.99992794
1.00346792
1.00703311
1.01062369
1.01424003
1.01787055
1.02153897
1.02523398
1.02895570
1.03270471
1.03648102
1.04028499
1.04411101
1.04797137
1.05186033
1.05577838
1.05972564
1.06370258
1.06770945
1.07174659
1.07580793
1.07990670
1.08403671
1.08819854
1.09239244
1.09661889
1.10087800
1.10516357
1.10948956
1.11384952
1.11824381
1.12267303
1.12713742
1.13163745
1.13617349
1.14073884
1.14534843
1.14999533
1.15468013
1.15940320
1.16416514
1.16896629
1.17379951
1.17868066
1.18360257
1.18856573
1.19357073
1.19861805
1.20370829
1.20883369
1.21401119
1.21923316
1.22450042
1.22981322
1.23517239
1.24057853
1.24603212
1.25152516
1.25707567
1.26267564
1.26832569
1.27402663
1.27977896
1.28558350
1.29143155
1.29734242
1.30330777
1.30932820
1.31540453
1.32153749
1.32772791
1.33396661
1.34027433
1.34664190
1.35307038
1.35956049
1.36611307
1.37272918
1.37940979
1.38614476
1.39295685
1.39983618
1.40678382
1.41380072
1.42088807
1.42803526
1.43525481
1.44255936
1.44993865
0.32022274
0.32093635
0.32165316
0.32237315
0.32309639
0.32382289
0.32455266
0.32528570
0.32602209
0.32676181
0.32750490
0.32825139
0.32900125
0.32975459
0.33051136
0.33127162
0.33203539
0.33280268
0.33357352
0.33434796
0.33512598
0.33590764
0.33669296
0.33748195
0.33827466
0.33907109
0.33987063
0.34067461
0.34148240
0.34229404
0.34310955
0.34392893
0.34475225
0.34557950
0.34641075
0.34724602
0.34808531
0.29648861
0.27750254
0.25481990
0.25314820
0.25507808
0.35320753
0.35407591
0.35494861
0.35582557
0.35670692
0.35759261
0.35848275
0.35937729
0.36027634
0.36117989
0.36208797
0.36300063
0.36391792
0.36483985
0.36576647
0.36669779
0.36763388
0.36857474
0.36952046
0.37047100
0.37142649
0.37238690
0.37335229
0.37432271
0.37529737
0.37627795
0.37726364
0.37825453
0.37925062
0.38025197
0.38125864
0.38227063
0.38328803
0.38431084
0.38533914
0.38637292
0.38741231
0.38845730
0.38950792
0.39056426
0.39162633
0.39269421
0.39376789
0.39484748
0.39593303
0.39702454
0.39812207
0.39922571
0.40033549
0.40145144
0.40257365
0.40370214
0.40483698
0.40597820
0.40712589
0.40828007
0.40944082
0.41060820
0.41178223
0.41296303
0.41415060
0.41534501
0.41654634
0.41775465
0.41896901
0.42019042
0.42142001
0.42265677
0.42390084
0.42515224
0.42641106
0.42767736
0.42895120
0.43023267
0.43152180
0.43281868
0.43412337
0.43543595
0.43675652
0.43808508
0.43942177
0.44076666
0.44211978
0.44348124
0.44485113
0.44622949
0.44761643
0.44901198
0.45041630
0.45182943
0.45325145
0.45468244
0.45612249
0.45757172
0.45903015
0.46049792
0.46197513
0.46346182
0.46495813
0.46646410
0.46784213
0.46919739
0.47055557
0.47181529
0.47284177
0.47387019
0.47490308
0.47564545
0.47634169
0.47703740
0.47759929
0.47796223
0.47832441
0.47868589
0.47874382
0.47877729
0.47880948
0.47872064
0.47844657
0.47816509
0.47780570
0.47744429
0.47727275
0.47779289
0.47923100
1.00271046
1.00626457
1.00984967
1.01346040
1.01709127
1.02075398
1.02444327
1.02815938
1.03190243
1.03566682
1.03946495
1.04329097
1.04714525
1.05102813
1.05493987
1.05888093
1.06284511
1.06684554
1.07087612
1.07493734
1.07902944
1.08315289
1.08730793
1.09148824
1.09570754
1.09995961
1.10424495
1.10856366
1.11291635
1.11730325
1.12172496
1.12617469
1.13066697
1.13519537
1.13976014
1.14436173
1.14900064
1.15367723
1.15838456
1.16313815
1.16793084
1.17276323
1.17763567
1.18254888
1.18750322
1.19249928
1.19752944
1.20261037
1.20773458
1.21290267
1.21811521
1.22337270
1.22867572
1.23401642
1.23941243
1.24485576
1.25034714
1.25588715
1.26147652
1.26711583
1.27279675
1.27853799
1.28433120
1.29017723
1.29607666
1.30203032
1.30803895
1.31410325
1.32021427
1.32639229
1.33262837
1.33892345
1.34527814
1.35169351
1.35817039
1.36469913
1.37130153
1.37796819
1.38469994
1.39149773
1.39836264
1.40529561
1.41228640
1.41935849
1.42649031
1.43370581
1.44099450
1.44835782
1.45579672
0.32078364
0.32149976
0.32221910
0.32294163
0.32366744
0.32439649
0.32512885
0.32586452
0.32660353
0.32734591
0.32809165
0.32884079
0.32959339
0.33034942
0.33110893
0.33187196
0.33263850
0.33340856
0.33418223
0.33495951
0.33574039
0.33652428
0.33731249
0.33810440
0.33890003
0.33969876
0.34050193
0.34130889
0.34211969
0.34293437
0.34375292
0.34457541
0.34540182
0.34623221
0.34706661
0.32535231
0.30177137
0.28118256
0.25511062
0.25133136
0.25274885
0.25438437
0.25609684
0.35476112
0.35563719
0.35651758
0.35740235
0.35829154
0.35918513
0.36008319
0.36098579
0.36189288
0.36280456
0.36372086
0.36464179
0.36556739
0.36649770
0.36743277
0.36837262
0.36931726
0.37026680
0.37122121
0.37218058
0.37314489
0.37411422
0.37508780
0.37606728
0.37705186
0.37804163
0.37903661
0.38003683
0.38104236
0.38205320
0.38306943
0.38409108
0.38511819
0.38615081
0.38718900
0.38823277
0.38928220
0.39033729
0.39139813
0.39246476
0.39353719
0.39461553
0.39569977
0.39679000
0.39788625
0.39898857
0.40009704
0.40121168
0.40233251
0.40345967
0.40459311
0.40573299
0.40687928
0.40803206
0.40919140
0.41035736
0.41152996
0.41270930
0.41389540
0.41508836
0.41628820
0.41749501
0.41870883
0.41992873
0.42115676
0.42239201
0.42363450
0.42488435
0.42614159
0.42740628
0.42867848
0.42995831
0.43124580
0.43254101
0.43384403
0.43515494
0.43647379
0.43780065
0.43913558
0.44047871
0.44183007
0.44318974
0.44455782
0.44593436
0.44731945
0.44871318
0.45011562
0.45152685
0.45294696
0.45437604
0.45581415
0.45726138
0.45871785
0.46018365
0.46165881
0.46314347
0.46463770
0.46614161
0.46765530
0.46912691
0.47048593
0.47185281
0.47322768
0.47431716
0.47535202
0.47639269
0.47729579
0.47799945
0.47870132
0.47940525
0.47978127
0.48014754
0.48051304
0.48071158
0.48074535
0.48077908
0.48081157
0.48053899
0.48026282
0.47992617
0.47956282
0.47926584
0.47945303
0.48050913
1.00550294
1.00908256
1.01268780
1.01631892
1.01997030
1.02364802
1.02735829
1.03109550
1.03486001
1.03865218
1.04247224
1.04632044
1.05019724
1.05409658
1.05803120
1.06199539
1.06598938
1.07001352
1.07406819
1.07815373
1.08226383
1.08641195
1.09059215
1.09480453
1.09904957
1.10332775
1.10763931
1.11197770
1.11635733
1.12077153
1.12522078
1.12970543
1.13422608
1.13878298
1.14337671
1.14800024
1.15266871
1.15737534
1.16212058
1.16690493
1.17172873
1.17659259
1.18148923
1.18643475
1.19142175
1.19645083
1.20152259
1.20663750
1.21179628
1.21699083
1.22223866
1.22753191
1.23287117
1.23825705
1.24369025
1.24917138
1.25470102
1.26027083
1.26589930
1.27157843
1.27730858
1.28309071
1.28892541
1.29481339
1.30074584
1.30674267
1.31279492
1.31890345
1.32506919
1.33129287
1.33757520
1.34391713
1.35030925
1.35677290
1.36329865
1.36988747
1.37654018
1.38325799
1.39004159
1.39688122
1.40379941
1.41078651
1.41784358
1.42496014
1.43216002
1.43943310
1.44676852
1.45419109
1.46169019
0.32134596
0.32206461
0.32278645
0.32351154
0.32423991
0.32497156
0.32570651
0.32644480
0.32718647
0.32793146
0.32867989
0.32943174
0.33018705
0.33094579
0.33170807
0.33247384
0.33324316
0.33401605
0.33479255
0.33557266
0.33635640
0.33714381
0.33793494
0.33872977
0.33952770
0.34033006
0.34113622
0.34194621
0.34276003
0.34357777
0.34439939
0.34522498
0.34605449
0.34688804
0.33051381
0.30572182
0.28497425
0.25664923
0.25458995
0.25089103
0.25231320
0.25394416
0.25547603
0.25719211
0.35632917
0.35721302
0.35810125
0.35899389
0.35989100
0.36079261
0.36169875
0.36260948
0.36352476
0.36444470
0.36536929
0.36629862
0.36723265
0.36817145
0.36911508
0.37006357
0.37101695
0.37197524
0.37293848
0.37390676
0.37488005
0.37585765
0.37684113
0.37782979
0.37882364
0.37982276
0.38082713
0.38183683
0.38285193
0.38387242
0.38489836
0.38592979
0.38696679
0.38800937
0.38905755
0.39011145
0.39117107
0.39223644
0.39330763
0.39438471
0.39546770
0.39655665
0.39765161
0.39875263
0.39985976
0.40097308
0.40209258
0.40321839
0.40435049
0.40548897
0.40663388
0.40778530
0.40894324
0.41010776
0.41127893
0.41245684
0.41364148
0.41483298
0.41603136
0.41723666
0.41844898
0.41966736
0.42089286
0.42212656
0.42336750
0.42461577
0.42587140
0.42713448
0.42840508
0.42968327
0.43096912
0.43226266
0.43356401
0.43487322
0.43619034
0.43751547
0.43884867
0.44019005
0.44153965
0.44289753
0.44426379
0.44563851
0.44702175
0.44841364
0.44981420
0.45122352
0.45264173
0.45406887
0.45550504
0.45695034
0.45840481
0.45986858
0.46134174
0.46282434
0.46431655
0.46581838
0.46732995
0.46885136
0.47038272
0.47178277
0.47315723
0.47453973
0.47579801
0.47684318
0.47789037
0.47894219
0.47966620
0.48037559
0.48108447
0.48161423
0.48198327
0.48235419
0.48269561
0.48272964
0.48276368
0.48279771
0.48265108
0.48237249
0.48206291
0.48168722
0.48131859
0.48127565
0.48196110
0.48376867
1.01191056
1.01553607
1.01918185
1.02285981
1.02656436
1.03029573
1.03405452
1.03784072
1.04164863
1.04549074
1.04936135
1.05326068
1.05718923
1.06114709
1.06513464
1.06914592
1.07319403
1.07727277
1.08138275
1.08552420
1.08969748
1.09390295
1.09814107
1.10240531
1.10670960
1.11104774
1.11541986
1.11982667
1.12426841
1.12874556
1.13325119
1.13780034
1.14238608
1.14700890
1.15166938
1.15636790
1.16110480
1.16588068
1.17068839
1.17554367
1.18043935
1.18537605
1.19035411
1.19537425
1.20043683
1.20553434
1.21068358
1.21587694
1.22111511
1.22639859
1.23172796
1.23710394
1.24251831
1.24798906
1.25350821
1.25907636
1.26469409
1.27036238
1.27608156
1.28184330
1.28766668
1.29354310
1.29947340
1.30545843
1.31149876
1.31759524
1.32374871
1.32994998
1.33621967
1.34254873
1.34893811
1.35538852
1.36190093
1.36847615
1.37510467
1.38180840
1.38857782
1.39541376
1.40231752
1.40928984
1.41633189
1.42343318
1.43060613
1.43786335
1.44519460
1.45260096
1.46008360
1.46764374
0.32191083
0.32263198
0.32335639
0.32408407
0.32481501
0.32554924
0.32628682
0.32702777
0.32777205
0.32851976
0.32927087
0.33002543
0.33078346
0.33154434
0.33230937
0.33307794
0.33385006
0.33462575
0.33540508
0.33618805
0.33697468
0.33776501
0.33855903
0.33935618
0.34015772
0.34096307
0.34177223
0.34258524
0.34340212
0.34422290
0.34504762
0.34587631
0.34670898
0.34754568
0.30932221
0.28861526
0.27208042
0.25448656
0.24915272
0.25049382
0.25189507
0.25346467
0.25500646
0.25655675
0.25829193
0.35791042
0.35880214
0.35969830
0.36059892
0.36150411
0.36241382
0.36332813
0.36424708
0.36517066
0.36609897
0.36703199
0.36796978
0.36891237
0.36985981
0.37081212
0.37176937
0.37273157
0.37369874
0.37467095
0.37564746
0.37662983
0.37761739
0.37861013
0.37960809
0.38061133
0.38161990
0.38263384
0.38365316
0.38467792
0.38570818
0.38674399
0.38778535
0.38883236
0.38988501
0.39094338
0.39200753
0.39307749
0.39415330
0.39523500
0.39632267
0.39741632
0.39851606
0.39962187
0.40073386
0.40185204
0.40297648
0.40410721
0.40524435
0.40638787
0.40753788
0.40869442
0.40985751
0.41102728
0.41220373
0.41338694
0.41457695
0.41577384
0.41697764
0.41818845
0.41940534
0.42063031
0.42186245
0.42310184
0.42434853
0.42560259
0.42686406
0.42813307
0.42940962
0.43069384
0.43198571
0.43328539
0.43459290
0.43590835
0.43723175
0.43856326
0.43990287
0.44125068
0.44260678
0.44397125
0.44534415
0.44672558
0.44811562
0.44951430
0.45092177
0.45233807
0.45376331
0.45519751
0.45664087
0.45809337
0.45955515
0.46102628
0.46250689
0.46399701
0.46549678
0.46700627
0.46852556
0.47005481
0.47159404
0.47308555
0.47446889
0.47585651
0.47725484
0.47834113
0.47939879
0.48045596
0.48134464
0.48205897
0.48277676
0.48346123
0.48383310
0.48420689
0.48457995
0.48473036
0.48476204
0.48478583
0.48475018
0.48445994
0.48417002
0.48379761
0.48342052
0.48314628
0.48359519
0.48492053
1.01476038
1.01840055
1.02207279
1.02577162
1.02949131
1.03324413
1.03702450
1.04083252
1.04466856
1.04853308
1.05242634
1.05634844
1.06029367
1.06427491
1.06828606
1.07232761
1.07639992
1.08050311
1.08463788
1.08879769
1.09299612
1.09722722
1.10149109
1.10578835
1.11011922
1.11448407
1.11887646
1.12331069
1.12778008
1.13228524
1.13682663
1.14140451
1.14601946
1.15067184
1.15535462
1.16008329
1.16485071
1.16965759
1.17450428
1.17939126
1.18431914
1.18928039
1.19429147
1.19934487
1.20444131
1.20958114
1.21476507
1.21999359
1.22526741
1.23057842
1.23594427
1.24135721
1.24681771
1.25232637
1.25788403
1.26349127
1.26913953
1.27484775
1.28060758
1.28641963
1.29228473
1.29820347
1.30417681
1.31019557
1.31628001
1.32242107
1.32861984
1.33487689
1.34119332
1.34756970
1.35400701
1.36049569
1.36705732
1.37368262
1.38037252
1.38712776
1.39394951
1.40083873
1.40778518
1.41481209
1.42190957
1.42906713
1.43630874
1.44362402
1.45101428
1.45846856
1.46601200
1.47363377
0.32247710
0.32320082
0.32392779
0.32465801
0.32539156
0.32612842
0.32686862
0.32761219
0.32835916
0.32910955
0.32986334
0.33062062
0.33138138
0.33214566
0.33291346
0.33368483
0.33445978
0.33523834
0.33602053
0.33680636
0.33759588
0.33838913
0.33918610
0.33998621
0.34079072
0.34159905
0.34241125
0.34322730
0.34404725
0.34487113
0.34569898
0.34653080
0.34736663
0.31121013
0.29133993
0.27565980
0.25438690
0.24747755
0.24875961
0.25009790
0.25149116
0.25299060
0.25453132
0.25604269
0.25761122
0.25932145
0.35950649
0.36040619
0.36131039
0.36221913
0.36313245
0.36405039
0.36497301
0.36590028
0.36683229
0.36776906
0.36871064
0.36965704
0.37060830
0.37156448
0.37252563
0.37349173
0.37446287
0.37543827
0.37641957
0.37740603
0.37839764
0.37939450
0.38039660
0.38140404
0.38241681
0.38343498
0.38445857
0.38548768
0.38652226
0.38756245
0.38860825
0.38965970
0.39071685
0.39177975
0.39284846
0.39392301
0.39500347
0.39608985
0.39718223
0.39828065
0.39938515
0.40049583
0.40161267
0.40273577
0.40386519
0.40500093
0.40614307
0.40729171
0.40844682
0.40960854
0.41077685
0.41195187
0.41313365
0.41432220
0.41551760
0.41671994
0.41792926
0.41914460
0.42036805
0.42159867
0.42283651
0.42408162
0.42533410
0.42659399
0.42786139
0.42913529
0.43041784
0.43170810
0.43300608
0.43431193
0.43562564
0.43694735
0.43827710
0.43961495
0.44096100
0.44231534
0.44367799
0.44504911
0.44642869
0.44781685
0.44921368
0.45061928
0.45203367
0.45345697
0.45488927
0.45633063
0.45778117
0.45924094
0.46071008
0.46218863
0.46367672
0.46517441
0.46668181
0.46819898
0.46972609
0.47126317
0.47281036
0.47436774
0.47578529
0.47718319
0.47858936
0.47984853
0.48091289
0.48198068
0.48303485
0.48375422
0.48447707
0.48520073
0.48569721
0.48607388
0.48644051
0.48672116
0.48674512
0.48676905
0.48679301
0.48656017
0.48626775
0.48592660
0.48554486
0.48521000
0.48529863
0.48630759
1.01762033
1.02128112
1.02497423
1.02869415
1.03244114
1.03621554
1.04001760
1.04384768
1.04769993
1.05158699
1.05550289
1.05944812
1.06342292
1.06742764
1.07146275
1.07552183
1.07961845
1.08374631
1.08790600
1.09209764
1.09632170
1.10057855
1.10486865
1.10918534
1.11354291
1.11793482
1.12236154
1.12682343
1.13132095
1.13585448
1.14041734
1.14502418
1.14966846
1.15435064
1.15907097
1.16383016
1.16862857
1.17346680
1.17833734
1.18325639
1.18821669
1.19321871
1.19826305
1.20335019
1.20848072
1.21364701
1.21886587
1.22412992
1.22943950
1.23479545
1.24019825
1.24564850
1.25113809
1.25668514
1.26228166
1.26792824
1.27362549
1.27937424
1.28517509
1.29102874
1.29692662
1.30288804
1.30890465
1.31497693
1.32110596
1.32729232
1.33353686
1.33983040
1.34619379
1.35261798
1.35910368
1.36565197
1.37226355
1.37893951
1.38568079
1.39247739
1.39935195
1.40629482
1.41330683
1.42038918
1.42753136
1.43475735
1.44204521
1.44941914
1.45686901
1.46439588
1.47200084
1.47968519
0.32304597
0.32377222
0.32450175
0.32523459
0.32597074
0.32671022
0.32745308
0.32819933
0.32894897
0.32970205
0.33045858
0.33121860
0.33198214
0.33274919
0.33351979
0.33429396
0.33507174
0.33585313
0.33663821
0.33742693
0.33821937
0.33901492
0.33981419
0.34061790
0.34142542
0.34223679
0.34305200
0.34387112
0.34469417
0.34552115
0.34635213
0.34718710
0.31406486
0.29381412
0.27845454
0.25428587
0.24590591
0.24709965
0.24838194
0.24971896
0.25109205
0.25253657
0.25405687
0.25554755
0.25706694
0.25866690
0.26036683
0.36111614
0.36202392
0.36293626
0.36385322
0.36477479
0.36570108
0.36663207
0.36756781
0.36850837
0.36945373
0.37040395
0.37135908
0.37231913
0.37328416
0.37425423
0.37522855
0.37620875
0.37719408
0.37818459
0.37918034
0.38018131
0.38118759
0.38219923
0.38321623
0.38423866
0.38526657
0.38630000
0.38733897
0.38838354
0.38943377
0.39048970
0.39155138
0.39261883
0.39369214
0.39477131
0.39585641
0.39694750
0.39804465
0.39914784
0.40025717
0.40137270
0.40249446
0.40362251
0.40475687
0.40589765
0.40704489
0.40819862
0.40935892
0.41052583
0.41169938
0.41287971
0.41406679
0.41526073
0.41646156
0.41766939
0.41888422
0.42010516
0.42133421
0.42257050
0.42381406
0.42506495
0.42632324
0.42758903
0.42886233
0.43014327
0.43143186
0.43272817
0.43403235
0.43534437
0.43666437
0.43799239
0.43932852
0.44067281
0.44202536
0.44338626
0.44475552
0.44613332
0.44751963
0.44891462
0.45031831
0.45173082
0.45315221
0.45458257
0.45602199
0.45747057
0.45892838
0.46039549
0.46187204
0.46335807
0.46485370
0.46635902
0.46787411
0.46939906
0.47093403
0.47247905
0.47403422
0.47559842
0.47711030
0.47851729
0.47993132
0.48135376
0.48243657
0.48351112
0.48459050
0.48546144
0.48618940
0.48691821
0.48756239
0.48792991
0.48829800
0.48866662
0.48874444
0.48876861
0.48879278
0.48868003
0.48838508
0.48807439
0.48768929
0.48730344
0.48719540
0.48780689
0.48957250
1.02418399
1.02789807
1.03163934
1.03540182
1.03919792
1.04302192
1.04687428
1.05075514
1.05466485
1.05860376
1.06257224
1.06656420
1.07059276
1.07465184
1.07874167
1.08286297
1.08701575
1.09120047
1.09541082
1.09966063
1.10394359
1.10825992
1.11261022
1.11699474
1.12141407
1.12586844
1.13035107
1.13487685
1.13943911
1.14403808
1.14867437
1.15334833
1.15806055
1.16280377
1.16759372
1.17242336
1.17729306
1.18220329
1.18715477
1.19214785
1.19717503
1.20225298
1.20737422
1.21253920
1.21774852
1.22300279
1.22830272
1.23364866
1.23903286
1.24447286
1.24996078
1.25549746
1.26108336
1.26671910
1.27240551
1.27813399
1.28392363
1.28976595
1.29566157
1.30161142
1.30761611
1.31367660
1.31978357
1.32595754
1.33218956
1.33848047
1.34483099
1.35124207
1.35771465
1.36424947
1.37083685
1.37749898
1.38422608
1.39101923
1.39787948
1.40480757
1.41180480
1.41886067
1.42598748
1.43319786
1.44048142
1.44783938
1.45527303
1.46278334
1.47037148
1.47802651
1.48577416
0.32361624
0.32434508
0.32507721
0.32581264
0.32655141
0.32729355
0.32803905
0.32878795
0.32954031
0.33029610
0.33105537
0.33181813
0.33258441
0.33335426
0.33412766
0.33490467
0.33568531
0.33646956
0.33725753
0.33804917
0.33884454
0.33964303
0.34044594
0.34125262
0.34206316
0.34287757
0.34369585
0.34451804
0.34534419
0.34617430
0.34700841
0.31821570
0.29656619
0.28070188
0.25417224
0.24440813
0.24549656
0.24674821
0.24803169
0.24935934
0.25071824
0.25213629
0.25359288
0.25506929
0.25656191
0.25813648
0.25974566
0.26139265
0.36274099
0.36365697
0.36457756
0.36550283
0.36643282
0.36736757
0.36830705
0.36925140
0.37020057
0.37115464
0.37211365
0.37307763
0.37404662
0.37501985
0.37599897
0.37698320
0.37797260
0.37896720
0.37996706
0.38097221
0.38198268
0.38299856
0.38401982
0.38504654
0.38607880
0.38711658
0.38815996
0.38920897
0.39026368
0.39132413
0.39239034
0.39346239
0.39454031
0.39562413
0.39671394
0.39780977
0.39891168
0.40001971
0.40113389
0.40225434
0.40338102
0.40451404
0.40565345
0.40679932
0.40795165
0.40911052
0.41027603
0.41144815
0.41262701
0.41381267
0.41500515
0.41620451
0.41741082
0.41862413
0.41984355
0.42107108
0.42230582
0.42354783
0.42479715
0.42605385
0.42731804
0.42858869
0.42986798
0.43115494
0.43244958
0.43375206
0.43506241
0.43638068
0.43770698
0.43904135
0.44038391
0.44173467
0.44309378
0.44446126
0.44583720
0.44722167
0.44861481
0.45001662
0.45142722
0.45284671
0.45427513
0.45571262
0.45715922
0.45861503
0.46008015
0.46155468
0.46303865
0.46453223
0.46603546
0.46754843
0.46907130
0.47060409
0.47214693
0.47369993
0.47526193
0.47683552
0.47841954
0.47985628
0.48127955
0.48271000
0.48396993
0.48505133
0.48613894
0.48718074
0.48790583
0.48863041
0.48935714
0.48979881
0.49016970
0.49054119
0.49075758
0.49078465
0.49080899
0.49081847
0.49051955
0.49022236
0.48985273
0.48946345
0.48916483
0.48951998
0.49075353
1.02709746
1.03083277
1.03459537
1.03838563
1.04220366
1.04604983
1.04992461
1.05382192
1.05775464
1.06171668
1.06570852
1.06973064
1.07378304
1.07786644
1.08197439
1.08612037
1.09029818
1.09450829
1.09875107
1.10302687
1.10733616
1.11167908
1.11604929
1.12046111
1.12490785
1.12939012
1.13390815
1.13846254
1.14305365
1.14767456
1.15234041
1.15704429
1.16178679
1.16656840
1.17138946
1.17625058
1.18115211
1.18608689
1.19107091
1.19609714
1.20116591
1.20627773
1.21143341
1.21663320
1.22186947
1.22715950
1.23249555
1.23787820
1.24330807
1.24878573
1.25431192
1.25988722
1.26550341
1.27117884
1.27690542
1.28268385
1.28851485
1.29439902
1.30033731
1.30632067
1.31236899
1.31847370
1.32463539
1.33085489
1.33713317
1.34347081
1.34985876
1.35631800
1.36283934
1.36942375
1.37607205
1.38278520
1.38956416
1.39640999
1.40331244
1.41029477
1.41734684
1.42445838
1.43165326
1.43892109
1.44626307
1.45366859
1.46116233
1.46873367
1.47638381
1.48411417
1.49192595
0.32418913
0.32492054
0.32565528
0.32639334
0.32713473
0.32787952
0.32862771
0.32937932
0.33013436
0.33089289
0.33165491
0.33242044
0.33318952
0.33396217
0.33473840
0.33551827
0.33630174
0.33708829
0.33787912
0.33867371
0.33947137
0.34027347
0.34107935
0.34188905
0.34270263
0.34352008
0.34434143
0.34516671
0.34599599
0.34682924
0.31955874
0.29894042
0.28256401
0.25409278
0.24312955
0.24394724
0.24517566
0.24642813
0.24771415
0.24903281
0.25038847
0.25176182
0.25319716
0.25462672
0.25610125
0.25762948
0.25922403
0.26079485
0.26243123
0.26448736
0.36530405
0.36623302
0.36716676
0.36810523
0.36904851
0.36999667
0.37094969
0.37190762
0.37287053
0.37383842
0.37481138
0.37578860
0.37677175
0.37776002
0.37875351
0.37975225
0.38075626
0.38176560
0.38278028
0.38380039
0.38482597
0.38585702
0.38689360
0.38793579
0.38898361
0.39003709
0.39109629
0.39216125
0.39323205
0.39430872
0.39539126
0.39647979
0.39757434
0.39867494
0.39978164
0.40089449
0.40201357
0.40313894
0.40427059
0.40540862
0.40655309
0.40770403
0.40886152
0.41002557
0.41119629
0.41237369
0.41355789
0.41474888
0.41594678
0.41715160
0.41836342
0.41958129
0.42080730
0.42204049
0.42328092
0.42452866
0.42578378
0.42704636
0.42831644
0.42959410
0.43087938
0.43217242
0.43347320
0.43478185
0.43609843
0.43742302
0.43875566
0.44009647
0.44144547
0.44280276
0.44416845
0.44554257
0.44692525
0.44831651
0.44971645
0.45112517
0.45254275
0.45396927
0.45540482
0.45684946
0.45830330
0.45976642
0.46123892
0.46272087
0.46421239
0.46571356
0.46722445
0.46874517
0.47027585
0.47181654
0.47336736
0.47492716
0.47649851
0.47808033
0.47967267
0.48120409
0.48263538
0.48407522
0.48551306
0.48660141
0.48769462
0.48878604
0.48962501
0.49035472
0.49108657
0.49168071
0.49205720
0.49243155
0.49278736
0.49281466
0.49284056
0.49286515
0.49267414
0.49237299
0.49203408
0.49164268
0.49128041
0.49131700
0.49224499
0.49497023
1.03379023
1.03757453
1.04138660
1.04522073
1.04908931
1.05298662
1.05691302
1.06086874
1.06485426
1.06886983
1.07290936
1.07698607
1.08109379
1.08523297
1.08940399
1.09360731
1.09784305
1.10210490
1.10640693
1.11074269
1.11511242
1.11951685
1.12395608
1.12843072
1.13294113
1.13748038
1.14206362
1.14668381
1.15134168
1.15603745
1.16077161
1.16554487
1.17034972
1.17520213
1.18009496
1.18502879
1.19000399
1.19502115
1.20008075
1.20518339
1.21032131
1.21551168
1.22074664
1.22602689
1.23135304
1.23672569
1.24214542
1.24760413
1.25311983
1.25868452
1.26429892
1.26996350
1.27567923
1.28144646
1.28725696
1.29312956
1.29905617
1.30503726
1.31107378
1.31716633
1.32331574
1.32952285
1.33577847
1.34210336
1.34848845
1.35493457
1.36144257
1.36801338
1.37464797
1.38133657
1.38810134
1.39493263
1.40183163
1.40879905
1.41583622
1.42293251
1.43010044
1.43735254
1.44467854
1.45207953
1.45955682
1.46711147
1.47474480
1.48245800
1.49023974
1.49811625
0.32476345
0.32549748
0.32623482
0.32697549
0.32771957
0.32846701
0.32921788
0.32997221
0.33072996
0.33149123
0.33225602
0.33302432
0.33379620
0.33457169
0.33535075
0.33613345
0.33691984
0.33770990
0.33850366
0.33930120
0.34010181
0.34090689
0.34171578
0.34252852
0.34334514
0.34416568
0.34499010
0.34581852
0.34665093
0.32437050
0.30125657
0.28401801
0.25405034
0.25406414
0.24244837
0.24364305
0.24487010
0.24612284
0.24740462
0.24872276
0.25005257
0.25141940
0.25282818
0.25424340
0.25566059
0.25714195
0.25871277
0.26026443
0.26184985
0.26349330
0.26548025
0.36696690
0.36790437
0.36884663
0.36979374
0.37074572
0.37170261
0.37266445
0.37363127
0.37460315
0.37557927
0.37656131
0.37754852
0.37854087
0.37953848
0.38054135
0.38154957
0.38256311
0.38358206
0.38460645
0.38563633
0.38667172
0.38771272
0.38875932
0.38981158
0.39086956
0.39193329
0.39300284
0.39407825
0.39515954
0.39624679
0.39734003
0.39843935
0.39954475
0.40065628
0.40177402
0.40289804
0.40402836
0.40516502
0.40630808
0.40745765
0.40861374
0.40977639
0.41094568
0.41212165
0.41330439
0.41449392
0.41569033
0.41689366
0.41810399
0.41932037
0.42054483
0.42177647
0.42301536
0.42426154
0.42551509
0.42677605
0.42804453
0.42932054
0.43060422
0.43189558
0.43319470
0.43450168
0.43581656
0.43713942
0.43846926
0.43980831
0.44115555
0.44251105
0.44387493
0.44524726
0.44662806
0.44801748
0.44941556
0.45082241
0.45223808
0.45366269
0.45509627
0.45653898
0.45799083
0.45945194
0.46092242
0.46240234
0.46389180
0.46539089
0.46689969
0.46841830
0.46994683
0.47148538
0.47303402
0.47459286
0.47616073
0.47774032
0.47933039
0.48093107
0.48254248
0.48399886
0.48544687
0.48690221
0.48815873
0.48925224
0.49035066
0.49135363
0.49209121
0.49282828
0.49356759
0.49395657
0.49433517
0.49471298
0.49486151
0.49489042
0.49491519
0.49484774
0.49454391
0.49423635
0.49384144
0.49344581
0.49325985
0.49383458
0.49551862
1.03675866
1.04056478
1.04439890
1.04826140
1.05215251
1.05607271
1.06001592
1.06399500
1.06800413
1.07204354
1.07611358
1.08021462
1.08434713
1.08851135
1.09270096
1.09692967
1.10119128
1.10548615
1.10981464
1.11417711
1.11857414
1.12299883
1.12746584
1.13196850
1.13650727
1.14108253
1.14569485
1.15034461
1.15503228
1.15975070
1.16451550
1.16931951
1.17416346
1.17904758
1.18397260
1.18893886
1.19393897
1.19898939
1.20408285
1.20921957
1.21440041
1.21962583
1.22489643
1.23020422
1.23556685
1.24097633
1.24643350
1.25193882
1.25749302
1.26309669
1.26875055
1.27444613
1.28020227
1.28601074
1.29187202
1.29778707
1.30375648
1.30978107
1.31585181
1.32198894
1.32818365
1.33443666
1.34074879
1.34712088
1.35355389
1.36003828
1.36659551
1.37321639
1.37990165
1.38665235
1.39346933
1.40035379
1.40730655
1.41431749
1.42140996
1.42856252
1.43579888
1.44310904
1.45049393
1.45795488
1.46548092
1.47309721
1.48079300
1.48856974
1.49642861
1.50437081
0.32534042
0.32607704
0.32681701
0.32756034
0.32830706
0.32905722
0.32981080
0.33056784
0.33132833
0.33209237
0.33285993
0.33363104
0.33440575
0.33518404
0.33596596
0.33675155
0.33754084
0.33833382
0.33913052
0.33993036
0.34073463
0.34154204
0.34235394
0.34316975
0.34398943
0.34481370
0.34564126
0.34647280
0.33071217
0.30393499
0.28540099
0.25403222
0.25395864
0.24096815
0.24213605
0.24334393
0.24456999
0.24582338
0.24709244
0.24840967
0.24973157
0.25108072
0.25247279
0.25387099
0.25526208
0.25670621
0.25819752
0.25974414
0.26131207
0.26291576
0.26456442
0.26647940
0.36864421
0.36959025
0.37054119
0.37149704
0.37245780
0.37342358
0.37439436
0.37536940
0.37635034
0.37733641
0.37832767
0.37932417
0.38032591
0.38133296
0.38234535
0.38336313
0.38438636
0.38541505
0.38644928
0.38748905
0.38853446
0.38958549
0.39064226
0.39170474
0.39277303
0.39384717
0.39492720
0.39601317
0.39710513
0.39820313
0.39930722
0.40041745
0.40153387
0.40265653
0.40378547
0.40492079
0.40606248
0.40721065
0.40836531
0.40952656
0.41069442
0.41186896
0.41305023
0.41423830
0.41543323
0.41663507
0.41784391
0.41905975
0.42028171
0.42151180
0.42274913
0.42399374
0.42524570
0.42650506
0.42777193
0.42904633
0.43032834
0.43161806
0.43291551
0.43422079
0.43553397
0.43685511
0.43818429
0.43952161
0.44086710
0.44222084
0.44358292
0.44495341
0.44633242
0.44771999
0.44911623
0.45052117
0.45193496
0.45335764
0.45478931
0.45623004
0.45767996
0.45913908
0.46060756
0.46208546
0.46357286
0.46506989
0.46657661
0.46809310
0.46961951
0.47115591
0.47270238
0.47425905
0.47582471
0.47740203
0.47898987
0.48058829
0.48219740
0.48381734
0.48537010
0.48682630
0.48828861
0.48971796
0.49081981
0.49192530
0.49303576
0.49383870
0.49458238
0.49532697
0.49586925
0.49625355
0.49663571
0.49692547
0.49695322
0.49698234
0.49700731
0.49673408
0.49642655
0.49605992
0.49566075
0.49533385
0.49559036
0.49677983
1.03975034
1.04357839
1.04743481
1.05131364
1.05522752
1.05917072
1.06314349
1.06714606
1.07117903
1.07524252
1.07933044
1.08345616
1.08761346
1.09180284
1.09602463
1.10027921
1.10456693
1.10888827
1.11323643
1.11762595
1.12205029
1.12650967
1.13100469
1.13553572
1.14010322
1.14470017
1.14934182
1.15402126
1.15873897
1.16349542
1.16829109
1.17312646
1.17799425
1.18291044
1.18786776
1.19286692
1.19790816
1.20299232
1.20811987
1.21329129
1.21849871
1.22375953
1.22906601
1.23441863
1.23981810
1.24526513
1.25076008
1.25629497
1.26188791
1.26753092
1.27322459
1.27896976
1.28476691
1.29061687
1.29651093
1.30246854
1.30848122
1.31454968
1.32067466
1.32685697
1.33309746
1.33939695
1.34574604
1.35216582
1.35864723
1.36519110
1.37179828
1.37846971
1.38520634
1.39199829
1.39886808
1.40580618
1.41281331
1.41989064
1.42702782
1.43424869
1.44154298
1.44890010
1.45634460
1.46386600
1.47146547
1.47914422
1.48690355
1.49474478
1.50265634
1.51066506
0.32591882
0.32665807
0.32740068
0.32814670
0.32889611
0.32964894
0.33040524
0.33116499
0.33192825
0.33269507
0.33346543
0.33423933
0.33501688
0.33579803
0.33658281
0.33737129
0.33816350
0.33895940
0.33975843
0.34056187
0.34136912
0.34218022
0.34299517
0.34381402
0.34463677
0.34546348
0.34629416
0.34712887
0.30669633
0.28658003
0.25504300
0.25386304
0.23951750
0.24066614
0.24186988
0.24308307
0.24430850
0.24554701
0.24680363
0.24808805
0.24941315
0.25076380
0.25212878
0.25350872
0.25490019
0.25629556
0.25775856
0.25924703
0.26079407
0.26238289
0.26399350
0.26564625
0.26748410
0.37033767
0.37129244
0.37225217
0.37321687
0.37418658
0.37516055
0.37614039
0.37712535
0.37811550
0.37911087
0.38011149
0.38111740
0.38212866
0.38314530
0.38416734
0.38519487
0.38622791
0.38726649
0.38831070
0.38936052
0.39041606
0.39147732
0.39254439
0.39361727
0.39469603
0.39578071
0.39687139
0.39796811
0.39907089
0.40017980
0.40129489
0.40241620
0.40354380
0.40467775
0.40581807
0.40696487
0.40811813
0.40927798
0.41044441
0.41161752
0.41279736
0.41398397
0.41517743
0.41637778
0.41758510
0.41879946
0.42001989
0.42124847
0.42248425
0.42372727
0.42497766
0.42623547
0.42750069
0.42877349
0.43005389
0.43134195
0.43263772
0.43394133
0.43525177
0.43657118
0.43789864
0.43923420
0.44057792
0.44192988
0.44329017
0.44465888
0.44603604
0.44742176
0.44881612
0.45021921
0.45163110
0.45305187
0.45448160
0.45592040
0.45736831
0.45882547
0.46029192
0.46176779
0.46325314
0.46474811
0.46625274
0.46776715
0.46929142
0.47082564
0.47236997
0.47392443
0.47548789
0.47706297
0.47864854
0.48024470
0.48185149
0.48346910
0.48509762
0.48673713
0.48821095
0.48968157
0.49115977
0.49239615
0.49350873
0.49462637
0.49559587
0.49634764
0.49709892
0.49779540
0.49818271
0.49857202
0.49895632
0.49903467
0.49906406
0.49909064
0.49894375
0.49863347
0.49829847
0.49789566
0.49750322
0.49748653
0.49833053
0.50082630
1.04660344
1.05048227
1.05438995
1.05832684
1.06229329
1.06628954
1.07030952
1.07436633
1.07845414
1.08257318
1.08672369
1.09090626
1.09512115
1.09936190
1.10364234
1.10795641
1.11230433
1.11668646
1.12110329
1.12555516
1.13003540
1.13455868
1.13911819
1.14371467
1.14834833
1.15301967
1.15772915
1.16247725
1.16725683
1.17208362
1.17695045
1.18185794
1.18680644
1.19179666
1.19682896
1.20189583
1.20701396
1.21217585
1.21738207
1.22263324
1.22792983
1.23327267
1.23865342
1.24409008
1.24957478
1.25510788
1.26069033
1.26632261
1.27200544
1.27773952
1.28351629
1.28935480
1.29524672
1.30119276
1.30719364
1.31325006
1.31936300
1.32552314
1.33175099
1.33803773
1.34438407
1.35079086
1.35725904
1.36378956
1.37038314
1.37703013
1.38375258
1.39054120
1.39739656
1.40432000
1.41131222
1.41837454
1.42548501
1.43269026
1.43996871
1.44732141
1.45474970
1.46225452
1.46983731
1.47748673
1.48522866
1.49305212
1.50095856
1.50894904
1.51702511
0.32649991
0.32724178
0.32798707
0.32873574
0.32948783
0.33024341
0.33100241
0.33176494
0.33253098
0.33330056
0.33407372
0.33485049
0.33563086
0.33641487
0.33720258
0.33799398
0.33878908
0.33958730
0.34038994
0.34119639
0.34200665
0.34282011
0.34363812
0.34446004
0.34528589
0.34611574
0.34694958
0.30911109
0.28782701
0.25639340
0.25376785
0.23822695
0.23921043
0.24039994
0.24160823
0.24282442
0.24405092
0.24529426
0.24655408
0.24783555
0.24914086
0.25047550
0.25183237
0.25319102
0.25454223
0.25592634
0.25734121
0.25882298
0.26032382
0.26186141
0.26346368
0.26508725
0.26673016
0.26856324
0.37204599
0.37300962
0.37397823
0.37495193
0.37592986
0.37691376
0.37790278
0.37889704
0.37989652
0.38090128
0.38191140
0.38292688
0.38394776
0.38497409
0.38600597
0.38704336
0.38808635
0.38913497
0.39018926
0.39124930
0.39231512
0.39338675
0.39446425
0.39554766
0.39663705
0.39773247
0.39883393
0.39994153
0.40105528
0.40217525
0.40330151
0.40443408
0.40557304
0.40671843
0.40787032
0.40902874
0.41019377
0.41136545
0.41254383
0.41372898
0.41492099
0.41611984
0.41732568
0.41853851
0.41975743
0.42098445
0.42221868
0.42346016
0.42470896
0.42596516
0.42722881
0.42849997
0.42977872
0.43106514
0.43235925
0.43366119
0.43497097
0.43628871
0.43761444
0.43894824
0.44029021
0.44164041
0.44299892
0.44436583
0.44574118
0.44712508
0.44851759
0.44991881
0.45132878
0.45274764
0.45417547
0.45561230
0.45705828
0.45851344
0.45997792
0.46145177
0.46293509
0.46442798
0.46593055
0.46744284
0.46896499
0.47049710
0.47203925
0.47359154
0.47515282
0.47672567
0.47830901
0.47990286
0.48150739
0.48312268
0.48474884
0.48638600
0.48803425
0.48960346
0.49108118
0.49256918
0.49397987
0.49510378
0.49622867
0.49735865
0.49812275
0.49888223
0.49964121
0.50012833
0.50051928
0.50091082
0.50113362
0.50116187
0.50119150
0.50117314
0.50086010
0.50054884
0.50015080
0.49974361
0.49947575
0.50000471
0.50162649
1.04965222
1.05355370
1.05747807
1.06143808
1.06542790
1.06944776
1.07349813
1.07757926
1.08169162
1.08582878
1.09000444
1.09421229
1.09845281
1.10272622
1.10703313
1.11137366
1.11574852
1.12015080
1.12459517
1.12907493
1.13359046
1.13814223
1.14273071
1.14735639
1.15201223
1.15671349
1.16145325
1.16623211
1.17105043
1.17590868
1.18080735
1.18574715
1.19072044
1.19574356
1.20080936
1.20591819
1.21107066
1.21626747
1.22150898
1.22678745
1.23212016
1.23749959
1.24292612
1.24840045
1.25392318
1.25949502
1.26510763
1.27077949
1.27650249
1.28227735
1.28810453
1.29398501
1.29991949
1.30589902
1.31194341
1.31804407
1.32420170
1.33041728
1.33669126
1.34302485
1.34941876
1.35586345
1.36238039
1.36896026
1.37560415
1.38231266
1.38908708
1.39592814
1.40282583
1.40980327
1.41685045
1.42395699
1.43114674
1.43840945
1.44574630
1.45315826
1.46063471
1.46820056
1.47584522
1.48356998
1.49137592
1.49926448
1.50723696
1.51528168
1.52342582
0.32708246
0.32782698
0.32857493
0.32932630
0.33008111
0.33083940
0.33160117
0.33236644
0.33313528
0.33390766
0.33468366
0.33546326
0.33624649
0.33703339
0.33782399
0.33861831
0.33941570
0.34021753
0.34102315
0.34183261
0.34264588
0.34346306
0.34428415
0.34510916
0.34593815
0.34677112
0.31074291
0.28906378
0.25794646
0.25369841
0.23585513
0.23753551
0.23898689
0.24017936
0.24138020
0.24259244
0.24381725
0.24505483
0.24630742
0.24758425
0.24888656
0.25022236
0.25155440
0.25289571
0.25421980
0.25557321
0.25698048
0.25840667
0.25989810
0.26141301
0.26294684
0.26455143
0.26618212
0.26781732
0.26957843
0.37377092
0.37474352
0.37572038
0.37670317
0.37769109
0.37868422
0.37968260
0.38068622
0.38169518
0.38270950
0.38372925
0.38475442
0.38578510
0.38682130
0.38786310
0.38891050
0.38996360
0.39102241
0.39208698
0.39315736
0.39423358
0.39531577
0.39640385
0.39749798
0.39859816
0.39970443
0.40081686
0.40193552
0.40306044
0.40419164
0.40532923
0.40647325
0.40762374
0.40878075
0.40994436
0.41111460
0.41229156
0.41347528
0.41466579
0.41586319
0.41706753
0.41827887
0.41949627
0.42072177
0.42195445
0.42319438
0.42444161
0.42569622
0.42695826
0.42822781
0.42950496
0.43078971
0.43208218
0.43338245
0.43469054
0.43600658
0.43733060
0.43866268
0.44000289
0.44135132
0.44270808
0.44407317
0.44544670
0.44682875
0.44821942
0.44961876
0.45102689
0.45244384
0.45386973
0.45530465
0.45674866
0.45820066
0.45966315
0.46113497
0.46261626
0.46410710
0.46560758
0.46711779
0.46863782
0.47016779
0.47170776
0.47325787
0.47481820
0.47638759
0.47796863
0.47956026
0.48116249
0.48277545
0.48439929
0.48603407
0.48767993
0.48933697
0.49100125
0.49249014
0.49398673
0.49549103
0.49670500
0.49784133
0.49897870
0.49991062
0.50067556
0.50144422
0.50208920
0.50248319
0.50287783
0.50325036
0.50327879
0.50330871
0.50332862
0.50308537
0.50276136
0.50238538
0.50196743
0.50160956
0.50178206
0.50296313
1.05271256
1.05663693
1.06059062
1.06457412
1.06858754
1.07263136
1.07669938
1.08080494
1.08494198
1.08911073
1.09331167
1.09754515
1.10181165
1.10610437
1.11043775
1.11480522
1.11920714
1.12364388
1.12811601
1.13262391
1.13716066
1.14174128
1.14635885
1.15101409
1.15570712
1.16043866
1.16520917
1.17001891
1.17486084
1.17975092
1.18468177
1.18965399
1.19466817
1.19972479
1.20482445
1.20995939
1.21514654
1.22037840
1.22565544
1.23097837
1.23634779
1.24176419
1.24722826
1.25273180
1.25829303
1.26390386
1.26956499
1.27527702
1.28104079
1.28685677
1.29271638
1.29863918
1.30461645
1.31064904
1.31673765
1.32288301
1.32908607
1.33533764
1.34165823
1.34803915
1.35448086
1.36098456
1.36755097
1.37418103
1.38087583
1.38762522
1.39445186
1.40134597
1.40830863
1.41534090
1.42243230
1.42960656
1.43684196
1.44416273
1.45155859
1.45903039
1.46657968
1.47420740
1.48191488
1.48970342
1.49756169
1.50551593
1.51355517
1.52168071
1.52989399
0.32766768
0.32841489
0.32916552
0.32991961
0.33067712
0.33143815
0.33220270
0.33297077
0.33374238
0.33451760
0.33529642
0.33607888
0.33686501
0.33765480
0.33844832
0.33924559
0.34004596
0.34085077
0.34165940
0.34247187
0.34328821
0.34410846
0.34493262
0.34576076
0.34659287
0.31274220
0.29023314
0.25960585
0.25363442
0.25369805
0.23469737
0.23224521
0.23024003
0.23996243
0.24117187
0.24237773
0.24359770
0.24483271
0.24608201
0.24734962
0.24864633
0.24994618
0.25126749
0.25260502
0.25391808
0.25526571
0.25663775
0.25806612
0.25948626
0.26098257
0.26250207
0.26403973
0.26564702
0.26727244
0.26892474
0.27067003
0.37551036
0.37649202
0.37747884
0.37847087
0.37946808
0.38047060
0.38147843
0.38249159
0.38351017
0.38453415
0.38556364
0.38659868
0.38763925
0.38868546
0.38973734
0.39079490
0.39185825
0.39292738
0.39400235
0.39508325
0.39617008
0.39726290
0.39836177
0.39946672
0.40057784
0.40169516
0.40281871
0.40394858
0.40508479
0.40622744
0.40737653
0.40853214
0.40969431
0.41086316
0.41203865
0.41322091
0.41440997
0.41560590
0.41680872
0.41801855
0.41923445
0.42045841
0.42168954
0.42292792
0.42417359
0.42542660
0.42668706
0.42795500
0.42923048
0.43051362
0.43180442
0.43310302
0.43440944
0.43572375
0.43704605
0.43837640
0.43971485
0.44106153
0.44241649
0.44377977
0.44515148
0.44653171
0.44792053
0.44931802
0.45072424
0.45213929
0.45356327
0.45499623
0.45643827
0.45788950
0.45934999
0.46081981
0.46229908
0.46378785
0.46528625
0.46679440
0.46831232
0.46984017
0.47137800
0.47292593
0.47448406
0.47605124
0.47763005
0.47921941
0.48081934
0.48243004
0.48405153
0.48568395
0.48732746
0.48898208
0.49064800
0.49232531
0.49390584
0.49541104
0.49692547
0.49831799
0.49946174
0.50060934
0.50171137
0.50248182
0.50325602
0.50402981
0.50446266
0.50486040
0.50524729
0.50538504
0.50540221
0.50541943
0.50529748
0.50497067
0.50462425
0.50420254
0.50378162
0.50372601
0.50454557
0.50711566
1.05974460
1.06371522
1.06772220
1.07175946
1.07582736
1.07992625
1.08405662
1.08821857
1.09241259
1.09663236
1.10089171
1.10518420
1.10951030
1.11387038
1.11826491
1.12269425
1.12715161
1.13165176
1.13618803
1.14076078
1.14537048
1.15001762
1.15470254
1.15941834
1.16418028
1.16898167
1.17382276
1.17870402
1.18362617
1.18858957
1.19359469
1.19863415
1.20372450
1.20885825
1.21403599
1.21925831
1.22452569
1.22983873
1.23518956
1.24059582
1.24604964
1.25155151
1.25710225
1.26270247
1.26835287
1.27404487
1.27979732
1.28560197
1.29145968
1.29737079
1.30333638
1.30935717
1.31543374
1.32155716
1.32774770
1.33399665
1.34030461
1.34667253
1.35310125
1.35959160
1.36613405
1.37275040
1.37943113
1.38617718
1.39298952
1.39986920
1.40681720
1.41382325
1.42091072
1.42805827
1.43528950
1.44259441
1.44997406
1.45742965
1.46496224
1.47256100
1.48025119
1.48802221
1.49587524
1.50381160
1.51183259
1.51993966
1.52812099
1.53640413
0.32825440
0.32900432
0.32975763
0.33051443
0.33127469
0.33203849
0.33280578
0.33357665
0.33435109
0.33512914
0.33591083
0.33669615
0.33748516
0.33827788
0.33907431
0.33987388
0.34067789
0.34148568
0.34229735
0.34311286
0.34393227
0.34475559
0.34558287
0.34641415
0.31539318
0.29174009
0.26684892
0.25358889
0.25363624
0.23809789
0.23803325
0.23618624
0.23369657
0.23125884
0.24096031
0.24217229
0.24338786
0.24461670
0.24585734
0.24711955
0.24841835
0.24971336
0.25099576
0.25231928
0.25364453
0.25498015
0.25635132
0.25773469
0.25913799
0.26057494
0.26207614
0.26360959
0.26516110
0.26673657
0.26837736
0.27005121
0.27179542
0.37726763
0.37825853
0.37925464
0.38025603
0.38126272
0.38227475
0.38329214
0.38431498
0.38534331
0.38637713
0.38741651
0.38846153
0.38951218
0.39056852
0.39163062
0.39269853
0.39377224
0.39485186
0.39593741
0.39702895
0.39812654
0.39923021
0.40033999
0.40145597
0.40257820
0.40370670
0.40484157
0.40598282
0.40713054
0.40828475
0.40944552
0.41061294
0.41178700
0.41296783
0.41415542
0.41534987
0.41655123
0.41775957
0.41897494
0.42019638
0.42142600
0.42266279
0.42390689
0.42515835
0.42641720
0.42768353
0.42895740
0.43023890
0.43152806
0.43282500
0.43412971
0.43544236
0.43676293
0.43809155
0.43942830
0.44077319
0.44212636
0.44348788
0.44485778
0.44623619
0.44762316
0.44901878
0.45042315
0.45183632
0.45325837
0.45468941
0.45612952
0.45757875
0.45903724
0.46050388
0.46198112
0.46346787
0.46496418
0.46647021
0.46798605
0.46951175
0.47104743
0.47259319
0.47414914
0.47571409
0.47729069
0.47887775
0.48047543
0.48208380
0.48370296
0.48533303
0.48697415
0.48862639
0.49028987
0.49196473
0.49365106
0.49532834
0.49684364
0.49836820
0.49989939
0.50109130
0.50224787
0.50340831
0.50430113
0.50508100
0.50585896
0.50643754
0.50682688
0.50721538
0.50749302
0.50751179
0.50752920
0.50752920
0.50719804
0.50686872
0.50645769
0.50603300
0.50572962
0.50626183
0.50791878
1.06286418
1.06686473
1.07089543
1.07495677
1.07904911
1.08316600
1.08732116
1.09150827
1.09572780
1.09998000
1.10426545
1.10858440
1.11293018
1.11731732
1.12173915
1.12619603
1.13068855
1.13521707
1.13978195
1.14438379
1.14901543
1.15369225
1.15840721
1.16316092
1.16795385
1.17278636
1.17765903
1.18256462
1.18751907
1.19251525
1.19755363
1.20263469
1.20775914
1.21292746
1.21813190
1.22338951
1.22869277
1.23404217
1.23943830
1.24488187
1.25037348
1.25591373
1.26149440
1.26713395
1.27282405
1.27856553
1.28435898
1.29020524
1.29610503
1.30204940
1.30805814
1.31412268
1.32024372
1.32642198
1.33265829
1.33895361
1.34529853
1.35171413
1.35819113
1.36473060
1.37133324
1.37800014
1.38473225
1.39153039
1.39838457
1.40531778
1.41232002
1.41939247
1.42652464
1.43374038
1.44102955
1.44838130
1.45582044
1.46333647
1.47093046
1.47860360
1.48635721
1.49419272
1.50211108
1.51010120
1.51818955
1.52636516
1.53462923
1.54298317
0.32884383
0.32959643
0.33035249
0.33111203
0.33187506
0.33264160
0.33341169
0.33418536
0.33496264
0.33574355
0.33652809
0.33731633
0.33810824
0.33890390
0.33970267
0.34050584
0.34131283
0.34212366
0.34293833
0.34375691
0.34457940
0.34540585
0.34623626
0.31954211
0.29313719
0.26814976
0.25353906
0.25358492
0.23934455
0.23931655
0.23929757
0.23927924
0.23792285
0.23524451
0.23256958
0.24196851
0.24318138
0.24440444
0.24564087
0.24688888
0.24816345
0.24946418
0.25074470
0.25205594
0.25338927
0.25471818
0.25604010
0.25740856
0.25879624
0.26022372
0.26167354
0.26318088
0.26471314
0.26625857
0.26785117
0.26949230
0.27117723
0.27293524
0.37904066
0.38004088
0.38104641
0.38205731
0.38307357
0.38409522
0.38512236
0.38615501
0.38719320
0.38823700
0.38928643
0.39034158
0.39140242
0.39246908
0.39354154
0.39461991
0.39570418
0.39679444
0.39789072
0.39899305
0.40010154
0.40121618
0.40233707
0.40346423
0.40459773
0.40573761
0.40688393
0.40803674
0.40919611
0.41036209
0.41153473
0.41271409
0.41390023
0.41509321
0.41629308
0.41749990
0.41871375
0.41993368
0.42116174
0.42239702
0.42363954
0.42488942
0.42614669
0.42741141
0.42868367
0.42996350
0.43125102
0.43254626
0.43384933
0.43516025
0.43647912
0.43780601
0.43914101
0.44048417
0.44183555
0.44319525
0.44456336
0.44593996
0.44732508
0.44871885
0.45012131
0.45153257
0.45295271
0.45438182
0.45581999
0.45726725
0.45872378
0.46018958
0.46166480
0.46314949
0.46464378
0.46614772
0.46766144
0.46918502
0.47071859
0.47226217
0.47381595
0.47537869
0.47695306
0.47853789
0.48013327
0.48173934
0.48335621
0.48498395
0.48662269
0.48827255
0.48993361
0.49160603
0.49328992
0.49498537
0.49669251
0.49828452
0.49981797
0.50135946
0.50273299
0.50389570
0.50506526
0.50613225
0.50690478
0.50767970
0.50841343
0.50880730
0.50919878
0.50959241
0.50963908
0.50965661
0.50967413
0.50944656
0.50911433
0.50873309
0.50830454
0.50793034
0.50808400
0.50929058
1.06600857
1.07002640
1.07408118
1.07816672
1.08228350
1.08643186
1.09061217
1.09482467
1.09906995
1.10334146
1.10765302
1.11199856
1.11637831
1.12079263
1.12524211
1.12972701
1.13424051
1.13879752
1.14339137
1.14802241
1.15269113
1.15739799
1.16214335
1.16692019
1.17174423
1.17660820
1.18151283
1.18645847
1.19144571
1.19647503
1.20154691
1.20665395
1.21181273
1.21701586
1.22226381
1.22755730
1.23289680
1.23828292
1.24370766
1.24918890
1.25471866
1.26029754
1.26592636
1.27160561
1.27733612
1.28311849
1.28894401
1.29483223
1.30077446
1.30677140
1.31282389
1.31893277
1.32509875
1.33131278
1.33759534
1.34393740
1.35034001
1.35680389
1.36332989
1.36991906
1.37656152
1.38327944
1.39006341
1.39691412
1.40383267
1.41082013
1.41787744
1.42499435
1.43218315
1.43945634
1.44680381
1.45422673
1.46172619
1.46930349
1.47695959
1.48468363
1.49250138
1.50040185
1.50838637
1.51645648
1.52461326
1.53285837
1.54119301
1.54960537
0.32943478
0.33019009
0.33094889
0.33171114
0.33247694
0.33324629
0.33401918
0.33479568
0.33557582
0.33635959
0.33714703
0.33793813
0.33873299
0.33953094
0.34033331
0.34113950
0.34194949
0.34276333
0.34358108
0.34440273
0.34522831
0.34605786
0.32326186
0.29487959
0.27004710
0.25349137
0.25354120
0.24061084
0.24057962
0.24055783
0.24052922
0.24050616
0.24049152
0.23972361
0.23689820
0.23394229
0.24297889
0.24419254
0.24542683
0.24666888
0.24792978
0.24921620
0.25051004
0.25181562
0.25315070
0.25444618
0.25576419
0.25710297
0.25847197
0.25988406
0.26132971
0.26278457
0.26426944
0.26580769
0.26736435
0.26896092
0.27060583
0.27231684
0.27408549
0.38083121
0.38184094
0.38285604
0.38387656
0.38490251
0.38593397
0.38697100
0.38801357
0.38906181
0.39011571
0.39117536
0.39224076
0.39331198
0.39438906
0.39547208
0.39656106
0.39765605
0.39875710
0.39986426
0.40097758
0.40209714
0.40322295
0.40435508
0.40549359
0.40663853
0.40778995
0.40894791
0.41011247
0.41128370
0.41246161
0.41364631
0.41483781
0.41603622
0.41724154
0.41845390
0.41967231
0.42089885
0.42213255
0.42337355
0.42462185
0.42587751
0.42714062
0.42841128
0.42968950
0.43097538
0.43226898
0.43357036
0.43487957
0.43619674
0.43752193
0.43885517
0.44019657
0.44154620
0.44290414
0.44427043
0.44564521
0.44702849
0.44842041
0.44982103
0.45123041
0.45264864
0.45407581
0.45551205
0.45695737
0.45841190
0.45987570
0.46134892
0.46283159
0.46432379
0.46582568
0.46733731
0.46885878
0.47039017
0.47193164
0.47348320
0.47504249
0.47661462
0.47819722
0.47979033
0.48139411
0.48300862
0.48463404
0.48627040
0.48791787
0.48957652
0.49124652
0.49292791
0.49462089
0.49632549
0.49804193
0.49973238
0.50127476
0.50282669
0.50438404
0.50555581
0.50672734
0.50789988
0.50873458
0.50951511
0.51029944
0.51080322
0.51119930
0.51159453
0.51177984
0.51180190
0.51181960
0.51171660
0.51137847
0.51102906
0.51059663
0.51016200
0.51008743
0.51091319
0.51356500
1.07321334
1.07729232
1.08140242
1.08554411
1.08971083
1.09391642
1.09815454
1.10242569
1.10673022
1.11106849
1.11544085
1.11984074
1.12428260
1.12875986
1.13327289
1.13782215
1.14240813
1.14703107
1.15169179
1.15638292
1.16111994
1.16589606
1.17071152
1.17556691
1.18046284
1.18539965
1.19037008
1.19539022
1.20045304
1.20555878
1.21070826
1.21590185
1.22114027
1.22641551
1.23174500
1.23712111
1.24254429
1.24801528
1.25353467
1.25910306
1.26472116
1.27038050
1.27609992
1.28187096
1.28769457
1.29357135
1.29950190
1.30548716
1.31151807
1.31761479
1.32376850
1.32997990
1.33624983
1.34257913
1.34896874
1.35541952
1.36192179
1.36849725
1.37513649
1.38184059
1.38861024
1.39544666
1.40235066
1.40931213
1.41635442
1.42345595
1.43064070
1.43789816
1.44522977
1.45263648
1.46011949
1.46766794
1.47530711
1.48302603
1.49082637
1.49870908
1.50667560
1.51472723
1.52285242
1.53107834
1.53939366
1.54779983
1.55629826
0.33002847
0.33078653
0.33154804
0.33231309
0.33308166
0.33385381
0.33462954
0.33540890
0.33619186
0.33697852
0.33776885
0.33856291
0.33936006
0.34016162
0.34096697
0.34177616
0.34258917
0.34340608
0.34422690
0.34505165
0.34588036
0.32695028
0.29711020
0.27268770
0.25349572
0.25349715
0.24185410
0.24180613
0.24176639
0.24173094
0.24171387
0.24171650
0.24171552
0.24170960
0.24132392
0.23863927
0.23549785
0.24395025
0.24521248
0.24645679
0.24770588
0.24898021
0.25027722
0.25158891
0.25292408
0.25420454
0.25548959
0.25681621
0.25817281
0.25956309
0.26098680
0.26243123
0.26389137
0.26537061
0.26691774
0.26847371
0.27008930
0.27176017
0.27347448
0.27525610
0.38263795
0.38365731
0.38468209
0.38571236
0.38674819
0.38778958
0.38883659
0.38988927
0.39094767
0.39201185
0.39308181
0.39415765
0.39523938
0.39632708
0.39742076
0.39852050
0.39962637
0.40073836
0.40185657
0.40298104
0.40411180
0.40524894
0.40639251
0.40754256
0.40869910
0.40986225
0.41103202
0.41220850
0.41339174
0.41458178
0.41577870
0.41698253
0.41819337
0.41941026
0.42063528
0.42186746
0.42310685
0.42435357
0.42560768
0.42686918
0.42813823
0.42941481
0.43069902
0.43199095
0.43329066
0.43459821
0.43591368
0.43723714
0.43856865
0.43990830
0.44125614
0.44261229
0.44397679
0.44534972
0.44673121
0.44812125
0.44951999
0.45092747
0.45234382
0.45376909
0.45520335
0.45664671
0.45809928
0.45956108
0.46103227
0.46251288
0.46400306
0.46550286
0.46701238
0.46853173
0.47006100
0.47160029
0.47314969
0.47470930
0.47627795
0.47785830
0.47944915
0.48105064
0.48266289
0.48428595
0.48591995
0.48756504
0.48922130
0.49088886
0.49256781
0.49425828
0.49596041
0.49767432
0.49940008
0.50113785
0.50274152
0.50430256
0.50587332
0.50721681
0.50839311
0.50957346
0.51057464
0.51136374
0.51215237
0.51281047
0.51321405
0.51361388
0.51394016
0.51396239
0.51398319
0.51400101
0.51366580
0.51332659
0.51290947
0.51247090
0.51214647
0.51267898
0.51437235
1.07641292
1.08051634
1.08465111
1.08881760
1.09301627
1.09724748
1.10151160
1.10580897
1.11013305
1.11449802
1.11889756
1.12333190
1.12780154
1.13230693
1.13684833
1.14141917
1.14603412
1.15068662
1.15537715
1.16010594
1.16487360
1.16968071
1.17452753
1.17940688
1.18433499
1.18930423
1.19431555
1.19936919
1.20446575
1.20960581
1.21478164
1.22001040
1.22528422
1.23060393
1.23597002
1.24138319
1.24684381
1.25234401
1.25790179
1.26350915
1.26916671
1.27487516
1.28063524
1.28644753
1.29231286
1.29822242
1.30419588
1.31022453
1.31630921
1.32245064
1.32864964
1.33490694
1.34121346
1.34759009
1.35402751
1.36052692
1.36708891
1.37371445
1.38040459
1.38714945
1.39397132
1.40086079
1.40781856
1.41484582
1.42194366
1.42910159
1.43634343
1.44364738
1.45103788
1.45850444
1.46604812
1.47367036
1.48137224
1.48915505
1.49700749
1.50495589
1.51298916
1.52110863
1.52931571
1.53761184
1.54599845
1.55447710
1.56303549
0.33062369
0.33138448
0.33214876
0.33291659
0.33368796
0.33446291
0.33524150
0.33602369
0.33680955
0.33759910
0.33839235
0.33918935
0.33998945
0.34079397
0.34160233
0.34241453
0.34323061
0.34405059
0.34487447
0.34570235
0.33286181
0.29969084
0.27508339
0.25350583
0.25345314
0.24307278
0.24298751
0.24295500
0.24293213
0.24290925
0.24290030
0.24291621
0.24291886
0.24291091
0.24291423
0.24275886
0.24045677
0.23727240
0.24484180
0.24623962
0.24749303
0.24875613
0.25004977
0.25137714
0.25268713
0.25397459
0.25522584
0.25654379
0.25788739
0.25926971
0.26066309
0.26207462
0.26353505
0.26500475
0.26649216
0.26803225
0.26961029
0.27122432
0.27291220
0.27463987
0.27644107
0.38446274
0.38549185
0.38652647
0.38756669
0.38861248
0.38966396
0.39072114
0.39178407
0.39285278
0.39392737
0.39500785
0.39609426
0.39718667
0.39828509
0.39938965
0.40050033
0.40161720
0.40274033
0.40386975
0.40500554
0.40614772
0.40729636
0.40845153
0.40961325
0.41078159
0.41195664
0.41313842
0.41432703
0.41552246
0.41672483
0.41793415
0.41914955
0.42037302
0.42160365
0.42284152
0.42408666
0.42533919
0.42659912
0.42786652
0.42914149
0.43042409
0.43171436
0.43301240
0.43431827
0.43563205
0.43695378
0.43828356
0.43962148
0.44096756
0.44232193
0.44368464
0.44505578
0.44643542
0.44782361
0.44922051
0.45062611
0.45204055
0.45346391
0.45489624
0.45633766
0.45778823
0.45924807
0.46071723
0.46219584
0.46368396
0.46518171
0.46668914
0.46820638
0.46973354
0.47127068
0.47281665
0.47437406
0.47594050
0.47751859
0.47910717
0.48070639
0.48231632
0.48393703
0.48556870
0.48721141
0.48886526
0.49053037
0.49220687
0.49389488
0.49559450
0.49730587
0.49902907
0.50076425
0.50251156
0.50421542
0.50578564
0.50736284
0.50888437
0.51006991
0.51125801
0.51242661
0.51322442
0.51402032
0.51481712
0.51524031
0.51564783
0.51604992
0.51614124
0.51616365
0.51618314
0.51597214
0.51562989
0.51524335
0.51480222
0.51441097
0.51454479
0.51577932
1.07963812
1.08376610
1.08792591
1.09211767
1.09633517
1.10059214
1.10488236
1.10920608
1.11356378
1.11795592
1.12238276
1.12683773
1.13133538
1.13586903
1.14043915
1.14504635
1.14969075
1.15437305
1.15909362
1.16384542
1.16864395
1.17348218
1.17836070
1.18327999
1.18824041
1.19324267
1.19827914
1.20336652
1.20849717
1.21367180
1.21889091
1.22415507
1.22946501
1.23482108
1.24021554
1.24566591
1.25116444
1.25671184
1.26230848
1.26795530
1.27365279
1.27939260
1.28519356
1.29104745
1.29695487
1.30291665
1.30893350
1.31500614
1.32113540
1.32731211
1.33355689
1.33986068
1.34622443
1.35264885
1.35913479
1.36568344
1.37228477
1.37896097
1.38570237
1.39251006
1.39938498
1.40632808
1.41334057
1.42041183
1.42755425
1.43478048
1.44208026
1.44945467
1.45690477
1.46443200
1.47203732
1.47970986
1.48747516
1.49532235
1.50325286
1.51126790
1.51936877
1.52755713
1.53582084
1.54418790
1.55264664
1.56119847
1.56984520
0.33122170
0.33198524
0.33275229
0.33352289
0.33429709
0.33507487
0.33585632
0.33664137
0.33743015
0.33822259
0.33901879
0.33981809
0.34062183
0.34142935
0.34224075
0.34305599
0.34387511
0.34469816
0.34552518
0.34635615
0.30374464
0.27794886
0.25354445
0.25341091
0.24433465
0.24421063
0.24414398
0.24410547
0.24408069
0.24406564
0.24406664
0.24409074
0.24411350
0.24411117
0.24412221
0.24414197
0.24415134
0.24239224
0.23909122
0.24565342
0.24726681
0.24853697
0.24984163
0.25112075
0.25241479
0.25374252
0.25499111
0.25628671
0.25762129
0.25898454
0.26036188
0.26175976
0.26318049
0.26463559
0.26611724
0.26762646
0.26917809
0.27076063
0.27238435
0.27406523
0.27582636
0.27763629
0.38630417
0.38734317
0.38838780
0.38943803
0.39049399
0.39155570
0.39262316
0.39369649
0.39477569
0.39586082
0.39695194
0.39804909
0.39915231
0.40026167
0.40137723
0.40249899
0.40362707
0.40476149
0.40590230
0.40704954
0.40820330
0.40936363
0.41053054
0.41170415
0.41288447
0.41407162
0.41526556
0.41646644
0.41767427
0.41888914
0.42011011
0.42133921
0.42257550
0.42381909
0.42507002
0.42632836
0.42759416
0.42886749
0.43014845
0.43143708
0.43273345
0.43403763
0.43534970
0.43666971
0.43799779
0.43933395
0.44067827
0.44203085
0.44339177
0.44476110
0.44613889
0.44752526
0.44892028
0.45032400
0.45173654
0.45315796
0.45458838
0.45602784
0.45747644
0.45893428
0.46040145
0.46187803
0.46336409
0.46485975
0.46636513
0.46788025
0.46940526
0.47094026
0.47248530
0.47404054
0.47560477
0.47718063
0.47876698
0.48036391
0.48197153
0.48358995
0.48521927
0.48685959
0.48851106
0.49017376
0.49184781
0.49353337
0.49523050
0.49693933
0.49866000
0.50039262
0.50213736
0.50389427
0.50566351
0.50727463
0.50886106
0.51045603
0.51175630
0.51295382
0.51415539
0.51509571
0.51590186
0.51670456
0.51728415
0.51769489
0.51810473
0.51833707
0.51835972
0.51838237
0.51829934
0.51795399
0.51759851
0.51715344
0.51670754
0.51661009
0.51744205
0.52020937
1.08702898
1.09121382
1.09543109
1.09968102
1.10396409
1.10828066
1.11263108
1.11700881
1.12142813
1.12588263
1.13037264
1.13489866
1.13946092
1.14406013
1.14868915
1.15336335
1.15807557
1.16282666
1.16761672
1.17244649
1.17731643
1.18222690
1.18717062
1.19216383
1.19719923
1.20227730
1.20739877
1.21256387
1.21777356
1.22301960
1.22831964
1.23366582
1.23905873
1.24449897
1.24998713
1.25552404
1.26110125
1.26673710
1.27242374
1.27816153
1.28395140
1.28979397
1.29568994
1.30164003
1.30763531
1.31369591
1.31981289
1.32598722
1.33221948
1.33851063
1.34486151
1.35126257
1.35773528
1.36427033
1.37086856
1.37753093
1.38425839
1.39105189
1.39791238
1.40482974
1.41182721
1.41889465
1.42602181
1.43323243
1.44051635
1.44787478
1.45529675
1.46280730
1.47039580
1.47806334
1.48581135
1.49364102
1.50155354
1.50953770
1.51762009
1.52578938
1.53404725
1.54239488
1.55083394
1.55936587
1.56799209
1.57670045
0.33182123
0.33258754
0.33335736
0.33413079
0.33490783
0.33568847
0.33647275
0.33726072
0.33805239
0.33884776
0.33964625
0.34044918
0.34125590
0.34206644
0.34288087
0.34369916
0.34452137
0.34534752
0.34617767
0.31063500
0.28156549
0.25394598
0.25335249
0.24563003
0.24545322
0.24537304
0.24531420
0.24527465
0.24524593
0.24524491
0.24524897
0.24525607
0.24527667
0.24530777
0.24533550
0.24535917
0.24538825
0.24539874
0.24434505
0.24097468
0.23944242
0.24828945
0.24958695
0.25090024
0.25217414
0.25352967
0.25475937
0.25605997
0.25741079
0.25871086
0.26007581
0.26145601
0.26286682
0.26429966
0.26575691
0.26724756
0.26877084
0.27033582
0.27191874
0.27357408
0.27527696
0.27703825
0.27884406
0.38816419
0.38921323
0.39026797
0.39132842
0.39239466
0.39346674
0.39454469
0.39562854
0.39671838
0.39781424
0.39891616
0.40002421
0.40113842
0.40225887
0.40338561
0.40451863
0.40565810
0.40680397
0.40795633
0.40911523
0.41028073
0.41145292
0.41263181
0.41381747
0.40198180
0.39781156
0.41741571
0.41862908
0.41984850
0.42107606
0.42231083
0.42355287
0.42480221
0.42605895
0.42732316
0.42859489
0.42987421
0.43116120
0.43245590
0.43375841
0.43506879
0.43638709
0.43771344
0.43904784
0.44039044
0.44174126
0.44310039
0.44446790
0.44584388
0.44722843
0.44862157
0.45002344
0.45143411
0.45285362
0.45428210
0.45571962
0.45716625
0.45862213
0.46008730
0.46156186
0.46304590
0.46453950
0.46604276
0.46755582
0.46907869
0.47061154
0.47215444
0.47370750
0.47526953
0.47684318
0.47842726
0.48002192
0.48162726
0.48324335
0.48487034
0.48650697
0.48815605
0.48981634
0.49148795
0.49317101
0.49486566
0.49657196
0.49829009
0.50002015
0.50176227
0.50351655
0.50528318
0.50706220
0.50877237
0.51036680
0.51197267
0.51345241
0.51466084
0.51587200
0.51698071
0.51779127
0.51860589
0.51934278
0.51975673
0.52017289
0.52055323
0.52057606
0.52059889
0.52062172
0.52029914
0.51995111
0.51952618
0.51907623
0.51873738
0.51925033
0.52100724
1.09031820
1.09452856
1.09877145
1.10304058
1.10734987
1.11169302
1.11607027
1.12048221
1.12492919
1.12941158
1.13392985
1.13847709
1.14306831
1.14769673
1.15236282
1.15706694
1.16180956
1.16659129
1.17140484
1.17626607
1.18116784
1.18611062
1.19109488
1.19612122
1.20119023
1.20630229
1.21144986
1.21664989
1.22189462
1.22718489
1.23252118
1.23790407
1.24333417
1.24880326
1.25432968
1.25990510
1.26553035
1.27120602
1.27693295
1.28271163
1.28853345
1.29441786
1.30035627
1.30634940
1.31239808
1.31850290
1.32466495
1.33088470
1.33715320
1.34349120
1.34988940
1.35634899
1.36287069
1.36945534
1.37610388
1.38280666
1.38958585
1.39643192
1.40334570
1.41032827
1.41738069
1.42449260
1.43167627
1.43894434
1.44628656
1.45370424
1.46119821
1.46877003
1.47642064
1.48415136
1.49195087
1.49984562
1.50782418
1.51588821
1.52403891
1.53227770
1.54060614
1.54901206
1.55752385
1.56612968
1.57483125
1.58362997
0.33242354
0.33319265
0.33396530
0.33474156
0.33552143
0.33630493
0.33709210
0.33788297
0.33867756
0.33947524
0.34027737
0.34108326
0.34189299
0.34270659
0.34352407
0.34434542
0.34517074
0.34600002
0.34683329
0.28621325
0.25598302
0.25327787
0.24687073
0.24674445
0.24664359
0.24655579
0.24650185
0.24646567
0.24644792
0.24644758
0.24645168
0.24645577
0.24646294
0.24648887
0.24653257
0.24656296
0.24661489
0.24664564
0.24666102
0.24617900
0.24288803
0.23930304
0.24932303
0.25064728
0.25193822
0.25330019
0.25454915
0.25584358
0.25718504
0.25849071
0.25980175
0.26117250
0.26256672
0.26398373
0.26543075
0.26689774
0.26839396
0.26992959
0.27150980
0.27310273
0.27479592
0.27648574
0.27824822
0.28006017
0.28266317
0.39110059
0.39216557
0.39323640
0.39431307
0.39539567
0.39648420
0.39757878
0.39867941
0.39978611
0.40089902
0.40201813
0.40314350
0.40427518
0.40541324
0.40655774
0.40770870
0.40886620
0.41003031
0.41120103
0.41237849
0.41356269
0.40150940
0.39590484
0.39103615
0.39024144
0.39267254
0.42081228
0.42204550
0.42328596
0.42453372
0.42578888
0.42705148
0.42832160
0.42959929
0.43088460
0.43217766
0.43347847
0.43478718
0.43610379
0.43742839
0.43876106
0.44010189
0.44145095
0.44280827
0.44417399
0.44554815
0.44693086
0.44832215
0.44972214
0.45113090
0.45254853
0.45397508
0.45541066
0.45685533
0.45830920
0.45977238
0.46124491
0.46272689
0.46421844
0.46571964
0.46723059
0.46875137
0.47028208
0.47182280
0.47337365
0.47493348
0.47650489
0.47808674
0.47967914
0.48128217
0.48289594
0.48452058
0.48615620
0.48780286
0.48946077
0.49112993
0.49281055
0.49450269
0.49620652
0.49792212
0.49964961
0.50138915
0.50314081
0.50490481
0.50668114
0.50847006
0.51027167
0.51188284
0.51349837
0.51512402
0.51637632
0.51759702
0.51882201
0.51969606
0.52051669
0.52133840
0.52183664
0.52225459
0.52267325
0.52280986
0.52282828
0.52283907
0.52263337
0.52227300
0.52187032
0.52141017
0.52099961
0.52113843
0.52241707
1.09362066
1.09785652
1.10212541
1.10642755
1.11076343
1.11513340
1.11953795
1.12397027
1.12844503
1.13295555
1.13750219
1.14208555
1.14670599
1.15136397
1.15605247
1.16078675
1.16556013
1.17037284
1.17522550
1.18011844
1.18505239
1.19002783
1.19503713
1.20009685
1.20519972
1.21034610
1.21553659
1.22077179
1.22605228
1.23137009
1.23674297
1.24216282
1.24763036
1.25314629
1.25871122
1.26432586
1.26999068
1.27569747
1.28146493
1.28728485
1.29315782
1.29908466
1.30506599
1.31110275
1.31718576
1.32333541
1.32954276
1.33580863
1.34213376
1.34851909
1.35496545
1.36146343
1.36803448
1.37466919
1.38136876
1.38813376
1.39496541
1.40186465
1.40883255
1.41585875
1.42295527
1.43013489
1.43738735
1.44471371
1.45211506
1.45959270
1.46713567
1.47476923
1.48248267
1.49027717
1.49815404
1.50611460
1.51416028
1.52229238
1.53049910
1.53880811
1.54720783
1.55569983
1.56428552
1.57296646
1.58174431
1.59060645
0.33302745
0.33379933
0.33457482
0.33535391
0.33613664
0.33692303
0.33771309
0.33850688
0.33930376
0.34010506
0.34091017
0.34171906
0.34253183
0.34334847
0.34416899
0.34499347
0.34582189
0.34665430
0.29311308
0.26420864
0.25315142
0.24815410
0.24803826
0.24795465
0.24786350
0.24776551
0.24771827
0.24769725
0.24768002
0.24767141
0.24766693
0.24767071
0.24767451
0.24769415
0.24773103
0.24777482
0.24783209
0.24787661
0.24789767
0.24791494
0.24768105
0.24482092
0.24037722
0.25035009
0.25168529
0.25305355
0.25432184
0.25561470
0.25694004
0.25825071
0.25956574
0.26090991
0.26230556
0.26371545
0.26512712
0.26657876
0.26805082
0.26955801
0.27111197
0.27268603
0.27431694
0.27599829
0.27768523
0.27944115
0.28127229
0.28349736
0.39300719
0.39408261
0.39516392
0.39625120
0.39734447
0.39844379
0.39954922
0.40066078
0.40177858
0.40290260
0.40403292
0.40516964
0.40631273
0.40746233
0.40861842
0.40978110
0.41095042
0.41212642
0.41330919
0.40183389
0.39630854
0.39173749
0.39021066
0.39092106
0.39211720
0.39479670
0.42302039
0.42426661
0.42552018
0.42678118
0.42804968
0.42932573
0.43060943
0.43190083
0.43319997
0.43450698
0.43582189
0.43714479
0.43847573
0.43981481
0.44116211
0.44251767
0.44388157
0.44525394
0.44663480
0.44802424
0.44942239
0.45082927
0.45224497
0.45366961
0.45510325
0.45654598
0.45799789
0.45945907
0.46092960
0.46240956
0.46389905
0.46539819
0.46690702
0.46842569
0.46995428
0.47149286
0.47304156
0.47460046
0.47616839
0.47774801
0.47933814
0.48093888
0.48255035
0.48417264
0.48580459
0.48744887
0.48910436
0.49077111
0.49244925
0.49413893
0.49584022
0.49755329
0.49927822
0.50101519
0.50276423
0.50452554
0.50629926
0.50808549
0.50988436
0.51169598
0.51340652
0.51503313
0.51666856
0.51810169
0.51933217
0.52056843
0.52161491
0.52244163
0.52327096
0.52393168
0.52434379
0.52475184
0.52501804
0.52502888
0.52503973
0.52495301
0.52458948
0.52421558
0.52375132
0.52328634
0.52320021
0.52411526
1.09694993
1.10121179
1.10550678
1.10983539
1.11419106
1.11858821
1.12302005
1.12748718
1.13199008
1.13652897
1.14110446
1.14570963
1.15035951
1.15504718
1.15977335
1.16453826
1.16934252
1.17418659
1.17906320
1.18398833
1.18895471
1.19396305
1.19901371
1.20410728
1.20924425
1.21442533
1.21964252
1.22491324
1.23022974
1.23559260
1.24100232
1.24645972
1.25196528
1.25751078
1.26311469
1.26876867
1.27447355
1.28022993
1.28603864
1.29190016
1.29780591
1.30377555
1.30980027
1.31588101
1.32201838
1.32821333
1.33446670
1.34077907
1.34714127
1.35357451
1.36006951
1.36662710
1.37324810
1.37993371
1.38668478
1.39349115
1.40037584
1.40732884
1.41435122
1.42144406
1.42859685
1.43583369
1.44314420
1.45051765
1.45797873
1.46551704
1.47313380
1.48083007
1.48860705
1.49646628
1.50439620
1.51242352
1.52053690
1.52873778
1.53702760
1.54540789
1.55387998
1.56243181
1.57109213
1.57984900
1.58870411
1.59765899
0.33363417
0.33440888
0.33518720
0.33596915
0.33675474
0.33754402
0.33833703
0.33913377
0.33993360
0.34073788
0.34154597
0.34235790
0.34317371
0.34399340
0.34481704
0.34564462
0.34647617
0.34731174
0.27081746
0.25296220
0.24950965
0.24939254
0.24928671
0.24919422
0.24910216
0.24903664
0.24899170
0.24895130
0.24893042
0.24891894
0.24891196
0.24890883
0.24891302
0.24893007
0.24896280
0.24899693
0.24904919
0.24910356
0.24913493
0.24915655
0.24918166
0.24919632
0.24688888
0.24222963
0.25138140
0.25276247
0.25409785
0.25538364
0.25669587
0.25799841
0.25931618
0.26067722
0.26206496
0.26346406
0.26486832
0.26628166
0.26774037
0.26922819
0.27072766
0.27227560
0.27388981
0.27550748
0.27716550
0.27887025
0.28064436
0.28249538
0.28447962
0.39493158
0.39601758
0.39710957
0.39820758
0.39931169
0.40042195
0.40153840
0.40266109
0.40379006
0.40492538
0.40606710
0.40721530
0.40836999
0.40953127
0.41069916
0.41187373
0.41305503
0.41424313
0.39710426
0.39245436
0.39027825
0.39064997
0.39181340
0.39300197
0.39422923
0.39694396
0.42525077
0.42651019
0.42777708
0.42905152
0.43033355
0.43162328
0.43292078
0.43422610
0.43553931
0.43686047
0.43818969
0.43952703
0.44087255
0.44222632
0.44358844
0.44495898
0.44633803
0.44772562
0.44912189
0.45052689
0.45194069
0.45336342
0.45479512
0.45623589
0.45768583
0.45914501
0.46061352
0.46209145
0.46357891
0.46507597
0.46658272
0.46809927
0.46962571
0.47116214
0.47270864
0.47426537
0.47583109
0.47740844
0.47899631
0.48059478
0.48220393
0.48382393
0.48545480
0.48709673
0.48874980
0.49041414
0.49208987
0.49377707
0.49547586
0.49718639
0.49890879
0.50064313
0.50238961
0.50414830
0.50591934
0.50770289
0.50949907
0.51130795
0.51312977
0.51493925
0.51657563
0.51822239
0.51984024
0.52107894
0.52232355
0.52354801
0.52438086
0.52520394
0.52600634
0.52641857
0.52683145
0.52723402
0.52724808
0.52725899
0.52726996
0.52692813
0.52656180
0.52611518
0.52564597
0.52531242
0.52590686
0.52786100
1.10458064
1.10890198
1.11325741
1.11764705
1.12207150
1.12653100
1.13101900
1.13555026
1.14011776
1.14472234
1.14936411
1.15404379
1.15876162
1.16351831
1.16830647
1.17314196
1.17801762
1.18293393
1.18789148
1.19289088
1.19793236
1.20300865
1.20813620
1.21330774
1.21852374
1.22378480
1.22909153
1.23444438
1.23983538
1.24528253
1.25077760
1.25632155
1.26191473
1.26755798
1.27325201
1.27899730
1.28478551
1.29063559
1.29653931
1.30249715
1.30851007
1.31457877
1.32070410
1.32687676
1.33311749
1.33941710
1.34577656
1.35219669
1.35867834
1.36522245
1.37182999
1.37849104
1.38522792
1.39203095
1.39890110
1.40583944
1.41284692
1.41992462
1.42705071
1.43427181
1.44156635
1.44893551
1.45638037
1.46390212
1.47150195
1.47916877
1.48692834
1.49476981
1.50269449
1.51070344
1.51879835
1.52698052
1.53525126
1.54359865
1.55205095
1.56059623
1.56923616
1.57797241
1.58680630
1.59573972
1.60475981
0.33424249
0.33502001
0.33580118
0.33658600
0.33737451
0.33816668
0.33896261
0.33976164
0.34056512
0.34137240
0.34218350
0.34299847
0.34381732
0.34464011
0.34546685
0.34629753
0.34713227
0.34797099
0.25274453
0.25113103
0.25091085
0.25076273
0.25063667
0.25053966
0.25044662
0.25036559
0.25029483
0.25024733
0.25020617
0.25018331
0.25017732
0.25017169
0.25016889
0.25019982
0.25023255
0.25026631
0.25030011
0.25035360
0.25039130
0.25041983
0.25044662
0.25047410
0.25049770
0.24898544
0.24441953
0.25235826
0.25384024
0.25513950
0.25647247
0.25777611
0.25908932
0.26044837
0.26182905
0.26320499
0.26460415
0.26601028
0.26743546
0.26889467
0.27037689
0.27190503
0.27346313
0.27507278
0.27669591
0.27835220
0.28006592
0.28186646
0.28370160
0.28567123
0.39687583
0.39797255
0.39907536
0.40018427
0.40129939
0.40242076
0.40354839
0.40468234
0.40582269
0.40696952
0.40812281
0.40928265
0.41044915
0.41162229
0.41280213
0.41398880
0.39796099
0.39314258
0.39014566
0.39043060
0.39154276
0.39271066
0.39390558
0.39512095
0.39641091
0.42624056
0.42750585
0.42877865
0.43005908
0.43134716
0.43264300
0.43394664
0.43525815
0.43657762
0.43790510
0.43924069
0.44058445
0.44193646
0.44329679
0.44466555
0.44604275
0.44742852
0.44882292
0.45022604
0.45163798
0.45305878
0.45448858
0.45592740
0.45737535
0.45883256
0.46029907
0.46177498
0.46326038
0.46475539
0.46626008
0.46777451
0.46929884
0.47083312
0.47237748
0.47393200
0.47549552
0.47707066
0.47865626
0.48025244
0.48185933
0.48347700
0.48510554
0.48674378
0.48839444
0.49005637
0.49172962
0.49341434
0.49511066
0.49681866
0.49853849
0.50027031
0.50201416
0.50377023
0.50553858
0.50731945
0.50911289
0.51091903
0.51273805
0.51457006
0.51641524
0.51812738
0.51978254
0.52144986
0.52283752
0.52409059
0.52534348
0.52630806
0.52713567
0.52796745
0.52851140
0.52892601
0.52934128
0.52948457
0.52949715
0.52950817
0.52928615
0.52891660
0.52849883
0.52802539
0.52761376
0.52784377
0.52926254
1.10797715
1.11232519
1.11670744
1.12111735
1.12556934
1.13005686
1.13458037
1.13914013
1.14373672
1.14837050
1.15303457
1.15774417
1.16249251
1.16727984
1.17210686
1.17697382
1.18188155
1.18682230
1.19181263
1.19684505
1.20192015
1.20703852
1.21220064
1.21740711
1.22265840
1.22794688
1.23328972
1.23867929
1.24411619
1.24960101
1.25513446
1.26071715
1.26634061
1.27202368
1.27775788
1.28354406
1.28938282
1.29527509
1.30122137
1.30722249
1.31326950
1.31938255
1.32555270
1.33178091
1.33806789
1.34441447
1.35082161
1.35727978
1.36381042
1.37040424
1.37706208
1.38378489
1.39057374
1.39742947
1.40434217
1.41133463
1.41839719
1.42551935
1.43272483
1.44000363
1.44735682
1.45478535
1.46227860
1.46986151
1.47752357
1.48526585
1.49308968
1.50099647
1.50898743
1.51705098
1.52521420
1.53346574
1.54180706
1.55023968
1.55876505
1.56738460
1.57610011
1.58489895
1.59381092
1.60282350
1.61193871
0.33485365
0.33563402
0.33641806
0.33720577
0.33799717
0.33879229
0.33959055
0.34039319
0.34119964
0.34200993
0.34282407
0.34364212
0.34446403
0.34528992
0.34611979
0.34695363
0.34779152
0.34863344
0.34947947
0.25297549
0.25262293
0.25232357
0.25213736
0.25196248
0.25182915
0.25173476
0.25165078
0.25158605
0.25153664
0.25150111
0.25147480
0.25146025
0.25146699
0.25148866
0.25151673
0.25155476
0.25159493
0.25163728
0.25167498
0.25171021
0.25174403
0.25178215
0.25179282
0.25179175
0.25120652
0.24636060
0.25337338
0.25489289
0.25622955
0.25755084
0.25887567
0.26023591
0.26158395
0.26295614
0.26434243
0.26573944
0.26715049
0.26859647
0.27005449
0.27155575
0.27310064
0.27466616
0.27626646
0.27790111
0.27957368
0.28128162
0.28306141
0.28490308
0.39773691
0.39883840
0.39994600
0.40105981
0.40217981
0.40330607
0.40443867
0.40557766
0.40672308
0.40787500
0.40903345
0.41019848
0.41137019
0.41254860
0.41373378
0.39886966
0.39377573
0.39010289
0.39020211
0.39129573
0.39243013
0.39361030
0.39481771
0.39603519
0.39727265
0.39854994
0.42850512
0.42978391
0.43107036
0.43236452
0.43366647
0.43497628
0.43629405
0.43761981
0.43895367
0.44029567
0.44164589
0.44300443
0.44437137
0.44574675
0.44713068
0.44852322
0.44992447
0.45133451
0.45275339
0.45418125
0.45561814
0.45706415
0.45851934
0.45998386
0.46145776
0.46294111
0.46443406
0.46593663
0.46744898
0.46897119
0.47050333
0.47204551
0.47359785
0.47515917
0.47673208
0.47831541
0.47990933
0.48151392
0.48312923
0.48475546
0.48639265
0.48804095
0.48970044
0.49137127
0.49305353
0.49474734
0.49645287
0.49817017
0.49989939
0.50164068
0.50339407
0.50515985
0.50693804
0.50872874
0.51053220
0.51234847
0.51417768
0.51602000
0.51787561
0.51968849
0.52135366
0.52303112
0.52460647
0.52585715
0.52711535
0.52824634
0.52908164
0.52991962
0.53061622
0.53103888
0.53145748
0.53173846
0.53175437
0.53176546
0.53166699
0.53129250
0.53090584
0.53042805
0.52994955
0.52991015
0.53095496
1.11138761
1.11576247
1.12017202
1.12461650
1.12909639
1.13361204
1.13815677
1.14274549
1.14737117
1.15203464
1.15673602
1.16147602
1.16625500
1.17107356
1.17592418
1.18082309
1.18576288
1.19074428
1.19576764
1.20083368
1.20594275
1.21108723
1.21628404
1.22152567
1.22681272
1.23214579
1.23752534
1.24295211
1.24842668
1.25394082
1.25951290
1.26513457
1.27080679
1.27653003
1.28230500
1.28813255
1.29400384
1.29993844
1.30592775
1.31197238
1.31807339
1.32423127
1.33044708
1.33671141
1.34304512
1.34943914
1.35589445
1.36241162
1.36899185
1.37563598
1.38234496
1.38910878
1.39595008
1.40285909
1.40983677
1.41688430
1.42399120
1.43118131
1.43843269
1.44576979
1.45318198
1.46067071
1.46823692
1.47588193
1.48360705
1.49141335
1.49928975
1.50726247
1.51532042
1.52346504
1.53169763
1.54001963
1.54843259
1.55692446
1.56552362
1.57421839
1.58301032
1.59190083
1.60089195
1.60998511
1.61916745
0.33546641
0.33624965
0.33703658
0.33782718
0.33862153
0.33941895
0.34022078
0.34102643
0.34183589
0.34264919
0.34346637
0.34428748
0.34511253
0.34594151
0.34677452
0.34761152
0.34845260
0.34929773
0.35014698
0.35100037
0.25456953
0.25407720
0.25377941
0.25352353
0.25333482
0.25318131
0.25306755
0.25297263
0.25290111
0.25285405
0.25281560
0.25278759
0.25278580
0.25280449
0.25282997
0.25286266
0.25290039
0.25293812
0.25297549
0.25301433
0.25305390
0.25309241
0.25312299
0.25313199
0.25312945
0.25290504
0.24855363
0.25438038
0.25597456
0.25732818
0.25867742
0.26000705
0.26135120
0.26271281
0.26409104
0.26547351
0.26687852
0.26830375
0.26975286
0.27123302
0.27275038
0.27430132
0.27587596
0.27749258
0.27912870
0.28081968
0.28254965
0.39750242
0.39860260
0.39970893
0.40082139
0.40194005
0.40306500
0.40419623
0.40533385
0.40647790
0.40762842
0.40878546
0.40994909
0.41111937
0.41229632
0.41348007
0.39990020
0.39443803
0.39037409
0.39005074
0.39107051
0.39217681
0.39332241
0.39451146
0.39573056
0.39695549
0.39817375
0.39939949
0.40071401
0.43079492
0.43208742
0.43338773
0.43469587
0.43601191
0.43733597
0.43866807
0.44000834
0.44135681
0.44271356
0.44407868
0.44545227
0.44683436
0.44822505
0.44962445
0.45103261
0.45244959
0.45387551
0.45531046
0.45675451
0.45820776
0.45967028
0.46114215
0.46262348
0.46411437
0.46561489
0.46712515
0.46864522
0.47017524
0.47171527
0.47326544
0.47482455
0.47639397
0.47797507
0.47956669
0.48116899
0.48278201
0.48440588
0.48604071
0.48768660
0.48934370
0.49101207
0.49269187
0.49438322
0.49608621
0.49780098
0.49952763
0.50126630
0.50301713
0.50478023
0.50655574
0.50834376
0.51014447
0.51195794
0.51378441
0.51562393
0.51747668
0.51934278
0.52122235
0.52293432
0.52462041
0.52631426
0.52763253
0.52889770
0.53017056
0.53104204
0.53188622
0.53273147
0.53316391
0.53359067
0.53401166
0.53402770
0.53404212
0.53405493
0.53369141
0.53331405
0.53285271
0.53236824
0.53207701
0.53273630
0.53498101
1.11922824
1.12366521
1.12813032
1.13263834
1.13718247
1.14176321
1.14638102
1.15103638
1.15572965
1.16045380
1.16522443
1.17003429
1.17488420
1.17977428
1.18470538
1.18967783
1.19469225
1.19974101
1.20484078
1.20998406
1.21517146
1.22040355
1.22568083
1.23100400
1.23636496
1.24178147
1.24724579
1.25275826
1.25831974
1.26393080
1.26959217
1.27529538
1.28105915
1.28687537
1.29274464
1.29866755
1.30464518
1.31067801
1.31676686
1.32290268
1.32910597
1.33536768
1.34168863
1.34806979
1.35451186
1.36101580
1.36757195
1.37420225
1.38089716
1.38765764
1.39448464
1.40137911
1.40834212
1.41537464
1.42245495
1.42962956
1.43687677
1.44419789
1.45159400
1.45906627
1.46661592
1.47423184
1.48193955
1.48972833
1.49759948
1.50555420
1.51359379
1.52171981
1.52992034
1.53822303
1.54661632
1.55510175
1.56368089
1.57235503
1.58112609
1.58999550
1.59895062
1.60802162
1.61719620
1.62647617
0.33608204
0.33686820
0.33765802
0.33845153
0.33924881
0.34004921
0.34085402
0.34166268
0.34247515
0.34329152
0.34411177
0.34493598
0.34576413
0.34659624
0.34743240
0.34827259
0.34911686
0.34996524
0.35081774
0.35167441
0.35253528
0.25613993
0.25555781
0.25523460
0.25495020
0.25472984
0.25455645
0.25442365
0.25431314
0.25424048
0.25418639
0.25416026
0.25414211
0.25413668
0.25416100
0.25419256
0.25421616
0.25423649
0.25426263
0.25429389
0.25432223
0.25435674
0.25440401
0.25443673
0.25444329
0.25445747
0.25436583
0.25083199
0.25531736
0.25707808
0.25844568
0.25979757
0.26114109
0.26249704
0.26385382
0.26522866
0.26661709
0.26803386
0.26947680
0.27094689
0.27244478
0.27395809
0.27552027
0.27711502
0.27874932
0.28042418
0.28212690
0.39836621
0.39947119
0.40058234
0.40169969
0.40282327
0.40395316
0.40508941
0.40623206
0.40738118
0.40853682
0.40969905
0.41086790
0.41204342
0.41322571
0.40089360
0.39514726
0.39081207
0.38986024
0.39086956
0.39195055
0.39307401
0.39422837
0.39542025
0.39665031
0.39789248
0.39910579
0.40028688
0.40151757
0.40284696
0.43310827
0.43441471
0.43572909
0.43705142
0.43838179
0.43972030
0.44106701
0.44242197
0.44378531
0.44515705
0.44653732
0.44792616
0.44932368
0.45072994
0.45214504
0.45356905
0.45500204
0.45644414
0.45789540
0.45935592
0.46082577
0.46230507
0.46379390
0.46529236
0.46680051
0.46831849
0.46984637
0.47138423
0.47293222
0.47449040
0.47605759
0.47763646
0.47922584
0.48082584
0.48243657
0.48405811
0.48569059
0.48733410
0.48898882
0.49065477
0.49233213
0.49402100
0.49572149
0.49743372
0.49915782
0.50089389
0.50264215
0.50440258
0.50617546
0.50796080
0.50975877
0.51156950
0.51339316
0.51522988
0.51707983
0.51894307
0.52081978
0.52271008
0.52452302
0.52621627
0.52792048
0.52941841
0.53069377
0.53197527
0.53301382
0.53386748
0.53472072
0.53530604
0.53573781
0.53616542
0.53632051
0.53633666
0.53635120
0.53611213
0.53573138
0.53529799
0.53481066
0.53439963
0.53472233
0.53633666
1.12270844
1.12717307
1.13167346
1.13620985
1.14078271
1.14538527
1.15003240
1.15471756
1.15944099
1.16420317
1.16900468
1.17384589
1.17872751
1.18364191
1.18860543
1.19361079
1.19865847
1.20374894
1.20888293
1.21406078
1.21927500
1.22454250
1.22985578
1.23521531
1.24062181
1.24607575
1.25157797
1.25712895
1.26272047
1.26837087
1.27407217
1.27982497
1.28562987
1.29148769
1.29739916
1.30335546
1.30937636
1.31545317
1.32158661
1.32777739
1.33402658
1.34033489
1.34670305
1.35312176
1.35961235
1.36616552
1.37278211
1.37946320
1.38620961
1.39302230
1.39989126
1.40683937
1.41385686
1.42094481
1.42809260
1.43532419
1.44262958
1.44999778
1.45745349
1.46498644
1.47259748
1.48028815
1.48805952
1.49591291
1.50384974
1.51185834
1.51996565
1.52816033
1.53644395
1.54481781
1.55328345
1.56184232
1.57048225
1.57923234
1.58808041
1.59702826
1.60607743
1.61522985
1.62448704
1.63383603
0.33669934
0.33748835
0.33828110
0.33907756
0.33987713
0.34068114
0.34148896
0.34230062
0.34311616
0.34393558
0.34475893
0.34558624
0.34641752
0.34725279
0.34809211
0.34893551
0.34978300
0.35063463
0.35149041
0.35235035
0.35321453
0.35408297
0.35495567
0.25706470
0.25668809
0.25637531
0.25613809
0.25594807
0.25581563
0.25568336
0.25560662
0.25555378
0.25553471
0.25551856
0.25550646
0.25551635
0.25553066
0.25554681
0.25556588
0.25558755
0.25561801
0.25565031
0.25568777
0.25572523
0.25577667
0.25580093
0.25581563
0.25580680
0.25355023
0.25605482
0.25819227
0.25957784
0.26095274
0.26231754
0.26366505
0.26501504
0.26639166
0.26779836
0.26922697
0.27068114
0.27215445
0.27365190
0.27518079
0.27675182
0.27837962
0.28006813
0.39813098
0.39923468
0.40034449
0.40146050
0.40258276
0.40371129
0.40484619
0.40598747
0.40713519
0.40828943
0.40945023
0.41061768
0.41179177
0.41297260
0.40172234
0.39603785
0.39133102
0.38978341
0.39066026
0.39173836
0.39284325
0.39397794
0.39514726
0.39634120
0.39755303
0.39877406
0.40000084
0.40120080
0.40238345
0.40362251
0.40508386
0.43544766
0.43676829
0.43809694
0.43943372
0.44077867
0.44213185
0.44349340
0.44486335
0.44624180
0.44762880
0.44902444
0.45042884
0.45184204
0.45326415
0.45469522
0.45613536
0.45758465
0.45904317
0.46051103
0.46198830
0.46347511
0.46497148
0.46647757
0.46799344
0.46951917
0.47105491
0.47260073
0.47415671
0.47572172
0.47729835
0.47888547
0.48048320
0.48209164
0.48371086
0.48534098
0.48698214
0.48863444
0.49029797
0.49197289
0.49365929
0.49535728
0.49706700
0.49878857
0.50052208
0.50226772
0.50402552
0.50579572
0.50757837
0.50937217
0.51118022
0.51300108
0.51483500
0.51668209
0.51854241
0.52041775
0.52230519
0.52420479
0.52611673
0.52782029
0.52953655
0.53121322
0.53250039
0.53379226
0.53499871
0.53586036
0.53672320
0.53746539
0.53790069
0.53833669
0.53863317
0.53864944
0.53866577
0.53855491
0.53817064
0.53776741
0.53727561
0.53679603
0.53679442
0.53797710
1.12621748
1.13071012
1.13523149
1.13979661
1.14439845
1.14903772
1.15371466
1.15842986
1.16318369
1.16796911
1.17280185
1.17767465
1.18258822
1.18754280
1.19253922
1.19757783
1.20265913
1.20777559
1.21294403
1.21815681
1.22341478
1.22871816
1.23406780
1.23946416
1.24489927
1.25039113
1.25593150
1.26152122
1.26716101
1.27285135
1.27859306
1.28437757
1.29022396
1.29612386
1.30207801
1.30808699
1.31415176
1.32027304
1.32645154
1.33267832
1.33897376
1.34532905
1.35174489
1.35822225
1.36476195
1.37136495
1.37802148
1.38475370
1.39155209
1.39841759
1.40535104
1.41235363
1.41942644
1.42655897
1.43376350
1.44105291
1.44841671
1.45585620
1.46337259
1.47096682
1.47864044
1.48638213
1.49421775
1.50213647
1.51013958
1.51822841
1.52640438
1.53466880
1.54302335
1.55145574
1.55999446
1.56862772
1.57735705
1.58618414
1.59511054
1.60413802
1.61325359
1.62248814
1.63182902
1.64127803
0.33731952
0.33811146
0.33890712
0.33970588
0.34050909
0.34131610
0.34212694
0.34294164
0.34376022
0.34458274
0.34540918
0.34623963
0.34707403
0.34791252
0.34875503
0.34960166
0.35045236
0.35130724
0.35216632
0.35302961
0.35389712
0.35476890
0.35564500
0.35652545
0.25853616
0.25810653
0.25778657
0.25754189
0.25735980
0.25722593
0.25708365
0.25700051
0.25694782
0.25691408
0.25689182
0.25686625
0.25686291
0.25687551
0.25689182
0.25691149
0.25693521
0.25696823
0.25700754
0.25705060
0.25709701
0.25713006
0.25716758
0.25719026
0.25720400
0.25620520
0.24905197
0.25933960
0.26073983
0.26211244
0.26347110
0.26483208
0.26618132
0.26756772
0.26898775
0.27042866
0.27189091
0.27335310
0.27486932
0.27643549
0.27805609
0.27974594
0.39899841
0.40010694
0.40122160
0.40234253
0.40346879
0.40460232
0.40574223
0.40688857
0.40804142
0.40920082
0.41036680
0.41153949
0.41271886
0.41390502
0.39701036
0.39199460
0.38977402
0.39046314
0.39152554
0.39262316
0.39374873
0.39489743
0.39606959
0.39726731
0.39846787
0.39964968
0.40086290
0.40208441
0.40327320
0.40448281
0.40575239
0.40843934
0.43781140
0.43914643
0.44048962
0.44184104
0.44320077
0.44456893
0.44594553
0.44733068
0.44872448
0.45012701
0.45153829
0.45295849
0.45438763
0.45582581
0.45727313
0.45872968
0.46019554
0.46167079
0.46315551
0.46464983
0.46615383
0.46766758
0.46919122
0.47072479
0.47226843
0.47382224
0.47538504
0.47695944
0.47854432
0.48013976
0.48174587
0.48336276
0.48499054
0.48662934
0.48827922
0.48994035
0.49161282
0.49329674
0.49499226
0.49669945
0.49841845
0.50014943
0.50189239
0.50364763
0.50541514
0.50719512
0.50898767
0.51079297
0.51261109
0.51444221
0.51628643
0.51814395
0.52001488
0.52189934
0.52379757
0.52570963
0.52763569
0.52943569
0.53116089
0.53289735
0.53431779
0.53562015
0.53692555
0.53786653
0.53873748
0.53960794
0.54007947
0.54051900
0.54095924
0.54098225
0.54099870
0.54101348
0.54062241
0.54022861
0.53974050
0.53924012
0.53899360
0.53976667
0.54288954
1.13426220
1.13881946
1.14341342
1.14804459
1.15271354
1.15741301
1.16215849
1.16694319
1.17176735
1.17663157
1.18153632
1.18648219
1.19146156
1.19649100
1.20156312
1.20667851
1.21183753
1.21704078
1.22228897
1.22758269
1.23291385
1.23830020
1.24373376
1.24921525
1.25474524
1.26032436
1.26595342
1.27162385
1.27735448
1.28313696
1.28897202
1.29486048
1.30080295
1.30680013
1.31284332
1.31895232
1.32511854
1.33134258
1.33762550
1.34396791
1.35037076
1.35683489
1.36335087
1.36994016
1.37659347
1.38331175
1.39009595
1.39694691
1.40386581
1.41084242
1.41790009
1.42501724
1.43221772
1.43949127
1.44683909
1.45426238
1.46176219
1.46932769
1.47698414
1.48472071
1.49253893
1.50043976
1.50842476
1.51649523
1.52463937
1.53288472
1.54121971
1.54964590
1.55816460
1.56677759
1.57548630
1.58427835
1.59318316
1.60218871
1.61129677
1.62050879
1.62982690
1.63925266
1.64878821
0.33794135
0.33873621
0.33953419
0.34033656
0.34114274
0.34195277
0.34276664
0.34358439
0.34440607
0.34523165
0.34606123
0.34689480
0.34773239
0.34857404
0.34941977
0.35026962
0.35112363
0.35198179
0.35284415
0.35371077
0.35458162
0.35545680
0.35633633
0.35722017
0.35810843
0.26006061
0.25953433
0.25922704
0.25897774
0.25878647
0.25863683
0.25848472
0.25839427
0.25834292
0.25829679
0.25826755
0.25824320
0.25823271
0.25824210
0.25825220
0.25827393
0.25829980
0.25833878
0.25837740
0.25841680
0.25846219
0.25850725
0.25855193
0.25857332
0.25857332
0.25827545
0.25018260
0.26050019
0.26189530
0.26327896
0.26464191
0.26600194
0.26736557
0.26875260
0.27018648
0.27162415
0.27307761
0.27457339
0.27613401
0.27773851
0.39876157
0.39986876
0.40098211
0.40210167
0.40322751
0.40435967
0.40549821
0.40664318
0.40779462
0.40895262
0.41011721
0.41128844
0.41246641
0.41365111
0.39802593
0.39276350
0.38979536
0.39023203
0.39129746
0.39239553
0.39351979
0.39468291
0.39584762
0.39701304
0.39817908
0.39938068
0.40055710
0.40174139
0.40295368
0.40416688
0.40536892
0.40661532
0.40790209
0.41077971
0.44020203
0.44155169
0.44290966
0.44427598
0.44565079
0.44703412
0.44842607
0.44982669
0.45123613
0.45265439
0.45408162
0.45551786
0.45696324
0.45841780
0.45988166
0.46135488
0.46283758
0.46432987
0.46583179
0.46734345
0.46886495
0.47039640
0.47193789
0.47348949
0.47505009
0.47662228
0.47820491
0.47979808
0.48140192
0.48301649
0.48464194
0.48627838
0.48792589
0.48958459
0.49125463
0.49293610
0.49462911
0.49633381
0.49805027
0.49977869
0.50151908
0.50327170
0.50503659
0.50681388
0.50860375
0.51040632
0.51222020
0.51405001
0.51589143
0.51774609
0.51961410
0.52149570
0.52339095
0.52530003
0.52722156
0.52915871
0.53105950
0.53279686
0.53454405
0.53614604
0.53745896
0.53877664
0.53988945
0.54076695
0.54164726
0.54227763
0.54271579
0.54314303
0.54329389
0.54329717
0.54330051
0.54302371
0.54262477
0.54216528
0.54166049
0.54125202
0.54172146
0.54365724
1.13784397
1.14242280
1.14704585
1.15170670
1.15640545
1.16114271
1.16591895
1.17073464
1.17558253
1.18047845
1.18541551
1.19039392
1.19541430
1.20047724
1.20558333
1.21073294
1.21591854
1.22115695
1.22644091
1.23177063
1.23714685
1.24257040
1.24804151
1.25355232
1.25912082
1.26473904
1.27040768
1.27612734
1.28189874
1.28772247
1.29359949
1.29952085
1.30550635
1.31154704
1.31764412
1.32379794
1.33000970
1.33627987
1.34259939
1.34898925
1.35544014
1.36195302
1.36852884
1.37516844
1.38187277
1.38863194
1.39546847
1.40237272
1.40934563
1.41638815
1.42349017
1.43067515
1.43793309
1.44525325
1.45266020
1.46014345
1.46770430
1.47534370
1.48306310
1.49086380
1.49873424
1.50670111
1.51475298
1.52289152
1.53111792
1.53943360
1.54784024
1.55633914
1.56491804
1.57360613
1.58239102
1.59127474
1.60025871
1.60934460
1.61853433
1.62781477
1.63721728
1.64672899
1.65635192
0.33856612
0.33936328
0.34016487
0.34097025
0.34177944
0.34259248
0.34340939
0.34423023
0.34505498
0.34588370
0.34671643
0.34755316
0.34839395
0.34923878
0.35008776
0.35094085
0.35179815
0.35265961
0.35352531
0.35439527
0.35526952
0.35614809
0.35703102
0.35791835
0.35881010
0.35970628
0.26158664
0.26096115
0.26065126
0.26038855
0.26019064
0.26003858
0.25991443
0.25980592
0.25974110
0.25969410
0.25965813
0.25963464
0.25962895
0.25963047
0.25964031
0.25966001
0.25968653
0.25972593
0.25976536
0.25980517
0.25985408
0.25990492
0.25994784
0.25996795
0.25998542
0.25981843
0.25134590
0.26158896
0.26306263
0.26444611
0.26581642
0.26718298
0.26854661
0.26993039
0.27135375
0.27280304
0.27428821
0.27584818
0.27744198
0.39963174
0.40074378
0.40186203
0.40298650
0.40411732
0.40525356
0.40639716
0.40754721
0.40870380
0.40986696
0.41103676
0.41221327
0.41339654
0.39913800
0.39355808
0.38985085
0.39000717
0.39106277
0.39216471
0.39330763
0.39446598
0.39562413
0.39678383
0.39793697
0.39908430
0.40027338
0.40144420
0.40263829
0.40384227
0.40505439
0.40627009
0.40750802
0.40877512
0.41007942
0.41311061
0.44261780
0.44398233
0.44535530
0.44673681
0.44812688
0.44952565
0.45093319
0.45234957
0.45377487
0.45520917
0.45665258
0.45810515
0.45956701
0.46103823
0.46251890
0.46400911
0.46550894
0.46701851
0.46853790
0.47006720
0.47160655
0.47315598
0.47471562
0.47628433
0.47786471
0.47945562
0.48105714
0.48266941
0.48429254
0.48592660
0.48757172
0.48922804
0.49089563
0.49257463
0.49426517
0.49596733
0.49768126
0.49940708
0.50114495
0.50289488
0.50465715
0.50643176
0.50821894
0.51001877
0.51183134
0.51365691
0.51549548
0.51734734
0.51921248
0.52109116
0.52298343
0.52488959
0.52680963
0.52874374
0.53069216
0.53265500
0.53444135
0.53620094
0.53797060
0.53930879
0.54063553
0.54192597
0.54281008
0.54368383
0.54445380
0.54488546
0.54531610
0.54559857
0.54560357
0.54560858
0.54544479
0.54504395
0.54461038
0.54410094
0.54362905
0.54374027
0.54516411
1.14144111
1.14605629
1.15070903
1.15539956
1.16012859
1.16488886
1.16969597
1.17454302
1.17943037
1.18435860
1.18932807
1.19433951
1.19938529
1.20448208
1.20962226
1.21480656
1.22003543
1.22530961
1.23062944
1.23599577
1.24140048
1.24686134
1.25237048
1.25792849
1.26353610
1.26919389
1.27490258
1.28065360
1.28646612
1.29233158
1.29825079
1.30422449
1.31025350
1.31633842
1.32247019
1.32866943
1.33492696
1.34124386
1.34762073
1.35405850
1.36055803
1.36712039
1.37373567
1.38042605
1.38718188
1.39400411
1.40089381
1.40785193
1.41487956
1.42196631
1.42912447
1.43636668
1.44368255
1.45107341
1.45854032
1.46608436
1.47370696
1.48139691
1.48917997
1.49704528
1.50499403
1.51302767
1.52114761
1.52935517
1.53763843
1.54602528
1.55450428
1.56307673
1.57174420
1.58050835
1.58937085
1.59831882
1.60738277
1.61654997
1.62582242
1.63520193
1.64469016
1.65428925
1.66400099
0.33919257
0.33999270
0.34079725
0.34160560
0.34241784
0.34323391
0.34405392
0.34487784
0.34570569
0.34653756
0.34737343
0.34821332
0.34905732
0.34990540
0.35075760
0.35161397
0.35247454
0.35333934
0.35420838
0.35508171
0.35595936
0.35684136
0.35772774
0.35861853
0.35951376
0.36041349
0.36131772
0.36222649
0.26240337
0.26205263
0.26181749
0.26161471
0.26146370
0.26134276
0.26123539
0.26116410
0.26111159
0.26107255
0.26104498
0.26103961
0.26103732
0.26104304
0.26106411
0.26108938
0.26113036
0.26117098
0.26121390
0.26125875
0.26131245
0.26135966
0.26137039
0.26140648
0.26138154
0.25251326
0.26269925
0.26423100
0.26562247
0.26699620
0.26834783
0.26970994
0.27110454
0.27253449
0.27401796
0.27558893
0.39939412
0.40050483
0.40162173
0.40274489
0.40387434
0.40501013
0.40615234
0.40730101
0.40845621
0.40961796
0.41078636
0.41196141
0.41314322
0.40032110
0.39438820
0.39012000
0.38975781
0.39082837
0.39192209
0.39304709
0.39421004
0.39537898
0.39653632
0.39768714
0.39883214
0.39998916
0.40115017
0.40234798
0.40353924
0.40474951
0.40595412
0.40717059
0.40840936
0.40966320
0.41094756
0.41224191
0.41544971
0.44506133
0.44644099
0.44782925
0.44922617
0.45063183
0.45204630
0.45346966
0.45490205
0.45634350
0.45779413
0.45925400
0.46072319
0.46220183
0.46369001
0.46518779
0.46669525
0.46821254
0.46973974
0.47127691
0.47282419
0.47438166
0.47594813
0.47752628
0.47911492
0.48071417
0.48232415
0.48394492
0.48557663
0.48721939
0.48887330
0.49053848
0.49221504
0.49390310
0.49560279
0.49731418
0.49903747
0.50077271
0.50252008
0.50427973
0.50605166
0.50783616
0.50963324
0.51144314
0.51326585
0.51510167
0.51695067
0.51881295
0.52068871
0.52257812
0.52448124
0.52639830
0.52832943
0.53027481
0.53223449
0.53420877
0.53609598
0.53786653
0.53964883
0.54117137
0.54250902
0.54384327
0.54483706
0.54571569
0.54659539
0.54707253
0.54750663
0.54792124
0.54792964
0.54793304
0.54788917
0.54748476
0.54707754
0.54656351
0.54604882
0.54593325
0.54698342
1.14506841
1.14970565
1.15438807
1.15910876
1.16386819
1.16866696
1.17350543
1.17838418
1.18330359
1.18825626
1.19325864
1.19830334
1.20339084
1.20852172
1.21369660
1.21891594
1.22417200
1.22948194
1.23483825
1.24024141
1.24569213
1.25119090
1.25673842
1.26232636
1.26797330
1.27367103
1.27942014
1.28522146
1.29107559
1.29698324
1.30294526
1.30895269
1.31502557
1.32115495
1.32734179
1.33358681
1.33989096
1.34625494
1.35266936
1.35915565
1.36570430
1.37231648
1.37899303
1.38573480
1.39254272
1.39941800
1.40635037
1.41336298
1.42044580
1.42758858
1.43481517
1.44211531
1.44949007
1.45692861
1.46445608
1.47206163
1.47974670
1.48751235
1.49536002
1.50329089
1.51129353
1.51939476
1.52758336
1.53586066
1.54422808
1.55268729
1.56123960
1.56988668
1.57861614
1.58745730
1.59639800
1.60544014
1.61458516
1.62383509
1.63319147
1.64264119
1.65221632
1.66190362
1.67170525
0.33982134
0.34062508
0.34143263
0.34224403
0.34305927
0.34387845
0.34470150
0.34552854
0.34635955
0.34719455
0.34803358
0.34887668
0.34972391
0.35057524
0.35143071
0.35229039
0.35315427
0.35402241
0.35489482
0.35577154
0.35665259
0.35753804
0.35842788
0.35932216
0.36022094
0.36112419
0.36203200
0.36294439
0.36386138
0.26388159
0.26348746
0.26326767
0.26306301
0.26290682
0.26277915
0.26267949
0.26260042
0.26255083
0.26250979
0.26248541
0.26246995
0.26246026
0.26246724
0.26249006
0.26251367
0.26255471
0.26259732
0.26263994
0.26268879
0.26273453
0.26275587
0.26279154
0.26282841
0.26286528
0.25380331
0.26380768
0.26542243
0.26679611
0.26815379
0.26950169
0.27087680
0.27228060
0.27375290
0.27531996
0.40026706
0.40138265
0.40250447
0.40363255
0.40476701
0.40590784
0.40705514
0.40820891
0.40936926
0.41053623
0.41170987
0.41289023
0.40130392
0.39541236
0.39075372
0.38956845
0.39057967
0.39168578
0.39280337
0.39394742
0.39512181
0.39630324
0.39744383
0.39858031
0.39972419
0.40088817
0.40207714
0.40324852
0.40445155
0.40565345
0.40685603
0.40807134
0.40929773
0.41055232
0.41181844
0.41309911
0.41437814
0.44614449
0.44753090
0.44892594
0.45032969
0.45174229
0.45316374
0.45459419
0.45603368
0.45748234
0.45894021
0.46040741
0.46188402
0.46337014
0.46486583
0.46637124
0.46788642
0.46941146
0.47094649
0.47249159
0.47404686
0.47561112
0.47718704
0.47877342
0.48037040
0.48197806
0.48359650
0.48522589
0.48686627
0.48851776
0.49018052
0.49185464
0.49354020
0.49523738
0.49694628
0.49866700
0.50039965
0.50214446
0.50390142
0.50567073
0.50745249
0.50924689
0.51105398
0.51287401
0.51470697
0.51655310
0.51841253
0.52028543
0.52217185
0.52407205
0.52598614
0.52791423
0.52985650
0.53181314
0.53378427
0.53577006
0.53775930
0.53954089
0.54133433
0.54304361
0.54437721
0.54571736
0.54687583
0.54776275
0.54864740
0.54927212
0.54971319
0.55015320
0.55027229
0.55027908
0.55028415
0.54994416
0.54953665
0.54904848
0.54852742
0.54817265
0.54885042
0.55157495
1.15338576
1.15809822
1.16284943
1.16763973
1.17246199
1.17733192
1.18224263
1.18719435
1.19218779
1.19722342
1.20230174
1.20741510
1.21258044
1.21779013
1.22304487
1.22834504
1.23369145
1.23908460
1.24452507
1.25000477
1.25554168
1.26112795
1.26676416
1.27245104
1.27818906
1.28397918
1.28981268
1.29570878
1.30165899
1.30766416
1.31372499
1.31984234
1.32601678
1.33224940
1.33853078
1.34488177
1.35129333
1.35776639
1.36430168
1.37090027
1.37756288
1.38427997
1.39107358
1.39793432
1.40486300
1.41186082
1.41892862
1.42605603
1.43325555
1.44053972
1.44789827
1.45533252
1.46284342
1.47043216
1.47810018
1.48584855
1.49366605
1.50157893
1.50957608
1.51765883
1.52582872
1.53408694
1.54243505
1.55086100
1.55939317
1.56801975
1.57674229
1.58556247
1.59448183
1.60350215
1.61262512
1.62183762
1.63117111
1.64061248
1.65016377
1.65982699
1.66960406
1.67949700
0.34045243
0.34125918
0.34206975
0.34288415
0.34370250
0.34452471
0.34535089
0.34618104
0.34701517
0.34785336
0.34869561
0.34954190
0.35039237
0.35124695
0.35210571
0.35296869
0.35383591
0.35470742
0.35558319
0.35646334
0.35734782
0.35823673
0.35913005
0.36002785
0.36093014
0.36183700
0.36274838
0.36366439
0.36458504
0.36551034
0.26748851
0.26494521
0.26471865
0.26452628
0.26436558
0.26423335
0.26412749
0.26405147
0.26400605
0.26396495
0.26394224
0.26391914
0.26389840
0.26391211
0.26393205
0.26395437
0.26399037
0.26403227
0.26407537
0.26411965
0.26414865
0.26418355
0.26421922
0.26425728
0.26429063
0.26344261
0.26295111
0.26659036
0.26796407
0.26930678
0.27066016
0.27204549
0.27348876
0.40002871
0.40114295
0.40226343
0.40339017
0.40452325
0.40566272
0.40680861
0.40796098
0.40911993
0.41028547
0.41145766
0.41263658
0.41382229
0.39645329
0.39136714
0.38951901
0.39034158
0.39144376
0.39255476
0.39369997
0.39486414
0.39603961
0.39719552
0.39833322
0.39947301
0.40062383
0.40179941
0.40297738
0.40416503
0.40536708
0.40656424
0.40776286
0.40897048
0.41019848
0.41144720
0.41270548
0.41397724
0.41534212
0.44723403
0.44862723
0.45002913
0.45143983
0.45285937
0.45428789
0.45572546
0.45717213
0.45862803
0.46009323
0.46156782
0.46305192
0.46454555
0.46604887
0.46756196
0.46908489
0.47061777
0.47216070
0.47371382
0.47527587
0.47684956
0.47843370
0.48002839
0.48163378
0.48324990
0.48487693
0.48651496
0.48816407
0.48982441
0.49149609
0.49317920
0.49487391
0.49658027
0.49829847
0.50002855
0.50177073
0.50352508
0.50529176
0.50707084
0.50886256
0.51066691
0.51248413
0.51431435
0.51615769
0.51801425
0.51988429
0.52176780
0.52366501
0.52557611
0.52750123
0.52944046
0.53139400
0.53336203
0.53534466
0.53734213
0.53935450
0.54122734
0.54303032
0.54484206
0.54625660
0.54760605
0.54892492
0.54982352
0.55071658
0.55148953
0.55193758
0.55238289
0.55263668
0.55264527
0.55265039
0.55243087
0.55201626
0.55155617
0.55103201
0.55058205
0.55092287
0.55274993
1.15708947
1.16182470
1.16660666
1.17142797
1.17628944
1.18119133
1.18613434
1.19111872
1.19613731
1.20120645
1.20631862
1.21147454
1.21667480
1.22191978
1.22721028
1.23253822
1.23792124
1.24335146
1.24882960
1.25435615
1.25993180
1.26555729
1.27123332
1.27695119
1.28273010
1.28856146
1.29444611
1.30038476
1.30637813
1.31242704
1.31852245
1.32468462
1.33090460
1.33718336
1.34352160
1.34992015
1.35637999
1.36289155
1.36947644
1.37612522
1.38283885
1.38961840
1.39646471
1.40337884
1.41036177
1.41740322
1.42451537
1.43171084
1.43897927
1.44632185
1.45373976
1.46123421
1.46879423
1.47644508
1.48417604
1.49198842
1.49988353
1.50786257
1.51592696
1.52407801
1.53230417
1.54063284
1.54905248
1.55756474
1.56617105
1.57487297
1.58367217
1.59255600
1.60155451
1.61065519
1.61985993
1.62917054
1.63858879
1.64811647
1.65774024
1.66749263
1.67736053
1.68734586
0.34108654
0.34189630
0.34270990
0.34352738
0.34434876
0.34517410
0.34600338
0.34683669
0.34767398
0.34851536
0.34936079
0.35021037
0.35106406
0.35192195
0.35278401
0.35365033
0.35452089
0.35539576
0.35627496
0.35715854
0.35804650
0.35893887
0.35983571
0.36073706
0.36164290
0.36255333
0.36346835
0.36438799
0.36531231
0.36624134
0.36717507
0.36811361
0.26642156
0.26619008
0.26600114
0.26584142
0.26570293
0.26559114
0.26551944
0.26547232
0.26541215
0.26539356
0.26537892
0.26536229
0.26536468
0.26538405
0.26541215
0.26544818
0.26548499
0.26552421
0.26556024
0.26559511
0.26563078
0.26566646
0.26570177
0.26573390
0.26544896
0.25719321
0.26774400
0.26912031
0.27044675
0.27180290
0.27325198
0.40090445
0.40202358
0.40314898
0.40428069
0.40541878
0.40656331
0.40771431
0.40887183
0.41003597
0.41120672
0.41238421
0.41356748
0.39751750
0.39211375
0.38958210
0.39011145
0.39122006
0.39231944
0.39344761
0.39460853
0.39577633
0.39693865
0.39807758
0.39921677
0.40036520
0.40153477
0.40270206
0.40389448
0.40508294
0.40628120
0.40747538
0.40866625
0.40987641
0.41110513
0.41235363
0.41361842
0.41491613
0.44693646
0.44832781
0.44972783
0.45113662
0.45255429
0.45398086
0.45541647
0.45686120
0.45831510
0.45977831
0.46125087
0.46273291
0.46422452
0.46572575
0.46723673
0.46875754
0.47028828
0.47182906
0.47337997
0.47493982
0.47651127
0.47809318
0.47968560
0.48128867
0.48290250
0.48452717
0.48616284
0.48780957
0.48946747
0.49113673
0.49281737
0.49450958
0.49621344
0.49792907
0.49965662
0.50139618
0.50314796
0.50491196
0.50668836
0.50847733
0.51027900
0.51209342
0.51392084
0.51576138
0.51761508
0.51948220
0.52136284
0.52325708
0.52516520
0.52708727
0.52902347
0.53097391
0.53293884
0.53491837
0.53691262
0.53892177
0.54094607
0.54292101
0.54473203
0.54655516
0.54814398
0.54950613
0.55087167
0.55189645
0.55280143
0.55370593
0.55417657
0.55462897
0.55501980
0.55502844
0.55503881
0.55493844
0.55452013
0.55408859
0.55355787
0.55304188
0.55305052
0.55439228
1.16080952
1.16558301
1.17039585
1.17524874
1.18013418
1.18506825
1.19004369
1.19506121
1.20012116
1.20522416
1.21037078
1.21556139
1.22078848
1.22606921
1.23139572
1.23676872
1.24218881
1.24765658
1.25317276
1.25872910
1.26434386
1.27000880
1.27572489
1.28149259
1.28731275
1.29318595
1.29910362
1.30508518
1.31112206
1.31721509
1.32336497
1.32957256
1.33583868
1.34216416
1.34853947
1.35498607
1.36149466
1.36806595
1.37470114
1.38140082
1.38816631
1.39498734
1.40188682
1.40885484
1.41589248
1.42298949
1.43016934
1.43742216
1.44474888
1.45213878
1.45961666
1.46717203
1.47480583
1.48251963
1.49031460
1.49819183
1.50614011
1.51418602
1.52231848
1.53053856
1.53884804
1.54724824
1.55574059
1.56431293
1.57299423
1.58177233
1.59064901
1.59962595
1.60870469
1.61788702
1.62717485
1.63655496
1.64605904
1.65567410
1.66540205
1.67524517
1.68520522
1.69528449
0.34172234
0.34253511
0.34335178
0.34417233
0.34499681
0.34582525
0.34665769
0.34749413
0.34833461
0.34917918
0.35002786
0.35088068
0.35173765
0.35259882
0.35346422
0.35433388
0.35520783
0.35608611
0.35696873
0.35785574
0.35874718
0.35964304
0.36054343
0.36144832
0.36235774
0.36327177
0.36419043
0.36511374
0.36604175
0.36697447
0.36791196
0.36885428
0.36980140
0.26796448
0.26767957
0.26749051
0.26733384
0.26718858
0.26707554
0.26700583
0.26693735
0.26689813
0.26688132
0.26686451
0.26684731
0.26684213
0.26685572
0.26688814
0.26693577
0.26698020
0.26700222
0.26702544
0.26705950
0.26709557
0.26712763
0.26716012
0.26718697
0.26705390
0.25829831
0.26889062
0.27025089
0.27157152
0.40066531
0.40178311
0.40290716
0.40403751
0.40517423
0.40631738
0.40746698
0.40862310
0.40978581
0.41095516
0.41213119
0.41331398
0.39867851
0.39288402
0.38963580
0.38989183
0.39099663
0.39209646
0.39321381
0.39436373
0.39551952
0.39667594
0.39782757
0.39896175
0.40010604
0.40125778
0.40243441
0.40361518
0.40480107
0.40599579
0.40719479
0.40838593
0.40957931
0.41078636
0.41201958
0.41328424
0.41457888
0.44664040
0.44802991
0.44942805
0.45083496
0.45225072
0.45367539
0.45510909
0.45655185
0.45800379
0.45946500
0.46093556
0.46241558
0.46390510
0.46540427
0.46691316
0.46843186
0.46996048
0.47149912
0.47304785
0.47460678
0.47617477
0.47775441
0.47934458
0.48094538
0.48255688
0.48417923
0.48581254
0.48745689
0.48911241
0.49077922
0.49245745
0.49414715
0.49584851
0.49756163
0.49928662
0.50102365
0.50277275
0.50453413
0.50630790
0.50809419
0.50989312
0.51170480
0.51352942
0.51536715
0.51721805
0.51908225
0.52095997
0.52285135
0.52475649
0.52667558
0.52860874
0.53055614
0.53251791
0.53449428
0.53648537
0.53849137
0.54051244
0.54254872
0.54460037
0.54644442
0.54827732
0.55004609
0.55141950
0.55279630
0.55398339
0.55489868
0.55581355
0.55643553
0.55689162
0.55734676
0.55743402
0.55744272
0.55744970
0.55704850
0.55662692
0.55610871
0.55557412
0.55535054
0.55629122
1.16456115
1.16935790
1.17420208
1.17908669
1.18401194
1.18897855
1.19398701
1.19903791
1.20412350
1.20926070
1.21444190
1.21966767
1.22493851
1.23025525
1.23561835
1.24101961
1.24647713
1.25198293
1.25753748
1.26314151
1.26879585
1.27450097
1.28025758
1.28605711
1.29191887
1.29783440
1.30380416
1.30982924
1.31591022
1.32204783
1.32823324
1.33448660
1.34079933
1.34717190
1.35360539
1.36010063
1.36665857
1.37327993
1.37995517
1.38670635
1.39352393
1.40040886
1.40736222
1.41438496
1.42147803
1.42861986
1.43585682
1.44316757
1.45055306
1.45801461
1.46555328
1.47317028
1.48085463
1.48863196
1.49649143
1.50443435
1.51246202
1.52057588
1.52877724
1.53706741
1.54543471
1.55390716
1.56247294
1.57113373
1.57989109
1.58874667
1.59770203
1.60674429
1.61590433
1.62516928
1.63454115
1.64402175
1.65361297
1.66331673
1.67313516
1.68305409
1.69310760
1.70328188
0.34236118
0.34317702
0.34399673
0.34482038
0.34564796
0.34647954
0.34731513
0.34815475
0.34899846
0.34984624
0.35069817
0.35155427
0.35241455
0.35327902
0.35414776
0.35502079
0.35589814
0.35677984
0.35766593
0.35855639
0.35945132
0.36035073
0.36125466
0.36216313
0.36307615
0.36399382
0.36491615
0.36584315
0.36677486
0.36771134
0.36865261
0.36959872
0.37054968
0.37150556
0.27154997
0.26919112
0.26899791
0.26884311
0.26869214
0.26858470
0.26852110
0.26844576
0.26838708
0.26837090
0.26835310
0.26833570
0.26834702
0.26836199
0.26839274
0.26843971
0.26846197
0.26848343
0.26850733
0.26853690
0.26856971
0.26860172
0.26861185
0.26863497
0.26863620
0.26365685
0.27007455
0.27163365
0.40154383
0.40266654
0.40379554
0.40493092
0.40607268
0.40722090
0.40837562
0.40953693
0.41070482
0.41187945
0.41306078
0.39968649
0.39364424
0.38970831
0.38968101
0.39077431
0.39187720
0.39298984
0.39413932
0.39529294
0.39643300
0.39757344
0.39871153
0.39984807
0.40100378
0.40216798
0.40333989
0.40452325
0.40571263
0.40690997
0.40810972
0.40929678
0.41049078
0.41170225
0.41295823
0.41427687
0.44634360
0.44773126
0.44912755
0.45053259
0.45194644
0.45336920
0.45480093
0.45624176
0.45769170
0.45915094
0.46061948
0.46209744
0.46358493
0.46508202
0.46658882
0.46810544
0.46963191
0.47116837
0.47271493
0.47427168
0.47583744
0.47741485
0.47900274
0.48060125
0.48221046
0.48383048
0.48546144
0.48710340
0.48875654
0.49042091
0.49209666
0.49378389
0.49548277
0.49719334
0.49891579
0.50065017
0.50239670
0.50415546
0.50592655
0.50771016
0.50950634
0.51131529
0.51313716
0.51497203
0.51682007
0.51868147
0.52055627
0.52244467
0.52434683
0.52626294
0.52819306
0.53013742
0.53209609
0.53406936
0.53605723
0.53806001
0.54007781
0.54211080
0.54415917
0.54622304
0.54816592
0.55001384
0.55187255
0.55334276
0.55473268
0.55608785
0.55701011
0.55793548
0.55871123
0.55917108
0.55963343
0.55985874
0.55986756
0.55987287
0.55958420
0.55915529
0.55866039
0.55811912
0.55768901
0.55827492
0.56080949
1.17316508
1.17804098
1.18295753
1.18790734
1.19290686
1.19794858
1.20303297
1.20816088
1.21333265
1.21854877
1.22381008
1.22910845
1.23446143
1.23986137
1.24530864
1.25080407
1.25634813
1.26194155
1.26757610
1.27327013
1.27901566
1.28481328
1.29066372
1.29656756
1.30252576
1.30852938
1.31459820
1.32072365
1.32690644
1.33314741
1.33944726
1.34580708
1.35222745
1.35869908
1.36524343
1.37185109
1.37852311
1.38526022
1.39206362
1.39893413
1.40586162
1.41286933
1.41994727
1.42708504
1.43430650
1.44160140
1.44897091
1.45641601
1.46392620
1.47152627
1.47920561
1.48696566
1.49480748
1.50273252
1.51074195
1.51882434
1.52700675
1.53527772
1.54363883
1.55209160
1.56063735
1.56927776
1.57801437
1.58683455
1.59576833
1.60480320
1.61394107
1.62318349
1.63253236
1.64198971
1.65154171
1.66122115
1.67101467
1.68092442
1.69095230
1.70110071
1.71137154
0.34300178
0.34382132
0.34464344
0.34547019
0.34630090
0.34713563
0.34797439
0.34881723
0.34966412
0.35051519
0.35137036
0.35222974
0.35309333
0.35396117
0.35483328
0.35570967
0.35659045
0.35747558
0.35836509
0.35925907
0.36015752
0.36106047
0.36196795
0.36288002
0.36379668
0.36471799
0.36564398
0.36657470
0.36751014
0.36845037
0.36939546
0.37034538
0.37130019
0.37225994
0.37322471
0.37419444
0.27071533
0.27051702
0.27035308
0.27020493
0.27010325
0.27002621
0.26994801
0.26988783
0.26986820
0.26984939
0.26985878
0.26987106
0.26989111
0.26990911
0.26993287
0.26994637
0.26996806
0.26999426
0.27002746
0.27006021
0.27006799
0.27007416
0.27008030
0.27008235
0.26667342
0.40130392
0.40242529
0.40355295
0.40468696
0.40582734
0.40697417
0.40812749
0.40928736
0.41045386
0.41162702
0.41280693
0.40048501
0.39434278
0.38992941
0.38947213
0.39053854
0.39165390
0.39276439
0.39391777
0.39508060
0.39621681
0.39734182
0.39846075
0.39959139
0.40074107
0.40190646
0.40307868
0.40425497
0.40543818
0.40662831
0.40782547
0.40902311
0.41020793
0.41140822
0.41264328
0.41395026
0.44604835
0.44743413
0.44882858
0.45023173
0.45164371
0.45306456
0.45449436
0.45593324
0.45738125
0.45883846
0.46030501
0.46178097
0.46326640
0.46476147
0.46626616
0.46778065
0.46930504
0.47083935
0.47238374
0.47393832
0.47550187
0.47707704
0.47866270
0.48025894
0.48186585
0.48348355
0.48511216
0.48675177
0.48840249
0.49006444
0.49173778
0.49342254
0.49511892
0.49682698
0.49854687
0.50027871
0.50202262
0.50377876
0.50554723
0.50732809
0.50912160
0.51092786
0.51274693
0.51457900
0.51642424
0.51828277
0.52015465
0.52204019
0.52393937
0.52585250
0.52777958
0.52972090
0.53167653
0.53364664
0.53563142
0.53763098
0.53964555
0.54167533
0.54372036
0.54578090
0.54785717
0.54989827
0.55175793
0.55363017
0.55528122
0.55668092
0.55808592
0.55913770
0.56007016
0.56100392
0.56145513
0.56190354
0.56224608
0.56224251
0.56223899
0.56205612
0.56162339
0.56115246
0.56060636
0.56011772
0.56037694
0.56221414
1.17698944
1.18189716
1.18684602
1.19183660
1.19686913
1.20194447
1.20706308
1.21221709
1.21742368
1.22267520
1.22797227
1.23331535
1.23870516
1.24414229
1.24962735
1.25515223
1.26073503
1.26636767
1.27205086
1.27778542
1.28357184
1.28941083
1.29529393
1.30124032
1.30724168
1.31329858
1.31941187
1.32558239
1.33181083
1.33808804
1.34443486
1.35084212
1.35731089
1.36384177
1.37043583
1.37709403
1.38381720
1.39059544
1.39745140
1.40437531
1.41136825
1.41843104
1.42555356
1.43275952
1.44002700
1.44738030
1.45480919
1.46231461
1.46989799
1.47756028
1.48530304
1.49312735
1.50102174
1.50901294
1.51708972
1.52525342
1.53350544
1.54184711
1.55028021
1.55879235
1.56741226
1.57612801
1.58494127
1.59385371
1.60286689
1.61198258
1.62118769
1.63051367
1.63994741
1.64949095
1.65914631
1.66891539
1.67880011
1.68880260
1.69890881
1.70915318
1.71952176
0.34364542
0.34446737
0.34529328
0.34612313
0.34695700
0.34779492
0.34863687
0.34948289
0.35033306
0.35118735
0.35204583
0.35290852
0.35377544
0.35464662
0.35552213
0.35640195
0.35728616
0.35817474
0.35906777
0.35996523
0.36086723
0.36177373
0.36268482
0.36360049
0.36452082
0.36544582
0.36637551
0.36730993
0.36824915
0.36919320
0.37014207
0.37109584
0.37205455
0.37301821
0.37398690
0.37496060
0.37593859
0.27225229
0.27204257
0.27187887
0.27174190
0.27164155
0.27154458
0.27146754
0.27140504
0.27138478
0.27138063
0.27138683
0.27140421
0.27141911
0.27142161
0.27142987
0.27145058
0.27147168
0.27149445
0.27152511
0.27153173
0.27153215
0.27148908
0.39995140
0.40106523
0.40218526
0.40331155
0.40444419
0.40558320
0.40672866
0.40788060
0.40903908
0.41020417
0.41137588
0.41255340
0.40091348
0.39485976
0.39024314
0.38925835
0.39031675
0.39140415
0.39252967
0.39367646
0.39485449
0.39600083
0.39712197
0.39823076
0.39934483
0.40048501
0.40164620
0.40280959
0.40398982
0.40517515
0.40636098
0.40754628
0.40874228
0.40993208
0.41112316
0.41234601
0.41360882
0.41557291
0.44713631
0.44852889
0.44993016
0.45134023
0.45275918
0.45418704
0.45562395
0.45706999
0.45852524
0.45998979
0.46146372
0.46294713
0.46444011
0.46594274
0.46745512
0.46897736
0.47050956
0.47205177
0.47360414
0.47516549
0.47673845
0.47832185
0.47991580
0.48152041
0.48313579
0.48476204
0.48639929
0.48804763
0.48970717
0.49137804
0.49306035
0.49475423
0.49645978
0.49817714
0.49990639
0.50164771
0.50340122
0.50516701
0.50694525
0.50873601
0.51053953
0.51235580
0.51418513
0.51602751
0.51788318
0.51975220
0.52163476
0.52353102
0.52544117
0.52736527
0.52930349
0.53125602
0.53322303
0.53520465
0.53720105
0.53921235
0.54123884
0.54328060
0.54533780
0.54741067
0.54949766
0.55160230
0.55351484
0.55539906
0.55723161
0.55864114
0.56005782
0.56127632
0.56219810
0.56312299
0.56371146
0.56416351
0.56461620
0.56462878
0.56462520
0.56455177
0.56411344
0.56366682
0.56311584
0.56256771
0.56254637
0.56391507
1.18084657
1.18578660
1.19076812
1.19579172
1.20084989
1.20595908
1.21111190
1.21630895
1.22155082
1.22683811
1.23217142
1.23754251
1.24296951
1.24844420
1.25396729
1.25953960
1.26516151
1.27083397
1.27654827
1.28232348
1.28815114
1.29403210
1.29996693
1.30595648
1.31200147
1.31810260
1.32425106
1.33046699
1.33674145
1.34307551
1.34946990
1.35592532
1.36244297
1.36901295
1.37565732
1.38236642
1.38914120
1.39598286
1.40289223
1.40987027
1.41691816
1.42401397
1.43120432
1.43846762
1.44580495
1.45321763
1.46070659
1.46827328
1.47590649
1.48363173
1.49143839
1.49932766
1.50730073
1.51535904
1.52350414
1.53172398
1.54004633
1.54845953
1.55696535
1.56556499
1.57426012
1.58305252
1.59194362
1.60092068
1.61001420
1.61921167
1.62851477
1.63792527
1.64744532
1.65707660
1.66680562
1.67666531
1.68664229
1.69673884
1.70695686
1.71729875
1.72776675
0.34429082
0.34511587
0.34594488
0.34677789
0.34761491
0.34845600
0.34930116
0.35015044
0.35100383
0.35186142
0.35272321
0.35358921
0.35445949
0.35533404
0.35621294
0.35709620
0.35798386
0.35887593
0.35977244
0.36067346
0.36157900
0.36248910
0.36340380
0.36432311
0.36524710
0.36617577
0.36710918
0.36804739
0.36899039
0.36993822
0.37089095
0.37184858
0.37281117
0.37377879
0.37475142
0.37572831
0.37671113
0.37769911
0.27501711
0.27358502
0.27342576
0.27329728
0.27318740
0.27308303
0.27300304
0.27294821
0.27293608
0.27292478
0.27293062
0.27293441
0.27293983
0.27294528
0.27295491
0.27297333
0.27298337
0.27300221
0.27300891
0.27298754
0.39971340
0.40082589
0.40194458
0.40306956
0.40420082
0.40533847
0.40648252
0.40763307
0.40879014
0.40995380
0.41112411
0.41230112
0.40146321
0.39522359
0.39045459
0.38914856
0.39011914
0.39118740
0.39228225
0.39342761
0.39459452
0.39576575
0.39690945
0.39801884
0.39912456
0.40023828
0.40138265
0.40257001
0.40373051
0.40490696
0.40609398
0.40728611
0.40847588
0.40966037
0.41085178
0.41206726
0.41331685
0.41477594
0.44683999
0.44823071
0.44963014
0.45103830
0.45245534
0.45388132
0.45531631
0.45676038
0.45821366
0.45967621
0.46114811
0.46262950
0.46412042
0.46562096
0.46713126
0.46865138
0.47018144
0.47172153
0.47327173
0.47483215
0.47640160
0.47798276
0.47957447
0.48117679
0.48278984
0.48441377
0.48604867
0.48769462
0.48935175
0.49102020
0.49270007
0.49439147
0.49609450
0.49780932
0.49953604
0.50127476
0.50302565
0.50478882
0.50656438
0.50835246
0.51015323
0.51196676
0.51379329
0.51563287
0.51748568
0.51935184
0.52123153
0.52312487
0.52503198
0.52695310
0.52888829
0.53083777
0.53280163
0.53478014
0.53677338
0.53878152
0.54080474
0.54284322
0.54489708
0.54696661
0.54905021
0.55115145
0.55326879
0.55528122
0.55717748
0.55908853
0.56061697
0.56202948
0.56339210
0.56432265
0.56525451
0.56598240
0.56643993
0.56689632
0.56703353
0.56703174
0.56702811
0.56662560
0.56618583
0.56564790
0.56509125
0.56485629
0.56586367
1.18472123
1.18969381
1.19470823
1.19976521
1.20486522
1.21000874
1.21519637
1.22042024
1.22569764
1.23102093
1.23639071
1.24180746
1.24727201
1.25278473
1.25834644
1.26394880
1.26961029
1.27532279
1.28108680
1.28690326
1.29277277
1.29869604
1.30466425
1.31069720
1.31678629
1.32293224
1.32913578
1.33539772
1.34171891
1.34809017
1.35453248
1.36103666
1.36760354
1.37423408
1.38092935
1.38769007
1.39451742
1.40140116
1.40836442
1.41539717
1.42248905
1.42966402
1.43691158
1.44423306
1.45161772
1.45909023
1.46664011
1.47426844
1.48197663
1.48976576
1.49763727
1.50559235
1.51361954
1.52174580
1.52995980
1.53826296
1.54665673
1.55514252
1.56372201
1.57238281
1.58115411
1.59002388
1.59899366
1.60806525
1.61724031
1.62652075
1.63589323
1.64538944
1.65499675
1.66471684
1.67455173
1.68450356
1.69457436
1.70476627
1.71506500
1.72550571
1.73607433
0.34493932
0.34576747
0.34659964
0.34743580
0.34827602
0.34912029
0.34996867
0.35082120
0.35167789
0.35253876
0.35340387
0.35427323
0.35514688
0.35602486
0.35690719
0.35779387
0.35868502
0.35958058
0.36048064
0.36138520
0.36229432
0.36320803
0.36412635
0.36504933
0.36597702
0.36690941
0.36784658
0.36878854
0.36973536
0.37068704
0.37164363
0.37260514
0.37357169
0.37454325
0.37551907
0.37650079
0.37748766
0.37847972
0.37947699
0.38047954
0.27514762
0.27494320
0.27482602
0.27472380
0.27462971
0.27455091
0.27451959
0.27450690
0.27448910
0.27448574
0.27449292
0.27449802
0.27450350
0.27450603
0.27450818
0.27449885
0.27450266
0.39947659
0.40058777
0.40170512
0.40282875
0.40395865
0.40509495
0.40623763
0.40738678
0.40854245
0.40970469
0.41087359
0.41204914
0.41323146
0.39554152
0.39065167
0.38911369
0.38993028
0.39098805
0.39205933
0.39318341
0.39433664
0.39550635
0.39666358
0.39778933
0.39889827
0.40001521
0.40114927
0.40228888
0.40346515
0.40465844
0.40582642
0.40701324
0.40820798
0.40939939
0.41058642
0.41179177
0.41303682
0.41435403
0.44654292
0.44793180
0.44932935
0.45073566
0.45215079
0.45357484
0.45500785
0.45644999
0.45790130
0.45936185
0.46083173
0.46231109
0.46379995
0.46529844
0.46680662
0.46832463
0.46985257
0.47139049
0.47293851
0.47449672
0.47606397
0.47764289
0.47923231
0.48083234
0.48244309
0.48406470
0.48569721
0.48734078
0.48899552
0.49066153
0.49233893
0.49402785
0.49572837
0.49744067
0.49916482
0.50090098
0.50264925
0.50440973
0.50618261
0.50796801
0.50976604
0.51157689
0.51340061
0.51523733
0.51708734
0.51895058
0.52082735
0.52271777
0.52462190
0.52654004
0.52847219
0.53041857
0.53237939
0.53435469
0.53634477
0.53834969
0.54036969
0.54240483
0.54445541
0.54652160
0.54860175
0.55069959
0.55281347
0.55494368
0.55705893
0.55896741
0.56088722
0.56258017
0.56400442
0.56543410
0.56646335
0.56740230
0.56827176
0.56873655
0.56919670
0.56945705
0.56945890
0.56945527
0.56916028
0.56871659
0.56820285
0.56764114
0.56720161
0.56786746
0.57099152
1.19363475
1.19868267
1.20377338
1.20889938
1.21407735
1.21930003
1.22456777
1.22988129
1.23524106
1.24064767
1.24609327
1.25159562
1.25714672
1.26274729
1.26839805
1.27409959
1.27985251
1.28565776
1.29150653
1.29741812
1.30338418
1.30940533
1.31548226
1.32161605
1.32780719
1.33404660
1.34035504
1.34672344
1.35315263
1.35964358
1.36619699
1.37281394
1.37948453
1.38623118
1.39304411
1.39992428
1.40687275
1.41389060
1.42097878
1.42812693
1.43534744
1.44265294
1.45003319
1.45748937
1.46502256
1.47263408
1.48032510
1.48808444
1.49593806
1.50387514
1.51189685
1.52000451
1.52819967
1.53648365
1.54485798
1.55331051
1.56186974
1.57052386
1.57927442
1.58812296
1.59707129
1.60612094
1.61525917
1.62451673
1.63388109
1.64335394
1.65293741
1.66263318
1.67244339
1.68235421
1.69239926
1.70256495
1.71285355
1.72326732
1.73380840
1.74447918
0.34559026
0.34642154
0.34725687
0.34809554
0.34893894
0.34978643
0.35063806
0.35149387
0.35235384
0.35321805
0.35408649
0.35495922
0.35583624
0.35671765
0.35760340
0.35849357
0.35938817
0.36028728
0.36119089
0.36209902
0.36301175
0.36392909
0.36485106
0.36577773
0.36670911
0.36764526
0.36858618
0.36953196
0.37048259
0.37143812
0.37239859
0.37336403
0.37433451
0.37530926
0.37628987
0.37727565
0.37826657
0.37926275
0.38026416
0.38127089
0.38228294
0.27673805
0.27651796
0.27638698
0.27628917
0.27619529
0.27612546
0.27609333
0.27606893
0.27604795
0.27604324
0.27604452
0.27604580
0.27603555
0.27602568
0.27621287
0.39923915
0.40034899
0.40146503
0.40258729
0.40371588
0.40485078
0.40599209
0.40713984
0.40829411
0.40945494
0.41062242
0.41179654
0.41297740
0.39590308
0.39092794
0.38908902
0.38976038
0.39079663
0.39185995
0.39294991
0.39409918
0.39524990
0.39638886
0.39753261
0.39865795
0.39977264
0.40089810
0.40204719
0.40320376
0.40437713
0.40557674
0.40674540
0.40793294
0.40912652
0.41032046
0.41152617
0.41276002
0.41402924
0.44624737
0.44763443
0.44903013
0.45043454
0.45184776
0.45326990
0.45470101
0.45614120
0.45759052
0.45904911
0.46051699
0.46199432
0.46348113
0.46497756
0.46648368
0.46799958
0.46952537
0.47106114
0.47260699
0.47416303
0.47572806
0.47730476
0.47889194
0.48048970
0.48209816
0.48371741
0.48534760
0.48698881
0.48864114
0.49030474
0.49197969
0.49366614
0.49536419
0.49707395
0.49879554
0.50052911
0.50227481
0.50403267
0.50580293
0.50758564
0.50938094
0.51118904
0.51300997
0.51484394
0.51669109
0.51855147
0.52042538
0.52231282
0.52421403
0.52612913
0.52805829
0.53000164
0.53195935
0.53393155
0.53591847
0.53792018
0.53993696
0.54196888
0.54401612
0.54607898
0.54815578
0.55025017
0.55236059
0.55448729
0.55663043
0.55879021
0.56076533
0.56269395
0.56455535
0.56599140
0.56743300
0.56861669
0.56956643
0.57051569
0.57104647
0.57151580
0.57190144
0.57190323
0.57190323
0.57171959
0.57127005
0.57078093
0.57021409
0.56971407
0.57004064
0.57207054
1.19759393
1.20267534
1.20780015
1.21296883
1.21818185
1.22343993
1.22873509
1.23408484
1.23948145
1.24492538
1.25041747
1.25595808
1.26154804
1.26718807
1.27286959
1.27861142
1.28440535
1.29025209
1.29615223
1.30210650
1.30811584
1.31417120
1.32029259
1.32647133
1.33270824
1.33900392
1.34535956
1.35177565
1.35825336
1.36478293
1.37138605
1.37805355
1.38478613
1.39158475
1.39845049
1.40538430
1.41237605
1.41944909
1.42658186
1.43379819
1.44108784
1.44845212
1.45589197
1.46339655
1.47099113
1.47866499
1.48641932
1.49425542
1.50217450
1.51017797
1.51826727
1.52643061
1.53469527
1.54305005
1.55149627
1.56003547
1.56866920
1.57739902
1.58621240
1.59513915
1.60416687
1.61329746
1.62253249
1.63187385
1.64132345
1.65088308
1.66053927
1.67032480
1.68022633
1.69024587
1.70038569
1.71064782
1.72103465
1.73153150
1.74217427
1.75294864
0.34624299
0.34707743
0.34791592
0.34875846
0.34960508
0.35045582
0.35131073
0.35216981
0.35303310
0.35390064
0.35477245
0.35564855
0.35652903
0.35741383
0.35830307
0.35919672
0.36009488
0.36099750
0.36190468
0.36281639
0.36373276
0.36465374
0.36557940
0.36650980
0.36744490
0.36838481
0.36932954
0.37027913
0.37123361
0.37219301
0.37315741
0.37412679
0.37510046
0.37607998
0.37706465
0.37805447
0.37904951
0.38004982
0.38105541
0.38206631
0.38308263
0.38410434
0.27850506
0.27810475
0.27796230
0.27786425
0.27778706
0.27774459
0.27770212
0.27764669
0.27760553
0.27759081
0.27758822
0.27758303
0.39790049
0.39900291
0.40011144
0.40122613
0.40234706
0.40347430
0.40460783
0.40574777
0.40689415
0.40804702
0.40920645
0.41037250
0.41154519
0.41272461
0.39637032
0.39121145
0.38902950
0.38958293
0.39060795
0.39166078
0.39273924
0.39384893
0.39502713
0.39615509
0.39727530
0.39840099
0.39951694
0.40064457
0.40179941
0.40294820
0.40411824
0.40529969
0.40649274
0.40766856
0.40885493
0.41004634
0.41124663
0.41247690
0.41375014
0.44595110
0.44733632
0.44873014
0.45013270
0.45154402
0.45296425
0.45439342
0.45583165
0.45727903
0.45873559
0.46020147
0.46167678
0.46316156
0.46465591
0.46615994
0.46767375
0.46919739
0.47073102
0.47227472
0.47382855
0.47539139
0.47696584
0.47855076
0.48014623
0.48175240
0.48336932
0.48499715
0.48663598
0.48828593
0.48994711
0.49161962
0.49330360
0.49499914
0.49670637
0.49842542
0.50015640
0.50189948
0.50365472
0.50542229
0.50720233
0.50899494
0.51080030
0.51261848
0.51444966
0.51629394
0.51815146
0.52002245
0.52190703
0.52380526
0.52571738
0.52764350
0.52958381
0.53153837
0.53350747
0.53549123
0.53748977
0.53950328
0.54153192
0.54357588
0.54563534
0.54771048
0.54979974
0.55190676
0.55402994
0.55616951
0.55832571
0.56049865
0.56257129
0.56451237
0.56646693
0.56799251
0.56944615
0.57078457
0.57174528
0.57270366
0.57337517
0.57385021
0.57432050
0.57436866
0.57437050
0.57430011
0.57384652
0.57338256
0.57281053
0.57224709
0.57225072
0.57376510
1.20158744
1.20670295
1.21186221
1.21705747
1.22230577
1.22759962
1.23293948
1.23832595
1.24375975
1.24924147
1.25476289
1.26034224
1.26597142
1.27165103
1.27738190
1.28316474
1.28900003
1.29488873
1.30082190
1.30681932
1.31287241
1.31898165
1.32514811
1.33137250
1.33765566
1.34398818
1.35039127
1.35685563
1.36338210
1.36997175
1.37662542
1.38334405
1.39011765
1.39696884
1.40388799
1.41087604
1.41793394
1.42505145
1.43225229
1.43952620
1.44686270
1.45428622
1.46178627
1.46936405
1.47702086
1.48475790
1.49257648
1.50046504
1.50845027
1.51652098
1.52467859
1.53292429
1.54125977
1.54968631
1.55820560
1.56680524
1.57551420
1.58432055
1.59322596
1.60223198
1.61134052
1.62055314
1.62985671
1.63928294
1.64881873
1.65846610
1.66822708
1.67810369
1.68809795
1.69821191
1.70843136
1.71879125
1.72927737
1.73989236
1.75063848
1.76151812
0.34689885
0.34773648
0.34857816
0.34942389
0.35027307
0.35112709
0.35198528
0.35284767
0.35371429
0.35458517
0.35546035
0.35633987
0.35722375
0.35811204
0.35900477
0.35990193
0.36080357
0.36170977
0.36262053
0.36353591
0.36445588
0.36538056
0.36630991
0.36724401
0.36818290
0.36912659
0.37007511
0.37102854
0.37198690
0.37295023
0.37391853
0.37489191
0.37586954
0.37685311
0.37784183
0.37883574
0.37983492
0.38083935
0.38184914
0.38286427
0.38388482
0.38491085
0.38594234
0.38697940
0.27974769
0.27955878
0.27946836
0.27941746
0.27934685
0.27925265
0.27919745
0.27917293
0.27916944
0.39766493
0.39876601
0.39987323
0.40098661
0.40210623
0.40323207
0.40436426
0.40550283
0.40664783
0.40779930
0.40895733
0.41012195
0.41129321
0.41247118
0.39709097
0.39132240
0.38903290
0.38942951
0.39043489
0.39147216
0.39253744
0.39363292
0.39474505
0.39592949
0.39705110
0.39816126
0.39926961
0.40038413
0.40153295
0.40269205
0.40386608
0.40505347
0.40622371
0.40741101
0.40859404
0.40978014
0.41097793
0.41219801
0.41346088
0.44565636
0.44703972
0.44843170
0.44983238
0.45124182
0.45266014
0.45408741
0.45552370
0.45696908
0.45842370
0.45988759
0.46136087
0.46284360
0.46433592
0.46583787
0.46734959
0.46887112
0.47040263
0.47194415
0.47349581
0.47505644
0.47662866
0.47821134
0.47980455
0.48140842
0.48302305
0.48464856
0.48628503
0.48793259
0.48959133
0.49126142
0.49294293
0.49463600
0.49634072
0.49805725
0.49978569
0.50152618
0.50327879
0.50504375
0.50682110
0.50861102
0.51041359
0.51222903
0.51405740
0.51589888
0.51775360
0.51962173
0.52150333
0.52339864
0.52530777
0.52723092
0.52916813
0.53111970
0.53308570
0.53506625
0.53706163
0.53907192
0.54109734
0.54313803
0.54519415
0.54726595
0.54935181
0.55145538
0.55357510
0.55571115
0.55786377
0.56003314
0.56221944
0.56438708
0.56634259
0.56830984
0.57000595
0.57147175
0.57294148
0.57393718
0.57490849
0.57572293
0.57620192
0.57667977
0.57685548
0.57685733
0.57685918
0.57644820
0.57598937
0.57543075
0.57485467
0.57464123
0.57576579
1.20559967
1.21074939
1.21594346
1.22118211
1.22646618
1.23179615
1.23717272
1.24258769
1.24805903
1.25357878
1.25914752
1.26476598
1.27043486
1.27615476
1.28191721
1.28774118
1.29361832
1.29954934
1.30553496
1.31157613
1.31767333
1.32382751
1.33002949
1.33629990
1.34262979
1.34901989
1.35547101
1.36198425
1.36856031
1.37518966
1.38189423
1.38866436
1.39550138
1.40240586
1.40937912
1.41642201
1.42351294
1.43069816
1.43795633
1.44528842
1.45269573
1.46017945
1.46774054
1.47538042
1.48308790
1.49088871
1.49877214
1.50673938
1.51479173
1.52293062
1.53115737
1.53946030
1.54786718
1.55636632
1.56495941
1.57364786
1.58243322
1.59131742
1.60028744
1.60937369
1.61856377
1.62785947
1.63726246
1.64677477
1.65639818
1.66613472
1.67597067
1.68593943
1.69602752
1.70623696
1.71657014
1.72702920
1.73761654
1.74831724
1.75916803
1.77015424
0.34755656
0.34839734
0.34924221
0.35009119
0.35094431
0.35180160
0.35266310
0.35352883
0.35439879
0.35527307
0.35615164
0.35703459
0.35792193
0.35881370
0.35970992
0.36061063
0.36151585
0.36242563
0.36333999
0.36425900
0.36518267
0.36611101
0.36704409
0.36798194
0.36892462
0.36987212
0.37082449
0.37178180
0.37274405
0.37371129
0.37468356
0.37566012
0.37664258
0.37763020
0.37862301
0.37962106
0.38062435
0.38163301
0.38264698
0.38366640
0.38469124
0.38572156
0.38675743
0.38779888
0.38884595
0.28138968
0.28119409
0.28108707
0.28098547
0.28088704
0.28081438
0.28079620
0.39743054
0.39853033
0.39963624
0.40074828
0.40186656
0.40299109
0.40412191
0.40525910
0.40640271
0.40755281
0.40870944
0.40987262
0.41104245
0.41221899
0.39951426
0.39152554
0.38895723
0.38930774
0.39030048
0.39131811
0.39236355
0.39343891
0.39454117
0.39565843
0.39681211
0.39793608
0.39904046
0.40015820
0.40129760
0.40244076
0.40361243
0.40478817
0.40597636
0.40715101
0.40833628
0.40952843
0.41071999
0.41192806
0.41317582
0.41562918
0.44674352
0.44813365
0.44953248
0.45094004
0.45235646
0.45378065
0.45521498
0.45665959
0.45811105
0.45957294
0.46104419
0.46252489
0.46401516
0.46551502
0.46702462
0.46854407
0.47007343
0.47161278
0.47316226
0.47472197
0.47629070
0.47787112
0.47946209
0.48106366
0.48267597
0.48429912
0.48593321
0.48757839
0.48923475
0.49090239
0.49258146
0.49427202
0.49597424
0.49768823
0.49941412
0.50115198
0.50290203
0.50466430
0.50643897
0.50822616
0.51002604
0.51183873
0.51366431
0.51550293
0.51735485
0.51922005
0.52109879
0.52299112
0.52489728
0.52681738
0.52875161
0.53070009
0.53266293
0.53464037
0.53663260
0.53863966
0.54066181
0.54269922
0.54475200
0.54682040
0.54890287
0.55100298
0.55311924
0.55525178
0.55740082
0.55956662
0.56174928
0.56394899
0.56616604
0.56818289
0.57016295
0.57203192
0.57350814
0.57499206
0.57614779
0.57712477
0.57809001
0.57857293
0.57904536
0.57933182
0.57932425
0.57931483
0.57900012
0.57853723
0.57800180
0.57742059
0.57699943
0.57778227
1.20964694
1.21483135
1.22006059
1.22532642
1.23064649
1.23601294
1.24142647
1.24688756
1.25239694
1.25795519
1.26355398
1.26921201
1.27492082
1.28068125
1.28649402
1.29235971
1.29827929
1.30425322
1.31027269
1.31635785
1.32249975
1.32869923
1.33495700
1.34127414
1.34765124
1.35407901
1.36057889
1.36714137
1.37376750
1.38045812
1.38721430
1.39403689
1.40092695
1.40787423
1.41490209
1.42200041
1.42915893
1.43640137
1.44371772
1.45110881
1.45856416
1.46610856
1.47373140
1.48143387
1.48921740
1.49708307
1.50503218
1.51305342
1.52117360
1.52938139
1.53767824
1.54606557
1.55454493
1.56311786
1.57178581
1.58053637
1.58939922
1.59836185
1.60742629
1.61659408
1.62586701
1.63524699
1.64472055
1.65432000
1.66403210
1.67385888
1.68380237
1.69386482
1.70404816
1.71435475
1.72477007
1.73532963
1.74601924
1.75684142
1.76779854
1.77889323
0.34821743
0.34906143
0.34990951
0.35076174
0.35161814
0.35247874
0.35334355
0.35421261
0.35508597
0.35596362
0.35684565
0.35773206
0.35862285
0.35951811
0.36041787
0.36132210
0.36223093
0.36314431
0.36406231
0.36498496
0.36591157
0.36684364
0.36778048
0.36872208
0.36966854
0.37061989
0.37157613
0.37253731
0.37350348
0.37447467
0.37545016
0.37643152
0.37741801
0.37840971
0.37940663
0.38040879
0.38141629
0.38242912
0.38344738
0.38447103
0.38550019
0.38653487
0.38757512
0.38862097
0.38967249
0.39072973
0.28305197
0.28281227
0.28263354
0.28251961
0.28260303
0.39719552
0.39829400
0.39939860
0.40050933
0.40162626
0.40274945
0.40387893
0.40501475
0.40615699
0.40730569
0.40846089
0.40962267
0.41079110
0.41196617
0.41314802
0.39764360
0.38890287
0.38918686
0.39017045
0.39118308
0.39221743
0.39327809
0.39436287
0.39547032
0.39659199
0.39771292
0.39882678
0.39992803
0.40107065
0.40220979
0.40335634
0.40452877
0.40571263
0.40688950
0.40807977
0.40927327
0.41046995
0.41167748
0.41290843
0.41461751
0.44644660
0.44783488
0.44923183
0.45063752
0.45205203
0.45347545
0.45490786
0.45634934
0.45780000
0.45925993
0.46072915
0.46220782
0.46369603
0.46519387
0.46670139
0.46821871
0.46974593
0.47128314
0.47283044
0.47438797
0.47595450
0.47753268
0.47912136
0.48072067
0.48233068
0.48395151
0.48558328
0.48722607
0.48888001
0.49054524
0.49222186
0.49390996
0.49560967
0.49732113
0.49904448
0.50077975
0.50252718
0.50428683
0.50605887
0.50784338
0.50964051
0.51145047
0.51327330
0.51510912
0.51695818
0.51882052
0.52069634
0.52258581
0.52448899
0.52640611
0.52833730
0.53028268
0.53224248
0.53421682
0.53620583
0.53820968
0.54022861
0.54226273
0.54431224
0.54637730
0.54845643
0.55055308
0.55266583
0.55479491
0.55694044
0.55910259
0.56128162
0.56347769
0.56569105
0.56792182
0.57003516
0.57203007
0.57403713
0.57556099
0.57705557
0.57837367
0.57934690
0.58031583
0.58089912
0.58136964
0.58176672
0.58176106
0.58175153
0.58153296
0.58106595
0.58054864
0.57996416
0.57946569
0.57994902
0.58261031
1.21893263
1.22419727
1.22950745
1.23486400
1.24026740
1.24571824
1.25120842
1.25675619
1.26235330
1.26800048
1.27369845
1.27944779
1.28524935
1.29109430
1.29700220
1.30296433
1.30898166
1.31505466
1.32118440
1.32737148
1.33361685
1.33991110
1.34627533
1.35270023
1.35918677
1.36573577
1.37234819
1.37902498
1.38575637
1.39256454
1.39944005
1.40638375
1.41339660
1.42047989
1.42762303
1.43483829
1.44213867
1.44951367
1.45696437
1.46449220
1.47209823
1.47978365
1.48754966
1.49538517
1.50331628
1.51133204
1.51943362
1.52762258
1.53590035
1.54426825
1.55271435
1.56126702
1.56991434
1.57865810
1.58749974
1.59644103
1.60548353
1.61462915
1.62386465
1.63322139
1.64268672
1.65226233
1.66195011
1.67175233
1.68167078
1.69169164
1.70184875
1.71212864
1.72253358
1.73306561
1.74372733
1.75452101
1.76544917
1.77649653
1.78770101
0.34888011
0.34972733
0.35057870
0.35143417
0.35229388
0.35315776
0.35402593
0.35489836
0.35577509
0.35665616
0.35754162
0.35843149
0.35932580
0.36022457
0.36112785
0.36203569
0.36294809
0.36386511
0.36478677
0.36571309
0.36664414
0.36757997
0.36852056
0.36946598
0.37041628
0.37137148
0.37233159
0.37329671
0.37426683
0.37524122
0.37622148
0.37720689
0.37819746
0.37919325
0.38019431
0.38120067
0.38221234
0.38322943
0.38425192
0.38527992
0.38631341
0.38735247
0.38839710
0.38944742
0.39050341
0.39156517
0.39263269
0.39370605
0.28439146
0.39587051
0.39696166
0.39805886
0.39916217
0.40027156
0.40138718
0.40250900
0.40363714
0.40477160
0.40591246
0.40705979
0.40821359
0.40937397
0.41054097
0.41171461
0.41289502
0.41408220
0.41527623
0.41647717
0.39154276
0.39106965
0.39209214
0.39314172
0.39421263
0.39530960
0.39640915
0.39751306
0.39863297
0.39973494
0.40084395
0.40197456
0.40311429
0.40427703
0.40545389
0.40663388
0.40781611
0.40901369
0.41020983
0.41141486
0.41265380
0.41400805
0.44615120
0.44753763
0.44893274
0.45033655
0.45174915
0.45317066
0.45460114
0.45604068
0.45748937
0.45894730
0.46041456
0.46189120
0.46337616
0.46487191
0.46637735
0.46789256
0.46941766
0.47095272
0.47249785
0.47405317
0.47561747
0.47719344
0.47877985
0.48037687
0.48198459
0.48360309
0.48523250
0.48687291
0.48852447
0.49018726
0.49186143
0.49354705
0.49524426
0.49695322
0.49867398
0.50040668
0.50215149
0.50390851
0.50567788
0.50745976
0.50925416
0.51106131
0.51288134
0.51471442
0.51656061
0.51842010
0.52029306
0.52217954
0.52407980
0.52599388
0.52792203
0.52986437
0.53182107
0.53379226
0.53577811
0.53777879
0.53979450
0.54182535
0.54387152
0.54593325
0.54800898
0.55010223
0.55221152
0.55433708
0.55647904
0.55863762
0.56081301
0.56300545
0.56521505
0.56744206
0.56968671
0.57189959
0.57390755
0.57592970
0.57762671
0.57912260
0.58057320
0.58154815
0.58252639
0.58323830
0.58371264
0.58418584
0.58421844
0.58420885
0.58408809
0.58361506
0.58311987
0.58253020
0.58197790
0.58216631
0.58415133
1.22307003
1.22837055
1.23370850
1.23910177
1.24454248
1.25003099
1.25556827
1.26115477
1.26679122
1.27247834
1.27820742
1.28399777
1.28984070
1.29573703
1.30168760
1.30769300
1.31375408
1.31986189
1.32603657
1.33226931
1.33856094
1.34491229
1.35132408
1.35779750
1.36432266
1.37092137
1.37758422
1.38431227
1.39110625
1.39796722
1.40489626
1.41189432
1.41895115
1.42607892
1.43329012
1.44057465
1.44793367
1.45536816
1.46287942
1.47045648
1.47812474
1.48587334
1.49370372
1.50161695
1.50961447
1.51769769
1.52586794
1.53411341
1.54246175
1.55090153
1.55943418
1.56806123
1.57678425
1.58560491
1.59451044
1.60353100
1.61265433
1.62188196
1.63121593
1.64065778
1.65020967
1.65985799
1.66963542
1.67952871
1.68953991
1.69967127
1.70992482
1.72030282
1.73080754
1.74142432
1.75218940
1.76308846
1.77412391
1.78529835
1.79661453
0.34954605
0.35039648
0.35125110
0.35210991
0.35297289
0.35384014
0.35471165
0.35558745
0.35646760
0.35735214
0.35824105
0.35913441
0.36003223
0.36093381
0.36184067
0.36275208
0.36366811
0.36458877
0.36551410
0.36644414
0.36737892
0.36831850
0.36926287
0.37021214
0.37116626
0.37212533
0.37308937
0.37405840
0.37503171
0.37601086
0.37699518
0.37798464
0.37897933
0.37997922
0.38098446
0.38199499
0.38301092
0.38403225
0.38505906
0.38609135
0.38712922
0.38817266
0.38922176
0.39027652
0.39133704
0.39240333
0.39347544
0.39455342
0.39563733
0.39672720
0.39782313
0.39892510
0.40003321
0.40114745
0.40226796
0.40339473
0.40452784
0.40566733
0.40681326
0.40796566
0.40912464
0.41029021
0.41146243
0.41264138
0.41382709
0.41501966
0.41621909
0.41742548
0.41863891
0.39372870
0.39306965
0.39410615
0.39517710
0.39627501
0.39736488
0.39846787
0.39954564
0.40066981
0.40176314
0.40288982
0.40405035
0.40521666
0.40638974
0.40757334
0.40874884
0.40994152
0.41115829
0.41239378
0.41368571
0.44585505
0.44723967
0.44863290
0.45003483
0.45144555
0.45286515
0.45429370
0.45573127
0.45717800
0.45863393
0.46009919
0.46157381
0.46305794
0.46455163
0.46605498
0.46756810
0.46909106
0.47062400
0.47216699
0.47372010
0.47528222
0.47685593
0.47844014
0.48003489
0.48164028
0.48325646
0.48488355
0.48652160
0.48817077
0.48983115
0.49150288
0.49318603
0.49488077
0.49658719
0.49830544
0.50003558
0.50177783
0.50353223
0.50529891
0.50707811
0.50886983
0.51067424
0.51249152
0.51432180
0.51616520
0.51802182
0.51989186
0.52177542
0.52367276
0.52558386
0.52750903
0.52944833
0.53140193
0.53337002
0.53535271
0.53735024
0.53936267
0.54139030
0.54343319
0.54549158
0.54756558
0.54965377
0.55175960
0.55388170
0.55602014
0.55817515
0.56034696
0.56253570
0.56474161
0.56696492
0.56920576
0.57146442
0.57374108
0.57579744
0.57783109
0.57968271
0.58118552
0.58269608
0.58376819
0.58475196
0.58559066
0.58607465
0.58655167
0.58669472
0.58668888
0.58666378
0.58618659
0.58571208
0.58511716
0.58452153
0.58446014
0.58594728
1.22722721
1.23256385
1.23794711
1.24337757
1.24885583
1.25438261
1.25994968
1.26557529
1.27125144
1.27697873
1.28275788
1.28858948
1.29447436
1.30040383
1.30639732
1.31244648
1.31855178
1.32471418
1.33093452
1.33721352
1.34355199
1.34994066
1.35640061
1.36292279
1.36950803
1.37615716
1.38287115
1.38965094
1.39648664
1.40340102
1.41038418
1.41743708
1.42454958
1.43174529
1.43901420
1.44635713
1.45376360
1.46125829
1.46883059
1.47648180
1.48421323
1.49202597
1.49992144
1.50788808
1.51595271
1.52410412
1.53234363
1.54067278
1.54909289
1.55760562
1.56619859
1.57490087
1.58370042
1.59259880
1.60159767
1.61069894
1.61990416
1.62921524
1.63861895
1.64814699
1.65778649
1.66753948
1.67740786
1.68739378
1.69749928
1.70771015
1.71806121
1.72853851
1.73914444
1.74988127
1.76075149
1.77175760
1.78290224
1.79416978
1.80559897
0.35021380
0.35106751
0.35192540
0.35278752
0.35365385
0.35452443
0.35539931
0.35627854
0.35716212
0.35805011
0.35894248
0.35983935
0.36074069
0.36164659
0.36255702
0.36347207
0.36439171
0.36531606
0.36624509
0.36717886
0.36811739
0.36906075
0.37000898
0.37096205
0.37192005
0.37288302
0.37385100
0.37482402
0.37580130
0.37678450
0.37777287
0.37876642
0.37976521
0.38076928
0.38177869
0.38279346
0.38381365
0.38483927
0.38587040
0.38690707
0.38794932
0.38899720
0.39005074
0.39111003
0.39217508
0.39324594
0.39432266
0.39540532
0.39649391
0.39758855
0.39868921
0.39979601
0.40090895
0.40202811
0.40315354
0.40428528
0.40542340
0.40656796
0.40771899
0.40887654
0.41004068
0.41121149
0.41238898
0.41357327
0.41476434
0.41596231
0.41716725
0.41837916
0.41959712
0.42082322
0.39665118
0.39512271
0.39617711
0.39725581
0.39833769
0.39943266
0.40049312
0.40160725
0.40271026
0.40382668
0.40498710
0.40615141
0.40732339
0.40850025
0.40968394
0.41088971
0.41212356
0.41340902
0.44556043
0.44694319
0.44833457
0.44973463
0.45114347
0.45256117
0.45398781
0.45542347
0.45686823
0.45832220
0.45978543
0.46125805
0.46274012
0.46423176
0.46573305
0.46724409
0.46876493
0.47029573
0.47183657
0.47338751
0.47494742
0.47651893
0.47810087
0.47969335
0.48129648
0.48291036
0.48453379
0.48616946
0.48781624
0.48947421
0.49114349
0.49282420
0.49451643
0.49622035
0.49793604
0.49966365
0.50140327
0.50315505
0.50491911
0.50669557
0.50848460
0.51028633
0.51210082
0.51392829
0.51576883
0.51762259
0.51948977
0.52137047
0.52326483
0.52517295
0.52709508
0.52903134
0.53098184
0.53294683
0.53492635
0.53692073
0.53892994
0.54095429
0.54299390
0.54504895
0.54711962
0.54920435
0.55130678
0.55342531
0.55556023
0.55771172
0.55987990
0.56206501
0.56426722
0.56648678
0.56872386
0.57097870
0.57325143
0.57554239
0.57769418
0.57973748
0.58174771
0.58326316
0.58478463
0.58599937
0.58699650
0.58796406
0.58845192
0.58893669
0.58919013
0.58918619
0.58917844
0.58878279
0.58830410
0.58772916
0.58712626
0.58687073
0.58803397
1.23142123
1.23679447
1.24220610
1.24767411
1.25319040
1.25875580
1.26437080
1.27003610
1.27575231
1.28152037
1.28733134
1.29320478
1.29913199
1.30511379
1.31115103
1.31724429
1.32339442
1.32959235
1.33585870
1.34218431
1.34857023
1.35501707
1.36152589
1.36809754
1.37473297
1.38142228
1.38818789
1.39502013
1.40191996
1.40888822
1.41592622
1.42302358
1.43019235
1.43744540
1.44477236
1.45217431
1.45965254
1.46720827
1.47484255
1.48254442
1.49033952
1.49821711
1.50617838
1.51422477
1.52235746
1.53057814
1.53888798
1.54727507
1.55576777
1.56435418
1.57303596
1.58181453
1.59069169
1.59966898
1.60873377
1.61791646
1.62720466
1.63660014
1.64610469
1.65572023
1.66544878
1.67529249
1.68523717
1.69531679
1.70551765
1.71584201
1.72629225
1.73687053
1.74757922
1.75840330
1.76938009
1.78049469
1.79174972
1.80314803
1.81469238
0.35088482
0.35174182
0.35260302
0.35346845
0.35433811
0.35521209
0.35609037
0.35697302
0.35786006
0.35875151
0.35964742
0.36054781
0.36145270
0.36236218
0.36327621
0.36419490
0.36511824
0.36604550
0.36697826
0.36791578
0.36885810
0.36980525
0.37075728
0.37171423
0.37267613
0.37364304
0.37461495
0.37559116
0.37657326
0.37756053
0.37855294
0.37955064
0.38055357
0.38156182
0.38257545
0.38359445
0.38461891
0.38564885
0.38668433
0.38772538
0.38877204
0.38982439
0.39088243
0.39194626
0.39301586
0.39409134
0.39517272
0.39626002
0.39735335
0.39845273
0.39955819
0.40066981
0.40178764
0.40291172
0.40404209
0.40517884
0.40632200
0.40747166
0.40862781
0.40979055
0.41095990
0.41213596
0.41331878
0.41450840
0.41570491
0.41690832
0.41811872
0.41933519
0.42055973
0.42179146
0.42303044
0.40051475
0.39728948
0.39827263
0.39934126
0.40041023
0.40148404
0.40257275
0.40366918
0.40478358
0.40592542
0.40708584
0.40825760
0.40944272
0.41064042
0.41185656
0.41311446
0.44526508
0.44664600
0.44803554
0.44943371
0.45084068
0.45225647
0.45368117
0.45511490
0.45655769
0.45800969
0.45947093
0.46094152
0.46242157
0.46391115
0.46541035
0.46691927
0.46843803
0.46996668
0.47150534
0.47305414
0.47461310
0.47618112
0.47776082
0.47935104
0.48095188
0.48256344
0.48418581
0.48581916
0.48746356
0.48911914
0.49078599
0.49246424
0.49415401
0.49585542
0.49756858
0.49929363
0.50103068
0.50277984
0.50454128
0.50631511
0.50810140
0.50990039
0.51171219
0.51353687
0.51537460
0.51722556
0.51908982
0.52096760
0.52285904
0.52476424
0.52668333
0.52861655
0.53056401
0.53252590
0.53450233
0.53649348
0.53849953
0.54052061
0.54255694
0.54460871
0.54667598
0.54875737
0.55085635
0.55297148
0.55510288
0.55725080
0.55941534
0.56159681
0.56379539
0.56601125
0.56824452
0.57049555
0.57276446
0.57505155
0.57735687
0.57959968
0.58165652
0.58372796
0.58535576
0.58688813
0.58824772
0.58925450
0.59026080
0.59084660
0.59134126
0.59170687
0.59170491
0.59170097
0.59140211
0.59091723
0.59036255
0.58975625
0.58930129
0.59013551
1.23563540
1.24104559
1.24650335
1.25200927
1.25756407
1.26316845
1.26881385
1.27451921
1.28027594
1.28608501
1.29194701
1.29786277
1.30383289
1.30985808
1.31592965
1.32206750
1.32826293
1.33451664
1.34082961
1.34720254
1.35363626
1.36012149
1.36667955
1.37330115
1.37998724
1.38673878
1.39355659
1.40044188
1.40738451
1.41440737
1.42150080
1.42865419
1.43589163
1.44320261
1.45058858
1.45805049
1.46557748
1.47319472
1.48089159
1.48866940
1.49652922
1.50447249
1.51250064
1.52060187
1.52880347
1.53709400
1.54547501
1.55394781
1.56251419
1.57117534
1.57993317
1.58877504
1.59773064
1.60678780
1.61594832
1.62521386
1.63458622
1.64406741
1.65364373
1.66334784
1.67316651
1.68310189
1.69315588
1.70333076
1.71362865
1.72403502
1.73458552
1.74526596
1.75607884
1.76702642
1.77811134
1.78933632
1.80070376
1.81219828
1.82385910
0.35155773
0.35241804
0.35328254
0.35415131
0.35502434
0.35590172
0.35678342
0.35766950
0.35856000
0.35945496
0.36035439
0.36125833
0.36216679
0.36307988
0.36399755
0.36491987
0.36584690
0.36677864
0.36771512
0.36865643
0.36960253
0.37055352
0.37150943
0.37247029
0.37343609
0.37440693
0.37538207
0.37636307
0.37734923
0.37834054
0.37933710
0.38033891
0.38134602
0.38235849
0.38337636
0.38439965
0.38542840
0.38646269
0.38750255
0.38854802
0.38959914
0.39065596
0.39171854
0.39278692
0.39386111
0.39494124
0.39602727
0.39711931
0.39821738
0.39932156
0.40043184
0.40154836
0.40267110
0.40380013
0.40493551
0.40607730
0.40722555
0.40838030
0.40954164
0.41070956
0.41188419
0.41306558
0.41425374
0.41544876
0.41665068
0.41785958
0.41907555
0.42029759
0.42152777
0.42276520
0.42400989
0.42526194
0.40485078
0.40061030
0.40037060
0.40142158
0.40248081
0.40355021
0.40463910
0.40575239
0.40688765
0.40804517
0.40921491
0.41040844
0.41161656
0.41285574
0.44497123
0.44635034
0.44773802
0.44913435
0.45053944
0.45195332
0.45337611
0.45480791
0.45624876
0.45769876
0.45915803
0.46062663
0.46210465
0.46359217
0.46508932
0.46659616
0.46811280
0.46963933
0.47117585
0.47272247
0.47427925
0.47584507
0.47742254
0.47901049
0.48060906
0.48221698
0.48383707
0.48546806
0.48711008
0.48876324
0.49042767
0.49210346
0.49379075
0.49548966
0.49720028
0.49892277
0.50065726
0.50240380
0.50416261
0.50593376
0.50771737
0.50951362
0.51132262
0.51314455
0.51497948
0.51682758
0.51868898
0.52056390
0.52245235
0.52435458
0.52627069
0.52820086
0.53014529
0.53210407
0.53407735
0.53606534
0.53806818
0.54008603
0.54211909
0.54416752
0.54623145
0.54830945
0.55040497
0.55251664
0.55464453
0.55678886
0.55894989
0.56112772
0.56332254
0.56553465
0.56776422
0.57001144
0.57227647
0.57455963
0.57686108
0.57918102
0.58151585
0.58358824
0.58567351
0.58745950
0.58900684
0.59051144
0.59152794
0.59254593
0.59326285
0.59375954
0.59424716
0.59424317
0.59424120
0.59404486
0.59355563
0.59302169
0.59240788
0.59188193
0.59238225
0.59544784
1.24533474
1.25083041
1.25636590
1.26195943
1.26760316
1.27329755
1.27904332
1.28484106
1.29069173
1.29658651
1.30254483
1.30855823
1.31462729
1.32075310
1.32693613
1.33317733
1.33946753
1.34582746
1.35224807
1.35873020
1.36527491
1.37188280
1.37855506
1.38529265
1.39208531
1.39895606
1.40589499
1.41290295
1.41998124
1.42711937
1.43434119
1.44162476
1.44899440
1.45643985
1.46396232
1.47156274
1.47924256
1.48700297
1.49484515
1.50275791
1.51076758
1.51886320
1.52704597
1.53531742
1.54367900
1.55213213
1.56066465
1.56930542
1.57804227
1.58687699
1.59581125
1.60484672
1.61398494
1.62321305
1.63256240
1.64201999
1.65158772
1.66126764
1.67106175
1.68097198
1.69100058
1.70113313
1.71140444
1.72180045
1.73232353
1.74297607
1.75376034
1.76467896
1.77571678
1.78691137
1.79824793
1.80972934
1.82135832
1.83313775
0.35223392
0.35309753
0.35396537
0.35483751
0.35571393
0.35659471
0.35747987
0.35836944
0.35926342
0.36016190
0.36106485
0.36197236
0.36288446
0.36380041
0.36472175
0.36564773
0.36657846
0.36751395
0.36845419
0.36939928
0.37034923
0.37130406
0.37226385
0.37322861
0.37419838
0.37517241
0.37615231
0.37713736
0.37812757
0.37912300
0.38012367
0.38112965
0.38214096
0.38315767
0.38417977
0.38520738
0.38624048
0.38727912
0.38832340
0.38937330
0.39042890
0.39149022
0.39255735
0.39363033
0.39470917
0.39579391
0.39688468
0.39798144
0.39908430
0.40019327
0.40130845
0.40242985
0.40355754
0.40469155
0.40583196
0.40697882
0.40813217
0.40929207
0.41045859
0.41163179
0.41281173
0.41399843
0.41519195
0.41639242
0.41759980
0.41881424
0.42003477
0.42126343
0.42249927
0.42374241
0.42499289
0.42625076
0.42751610
0.42878899
0.40274033
0.40244076
0.40348253
0.40453887
0.40562111
0.40673238
0.40786752
0.40902403
0.41019848
0.41139397
0.41261843
0.41452000
0.44605392
0.44743976
0.44883424
0.45023742
0.45164943
0.45307031
0.45450017
0.45593905
0.45738712
0.45884439
0.46031097
0.46178696
0.46327245
0.46476752
0.46627226
0.46778682
0.46931121
0.47084558
0.47239003
0.47394460
0.47550821
0.47708344
0.47866914
0.48026541
0.48187238
0.48349011
0.48511878
0.48675841
0.48840919
0.49007121
0.49174455
0.49342939
0.49512580
0.49683392
0.49855387
0.50028574
0.50202972
0.50378591
0.50555438
0.50733536
0.50912887
0.51093519
0.51275432
0.51458645
0.51643175
0.51829028
0.52016228
0.52204782
0.52394712
0.52586025
0.52778745
0.52972877
0.53168446
0.53365463
0.53563946
0.53763914
0.53965378
0.54168355
0.54372865
0.54578930
0.54786557
0.54995602
0.55206424
0.55418861
0.55632943
0.55848688
0.56066108
0.56285232
0.56506073
0.56728655
0.56952995
0.57179117
0.57407045
0.57636797
0.57868391
0.58101857
0.58337212
0.58553290
0.58763212
0.58957845
0.59113896
0.59270376
0.59381896
0.59484690
0.59569693
0.59619772
0.59668535
0.59677339
0.59676135
0.59665334
0.59616375
0.59565109
0.59503978
0.59446347
0.59467000
0.59685338
1.24964488
1.25517869
1.26076174
1.26639473
1.27207816
1.27780378
1.28359032
1.28942955
1.29532218
1.30126882
1.30727041
1.31332767
1.31944120
1.32560205
1.33183074
1.33811820
1.34446526
1.35087287
1.35734189
1.36387312
1.37045693
1.37711537
1.38383865
1.39062810
1.39748430
1.40440857
1.41140175
1.41846502
1.42557645
1.43278253
1.44006193
1.44741559
1.45484483
1.46235061
1.46993434
1.47758484
1.48532784
1.49315238
1.50105977
1.50905132
1.51712847
1.52529263
1.53353179
1.54187393
1.55030715
1.55883324
1.56745362
1.57616985
1.58498359
1.59389651
1.60289574
1.61201179
1.62123203
1.63055837
1.63999271
1.64953685
1.65919268
1.66894662
1.67883170
1.68883467
1.69895744
1.70920241
1.71957159
1.73006737
1.74069202
1.75143087
1.76232040
1.77334619
1.78451085
1.79581690
1.80726719
1.81886446
1.83059263
1.84249222
0.35291201
0.35377896
0.35465017
0.35552567
0.35640553
0.35728973
0.35817835
0.35907137
0.35996887
0.36087090
0.36177742
0.36268851
0.36360422
0.36452454
0.36544955
0.36637926
0.36731374
0.36825296
0.36919701
0.37014592
0.37109971
0.37205842
0.37302211
0.37399080
0.37496457
0.37594259
0.37692651
0.37791562
0.37890995
0.37990949
0.38091433
0.38192451
0.38294005
0.38396102
0.38498741
0.38601935
0.38705683
0.38809988
0.38914856
0.39020294
0.39126307
0.39232895
0.39340064
0.39447823
0.39556172
0.39665118
0.39774668
0.39884824
0.39995590
0.40106973
0.40218979
0.40331614
0.40444881
0.40558782
0.40673330
0.40788528
0.40904379
0.41020888
0.41138065
0.41255912
0.41374436
0.41493645
0.41613540
0.41734132
0.41855425
0.41977325
0.42100039
0.42223471
0.42347628
0.42472517
0.42598146
0.42724520
0.42851648
0.42979532
0.43108183
0.40491432
0.40452141
0.40554717
0.40661624
0.40772644
0.40886807
0.41002747
0.41120294
0.41239950
0.41383576
0.44575903
0.44714305
0.44853565
0.44993699
0.45134711
0.45276609
0.45419401
0.45563096
0.45707706
0.45853233
0.45999694
0.46147090
0.46295434
0.46444738
0.46595004
0.46746248
0.46898478
0.47051701
0.47205928
0.47361171
0.47517312
0.47674611
0.47832957
0.47992358
0.48152822
0.48314366
0.48476997
0.48640728
0.48805434
0.48971391
0.49138483
0.49306718
0.49476111
0.49646670
0.49818411
0.49991342
0.50165480
0.50340831
0.50517416
0.50695246
0.50874329
0.51054680
0.51236320
0.51419252
0.51603496
0.51789069
0.51975977
0.52164245
0.52353877
0.52544892
0.52737308
0.52931136
0.53126395
0.53323102
0.53521270
0.53720915
0.53922057
0.54124707
0.54328889
0.54534620
0.54741907
0.54950613
0.55161089
0.55373180
0.55586904
0.55802292
0.56019354
0.56238109
0.56458580
0.56680787
0.56904745
0.57130486
0.57358027
0.57587379
0.57818580
0.58051646
0.58286589
0.58523452
0.58748859
0.58960384
0.59171474
0.59328461
0.59486282
0.59611982
0.59713775
0.59809077
0.59857947
0.59906900
0.59925455
0.59924042
0.59921622
0.59872043
0.59822541
0.59760684
0.59699154
0.59696150
0.59876269
1.25399387
1.25956631
1.26517951
1.27085209
1.27657580
1.28235126
1.28817916
1.29406035
1.29999542
1.30597568
1.31202078
1.31812215
1.32428062
1.33049679
1.33677161
1.34310591
1.34950054
1.35594606
1.36246383
1.36904454
1.37568915
1.38239861
1.38917375
1.39601576
1.40291429
1.40989256
1.41694069
1.42404819
1.43123877
1.43850243
1.44584024
1.45324135
1.46073067
1.46829748
1.47594321
1.48366880
1.49147594
1.49936545
1.50733900
1.51538491
1.52353013
1.53176343
1.54008627
1.54849994
1.55700612
1.56560624
1.57428801
1.58308065
1.59197211
1.60096395
1.61005795
1.61925578
1.62855935
1.63795543
1.64747584
1.65710747
1.66685247
1.67671263
1.68669033
1.69678736
1.70700598
1.71733189
1.72780037
1.73839712
1.74912465
1.75998545
1.77098203
1.78211677
1.79337442
1.80479348
1.81635892
1.82807350
1.83994019
1.85196197
0.35359341
0.35446373
0.35533831
0.35621724
0.35710049
0.35798818
0.35888025
0.35977679
0.36067784
0.36158341
0.36249352
0.36340824
0.36432758
0.36525160
0.36618030
0.36711374
0.36805195
0.36899498
0.36994284
0.37089556
0.37185323
0.37281588
0.37378350
0.37475616
0.37573308
0.37671593
0.37770393
0.37869713
0.37969553
0.38069925
0.38170746
0.38272187
0.38374165
0.38476691
0.38579765
0.38683391
0.38787577
0.38892326
0.38997641
0.39103529
0.39209992
0.39317039
0.39424670
0.39532891
0.39641711
0.39751130
0.39861155
0.39971790
0.40083042
0.40194914
0.40307412
0.40420541
0.40534309
0.40648717
0.40763775
0.40879485
0.40995851
0.41112885
0.41230589
0.41348967
0.41468027
0.41587776
0.41708219
0.41829360
0.41951108
0.42073667
0.42196944
0.42320946
0.42445680
0.42571148
0.42697364
0.42824328
0.42952049
0.43080536
0.43209791
0.43339828
0.40710819
0.40660974
0.40764335
0.40873665
0.40988016
0.41104531
0.41222379
0.41345415
0.44546342
0.44684559
0.44823635
0.44963580
0.45104402
0.45246109
0.45388710
0.45532212
0.45676625
0.45821956
0.45968214
0.46115407
0.46263549
0.46412647
0.46562707
0.46713740
0.46865755
0.47018766
0.47172776
0.47327802
0.47483847
0.47640797
0.47798920
0.47958091
0.48118329
0.48279640
0.48442036
0.48605531
0.48770130
0.48935848
0.49102697
0.49270689
0.49439833
0.49610141
0.49781629
0.49954304
0.50128180
0.50303274
0.50479597
0.50657159
0.50835973
0.51016051
0.51197416
0.51380068
0.51564032
0.51749319
0.51935941
0.52123916
0.52313256
0.52503973
0.52696091
0.52889615
0.53084570
0.53280962
0.53478819
0.53678143
0.53878963
0.54081297
0.54285151
0.54490542
0.54697502
0.54905868
0.55115998
0.55327737
0.55541116
0.55756146
0.55972850
0.56191242
0.56411344
0.56633174
0.56856763
0.57082123
0.57309270
0.57538241
0.57769042
0.58001703
0.58236247
0.58472699
0.58711076
0.58945739
0.59158689
0.59373182
0.59543985
0.59701353
0.59839237
0.59941602
0.60044312
0.60097831
0.60147178
0.60175240
0.60174221
0.60172999
0.60130113
0.60080189
0.60019815
0.59957552
0.59938574
0.60077751
1.25836420
1.26397574
1.26963747
1.27535021
1.28111446
1.28693116
1.29279149
1.29871500
1.30469298
1.31072617
1.31681550
1.32296169
1.32916546
1.33541775
1.34173918
1.34812081
1.35456336
1.36106777
1.36763501
1.37426591
1.38095081
1.38771176
1.39453924
1.40143430
1.40839779
1.41543090
1.42252314
1.42969847
1.43693483
1.44425654
1.45165324
1.45912611
1.46667635
1.47430503
1.48201358
1.48979068
1.49766243
1.50561786
1.51365817
1.52178478
1.52999926
1.53830278
1.54668355
1.55516970
1.56374955
1.57242453
1.58119631
1.59006643
1.59903669
1.60810876
1.61726975
1.62655044
1.63593829
1.64543509
1.65504289
1.66476345
1.67459893
1.68453538
1.69460654
1.70479894
1.71511459
1.72555590
1.73612511
1.74682462
1.75765669
1.76860654
1.77971137
1.79095650
1.80234480
1.81387866
1.82556117
1.83739519
1.84936440
1.86151004
0.35427678
0.35515043
0.35602841
0.35691077
0.35779747
0.35868862
0.35958421
0.36048427
0.36138886
0.36229801
0.36321175
0.36413008
0.36505309
0.36598077
0.36691320
0.36785039
0.36879238
0.36973920
0.37069088
0.37164751
0.37260905
0.37357560
0.37454718
0.37552303
0.37650478
0.37749165
0.37848374
0.37948105
0.38048363
0.38149151
0.38250473
0.38352337
0.38454744
0.38557702
0.38661212
0.38765275
0.38869905
0.38975099
0.39080864
0.39187205
0.39294124
0.39401630
0.39509726
0.39618418
0.39727709
0.39837602
0.39948106
0.40059227
0.40170965
0.40283328
0.40396324
0.40509954
0.40624225
0.40739143
0.40854713
0.40970942
0.41087833
0.41205391
0.41323626
0.41442540
0.41562143
0.41682434
0.41803426
0.41925025
0.42047429
0.42170554
0.42294401
0.42418975
0.42544287
0.42670342
0.42797145
0.42924705
0.43053028
0.43182120
0.43311986
0.43442640
0.43574080
0.40945214
0.40880799
0.40977639
0.41090488
0.41207013
0.41326025
0.44516930
0.44654965
0.44793856
0.44933617
0.45074251
0.45215768
0.45358175
0.45501485
0.45645702
0.45790836
0.45936894
0.46083888
0.46231827
0.46380720
0.46530572
0.46681398
0.46833202
0.46985999
0.47139797
0.47294605
0.47450429
0.47607160
0.47765058
0.47924006
0.48084015
0.48245096
0.48407260
0.48570383
0.48734745
0.48900223
0.49066830
0.49234575
0.49403471
0.49573529
0.49744761
0.49917182
0.50090802
0.50265634
0.50441688
0.50618982
0.50797528
0.50977337
0.51158422
0.51340801
0.51524484
0.51709485
0.51895815
0.52083498
0.52272546
0.52462965
0.52654779
0.52848005
0.53042650
0.53238732
0.53436273
0.53635281
0.53835785
0.54037786
0.54241312
0.54446375
0.54652995
0.54861021
0.55070812
0.55282205
0.55495232
0.55709904
0.55926245
0.56144273
0.56364006
0.56585467
0.56808674
0.57033652
0.57260418
0.57488996
0.57719404
0.57951665
0.58185804
0.58421844
0.58659804
0.58899713
0.59141588
0.59358335
0.59573680
0.59758478
0.59916985
0.60067415
0.60171169
0.60274678
0.60339445
0.60389394
0.60426909
0.60426295
0.60425061
0.60390210
0.60339856
0.60281205
0.60218394
0.60183173
0.60295296
1.26277411
1.26842511
1.27411783
1.27987099
1.28567636
1.29153454
1.29744649
1.30341280
1.30943418
1.31550169
1.32163560
1.32782698
1.33407664
1.34038532
1.34675407
1.35318351
1.35967469
1.36621797
1.37283516
1.37951660
1.38626361
1.39307678
1.39995730
1.40690613
1.41391301
1.42100143
1.42814982
1.43538213
1.44268799
1.45006859
1.45752513
1.46504664
1.47265840
1.48034978
1.48812175
1.49597585
1.50391328
1.51193535
1.52004349
1.52822590
1.53651023
1.54488480
1.55335116
1.56191087
1.57056546
1.57931638
1.58815134
1.59709990
1.60614991
1.61530316
1.62456119
1.63392603
1.64339948
1.65298343
1.66266429
1.67247486
1.68240190
1.69244754
1.70261383
1.71290302
1.72331738
1.73384213
1.74451339
1.75531685
1.76625490
1.77733016
1.78854525
1.79990268
1.81140530
1.82303715
1.83483839
1.84679329
1.85890508
1.87117672
0.35496345
0.35584053
0.35672194
0.35760772
0.35849792
0.35939255
0.36029166
0.36119527
0.36210343
0.36301619
0.36393353
0.36485556
0.36578223
0.36671364
0.36764982
0.36859077
0.36953655
0.37048721
0.37144276
0.37240326
0.37336874
0.37433922
0.37531319
0.37629384
0.37727964
0.37827060
0.37926677
0.38026822
0.38127497
0.38228706
0.38330454
0.38432744
0.38535580
0.38638970
0.38742918
0.38847426
0.38952497
0.39058140
0.39164355
0.39271152
0.39378533
0.39486501
0.39595065
0.39704224
0.39813989
0.39924362
0.40035349
0.40146956
0.40259185
0.40372044
0.40485537
0.40599671
0.40714452
0.40829879
0.40945965
0.41062716
0.41180131
0.41298220
0.41416988
0.41536441
0.41656587
0.41777426
0.41898972
0.42021126
0.42144096
0.42267784
0.42392206
0.42517358
0.42643252
0.42769894
0.42897293
0.43025449
0.43154377
0.43284076
0.43414560
0.43545833
0.43677902
0.43810773
0.41275141
0.41245493
0.41195092
0.41310295
0.44487447
0.44625297
0.44764006
0.44903579
0.45044023
0.45185351
0.45327568
0.45470682
0.45614704
0.45759642
0.45905501
0.46052295
0.46200031
0.46348715
0.46498361
0.46648979
0.46800572
0.46953157
0.47106737
0.47261328
0.47416934
0.47573441
0.47731116
0.47889838
0.48049617
0.48210469
0.48372400
0.48535421
0.48699546
0.48864785
0.49031147
0.49198648
0.49367297
0.49537107
0.49708089
0.49880254
0.50053614
0.50228190
0.50403982
0.50581008
0.50759286
0.50938821
0.51119637
0.51301736
0.51485139
0.51669854
0.51855904
0.52043301
0.52232051
0.52422178
0.52613693
0.52806616
0.53000951
0.53196728
0.53393954
0.53592652
0.53792834
0.53994513
0.54197711
0.54402447
0.54608732
0.54816419
0.55025864
0.55236918
0.55449593
0.55663913
0.55879897
0.56097561
0.56316930
0.56538022
0.56760854
0.56985450
0.57211834
0.57440019
0.57670033
0.57901895
0.58135635
0.58371264
0.58608812
0.58848304
0.59089762
0.59333205
0.59558332
0.59775132
0.59974319
0.60134172
0.60294890
0.60402304
0.60506809
0.60582799
0.60633773
0.60680902
0.60680282
0.60679245
0.60652781
0.60601979
0.60544884
0.60481524
0.60430807
0.60514420
1.26720607
1.27289689
1.27863896
1.28443313
1.29028010
1.29618049
1.30212557
1.30813503
1.31420028
1.32032204
1.32650101
1.33273816
1.33903420
1.34537983
1.35179615
1.35827410
1.36481428
1.37141776
1.37808549
1.38481843
1.39161742
1.39847243
1.40540659
1.41240966
1.41948307
1.42661607
1.43383276
1.44112289
1.44847560
1.45591581
1.46343267
1.47102761
1.47870183
1.48645651
1.49429297
1.50219989
1.51020360
1.51829314
1.52646983
1.53473496
1.54309022
1.55153692
1.56007648
1.56869686
1.57742703
1.58625484
1.59518206
1.60421026
1.61334133
1.62257683
1.63190377
1.64135373
1.65091372
1.66058576
1.67037177
1.68027389
1.69029403
1.70041811
1.71068072
1.72106791
1.73158205
1.74222541
1.75300050
1.76390958
1.77495539
1.78612244
1.79744899
1.80892015
1.82053876
1.83230746
1.84422934
1.85630739
1.86852503
1.88092446
0.35565212
0.35653257
0.35741743
0.35830668
0.35920036
0.36009851
0.36100116
0.36190835
0.36282012
0.36373648
0.36465749
0.36558315
0.36651355
0.36744869
0.36838862
0.36933336
0.37028298
0.37123749
0.37219691
0.37316132
0.37413073
0.37510440
0.37608397
0.37706864
0.37805849
0.37905356
0.38005388
0.38105947
0.38207042
0.38308674
0.38410848
0.38513571
0.38616842
0.38720667
0.38825056
0.38930008
0.39035526
0.39141619
0.39248294
0.39355546
0.39463389
0.39571825
0.39680859
0.39790493
0.39900738
0.40011594
0.40123066
0.40235162
0.40347886
0.40461242
0.40575239
0.40689880
0.40805170
0.40921116
0.41037723
0.41154996
0.41272938
0.41391563
0.41510868
0.41630864
0.41751558
0.41872951
0.41994953
0.42117769
0.42241305
0.42365569
0.42490566
0.42616299
0.42742783
0.42870018
0.42998013
0.43126774
0.43256310
0.43386623
0.43517727
0.43649626
0.43782324
0.43915835
0.44050160
0.41863498
0.41457018
0.41493934
0.44595781
0.44734305
0.44873694
0.45013952
0.45155090
0.45297116
0.45440039
0.45583865
0.45728606
0.45874268
0.46020862
0.46168396
0.46316877
0.46466318
0.46616727
0.46768111
0.46920481
0.47073850
0.47228223
0.47383612
0.47539899
0.47697350
0.47855848
0.48015401
0.48176020
0.48337722
0.48500508
0.48664397
0.48829398
0.48995519
0.49162775
0.49331179
0.49500740
0.49671468
0.49843380
0.50016487
0.50190800
0.50366330
0.50543094
0.50721103
0.50900370
0.51080906
0.51262730
0.51445854
0.51630288
0.51815903
0.52003008
0.52191466
0.52381295
0.52572513
0.52765131
0.52959168
0.53154635
0.53351545
0.53549927
0.53749788
0.53951144
0.54154015
0.54358423
0.54564375
0.54771894
0.54980826
0.55191529
0.55403858
0.55617821
0.55833447
0.56050754
0.56269753
0.56490475
0.56712931
0.56937146
0.57163143
0.57390940
0.57620561
0.57852030
0.58085364
0.58320582
0.58557719
0.58796793
0.59037822
0.59280843
0.59525865
0.59759682
0.59977955
0.60191518
0.60352945
0.60514832
0.60635012
0.60740948
0.60828125
0.60879511
0.60930359
0.60936409
0.60935783
0.60917640
0.60866189
0.60810876
0.60746753
0.60691452
0.60745096
1.27167833
1.27740943
1.28318322
1.28901875
1.29490757
1.30085039
1.30684817
1.31290138
1.31901097
1.32517767
1.33139241
1.33767569
1.34401858
1.35042202
1.35688663
1.36341345
1.37000334
1.37664676
1.38336551
1.39015019
1.39700174
1.40392125
1.41090953
1.41796780
1.42507422
1.43227530
1.43954945
1.44689798
1.45432186
1.46182227
1.46940041
1.47705770
1.48478270
1.49260151
1.50050306
1.50848866
1.51655984
1.52471769
1.53296387
1.54128647
1.54971337
1.55823290
1.56684661
1.57555604
1.58436286
1.59326875
1.60227525
1.61136961
1.62058258
1.62990153
1.63932812
1.64886451
1.65851247
1.66827404
1.67813540
1.68812990
1.69824433
1.70848060
1.71884096
1.72932780
1.73994339
1.75067294
1.76155305
1.77256918
1.78372407
1.79502010
1.80646026
1.81804705
1.82978356
1.84165347
1.85369766
1.86590052
1.87826502
1.89079452
0.35634416
0.35722807
0.35811636
0.35900909
0.35990629
0.36080799
0.36171418
0.36262497
0.36354035
0.36446038
0.36538506
0.36631444
0.36724856
0.36818746
0.36913118
0.37007973
0.37103319
0.37199157
0.37295491
0.37392324
0.37489665
0.37587431
0.37685788
0.37784663
0.37884060
0.37983978
0.38084424
0.38185406
0.38286921
0.38388979
0.38491583
0.38594738
0.38698444
0.38802713
0.38907543
0.39012939
0.39118910
0.39225459
0.39332590
0.39440307
0.39548525
0.39657432
0.39766937
0.39877048
0.39987773
0.40099114
0.40211076
0.40323666
0.40436885
0.40550745
0.40665248
0.40780398
0.40896201
0.41012666
0.41129795
0.41247594
0.41366073
0.41485232
0.41605079
0.41725621
0.41846865
0.41968715
0.42091379
0.42214757
0.42338866
0.42463702
0.42589280
0.42715600
0.42842674
0.42970505
0.43099102
0.43228471
0.43358618
0.43489552
0.43621278
0.43753806
0.43887141
0.44021291
0.44156262
0.44292066
0.44428706
0.44566193
0.44704533
0.44843736
0.44983807
0.45124754
0.45266590
0.45409319
0.45552951
0.45697495
0.45842960
0.45989352
0.46136683
0.46284962
0.46434197
0.46584398
0.46735570
0.46887732
0.47040883
0.47195041
0.47350210
0.47506279
0.47663504
0.47821775
0.47981101
0.48141494
0.48302960
0.48465514
0.48629165
0.48793927
0.48959807
0.49126819
0.49294975
0.49464285
0.49634764
0.49806422
0.49979270
0.50153321
0.50328594
0.50505090
0.50682831
0.50861830
0.51042092
0.51223642
0.51406485
0.51590633
0.51776111
0.51962930
0.52151096
0.52340633
0.52531552
0.52723873
0.52917600
0.53112763
0.53309363
0.53507429
0.53706974
0.53908008
0.54110557
0.54314631
0.54520249
0.54727435
0.54936028
0.55146390
0.55358368
0.55571979
0.55787253
0.56004196
0.56222832
0.56443185
0.56665266
0.56889105
0.57114720
0.57342136
0.57571363
0.57802433
0.58035368
0.58270180
0.58506906
0.58745563
0.58986175
0.59228766
0.59473360
0.59719980
0.59962195
0.60182154
0.60403329
0.60572904
0.60736388
0.60869521
0.60976279
0.61075449
0.61127251
0.61178935
0.61194497
0.61193866
0.61184615
0.61132920
0.61079222
0.61014527
0.60954148
0.60982543
0.61229020
1.28194487
1.28776908
1.29364645
1.29957783
1.30556369
1.31159544
1.31769288
1.32384717
1.33005929
1.33633006
1.34266019
1.34905052
1.35549176
1.36200511
1.36858141
1.37522149
1.38192642
1.38869691
1.39553416
1.40243900
1.40940142
1.41644454
1.42354703
1.43073261
1.43799114
1.44532371
1.45273137
1.46020341
1.46776474
1.47540486
1.48312497
1.49092627
1.49881005
1.50677764
1.51481748
1.52295661
1.53118372
1.53950024
1.54790747
1.55640709
1.56500065
1.57368958
1.58246136
1.59134579
1.60033059
1.60941744
1.61860800
1.62790406
1.63730764
1.64680517
1.65642893
1.66616595
1.67601800
1.68598735
1.69607592
1.70628607
1.71661973
1.72706270
1.73765039
1.74836874
1.75922012
1.77020705
1.78133214
1.79259777
1.80398870
1.81554377
1.82724786
1.83910370
1.85111451
1.86328316
1.87561297
1.88810694
1.90074825
0.35703817
0.35792553
0.35881731
0.35971355
0.36061427
0.36151952
0.36242932
0.36334372
0.36426273
0.36518639
0.36611477
0.36704788
0.36798576
0.36892843
0.36987594
0.37082836
0.37178567
0.37274796
0.37371522
0.37468752
0.37566409
0.37664658
0.37763420
0.37862703
0.37962511
0.38062844
0.38163710
0.38265112
0.38367051
0.38469538
0.38572574
0.38676164
0.38780311
0.38885018
0.38990295
0.39096141
0.39202565
0.39309570
0.39417163
0.39525342
0.39634120
0.39743495
0.39853477
0.39964071
0.40075281
0.40187109
0.40299565
0.40412650
0.40526372
0.40640736
0.40755749
0.40871412
0.40987733
0.41104722
0.41222379
0.41340709
0.41459721
0.41579422
0.41699818
0.41820911
0.41942608
0.42065117
0.42188343
0.42312294
0.42436975
0.42562395
0.42688558
0.42815468
0.42943138
0.43071571
0.43200773
0.43330753
0.43461519
0.43593076
0.43725431
0.43858594
0.43992570
0.44127366
0.44262990
0.44399452
0.44536757
0.44674912
0.44813931
0.44953814
0.45094576
0.45236221
0.45378760
0.45522198
0.45666546
0.45811811
0.45958006
0.46105137
0.46253210
0.46402240
0.46552235
0.46703199
0.46855146
0.47008088
0.47162029
0.47316980
0.47472957
0.47629836
0.47787884
0.47946984
0.48107144
0.48268381
0.48430702
0.48594117
0.48758641
0.48924282
0.49091053
0.49258962
0.49428025
0.49598253
0.49769658
0.49942252
0.50116044
0.50291055
0.50467288
0.50644761
0.50823492
0.51003480
0.51184756
0.51367319
0.51551044
0.51736236
0.51922762
0.52110642
0.52299881
0.52490503
0.52682519
0.52875948
0.53070796
0.53267092
0.53464842
0.53664064
0.53864783
0.54067004
0.54270750
0.54476035
0.54682881
0.54891133
0.55101150
0.55312783
0.55526042
0.55740958
0.55957538
0.56175810
0.56395793
0.56617504
0.56840968
0.57066202
0.57293224
0.57522064
0.57752734
0.57985264
0.58219677
0.58455992
0.58694232
0.58934420
0.59176588
0.59420747
0.59666932
0.59915167
0.60165477
0.60387552
0.60610443
0.60794473
0.60959363
0.61105847
0.61213440
0.61321408
0.61375535
0.61426157
0.61450118
0.61448634
0.61446512
0.61395013
0.61343384
0.61279398
0.61215544
0.61219543
0.61433786
1.28652191
1.29237854
1.29829812
1.30427229
1.31030166
1.31638706
1.32252920
1.32872891
1.33498704
1.34129429
1.34767175
1.35411000
1.36061001
1.36717284
1.37379932
1.38049018
1.38723588
1.39405870
1.40094900
1.40790761
1.41493583
1.42203450
1.42919338
1.43643618
1.44374108
1.45113254
1.45860004
1.46614480
1.47376800
1.48147094
1.48925471
1.49710822
1.50505769
1.51309204
1.52121258
1.52942085
1.53771806
1.54610586
1.55457211
1.56314528
1.57181358
1.58057857
1.58944178
1.59840500
1.60746980
1.61663806
1.62589669
1.63527703
1.64476609
1.65436602
1.66407871
1.67390609
1.68385017
1.69389701
1.70408082
1.71438777
1.72482026
1.73538041
1.74607062
1.75689340
1.76783371
1.77892876
1.79016399
1.80154216
1.81306577
1.82473779
1.83656108
1.84853852
1.86065388
1.87294865
1.88540709
1.89803243
1.91082788
0.35773563
0.35862646
0.35952175
0.36042151
0.36132577
0.36223459
0.36314800
0.36406603
0.36498871
0.36591607
0.36684817
0.36778504
0.36872667
0.36967316
0.37062451
0.37158078
0.37254199
0.37350819
0.37447941
0.37545490
0.37643629
0.37742284
0.37841454
0.37941149
0.38041368
0.38142121
0.38243407
0.38345233
0.38447604
0.38550520
0.38653991
0.38758019
0.38862607
0.38967761
0.39073485
0.39179787
0.39286667
0.39394045
0.39502099
0.39610747
0.39719996
0.39829847
0.39940310
0.40051386
0.40163079
0.40275401
0.40388349
0.40501934
0.40616161
0.40731034
0.40846556
0.40962738
0.41079584
0.41197094
0.41315281
0.41434148
0.41553700
0.41673946
0.41794887
0.41916436
0.42038792
0.42161864
0.42285660
0.42410183
0.42535442
0.42661443
0.42788196
0.42915702
0.43043971
0.43173006
0.43302819
0.43433416
0.43564802
0.43696988
0.43829975
0.43963775
0.44098395
0.44233841
0.44370124
0.44507247
0.44645220
0.44784051
0.44923750
0.45064321
0.45205778
0.45348123
0.45491368
0.45635521
0.45780590
0.45926583
0.46073511
0.46221384
0.46370208
0.46519995
0.46670750
0.46822485
0.46975213
0.47128940
0.47283673
0.47439429
0.47596085
0.47753909
0.47912782
0.48072717
0.48233721
0.48395810
0.48558989
0.48723274
0.48888674
0.49055201
0.49222866
0.49391681
0.49561659
0.49732810
0.49905145
0.50078684
0.50253427
0.50429398
0.50606608
0.50785065
0.50964785
0.51145780
0.51328069
0.51511657
0.51696569
0.51882809
0.52070397
0.52259344
0.52449673
0.52641392
0.52834511
0.53029060
0.53225040
0.53422481
0.53621387
0.53821784
0.54023683
0.54227102
0.54432058
0.54638571
0.54846483
0.55056161
0.55267441
0.55480355
0.55694914
0.55911136
0.56129050
0.56348664
0.56570005
0.56793088
0.57017940
0.57244581
0.57473034
0.57703310
0.57935441
0.58169448
0.58405358
0.58643180
0.58882952
0.59124696
0.59368426
0.59614182
0.59861976
0.60111839
0.60363793
0.60594350
0.60818982
0.61017662
0.61183774
0.61341697
0.61448210
0.61555308
0.61618590
0.61669827
0.61701465
0.61700183
0.61698687
0.61652523
0.61600679
0.61537641
0.61473036
0.61461365
0.61640143
1.29112244
1.29703057
1.30299294
1.30901051
1.31508386
1.32120395
1.32739127
1.33363676
1.33994138
1.34630585
1.35273099
1.35921788
1.36576724
1.37236941
1.37904644
1.38578868
1.39259720
1.39947307
1.40641701
1.41343033
1.42050254
1.42764592
1.43487298
1.44217372
1.44954908
1.45700026
1.46452832
1.47212255
1.47980821
1.48757458
1.49542284
1.50335443
1.51137054
1.51947260
1.52766192
1.53592682
1.54429507
1.55275500
1.56130803
1.56995595
1.57870007
1.58754218
1.59646964
1.60551250
1.61465836
1.62390912
1.63326645
1.64273214
1.65230834
1.66198123
1.67178369
1.68170261
1.69173980
1.70189762
1.71217811
1.72258353
1.73311627
1.74376154
1.75455558
1.76548409
1.77654970
1.78775477
1.79910219
1.81059456
1.82221603
1.83400655
1.84595060
1.85805130
1.87031162
1.88273489
1.89532435
1.90808320
1.92099428
0.35843509
0.35932943
0.36022821
0.36113152
0.36203936
0.36295179
0.36386883
0.36479050
0.36571684
0.36664793
0.36758375
0.36852437
0.36946982
0.37042013
0.37137535
0.37233549
0.37330061
0.37427077
0.37524515
0.37622544
0.37721089
0.37820148
0.37919730
0.38019836
0.38120475
0.38221645
0.38323355
0.38425609
0.38528407
0.38631758
0.38735667
0.38840136
0.38945168
0.39050770
0.39156947
0.39263701
0.39371040
0.39478970
0.39587492
0.39696610
0.39806333
0.39916664
0.40027606
0.40139171
0.40251356
0.40364173
0.40477622
0.40591711
0.40706444
0.40821826
0.40937868
0.41054571
0.41171938
0.41289982
0.41408703
0.41528109
0.41648203
0.41768995
0.41890493
0.42012596
0.42135516
0.42259157
0.42383525
0.42508626
0.42634469
0.42761061
0.42888403
0.43016508
0.43145379
0.43275028
0.43405455
0.43536672
0.43668687
0.43801501
0.43935129
0.44069573
0.44204843
0.44340944
0.44477886
0.44615677
0.44754326
0.44893840
0.45034224
0.45175490
0.45317644
0.45460695
0.45604652
0.45749527
0.45895323
0.46042052
0.46189719
0.46338341
0.46487918
0.46638468
0.46789995
0.46942508
0.47096020
0.47250539
0.47406074
0.47562510
0.47720110
0.47878760
0.48038465
0.48199242
0.48361096
0.48524043
0.48688090
0.48853251
0.49019536
0.49186957
0.49355525
0.49525255
0.49696153
0.49868235
0.50041515
0.50216001
0.50391710
0.50568652
0.50746840
0.50926292
0.51107013
0.51289022
0.51472336
0.51656961
0.51842916
0.52030218
0.52218872
0.52408904
0.52600324
0.52793145
0.52987385
0.53183061
0.53380024
0.53578621
0.53778696
0.53980267
0.54183358
0.54387987
0.54594159
0.54801738
0.55011070
0.55222011
0.55434567
0.55648774
0.55864638
0.56082183
0.56301433
0.56522399
0.56745112
0.56969583
0.57195836
0.57423896
0.57653785
0.57885516
0.58119118
0.58354616
0.58592027
0.58831382
0.59072697
0.59316003
0.59561318
0.59808671
0.60058093
0.60309595
0.60563219
0.60802573
0.61028755
0.61240816
0.61406451
0.61572981
0.61682862
0.61790782
0.61863577
0.61915225
0.61954659
0.61953580
0.61952287
0.61912423
0.61860138
0.61798072
0.61732703
0.61708736
0.61853904
1.29576528
1.30171609
1.30771220
1.31377351
1.31989121
1.32606626
1.33229923
1.33859110
1.34494269
1.35134470
1.35781813
1.36435401
1.37095308
1.37761629
1.38434458
1.39113891
1.39798927
1.40491843
1.41191673
1.41898513
1.42611325
1.43332481
1.44060969
1.44796896
1.45539200
1.46290350
1.47049296
1.47816157
1.48591053
1.49374127
1.50165498
1.50964010
1.51772356
1.52589405
1.53415298
1.54250181
1.55094206
1.55947518
1.56808889
1.57681215
1.58563316
1.59455323
1.60357440
1.61269820
1.62192631
1.63126075
1.64068806
1.65024030
1.65990448
1.66968238
1.67957628
1.68958807
1.69971991
1.70995760
1.72033608
1.73084116
1.74147546
1.75224113
1.76314080
1.77417696
1.78535211
1.79665077
1.80811167
1.81971979
1.83147788
1.84338903
1.85545599
1.86768198
1.88005042
1.89260375
1.90532601
1.91822028
1.93129039
0.35913804
0.36003587
0.36093819
0.36184508
0.36275652
0.36367255
0.36459324
0.36551860
0.36644867
0.36738348
0.36832306
0.36926746
0.37021676
0.37117091
0.37213001
0.37309405
0.37406310
0.37503645
0.37601563
0.37699997
0.37798944
0.37898415
0.37998411
0.38098934
0.38199991
0.38301584
0.38403723
0.38506404
0.38609639
0.38713425
0.38817775
0.38922685
0.39028165
0.39134219
0.39240852
0.39348066
0.39455867
0.39564261
0.39673254
0.39782846
0.39893046
0.40003860
0.40115198
0.40227252
0.40339932
0.40453243
0.40567195
0.40681791
0.40797034
0.40912932
0.41029492
0.41146719
0.41264614
0.41383189
0.41502449
0.41622397
0.41743040
0.41864383
0.41986337
0.42109102
0.42232585
0.42356798
0.42481741
0.42607427
0.42733854
0.42861035
0.42988977
0.43117684
0.43247166
0.43377426
0.43508473
0.43640316
0.43772957
0.43906409
0.44040677
0.44175771
0.44311693
0.44448456
0.44586062
0.44724527
0.44863853
0.45004052
0.45145127
0.45287091
0.45429948
0.45573711
0.45718387
0.45863986
0.46010512
0.46157980
0.46306396
0.46455768
0.46606109
0.46757424
0.46909726
0.47063023
0.47217324
0.47372642
0.47528857
0.47686234
0.47844657
0.48004135
0.48164681
0.48326305
0.48489013
0.48652825
0.48817745
0.48983788
0.49150965
0.49319288
0.49488765
0.49659413
0.49831241
0.50004262
0.50178486
0.50353932
0.50530612
0.50708532
0.50887710
0.51068157
0.51249892
0.51432920
0.51617265
0.51802933
0.51989943
0.52178311
0.52368045
0.52559161
0.52751684
0.52945620
0.53140986
0.53337801
0.53536075
0.53735834
0.53937083
0.54139853
0.54344147
0.54549992
0.54757404
0.54966223
0.55176818
0.55389029
0.55602878
0.55818391
0.56035578
0.56254458
0.56475061
0.56697392
0.56921488
0.57147360
0.57375032
0.57604527
0.57835865
0.58069068
0.58304155
0.58541161
0.58780092
0.59020990
0.59263867
0.59508753
0.59755671
0.60004640
0.60255700
0.60508865
0.60764170
0.61012018
0.61238921
0.61463487
0.61630541
0.61798072
0.61919314
0.62027848
0.62110090
0.62162578
0.62209940
0.62209070
0.62207770
0.62174308
0.62121576
0.62060720
0.61994791
0.61957896
0.62082362
1.30043232
1.30642617
1.31247544
1.31858110
1.32474375
1.33095443
1.33723354
1.34357226
1.34997129
1.35643172
1.36295414
1.36953962
1.37618899
1.38289261
1.38967264
1.39651954
1.40343416
1.41041768
1.41747093
1.42458379
1.43176842
1.43903744
1.44638062
1.45379913
1.46129417
1.46886694
1.47651851
1.48425031
1.49205101
1.49994671
1.50792634
1.51599145
1.52414334
1.53238320
1.54071283
1.54911995
1.55763292
1.56623995
1.57494271
1.58374262
1.59264147
1.60164094
1.61072814
1.61993372
1.62924504
1.63866413
1.64819276
1.65783286
1.66758633
1.67745531
1.68742573
1.69753170
1.70775938
1.71811104
1.72858894
1.73919547
1.74993289
1.76078629
1.77179289
1.78293788
1.79422402
1.80565393
1.81723046
1.82895625
1.84083450
1.85284865
1.86504030
1.87739336
1.88991117
1.90259707
1.91545439
1.92848659
1.94167626
0.35984299
0.36074436
0.36165026
0.36256072
0.36347577
0.36439547
0.36531982
0.36624885
0.36718264
0.36812121
0.36906460
0.37001282
0.37096593
0.37192395
0.37288693
0.37385494
0.37482795
0.37580526
0.37678850
0.37777686
0.37877044
0.37976927
0.38077337
0.38178280
0.38279757
0.38381779
0.38484344
0.38587457
0.38691127
0.38795355
0.38900146
0.39005503
0.39111432
0.39217940
0.39325029
0.39432704
0.39540970
0.39649835
0.39759299
0.39869368
0.39980048
0.40091348
0.40203264
0.40315810
0.40428987
0.40542802
0.40657258
0.40772364
0.40888122
0.41004542
0.41121623
0.41239378
0.41357806
0.41476917
0.41596717
0.41717213
0.41838405
0.41960207
0.42082819
0.42206150
0.42330205
0.42454994
0.42580518
0.42706788
0.42833808
0.42961586
0.43090129
0.43219444
0.43349537
0.43480417
0.43612087
0.43744558
0.43877837
0.44011930
0.44146845
0.44282591
0.44419172
0.44556600
0.44694880
0.44834021
0.44974032
0.45114920
0.45256692
0.45399359
0.45542929
0.45687410
0.45832810
0.45979136
0.46126401
0.46274614
0.46423781
0.46573913
0.46725020
0.46877110
0.47030196
0.47184280
0.47339380
0.47495377
0.47652531
0.47810730
0.47969982
0.48130298
0.48291692
0.48454168
0.48617744
0.48782426
0.48948228
0.49115163
0.49283239
0.49452469
0.49622867
0.49794438
0.49967206
0.50141174
0.50316358
0.50492769
0.50670421
0.50849330
0.51029509
0.51210964
0.51393718
0.51577783
0.51763165
0.51949888
0.52137959
0.52327400
0.52518225
0.52710444
0.52904075
0.53098977
0.53295481
0.53493440
0.53692877
0.53893811
0.54096252
0.54300219
0.54505730
0.54712802
0.54921281
0.55131531
0.55343395
0.55556893
0.55772042
0.55988866
0.56207389
0.56427616
0.56649578
0.56873292
0.57098782
0.57326066
0.57555169
0.57786107
0.58018911
0.58253592
0.58490181
0.58728701
0.58969176
0.59211624
0.59456080
0.59702557
0.59951085
0.60201699
0.60454410
0.60709250
0.60966253
0.61221862
0.61450541
0.61680728
0.61856055
0.62025034
0.62156940
0.62266958
0.62358576
0.62411922
0.62464488
0.62466460
0.62465584
0.62438411
0.62385237
0.62325603
0.62259114
0.62209070
0.62312293
1.30514252
1.31118000
1.31726372
1.32341409
1.32962215
1.33588874
1.34221470
1.34860086
1.35504806
1.36154675
1.36811852
1.37475419
1.38145447
1.38822043
1.39505291
1.40195298
1.40891063
1.41594875
1.42304635
1.43022680
1.43748021
1.44480753
1.45220983
1.45968843
1.46723247
1.47486699
1.48258138
1.49037695
1.49825490
1.50621665
1.51426339
1.52238357
1.53060448
1.53891456
1.54731548
1.55580854
1.56439543
1.57307768
1.58185673
1.59072018
1.59969783
1.60877740
1.61796057
1.62724924
1.63664520
1.64615035
1.65575099
1.66548002
1.67532396
1.68528497
1.69536519
1.70556664
1.71589172
1.72632575
1.73690438
1.74761343
1.75845551
1.76943278
1.78054810
1.79180384
1.80320287
1.81472933
1.82642281
1.83826804
1.85026789
1.86242545
1.87474382
1.88722622
1.89985561
1.91267574
1.92567015
1.93884230
1.95219588
0.36055145
0.36145639
0.36236587
0.36327994
0.36419863
0.36512199
0.36605003
0.36698279
0.36792034
0.36886269
0.36980987
0.37076193
0.37171891
0.37268084
0.37364775
0.37461969
0.37559593
0.37657806
0.37756532
0.37855780
0.37955549
0.38055846
0.38156673
0.38258037
0.38359943
0.38462391
0.38565388
0.38668936
0.38773045
0.38877714
0.38982952
0.39088759
0.39195141
0.39302108
0.39409655
0.39517796
0.39626533
0.39735866
0.39845806
0.39956358
0.40067521
0.40179217
0.40291628
0.40404668
0.40518346
0.40632665
0.40747631
0.40863249
0.40979525
0.41096464
0.41214073
0.41332358
0.41451323
0.41570973
0.41691318
0.41812363
0.41934013
0.42056471
0.42179647
0.42303547
0.42428178
0.42553544
0.42679653
0.42806512
0.42934126
0.43062505
0.43191653
0.43321580
0.43452290
0.43583789
0.43716088
0.43849194
0.43983111
0.44117850
0.44253418
0.44389817
0.44527063
0.44665161
0.44804117
0.44943941
0.45084640
0.45226222
0.45368695
0.45512071
0.45656356
0.45801556
0.45947686
0.46094748
0.46242759
0.46391720
0.46541643
0.46692541
0.46844420
0.46997288
0.47151160
0.47306040
0.47461945
0.47618750
0.47776723
0.47935748
0.48095837
0.48256996
0.48419240
0.48582581
0.48747024
0.48912585
0.49079275
0.49247107
0.49416089
0.49586233
0.49757555
0.49930063
0.50103772
0.50278693
0.50454843
0.50632226
0.50810868
0.50990772
0.51171952
0.51354426
0.51538205
0.51723307
0.51909739
0.52097523
0.52286673
0.52477193
0.52669114
0.52862442
0.53057194
0.53253388
0.53451037
0.53650159
0.53850770
0.54052883
0.54256523
0.54461700
0.54668438
0.54876584
0.55086488
0.55298007
0.55511153
0.55725950
0.55942416
0.56160569
0.56380433
0.56602025
0.56825364
0.57050472
0.57277369
0.57506078
0.57736623
0.57969028
0.58203304
0.58439487
0.58677590
0.58917648
0.59159672
0.59403694
0.59649742
0.59897828
0.60147995
0.60400254
0.60654640
0.60911179
0.61169893
0.61430818
0.61663419
0.61895204
0.62083226
0.62253672
0.62396610
0.62507701
0.62609053
0.62662834
0.62716258
0.62725985
0.62725323
0.62704992
0.62651360
0.62592542
0.62525481
0.62469530
0.62544155
1.30987740
1.31595886
1.32209694
1.32829261
1.33454669
1.34085989
1.34722292
1.35365689
1.36015260
1.36671102
1.37333286
1.38001931
1.38677120
1.39357853
1.40046394
1.40741789
1.41444111
1.42153490
1.42868865
1.43592632
1.44322610
1.45061219
1.45807433
1.46561360
1.47323132
1.48092854
1.48870671
1.49656701
1.50449800
1.51252627
1.52064085
1.52884281
1.53713381
1.54551518
1.55398858
1.56254160
1.57120311
1.57996118
1.58881748
1.59777367
1.60683131
1.61599231
1.62524354
1.63461626
1.64409769
1.65368986
1.66339445
1.67321372
1.68314958
1.69320416
1.70336330
1.71366155
1.72408521
1.73463631
1.74531734
1.75613081
1.76707900
1.77814686
1.78937221
1.80074024
1.81225359
1.82391512
1.83572769
1.84769428
1.85981786
1.87208200
1.88452888
1.89714229
1.90992582
1.92288268
1.93601656
1.94933116
1.96280849
0.36126199
0.36217049
0.36308357
0.36400127
0.36492363
0.36585066
0.36678240
0.36771894
0.36866024
0.36960638
0.37055740
0.37151331
0.37247416
0.37344003
0.37441090
0.37538603
0.37636706
0.37735322
0.37834457
0.37934113
0.38034296
0.38135010
0.38236260
0.38338047
0.38440380
0.38543257
0.38646689
0.38750678
0.38855225
0.38960341
0.39066026
0.39172286
0.39279124
0.39386550
0.39494562
0.39603168
0.39712375
0.39822185
0.39932603
0.40043637
0.40155289
0.40267566
0.40380472
0.40494013
0.40608194
0.40723020
0.40838498
0.40954635
0.41071430
0.41188896
0.41307035
0.41425854
0.41545361
0.41665557
0.41786450
0.41907948
0.42030254
0.42153278
0.42277020
0.42401496
0.42526704
0.42652655
0.42779353
0.42906806
0.43035021
0.43164003
0.43293762
0.43424305
0.43555635
0.43687764
0.43820697
0.43954438
0.44089001
0.44224390
0.44360614
0.44497678
0.44635594
0.44774365
0.44914001
0.45054513
0.45195907
0.45338190
0.45481372
0.45625460
0.45770466
0.45916396
0.46063259
0.46211064
0.46359822
0.46509540
0.46660230
0.46811897
0.46964553
0.47118211
0.47272873
0.47428557
0.47585142
0.47742894
0.47901693
0.48061553
0.48222485
0.48384497
0.48547599
0.48711807
0.48877129
0.49043578
0.49211162
0.49379897
0.49549794
0.49720863
0.49893117
0.50066566
0.50241232
0.50417113
0.50594234
0.50772607
0.50952238
0.51133144
0.51315343
0.51498842
0.51683658
0.51869810
0.52057302
0.52246153
0.52436382
0.52628005
0.52821028
0.53015476
0.53211361
0.53408694
0.53607500
0.53807795
0.54009587
0.54212898
0.54417747
0.54624152
0.54831958
0.55041349
0.55252516
0.55465317
0.55679756
0.55895865
0.56113654
0.56333148
0.56554365
0.56777328
0.57002056
0.57228571
0.57456893
0.57687038
0.57919043
0.58152920
0.58388686
0.58626378
0.58866012
0.59107614
0.59351206
0.59596813
0.59844464
0.60094184
0.60345989
0.60599917
0.60855991
0.61114240
0.61374688
0.61637366
0.61877775
0.62111390
0.62311858
0.62483782
0.62638134
0.62750089
0.62861550
0.62915766
0.62969851
0.62987673
0.62987006
0.62973636
0.62919545
0.62861997
0.62794358
0.62734383
0.62787491
1.31465650
1.32078242
1.32695591
1.33319736
1.33949769
1.34585798
1.35227883
1.35876131
1.36530626
1.37190402
1.37857652
1.38531411
1.39211798
1.39898908
1.40592825
1.41293669
1.42001522
1.42714226
1.43436432
1.44165981
1.44902980
1.45647562
1.46399844
1.47159922
1.47926712
1.48702776
1.49487031
1.50279593
1.51080608
1.51890206
1.52708530
1.53534400
1.54370582
1.55215919
1.56070578
1.56934690
1.57808423
1.58691943
1.59585416
1.60487556
1.61401427
1.62325752
1.63260734
1.64206541
1.65163374
1.66131425
1.67109311
1.68100381
1.69103265
1.70118189
1.71145380
1.72185040
1.73237407
1.74302721
1.75379491
1.76471400
1.77576983
1.78696513
1.79830253
1.80978453
1.82141423
1.83317542
1.84510875
1.85719836
1.86944735
1.88185906
1.89443672
1.90718365
1.92008257
1.93317807
1.94645345
1.95991254
1.97355890
0.36197606
0.36288816
0.36380488
0.36472622
0.36565226
0.36658299
0.36751848
0.36845878
0.36940387
0.37035385
0.37130871
0.37226853
0.37323329
0.37420309
0.37517715
0.37615708
0.37714213
0.37813237
0.37912783
0.38012853
0.38113454
0.38214588
0.38316262
0.38418475
0.38521236
0.38624552
0.38728419
0.38832846
0.38937840
0.39043403
0.39149541
0.39256257
0.39363554
0.39471442
0.39579919
0.39688998
0.39798680
0.39908966
0.40019870
0.40131387
0.40243530
0.40356302
0.40469706
0.40583751
0.40698439
0.40813777
0.40929773
0.41046429
0.41163751
0.41281745
0.41400418
0.41519776
0.41639826
0.41760570
0.41882014
0.42003971
0.42126840
0.42250431
0.42374745
0.42499796
0.42625588
0.42752123
0.42879415
0.43007466
0.43136284
0.43265876
0.43396249
0.43527412
0.43659368
0.43792126
0.43925697
0.44060081
0.44195294
0.44331336
0.44468221
0.44605953
0.44744539
0.44883990
0.45024315
0.45165518
0.45307609
0.45450598
0.45594490
0.45739299
0.45885029
0.46031693
0.46179295
0.46327847
0.46477360
0.46627837
0.46779296
0.46931741
0.47085181
0.47239628
0.47395092
0.47551456
0.47708982
0.47867557
0.48027191
0.48187891
0.48349670
0.48512536
0.48676506
0.48841590
0.49007794
0.49175134
0.49343622
0.49513268
0.49684086
0.49856085
0.50029278
0.50203681
0.50379300
0.50556159
0.50734258
0.50913620
0.51094252
0.51276171
0.51459390
0.51643920
0.51829785
0.52016985
0.52205551
0.52395481
0.52586800
0.52779526
0.52973664
0.53169239
0.53366262
0.53564751
0.53764725
0.53966194
0.54169178
0.54373699
0.54579765
0.54787403
0.54996455
0.55207276
0.55419725
0.55633813
0.55849564
0.56066996
0.56286120
0.56506968
0.56729561
0.56953907
0.57180035
0.57407969
0.57637727
0.57869333
0.58102804
0.58338171
0.58575445
0.58814663
0.59055841
0.59299010
0.59544182
0.59791398
0.60040671
0.60292029
0.60545504
0.60801119
0.61058897
0.61318874
0.61581075
0.61845523
0.62093621
0.62328875
0.62542176
0.62715375
0.62881315
0.62993246
0.63104683
0.63165373
0.63218540
0.63242120
0.63240999
0.63232464
0.63179046
0.63123709
0.63057071
0.62995255
0.63030946
1.31946075
1.32563174
1.33186066
1.33814836
1.34449577
1.35090363
1.35736263
1.36389399
1.37048864
1.37714732
1.38387096
1.39066064
1.39751732
1.40443075
1.41142416
1.41848755
1.42561066
1.43281710
1.44009686
1.44745088
1.45486856
1.46237469
1.46995866
1.47762167
1.48536503
1.49318993
1.50109768
1.50908971
1.51715434
1.52531874
1.53357148
1.54191399
1.55034769
1.55887425
1.56749511
1.57619786
1.58501184
1.59392500
1.60293901
1.61205554
1.62127638
1.63060319
1.64003801
1.64956748
1.65922368
1.66899359
1.67887926
1.68888271
1.69900608
1.70925164
1.71960485
1.73010099
1.74072611
1.75148261
1.76237273
1.77339923
1.78456450
1.79587126
1.80730391
1.81890166
1.83064914
1.84254944
1.85460544
1.86682022
1.87919688
1.89171875
1.90442908
1.91731119
1.93036890
1.94360554
1.95702505
1.97063112
1.98440564
0.36269221
0.36360794
0.36452830
0.36545330
0.36638305
0.36731753
0.36825678
0.36920086
0.37014976
0.37110358
0.37206233
0.37302604
0.37399474
0.37496850
0.37594655
0.37693051
0.37791964
0.37891397
0.37991354
0.38091841
0.38192859
0.38294417
0.38396516
0.38499159
0.38602352
0.38706103
0.38810411
0.38915282
0.39020723
0.39126736
0.39233327
0.39340499
0.39448261
0.39556611
0.39665562
0.39775112
0.39885271
0.39996040
0.40107426
0.40219435
0.40332070
0.40445340
0.40559244
0.40673795
0.40788993
0.40904847
0.41021362
0.41138539
0.41256389
0.41374919
0.41494128
0.41614029
0.41734621
0.41855916
0.41977820
0.42100537
0.42223972
0.42348132
0.42473024
0.42598656
0.42725033
0.42852163
0.42980051
0.43108705
0.43238130
0.43368337
0.43499330
0.43631116
0.43763703
0.43897098
0.44031310
0.44166344
0.44302207
0.44438910
0.44576460
0.44714865
0.44854131
0.44994268
0.45135283
0.45277184
0.45419979
0.45563680
0.45708293
0.45853823
0.46000287
0.46147689
0.46296036
0.46445343
0.46595615
0.46746862
0.46899095
0.47052324
0.47206554
0.47361800
0.47517946
0.47675249
0.47833598
0.47993004
0.48153475
0.48315021
0.48477659
0.48641393
0.48806235
0.48972198
0.49139297
0.49307537
0.49476936
0.49647501
0.49819246
0.49992186
0.50166327
0.50341690
0.50518280
0.50696111
0.50875199
0.51055562
0.51237202
0.51420146
0.51604396
0.51789975
0.51976889
0.52165157
0.52354801
0.52545822
0.52738243
0.52932078
0.53127348
0.53324056
0.53522235
0.53721887
0.53923035
0.54125696
0.54329884
0.54535621
0.54742920
0.54951632
0.55162114
0.55374211
0.55587947
0.55803168
0.56020236
0.56238997
0.56459475
0.56681687
0.56905657
0.57131404
0.57358950
0.57588315
0.57819521
0.58052588
0.58287549
0.58524412
0.58763212
0.59003967
0.59246707
0.59491450
0.59738219
0.59987050
0.60237962
0.60490978
0.60746133
0.61003447
0.61262947
0.61524671
0.61788636
0.62054878
0.62310767
0.62547892
0.62773985
0.62946916
0.63120574
0.63232684
0.63344973
0.63413125
0.63466710
0.63496137
0.63495004
0.63491380
0.63437307
0.63382638
0.63315457
0.63250887
0.63273817
0.63598454
1.33052659
1.33679175
1.34312618
1.34952104
1.35597706
1.36249506
1.36907613
1.37572110
1.38243079
1.38919544
1.39603758
1.40294755
1.40992606
1.41697454
1.42408228
1.43127334
1.43852568
1.44586372
1.45327699
1.46076655
1.46833384
1.47597992
1.48370600
1.49150085
1.49939072
1.50736451
1.51542366
1.52356935
1.53180301
1.54012620
1.54854035
1.55703342
1.56563377
1.57432973
1.58312285
1.59201479
1.60100710
1.61010158
1.61928523
1.62858915
1.63800073
1.64752162
1.65715373
1.66689932
1.67676008
1.68672228
1.69681966
1.70703876
1.71738160
1.72785068
1.73844802
1.74917626
1.76003766
1.77101719
1.78215253
1.79342866
1.80484843
1.81641448
1.82812977
1.83999717
1.85200047
1.86418080
1.87652254
1.88902867
1.90170264
1.91454780
1.92756772
1.94076598
1.95412469
1.96769035
1.98144567
1.99539471
0.36341196
0.36433131
0.36525533
0.36618406
0.36711752
0.36805576
0.36899880
0.36994669
0.37089944
0.37185714
0.37281978
0.37378740
0.37476009
0.37573704
0.37671992
0.37770793
0.37870115
0.37969959
0.38070333
0.38171238
0.38272679
0.38374662
0.38477188
0.38580266
0.38683894
0.38788083
0.38892835
0.38998154
0.39104044
0.39210510
0.39317560
0.39425194
0.39533418
0.39642239
0.39751661
0.39861691
0.39972329
0.40083581
0.40195456
0.40307960
0.40421093
0.40534863
0.40649274
0.40764335
0.40880048
0.40996420
0.41113454
0.41231161
0.41349447
0.41468513
0.41588262
0.41708708
0.41829851
0.41951603
0.42074165
0.42197445
0.42321450
0.42446184
0.42571658
0.42697874
0.42824844
0.42952567
0.43081057
0.43210316
0.43340355
0.43471178
0.43602794
0.43735209
0.43868428
0.44002464
0.44137323
0.44273007
0.44409531
0.44546899
0.44685119
0.44824201
0.44964150
0.45104975
0.45246685
0.45389289
0.45532793
0.45677209
0.45822543
0.45968807
0.46116006
0.46264151
0.46413252
0.46563315
0.46714354
0.46866372
0.47019386
0.47173402
0.47328430
0.47484481
0.47641435
0.47799560
0.47958738
0.48118979
0.48280296
0.48442698
0.48606193
0.48770797
0.48936522
0.49103376
0.49271369
0.49440518
0.49610832
0.49782324
0.49955004
0.50128889
0.50303984
0.50480312
0.50657880
0.50836700
0.51016784
0.51198149
0.51380813
0.51564783
0.51750070
0.51936698
0.52124679
0.52314025
0.52504748
0.52696866
0.52890402
0.53085357
0.53281760
0.53479618
0.53678954
0.53879780
0.54082114
0.54285973
0.54491377
0.54698342
0.54906714
0.55116850
0.55328602
0.55541986
0.55757022
0.55973727
0.56192130
0.56412238
0.56634080
0.56857669
0.57083035
0.57310194
0.57539171
0.57769978
0.58002651
0.58237201
0.58473659
0.58712041
0.58952379
0.59194690
0.59439003
0.59685338
0.59933728
0.60184193
0.60436755
0.60691452
0.60948300
0.61207336
0.61468577
0.61732066
0.61997819
0.62265867
0.62529653
0.62767786
0.63003725
0.63178152
0.63353312
0.63473952
0.63587320
0.63662601
0.63716835
0.63751978
0.63751292
0.63750154
0.63697684
0.63643706
0.63576192
0.63508373
0.63518345
0.63771391
1.33544779
1.34176958
1.34815145
1.35459423
1.36109900
1.36765611
1.37428713
1.38098288
1.38774419
1.39457202
1.40146732
1.40843117
1.41545343
1.42254591
1.42972136
1.43696964
1.44429171
1.45168877
1.45916200
1.46671259
1.47432947
1.48203826
1.48982811
1.49770021
1.50565600
1.51369679
1.52182388
1.53002560
1.53832936
1.54672384
1.55521047
1.56379068
1.57246614
1.58123839
1.59009492
1.59906542
1.60813785
1.61731374
1.62659502
1.63598335
1.64548075
1.65508902
1.66479468
1.67463052
1.68458319
1.69465494
1.70484793
1.71516418
1.72560608
1.73615897
1.74685884
1.75769150
1.76865923
1.77976477
1.79101062
1.80239952
1.81393421
1.82559872
1.83743310
1.84942198
1.86156845
1.87387538
1.88634622
1.89898407
1.91177189
1.92475402
1.93791354
1.95125425
1.96477997
1.97849452
1.99240184
2.00648355
0.36413381
0.36505684
0.36598456
0.36691698
0.36785418
0.36879620
0.36974305
0.37069476
0.37165138
0.37261295
0.37357953
0.37455112
0.37552699
0.37650874
0.37749568
0.37848777
0.37948510
0.38048768
0.38149559
0.38250884
0.38352752
0.38455161
0.38558120
0.38661629
0.38765699
0.38870329
0.38975525
0.39081293
0.39187634
0.39294559
0.39402068
0.39510167
0.39618859
0.39728150
0.39838049
0.39948556
0.40059677
0.40171418
0.40283784
0.40396783
0.40510416
0.40624690
0.40739611
0.40855184
0.40971413
0.41088307
0.41205868
0.41324106
0.41443023
0.41562626
0.41682923
0.41803917
0.41925517
0.42047927
0.42171052
0.42294902
0.42419481
0.42544797
0.42670852
0.42797661
0.42925224
0.43053547
0.43182644
0.43312514
0.43443170
0.43574613
0.43706858
0.43839908
0.43973768
0.44108447
0.44243956
0.44380301
0.44517487
0.44655526
0.44794419
0.44934183
0.45074821
0.45216343
0.45358753
0.45502067
0.45646286
0.45791423
0.45937487
0.46084487
0.46232429
0.46381325
0.46531183
0.46682009
0.46833819
0.46986619
0.47140419
0.47295231
0.47451064
0.47607797
0.47765699
0.47924650
0.48084664
0.48245749
0.48407918
0.48571178
0.48735547
0.48901030
0.49067640
0.49235392
0.49404293
0.49574357
0.49745595
0.49918023
0.50091648
0.50266486
0.50442547
0.50619847
0.50798398
0.50978214
0.51159304
0.51341689
0.51525378
0.51710385
0.51896727
0.52084416
0.52273464
0.52463895
0.52655715
0.52848947
0.53043598
0.53239691
0.53437233
0.53636253
0.53836763
0.54038769
0.54242301
0.54447377
0.54654002
0.54862040
0.55071831
0.55283237
0.55496269
0.55710948
0.55927300
0.56145334
0.56365079
0.56586546
0.56809765
0.57034749
0.57261521
0.57490110
0.57720524
0.57952797
0.58186942
0.58422995
0.58660960
0.58900881
0.59142768
0.59386653
0.59632552
0.59880298
0.60130316
0.60382426
0.60636663
0.60893047
0.61151612
0.61412382
0.61675382
0.61940646
0.62208200
0.62478077
0.62748760
0.62988567
0.63229990
0.63410866
0.63587552
0.63716835
0.63831306
0.63913816
0.63968939
0.64010113
0.64009428
0.64008504
0.63960433
0.63905782
0.63838863
0.63770479
0.63764769
0.63998151
1.34041560
1.34677434
1.35320413
1.35969543
1.36624944
1.37286687
1.37954867
1.38629591
1.39310944
1.39997935
1.40692842
1.41394675
1.42103553
1.42818427
1.43541682
1.44272304
1.45009220
1.45754898
1.46508288
1.47269499
1.48038661
1.48815906
1.49601352
1.50393867
1.51196098
1.52006948
1.52826524
1.53655005
1.54492497
1.55339181
1.56195199
1.57059312
1.57934439
1.58819377
1.59714293
1.60619342
1.61534703
1.62460566
1.63395607
1.64342988
1.65301406
1.66271079
1.67252195
1.68244970
1.69249582
1.70266271
1.71293604
1.72335076
1.73389280
1.74456477
1.75536883
1.76630747
1.77738345
1.78858113
1.79993904
1.81144214
1.82309318
1.83489513
1.84685075
1.85896325
1.87121606
1.88365138
1.89625311
1.90902448
1.92196918
1.93509054
1.94839227
1.96187818
1.97553015
1.98939574
2.00345731
2.01771903
0.36485928
0.36578599
0.36671743
0.36765361
0.36859459
0.36954039
0.37049106
0.37144664
0.37240717
0.37337264
0.37434316
0.37531796
0.37629864
0.37728444
0.37827542
0.37927163
0.38027310
0.38127986
0.38229197
0.38330948
0.38433242
0.38536081
0.38639474
0.38743424
0.38847932
0.38953009
0.39058653
0.39164874
0.39271671
0.39379054
0.39487025
0.39595592
0.39704755
0.39814523
0.39924902
0.40035892
0.40147498
0.40259731
0.40372595
0.40486091
0.40600228
0.40715009
0.40830442
0.40946531
0.41063282
0.41180703
0.41298795
0.41417566
0.41537023
0.41657171
0.41778016
0.41899562
0.42021722
0.42144695
0.42268389
0.42392811
0.42517865
0.42643765
0.42770410
0.42897809
0.43025970
0.43154898
0.43284604
0.43415090
0.43546367
0.43678439
0.43811312
0.43945000
0.44079503
0.44214833
0.44350997
0.44488004
0.44625857
0.44764569
0.44904146
0.45044595
0.45185924
0.45328146
0.45471263
0.44230875
0.45760229
0.45906094
0.46052891
0.46200630
0.46349320
0.46498969
0.46649590
0.46801189
0.46953776
0.47107360
0.47261953
0.47417566
0.47574079
0.47731754
0.47890481
0.48050267
0.48211122
0.48373055
0.48536083
0.48700213
0.48865455
0.49031824
0.49199328
0.49367982
0.49537796
0.49708781
0.49880952
0.50054318
0.50228894
0.50404698
0.50581729
0.50760007
0.50939554
0.51120371
0.51302475
0.51485884
0.51670605
0.51856661
0.52044058
0.52232820
0.52422947
0.52614468
0.52807397
0.53001744
0.53197527
0.53394759
0.53593457
0.53793645
0.53995335
0.54198539
0.54403275
0.54609573
0.54817265
0.55026716
0.55237776
0.55450457
0.55664784
0.55880773
0.56098443
0.56317818
0.56538916
0.56761760
0.56986362
0.57212752
0.57440948
0.57670969
0.57902837
0.58136582
0.58372223
0.58609778
0.58849275
0.59090739
0.59334195
0.59579659
0.59827167
0.60076737
0.60328400
0.60582179
0.60838103
0.61096203
0.61356497
0.61619020
0.61883795
0.62150860
0.62420237
0.62691963
0.62966061
0.63210905
0.63454038
0.63645297
0.63823295
0.63961583
0.64077169
0.64167023
0.64223051
0.64270121
0.64269656
0.64268732
0.64225137
0.64170033
0.64103705
0.64034754
0.64020014
0.64226758
1.34541035
1.35182703
1.35830510
1.36484563
1.37144947
1.37810683
1.38483989
1.39163911
1.39850545
1.40543985
1.41244328
1.41951704
1.42663896
1.43385589
1.44114614
1.44851100
1.45595145
1.46346879
1.47106409
1.47873867
1.48648143
1.49431813
1.50223792
1.51024210
1.51833200
1.52650905
1.53477466
1.54311693
1.55156398
1.56010389
1.56873834
1.57746899
1.58629727
1.59522486
1.60425365
1.61337054
1.62260640
1.63194871
1.64139915
1.65095973
1.66063225
1.67041886
1.68030560
1.69032609
1.70046687
1.71073008
1.72111785
1.73163259
1.74227655
1.75303495
1.76394451
1.77499080
1.78617620
1.79750347
1.80897534
1.82059455
1.83236408
1.84426761
1.85634613
1.86858392
1.88098419
1.89355004
1.90628493
1.91919231
1.93225479
1.94551742
1.95896339
1.97259665
1.98642087
2.00044012
2.01465893
2.02905798
0.36558691
0.36651734
0.36745250
0.36839244
0.36933720
0.37028682
0.37124136
0.37220079
0.37316522
0.37413466
0.37510836
0.37608793
0.37707263
0.37806252
0.37905759
0.38005793
0.38106355
0.38207453
0.38309085
0.38411263
0.38513985
0.38617259
0.38721091
0.38825479
0.38930431
0.39035955
0.39142051
0.39248726
0.39355981
0.39463827
0.39572266
0.39681301
0.39790937
0.39901185
0.40012041
0.40123516
0.40235618
0.40348342
0.40461704
0.40575701
0.40690345
0.40805638
0.40921587
0.41038194
0.41155469
0.41273418
0.41392043
0.41511354
0.41631353
0.41752046
0.41873443
0.41995451
0.42118269
0.42241806
0.42366073
0.42491072
0.42616811
0.42743295
0.42870533
0.42998531
0.43127295
0.43256834
0.43387154
0.43518260
0.43650159
0.43782863
0.43916374
0.44050705
0.44185859
0.44321844
0.44458669
0.44596341
0.44734868
0.44874260
0.45014521
0.45155662
0.45297691
0.45440617
0.44195184
0.43833861
0.43595213
0.46021456
0.46168995
0.46317479
0.46466926
0.46617338
0.46768725
0.46921101
0.47074473
0.47228849
0.47384241
0.47540534
0.47697988
0.47856489
0.48016047
0.48176673
0.48338377
0.48501170
0.48665062
0.48830068
0.48996195
0.49163455
0.49331862
0.49501428
0.49672163
0.49844077
0.50017190
0.50191504
0.50367039
0.50543809
0.50721824
0.50901097
0.51081640
0.51263469
0.51446599
0.51631039
0.51816809
0.52003920
0.52192384
0.52382225
0.52573448
0.52766073
0.52960110
0.53155583
0.53352505
0.53550893
0.53750759
0.53952128
0.54155004
0.54359418
0.54565376
0.54772902
0.54981846
0.55192560
0.55404890
0.55618864
0.55834496
0.56051809
0.56270820
0.56491548
0.56714016
0.56938237
0.57164246
0.57392055
0.57621682
0.57853156
0.58086497
0.58321732
0.58558685
0.58797765
0.59038806
0.59281826
0.59526861
0.59773928
0.60023057
0.60274267
0.60527593
0.60783052
0.61040682
0.61300504
0.61562544
0.61826837
0.62093407
0.62362289
0.62633508
0.62907094
0.63183081
0.63434589
0.63679677
0.63881242
0.64061028
0.64207989
0.64324701
0.64422244
0.64478719
0.64532250
0.64531779
0.64531314
0.64492267
0.64436471
0.64370757
0.64301234
0.64277780
0.64457005
1.35045266
1.35690737
1.36343431
1.37002444
1.37667859
1.38339770
1.39018273
1.39703465
1.40395439
1.41093194
1.41799045
1.42510843
1.43230987
1.43958437
1.44693327
1.45435750
1.46184623
1.46942472
1.47708213
1.48481989
1.49263895
1.50054097
1.50852704
1.51659858
1.52474391
1.53299034
1.54132652
1.54975379
1.55827379
1.56688797
1.57559788
1.58439112
1.59329724
1.60230410
1.61141336
1.62062681
1.62994623
1.63937342
1.64889514
1.65854347
1.66830528
1.67818284
1.68817794
1.69829285
1.70852971
1.71889079
1.72936141
1.73997748
1.75072455
1.76160538
1.77262211
1.78377759
1.79507446
1.80649686
1.81808424
1.82982111
1.84171057
1.85375559
1.86595917
1.87832439
1.89083457
1.90353298
1.91640294
1.92944813
1.94267225
1.95607877
1.96967173
1.98345482
1.99740982
2.01158524
2.02596331
2.04054856
0.36631820
0.36725235
0.36819127
0.36913499
0.37008357
0.37103707
0.37199545
0.37295881
0.37392718
0.37490058
0.37587827
0.37686187
0.37785065
0.37884462
0.37984383
0.37012821
0.36951277
0.36930731
0.36942536
0.36990517
0.37065694
0.37173986
0.37314725
0.37478533
0.37688261
0.37942848
0.38234535
0.39333025
0.39440742
0.39549053
0.39657962
0.39767471
0.39877585
0.39988312
0.40099657
0.40211621
0.40324214
0.40437436
0.40551299
0.40665805
0.40780959
0.40896764
0.41013232
0.41130364
0.41248170
0.41366649
0.41485810
0.41605663
0.41726208
0.41847456
0.41969308
0.42091975
0.42215359
0.42339468
0.42464310
0.42589891
0.42716113
0.42843190
0.42971024
0.43099624
0.43228996
0.43359146
0.43490082
0.43621814
0.43754345
0.43887681
0.44021836
0.44156811
0.44292617
0.44429260
0.44566751
0.44705096
0.44844300
0.44984376
0.45125327
0.45267165
0.45409900
0.44260019
0.43888441
0.43530178
0.43183586
0.42982647
0.46285564
0.46434802
0.46585006
0.46736184
0.46888348
0.47041506
0.47195664
0.47350839
0.47506911
0.47664142
0.47822419
0.47981748
0.48142144
0.48303616
0.48466173
0.48629829
0.48794594
0.48960480
0.49127498
0.49295658
0.49464974
0.49635458
0.49807119
0.49979973
0.50154030
0.50329304
0.50505805
0.50683552
0.50862557
0.51042825
0.51224375
0.51407224
0.51591384
0.51776868
0.51963687
0.52151865
0.52341402
0.52532327
0.52724653
0.52918386
0.53113556
0.53310162
0.53508234
0.53707784
0.53908825
0.54111379
0.54315460
0.54521090
0.54728276
0.54936874
0.55147243
0.55359226
0.55572850
0.55788124
0.56005073
0.56223720
0.56444079
0.56666172
0.56890017
0.57115638
0.57343060
0.57572293
0.57803375
0.58036309
0.58271134
0.58507872
0.58746535
0.58987153
0.59229749
0.59474355
0.59720987
0.59969670
0.60220432
0.60473305
0.60728306
0.60985470
0.61244822
0.61506385
0.61770195
0.62036276
0.62304664
0.62575376
0.62848455
0.63123930
0.63401830
0.63660091
0.63906932
0.64118946
0.64300072
0.64456534
0.64574152
0.64679033
0.64734548
0.64790154
0.64792043
0.64791566
0.64757627
0.64703488
0.64640045
0.64569938
0.64537162
0.64691728
1.35552263
1.36203635
1.36861300
1.37525344
1.38195860
1.38871861
1.39555597
1.40246117
1.40943491
1.41647840
1.42358124
1.43076718
1.43802595
1.44534719
1.45275509
1.46023929
1.46780109
1.47544158
1.48316205
1.49096370
1.49883521
1.50680315
1.51485610
1.52299571
1.53122330
1.53954017
1.54794788
1.55643439
1.56502819
1.57371736
1.58250368
1.59138846
1.60037374
1.60946107
1.61865211
1.62793386
1.63733768
1.64685094
1.65647519
1.66621268
1.67606533
1.68603528
1.69610822
1.70631874
1.71665287
1.72711301
1.73770130
1.74842024
1.75927234
1.77025986
1.78136778
1.79263389
1.80404353
1.81559932
1.82730412
1.83916068
1.85117233
1.86332226
1.87565243
1.88814700
1.90080917
1.91364217
1.92664981
1.93983531
1.95318127
1.96673381
1.98047566
1.99441099
2.00854373
2.02287817
2.03741884
2.05217004
0.36705166
0.36798957
0.36893225
0.36987978
0.37083220
0.37178954
0.37275186
0.37371913
0.37469146
0.37566805
0.37665057
0.37763822
0.36839244
0.36655354
0.36528832
0.36442679
0.36395586
0.36381975
0.36393875
0.36442530
0.36507630
0.36617729
0.36740243
0.36900797
0.37100071
0.37332723
0.37604424
0.37918597
0.38291121
0.39634562
0.39743939
0.39853925
0.39964521
0.40075731
0.40187562
0.40300021
0.40413108
0.40526834
0.40641201
0.40756214
0.40871879
0.40988207
0.41105196
0.41222855
0.41341189
0.41460204
0.41579908
0.41700304
0.41821399
0.41943103
0.42065614
0.42188844
0.42312798
0.42437482
0.42562905
0.42689070
0.42815983
0.42943656
0.43072093
0.43201298
0.43331280
0.43462050
0.43593609
0.43725967
0.43859133
0.43993112
0.44127911
0.44263542
0.44400004
0.44537315
0.44675475
0.44814494
0.44954383
0.45095146
0.45236796
0.45379338
0.45522779
0.43941960
0.43578240
0.43228680
0.42881379
0.42517358
0.42472619
0.44407204
0.46703812
0.46855763
0.47008708
0.47162652
0.47317609
0.47473589
0.47630471
0.47788525
0.47947627
0.48107794
0.48269036
0.48431361
0.48594782
0.48759308
0.48924956
0.49091730
0.49259645
0.49428713
0.49598944
0.49770352
0.49942952
0.50116754
0.50291765
0.50468004
0.50645483
0.50824213
0.51004213
0.51185489
0.51368058
0.51551938
0.51737136
0.51923668
0.52111554
0.52300805
0.52491432
0.52683455
0.52876890
0.53071749
0.53268045
0.53465807
0.53665036
0.53865761
0.54067987
0.54271740
0.54477036
0.54683888
0.54892153
0.55102175
0.55313814
0.55527085
0.55742002
0.55958593
0.56176877
0.56396866
0.56618583
0.56842059
0.57067299
0.57294333
0.57523179
0.57753861
0.57986403
0.58220822
0.58457142
0.58695394
0.58935595
0.59177768
0.59421939
0.59668136
0.59916377
0.60166699
0.60419112
0.60673660
0.60930151
0.61189032
0.61450118
0.61713445
0.61979038
0.62246925
0.62517136
0.62789708
0.63064665
0.63342041
0.63621867
0.63886976
0.64135814
0.64358425
0.64539737
0.64702308
0.64818937
0.64927697
0.64984107
0.65040147
0.65045851
0.65045375
0.65013540
0.64958733
0.64895505
0.64827198
0.64790154
0.64936459
1.36064124
1.36720431
1.37382042
1.38051164
1.38726830
1.39409149
1.40098202
1.40794110
1.41496956
1.42205727
1.42921627
1.43645942
1.44377625
1.45116806
1.45863593
1.46618104
1.47379243
1.48149550
1.48927963
1.49714601
1.50509584
1.51313066
1.52125156
1.52946019
1.53774464
1.54613280
1.55461287
1.56318653
1.57185519
1.58062065
1.58948433
1.59843361
1.60749888
1.61666751
1.62594128
1.63532209
1.64481175
1.65441215
1.66410983
1.67393756
1.68388200
1.69394541
1.70412982
1.71443737
1.72487032
1.73543119
1.74610496
1.75692809
1.76788628
1.77898216
1.79021811
1.80159688
1.81312120
1.82477522
1.83659899
1.84857690
1.86071217
1.87300777
1.88546705
1.89809310
1.91088939
1.92383862
1.93698561
1.95031357
1.96382618
1.97752738
1.99142110
2.00551128
2.01977944
2.03427553
2.04898095
2.06390071
0.36778882
0.36873049
0.36967701
0.37062839
0.37158465
0.37254590
0.37351212
0.37448335
0.37545887
0.37644029
0.36766577
0.36475238
0.36261019
0.36110735
0.36000308
0.35923225
0.35864526
0.35844231
0.35861418
0.35907209
0.35964379
0.36062816
0.36188921
0.36347207
0.36538804
0.36764374
0.37028298
0.37327009
0.37680045
0.38078234
0.38548934
0.39940846
0.40051925
0.40163624
0.40275946
0.40388900
0.40502489
0.40616718
0.40731594
0.40847120
0.40963304
0.41080150
0.41197667
0.41315857
0.41434726
0.41554284
0.41674531
0.41795477
0.41917026
0.42039385
0.42162463
0.42286262
0.42410788
0.42536053
0.42662057
0.42788813
0.42916322
0.43044594
0.43173635
0.43303454
0.43434054
0.43565443
0.43697631
0.43830624
0.43964428
0.44099051
0.44234502
0.44370785
0.44507915
0.44645894
0.44784728
0.44924429
0.45065007
0.45206350
0.45348701
0.45491949
0.43998441
0.43632400
0.43276185
0.42926672
0.42575121
0.42220464
0.41877285
0.41973764
0.43674687
0.46975833
0.47129562
0.47284302
0.47440061
0.47596723
0.47754550
0.47913426
0.48073366
0.48234373
0.48396465
0.48559651
0.48723939
0.48889345
0.49055877
0.49223545
0.49392366
0.49562347
0.49733505
0.49905846
0.50079387
0.50254136
0.50430113
0.50607324
0.50785786
0.50965512
0.51146513
0.51328808
0.51512402
0.51697320
0.51883566
0.52071160
0.52260113
0.52450442
0.52642167
0.52835298
0.53029847
0.53225839
0.53423280
0.53622198
0.53822595
0.54024500
0.54227930
0.54432893
0.54639411
0.54847330
0.55057013
0.55268300
0.55481219
0.55695784
0.55912018
0.56129932
0.56349558
0.56570899
0.56793994
0.57018852
0.57245505
0.57473958
0.57704246
0.57936388
0.58170402
0.58406317
0.58644152
0.58883929
0.59125680
0.59369421
0.59615177
0.59862983
0.60112852
0.60364819
0.60618907
0.60875142
0.61133552
0.61394167
0.61657012
0.61922115
0.62189513
0.62459224
0.62731290
0.63005733
0.63282591
0.63561893
0.63843668
0.64115483
0.64365405
0.64595944
0.64777893
0.64946645
0.65064633
0.65178514
0.65235841
0.65292317
0.65301418
0.65300936
0.65271723
0.65216243
0.65153223
0.65084141
0.65042758
0.65183288
1.36578822
1.37240112
1.37907851
1.38582110
1.39262998
1.39949501
1.40643930
1.41345274
1.42053652
1.42768025
1.43490767
1.44220877
1.44958448
1.45702410
1.46455252
1.47215915
1.47984517
1.48761189
1.49546051
1.50339246
1.51139617
1.51949847
1.52768815
1.53596663
1.54433525
1.55279565
1.56134915
1.56999743
1.57872808
1.58757055
1.59651256
1.60555601
1.61470234
1.62395358
1.63331139
1.64276254
1.65233898
1.66202772
1.67183077
1.68175018
1.69178808
1.70194638
1.71221101
1.72261691
1.73315001
1.74381268
1.75460744
1.76553667
1.77660286
1.78780866
1.79913855
1.81063139
1.82227194
1.83406317
1.84600806
1.85810947
1.87037063
1.88277471
1.89536464
1.90812409
1.92105651
1.93416536
1.94745433
1.96092725
1.97456598
1.98841786
2.00246549
2.01671314
2.03116488
2.04582524
2.06069899
2.07579041
0.36852819
0.36947367
0.37042397
0.37137923
0.37233940
0.37330452
0.37427470
0.37524912
0.37622944
0.36508977
0.36178035
0.35927719
0.35725889
0.35578221
0.35466781
0.35390979
0.35349232
0.35329795
0.35339335
0.35374168
0.35441008
0.35536242
0.35665759
0.35808754
0.35996234
0.36203569
0.36456487
0.36747754
0.37065771
0.37444398
0.37908021
0.38451505
0.39130864
0.40251812
0.40364629
0.40478081
0.40592173
0.40706909
0.40822297
0.40938339
0.41055045
0.41172415
0.41290459
0.41409183
0.41528592
0.41648692
0.41769487
0.41890985
0.42013094
0.42136014
0.42259657
0.42384028
0.42509133
0.42634979
0.42761573
0.42888921
0.43017027
0.43145904
0.43275553
0.43405986
0.43537205
0.43669221
0.43802041
0.43935671
0.44070119
0.44205391
0.44341496
0.44478443
0.44616237
0.44754890
0.44894403
0.45034793
0.45176062
0.45318219
0.45461276
0.44053757
0.43684119
0.43329489
0.42979842
0.42631099
0.42279834
0.41932431
0.41597301
0.41270930
0.41463587
0.43109331
0.47251165
0.47406706
0.47563148
0.47720751
0.47879404
0.48039114
0.48199895
0.48361754
0.48524705
0.48688757
0.48853922
0.49020210
0.49187636
0.49356210
0.49525943
0.49696848
0.49868935
0.50042218
0.50216711
0.50392425
0.50569367
0.50747561
0.50927019
0.51107746
0.51289761
0.51473081
0.51657712
0.51843673
0.52030975
0.52219641
0.52409673
0.52601099
0.52793926
0.52988172
0.53183854
0.53380990
0.53579587
0.53779668
0.53981251
0.54184347
0.54388982
0.54595166
0.54802752
0.55012089
0.55223036
0.55435604
0.55649817
0.55865687
0.56083244
0.56302500
0.56523478
0.56746197
0.56970680
0.57196939
0.57425010
0.57654905
0.57886648
0.58120257
0.58355767
0.58593190
0.58832550
0.59073877
0.59317189
0.59562516
0.59809881
0.60059309
0.60310823
0.60564250
0.60820019
0.61077964
0.61338103
0.61600465
0.61865085
0.62131989
0.62401199
0.62672758
0.62946689
0.63223028
0.63501805
0.63783044
0.64066792
0.64344466
0.64595944
0.64834046
0.65017813
0.65193075
0.65312439
0.65431279
0.65489292
0.65546447
0.65559000
0.65558755
0.65531725
0.65475804
0.65412760
0.65343368
0.65297103
0.65431756
1.37098467
1.37764823
1.38436604
1.39116061
1.39802217
1.40495169
1.41195035
1.41901910
1.42614746
1.43334782
1.44063294
1.44799256
1.45542765
1.46293962
1.47052944
1.47819841
1.48594785
1.49376631
1.50168025
1.50967848
1.51776242
1.52593327
1.53419268
1.54254198
1.55096912
1.55950248
1.56813025
1.57685411
1.58567548
1.59459615
1.60361779
1.61272740
1.62195587
1.63129067
1.64073348
1.65028620
1.65995085
1.66972935
1.67962384
1.68962014
1.69975245
1.71000695
1.72038591
1.73089170
1.74152660
1.75229287
1.76317573
1.77421236
1.78538787
1.79670513
1.80816674
1.81977558
1.83153450
1.84344625
1.85549474
1.86772120
1.88011003
1.89266419
1.90538716
1.91828227
1.93135321
1.94458222
1.95801532
1.97163522
1.98544598
1.99945152
2.01365614
2.02806401
2.04265594
2.05748343
2.07252765
2.08779335
0.36927131
0.37022060
0.37117478
0.37213388
0.37309796
0.37406704
0.37504038
0.37601960
0.36348987
0.35944915
0.35638338
0.35394919
0.35209876
0.35067952
0.34959203
0.34886166
0.34839872
0.34828827
0.34833804
0.34869218
0.34941429
0.35025516
0.35149595
0.35302189
0.35476184
0.35676911
0.35914454
0.36185464
0.36502764
0.36868620
0.37303072
0.37813479
0.38419554
0.39181080
0.40453795
0.40567750
0.40682349
0.40797594
0.40913498
0.41030061
0.41147289
0.41265190
0.41383767
0.41503030
0.41622981
0.41743627
0.41864973
0.41986930
0.42109698
0.42233187
0.42357403
0.42482349
0.42608038
0.42734471
0.42861655
0.42989600
0.43118313
0.43247795
0.43378061
0.43509111
0.43640956
0.43773603
0.43907061
0.44041333
0.44176427
0.44312355
0.44449121
0.44586733
0.44725201
0.44864532
0.45004734
0.45145699
0.45287666
0.45430529
0.44105497
0.43736929
0.43383452
0.43032420
0.42684564
0.42338866
0.41992873
0.41654441
0.41325065
0.41002178
0.40682814
0.40993586
0.42578989
0.45461857
0.47686872
0.47845298
0.48004782
0.48165333
0.48326960
0.48489675
0.48653489
0.48818415
0.48984462
0.49151644
0.49319971
0.49489453
0.49660105
0.49831939
0.50004965
0.50179195
0.50354648
0.50531328
0.50709254
0.50888437
0.51068890
0.51250631
0.51433665
0.51618016
0.51803690
0.51990706
0.52179074
0.52368814
0.52559942
0.52752465
0.52946407
0.53141779
0.53338599
0.53536880
0.53736645
0.53937906
0.54140675
0.54344976
0.54550827
0.54758245
0.54967076
0.55177671
0.55389893
0.55603749
0.55819267
0.56036460
0.56255347
0.56475955
0.56698298
0.56922400
0.57148278
0.57375956
0.57605457
0.57836801
0.58070010
0.58305109
0.58542120
0.58781064
0.59021968
0.59264851
0.59509748
0.59756672
0.60005653
0.60256720
0.60509896
0.60765207
0.61022687
0.61282355
0.61544240
0.61808372
0.62074786
0.62343502
0.62614560
0.62887979
0.63163799
0.63442051
0.63722765
0.64005971
0.64291710
0.64574623
0.64827907
0.65073907
0.65259522
0.65441382
0.65561658
0.65681887
0.65744478
0.65802562
0.65818381
0.65818381
0.65793806
0.65737438
0.65674621
0.65604424
0.65553689
0.65682375
1.37621033
1.38292480
1.38970518
1.39655244
1.40346742
1.41045117
1.41749358
1.42460656
1.43180299
1.43907237
1.44641590
1.45383477
1.46133018
1.46889114
1.47654307
1.48427510
1.49208844
1.49998462
1.50796473
1.51603019
1.52416945
1.53240967
1.54073942
1.54916036
1.55767381
1.56628132
1.57498443
1.58378494
1.59266996
1.60166979
1.61077178
1.61997795
1.62928987
1.63870943
1.64823854
1.65786374
1.66761756
1.67748690
1.68747377
1.69758022
1.70780849
1.71816075
1.72862244
1.73922944
1.74996734
1.76083863
1.77184582
1.78299153
1.79427826
1.80570889
1.81726754
1.82899392
1.84087253
1.85290658
1.86509883
1.87745273
1.88997138
1.90263772
1.91549551
1.92852843
1.94173980
1.95513344
1.96871316
1.98248291
1.99644649
2.01058555
2.02494931
2.03951979
2.05430150
2.06929898
2.08451724
2.09996080
0.37001666
0.37096977
0.37192783
0.37289083
0.37385884
0.37483191
0.37580922
0.36276022
0.35778165
0.35408014
0.35105300
0.34880286
0.34704292
0.34559026
0.34450737
0.34385520
0.34344319
0.34329483
0.34345180
0.34388176
0.34444472
0.34529194
0.34646943
0.34793019
0.34963804
0.35159731
0.35388657
0.35658115
0.35963142
0.36310950
0.36701459
0.37185791
0.37764463
0.38465881
0.39429474
0.40657723
0.40772831
0.40888593
0.41005012
0.41122100
0.41239855
0.41358286
0.41477400
0.41597205
0.41717702
0.41838896
0.41960701
0.42083317
0.42206651
0.42330709
0.42455500
0.42581028
0.42707300
0.42834324
0.42962104
0.43090650
0.43219969
0.43350065
0.43480948
0.43612623
0.43745098
0.43878379
0.44012475
0.44147393
0.44283143
0.44419727
0.44557157
0.44695443
0.44834587
0.44974601
0.45115492
0.45257267
0.45399940
0.44163057
0.43790618
0.43436491
0.43086582
0.42736626
0.42391902
0.42050409
0.41711834
0.41382515
0.41057885
0.40738770
0.40420541
0.40108600
0.40511891
0.42085308
0.44425380
0.47970629
0.48130950
0.48292345
0.48454827
0.48618406
0.48783094
0.48948902
0.49115840
0.49283922
0.49453154
0.49623558
0.49795136
0.49967906
0.50141877
0.50317067
0.50493485
0.50671142
0.50850058
0.51030242
0.51211703
0.51394463
0.51578528
0.51763916
0.51950645
0.52138728
0.52328169
0.52519000
0.52711225
0.52904862
0.53099930
0.53296435
0.53494406
0.53693849
0.53894788
0.54097235
0.54301214
0.54506731
0.54713809
0.54922301
0.55132556
0.55344427
0.55557930
0.55773091
0.55989927
0.56208450
0.56428689
0.56650662
0.56874382
0.57099885
0.57327175
0.57556283
0.57787234
0.58020043
0.58254737
0.58491337
0.58729863
0.58970344
0.59212810
0.59457266
0.59703755
0.59952301
0.60202920
0.60455644
0.60710496
0.60967505
0.61226702
0.61488116
0.61751765
0.62017691
0.62285912
0.62556463
0.62829381
0.63104683
0.63382417
0.63662601
0.63945270
0.64230466
0.64518213
0.64806193
0.65061778
0.65315795
0.65502787
0.65690613
0.65812784
0.65934181
0.66001660
0.66060448
0.66080064
0.66080064
0.66058236
0.66001171
0.65938580
0.65867817
0.65812296
0.65934670
1.38148665
1.38825285
1.39507473
1.40197515
1.40894401
1.41598260
1.42308044
1.43026137
1.43751502
1.44483089
1.45223355
1.45971239
1.46726871
1.47490370
1.48261845
1.49041438
1.49829280
1.50624204
1.51428914
1.52242255
1.53064394
1.53895450
1.54735577
1.55584943
1.56442297
1.57310545
1.58188486
1.59076273
1.59974086
1.60882103
1.61800468
1.62727904
1.63667536
1.64618075
1.65579724
1.66552675
1.67537129
1.68533289
1.69541359
1.70559931
1.71592474
1.72637594
1.73695529
1.74766493
1.75850761
1.76948559
1.78058374
1.79183996
1.80323946
1.81478488
1.82647908
1.83832502
1.85032558
1.86248386
1.87478328
1.88726616
1.89991641
1.91273749
1.92573261
1.93890560
1.95226014
1.96577811
1.97950661
1.99342823
2.00754714
2.02186728
2.03639317
2.05112958
2.06605649
2.08122683
2.09662151
2.11224580
0.37076578
0.37172279
0.37268472
0.37365168
0.37462363
0.37559989
0.36377290
0.35699666
0.35234478
0.34875092
0.34585616
0.34360430
0.34189892
0.34068245
0.33973897
0.33909953
0.33866534
0.33849016
0.33863890
0.33902848
0.33967090
0.34054428
0.34164101
0.34301895
0.34465346
0.34661919
0.34874204
0.35126427
0.35422811
0.35757539
0.36135292
0.36579427
0.37118638
0.37784985
0.38628322
0.40748191
0.40863812
0.40980092
0.41097033
0.41214645
0.41332933
0.41451901
0.41571558
0.41691905
0.41812953
0.41934603
0.42057067
0.42180246
0.42304149
0.42428783
0.42554152
0.42680266
0.42807129
0.42934749
0.43063131
0.43192282
0.43322212
0.43452924
0.43584430
0.43716735
0.43849841
0.43983763
0.44118506
0.44254076
0.44390482
0.44527733
0.44665834
0.44804794
0.44944620
0.45085323
0.45226911
0.45369390
0.44221315
0.43843901
0.43489659
0.43139422
0.42789429
0.42442542
0.42102128
0.41765273
0.41436946
0.41114879
0.40796193
0.40482223
0.40164259
0.39855799
0.39553097
0.40037513
0.41622883
0.43774143
0.48257652
0.48419899
0.48583242
0.48747692
0.48913258
0.49079952
0.49247786
0.49416775
0.49586925
0.49758250
0.49930763
0.50104475
0.50279403
0.50455558
0.50632948
0.50811595
0.50991499
0.51172686
0.51355165
0.51538950
0.51724058
0.51910496
0.52098286
0.52287436
0.52477968
0.52669895
0.52863228
0.53057986
0.53254181
0.53451836
0.53650963
0.53851581
0.54053706
0.54257351
0.54462534
0.54669279
0.54877430
0.55087340
0.55298865
0.55512017
0.55726820
0.55943292
0.56161457
0.56381327
0.56602925
0.56826270
0.57051384
0.57278293
0.57507008
0.57737565
0.57969970
0.58204257
0.58440447
0.58678561
0.58918619
0.59160656
0.59404689
0.59650737
0.59898835
0.60149008
0.60401279
0.60655671
0.60912222
0.61170948
0.61431879
0.61695051
0.61960483
0.62228209
0.62498260
0.62770665
0.63045454
0.63322663
0.63602316
0.63884455
0.64169103
0.64456302
0.64745849
0.65038246
0.65297103
0.65556341
0.65747875
0.65937358
0.66065842
0.66188669
0.66260856
0.66320354
0.66343594
0.66343838
0.66324556
0.66267270
0.66204423
0.66133094
0.66074914
0.66189158
1.38679278
1.39361119
1.40049708
1.40745127
1.41447484
1.42156887
1.42871153
1.43594944
1.44326115
1.45064771
1.45811021
1.46564984
1.47326791
1.48095322
1.48873162
1.49659216
1.50453615
1.51256490
1.52067983
1.52888227
1.53716040
1.54554212
1.55401564
1.56258273
1.57124472
1.58000326
1.58886003
1.59781671
1.60686040
1.61602163
1.62528801
1.63466132
1.64414322
1.65373588
1.66344118
1.67324519
1.68318141
1.69323647
1.70341229
1.71371114
1.72413528
1.73468697
1.74536872
1.75616539
1.76711416
1.77820015
1.78942621
1.80079484
1.81230891
1.82397115
1.83576560
1.84773266
1.85985672
1.87214100
1.88458872
1.89720297
1.90998721
1.92292416
1.93605864
1.94937384
1.96287334
1.97656119
1.99044132
2.00451756
2.01879454
2.03325295
2.04794383
2.06284809
2.07797122
2.09331775
2.10889244
2.12470055
0.37151718
0.37247807
0.37344393
0.37441483
0.37538999
0.37637103
0.35750571
0.35154453
0.34704900
0.34348693
0.34075812
0.33874461
0.33716553
0.33587596
0.33501118
0.33431968
0.33387884
0.33378431
0.33392018
0.33427072
0.33484229
0.33573723
0.33685225
0.33819690
0.33978891
0.34167644
0.34377947
0.34623826
0.34901077
0.35229039
0.35584691
0.36005700
0.36518189
0.37127155
0.37898576
0.39038694
0.40955105
0.41071904
0.41189373
0.41307515
0.41426337
0.41545844
0.41666043
0.41786939
0.41908443
0.42030752
0.42153776
0.42277524
0.42401999
0.42527211
0.42653164
0.42779866
0.42907321
0.43035540
0.43164527
0.43294290
0.43424833
0.43556169
0.43688300
0.43821236
0.43954983
0.44089547
0.44224939
0.44361165
0.44498235
0.44636151
0.44774929
0.44914567
0.45055082
0.45196480
0.45338768
0.45481953
0.43892550
0.43538591
0.43191653
0.42840406
0.42489550
0.42145890
0.41810694
0.41484168
0.41165465
0.40851808
0.40540031
0.40229434
0.39924273
0.39615685
0.39313045
0.39012939
0.39589339
0.41219515
0.43238550
0.48548260
0.48712474
0.48877800
0.49044251
0.49211842
0.49380583
0.49550483
0.49721557
0.49893814
0.50067270
0.50241941
0.50417829
0.50594956
0.50773329
0.50952965
0.51133877
0.51316082
0.51499587
0.51684409
0.51870561
0.52058059
0.52246922
0.52437156
0.52628779
0.52821815
0.53016263
0.53212154
0.53409499
0.53608310
0.53808606
0.54010403
0.54213727
0.54418582
0.54624987
0.54832798
0.55042368
0.55253547
0.55466354
0.55680799
0.55896914
0.56114715
0.56334215
0.56555444
0.56778413
0.57003152
0.57229674
0.57458001
0.57688165
0.57920176
0.58154058
0.58389837
0.58627540
0.58867180
0.59108794
0.59352392
0.59598011
0.59845674
0.60095400
0.60347217
0.60601157
0.60857242
0.61115497
0.61375958
0.61638647
0.61903596
0.62170833
0.62440383
0.62712282
0.62986559
0.63263249
0.63542378
0.63823980
0.64108092
0.64394742
0.64683968
0.64975572
0.65269810
0.65534377
0.65795511
0.65994805
0.66184485
0.66316652
0.66438681
0.66512907
0.66571862
0.66596520
0.66597015
0.66579080
0.66523594
0.66462988
0.66394073
0.66336918
0.66444385
1.39215064
1.39902210
1.40595043
1.41295910
1.42003787
1.42717659
1.43439889
1.44169474
1.44906521
1.45651138
1.46402252
1.47162354
1.47930396
1.48706508
1.49490798
1.50283396
1.51084459
1.51892805
1.52711153
1.53538370
1.54374599
1.55219984
1.56074679
1.56938839
1.57811224
1.58694780
1.59588277
1.60491896
1.61405814
1.62330186
1.63265216
1.64211082
1.65166438
1.66134524
1.67114019
1.68105137
1.69108081
1.70123076
1.71150315
1.72188365
1.73240781
1.74306142
1.75384676
1.76476645
1.77582300
1.78701901
1.79835701
1.80982137
1.82145154
1.83323216
1.84516609
1.85725641
1.86950624
1.88191879
1.89447713
1.90722454
1.92014468
1.93324113
1.94651735
1.95997727
1.97362459
1.98744106
2.00147486
2.01570845
2.03014565
2.04479122
2.05964971
2.07472587
2.09002399
2.10552478
2.12128234
2.13727760
0.37227240
0.37323722
0.37420702
0.37518111
0.37616104
0.36042005
0.35177380
0.34602356
0.34164953
0.33856291
0.33604208
0.33411136
0.33250737
0.33126545
0.33039787
0.32974726
0.32934886
0.32915944
0.32928792
0.32968739
0.33024034
0.33104303
0.33211964
0.33350539
0.33506417
0.33687967
0.33895680
0.34132460
0.34399340
0.34705240
0.35052830
0.35455763
0.35926417
0.36510402
0.37217978
0.38202450
0.41046903
0.41164225
0.41282225
0.41400900
0.41520262
0.41640311
0.41761059
0.41882509
0.42004567
0.42127439
0.42251033
0.42375350
0.42500407
0.42626199
0.42752740
0.42880034
0.43008089
0.43136913
0.43266508
0.43396884
0.43528050
0.43660009
0.43792772
0.43926346
0.44060737
0.44195950
0.44331998
0.44468886
0.44606623
0.44745213
0.44884670
0.45024997
0.45166203
0.45308301
0.45451292
0.43942937
0.43584964
0.43237397
0.42887679
0.42537475
0.42187846
0.41848931
0.41522393
0.41204247
0.40893477
0.40586528
0.40286976
0.39978701
0.39674401
0.39375398
0.39075288
0.38776591
0.38480350
0.39142996
0.40792361
0.42761263
0.46080670
0.49008471
0.49175814
0.49344307
0.49513957
0.49684778
0.49856782
0.50029981
0.50204390
0.50380015
0.50556874
0.50734979
0.50914347
0.51094985
0.51276910
0.51460135
0.51644671
0.51830536
0.52017748
0.52206314
0.52396256
0.52587581
0.52780306
0.52974457
0.53170031
0.53367066
0.53565556
0.53765535
0.53967011
0.54170001
0.54374528
0.54580605
0.54788244
0.54997301
0.55208135
0.55420589
0.55634683
0.55850440
0.56067878
0.56287014
0.56507868
0.56730461
0.56954819
0.57180953
0.57408899
0.57638663
0.57870275
0.58103752
0.58339125
0.58576411
0.58815634
0.59056824
0.59299999
0.59545183
0.59792399
0.60041684
0.60293049
0.60546529
0.60802156
0.61059946
0.61319929
0.61582136
0.61846602
0.62113339
0.62382394
0.62653786
0.62927556
0.63203722
0.63482326
0.63763398
0.64046967
0.64333069
0.64621741
0.64912778
0.65206689
0.65503269
0.65773141
0.66035450
0.66239160
0.66429752
0.66565639
0.66688335
0.66765130
0.66824532
0.66850376
0.66850883
0.66833061
0.66777152
0.66716081
0.66646636
0.66589046
0.66699833
1.39753926
1.40446401
1.41145778
1.41852152
1.42564487
1.43285179
1.44012010
1.44747448
1.45490432
1.46241069
1.46999502
1.47765851
1.48540223
1.49321496
1.50112307
1.50911534
1.51719320
1.52535796
1.53361106
1.54195404
1.55038822
1.55890155
1.56752264
1.57623971
1.58505416
1.59396780
1.60298228
1.61209929
1.62130582
1.63063312
1.64006829
1.64961326
1.65927005
1.66904056
1.67892671
1.68891478
1.69903851
1.70928442
1.71965468
1.73015141
1.74077713
1.75153422
1.76242507
1.77343452
1.78460026
1.79590750
1.80735898
1.81895745
1.83070564
1.84260666
1.85464406
1.86685932
1.87923658
1.89177907
1.90449011
1.91737318
1.93043160
1.94366920
1.95706809
1.97067475
1.98447204
1.99846387
2.01265430
2.02704787
2.04164863
2.05643749
2.07146621
2.08671641
2.10219264
2.11790037
2.13384438
2.15003037
0.37302995
0.37399867
0.37497246
0.37595052
0.37693450
0.35413298
0.34602153
0.34051755
0.33684015
0.33378056
0.33141100
0.32953420
0.32795867
0.32678881
0.32591227
0.32531664
0.32488200
0.32479486
0.32485828
0.32517579
0.39340934
0.39448696
0.32745370
0.32877764
0.33035004
0.33213389
0.33417535
0.33642060
0.33904719
0.34200665
0.34539244
0.34922099
0.35365173
0.35905543
0.36574465
0.37432978
0.38870668
0.41256869
0.41375399
0.41494611
0.41614515
0.41735113
0.41856411
0.41978315
0.42101035
0.42224473
0.42348635
0.42473531
0.42599165
0.42725545
0.42852679
0.42980570
0.43109226
0.43238658
0.43368867
0.43499860
0.43631649
0.43764240
0.43897641
0.44031852
0.44166890
0.44302759
0.44439468
0.44577020
0.44715428
0.44854698
0.44994837
0.45135856
0.45277759
0.45420560
0.43996593
0.43631971
0.43282184
0.42933506
0.42580518
0.42228177
0.41886252
0.41557097
0.41237754
0.40927327
0.40626082
0.40334356
0.40034720
0.39739236
0.39436984
0.39140844
0.38841322
0.38540086
0.38240778
0.37954012
0.38750845
0.40405679
0.42323160
0.45286974
0.49308223
0.49477625
0.49648193
0.49819943
0.49992886
0.50167036
0.50342399
0.50518996
0.50696832
0.50875926
0.51056296
0.51237941
0.51420885
0.51605147
0.51790726
0.51977646
0.52165926
0.52355570
0.52546597
0.52739024
0.52932864
0.53128141
0.53324854
0.53523040
0.53722697
0.53923851
0.54126519
0.54330713
0.54536456
0.54743761
0.54952478
0.55162966
0.55375075
0.55588818
0.55804217
0.56021291
0.56240064
0.56460547
0.56682771
0.56906748
0.57132506
0.57360059
0.57589430
0.57820648
0.58053726
0.58288693
0.58525568
0.58764374
0.59005141
0.59247887
0.59492642
0.59739423
0.59988260
0.60239184
0.60492212
0.60747373
0.61004698
0.61264211
0.61525947
0.61789924
0.62056172
0.62324733
0.62595624
0.62868881
0.63144529
0.63422614
0.63703156
0.63986188
0.64271748
0.64559865
0.64850342
0.65143687
0.65439695
0.65738410
0.66011935
0.66276157
0.66484833
0.66676843
0.66816252
0.66940129
0.67019016
0.67079121
0.67105931
0.67106688
0.67088985
0.67032641
0.66971105
0.66900879
0.66843098
0.66957253
1.40298069
1.40995967
1.41699708
1.42410517
1.43129635
1.43856061
1.44589889
1.45331252
1.46080256
1.46837020
1.47600436
1.48373067
1.49153841
1.49942863
1.50740290
1.51546228
1.52360845
1.53182936
1.54015291
1.54856741
1.55707431
1.56567514
1.57437158
1.58316517
1.59204328
1.60103595
1.61013067
1.61932945
1.62863386
1.63804591
1.64756727
1.65720010
1.66693044
1.67679167
1.68677020
1.69686818
1.70708787
1.71743131
1.72790098
1.73848200
1.74921060
1.76007247
1.77107012
1.78220606
1.79348278
1.80490327
1.81647015
1.82816732
1.84003532
1.85205829
1.86423945
1.87658191
1.88908887
1.90176356
1.91458905
1.92760944
1.94080830
1.95418906
1.96775556
1.98151183
1.99546182
2.00958681
2.02393627
2.03849220
2.05325890
2.06824112
2.08344364
2.09887123
2.11452913
2.13039684
2.14653039
2.16290998
0.37379134
0.37476403
0.37574100
0.37672389
0.37771195
0.34796897
0.34037107
0.33569732
0.33209670
0.32923555
0.32694307
0.32496443
0.32352507
0.32244849
0.32164851
0.32102549
0.32065767
0.32052025
0.32053700
0.32073799
0.32116216
0.32191026
0.32290649
0.32424876
0.32579476
0.32753503
0.32951894
0.33173835
0.33425125
0.33708891
0.34040490
0.34402001
0.34828418
0.35336179
0.35950506
0.36757922
0.37921020
0.41350025
0.41469091
0.41588846
0.41709295
0.41830441
0.41952196
0.42074761
0.42198047
0.42322055
0.42446792
0.42572269
0.42698491
0.42825460
0.42953190
0.43081683
0.43210948
0.43340987
0.43471816
0.43603435
0.43735853
0.43869078
0.44003117
0.44137979
0.44273669
0.44410196
0.44547567
0.44685793
0.44824877
0.44964829
0.45105660
0.45247376
0.45389983
0.44046998
0.43681547
0.43327063
0.42976317
0.42620483
0.42268389
0.41921765
0.41593122
0.41271409
0.40959063
0.40655959
0.40366918
0.40083042
0.39789960
0.39498943
0.39208958
0.38909072
0.38607797
0.38307357
0.38009283
0.37716371
0.37452668
0.38369203
0.39979240
0.41942412
0.44652387
0.49611524
0.49783021
0.49955708
0.50129592
0.50304699
0.50481027
0.50658602
0.50837421
0.51017517
0.51198888
0.51381552
0.51565528
0.51750827
0.51937455
0.52125442
0.52314794
0.52505523
0.52697647
0.52891189
0.53086150
0.53282559
0.53480422
0.53679764
0.53880596
0.54082936
0.54286802
0.54492211
0.54699183
0.54907560
0.55117702
0.55329460
0.55542850
0.55757892
0.55974609
0.56193012
0.56413132
0.56634980
0.56858581
0.57083952
0.57311118
0.57540101
0.57770920
0.58003592
0.58238155
0.58474618
0.58713013
0.58953357
0.59195673
0.59439993
0.59686339
0.59934735
0.60185206
0.60437781
0.60692483
0.60949343
0.61208385
0.61469638
0.61733133
0.61998898
0.62266958
0.62537342
0.62810093
0.63085228
0.63362783
0.63642794
0.63925290
0.64210308
0.64497876
0.64787793
0.65080571
0.65376008
0.65674132
0.65974993
0.66252720
0.66518873
0.66732085
0.66925782
0.67068505
0.67193830
0.67274839
0.67335665
0.67363441
0.67364460
0.67346871
0.67290097
0.67228091
0.67157322
0.67099100
0.67216665
1.40845346
1.41548717
1.42258000
1.42975581
1.43700445
1.44432688
1.45171249
1.45918596
1.46673679
1.47436619
1.48207533
1.48986554
1.49773800
1.50568151
1.51372254
1.52184987
1.53006494
1.53836930
1.54676425
1.55525124
1.56383193
1.57249391
1.58126652
1.59013748
1.59910858
1.60818148
1.61735785
1.62663960
1.63601351
1.64551115
1.65511978
1.66484129
1.67467773
1.68463111
1.69470346
1.70488060
1.71519721
1.72563958
1.73620975
1.74691033
1.75774348
1.76871192
1.77981818
1.79104662
1.80243599
1.81397116
1.82565486
1.83749008
1.84947968
1.86162686
1.87391484
1.88638616
1.89902461
1.91183352
1.92481637
1.93797684
1.95131850
1.96484506
1.97853851
1.99244642
2.00655127
2.02085733
2.03536868
2.05009007
2.06502604
2.08015680
2.09553552
2.11114335
2.12698555
2.14306736
2.15939403
2.17597151
0.37455586
0.37553173
0.37651354
0.37749967
0.35437056
0.34204805
0.33540952
0.33081418
0.32723817
0.32450119
0.32236323
0.32071313
0.31930596
0.31833974
0.31753168
0.31689966
0.31646022
0.31621790
0.31605789
0.31614771
0.31663585
0.31742975
0.31855965
0.31992057
0.32142779
0.32313335
0.32508016
0.32718104
0.32958972
0.33242169
0.33553407
0.33903882
0.34308442
0.34782550
0.35356674
0.36100775
0.37127155
0.41443506
0.41563112
0.41683412
0.41804409
0.41926011
0.42048424
0.42171553
0.42295405
0.42419988
0.42545304
0.42671365
0.42798173
0.42925739
0.43054068
0.43183166
0.43313041
0.43443698
0.43575147
0.43707395
0.43840447
0.43974310
0.44108996
0.44244507
0.44380853
0.44518045
0.44656086
0.44794983
0.44934750
0.45075393
0.45216915
0.45359331
0.44097194
0.43732092
0.43377215
0.43021187
0.42663080
0.42307872
0.41960010
0.41626775
0.41304734
0.40991604
0.40687275
0.40392107
0.40113753
0.39825836
0.39548001
0.39259720
0.38973221
0.38675153
0.38372347
0.38071635
0.37775764
0.37488401
0.37209967
0.36974686
0.37994191
0.39601231
0.41549820
0.44110963
0.49918720
0.50092351
0.50267196
0.50443262
0.50620568
0.50799119
0.50978941
0.51160038
0.51342428
0.51526123
0.51711136
0.51897484
0.52085173
0.52274233
0.52464670
0.52656496
0.52849728
0.53044385
0.53240484
0.53438038
0.53637064
0.53837574
0.54039592
0.54243129
0.54448211
0.54654843
0.54862881
0.55072683
0.55284095
0.55497134
0.55711824
0.55928177
0.56146222
0.56365973
0.56587446
0.56810671
0.57035661
0.57262444
0.57491034
0.57721460
0.57953739
0.58187896
0.58423948
0.58661932
0.58901852
0.59143752
0.59387642
0.59633553
0.59881508
0.60131532
0.60383660
0.60637903
0.60894299
0.61152875
0.61413652
0.61676663
0.61941940
0.62209505
0.62479395
0.62751633
0.63026261
0.63303298
0.63582778
0.63864744
0.64149219
0.64436239
0.64725834
0.65017813
0.65312678
0.65610230
0.65910500
0.66213536
0.66495019
0.66763121
0.66981184
0.67176586
0.67322928
0.67449206
0.67532372
0.67594171
0.67622936
0.67624217
0.67606753
0.67549539
0.67487049
0.67415488
0.67357063
0.67478096
1.41398048
1.42106950
1.42820716
1.43543994
1.44274640
1.45012772
1.45758486
1.46511900
1.47273159
1.48042357
1.48818398
1.49603868
1.50397682
1.51199961
1.52010834
1.52830470
1.53658974
1.54495180
1.55341899
1.56197941
1.57063472
1.57938647
1.58823633
1.59718585
1.60623693
1.61537635
1.62463534
1.63400102
1.64347529
1.65306020
1.66275740
1.67256916
1.68248141
1.69252801
1.70269525
1.71298552
1.72340071
1.73394346
1.74461603
1.75540340
1.76634252
1.77741897
1.78863502
1.79999363
1.81149745
1.82314920
1.83495188
1.84688914
1.85900211
1.87127507
1.88371122
1.89631367
1.90908587
1.92203140
1.93513262
1.94843495
1.96192145
1.97559595
1.98946238
2.00352502
2.01778769
2.03223157
2.04690742
2.06179690
2.07690454
2.09223509
2.10779357
2.12358546
2.13961554
2.15586329
2.17238641
2.18916464
0.37532192
0.37630260
0.37728843
0.37827945
0.34713361
0.33641869
0.33035800
0.32582992
0.32261971
0.32019910
0.31814289
0.31648666
0.31527251
0.31432828
0.31345209
0.31284279
0.31119001
0.31159800
0.31223148
0.31300342
0.31380022
0.31461719
0.31549156
0.31637979
0.31732392
0.31835911
0.31956506
0.32273611
0.32502910
0.32773948
0.33078775
0.33421361
0.33806008
0.34250546
0.34786287
0.35464239
0.36383164
0.38064879
0.41657656
0.41778505
0.41900057
0.42022216
0.42145193
0.42268890
0.42393315
0.42518476
0.42644376
0.42771026
0.42898428
0.43026593
0.43155527
0.43285236
0.43415725
0.43547004
0.43679079
0.43811959
0.43945649
0.44080159
0.44215491
0.44351661
0.44488668
0.44626528
0.44765243
0.44904825
0.45045277
0.45186612
0.45328838
0.44147831
0.43779957
0.43426636
0.43070111
0.42706788
0.42349139
0.41998222
0.41662338
0.41338116
0.41023156
0.40716499
0.40419257
0.40135822
0.39854461
0.39572266
0.39301151
0.39022604
0.38734907
0.38438138
0.38134357
0.37833491
0.37537020
0.37247494
0.36976224
0.36722052
0.36518565
0.37633523
0.39239639
0.41128844
0.43617216
0.50229603
0.50405407
0.50582445
0.50760734
0.50940281
0.51121104
0.51303214
0.51486629
0.51671356
0.51857418
0.52044821
0.52233583
0.52423722
0.52615249
0.52808177
0.53002530
0.53198320
0.53395557
0.53594267
0.53794456
0.53996152
0.54199362
0.54404110
0.54610407
0.54818112
0.55027568
0.55238628
0.55451322
0.55665654
0.55881649
0.56099331
0.56318712
0.56539816
0.56762666
0.56987274
0.57213670
0.57441872
0.57671905
0.57903779
0.58137530
0.58373177
0.58610743
0.58850247
0.59091723
0.59335184
0.59580660
0.59828174
0.60077751
0.60329425
0.60583210
0.60839146
0.61097252
0.61357552
0.61620086
0.61884874
0.62151945
0.62421334
0.62693065
0.62967175
0.63243693
0.63522649
0.63804078
0.64088011
0.64374483
0.64663529
0.64954942
0.65249234
0.65546203
0.65845889
0.66148329
0.66453558
0.66739094
0.67009425
0.67231899
0.67429274
0.67579031
0.67706531
0.67792135
0.67854160
0.67884433
0.67885733
0.67868388
0.67810732
0.67748016
0.67675894
0.67617023
0.67741573
1.41953957
1.42667329
1.43389058
1.44118118
1.44854641
1.45598722
1.46349287
1.47108841
1.47876322
1.48651862
1.49435568
1.50227594
1.51028049
1.51837087
1.52653527
1.53480124
1.54315710
1.55160451
1.56014490
1.56877983
1.57751083
1.58632553
1.59525347
1.60428262
1.61341441
1.62265086
1.63199353
1.64144456
1.65099037
1.66066325
1.67045021
1.68035316
1.69037426
1.70051563
1.71077943
1.72116780
1.73166633
1.74231064
1.75308681
1.76399696
1.77504385
1.78622997
1.79755795
1.80901206
1.82063186
1.83240175
1.84432483
1.85640419
1.86864281
1.88104379
1.89361048
1.90632582
1.91923380
1.93231773
1.94558120
1.95902812
1.97266221
1.98648739
2.00048518
2.01470447
2.02912736
2.04375839
2.05860162
2.07366228
2.08894491
2.10442948
2.12017059
2.13614917
2.15237021
2.16883969
2.18556285
2.20254612
0.37609190
0.37707663
0.37806654
0.37906164
0.33979732
0.33118594
0.32533565
0.32143417
0.31835684
0.31597263
0.31403327
0.31250885
0.31131247
0.30883169
0.30945340
0.31028143
0.31112963
0.31198359
0.31284994
0.31371173
0.31457993
0.31542447
0.31626174
0.31711194
0.31795591
0.31882098
0.31969592
0.32055950
0.32145971
0.32249931
0.32403746
0.32942870
0.33316895
0.33739367
0.34236252
0.34863889
0.35690719
0.37033689
0.41752538
0.41873935
0.41995946
0.42118767
0.42242309
0.42366576
0.42491579
0.42617321
0.42743808
0.42871049
0.42999050
0.43127820
0.43257359
0.43387681
0.43518791
0.43650696
0.43783402
0.43916917
0.44051251
0.44186407
0.44322395
0.44459224
0.44596899
0.44735432
0.44874826
0.45015091
0.45156235
0.45298269
0.45441198
0.43824255
0.43467358
0.43118522
0.42754179
0.42391297
0.42037699
0.41697961
0.41371551
0.41054192
0.40746045
0.40445614
0.40162355
0.39879909
0.39602023
0.39325723
0.39053854
0.38780057
0.38495246
0.38189009
0.37885752
0.37585208
0.37294242
0.37007898
0.36737740
0.36480245
0.36231646
0.36084309
0.37283382
0.38848951
0.40741196
0.43159398
0.50544530
0.50722545
0.50901824
0.51082373
0.51264209
0.51447344
0.51631790
0.51817560
0.52004677
0.52193147
0.52382994
0.52574223
0.52766854
0.52960896
0.53156382
0.53353310
0.53551698
0.53751576
0.53952944
0.54155833
0.54360247
0.54566211
0.54773748
0.54982692
0.55193412
0.55405754
0.55619735
0.55835372
0.56052691
0.56271708
0.56492442
0.56714916
0.56939149
0.57165164
0.57392979
0.57622617
0.57854098
0.58087444
0.58322686
0.58559841
0.58798927
0.59039980
0.59283012
0.59528053
0.59775132
0.60024267
0.60275489
0.60528827
0.60784298
0.61041939
0.61301768
0.61563820
0.61828125
0.62094706
0.62363601
0.62634826
0.62908429
0.63184428
0.63462859
0.63743758
0.64027154
0.64313078
0.64601570
0.64892429
0.65186149
0.65482545
0.65781653
0.66083497
0.66388130
0.66695583
0.66984969
0.67257303
0.67484748
0.67682588
0.67833215
0.67960376
0.68045324
0.68107289
0.68137014
0.68139100
0.68121886
0.68066925
0.68006331
0.67937291
0.67878997
0.68007112
1.42514265
1.43234444
1.43961930
1.44695675
1.45438123
1.46188223
1.46946108
1.47711897
1.48485696
1.49267650
1.50056624
1.50855255
1.51662445
1.52478302
1.53302991
1.54136658
1.54979432
1.55830109
1.56691551
1.57562578
1.58443344
1.59334004
1.60234737
1.61145723
1.62067115
1.62997615
1.63940370
1.64894092
1.65858972
1.66835225
1.67823029
1.68822598
1.69832528
1.70856249
1.71892393
1.72941184
1.74002850
1.75077629
1.76165760
1.77267516
1.78381336
1.79511070
1.80655193
1.81813991
1.82987761
1.84176779
1.85381353
1.86599827
1.87836409
1.89089489
1.90359402
1.91646481
1.92951095
1.94273579
1.95612180
1.96971536
1.98349905
1.99747705
2.01165342
2.02603269
2.04061866
2.05541635
2.07040620
2.08564067
2.10110092
2.11679220
2.13271952
2.14888835
2.16530442
2.18194628
2.19887304
2.21606469
0.37686586
0.37785465
0.37884864
0.37984788
0.33400291
0.32600775
0.32081372
0.31715375
0.31420735
0.31184912
0.30746129
0.30767491
0.30847952
0.30933726
0.31017599
0.31114104
0.31237561
0.31946871
0.32035184
0.32123521
0.32211238
0.32298619
0.32385704
0.32472494
0.32559571
0.32647294
0.32736397
0.32183576
0.32238600
0.32313040
0.32402036
0.32492945
0.32621866
0.33237639
0.33708635
0.34284189
0.35030961
0.36158782
0.41847947
0.41969803
0.42092472
0.42215860
0.42339972
0.42464817
0.42590401
0.42716730
0.42843810
0.42971647
0.43100250
0.43229625
0.43359780
0.43490720
0.43622455
0.43754989
0.43888330
0.44022489
0.44157469
0.44293278
0.44429928
0.44567421
0.44705769
0.44844979
0.44985056
0.45126015
0.45267856
0.45410594
0.45554236
0.43507305
0.43156782
0.42801055
0.42437685
0.42079735
0.41735113
0.41403788
0.41085178
0.40775633
0.40473756
0.40186656
0.39902258
0.39625031
0.39350849
0.39078289
0.38806942
0.38528907
0.38236260
0.37936133
0.37632886
0.37333348
0.37044480
0.36766195
0.36499095
0.36238062
0.35991576
0.35923806
0.36064276
0.37013823
0.38521653
0.40366277
0.42611709
0.50863278
0.51043558
0.51225114
0.51407969
0.51592129
0.51777619
0.51964444
0.52152628
0.52342176
0.52533102
0.52725434
0.52919173
0.53114349
0.53310961
0.53509039
0.53708595
0.53909642
0.54112202
0.54316288
0.54521924
0.54729116
0.54937726
0.55148101
0.55360091
0.55573720
0.55789000
0.56005955
0.56224608
0.56444973
0.56667072
0.56890923
0.57116556
0.57343984
0.57573223
0.57804310
0.58037257
0.58272088
0.58508831
0.58747500
0.58988130
0.59230739
0.59475344
0.59721988
0.59970677
0.60221452
0.60474330
0.60729343
0.60986513
0.61245877
0.61507452
0.61771268
0.62037361
0.62305754
0.62576479
0.62849569
0.63125050
0.63402957
0.63683325
0.63966179
0.64251560
0.64539504
0.64829797
0.65122950
0.65418774
0.65717292
0.66018552
0.66322577
0.66629422
0.66939121
0.67232656
0.67506248
0.67734611
0.67933398
0.68084627
0.68212473
0.68297005
0.68359429
0.68387532
0.68389899
0.68369931
0.68314308
0.68252748
0.68183208
0.68130493
0.68271595
1.43079019
1.43804920
1.44538236
1.45279062
1.46027529
1.46783733
1.47546601
1.48318672
1.49098861
1.49887311
1.50684142
1.51489484
1.52303481
1.53126276
1.53956676
1.54797482
1.55647516
1.56506944
1.57375908
1.58254588
1.59143126
1.60040259
1.60949016
1.61868155
1.62797856
1.63738286
1.64689660
1.65652144
1.66625953
1.67609692
1.68606722
1.69615674
1.70636785
1.71670258
1.72716320
1.73775220
1.74845457
1.75930703
1.77029514
1.78142118
1.79268813
1.80409837
1.81565487
1.82734156
1.83919871
1.85121071
1.86338079
1.87571180
1.88820708
1.90087008
1.91370392
1.92669153
1.93987763
1.95324552
1.96679890
1.98054183
1.99447799
2.00861168
2.02292418
2.03746557
2.05221725
2.06718421
2.08237123
2.09778285
2.11342454
2.12927556
2.14539194
2.16175437
2.17836809
2.19523931
2.21237373
2.22977781
0.37764302
0.37863588
0.37963399
0.38063657
0.32810858
0.32112682
0.31647202
0.31287470
0.31003389
0.30664083
0.30749688
0.30836034
0.30927974
0.31671980
0.31758153
0.31845593
0.31933516
0.32021526
0.32109672
0.32197779
0.32285437
0.32372749
0.32460117
0.32547307
0.32634607
0.32722315
0.32810435
0.32899639
0.32988718
0.33080742
0.32554629
0.32580668
0.32661492
0.32751817
0.32909128
0.33738345
0.34420359
0.35392457
0.37411657
0.42066112
0.42189345
0.42313302
0.42437989
0.42563412
0.42689580
0.42816499
0.42944175
0.43072614
0.43201822
0.43331808
0.43462580
0.43594143
0.43726507
0.43859676
0.43993655
0.44128460
0.44264090
0.44400558
0.44537872
0.44676036
0.44815058
0.44954950
0.45095718
0.45237371
0.45379916
0.45523360
0.45667717
0.45812991
0.42846388
0.42484987
0.42125744
0.41776055
0.41440129
0.41116211
0.40804890
0.40501845
0.40214801
0.39931798
0.39650983
0.39371476
0.39100349
0.38832423
0.38558787
0.38272515
0.37977251
0.37673983
0.37372777
0.37082064
0.36801085
0.36530405
0.36267003
0.36006865
0.35955006
0.35700381
0.35935047
0.36231646
0.36813873
0.38180327
0.39996848
0.42227077
0.51186228
0.51368803
0.51552683
0.51737887
0.51924431
0.52112317
0.52301574
0.52492207
0.52684236
0.52877676
0.53072536
0.53268844
0.53466606
0.53665847
0.53866577
0.54068810
0.54272568
0.54477870
0.54684728
0.54892999
0.55103028
0.55314672
0.55527949
0.55742878
0.55959475
0.56177765
0.56397760
0.56619489
0.56842965
0.57068211
0.57295251
0.57524109
0.57754797
0.57987344
0.58221775
0.58458102
0.58696359
0.58936566
0.59178752
0.59422928
0.59669137
0.59917384
0.60167712
0.60420138
0.60674697
0.60931402
0.61190289
0.61451393
0.61714727
0.61980331
0.62248230
0.62518454
0.62791038
0.63066006
0.63343394
0.63623232
0.63905555
0.64190394
0.64477783
0.64767522
0.65060115
0.65355361
0.65653300
0.65953970
0.66257405
0.66563648
0.66872728
0.67184699
0.67480397
0.67755753
0.67985809
0.68185818
0.68337387
0.68466443
0.68550026
0.68613178
0.68639636
0.68642020
0.68619525
0.68563759
0.68500960
0.68430912
0.68383855
0.68538153
1.43649411
1.44381142
1.45120347
1.45865977
1.46620512
1.47382903
1.48153257
1.48931706
1.49718380
1.50513399
1.51315629
1.52127767
1.52948654
1.53778458
1.54617310
1.55465364
1.56322765
1.57189691
1.58064866
1.58951271
1.59847677
1.60754240
1.61671150
1.62598586
1.63536716
1.64484215
1.65444291
1.66415656
1.67398477
1.68392980
1.69399381
1.70417869
1.71447039
1.72490382
1.73546493
1.74615633
1.75698018
1.76793897
1.77903545
1.79027212
1.80163336
1.81315815
1.82483137
1.83665586
1.84863460
1.86077058
1.87306690
1.88550699
1.89813364
1.91093051
1.92390108
1.93704891
1.95037770
1.96389127
1.97759330
1.99146557
2.00555658
2.01984835
2.03434515
2.04905176
2.06397247
2.07911205
2.09445071
2.11004233
2.12586784
2.14193273
2.15824199
2.17480183
2.19161749
2.20866799
2.22601342
2.24363375
0.37842259
0.37941957
0.38042182
0.33833060
0.32278413
0.31648216
0.31204483
0.30583897
0.30648404
0.30737156
0.30831388
0.31570083
0.31654969
0.31742522
0.31830615
0.31918630
0.32006556
0.32094675
0.32182702
0.32270512
0.32358095
0.32445562
0.32532853
0.32620373
0.32709086
0.32798222
0.32857129
0.32953724
0.33050337
0.33137092
0.33249000
0.33342981
0.32804570
0.32838216
0.32921302
0.33027586
0.33818597
0.34705916
0.36289260
0.42162961
0.42286763
0.42411295
0.42536560
0.42662570
0.42789328
0.42916840
0.43045115
0.43174160
0.43303978
0.43434581
0.43565977
0.43698168
0.43831164
0.43964970
0.44099596
0.44235051
0.44371340
0.44508472
0.44646451
0.44785291
0.44924998
0.45065576
0.45207039
0.45349392
0.45492646
0.45636806
0.45781884
0.45927888
0.42550796
0.42177549
0.41824251
0.41481075
0.41153473
0.40835032
0.40531078
0.40238801
0.39952859
0.39669716
0.39395177
0.39122349
0.38854378
0.38587123
0.38306037
0.38015047
0.37712857
0.37415040
0.37120032
0.36838403
0.36567253
0.36305171
0.36050764
0.35945278
0.35944334
0.35593659
0.35834417
0.36112052
0.36416361
0.36721447
0.37894058
0.39583090
0.41753811
0.51513147
0.51698071
0.51884323
0.52071917
0.52260882
0.52451217
0.52642947
0.52836078
0.53030640
0.53226632
0.53424084
0.53623003
0.53823411
0.54025322
0.54228753
0.54433721
0.54640245
0.54848176
0.55057865
0.55269158
0.55482084
0.55696654
0.55912894
0.56130821
0.56350446
0.56571800
0.56794900
0.57019770
0.57246423
0.57474887
0.57705182
0.57937330
0.58171350
0.58407271
0.58645117
0.58884901
0.59126657
0.59370410
0.59616178
0.59863985
0.60113865
0.60365844
0.60619938
0.60876179
0.61134601
0.61395222
0.61658078
0.61923194
0.62190598
0.62460321
0.62732393
0.63006848
0.63283718
0.63563025
0.63844812
0.64129108
0.64415950
0.64705366
0.64997160
0.65291834
0.65589195
0.65889275
0.66192114
0.66497749
0.66806221
0.67117566
0.67431831
0.67729712
0.68007368
0.68238622
0.68440384
0.68592030
0.68722320
0.68805194
0.68869084
0.68893605
0.68896544
0.68871218
0.68814772
0.68750983
0.68680423
0.68639106
0.68811846
1.44223213
1.44960809
1.45705986
1.46458864
1.47219563
1.47988200
1.48764920
1.49548566
1.50341785
1.51143467
1.51953745
1.52772748
1.53600633
1.54437542
1.55282271
1.56137657
1.57002521
1.57877016
1.58761299
1.59655559
1.60559940
1.61473167
1.62398314
1.63334131
1.64280796
1.65238500
1.66207433
1.67187798
1.68179786
1.69182026
1.70197892
1.71226048
1.72266686
1.73320067
1.74386394
1.75465930
1.76557171
1.77663839
1.78784466
1.79919314
1.81068659
1.82232797
1.83411992
1.84604633
1.85814822
1.87040997
1.88283443
1.89542520
1.90818548
1.92111862
1.93422842
1.94749701
1.96097052
1.97463167
1.98848450
2.00253320
2.01678181
2.03123450
2.04587245
2.06074667
2.07583880
2.09115362
2.10669589
2.12247133
2.13848448
2.15474129
2.17122054
2.18798065
2.20500159
2.22228956
2.23985076
2.25769162
0.37920618
0.38020730
0.30281919
0.30313581
0.30390230
0.30468881
0.30551875
0.30636325
0.30724847
0.30835181
0.31551614
0.31637695
0.31725946
0.31814119
0.31902555
0.31991079
0.32078829
0.32166478
0.32254022
0.32341927
0.32428718
0.32516271
0.32604420
0.32693586
0.32768095
0.32841793
0.32955372
0.33046228
0.33137769
0.33204654
0.33326375
0.33420107
0.33514240
0.33608839
0.33023113
0.33093718
0.33187318
0.34033200
0.35290152
0.42260158
0.42384532
0.42509642
0.42635491
0.42762086
0.42889437
0.43017548
0.43146425
0.43276080
0.43406513
0.43537739
0.43669757
0.43802580
0.43936214
0.44070664
0.44205940
0.44342047
0.44478998
0.44616798
0.44755453
0.44894969
0.45035362
0.45176634
0.45318797
0.45461857
0.45605823
0.45750701
0.45896506
0.46043241
0.46190917
0.41879749
0.41528496
0.41192901
0.40872443
0.40562204
0.40266380
0.39970711
0.39695194
0.39417163
0.39149195
0.38877374
0.38614076
0.38337800
0.38047060
0.37747404
0.37452984
0.37159240
0.36874500
0.36604550
0.36345127
0.36095577
0.35933086
0.35935336
0.35944697
0.35530284
0.35764363
0.36014441
0.36305913
0.36593565
0.36877710
0.37594259
0.39226410
0.41308284
0.51844424
0.52031738
0.52220404
0.52410448
0.52601874
0.52794713
0.52988964
0.53184652
0.53381789
0.53580391
0.53780478
0.53982067
0.54185176
0.54389811
0.54596001
0.54803592
0.55012941
0.55223894
0.55436468
0.55650687
0.55866569
0.56084126
0.56303394
0.56524378
0.56747103
0.56971592
0.57197863
0.57425934
0.57655835
0.57887584
0.58121204
0.58356720
0.58594149
0.58833522
0.59074855
0.59318179
0.59563512
0.59810883
0.60060322
0.60311842
0.60565484
0.60821265
0.61079222
0.61339372
0.61601746
0.61866373
0.62133288
0.62402517
0.62674081
0.62948024
0.63224375
0.63503164
0.63784415
0.64068174
0.64354467
0.64643329
0.64934564
0.65228671
0.65525454
0.65824950
0.66127199
0.66432232
0.66740096
0.67050821
0.67364460
0.67681044
0.67981136
0.68260866
0.68493056
0.68696856
0.68848574
0.68980110
0.69062006
0.69126642
0.69149464
0.69152689
0.69124758
0.69067901
0.69002837
0.68931490
0.68896008
0.69095516
1.44802785
1.45546341
1.46297562
1.47055364
1.47822297
1.48597264
1.49380398
1.50171828
1.50971687
1.51780117
1.52595949
1.53421915
1.54256868
1.55100965
1.55954349
1.56817174
1.57689595
1.58571780
1.59462476
1.60364664
1.61277127
1.62200022
1.63133550
1.64077878
1.65033209
1.65998185
1.66976070
1.67965555
1.68966830
1.69980109
1.71005619
1.72043586
1.73094225
1.74156070
1.75232744
1.76322818
1.77426541
1.78544164
1.79675961
1.80822194
1.81981277
1.83157218
1.84348440
1.85555267
1.86777997
1.88016951
1.89272451
1.90542793
1.91832364
1.93139517
1.94464600
1.95807993
1.97170079
1.98551238
1.99951887
2.01370168
2.02811027
2.04272628
2.05755472
2.07259989
2.08786678
2.10336018
2.11906004
2.13502169
2.15122581
2.16767740
2.18438292
2.20134759
2.21857810
2.23605227
2.25383234
2.27189755
0.37999222
0.30194902
0.30287379
0.30369645
0.30452254
0.30535892
0.30620146
0.30708733
0.31236079
0.31531942
0.31618813
0.31706843
0.31795821
0.31884667
0.31973612
0.32061553
0.32149339
0.32237139
0.32324836
0.32411712
0.32499173
0.32586929
0.32675701
0.32738924
0.32837975
0.32935312
0.33008051
0.33117917
0.33202484
0.33276907
0.33402106
0.33496895
0.33592287
0.33687520
0.33781886
0.33212954
0.33266771
0.33359227
0.34497541
0.42357907
0.42482856
0.42608547
0.42734984
0.42862171
0.42990121
0.43118834
0.43248323
0.43378589
0.43509644
0.43641493
0.43774143
0.43907601
0.44041878
0.44176975
0.44312906
0.44449675
0.44587293
0.44725764
0.44865099
0.45005304
0.45146385
0.45288357
0.45431224
0.45574996
0.45719680
0.45865285
0.46011820
0.46159297
0.46307719
0.46457103
0.41255242
0.40923846
0.40601894
0.40296826
0.39997119
0.39718488
0.39443713
0.39173836
0.38904056
0.38638720
0.38368294
0.38079861
0.37781855
0.37485084
0.37198922
0.36910820
0.36639133
0.36383164
0.36141381
0.35934755
0.35925329
0.35935482
0.35319561
0.35472295
0.35702029
0.35943392
0.36209312
0.36490268
0.36775008
0.37060291
0.37399474
0.38821837
0.40861467
0.52179992
0.52369738
0.52560872
0.52753401
0.52947193
0.53142571
0.53339398
0.53537685
0.53737456
0.53938723
0.54141498
0.54345810
0.54551667
0.54759085
0.54967922
0.55178529
0.55390751
0.55604619
0.55820143
0.56037343
0.56256235
0.56476849
0.56699198
0.56923312
0.57149196
0.57376885
0.57606393
0.57837743
0.58070958
0.58306068
0.58543086
0.58782035
0.59022945
0.59265840
0.59510744
0.59757674
0.60006666
0.60257739
0.60510927
0.60766244
0.61023730
0.61283410
0.61545300
0.61809444
0.62075865
0.62344593
0.62615663
0.62889093
0.63164920
0.63443184
0.63723904
0.64007121
0.64292872
0.64581180
0.64871854
0.65165389
0.65461594
0.65760505
0.66062158
0.66366595
0.66673845
0.66983956
0.67296970
0.67612916
0.67931843
0.68234175
0.68516254
0.68749654
0.68954992
0.69106781
0.69239843
0.69321007
0.69386131
0.69407499
0.69410479
0.69379908
0.69322628
0.69256544
0.69184673
0.69155109
0.69381529
1.45385849
1.46135426
1.46892750
1.47657979
1.48431218
1.49212599
1.50002253
1.50799024
1.51605606
1.52420855
1.53244925
1.54077947
1.54920077
1.55771470
1.56630886
1.57501233
1.58381307
1.59271276
1.60171306
1.61081553
1.62002218
1.62931967
1.63873959
1.64826906
1.65791011
1.66766453
1.67753434
1.68752182
1.69762886
1.70784128
1.71819389
1.72867286
1.73928034
1.75001895
1.76089084
1.77189875
1.78302717
1.79431450
1.80574548
1.81732321
1.82905030
1.84092963
1.85296440
1.86515749
1.87749231
1.89001143
1.90269876
1.91555738
1.92859113
1.94180334
1.95519793
1.96875679
1.98252702
1.99649131
2.01065373
2.02501845
2.03958988
2.05437255
2.06934714
2.08456588
2.10001040
2.11568522
2.13159585
2.14774752
2.16414595
2.18079662
2.19767857
2.21485138
2.23229456
2.25001478
2.26801848
2.28631282
0.30164304
0.30272186
0.30353746
0.30435178
0.30518037
0.30601984
0.30694965
0.31180105
0.31514078
0.31599113
0.31687257
0.31776351
0.31865776
0.31954727
0.32043603
0.32131463
0.32218993
0.32306883
0.32394132
0.32481086
0.32568803
0.32658136
0.32717803
0.32822353
0.32912415
0.32996240
0.33074903
0.33184102
0.33277345
0.33351603
0.33478248
0.33573911
0.33670253
0.33766314
0.33861637
0.33955556
0.33384693
0.33436555
0.33539307
0.42456007
0.42581537
0.42707813
0.42834839
0.42962623
0.43091172
0.43220493
0.43350592
0.43481478
0.43613157
0.43745634
0.43878919
0.44013017
0.44147941
0.44283691
0.44420281
0.44557714
0.44696003
0.44835150
0.44975168
0.45116064
0.45257843
0.45400518
0.45544094
0.45688581
0.45833990
0.45980325
0.46127599
0.46275818
0.46424994
0.46575132
0.40994719
0.40655681
0.40337005
0.40033728
0.39740834
0.39469865
0.39194971
0.38926601
0.38662553
0.38394445
0.38111252
0.37816772
0.37521195
0.37234873
0.36948439
0.36673781
0.36416137
0.36177301
0.35955298
0.35912934
0.35924676
0.35936859
0.35205001
0.35417244
0.35644835
0.35883179
0.36130011
0.36393353
0.36673859
0.36955804
0.37241572
0.37542957
0.38461560
0.40408522
0.52519774
0.52712005
0.52905649
0.53100723
0.53297234
0.53495210
0.53694659
0.53895605
0.54098058
0.54302037
0.54507565
0.54714650
0.54923147
0.55133408
0.55345285
0.55558801
0.55773968
0.55990809
0.56209338
0.56429583
0.56651562
0.56875294
0.57100797
0.57328099
0.57557213
0.57788169
0.58020991
0.58255690
0.58492297
0.58730835
0.58971322
0.59213793
0.59458262
0.59704757
0.59953308
0.60203934
0.60456669
0.60711533
0.60968548
0.61227757
0.61489177
0.61752838
0.62018770
0.62287003
0.62557566
0.62830490
0.63105804
0.63383543
0.63663739
0.63946420
0.64231622
0.64519382
0.64809495
0.65102470
0.65398103
0.65696436
0.65997499
0.66301334
0.66607982
0.66917479
0.67229867
0.67545182
0.67863470
0.68184775
0.68489099
0.68773562
0.69007653
0.69212919
0.69362062
0.69494486
0.69572169
0.69637489
0.69656020
0.69660652
0.69628775
0.69574887
0.69511580
0.69439721
0.69416165
0.69669926
1.45974839
1.46730494
1.47494030
1.48264313
1.49043930
1.49831796
1.50628030
1.51432776
1.52246165
1.53068340
1.53899443
1.54738271
1.55587661
1.56446421
1.57314718
1.58192694
1.59080541
1.59978402
1.60885012
1.61803412
1.62732363
1.63672042
1.64622641
1.65584350
1.66557348
1.67540276
1.68536472
1.69544590
1.70564842
1.71597445
1.72642624
1.73700607
1.74771643
1.75854230
1.76952076
1.78063715
1.79189408
1.80329418
1.81484032
1.82653534
1.83836293
1.85036409
1.86252284
1.87484252
1.88732624
1.89997733
1.91279912
1.92577434
1.93894792
1.95230293
1.96584320
1.97957265
1.99349523
2.00761485
2.02193618
2.03643990
2.05117679
2.06612849
2.08129978
2.09669566
2.11232090
2.12818074
2.14425492
2.16059971
2.17719579
2.19404864
2.21116447
2.22854972
2.24621010
2.26415300
2.28235531
2.30088258
0.30256438
0.30337140
0.30417648
0.30497909
0.30582795
0.30673173
0.31090301
0.31494898
0.31579325
0.31667244
0.31756395
0.31846049
0.31935465
0.32024348
0.32112569
0.32200167
0.32287955
0.32375634
0.32462901
0.32550222
0.32638496
0.32704279
0.32799673
0.32898605
0.32974726
0.33066484
0.33160549
0.33253846
0.33361292
0.33439630
0.33554736
0.33651283
0.33748707
0.33845153
0.33940923
0.34035543
0.34129712
0.33542341
0.33606428
0.33771181
0.42680779
0.42807645
0.42935267
0.43063653
0.43192807
0.43322739
0.43453455
0.43584964
0.43717271
0.43850383
0.43984306
0.44119054
0.44254628
0.44391036
0.44528291
0.44666395
0.44805357
0.44945189
0.45085895
0.45227486
0.45369968
0.45513350
0.45657644
0.45802853
0.45948991
0.46096063
0.46244079
0.46393049
0.46542981
0.46693888
0.46845776
0.40391833
0.40073746
0.39777157
0.39489391
0.39215001
0.38945594
0.38681456
0.38414496
0.38141629
0.37851834
0.37558088
0.37270188
0.36980450
0.36708120
0.36448276
0.36209241
0.35986045
0.35902140
0.35914093
0.35926777
0.35939616
0.35147929
0.35365102
0.35590670
0.35829946
0.36070707
0.36324286
0.36583412
0.36857474
0.37136605
0.37425187
0.37729242
0.38157737
0.39969546
0.52864009
0.53058773
0.53254980
0.53452641
0.53651774
0.53852397
0.54054523
0.54258174
0.54463369
0.54670119
0.54878277
0.55088192
0.55299723
0.55512881
0.55727696
0.55944175
0.56162339
0.56382215
0.56603825
0.56827176
0.57052296
0.57279211
0.57507938
0.57738501
0.57970917
0.58205211
0.58441406
0.58679527
0.58919597
0.59161639
0.59405679
0.59651738
0.59899843
0.60150027
0.60402304
0.60656708
0.60913265
0.61171997
0.61432940
0.61696118
0.61961561
0.62229300
0.62499356
0.62771773
0.63046575
0.63323790
0.63603455
0.63885599
0.64170259
0.64457470
0.64747024
0.65039432
0.65334493
0.65632242
0.65932715
0.66235954
0.66542000
0.66850883
0.67162645
0.67477328
0.67794979
0.68115628
0.68439329
0.68745410
0.69030935
0.69261932
0.69468719
0.69614339
0.69748002
0.69821596
0.69887388
0.69901383
0.69906050
0.69868457
0.69814199
0.69749093
0.69680560
0.69669378
0.70051581
1.46567392
1.47329223
1.48099017
1.48876894
1.49662983
1.50457430
1.51260340
1.52070582
1.52890849
1.53720021
1.54558229
1.55405641
1.56262386
1.57128632
1.58003139
1.58888841
1.59784544
1.60690391
1.61606574
1.62533259
1.63470638
1.64418888
1.65376663
1.66347218
1.67329240
1.68322921
1.69328475
1.70346117
1.71376061
1.72416866
1.73472083
1.74540293
1.75621736
1.76716673
1.77825344
1.78948021
1.80084956
1.81234586
1.82400858
1.83582234
1.84779024
1.85991502
1.87220013
1.88464856
1.89724338
1.91002822
1.92298651
1.93612182
1.94943786
1.96293831
1.97662699
1.99048579
2.00456285
2.01884031
2.03332281
2.04801440
2.06291986
2.07804394
2.09339142
2.10894227
2.12475133
2.14079928
2.15709138
2.17363334
2.19043088
2.20749021
2.22478938
2.24239016
2.26027155
2.27844071
2.29690409
2.31566906
0.30317301
0.30399415
0.30479735
0.30562106
0.30651149
0.30783403
0.31463611
0.31558105
0.31646132
0.31735390
0.31824982
0.31914622
0.32004195
0.32092476
0.32180840
0.32268345
0.32355684
0.32442960
0.32530770
0.32619295
0.32701275
0.32770810
0.32881224
0.32969350
0.33040646
0.33145729
0.33244777
0.33339483
0.33425754
0.33532801
0.33631447
0.33729586
0.33827531
0.33923975
0.34020454
0.34115061
0.34209669
0.34305400
0.33692238
0.33780795
0.42780381
0.42907840
0.43036062
0.43165052
0.43294817
0.43425363
0.43556702
0.43688837
0.43821776
0.43955526
0.44090095
0.44225490
0.44361719
0.44498789
0.44636711
0.44775492
0.44915134
0.45055655
0.45197055
0.45339343
0.45482534
0.45626631
0.45771644
0.45917580
0.46064451
0.46212265
0.46361029
0.46510756
0.46661451
0.46813127
0.46965793
0.40160000
0.39818442
0.39522359
0.39239898
0.38967505
0.38701221
0.38435149
0.38165101
0.37883976
0.37595132
0.37304792
0.37013668
0.36738500
0.36477780
0.36236513
0.36013347
0.35893163
0.35904023
0.35916847
0.35930404
0.34953368
0.35098514
0.35315427
0.35541138
0.35777950
0.36019322
0.36267227
0.36521861
0.36781010
0.37048334
0.37328809
0.37619206
0.37916419
0.38234863
0.39579040
0.53212953
0.53410298
0.53609115
0.53809416
0.54011226
0.54214549
0.54419410
0.54625827
0.54833645
0.55043221
0.55254406
0.55467218
0.55681676
0.55897796
0.56115597
0.56335109
0.56556344
0.56779319
0.57004064
0.57230592
0.57458931
0.57689101
0.57921118
0.58155006
0.58390796
0.58628505
0.58868152
0.59109771
0.59353381
0.59599012
0.59846675
0.60096413
0.60348243
0.60602188
0.60858279
0.61116546
0.61377019
0.61639714
0.61904675
0.62171918
0.62441480
0.62713391
0.62987673
0.63264376
0.63543510
0.63825125
0.64109248
0.64395911
0.64685148
0.64976758
0.65271246
0.65568417
0.65868306
0.66170955
0.66476393
0.66784668
0.67095810
0.67409867
0.67726880
0.68046886
0.68369931
0.68696064
0.69002038
0.69289976
0.69518095
0.69726413
0.69868731
0.70003098
0.70072818
0.70139080
0.70148480
0.70152903
0.70110077
0.70055443
0.69988507
0.69919503
0.69927472
1.46405864
1.47166002
1.47934091
1.48710227
1.49493301
1.50285935
1.51087022
1.51896691
1.52715087
1.53542340
1.54378617
1.55224049
1.56077421
1.56941605
1.57815421
1.58699024
1.59592569
1.60496247
1.61410201
1.62333155
1.63268220
1.64214110
1.65171039
1.66139174
1.67118728
1.68109906
1.69111300
1.70126319
1.71153605
1.72193372
1.73245835
1.74311256
1.75389862
1.76481903
1.77585840
1.78705490
1.79839337
1.80987656
1.82150745
1.83328879
1.84522343
1.85729516
1.86954558
1.88195860
1.89453757
1.90728581
1.92020679
1.93330407
1.94658124
1.96002042
1.97366834
1.98750770
2.00154233
2.01577687
2.03021502
2.04486179
2.05969739
2.07477403
2.09007311
2.10559940
2.12135816
2.13735461
2.15359426
2.17005587
2.18679810
2.20380044
2.22106957
2.23861122
2.25643229
2.27453923
2.29293942
2.31160951
2.33061647
0.30379391
0.30461532
0.30542022
0.30627364
0.30735722
0.31410477
0.31539205
0.31624824
0.31713566
0.31803375
0.31893352
0.31982747
0.32072181
0.32160085
0.32248354
0.32335287
0.32422397
0.32510155
0.32598805
0.32688603
0.32741395
0.32863015
0.32952932
0.33034453
0.33125126
0.33221695
0.33318642
0.33416218
0.33483097
0.33610427
0.33709338
0.33808064
0.33906335
0.34003100
0.34099507
0.34194949
0.34289473
0.34384391
0.33800551
0.33859962
0.34038994
0.43008611
0.43137434
0.43267033
0.43397415
0.43528581
0.43660545
0.43793312
0.43926889
0.44061282
0.44196501
0.44332552
0.44469443
0.44607180
0.44745776
0.44885236
0.45025566
0.45166779
0.45308876
0.45451874
0.45595774
0.45740592
0.45886332
0.46033001
0.46180612
0.46329173
0.46478695
0.46629182
0.46780649
0.46933100
0.47086552
0.47241008
0.39567956
0.39272192
0.38992772
0.38717720
0.38456491
0.38186142
0.37911895
0.37629306
0.37342748
0.37048951
0.36769387
0.36505982
0.36263976
0.36038795
0.35886291
0.35895407
0.35907573
0.35921484
0.35935917
0.34844509
0.35051310
0.35269734
0.35495850
0.35731125
0.35972664
0.36215353
0.36465523
0.36720613
0.36982217
0.37250614
0.37526891
0.37812194
0.38106355
0.38403887
0.39238256
0.53566527
0.53766513
0.53967994
0.54170829
0.54375356
0.54581439
0.54788917
0.54998153
0.55208993
0.55421454
0.55635554
0.55851316
0.56068760
0.56287903
0.56508762
0.56731367
0.56955731
0.57181877
0.57409823
0.57639593
0.57871211
0.58104700
0.58340079
0.58577377
0.58816606
0.59057802
0.59300983
0.59546179
0.59793407
0.60042697
0.60294074
0.60547560
0.60803193
0.61060995
0.61320984
0.61583203
0.61847675
0.62114424
0.62383485
0.62654889
0.62928665
0.63204843
0.63483459
0.63764536
0.64048117
0.64334232
0.64622915
0.64913964
0.65207881
0.65504473
0.65803778
0.66105831
0.66410667
0.66718328
0.67028856
0.67342287
0.67658663
0.67978024
0.68300414
0.68625879
0.68954456
0.69260859
0.69550693
0.69775885
0.69986033
0.70124716
0.70257849
0.70325577
0.70391762
0.70397055
0.70401788
0.70353091
0.70298082
0.70229298
0.70159817
0.70190251
1.47003150
1.47768295
1.48542702
1.49325252
1.50116098
1.50915372
1.51723194
1.52539718
1.53363752
1.54198074
1.55041528
1.55894244
1.56756413
1.57628155
1.58509660
1.59399641
1.60301125
1.61212850
1.62135017
1.63067794
1.64011359
1.64965916
1.65931642
1.66907179
1.67895842
1.68896282
1.69908726
1.70933366
1.71970451
1.73020196
1.74081123
1.75156868
1.76245999
1.77348757
1.78465402
1.79596186
1.80741405
1.81901312
1.83074331
1.84264481
1.85470200
1.86691809
1.87929618
1.89183939
1.90455127
1.91741443
1.93047357
1.94371164
1.95713270
1.97074020
1.98453844
1.99853110
2.01269984
2.02709389
2.04169536
2.05650878
2.07153869
2.08678985
2.10226727
2.11797595
2.13389564
2.15008235
2.16651654
2.18320394
2.20015049
2.21736193
2.23484492
2.25257730
2.27062249
2.28895879
2.30759382
2.32653475
2.34578919
0.30441317
0.30523166
0.30605718
0.30693588
0.30859503
0.31507885
0.31603375
0.31691262
0.31781229
0.31871310
0.31961095
0.32050642
0.32139471
0.32227626
0.32315329
0.32402271
0.32489622
0.32577863
0.32667187
0.32725441
0.32844883
0.32935861
0.33027220
0.33095381
0.33208060
0.33299631
0.33394900
0.33493429
0.33574545
0.33687648
0.33787465
0.33886454
0.33984989
0.34082335
0.34178469
0.34274155
0.34368524
0.34462744
0.34566677
0.33942929
0.34044006
0.43109748
0.43239182
0.43369395
0.43500394
0.43632185
0.43764779
0.43898180
0.44032398
0.44167438
0.44303310
0.44440022
0.44577578
0.44715989
0.44855261
0.44995406
0.45136428
0.45278335
0.45421138
0.45564845
0.45709467
0.45855007
0.46001476
0.46148884
0.46297240
0.46446556
0.46596834
0.46748090
0.46900332
0.47053567
0.47207806
0.47363061
0.47519213
0.39027995
0.38747388
0.38473946
0.38208273
0.37939370
0.37662506
0.37375444
0.37083763
0.36800933
0.36535281
0.36291406
0.36064568
0.35882384
0.35887736
0.35899606
0.35913077
0.35927358
0.35942447
0.34792680
0.35005885
0.35226667
0.35453856
0.35687211
0.35931927
0.36169508
0.36415467
0.36664945
0.36919472
0.37182838
0.37450856
0.37727004
0.38008553
0.38299114
0.38597164
0.38985172
0.53924668
0.54127342
0.54331541
0.54537290
0.54744601
0.54953331
0.55163825
0.55375934
0.55589682
0.55805093
0.56022173
0.56240952
0.56461442
0.56683671
0.56907660
0.57133418
0.57360983
0.57590365
0.57821584
0.58054674
0.58289647
0.58526528
0.58765346
0.59006119
0.59248877
0.59493637
0.59740424
0.59989274
0.60240203
0.60493237
0.60748410
0.61005747
0.61265266
0.61527008
0.61790997
0.62057257
0.62325823
0.62596720
0.62869990
0.63145649
0.63423741
0.63704294
0.63987339
0.64272904
0.64561039
0.64851528
0.65144879
0.65440899
0.65739620
0.66041082
0.66345322
0.66652375
0.66962290
0.67275095
0.67590839
0.67909557
0.68231297
0.68556100
0.68884009
0.69215071
0.69521356
0.69813651
0.70035595
0.70245367
0.70382303
0.70511943
0.70580161
0.70642066
0.70647395
0.70652443
0.70598078
0.70541841
0.70471746
0.70404571
0.70455289
1.47604108
1.48376775
1.49157584
1.49946654
1.50742841
1.51548815
1.52363455
1.53186893
1.54019284
1.54860783
1.55711508
1.56571651
1.57439935
1.58319330
1.59208596
1.60107911
1.61017442
1.61937368
1.62867856
1.63807607
1.64759779
1.65723085
1.66697729
1.67683899
1.68681812
1.69691670
1.70713699
1.71746445
1.72793448
1.73853290
1.74926221
1.76012468
1.77112293
1.78225958
1.79351902
1.80493987
1.81650722
1.82822371
1.84009230
1.85211611
1.86429799
1.87662137
1.88912892
1.90180421
1.91465080
1.92767215
1.94087172
1.95425344
1.96782088
1.98155594
1.99550653
2.00965500
2.02400541
2.03856206
2.05332994
2.06831312
2.08349228
2.09892082
2.11457920
2.13047338
2.14660788
2.16298890
2.17962170
2.19651246
2.21363950
2.23106360
2.24876404
2.26674771
2.28502154
2.30359221
2.32246709
2.34162331
2.36112928
0.30503342
0.30585420
0.30669579
0.30770683
0.31289339
0.31573722
0.31669274
0.31757981
0.31848270
0.31938788
0.32028380
0.32118303
0.32206869
0.32295161
0.32382759
0.32469591
0.32557487
0.32646695
0.32724661
0.32818782
0.32916614
0.33006519
0.33076745
0.33176988
0.33282694
0.33376554
0.33472645
0.33538234
0.33664966
0.33765352
0.33865565
0.33965081
0.34063748
0.34160888
0.34257534
0.34353465
0.34448069
0.34541723
0.34646201
0.34033591
0.34111792
0.43211472
0.43341514
0.43472347
0.43603969
0.43736389
0.43869618
0.44003662
0.44138527
0.44274220
0.44410750
0.44548124
0.44686353
0.44825441
0.44965398
0.45106232
0.45247951
0.45390561
0.45534074
0.45678499
0.45823842
0.45970112
0.46117321
0.46265474
0.46414581
0.46564654
0.46715701
0.46867731
0.47020751
0.47174779
0.47329813
0.47485873
0.47642839
0.38791636
0.38505322
0.38231742
0.37965181
0.37692970
0.37410715
0.37121579
0.36836269
0.36565825
0.36317691
0.36089137
0.35884118
0.35880864
0.35892946
0.35906342
0.35920689
0.35935336
0.34594220
0.34748667
0.34964901
0.35188577
0.35414988
0.35646048
0.35887665
0.36124218
0.36368147
0.36613587
0.36862054
0.37117633
0.37380469
0.37651512
0.37924981
0.38205156
0.38493997
0.38790366
0.39108855
0.54287797
0.54493213
0.54700190
0.54908407
0.55118555
0.55330318
0.55543715
0.55758768
0.55975491
0.56193900
0.56414026
0.56635880
0.56859487
0.57084864
0.57312042
0.57541031
0.57771856
0.58004540
0.58239108
0.58475578
0.58713979
0.58954334
0.59196657
0.59440988
0.59687340
0.59935749
0.60186225
0.60438812
0.60693520
0.60950387
0.61209440
0.61470705
0.61734205
0.61999977
0.62268049
0.62538445
0.62811202
0.63086349
0.63363916
0.63643932
0.63926440
0.64211464
0.64499044
0.64788973
0.65081763
0.65377206
0.65675348
0.65976214
0.66279858
0.66586304
0.66895598
0.67207783
0.67522889
0.67840970
0.68162060
0.68486202
0.68813443
0.69143826
0.69477397
0.69783819
0.70078331
0.70297247
0.70504123
0.70642066
0.70767885
0.70836604
0.70894158
0.70899522
0.70900649
0.70844495
0.70786744
0.70716155
0.70651597
0.70724303
1.48211229
1.48989046
1.49776328
1.50571966
1.51376116
1.52188897
1.53010440
1.53840923
1.54679108
1.55527842
1.56385946
1.57253563
1.58130860
1.59018016
1.59915173
1.60822499
1.61738729
1.62666929
1.63605857
1.64555681
1.65516603
1.66488802
1.67472506
1.68466294
1.69473565
1.70492959
1.71524680
1.72568977
1.73626053
1.74696171
1.75777829
1.76874709
1.77985370
1.79110074
1.80249071
1.81402659
1.82571101
1.83754694
1.84951806
1.86166573
1.87397408
1.88644612
1.89908540
1.91189516
1.92487884
1.93801904
1.95136118
1.96488845
1.97860444
1.99251330
2.00661922
2.02092600
2.03543854
2.05013728
2.06507397
2.08022976
2.09560966
2.11121869
2.12706184
2.14314485
2.15944648
2.17602468
2.19285941
2.20995665
2.22732258
2.24496365
2.26288652
2.28106833
2.29957461
2.31838346
2.33750272
2.35693979
2.37667131
0.38559037
0.30648351
0.30733547
0.30847684
0.31548986
0.31641972
0.31733468
0.31824130
0.31914967
0.32005519
0.32095602
0.32185090
0.32274255
0.32362330
0.32449940
0.32537311
0.32626292
0.32718283
0.32777750
0.32896236
0.32986152
0.33069128
0.33155730
0.33256826
0.33355227
0.33452013
0.33549485
0.33627188
0.33742759
0.33843482
0.33943641
0.34043747
0.34141955
0.34239742
0.34336501
0.34432477
0.34527251
0.34622210
0.34728801
0.34124610
0.34192058
0.43313569
0.43444228
0.43575680
0.43707931
0.43840986
0.43974853
0.44109541
0.44245055
0.44381407
0.44518602
0.44656643
0.44795549
0.44935319
0.45075962
0.45217490
0.45359910
0.45503229
0.45647457
0.45792603
0.45938674
0.46085680
0.46233630
0.46382532
0.46532398
0.46683234
0.46835053
0.46987861
0.47141668
0.47296488
0.47452328
0.47609070
0.47766981
0.47925940
0.38267168
0.37993300
0.37727323
0.37449437
0.37163043
0.36875951
0.36597702
0.36344016
0.36110806
0.35897723
0.35874718
0.35887229
0.35900620
0.35914454
0.35929170
0.35943899
0.34499815
0.34707135
0.34927100
0.35151121
0.35378668
0.35608467
0.35845387
0.36080211
0.36321101
0.36565226
0.36810371
0.37060136
0.37316993
0.37579256
0.37850064
0.38122189
0.38402149
0.38691127
0.38981074
0.54449040
0.54655683
0.54863727
0.55073535
0.55284953
0.55497998
0.55712694
0.55929059
0.56147105
0.56366861
0.56588346
0.56811577
0.57036579
0.57263368
0.57491964
0.57722396
0.57954681
0.58188844
0.58424908
0.58662897
0.58902830
0.59144735
0.59388632
0.59634548
0.59882516
0.60132551
0.60384679
0.60638934
0.60895342
0.61153924
0.61414713
0.61677736
0.61943018
0.62210596
0.62480491
0.62752742
0.63027376
0.63304424
0.63583916
0.63865888
0.64150375
0.64437401
0.64727014
0.65019000
0.65313876
0.65611434
0.65911722
0.66214764
0.66520613
0.66829294
0.67140859
0.67455339
0.67772782
0.68093222
0.68416709
0.68743283
0.69072992
0.69405878
0.69741988
0.70048273
0.70344472
0.70557779
0.70757198
0.70895004
0.71013224
0.71082419
0.71133548
0.71140939
0.71137244
0.71085256
0.71030229
0.70961982
0.70900083
0.71006709
1.48822129
1.49607646
1.50401485
1.51203811
1.52014732
1.52833092
1.53661633
1.54499209
1.55345964
1.56202054
1.57067633
1.57942855
1.58826470
1.59721458
1.60626590
1.61542034
1.62467980
1.63404608
1.64352083
1.65309083
1.66278851
1.67260063
1.68252921
1.69257629
1.70274413
1.71303487
1.72345078
1.73397732
1.74465024
1.75545537
1.76639509
1.77747214
1.78868902
1.80004823
1.81153429
1.82318652
1.83498967
1.84694660
1.85906041
1.87133408
1.88377094
1.89637423
1.90912688
1.92207289
1.93519568
1.94849896
1.96198630
1.97566175
1.98952913
2.00357008
2.01783347
2.03230119
2.04697824
2.06186843
2.07697725
2.09230876
2.10784364
2.12363601
2.13966703
2.15594172
2.17246604
2.18924546
2.20628619
2.22359443
2.24114799
2.25900960
2.27715802
2.29560065
2.31434441
2.33339667
2.35276532
2.37239504
2.39241934
0.38640314
0.30714402
0.30794585
0.30927759
0.31617299
0.31708029
0.31798774
0.31889808
0.31980965
0.32071951
0.32162526
0.32251918
0.32341573
0.32429427
0.32517281
0.32605553
0.32696107
0.32764295
0.32875577
0.32964528
0.33053592
0.33135054
0.33233479
0.33329871
0.33428454
0.33526611
0.33591715
0.33719364
0.33819625
0.33920744
0.34021753
0.34121206
0.34219730
0.34317568
0.34414372
0.34510449
0.34606326
0.34702939
0.34806967
0.34211117
0.34271452
0.43416256
0.43547538
0.43679616
0.43812498
0.43946192
0.44080704
0.44216043
0.44352213
0.44489226
0.44627088
0.44765806
0.44905391
0.45045847
0.45187187
0.45329416
0.45472541
0.45616573
0.45761523
0.45907396
0.46054202
0.46201947
0.46350646
0.46500307
0.46650934
0.46802542
0.46955138
0.47108734
0.47263336
0.47418955
0.47575477
0.47733164
0.47891900
0.48051694
0.38054949
0.37758774
0.37487531
0.37208411
0.36920086
0.36635968
0.36372459
0.36132506
0.35917354
0.35869223
0.35883033
0.35897073
0.35911122
0.35925254
0.35939181
0.35952902
0.34453139
0.34669483
0.34890065
0.35114509
0.35342354
0.35571963
0.35806739
0.36039668
0.36275283
0.36517218
0.36760047
0.37007204
0.37259346
0.37516448
0.37778488
0.38047710
0.38321871
0.38604194
0.38889775
0.54611415
0.54819125
0.55028588
0.55239660
0.55452359
0.55666697
0.55882704
0.56100392
0.56319779
0.56540895
0.56763750
0.56988370
0.57214773
0.57442987
0.57673025
0.57904720
0.58138484
0.58374137
0.58611709
0.58851224
0.59092700
0.59336174
0.59581655
0.59829175
0.60078764
0.60330445
0.60584241
0.60840183
0.61098301
0.61358613
0.61621153
0.61885947
0.62153029
0.62422431
0.62694174
0.62968290
0.63244820
0.63523781
0.63805223
0.64089167
0.64375645
0.64664704
0.64956129
0.65250432
0.65547413
0.65847111
0.66149557
0.66454804
0.66762871
0.67073816
0.67387664
0.67704469
0.68024266
0.68347096
0.68673003
0.69002038
0.69334239
0.69669652
0.70008326
0.70312798
0.70602280
0.70816594
0.71008694
0.71147764
0.71258277
0.71328235
0.71371704
0.71379429
0.71367413
0.71315086
0.71257418
0.71191019
0.71137816
0.71288526
1.49439335
1.50230134
1.51030612
1.51839674
1.52657449
1.53484094
1.54319727
1.55164504
1.56017220
1.56880748
1.57753885
1.58636796
1.59529638
1.60432589
1.61345828
1.62269521
1.63202345
1.64147484
1.65103626
1.66070974
1.67049718
1.68040073
1.69042242
1.70054805
1.71081221
1.72120106
1.73171687
1.74236190
1.75313854
1.76404941
1.77509689
1.78626573
1.79759419
1.80906725
1.82068765
1.83245838
1.84438217
1.85646224
1.86868203
1.88108349
1.89365077
1.90638709
1.91929579
1.93238056
1.94564497
1.95907128
1.97270596
1.98653173
2.00055265
2.01477289
2.02919674
2.04382873
2.05867314
2.07371068
2.08899403
2.10450411
2.12024641
2.13622594
2.15244842
2.16891885
2.18561649
2.20260072
2.21985078
2.23737311
2.25517440
2.27326131
2.29164052
2.31031942
2.32927465
2.34857464
2.36816573
2.38811827
2.40841007
0.38722017
0.30779091
0.30861002
0.31002796
0.31681901
0.31772098
0.31863493
0.31955016
0.32046947
0.32137847
0.32228911
0.32318908
0.32408524
0.32496741
0.32585141
0.32674024
0.32763812
0.32830828
0.32942444
0.33031508
0.33122230
0.33214009
0.33306921
0.33404678
0.33502823
0.33589941
0.33687776
0.33794969
0.33896199
0.33997646
0.34098852
0.34198233
0.34296939
0.34395021
0.34491658
0.34587967
0.34684953
0.34776297
0.34892252
0.34291586
0.34350350
0.43519324
0.43651232
0.43783942
0.43917459
0.44051796
0.44186956
0.44322947
0.44459778
0.44597459
0.44735992
0.44875389
0.45015660
0.45156810
0.45298845
0.45441779
0.45585617
0.45730367
0.45876041
0.46022648
0.46170193
0.46318686
0.46468139
0.46618557
0.46769953
0.46922338
0.47075716
0.47230104
0.47385505
0.47541803
0.47699267
0.47857776
0.48017344
0.48177978
0.48339689
0.37535357
0.37255603
0.36971155
0.36681566
0.36406082
0.36154962
0.35934538
0.35865176
0.35879779
0.35894972
0.35909238
0.35923588
0.35937876
0.34329283
0.34245539
0.34370515
0.34629822
0.34852013
0.35077557
0.35305130
0.35535532
0.35769394
0.36002493
0.36232087
0.36472473
0.36711448
0.36955112
0.37204599
0.37458581
0.37716293
0.37979680
0.38252118
0.38530827
0.38823023
0.54774588
0.54983544
0.55194271
0.55406618
0.55620605
0.55836248
0.56053573
0.56272596
0.56493342
0.56715822
0.56940061
0.57166082
0.57393903
0.57623547
0.57855040
0.58088392
0.58323640
0.58560801
0.58799899
0.59040958
0.59284002
0.59529048
0.59776133
0.60025281
0.60276514
0.60529858
0.60785335
0.61042982
0.61302823
0.61564887
0.61829197
0.62095791
0.62364691
0.62635928
0.62909538
0.63185549
0.63463992
0.63744903
0.64028305
0.64314240
0.64602745
0.64893609
0.65187347
0.65483749
0.65782863
0.66084725
0.66389370
0.66696829
0.67007154
0.67320383
0.67636549
0.67955703
0.68277884
0.68603128
0.68931490
0.69263011
0.69597739
0.69935709
0.70276988
0.70578766
0.70861417
0.71077591
0.71261984
0.71402335
0.71505308
0.71576041
0.71611750
0.71619529
0.71599072
0.71546412
0.71486354
0.71419525
0.71382582
0.71594465
1.50060415
1.50859094
1.51666319
1.52482224
1.53306949
1.54139316
1.54982126
1.55834198
1.56695688
1.57566762
1.58447576
1.59338284
1.60237622
1.61148632
1.62070060
1.63002086
1.63944900
1.64898670
1.65863609
1.66838348
1.67826188
1.68825805
1.69837391
1.70861173
1.71897376
1.72946227
1.74007952
1.75081074
1.76169252
1.77271044
1.78386700
1.79516494
1.80660689
1.81819570
1.82991517
1.84180593
1.85385215
1.86605692
1.87842357
1.89095509
1.90365505
1.91652679
1.92955279
1.94277823
1.95618629
1.96978068
1.98356533
1.99754429
2.01172161
2.02607870
2.04066563
2.05546379
2.07047844
2.08571386
2.10117531
2.11686778
2.13277078
2.14894032
2.16535711
2.18202639
2.19895458
2.21614742
2.23361111
2.25135231
2.26934862
2.28766441
2.30627823
2.32519746
2.34442973
2.36398268
2.38383269
2.40401888
2.42458272
0.38803980
0.30842820
0.30923030
0.31058729
0.31744957
0.31834772
0.31927216
0.32019624
0.32111987
0.32203546
0.32294986
0.32385528
0.32475397
0.32564336
0.32653284
0.32742780
0.32807592
0.32920572
0.33010989
0.33101657
0.33190969
0.33276534
0.33377868
0.33478877
0.33576888
0.33646131
0.33770540
0.33870915
0.33972666
0.34074572
0.34174860
0.34274089
0.34373102
0.34470752
0.34568220
0.34665498
0.34764141
0.34845462
0.34971222
0.34360495
0.34428483
0.43622988
0.43755528
0.43888873
0.44023034
0.44158018
0.44293830
0.44430482
0.44567978
0.44706330
0.44845542
0.44985625
0.45126587
0.45268431
0.45411173
0.45554817
0.45699373
0.45844850
0.45991254
0.46138597
0.46286887
0.46436134
0.46586347
0.46737534
0.46889707
0.47042874
0.47197041
0.47352225
0.47508305
0.47665548
0.47823831
0.47983173
0.48143578
0.48305058
0.48467627
0.48631293
0.37029144
0.36736906
0.36449096
0.36184728
0.35947746
0.35862142
0.35878044
0.35893887
0.35909167
0.35924095
0.34589514
0.34351146
0.34265578
0.33965275
0.33949792
0.34399804
0.34801725
0.35038891
0.35266659
0.35496628
0.35731268
0.35970992
0.36191937
0.36428061
0.36665019
0.36906230
0.37152803
0.37402618
0.37657169
0.37917790
0.38186142
0.38465133
0.38762322
0.54938740
0.55149126
0.55361122
0.55574757
0.55790049
0.56007016
0.56225675
0.56446046
0.56668156
0.56892014
0.57117653
0.57345092
0.57574159
0.57805252
0.58038205
0.58273047
0.58509791
0.58748472
0.58989108
0.59231722
0.59476340
0.59722990
0.59971690
0.60222471
0.60475361
0.60730380
0.60987562
0.61246926
0.61508512
0.61772341
0.62038440
0.62306845
0.62577575
0.62850678
0.63126171
0.63404089
0.63684464
0.63967329
0.64252722
0.64540672
0.64830977
0.65124142
0.65419972
0.65718508
0.66019773
0.66323817
0.66630673
0.66940379
0.67252982
0.67568517
0.67887026
0.68208551
0.68533134
0.68860829
0.69191664
0.69525701
0.69862974
0.70203537
0.70546597
0.70847034
0.71122181
0.71340239
0.71517378
0.71658736
0.71754062
0.71825290
0.71853119
0.71861243
0.71832246
0.71779233
0.71716768
0.71649510
0.71630192
0.71953326
1.50687969
1.51492059
1.52306092
1.53128910
1.53960669
1.54801524
1.55651605
1.56511068
1.57380080
1.58257401
1.59145963
1.60044575
1.60953379
1.61872566
1.62802315
1.63742816
1.64692712
1.65655231
1.66629076
1.67614424
1.68611515
1.69620526
1.70641685
1.71673572
1.72719681
1.73778617
1.74850619
1.75935924
1.77034795
1.78147471
1.79274225
1.80413496
1.81569195
1.82739782
1.83925581
1.85126853
1.86343920
1.87577105
1.88824713
1.90091062
1.91374505
1.92675400
1.93994105
1.95330989
1.96686411
1.98058581
1.99452269
2.00865698
2.02299309
2.03753543
2.05228829
2.06725621
2.08244419
2.09783244
2.11347461
2.12935185
2.14546967
2.16183305
2.17844820
2.19532061
2.21242881
2.22983384
2.24751472
2.26547837
2.28373146
2.30228114
2.32113457
2.34029937
2.35975194
2.37953067
2.39967608
2.42016554
2.44100785
0.38886377
0.30905744
0.30983907
0.31111494
0.31761155
0.31897637
0.31990910
0.32084033
0.32176709
0.32269225
0.32360741
0.32452130
0.32542071
0.32631734
0.32721773
0.32811403
0.32875943
0.32988596
0.33079511
0.33161598
0.33261675
0.33359790
0.33454275
0.33551890
0.33618614
0.33744165
0.33845091
0.33946556
0.34048891
0.34149879
0.34249952
0.34349424
0.34448069
0.34546283
0.34643573
0.34741884
0.34840825
0.34908742
0.34621605
0.34423754
0.34504229
0.43727043
0.43860215
0.43994200
0.44129005
0.44264641
0.44401112
0.44538429
0.44676596
0.44815624
0.44955519
0.45096290
0.45237947
0.45380494
0.45523944
0.45668304
0.45813581
0.45959786
0.46106929
0.46255013
0.46404055
0.46554059
0.46705037
0.46856996
0.47009948
0.47163904
0.47318867
0.47474855
0.47631747
0.47789806
0.47948921
0.48109096
0.48270345
0.48432678
0.48596108
0.48760644
0.36808315
0.36508453
0.36221987
0.35959873
0.35858384
0.35874861
0.35892221
0.35908008
0.35868862
0.34668198
0.34611911
0.34599867
0.34597716
0.34602827
0.33606428
0.33950505
0.34414637
0.34923398
0.35224229
0.35455269
0.35690147
0.35930550
0.36152318
0.36384279
0.36620215
0.36859763
0.37103936
0.37350741
0.37602836
0.37860370
0.38125780
0.38404799
0.54893845
0.55103880
0.55315530
0.55528814
0.55743748
0.55960357
0.56178647
0.56398654
0.56620389
0.56843871
0.57069129
0.57296175
0.57525039
0.57755733
0.57988292
0.58222723
0.58459061
0.58697331
0.58937544
0.59179735
0.59423923
0.59670132
0.59918398
0.60168731
0.60421169
0.60675728
0.60932446
0.61191344
0.61452454
0.61715800
0.61981410
0.62249321
0.62519556
0.62792146
0.63067126
0.63344520
0.63624370
0.63906699
0.64191550
0.64478952
0.64768702
0.65061301
0.65356565
0.65654510
0.65955192
0.66258639
0.66564894
0.66873986
0.67185968
0.67500871
0.67818743
0.68139619
0.68463546
0.68790573
0.69120735
0.69454080
0.69790661
0.70130515
0.70473701
0.70814341
0.71117347
0.71385157
0.71604836
0.71774316
0.71916986
0.72004259
0.72076565
0.72096419
0.72104597
0.72066647
0.72013289
0.71948379
0.71880686
0.71884167
1.50515950
1.51319492
1.52131665
1.52952600
1.53782439
1.54621339
1.55468071
1.56325507
1.57192457
1.58069086
1.58955526
1.59851980
1.60758603
1.61674094
1.62601554
1.63539720
1.64488769
1.65448904
1.66420317
1.67403197
1.68397760
1.69402599
1.70421135
1.71451986
1.72495389
1.73551571
1.74620771
1.75703216
1.76797414
1.77907097
1.79030812
1.80168796
1.81321347
1.82488739
1.83671272
1.84869218
1.86080945
1.87310636
1.88556695
1.89819431
1.91099203
1.92396343
1.93711209
1.95042050
1.96393454
1.97763717
1.99153244
2.00562429
2.01991701
2.03441501
2.04909897
2.06402016
2.07916045
2.09452462
2.11011744
2.12594414
2.14200997
2.15829444
2.17485476
2.19167137
2.20875001
2.22609711
2.24371862
2.26162148
2.27981210
2.29826832
2.31705570
2.33615303
2.35556746
2.37527585
2.39534903
2.41576433
2.43649721
2.45762300
0.38969040
0.30979055
0.31041777
0.31155601
0.31593671
0.31958571
0.32053643
0.32147771
0.32241285
0.32333937
0.32426414
0.32517636
0.32608899
0.32699051
0.32789281
0.32867321
0.32969290
0.33055741
0.33147642
0.33223495
0.33335176
0.33417344
0.33525348
0.33605859
0.33715340
0.33818597
0.33920032
0.34021819
0.34123823
0.34224534
0.34324452
0.34423888
0.34522966
0.34621066
0.34719115
0.34818062
0.34908810
0.35025653
0.34466079
0.34488252
0.34597647
0.43831703
0.43965513
0.44100145
0.44235602
0.44371894
0.44509026
0.44647011
0.44785854
0.44925565
0.45066148
0.45207614
0.45349970
0.45493227
0.45637393
0.45782474
0.45928481
0.46075422
0.46223304
0.46372139
0.46521938
0.46672708
0.46824455
0.46977195
0.47130933
0.47285682
0.47441453
0.47598121
0.47755960
0.47914845
0.48074794
0.48235813
0.48397914
0.48561108
0.48725408
0.48890823
0.49057364
0.36290517
0.35994849
0.35857952
0.35868502
0.35887158
0.35780394
0.34982631
0.34952545
0.34937382
0.34928676
0.34927237
0.34933817
0.34945682
0.34959203
0.33603004
0.33946231
0.34411776
0.34933269
0.35393229
0.35640907
0.35880864
0.36112127
0.36343941
0.36578301
0.36816767
0.37057975
0.37303308
0.37551430
0.37806332
0.38070333
0.38346636
0.55058885
0.55270189
0.55483121
0.55697703
0.55913949
0.56131881
0.56351519
0.56572878
0.56795990
0.57020867
0.57247525
0.57476002
0.57706302
0.57938462
0.58172494
0.58408421
0.58646083
0.58885878
0.59127641
0.59371400
0.59617174
0.59865195
0.60115087
0.60367072
0.60620970
0.60877222
0.61135650
0.61396283
0.61659145
0.61924273
0.62191683
0.62461418
0.62733501
0.63007963
0.63284844
0.63564163
0.63845956
0.64130265
0.64417118
0.64706546
0.64998347
0.65293032
0.65590405
0.65890497
0.66193342
0.66498995
0.66807473
0.67118835
0.67433107
0.67750335
0.68070567
0.68393838
0.68720198
0.69049680
0.69382340
0.69718224
0.70057374
0.70399839
0.70745665
0.71084124
0.71389449
0.71650088
0.71870816
0.72031647
0.72174472
0.72253865
0.72327262
0.72341073
0.72349310
0.72302878
0.72249168
0.72181785
0.72113651
0.72151649
1.51147318
1.51957631
1.52775371
1.53603292
1.54440224
1.55286336
1.56141758
1.57006669
1.57881212
1.58765554
1.59658420
1.60562837
1.61477554
1.62402761
1.63338625
1.64285350
1.65243101
1.66210532
1.67190933
1.68182969
1.69186842
1.70202780
1.71230984
1.72271693
1.73323441
1.74389815
1.75469398
1.76562417
1.77669156
1.78789842
1.79924774
1.81074190
1.82236528
1.83415771
1.84610379
1.85820651
1.87046885
1.88289428
1.89548576
1.90822637
1.92116010
1.93427050
1.94756091
1.96103525
1.97469735
1.98855114
2.00260067
2.01682734
2.03128076
2.04594302
2.06081820
2.07591128
2.09122729
2.10677075
2.12252188
2.13853598
2.15479350
2.17129993
2.18806148
2.20508361
2.22237277
2.23990703
2.25774884
2.27587700
2.29429889
2.31302118
2.33205175
2.35139799
2.37103629
2.39100528
2.41134620
2.43203640
2.45308447
2.47450018
0.39052141
0.39158323
0.31101167
0.31201202
0.31429610
0.31987172
0.32114190
0.32210714
0.32304773
0.32398084
0.32491344
0.32583171
0.32674742
0.32765862
0.32856706
0.32919902
0.33025381
0.33120567
0.33215061
0.33304116
0.33406684
0.33504966
0.33592919
0.33680508
0.33794135
0.33894068
0.33995047
0.34096959
0.34197906
0.34298262
0.34398344
0.34498075
0.34597716
0.34695837
0.34794652
0.34896699
0.34978095
0.34753075
0.34497273
0.34562111
0.43803120
0.43936756
0.44071209
0.44206488
0.44342601
0.44479555
0.44617355
0.44756013
0.44895536
0.45035931
0.45177209
0.45319375
0.45462438
0.45606408
0.45751292
0.45897096
0.46043837
0.46191517
0.46340150
0.46489739
0.46640301
0.46791840
0.46944365
0.47097889
0.47252420
0.47407967
0.47564417
0.47722030
0.47880691
0.48040411
0.48201200
0.48363069
0.48526028
0.48690090
0.48855263
0.49021560
0.49188995
0.36140576
0.35864455
0.35854629
0.35414919
0.35322013
0.35299459
0.35281479
0.35267568
0.35260162
0.35258275
0.35261279
0.35273507
0.35287634
0.35303801
0.35319772
0.35333514
0.33966571
0.34401733
0.34906006
0.35472226
0.35826340
0.36064860
0.36298585
0.36534229
0.36774096
0.37014824
0.37257475
0.37503171
0.37755010
0.38015613
0.38291946
0.55224746
0.55437332
0.55651557
0.55867445
0.56085014
0.56304282
0.56525272
0.56748003
0.56972498
0.57198781
0.57426864
0.57656771
0.57888526
0.58122158
0.58357680
0.58595115
0.58834493
0.59075838
0.59319168
0.59564507
0.59811890
0.60061336
0.60312867
0.60566515
0.60822308
0.61080271
0.61340427
0.61602813
0.61867452
0.62134373
0.62403607
0.62675190
0.62949139
0.63225496
0.63504297
0.63785559
0.64069325
0.64355630
0.64644504
0.64935750
0.65229863
0.65526658
0.65826166
0.66128427
0.66433471
0.66741347
0.67052084
0.67365736
0.67682332
0.68001914
0.68324530
0.68650228
0.68979043
0.69311017
0.69646209
0.69984657
0.70326406
0.70671517
0.71020025
0.71355397
0.71662199
0.71910596
0.72132063
0.72281152
0.72418773
0.72492802
0.72558403
0.72569644
0.72577041
0.72528243
0.72478044
0.72415239
0.72352248
0.72421128
1.51782703
1.52599871
1.53425884
1.54260886
1.55105019
1.55958450
1.56819940
1.57692397
1.58574605
1.59466755
1.60369003
1.61281502
1.62204456
1.63138032
1.64080906
1.65036273
1.66002822
1.66980767
1.67970300
1.68971634
1.69984984
1.71008909
1.72046912
1.73097587
1.74161172
1.75237918
1.76328051
1.77431846
1.78547740
1.79679585
1.80825865
1.81986868
1.83162868
1.84354174
1.85561073
1.86783886
1.88020933
1.89276481
1.90548909
1.91838574
1.93145800
1.94470978
1.95814455
1.97174442
1.98555672
1.99956381
2.01377010
2.02817941
2.04279661
2.05762601
2.07264829
2.08791590
2.10341001
2.11913586
2.13509870
2.15130377
2.16775680
2.18446326
2.20140219
2.21863341
2.23613644
2.25391793
2.27198458
2.29034305
2.30900073
2.32793427
2.34721208
2.36678028
2.38670945
2.40697694
2.42759180
2.44856286
2.46989918
2.49157596
0.39135510
0.39242148
0.31175682
0.31255385
0.31389815
0.31811446
0.32174850
0.32272851
0.32367980
0.32462427
0.32555461
0.32647774
0.32739890
0.32831797
0.32923555
0.32998505
0.33103073
0.33197284
0.33284003
0.33385882
0.33482781
0.33578154
0.33651793
0.33771631
0.33870333
0.33969423
0.34070072
0.34170792
0.34271517
0.34371775
0.34471953
0.34572315
0.34672588
0.34770727
0.34872839
0.34954259
0.35047790
0.34528324
0.34546149
0.34639931
0.43908143
0.44042420
0.44177523
0.44313458
0.44450229
0.44587851
0.44726324
0.44865662
0.45005873
0.45146960
0.45288932
0.45431805
0.45575580
0.45720267
0.45865875
0.46012416
0.46159896
0.46308324
0.46457708
0.46608061
0.46759388
0.46911702
0.47065014
0.47219327
0.47374657
0.47530887
0.47688279
0.47846714
0.48006207
0.48166767
0.48328403
0.48491129
0.48654953
0.48819888
0.48985946
0.49153137
0.49321473
0.49490967
0.35823455
0.35737580
0.35694724
0.35665616
0.35641408
0.35623291
0.35609466
0.35603839
0.35602057
0.35605335
0.35615307
0.35630921
0.35647476
0.35665116
0.35682634
0.35697445
0.35708833
0.34354329
0.34870106
0.35439384
0.35997617
0.36244777
0.36487648
0.36729932
0.36971003
0.37213156
0.37457082
0.37705186
0.37962267
0.38239053
0.55391788
0.55605662
0.55821192
0.56038398
0.56257302
0.56477928
0.56700283
0.56924403
0.57150298
0.57377994
0.57607508
0.57838869
0.58072096
0.58307213
0.58544236
0.58783197
0.59024119
0.59267026
0.59511936
0.59758675
0.60007679
0.60258758
0.60511953
0.60767281
0.61024779
0.61284465
0.61546367
0.61810517
0.62076950
0.62345690
0.62616760
0.62890202
0.63166040
0.63444310
0.63725048
0.64008278
0.64294034
0.64582354
0.64873034
0.65166581
0.65462798
0.65761721
0.66063386
0.66367835
0.66675097
0.66985220
0.67298239
0.67614198
0.67933142
0.68255103
0.68580139
0.68908274
0.69239575
0.69574070
0.69911814
0.70252854
0.70597237
0.70945013
0.71296233
0.71627021
0.71935880
0.72172129
0.72387260
0.72532088
0.72658807
0.72733623
0.72788346
0.72799659
0.72795790
0.72746402
0.72693223
0.72630048
0.72577041
0.72709852
1.52424777
1.53248882
1.54081953
1.54922771
1.55774200
1.56635022
1.57505417
1.58385539
1.59275556
1.60175622
1.61084473
1.62005162
1.62936437
1.63878489
1.64831483
1.65795636
1.66771138
1.67756593
1.68755376
1.69766116
1.70789039
1.71824372
1.72872317
1.73933136
1.75007045
1.76092565
1.77193403
1.78308082
1.79436874
1.80580044
1.81737888
1.82910669
1.84096777
1.85300303
1.86519659
1.87755179
1.89007175
1.90275967
1.91561925
1.92865384
1.94184577
1.95524085
1.96882212
1.98259330
1.99655843
2.01072192
2.02508759
2.03963661
2.05441999
2.06941938
2.08463931
2.10008454
2.11576056
2.13167238
2.14779949
2.16419864
2.18085027
2.19775987
2.21493411
2.23237848
2.25010014
2.26810527
2.28637147
2.30496430
2.32386184
2.34307194
2.36260223
2.38242888
2.40262365
2.42313051
2.44402432
2.46528125
2.48691154
2.50892448
0.39219323
0.39326420
0.39434102
0.31309372
0.31410864
0.31607080
0.32053816
0.32333055
0.32431021
0.32525599
0.32619116
0.32711431
0.32804087
0.32896966
0.32989454
0.33072445
0.33165863
0.33257633
0.33360478
0.33459747
0.33556315
0.33630747
0.33749476
0.33846313
0.33944741
0.34044331
0.34144378
0.34244683
0.34344584
0.34445271
0.34545946
0.34646469
0.34746292
0.34849760
0.34933954
0.35063392
0.34648156
0.34543601
0.34619248
0.43879569
0.44013673
0.44148487
0.44284242
0.44420835
0.44558272
0.44696563
0.44835716
0.44975737
0.45116636
0.45258418
0.45401096
0.45544678
0.45689169
0.45834580
0.45980918
0.46128196
0.46276420
0.46425599
0.46575743
0.46726862
0.46878964
0.47032058
0.47186157
0.47341269
0.47497278
0.47654444
0.47812656
0.47971922
0.48132250
0.48293656
0.48456147
0.48619735
0.48784432
0.48950249
0.49117196
0.49285287
0.49454528
0.49624941
0.49796531
0.49969310
0.36172816
0.36095870
0.36045653
0.36008102
0.35985899
0.35970119
0.35964668
0.35965249
0.35970119
0.35977972
0.35988882
0.36002859
0.36018157
0.36035803
0.36052224
0.36064351
0.36074582
0.34815136
0.35399282
0.36073777
0.36436188
0.36683002
0.36926824
0.37168941
0.37411028
0.37655973
0.37909716
0.55346149
0.55559665
0.55774838
0.55991685
0.56210226
0.56430477
0.56652462
0.56876200
0.57101715
0.57329023
0.57558149
0.57789111
0.58021933
0.58256644
0.58493257
0.58731800
0.58972299
0.59214777
0.59459257
0.59705758
0.59954315
0.60204953
0.60457695
0.60712564
0.60969597
0.61228812
0.61490238
0.61753911
0.62019849
0.62288094
0.62558663
0.62831599
0.63106924
0.63384670
0.63664877
0.63947570
0.64232785
0.64520550
0.64810675
0.65103662
0.65399307
0.65697646
0.65998721
0.66302568
0.66609228
0.66918737
0.67231137
0.67546463
0.67864764
0.68186080
0.68510455
0.68837923
0.69168544
0.69502354
0.69839400
0.70179731
0.70523399
0.70870447
0.71220928
0.71574891
0.71900427
0.72211361
0.72435570
0.72638941
0.72785074
0.72900432
0.72975749
0.73019451
0.73030835
0.73015559
0.72966176
0.72909689
0.72846133
0.72808295
0.73023045
1.53070974
1.53902102
1.54742312
1.55591738
1.56450546
1.57318890
1.58195508
1.59083390
1.59981287
1.60889375
1.61807823
1.62736833
1.63676560
1.64627206
1.65587425
1.66560471
1.67545009
1.68541265
1.69549441
1.70569742
1.71602404
1.72645962
1.73703992
1.74775076
1.75859439
1.76957357
1.78069055
1.79194820
1.80333078
1.81487739
1.82657278
1.83841991
1.85042179
1.86258137
1.87490177
1.88738620
1.90001786
1.91284025
1.92583680
1.93901122
1.95236719
1.96590841
1.97963870
1.99353981
2.00766015
2.02198219
2.03650975
2.05124760
2.06620049
2.08137298
2.09674501
2.11237097
2.12823176
2.14433241
2.16067839
2.17727566
2.19412994
2.21124697
2.22860551
2.24626684
2.26421046
2.28244305
2.30097175
2.31980371
2.33894634
2.35840750
2.37813187
2.39825344
2.41871858
2.43953586
2.46071458
2.48226428
2.50419474
2.52648044
0.39303407
0.39410967
0.39519113
0.31391531
0.31463611
0.31575233
0.31835285
0.32229319
0.32482746
0.32588542
0.32681942
0.32775214
0.32868475
0.32961658
0.33054081
0.33139619
0.33240989
0.33338234
0.33437181
0.33524212
0.33607826
0.33724284
0.33821747
0.33919773
0.34019086
0.34118590
0.34218350
0.34318298
0.34418231
0.34518883
0.34619719
0.34720334
0.34826782
0.34909564
0.35022071
0.34694958
0.34540382
0.34598657
0.34710044
0.43984851
0.44119599
0.44255176
0.44391590
0.44528845
0.44666955
0.44805920
0.44945756
0.45086467
0.45228061
0.45370546
0.45513934
0.45658228
0.45803443
0.45949584
0.46096659
0.46244681
0.46393654
0.46543592
0.46694499
0.46846393
0.46999276
0.47153157
0.47308052
0.47463968
0.47620788
0.47778776
0.47937813
0.48097914
0.48259091
0.48421347
0.48584703
0.48749161
0.48914737
0.49081442
0.49249285
0.49418283
0.49588442
0.49759778
0.49932304
0.50106031
0.50280964
0.50457132
0.36499619
0.36436710
0.36390230
0.36361387
0.36338747
0.36324212
0.36319247
0.36322951
0.36330441
0.36336818
0.36346611
0.36359680
0.36374390
0.36390230
0.36410180
0.36429700
0.34900463
0.35358289
0.36039305
0.36617050
0.36880383
0.37125528
0.37366188
0.37607920
0.37858757
0.55513924
0.55728740
0.55945230
0.56163406
0.56383288
0.56604904
0.56828266
0.57053393
0.57280320
0.57509053
0.57739621
0.57972050
0.58206350
0.58442557
0.58680689
0.58920765
0.59162819
0.59406865
0.59652936
0.59901053
0.60151243
0.60403532
0.60657948
0.60914510
0.61173260
0.61434209
0.61697400
0.61962855
0.62230605
0.62500453
0.62772882
0.63047689
0.63324916
0.63604593
0.63886750
0.64171416
0.64458638
0.64748204
0.65040618
0.65335691
0.65633452
0.65933937
0.66237187
0.66543239
0.66852134
0.67163914
0.67478609
0.67796266
0.68116933
0.68440646
0.68767452
0.69097394
0.69430512
0.69766861
0.70106488
0.70449430
0.70795751
0.71145493
0.71498704
0.71855438
0.72176224
0.72474796
0.72700649
0.72892672
0.73039830
0.73143673
0.73219490
0.73252034
0.73263788
0.73236966
0.73186976
0.73127747
0.73063511
0.73049718
1.52894795
1.53724003
1.54562259
1.55409706
1.56265128
1.57131410
1.58007348
1.58893096
1.59788847
1.60694742
1.61610973
1.62536228
1.63473630
1.64421916
1.65381277
1.66351891
1.67333961
1.68327701
1.69331694
1.70349371
1.71379364
1.72421873
1.73477149
1.74545431
1.75626934
1.76721942
1.77828896
1.78951621
1.80088603
1.81240118
1.82406461
1.83587921
1.84784770
1.85995388
1.87223947
1.88468850
1.89730406
1.91008973
1.92304885
1.93618500
1.94950187
1.96298158
1.97667098
1.99055254
2.00463057
2.01890898
2.03339243
2.04808521
2.06296778
2.07809258
2.09344077
2.10901737
2.12482738
2.14087653
2.15716958
2.17368627
2.19048476
2.20754480
2.22487283
2.24247479
2.26035786
2.27852821
2.29699302
2.31572938
2.33480453
2.35419679
2.37388206
2.39393163
2.41432261
2.43506384
2.45613074
2.47760010
2.49944782
2.52168417
2.54432011
0.39387941
0.39495963
0.39604577
0.39713791
0.31530377
0.31616399
0.31744844
0.32027403
0.32359740
0.32612124
0.32745972
0.32839125
0.32933360
0.33026546
0.33119950
0.33200443
0.33310661
0.33410195
0.33481207
0.33596152
0.33698425
0.33795547
0.33893874
0.33992645
0.34091866
0.34191534
0.34291786
0.34391829
0.34492195
0.34593347
0.34695092
0.34794652
0.34894031
0.34973148
0.34667793
0.34521961
0.34578964
0.34671912
0.43956175
0.44090748
0.44226149
0.44362381
0.44499457
0.44637382
0.44776165
0.44915816
0.45056224
0.45197627
0.45339921
0.45483115
0.45627216
0.45772231
0.45918173
0.46065047
0.46212864
0.46361634
0.46511364
0.46662062
0.46813744
0.46966413
0.47120079
0.47274756
0.47430453
0.47587052
0.47744814
0.47903627
0.48063499
0.48224443
0.48386469
0.48549587
0.48713806
0.48879144
0.49045604
0.49213204
0.49381953
0.49551862
0.49722946
0.49895215
0.50068682
0.50243360
0.50419259
0.50596392
0.50774777
0.36917022
0.36825448
0.36774170
0.36736906
0.36709708
0.36691925
0.36680585
0.36676502
0.36678618
0.36685121
0.36694801
0.36704335
0.36714628
0.36730844
0.36752000
0.36772501
0.36794925
0.35309681
0.36017355
0.36618707
0.37081367
0.37321451
0.37561098
0.37808901
0.55682546
0.55898672
0.56116486
0.56336004
0.56557244
0.56780225
0.57004976
0.57231516
0.57459861
0.57690030
0.57922059
0.58155960
0.58391756
0.58629471
0.58869129
0.59110755
0.59354371
0.59600008
0.59847683
0.60097426
0.60349262
0.60603219
0.60859323
0.61117601
0.61378074
0.61640781
0.61905748
0.62173003
0.62442571
0.62714493
0.62988788
0.63265496
0.63544649
0.63826269
0.64110404
0.64397073
0.64686322
0.64977944
0.65272444
0.65569627
0.65869528
0.66172183
0.66477633
0.66785920
0.67097074
0.67411143
0.67728168
0.68048185
0.68371248
0.68697387
0.69026655
0.69359094
0.69694746
0.70033669
0.70375901
0.70721495
0.71070498
0.71422964
0.71778947
0.72138494
0.72453851
0.72740459
0.72967970
0.73147881
0.73296374
0.73388541
0.73465174
0.73486400
0.73498237
0.73459411
0.73409426
0.73346812
0.73282188
0.73306030
1.53544986
1.54381287
1.55226755
1.56081522
1.56945765
1.57819617
1.58703268
1.59595430
1.60499132
1.61413133
1.62337589
1.63272703
1.64218652
1.65175629
1.66143823
1.67121863
1.68113077
1.69116116
1.70131207
1.71158540
1.72198367
1.73250902
1.74314678
1.75393319
1.76485395
1.77591157
1.78710866
1.79844785
1.80993176
1.82156336
1.83332658
1.84526169
1.85735333
1.86960447
1.88201833
1.89459801
1.90734708
1.92024827
1.93334603
1.94662380
1.96008515
1.97373402
1.98757422
2.00161004
2.01582241
2.03026152
2.04490876
2.05976892
2.07484674
2.09014678
2.10567427
2.12143421
2.13740611
2.15364623
2.17013526
2.18687868
2.20388246
2.22115254
2.23869562
2.25648952
2.27459741
2.29299831
2.31169939
2.33070803
2.35003209
2.36964726
2.38962507
2.40990996
2.43057513
2.45159793
2.47298765
2.49475360
2.51690650
2.53945613
2.56237650
0.39472753
0.39581239
0.39690325
0.39800012
0.39910311
0.31672993
0.31771642
0.31896037
0.32139063
0.32465565
0.32712451
0.32906148
0.32999545
0.33092427
0.33185092
0.33270130
0.33352914
0.33461946
0.33574608
0.33670697
0.33768684
0.33867240
0.33966181
0.34065247
0.34164691
0.34263599
0.34363747
0.34464413
0.34565735
0.34665903
0.34763935
0.34893826
0.34745750
0.34582928
0.34497073
0.34559697
0.34648022
0.43927431
0.44061828
0.44197050
0.44333103
0.44469997
0.44607741
0.44746339
0.44885802
0.45026135
0.45167351
0.45309454
0.45452455
0.45596358
0.45741180
0.45886922
0.46033597
0.46181211
0.46329775
0.46479300
0.46629792
0.46781263
0.46933720
0.47087175
0.47241634
0.47397113
0.47553489
0.47711030
0.47869617
0.48029262
0.48189977
0.48351771
0.48514652
0.48678637
0.48843732
0.49009955
0.49177310
0.49345812
0.49515474
0.49686304
0.49858320
0.50031531
0.50205946
0.50381583
0.50558454
0.50736570
0.50915951
0.51096594
0.51278532
0.37215334
0.37150633
0.37109044
0.37078202
0.37056664
0.37040550
0.37033612
0.37030300
0.37033382
0.37036386
0.37043479
0.37053964
0.37067237
0.37089017
0.37110823
0.37135676
0.37160560
0.35990921
0.36557341
0.37220860
0.37513998
0.37755331
0.55852365
0.56069821
0.56288970
0.56509840
0.56732452
0.56956822
0.57182974
0.57410932
0.57640713
0.57872343
0.58105838
0.58341229
0.58578533
0.58817774
0.59058976
0.59302169
0.59547371
0.59794611
0.60043907
0.60295296
0.60548800
0.60804439
0.61062038
0.61322045
0.61584270
0.61848748
0.62115508
0.62384582
0.62655991
0.62929779
0.63205969
0.63484591
0.63765681
0.64049274
0.64335394
0.64624089
0.64915144
0.65209079
0.65505683
0.65804994
0.66107059
0.66411906
0.66719580
0.67030120
0.67343563
0.67659944
0.67979318
0.68301725
0.68627203
0.68955791
0.69287544
0.69622511
0.69960725
0.70302242
0.70647115
0.70995384
0.71347100
0.71702325
0.72061104
0.72417593
0.72733027
0.73004478
0.73232746
0.73397315
0.73546523
0.73625612
0.73699993
0.73715562
0.73730212
0.73683518
0.73632008
0.73567188
0.73505521
0.73572969
1.54202080
1.55045569
1.55898345
1.56760550
1.57630944
1.58512473
1.59403920
1.60305452
1.61217237
1.62139452
1.63072276
1.64014387
1.64968967
1.65934741
1.66911876
1.67900598
1.68901098
1.69913590
1.70938289
1.71973777
1.73023558
1.74086237
1.75162041
1.76251233
1.77354062
1.78470767
1.79599810
1.80745077
1.81905031
1.83079982
1.84270203
1.85476005
1.86697686
1.87933588
1.89187968
1.90459204
1.91747642
1.93053639
1.94377530
1.95719719
1.97080576
1.98458266
1.99857605
2.01276803
2.02716327
2.04176569
2.05658007
2.07161093
2.08683872
2.10231686
2.11802626
2.13397241
2.15016031
2.16659570
2.18328428
2.20023203
2.21741724
2.23490119
2.25266290
2.27070928
2.28904724
2.30768347
2.32662606
2.34585094
2.36542773
2.38530207
2.40554571
2.42613602
2.44708180
2.46839237
2.49004245
2.51211119
2.53457451
2.55744338
2.57777619
0.39558017
0.39666975
0.39776534
0.39886698
0.39997476
0.40108871
0.31826860
0.31923839
0.32030803
0.32214853
0.32525778
0.32784450
0.33015886
0.33158818
0.33254156
0.33350414
0.33448052
0.33544427
0.33641934
0.33740649
0.33839941
0.33938786
0.34038147
0.34136978
0.34235856
0.34334913
0.34434611
0.34535491
0.34646538
0.34750974
0.34676707
0.34566206
0.34457675
0.34459674
0.34537768
0.34622818
0.43898830
0.44033051
0.44168097
0.44303972
0.44440687
0.44578248
0.44716662
0.44855827
0.44995973
0.45137000
0.45278910
0.45421720
0.45565429
0.45710051
0.45855597
0.46002069
0.46149483
0.46297845
0.46447161
0.46597445
0.46748704
0.46900949
0.47054189
0.47208431
0.47363693
0.47519848
0.47677165
0.47835526
0.47994944
0.48155430
0.48316988
0.48479638
0.48643386
0.48808241
0.48974222
0.49141333
0.49309587
0.49478999
0.49649578
0.49821338
0.49994290
0.50168449
0.50343823
0.50520426
0.50698274
0.50877380
0.51057756
0.51239419
0.51422375
0.51606643
0.51792234
0.37522143
0.37473562
0.37439987
0.37415433
0.37397668
0.37385258
0.37378034
0.37375915
0.37378585
0.37382665
0.37391540
0.37407097
0.37427390
0.37448335
0.37473011
0.37497956
0.35953844
0.36531305
0.37150556
0.55805963
0.56023055
0.56241840
0.56462342
0.56684577
0.56908566
0.57134336
0.57361907
0.57591295
0.57822526
0.58055621
0.58290601
0.58527493
0.58766317
0.59007096
0.59249860
0.59494627
0.59741431
0.59990287
0.60241222
0.60494268
0.60749447
0.61006790
0.61266321
0.61528069
0.61792070
0.62058336
0.62326914
0.62597823
0.62871099
0.63146770
0.63424873
0.63705432
0.63988489
0.64274067
0.64562207
0.64852709
0.65146071
0.65442103
0.65740836
0.66042310
0.66346556
0.66653627
0.66963547
0.67276365
0.67592120
0.67910850
0.68232602
0.68557423
0.68885344
0.69216418
0.69550693
0.69888210
0.70229018
0.70573169
0.70920706
0.71271688
0.71626157
0.71984166
0.72345781
0.72694415
0.73012263
0.73266202
0.73494291
0.73644191
0.73779112
0.73858094
0.73918205
0.73933864
0.73934174
0.73889673
0.73840934
0.73782170
0.73733270
0.73867595
1.54863477
1.55714238
1.56574404
1.57444119
1.58323550
1.59212863
1.60112226
1.61021817
1.61940312
1.62870836
1.63812125
1.64764357
1.65727723
1.66702414
1.67688644
1.68685007
1.69694912
1.70716977
1.71751416
1.72798479
1.73858392
1.74931371
1.76015949
1.77115822
1.78229523
1.79357314
1.80499482
1.81656277
1.82827997
1.84014940
1.85215461
1.86433709
1.87668073
1.88918900
1.90186524
1.91471255
1.92773473
1.94091403
1.95429635
1.96786439
1.98162210
1.99557364
2.00972295
2.02407432
2.03863215
2.05337739
2.06836128
2.08356547
2.09899497
2.11465478
2.13054967
2.14668560
2.16304135
2.17967510
2.19656658
2.21372199
2.23114753
2.24884939
2.26683450
2.28508019
2.30365181
2.32252765
2.34171557
2.36122322
2.38102674
2.40119743
2.42171311
2.44254851
2.46377993
2.48538351
2.50736952
2.52974772
2.55252910
2.57572460
2.57099986
0.39643565
0.39752993
0.39863029
0.39973673
0.40084937
0.40196818
0.40309328
0.31996658
0.32076168
0.32178164
0.32316032
0.32529521
0.32790187
0.33033776
0.33281699
0.33421487
0.33519351
0.33617789
0.33715978
0.33814165
0.33912602
0.34010768
0.34108326
0.34211969
0.34328160
0.34438008
0.34506300
0.34508175
0.34483239
0.34436476
0.34363878
0.34353730
0.34416169
0.34509513
0.34597513
0.43870160
0.44004205
0.44139072
0.44274771
0.44411305
0.44548681
0.44686913
0.44826007
0.44965965
0.45106801
0.45248523
0.45391139
0.45534658
0.45679086
0.45824432
0.45970705
0.46117917
0.46266076
0.46415186
0.46565264
0.46716315
0.46868348
0.47021374
0.47175401
0.47330442
0.47486508
0.47643477
0.47801614
0.47960806
0.48121062
0.48282391
0.48444805
0.48608318
0.48772937
0.48938674
0.49105543
0.49273553
0.49442717
0.49613047
0.49784553
0.49957249
0.50131148
0.50306261
0.50482601
0.50660187
0.50839019
0.51019126
0.51200509
0.51383185
0.51567173
0.51752478
0.51939124
0.52127123
0.52316481
0.37845477
0.37808019
0.37779772
0.37756133
0.37739402
0.37727723
0.37720209
0.37718770
0.37723887
0.37735802
0.37752929
0.37774399
0.37796617
0.37823763
0.37850869
0.55544758
0.36461118
0.37113452
0.56194967
0.56415099
0.56636959
0.56860578
0.57085967
0.57313144
0.57542145
0.57772982
0.58005673
0.58240253
0.58476734
0.58715141
0.58955503
0.59197843
0.59442180
0.59688544
0.59936959
0.60187447
0.60440040
0.60694760
0.60951638
0.61210704
0.61471975
0.61735487
0.62001270
0.62269354
0.62539762
0.62812531
0.63087690
0.63365269
0.63645297
0.63927817
0.64212853
0.64500213
0.64790154
0.65082949
0.65378404
0.65676558
0.65977436
0.66281092
0.66587549
0.66896856
0.67209053
0.67524171
0.67842263
0.68163365
0.68487519
0.68814772
0.69145167
0.69478750
0.69815570
0.70155668
0.70499098
0.70845908
0.71196145
0.71549863
0.71907109
0.72267944
0.72632420
0.72973353
0.73293960
0.73529810
0.73741519
0.73892736
0.74012256
0.74092042
0.74138021
0.74153775
0.74139565
0.74094510
0.74042118
0.73983032
0.73953831
0.74201691
1.55531919
1.56390059
1.57257736
1.58135080
1.59020853
1.59918046
1.60825408
1.61743140
1.62671387
1.63610363
1.64560246
1.65519679
1.66491926
1.67475653
1.68471074
1.69478405
1.70497859
1.71529639
1.72573996
1.73629451
1.74699605
1.75783026
1.76879978
1.77990711
1.79115474
1.80254555
1.81406355
1.82574844
1.83758485
1.84957576
1.86172414
1.87403321
1.88650608
1.89914620
1.91193616
1.92492044
1.93808234
1.95142543
1.96495354
1.97867048
1.99258029
2.00666451
2.02097201
2.03548503
2.05020809
2.06514573
2.08030248
2.09568357
2.11126876
2.12711263
2.14319634
2.15952516
2.17610455
2.19294047
2.21003890
2.22740626
2.24502039
2.26294398
2.28115606
2.29966378
2.31847405
2.33759475
2.35703349
2.37673473
2.39683270
2.41727328
2.43806553
2.45921874
2.48074222
2.50264573
2.52490354
2.54759741
2.57070279
2.57204008
2.56425905
0.39729568
0.39839473
0.39949989
0.40061119
0.40172869
0.40285245
0.40398249
0.40511891
0.40626174
0.32229611
0.32330823
0.32432970
0.32571605
0.32737118
0.32951346
0.33149371
0.33327374
0.33511651
0.33707103
0.33825794
0.33922231
0.33995306
0.34057814
0.34118068
0.34167054
0.34200269
0.34209865
0.34199876
0.34191731
0.34224930
0.34290728
0.34388575
0.34479967
0.43708575
0.43841633
0.43975505
0.44110197
0.44245717
0.44382071
0.44519269
0.44657317
0.44796225
0.44935998
0.45076647
0.45218179
0.45360604
0.45503926
0.45648161
0.45793310
0.45939386
0.46086395
0.46234351
0.46383259
0.46533129
0.46683845
0.46835667
0.46988481
0.47142294
0.47297117
0.47452959
0.47609708
0.47767621
0.47926584
0.48086610
0.48247710
0.48409891
0.48573166
0.48737547
0.48903045
0.49069670
0.49237433
0.49406350
0.49576429
0.49747682
0.49920121
0.50093764
0.50268614
0.50444692
0.50622004
0.50800574
0.50980401
0.51161510
0.51343912
0.51527613
0.51712638
0.51898992
0.52086699
0.52275771
0.52466214
0.52658051
0.52851295
0.38184503
0.38147187
0.38114107
0.38090211
0.38077012
0.38069111
0.38070333
0.38079455
0.38098770
0.38126761
0.38180000
0.55285811
0.55498862
0.55713564
0.55929935
0.56147993
0.56367755
0.56589246
0.56812483
0.57037491
0.57264286
0.57492894
0.57723331
0.57955629
0.58189797
0.58425868
0.58663863
0.58903801
0.59145713
0.59389621
0.59635550
0.59883523
0.60133564
0.60385704
0.60639971
0.60896385
0.61154974
0.61415774
0.61678803
0.61944097
0.62211680
0.62481588
0.62753850
0.63028491
0.63305545
0.63585049
0.63867033
0.64151531
0.64438570
0.64728189
0.65020192
0.65315074
0.65612644
0.65912944
0.66215998
0.66521853
0.66830552
0.67142123
0.67456615
0.67774069
0.68094522
0.68418026
0.68744612
0.69074333
0.69407231
0.69743353
0.70082748
0.70425463
0.70771545
0.71121043
0.71474016
0.71830505
0.72190571
0.72554260
0.72921634
0.73254442
0.73562932
0.73795325
0.73990721
0.74142963
0.74247187
0.74327171
0.74358845
0.74374688
0.74345797
0.74300492
0.74244398
0.74184990
0.74186844
1.55350029
1.56206167
1.57070398
1.57945657
1.58830714
1.59725749
1.60630941
1.61546433
1.62472427
1.63407600
1.64355123
1.65313697
1.66283512
1.67264771
1.68257689
1.69262457
1.70277679
1.71306789
1.72348416
1.73402798
1.74470150
1.75550723
1.76644778
1.77752542
1.78872490
1.80008471
1.81158960
1.82324255
1.83504641
1.84700406
1.85911858
1.87137341
1.88381088
1.89641464
1.90918827
1.92213511
1.93525887
1.94856298
1.96202958
1.97570562
1.98957360
2.00363779
2.01790190
2.03237081
2.04704881
2.06194019
2.07702565
2.09235811
2.10791850
2.12371206
2.13974404
2.15602016
2.17254543
2.18929935
2.20634103
2.22364998
2.24123263
2.25909543
2.27724552
2.29568958
2.31443477
2.33345795
2.35282755
2.37248993
2.39251566
2.41288257
2.43359900
2.45467448
2.47608352
2.49790454
2.52011347
2.54272079
2.56573749
2.57311821
2.56533074
2.55755353
0.39815861
0.39926243
0.40037242
0.40148857
0.40261099
0.40373969
0.40487471
0.40601617
0.40716407
0.40831846
0.40947944
0.32487428
0.32586512
0.32688123
0.32792422
0.32923982
0.33047760
0.33191961
0.33326313
0.33451384
0.33563530
0.33656502
0.33745509
0.33813071
0.33867177
0.33921325
0.33993036
0.34064919
0.34161806
0.34258324
0.34344649
0.43548071
0.43680152
0.43813038
0.43946734
0.44081250
0.44216591
0.44352767
0.44489783
0.44627646
0.44766369
0.44905958
0.45046419
0.45187759
0.45329991
0.45473123
0.45617160
0.45762110
0.45907986
0.46054798
0.46202549
0.46351251
0.46500912
0.46651545
0.46803159
0.46955758
0.47109357
0.47263962
0.47419587
0.47576112
0.47733805
0.47892544
0.48052341
0.48213211
0.48375160
0.48538199
0.48702344
0.48867601
0.49033985
0.49201503
0.49370173
0.49540001
0.49711004
0.49883190
0.50056571
0.50231165
0.50406981
0.50584030
0.50762326
0.50941885
0.51122719
0.51304841
0.51488268
0.51673007
0.51859075
0.52046496
0.52235270
0.52425420
0.52616960
0.52809906
0.53004265
0.53200066
0.38574079
0.38523740
0.38482597
0.38450509
0.38435316
0.38435981
0.38452169
0.54819965
0.55029440
0.55240518
0.55453217
0.55667567
0.55883580
0.56101274
0.56320673
0.56541789
0.56764656
0.56989282
0.57215691
0.57443911
0.57673955
0.57905853
0.58139622
0.58375287
0.58612865
0.58852392
0.59093881
0.59337360
0.59582853
0.59830385
0.60079986
0.60331672
0.60585481
0.60841435
0.61099559
0.61359882
0.61622429
0.61887240
0.62154335
0.62423742
0.62695497
0.62969625
0.63246167
0.63525146
0.63806593
0.64090550
0.64377046
0.64665878
0.64957315
0.65251625
0.65548617
0.65848327
0.66150790
0.66456044
0.66764122
0.67075080
0.67388940
0.67705756
0.68025565
0.68348408
0.68674326
0.69003373
0.69335586
0.69671017
0.70009702
0.70351702
0.70697057
0.71045822
0.71398044
0.71753770
0.72113067
0.72475976
0.72842556
0.73212868
0.73537707
0.73828685
0.74062759
0.74241608
0.74394894
0.74483615
0.74564111
0.74580979
0.74596918
0.74553180
0.74507618
0.74447787
0.74389297
0.74448723
1.56021333
1.56884897
1.57758081
1.58641028
1.59533930
1.60435486
1.61348748
1.62272477
1.63206840
1.64152026
1.65108216
1.66075623
1.67054427
1.68043244
1.69045448
1.70059681
1.71086156
1.72125101
1.73176742
1.74241304
1.75317311
1.76408434
1.77513230
1.78631961
1.79764867
1.80912244
1.82074356
1.83249605
1.84442043
1.85650098
1.86874080
1.88114321
1.89371121
1.90644836
1.91935790
1.93242252
1.94568753
1.95913589
1.97277153
1.98659825
2.00062013
2.01484132
2.02924299
2.04387569
2.05872083
2.07378316
2.08906746
2.10457873
2.12032223
2.13630295
2.15250039
2.16897178
2.18569708
2.20268250
2.21993375
2.23745751
2.25526023
2.27331924
2.29169941
2.31037927
2.32936621
2.34866762
2.36826015
2.38821435
2.40847516
2.42911577
2.45011306
2.47147679
2.49321628
2.51534152
2.53786302
2.56079149
2.57416010
2.56636643
2.55861974
2.55088305
0.39902616
0.40013480
0.40124965
0.40237072
0.40349805
0.40463176
0.40577182
0.40691835
0.40807134
0.40923092
0.41039708
0.41156992
0.41274950
0.32760134
0.32846096
0.32939881
0.33039540
0.33139744
0.33238816
0.33340794
0.33438188
0.33536530
0.33633608
0.33731759
0.33831838
0.33931476
0.34031835
0.34130302
0.34191993
0.43388847
0.43519962
0.43651873
0.43784586
0.43918109
0.44052449
0.44187614
0.44323608
0.44460446
0.44598129
0.44736668
0.44876069
0.45016342
0.45157495
0.45299536
0.45442474
0.45586318
0.45731074
0.45876750
0.46023360
0.46170911
0.46319410
0.46468866
0.46619290
0.46770570
0.46922955
0.47076339
0.47230729
0.47386134
0.47542438
0.47699907
0.47858420
0.48017991
0.48178628
0.48340344
0.48503152
0.48667058
0.48832077
0.48998216
0.49165493
0.49333912
0.49503493
0.49674240
0.49846172
0.50019294
0.50193632
0.50369179
0.50545967
0.50723994
0.50903279
0.51083839
0.51265687
0.51448828
0.51633286
0.51819068
0.52006197
0.52194679
0.52384531
0.52575773
0.52768415
0.52962476
0.53157967
0.53354907
0.53553313
0.53753197
0.38910434
0.38848272
0.38820058
0.54567885
0.54775429
0.54984391
0.55195123
0.55407476
0.55621469
0.55837125
0.56054455
0.56273490
0.56494236
0.56716722
0.56940973
0.57167000
0.57394826
0.57624483
0.57855976
0.58089340
0.58324599
0.58561766
0.58800870
0.59041935
0.59284985
0.59530044
0.59777141
0.60026294
0.60277534
0.60530883
0.60786372
0.61044031
0.61303878
0.61565953
0.61830270
0.62096876
0.62365782
0.62637031
0.62910652
0.63186669
0.63465124
0.63746041
0.64029455
0.64315403
0.64603919
0.64894795
0.65188539
0.65484959
0.65784079
0.66085953
0.66390604
0.66698080
0.67008418
0.67321658
0.67637837
0.67957002
0.68279195
0.68604451
0.68932825
0.69264358
0.69599098
0.69937086
0.70278370
0.70623010
0.70971036
0.71322519
0.71677494
0.72036022
0.72398156
0.72763950
0.73133457
0.73497933
0.73823172
0.74095130
0.74329966
0.74491096
0.74636334
0.74719667
0.74788105
0.74804449
0.74807590
0.74762034
0.74712455
0.74652296
0.74601609
0.74737865
1.56699824
1.57570946
1.58450389
1.59341133
1.60241950
1.61153018
1.62074494
1.63006568
1.63949430
1.64901733
1.65866709
1.66843045
1.67830944
1.68830609
1.69842255
1.70866096
1.71900702
1.72949588
1.74011350
1.75086236
1.76174486
1.77276337
1.78392065
1.79521930
1.80664361
1.81823277
1.82997167
1.84186304
1.85391009
1.86611569
1.87848306
1.89099538
1.90369582
1.91656804
1.92961550
1.94284189
1.95625079
1.96984613
1.98363173
1.99758911
2.01176715
2.02614784
2.04073572
2.05553508
2.07055068
2.08578730
2.10122490
2.11691809
2.13284731
2.14901805
2.16543603
2.18210673
2.19903612
2.21623015
2.23366714
2.25140929
2.26943541
2.28775263
2.30636787
2.32528877
2.34452248
2.36404562
2.38389659
2.40411615
2.42468190
2.44560242
2.46688700
2.48854542
2.51055217
2.53298759
2.55582762
2.57520294
2.56740284
2.55964994
2.55194354
2.54428363
0.39989659
0.40101010
0.40212983
0.40325582
0.40438816
0.40552685
0.40667197
0.40782359
0.40898174
0.41014650
0.41131791
0.41249603
0.41368091
0.41487262
0.41607121
0.41727677
0.41848931
0.41970792
0.33315086
0.33409256
0.33508623
0.33607572
0.33707744
0.33802029
0.42844841
0.42972684
0.43101293
0.43230677
0.43360835
0.43491784
0.43623525
0.43756065
0.43889412
0.44023576
0.44158563
0.44294381
0.44431037
0.44568536
0.44706893
0.44846109
0.44986194
0.45127159
0.45269009
0.45411754
0.45555401
0.45699960
0.45845440
0.45991850
0.46139196
0.46287489
0.46436742
0.46586958
0.46738148
0.46890324
0.47043493
0.47197667
0.47352856
0.47508940
0.47666186
0.47824475
0.47983819
0.48144227
0.48305714
0.48468286
0.48631957
0.48796734
0.48962635
0.49129668
0.49297842
0.49467173
0.49637672
0.49809349
0.49982217
0.50156289
0.50331581
0.50508100
0.50685865
0.50864881
0.51045167
0.51226735
0.51409602
0.51593775
0.51779276
0.51966113
0.52154309
0.52343869
0.52534813
0.52727151
0.52920908
0.53116089
0.53312719
0.53510809
0.53710377
0.53911442
0.54114014
0.54318112
0.54523760
0.54730970
0.54939592
0.55149978
0.55361986
0.55575627
0.55790925
0.56007898
0.56226563
0.56446940
0.56669056
0.56892926
0.57118571
0.57346016
0.57575274
0.57806373
0.58039337
0.58274192
0.58510947
0.58749634
0.58990282
0.59232903
0.59477532
0.59724188
0.59972900
0.60223693
0.60476589
0.60731626
0.60988814
0.61248195
0.61509788
0.61773628
0.62039739
0.62308151
0.62578899
0.62852007
0.63127512
0.63405442
0.63685828
0.63968712
0.64254111
0.64542073
0.64832395
0.65125573
0.65421420
0.65719962
0.66021240
0.66325301
0.66632169
0.66941637
0.67254251
0.67569798
0.67888319
0.68209857
0.68534458
0.68862158
0.69193012
0.69527060
0.69864345
0.70204920
0.70548832
0.70896131
0.71246868
0.71601087
0.71958852
0.72320205
0.72685212
0.73053914
0.73426384
0.73780638
0.74108082
0.74356359
0.74577230
0.74732530
0.74858874
0.74942708
0.74994493
0.75015032
0.75006813
0.74967641
0.74918419
0.74857926
0.74826145
0.75081164
1.57382870
1.58261621
1.59150231
1.60048890
1.60957742
1.61875510
1.62805295
1.63745821
1.64697278
1.65659857
1.66633749
1.67619169
1.68616307
1.69623756
1.70644963
1.71678531
1.72724700
1.73783708
1.74855769
1.75941145
1.77038312
1.78151035
1.79277837
1.80418980
1.81574750
1.82745421
1.83931279
1.85132635
1.86347830
1.87581062
1.88830721
1.90097153
1.91380680
1.92681658
1.94000447
1.95335269
1.96690762
1.98065197
1.99458969
2.00872517
2.02306223
2.03760552
2.05233550
2.06730437
2.08249307
2.09790659
2.11354995
2.12942839
2.14554715
2.16191173
2.17850137
2.19537473
2.21251130
2.22991753
2.24759984
2.26556492
2.28381944
2.30234075
2.32119513
2.34036088
2.35984588
2.37962604
2.39977312
2.42026424
2.44107485
2.46228027
2.48385763
2.50581646
2.52816677
2.55091953
2.57408571
2.56844020
2.56068087
2.55296850
2.54530239
2.53768206
0.40077174
0.40189013
0.40301481
0.40414575
0.40528309
0.40642685
0.40757707
0.40873381
0.40989715
0.41106716
0.41224381
0.41342726
0.41461751
0.41581464
0.41701868
0.41822973
0.41944683
0.42067206
0.42190444
0.42314407
0.42439100
0.42564532
0.42690706
0.42817631
0.42945313
0.43073758
0.43202975
0.43332970
0.43463749
0.43595317
0.43727687
0.43860862
0.43994853
0.44129664
0.44265303
0.44401777
0.44539097
0.44677269
0.44816300
0.44956198
0.45096976
0.45238635
0.45381188
0.45524642
0.45669007
0.45814288
0.45960498
0.46107644
0.46255735
0.46404782
0.46554789
0.46705773
0.46857738
0.47010693
0.47164652
0.47319624
0.47475615
0.47632512
0.47790578
0.47949696
0.48109874
0.48271132
0.48433471
0.48596773
0.48761311
0.48926970
0.49093759
0.49261689
0.49430770
0.49601018
0.49772441
0.49945053
0.50118870
0.50293893
0.50470150
0.50647646
0.50826389
0.51006407
0.51187700
0.51370287
0.51554179
0.51739395
0.51925945
0.52113843
0.52303112
0.52493757
0.52685797
0.52879244
0.53074121
0.53270441
0.53468215
0.53667462
0.53868204
0.54070455
0.54274225
0.54479539
0.54686409
0.54894692
0.55104733
0.55316395
0.55529684
0.55744624
0.55961233
0.56179535
0.56399548
0.56621289
0.56844777
0.57070041
0.57297099
0.57525969
0.57756668
0.57989234
0.58223677
0.58460021
0.58698297
0.58938521
0.59180719
0.59424913
0.59671134
0.59919405
0.60169744
0.60422194
0.60676765
0.60933489
0.61192393
0.61453515
0.61716866
0.61982489
0.62250406
0.62520653
0.62793255
0.63068241
0.63345647
0.63625509
0.63907850
0.64192706
0.64480120
0.64769876
0.65062493
0.65357763
0.65655726
0.65956414
0.66259873
0.66566133
0.66875243
0.67187232
0.67502153
0.67820030
0.68140924
0.68464863
0.68791902
0.69122076
0.69455439
0.69792026
0.70131898
0.70475096
0.70821667
0.71171659
0.71525133
0.71882135
0.72242719
0.72606939
0.72974849
0.73346508
0.73721969
0.74064916
0.74382460
0.74619436
0.74819541
0.74975854
0.75082749
0.75167084
0.75201064
0.75222039
0.75195980
0.75156611
0.75105876
0.75052673
0.75061536
1.57196629
1.58073294
1.58959794
1.59854853
1.60761499
1.61678493
1.62606013
1.63544226
1.64493334
1.65453517
1.66423428
1.67406344
1.68400955
1.69407439
1.70426035
1.71456945
1.72500408
1.73556650
1.74624193
1.75706685
1.76802683
1.77912438
1.79036212
1.80174267
1.81326890
1.82492483
1.83675063
1.84873056
1.86086786
1.87316549
1.88562679
1.89825499
1.91103303
1.92400503
1.93715429
1.95048451
1.96399951
1.97770309
1.99159932
2.00569224
2.01996303
2.03446150
2.04916978
2.06409216
2.07923341
2.09459853
2.11019254
2.12599492
2.14206147
2.15837288
2.17493463
2.19175243
2.20883226
2.22618055
2.24380350
2.26167893
2.27987051
2.29835725
2.31714630
2.33624482
2.35566115
2.37537098
2.39541340
2.41582990
2.43659711
2.45772481
2.47922182
2.50109839
2.52336431
2.54599404
2.56907034
2.56947827
2.56171274
2.55399418
2.54632187
2.53869557
2.53111458
0.40164983
0.40277314
0.40390274
0.40503871
0.40618107
0.40732992
0.40848526
0.40964720
0.41081575
0.41199097
0.41317296
0.41436175
0.41555738
0.41675994
0.41796950
0.41918507
0.42040876
0.42163962
0.42287767
0.42412305
0.42537576
0.42663592
0.42790356
0.42917874
0.43046156
0.43175206
0.43305033
0.43435642
0.43567044
0.43699241
0.43832242
0.43966055
0.44100690
0.44236150
0.44372445
0.44509584
0.44647571
0.44786417
0.44926131
0.45066717
0.45208189
0.45350549
0.45493808
0.45637977
0.45783061
0.45929071
0.46076018
0.46223906
0.46372744
0.46522546
0.46673319
0.46825072
0.46977815
0.47131559
0.47286311
0.47442085
0.47598758
0.47756600
0.47915491
0.48075444
0.48236465
0.48398572
0.48561770
0.48726076
0.48891494
0.49058041
0.49225724
0.49394560
0.49564555
0.49735728
0.49908084
0.50081640
0.50256407
0.50432402
0.50609630
0.50788105
0.50967848
0.51148868
0.51331174
0.51514786
0.51699722
0.51885986
0.52073598
0.52262568
0.52452916
0.52644658
0.52837807
0.53032374
0.53228384
0.53425848
0.53624779
0.53825200
0.54027128
0.54230571
0.54435551
0.54642093
0.54850036
0.55059737
0.55271047
0.55483985
0.55698574
0.55914825
0.56132764
0.56352407
0.56573778
0.56796896
0.57021779
0.57248449
0.57476926
0.57707238
0.57939404
0.58173442
0.58409381
0.58647239
0.58887047
0.59128821
0.59372586
0.59618372
0.59866202
0.60116100
0.60368091
0.60622209
0.60878474
0.61136913
0.61397552
0.61660427
0.61925560
0.62192988
0.62462735
0.62734824
0.63009304
0.63286191
0.63565522
0.63847333
0.64131653
0.64418513
0.64707953
0.64999771
0.65294468
0.65591854
0.65891957
0.66194820
0.66500485
0.66808730
0.67120099
0.67434382
0.67751628
0.68071866
0.68395150
0.68721521
0.69051021
0.69383693
0.69719589
0.70058751
0.70401227
0.70747072
0.71096331
0.71449053
0.71805292
0.72165108
0.72528541
0.72895658
0.73266506
0.73641145
0.74019641
0.74351698
0.74645722
0.74884695
0.75063115
0.75220764
0.75307965
0.75387698
0.75408775
0.75425714
0.75386101
0.75344938
0.75291401
0.75240797
0.75317204
1.57884014
1.58768380
1.59662712
1.60567176
1.61481953
1.62407207
1.63343132
1.64288378
1.65246165
1.66215193
1.67195642
1.68187737
1.69191670
1.70207655
1.71234286
1.72275031
1.73328507
1.74394941
1.75474584
1.76567674
1.77674472
1.78793442
1.79928410
1.81077874
1.82242119
1.83421445
1.84616125
1.85826468
1.87052786
1.88293409
1.89552617
1.90828776
1.92122233
1.93433344
1.94762480
1.96110010
1.97474122
1.98859560
2.00264573
2.01689601
2.03135037
2.04601336
2.06088972
2.07598400
2.09127641
2.10682058
2.12259769
2.13861299
2.15487170
2.17137933
2.18814206
2.20513821
2.22242832
2.23999166
2.25783467
2.27596426
2.29438758
2.31311131
2.33211279
2.35145998
2.37109947
2.39110160
2.41144419
2.43213606
2.45318604
2.47460341
2.49636316
2.51854444
2.54112363
2.56411123
2.57051706
2.56274533
2.55502057
2.54734206
2.53970957
2.53212285
2.52458119
0.40253267
0.40366095
0.40479553
0.40593654
0.40708399
0.40823793
0.40939847
0.41056558
0.41173938
0.41291991
0.41410723
0.41530141
0.41650251
0.41771054
0.41892561
0.42014679
0.42137611
0.42261264
0.42385644
0.42510757
0.42636615
0.42763215
0.42890573
0.43018693
0.43147576
0.43277237
0.43407679
0.43538910
0.43670937
0.43803766
0.43937406
0.44071862
0.44207147
0.44343263
0.44480219
0.44618025
0.44756690
0.44896215
0.45036617
0.45177898
0.45320067
0.45463133
0.45607108
0.45751995
0.45897809
0.46044552
0.46192238
0.46340874
0.46490470
0.46641034
0.46792576
0.46945107
0.47098637
0.47253174
0.47408727
0.47565180
0.47722799
0.47881463
0.48041189
0.48201981
0.48363855
0.48526821
0.48690888
0.48856068
0.49022236
0.49189675
0.49358264
0.49528009
0.49698928
0.49871030
0.50044328
0.50218832
0.50394565
0.50571525
0.50749737
0.50929207
0.51109946
0.51291978
0.51475310
0.51659960
0.51845938
0.52033257
0.52221936
0.52411991
0.52603430
0.52796274
0.52990538
0.53186238
0.53383386
0.53582007
0.53782105
0.53983706
0.54186821
0.54391474
0.54597676
0.54805285
0.55014640
0.55225605
0.55438197
0.55652428
0.55868322
0.56085896
0.56305170
0.56526172
0.56748909
0.56973410
0.57199699
0.57427788
0.57657707
0.57889467
0.58123106
0.58358634
0.58596081
0.58835465
0.59076816
0.59320152
0.59565502
0.59812891
0.60062349
0.60313886
0.60567546
0.60823345
0.61081314
0.61341482
0.61603880
0.61868525
0.62135458
0.62404704
0.62676293
0.62950253
0.63226622
0.63505429
0.63786703
0.64070481
0.64356792
0.64645678
0.64936930
0.65231061
0.65527868
0.65827382
0.66129655
0.66434711
0.66742599
0.67053348
0.67367005
0.67683613
0.68003213
0.68325841
0.68651551
0.68980378
0.69312370
0.69647568
0.69986033
0.70327795
0.70672917
0.71021444
0.71373421
0.71728909
0.72087950
0.72450608
0.72816932
0.73186976
0.73560804
0.73938471
0.74308246
0.74640399
0.74910855
0.75150263
0.75308597
0.75448728
0.75534534
0.75596446
0.75617963
0.75616997
0.75576866
0.75531650
0.75477844
0.75436258
0.75621498
1.58578849
1.59471047
1.60373330
1.61284423
1.62207413
1.63141024
1.64085448
1.65040863
1.66007471
1.66985476
1.67973471
1.68974841
1.69988227
1.71013832
1.72051895
1.73102641
1.74166286
1.75243092
1.76331544
1.77435374
1.78553116
1.79685020
1.80831373
1.81992447
1.83168519
1.84357989
1.85564947
1.86787808
1.88026881
1.89282513
1.90555036
1.91844773
1.93152094
1.94475222
1.95818758
1.97180998
1.98562312
1.99963117
2.01383829
2.02824879
2.04284358
2.05767369
2.07272053
2.08798933
2.10348463
2.11921144
2.13517547
2.15135574
2.16780949
2.18451691
2.20148373
2.21871638
2.23622084
2.25400352
2.27207160
2.29040194
2.30906057
2.32802558
2.34730482
2.36687469
2.38680530
2.40707469
2.42765808
2.44863009
2.46996784
2.49168062
2.51377845
2.53627181
2.55917144
2.57159400
2.56377888
2.55604792
2.54836321
2.54072475
2.53313184
2.52558422
2.51808143
0.40341851
0.40455174
0.40569136
0.40683743
0.40798998
0.40914908
0.41031480
0.41148716
0.41266623
0.41385210
0.41504481
0.41624439
0.41745093
0.41866452
0.41988418
0.42111194
0.42234692
0.42358914
0.42483872
0.42609566
0.42736009
0.42863205
0.42991158
0.43119878
0.43249372
0.43379647
0.43510708
0.43642563
0.43775219
0.43908685
0.44042966
0.44178072
0.44314009
0.44450787
0.44588408
0.44726887
0.44866228
0.45006439
0.45147532
0.45289510
0.45432383
0.45576161
0.45720854
0.45866466
0.46013010
0.46160492
0.46308926
0.46458313
0.46608672
0.46760002
0.46912321
0.47065634
0.47219953
0.47375289
0.47531521
0.47688916
0.47847357
0.48006853
0.48167416
0.48329058
0.48491788
0.48655617
0.48820558
0.48986620
0.49153817
0.49322158
0.49491656
0.49662322
0.49834171
0.50007212
0.50181460
0.50356925
0.50533623
0.50711566
0.50890768
0.51071233
0.51252991
0.51436043
0.51620406
0.51806098
0.51993132
0.52181524
0.52371281
0.52562422
0.52754968
0.52948928
0.53144318
0.53341156
0.53539461
0.53739238
0.53940517
0.54143310
0.54347634
0.54553503
0.54760939
0.54969788
0.55180407
0.55392647
0.55606526
0.55822068
0.56039280
0.56258190
0.56478822
0.56701189
0.56925309
0.57151216
0.57378918
0.57608443
0.57839811
0.58073044
0.58308166
0.58545202
0.58784169
0.59025097
0.59268010
0.59512931
0.59759879
0.60008889
0.60259986
0.60513186
0.60768527
0.61026031
0.61285728
0.61547643
0.61811811
0.62078249
0.62346995
0.62618083
0.62891537
0.63167387
0.63445669
0.63726413
0.64009655
0.64295423
0.64583760
0.64874452
0.65168011
0.65464246
0.65763181
0.66064858
0.66369319
0.66676593
0.66986734
0.67299765
0.67615741
0.67934698
0.68256676
0.68581724
0.68909878
0.69241190
0.69575703
0.69913465
0.70254242
0.70598638
0.70946431
0.71297663
0.71652395
0.72010666
0.72372544
0.72738081
0.73107320
0.73480332
0.73857170
0.74237895
0.74596608
0.74931669
0.75178194
0.75396001
0.75555372
0.75676149
0.75762475
0.75806355
0.75827992
0.75808936
0.75768924
0.75719285
0.75664890
0.75659424
1.58388352
1.59278405
1.60178506
1.61088848
1.62009585
1.62940919
1.63883007
1.64836061
1.65798724
1.66774261
1.67761338
1.68760180
1.69770980
1.70793962
1.71829343
1.72875679
1.73936534
1.75010490
1.76097798
1.77198684
1.78313434
1.79442298
1.80585539
1.81741595
1.82914424
1.84102488
1.85306084
1.86525524
1.87761116
1.89013195
1.90280044
1.91566050
1.92869556
1.94190931
1.95530534
1.96888745
1.98265958
1.99660325
2.01076722
2.02513361
2.03970671
2.05449128
2.06949139
2.08471251
2.10015893
2.11581087
2.13172340
2.14787722
2.16427755
2.18093038
2.19784141
2.21501660
2.23243451
2.25015712
2.26816320
2.28645968
2.30505371
2.32395291
2.34316444
2.36266494
2.38249254
2.40268850
2.42322946
2.44412494
2.46538377
2.48701572
2.50903058
2.53140259
2.55421400
2.57263470
2.56485033
2.55711269
2.54938507
2.54174042
2.53414154
2.52658796
2.51907921
2.51161480
0.40430915
0.40544742
0.40659210
0.40774325
0.40890095
0.41006523
0.41123620
0.41241384
0.41359824
0.41478947
0.41598758
0.41719264
0.41840470
0.41962284
0.42084908
0.42208251
0.42332318
0.42457119
0.42582658
0.42708939
0.42835972
0.42963764
0.43092319
0.43221650
0.43351755
0.43482646
0.43614331
0.43746817
0.43880108
0.44014215
0.44149145
0.44284904
0.44421500
0.44558942
0.44697237
0.44836393
0.44976419
0.45117322
0.45259109
0.45401791
0.45545375
0.45689872
0.45835286
0.45981631
0.46128914
0.46277142
0.46426326
0.46576473
0.46727598
0.46879703
0.47032803
0.47186908
0.47342023
0.47498038
0.47655210
0.47813427
0.47972697
0.48133031
0.48294443
0.48456940
0.48620531
0.48785233
0.48951057
0.49118009
0.49286103
0.49455354
0.49625769
0.49797365
0.49970150
0.50144142
0.50319344
0.50495636
0.50673306
0.50852239
0.51032436
0.51213914
0.51396686
0.51580769
0.51766175
0.51952922
0.52141017
0.52330482
0.52521324
0.52713567
0.52907223
0.53102303
0.53298831
0.53496820
0.53696281
0.53897238
0.54099703
0.54303694
0.54509234
0.54716331
0.54924840
0.55135119
0.55347008
0.55560535
0.55775714
0.55992568
0.56211114
0.56431371
0.56653363
0.56877112
0.57102627
0.57329947
0.57559079
0.57790047
0.58022881
0.58257598
0.58494216
0.58732772
0.58973277
0.59215760
0.59460247
0.59706759
0.59955329
0.60205972
0.60458720
0.60713601
0.60970640
0.61229861
0.61491299
0.61754978
0.62020928
0.62289184
0.62559766
0.62832707
0.63108039
0.63385803
0.63666016
0.63948715
0.64233941
0.64521724
0.64811856
0.65104848
0.65400505
0.65698856
0.65999943
0.66303807
0.66610473
0.66919994
0.67232406
0.67547745
0.67866057
0.68187386
0.68511772
0.68839258
0.69169885
0.69503713
0.69840771
0.70181113
0.70524794
0.70871854
0.71222353
0.71576327
0.71933842
0.72294945
0.72659695
0.73028141
0.73400342
0.73776358
0.74156249
0.74540067
0.74885327
0.75197566
0.75439775
0.75632423
0.75793439
0.75893295
0.75982386
0.76010615
0.76036912
0.76002175
0.75961959
0.75907534
0.75853193
0.75910449
1.59087646
1.59985590
1.60893738
1.61812234
1.62739801
1.63679576
1.64630258
1.65592051
1.66565144
1.67549741
1.68546057
1.69552672
1.70573008
1.71605706
1.72650993
1.73709083
1.74780226
1.75864661
1.76962626
1.78072619
1.79198420
1.80338562
1.81493282
1.82662904
1.83847690
1.85047948
1.86262035
1.87494123
1.88742626
1.90007865
1.91290188
1.92589939
1.93907464
1.95243144
1.96595180
1.97968268
1.99360681
2.00772810
2.02205110
2.03657961
2.05131865
2.06624842
2.08142161
2.09681916
2.11244631
2.12830806
2.14440989
2.16075706
2.17735553
2.19418383
2.21130204
2.22868919
2.24635196
2.26429701
2.28253078
2.30106091
2.31986403
2.33900785
2.35847020
2.37822723
2.39835048
2.41881704
2.43963623
2.46078253
2.48233342
2.50426531
2.52658796
2.54931211
2.57244897
2.56588554
2.55814171
2.55044460
2.54275727
2.53515220
2.52759242
2.52007771
2.51260757
2.50518155
0.40520284
0.40634614
0.40749589
0.40865219
0.40981507
0.41098458
0.41216078
0.41334373
0.41453350
0.41573015
0.41693369
0.41814426
0.41936088
0.42058557
0.42181745
0.42305657
0.42430300
0.42555678
0.42681801
0.42808673
0.42936301
0.43064693
0.43193856
0.43323794
0.43454516
0.43586031
0.43718344
0.43851462
0.43985394
0.44120148
0.44255728
0.44392145
0.44529402
0.44667515
0.44806486
0.44946325
0.45087036
0.45228633
0.45371124
0.45514515
0.45658815
0.45804033
0.45950177
0.46097255
0.46245280
0.46394259
0.46544200
0.46695113
0.46847010
0.46999896
0.47153783
0.47308680
0.47464600
0.47621426
0.47779417
0.47938460
0.48098567
0.48259744
0.48422006
0.48585364
0.48749828
0.48915410
0.49082118
0.49249968
0.49418968
0.49589133
0.49760476
0.49933004
0.50106734
0.50281680
0.50457847
0.50635254
0.50813913
0.50993836
0.51175040
0.51357538
0.51541340
0.51726460
0.51912922
0.52100724
0.52289897
0.52480447
0.52672386
0.52865738
0.53060514
0.53256732
0.53454405
0.53653550
0.53854191
0.54056329
0.54259998
0.54465204
0.54671967
0.54880136
0.55090070
0.55301613
0.55514789
0.55729616
0.55946106
0.56164289
0.56384182
0.56605804
0.56829172
0.57054311
0.57281238
0.57509983
0.57740557
0.57972991
0.58207303
0.58443516
0.58681655
0.58921742
0.59163803
0.59407860
0.59653938
0.59902060
0.60152262
0.60404557
0.60658979
0.60915554
0.61174309
0.61435270
0.61698472
0.61963934
0.62231690
0.62501770
0.62774205
0.63049030
0.63326269
0.63605952
0.63888121
0.64172804
0.64460039
0.64749616
0.65042049
0.65337133
0.65634906
0.65935403
0.66238666
0.66544735
0.66853642
0.67165434
0.67480141
0.67797816
0.68118501
0.68442225
0.68769044
0.69099003
0.69432139
0.69768500
0.70108145
0.70451105
0.70797437
0.71147197
0.71500427
0.71856892
0.72217220
0.72581184
0.72948831
0.73320222
0.73695415
0.74074471
0.74457443
0.74838728
0.75175339
0.75458646
0.75702864
0.75869358
0.76018077
0.76107788
0.76178467
0.76204884
0.76213366
0.76180094
0.76142293
0.76095098
0.76051533
0.76202273
1.59793150
1.60697639
1.61613905
1.62540674
1.63478136
1.64426482
1.65385878
1.66356552
1.67337108
1.68330884
1.69336534
1.70354271
1.71384311
1.72426891
1.73482227
1.74548852
1.75630403
1.76725447
1.77834225
1.78957009
1.80094063
1.81245661
1.82412076
1.83591700
1.84788609
1.86001229
1.87229860
1.88474834
1.89736474
1.91015124
1.92309046
1.93622720
1.94954467
1.96304655
1.97673678
1.99061930
2.00469828
2.01897764
2.03343892
2.04813218
2.06303954
2.07816529
2.09351468
2.10909224
2.12490368
2.14092803
2.15722203
2.17376590
2.19056559
2.20762706
2.22495627
2.24255967
2.26041508
2.27858639
2.29705215
2.31581974
2.33489656
2.35429025
2.37397695
2.39402819
2.41438794
2.43513060
2.45623255
2.47770357
2.49955297
2.52179146
2.54442906
2.56743979
2.56692147
2.55917144
2.55146813
2.54381084
2.53619957
2.52859783
2.52107716
2.51360106
2.50616908
2.49878120
0.40610138
0.40724978
0.40840465
0.40956613
0.41073421
0.41190898
0.41309050
0.41427881
0.41547397
0.41667604
0.41788509
0.41910020
0.42032340
0.42155373
0.42279130
0.42403618
0.42528838
0.42654800
0.42781511
0.42908978
0.43037206
0.43166202
0.43295974
0.43426529
0.43557873
0.43690017
0.43822962
0.43956718
0.44091296
0.44226697
0.44362935
0.44500014
0.44637942
0.44776729
0.44916382
0.45056909
0.45198315
0.45340616
0.45483813
0.45627916
0.45772937
0.45918882
0.46065763
0.46213585
0.46362358
0.46512091
0.46662796
0.46814480
0.46967155
0.47120827
0.47275510
0.47431213
0.47587815
0.47745582
0.47904402
0.48064280
0.48225227
0.48387256
0.48550379
0.48714605
0.48879948
0.49046415
0.49214020
0.49382636
0.49552551
0.49723640
0.49895912
0.50069386
0.50244069
0.50419974
0.50597113
0.50775504
0.50955153
0.51136082
0.51318300
0.51501822
0.51686662
0.51872832
0.52060348
0.52249223
0.52439475
0.52631116
0.52824163
0.53018636
0.53214538
0.53411901
0.53610730
0.53811044
0.54012865
0.54216200
0.54421073
0.54627502
0.54835331
0.55044925
0.55256122
0.55468947
0.55683416
0.55899549
0.56117368
0.56336892
0.56558138
0.56781131
0.57005888
0.57232434
0.57460785
0.57690966
0.57923001
0.58156908
0.58392709
0.58630437
0.58870101
0.59111738
0.59355360
0.59601003
0.59848690
0.60098439
0.60350287
0.60604250
0.60860366
0.61118650
0.61379135
0.61641848
0.61906826
0.62174088
0.62443668
0.62715596
0.62989902
0.63266623
0.63545781
0.63827413
0.64111555
0.64398241
0.64687496
0.64979130
0.65273637
0.65570831
0.65870744
0.66173410
0.66478878
0.66787171
0.67098337
0.67412418
0.67729455
0.68049490
0.68372560
0.68698710
0.69027990
0.69360441
0.69696110
0.70035046
0.70377290
0.70722902
0.71071917
0.71424401
0.71780396
0.72139955
0.72503138
0.72869992
0.73240578
0.73614955
0.73993182
0.74375308
0.74761409
0.75128376
0.75467920
0.75721866
0.75945103
0.76108110
0.76233602
0.76323819
0.76373267
0.76399815
0.76388013
0.76354265
0.76311713
0.76264304
0.76256460
1.59599721
1.60503483
1.61417520
1.62342036
1.63277197
1.64221692
1.65178692
1.66146922
1.67126572
1.68117845
1.69120944
1.70136082
1.71163476
1.72201693
1.73254275
1.74319792
1.75398505
1.76490653
1.77596474
1.78716254
1.79848421
1.80996859
1.82160068
1.83338320
1.84531915
1.85741150
1.86966336
1.88207793
1.89463842
1.90738797
1.92031038
1.93340909
1.94668770
1.96014988
1.97379959
1.98761857
2.00165486
2.01589108
2.03033090
2.04497933
2.05984044
2.07491922
2.09019589
2.10572410
2.12148476
2.13748312
2.15372443
2.17021465
2.18695927
2.20396423
2.22120810
2.23875189
2.25657535
2.27468467
2.29308701
2.31178951
2.33079958
2.35009408
2.36971045
2.38968921
2.41000772
2.43067479
2.45169926
2.47309065
2.49482369
2.51697755
2.53952861
2.56248713
2.56795835
2.56020212
2.55249262
2.54482937
2.53721189
2.52963996
2.52211308
2.51459527
2.50715756
2.49976373
2.49241328
0.40700302
0.40815651
0.40931654
0.41048321
0.41165656
0.41283661
0.41402346
0.41521713
0.41641772
0.41762528
0.41883987
0.42006055
0.42128935
0.42252535
0.42376864
0.42501926
0.42627731
0.42754281
0.42881584
0.43009648
0.43138480
0.43268085
0.43398473
0.43529648
0.43661615
0.43794391
0.43927974
0.44062373
0.44197598
0.44333655
0.44470552
0.44608298
0.44746900
0.44886366
0.45026705
0.45167923
0.45310029
0.45453033
0.45596942
0.45741767
0.45887515
0.46034193
0.46181810
0.46330380
0.46479908
0.46630403
0.46781877
0.46934339
0.47087798
0.47242260
0.47397742
0.47554123
0.47711670
0.47870260
0.48029912
0.48190629
0.48352426
0.48515314
0.48679301
0.48844403
0.49010628
0.49177989
0.49346495
0.49516162
0.49686998
0.49859017
0.50032234
0.50206655
0.50382298
0.50559175
0.50737292
0.50916678
0.51097333
0.51279271
0.51462513
0.51647067
0.51832950
0.52020180
0.52208763
0.52398723
0.52590066
0.52782810
0.52976978
0.53172576
0.53369623
0.53568137
0.53768134
0.53969628
0.54172641
0.54377186
0.54583281
0.54790777
0.55000025
0.55210876
0.55423349
0.55637467
0.55853242
0.56070703
0.56289858
0.56510735
0.56733358
0.56957734
0.57183897
0.57411861
0.57641649
0.57873285
0.58106786
0.58342183
0.58579499
0.58818746
0.59059960
0.59303159
0.59548366
0.59795612
0.60044920
0.60296315
0.60549825
0.60805476
0.61063296
0.61323309
0.61585546
0.61850035
0.62116808
0.62385893
0.62657315
0.62931114
0.63207310
0.63485950
0.63767052
0.64050657
0.64336789
0.64625496
0.64916569
0.65210509
0.65507126
0.65806454
0.66108531
0.66413397
0.66721082
0.67031634
0.67345089
0.67661488
0.67980880
0.68303299
0.68628788
0.68957394
0.69289166
0.69624144
0.69962376
0.70303911
0.70648795
0.70997083
0.71348816
0.71704060
0.72062850
0.72425258
0.72791320
0.73161107
0.73534673
0.73912066
0.74293357
0.74678606
0.75067866
0.75420278
0.75740230
0.75986928
0.76184332
0.76348042
0.76450020
0.76541078
0.76569396
0.76596081
0.76563466
0.76529562
0.76481885
0.76434267
0.76493061
1.60309780
1.61221611
1.62142408
1.63075268
1.64018917
1.64973557
1.65939379
1.66916573
1.67905343
1.68904293
1.69916832
1.70941579
1.71978760
1.73028600
1.74091339
1.75167215
1.76254725
1.77357590
1.78474343
1.79605246
1.80750585
1.81910610
1.83085632
1.84275925
1.85479867
1.86701596
1.87939537
1.89194000
1.90465319
1.91753840
1.93059909
1.94381785
1.95724022
1.97084939
1.98464906
1.99864328
2.01283646
2.02723241
2.04183602
2.05662751
2.07165909
2.08691216
2.10239148
2.11810207
2.13404918
2.15023828
2.16664839
2.18333793
2.20028639
2.21750021
2.23498535
2.25274849
2.27079630
2.28913546
2.30774331
2.32668686
2.34594369
2.36552215
2.38539815
2.40564322
2.42623520
2.44714904
2.46846080
2.49014688
2.51221752
2.53468275
2.55755353
2.56899619
2.56123352
2.55351782
2.54584837
2.53822494
2.53064680
2.52311397
2.51562595
2.50818205
2.50074697
2.49339080
2.48607779
0.40790957
0.40906823
0.41023347
0.41140535
0.41258398
0.41376936
0.41496161
0.41616070
0.41736677
0.41857985
0.41979900
0.42102626
0.42226073
0.42350248
0.42475152
0.42600799
0.42727187
0.42854330
0.42982230
0.43110898
0.43240339
0.43370557
0.43501562
0.43633363
0.43765962
0.43899372
0.44033596
0.44168645
0.44304523
0.44441241
0.44578806
0.44717225
0.44856504
0.44996655
0.45137686
0.45279601
0.45422414
0.45566130
0.45710757
0.45856306
0.46002784
0.46150202
0.46298566
0.46447888
0.46598178
0.46749440
0.46901691
0.47054935
0.47209182
0.47364447
0.47520608
0.47677931
0.47836298
0.47995722
0.48156211
0.48317775
0.48480430
0.48644182
0.48809046
0.48975030
0.49142146
0.49310407
0.49479824
0.49650410
0.49822176
0.49995133
0.50169295
0.50344676
0.50521290
0.50699145
0.50878257
0.51058638
0.51240301
0.51423264
0.51607537
0.51793140
0.51980078
0.52168369
0.52357876
0.52548921
0.52741367
0.52935225
0.53130519
0.53327250
0.53525454
0.53725129
0.53926301
0.54128987
0.54333198
0.54538959
0.54746288
0.54955024
0.55165529
0.55377656
0.55591422
0.55806839
0.56023937
0.56242728
0.56463236
0.56685477
0.56909478
0.57135254
0.57362831
0.57592225
0.57823461
0.58056563
0.58291554
0.58528453
0.58767289
0.59008074
0.59250849
0.59495622
0.59742433
0.59991294
0.60242242
0.60495293
0.60750484
0.61007833
0.61267376
0.61529136
0.61793143
0.62059420
0.62328005
0.62598926
0.62872207
0.63147891
0.63426000
0.63706571
0.63989639
0.64275229
0.64563376
0.64853889
0.65147263
0.65443307
0.65742052
0.66043532
0.66347796
0.66654873
0.66964805
0.67277634
0.67593402
0.67912149
0.68233913
0.68558741
0.68886673
0.69217765
0.69552052
0.69889581
0.70230407
0.70574564
0.70922118
0.71273112
0.71627599
0.71985626
0.72347248
0.72712529
0.73081511
0.73454255
0.73830825
0.74211276
0.74595672
0.74984068
0.75373012
0.75714779
0.76005417
0.76253849
0.76424748
0.76576644
0.76668006
0.76739395
0.76766533
0.76773822
0.76739728
0.76700711
0.76652819
0.76615208
0.76782763
1.61024725
1.61944735
1.62875319
1.63816655
1.64768934
1.65732348
1.66705537
1.67691803
1.68689811
1.69699764
1.70721889
1.71756387
1.72803509
1.73861790
1.74934816
1.76021171
1.77121103
1.78234875
1.79362738
1.80504966
1.81659985
1.82831764
1.84018743
1.85221243
1.86439562
1.87674010
1.88924921
1.90192616
1.91475379
1.92777646
1.94097757
1.95436072
1.96792960
1.98168838
1.99564075
2.00976825
2.02412033
2.03867888
2.05344844
2.06843328
2.08363867
2.09906936
2.11470485
2.13060069
2.14673734
2.16312027
2.17975521
2.19664788
2.21380448
2.23123121
2.24890614
2.26689219
2.28516817
2.30374122
2.32261872
2.34180808
2.36131716
2.38109040
2.40126228
2.42177892
2.44264913
2.46388221
2.48548770
2.50747538
2.52985573
2.55260229
2.57003474
2.56226587
2.55454397
2.54686832
2.53923869
2.53165460
2.52411580
2.51662183
2.50917196
2.50176620
2.49440408
2.48705029
2.47977448
0.40881926
0.40998307
0.41115355
0.41233072
0.41351464
0.41470540
0.41590303
0.41710761
0.41831917
0.41953680
0.42076254
0.42199546
0.42323563
0.42448312
0.42573798
0.42700025
0.42827007
0.42954743
0.43083248
0.43212521
0.43342572
0.43473408
0.43605036
0.43737465
0.43870699
0.44004750
0.44139621
0.44275320
0.44411859
0.44549242
0.44687474
0.44826570
0.44966534
0.45107374
0.45249099
0.45391718
0.45535240
0.45679671
0.45825022
0.45971301
0.46118516
0.46266675
0.46415794
0.46565872
0.46716928
0.46868965
0.47021994
0.47176027
0.47331074
0.47487140
0.47644114
0.47802255
0.47961453
0.48121712
0.48283046
0.48445466
0.48608980
0.48773605
0.48939347
0.49106219
0.49274233
0.49443403
0.49613738
0.49785247
0.49957949
0.50131851
0.50306970
0.50483316
0.50660908
0.50839746
0.51019853
0.51201242
0.51383924
0.51567918
0.51753235
0.51939881
0.52127886
0.52317250
0.52508003
0.52700144
0.52893698
0.53088683
0.53285110
0.53482997
0.53682357
0.53883207
0.54085565
0.54289454
0.54494882
0.54701871
0.54910272
0.55120432
0.55332214
0.55545622
0.55760688
0.55977422
0.56195855
0.56415993
0.56637859
0.56861484
0.57086879
0.57314068
0.57543075
0.57773918
0.58006620
0.58241200
0.58477694
0.58716112
0.58956480
0.59198827
0.59443170
0.59689546
0.59937966
0.60188466
0.60441065
0.60695797
0.60952687
0.61211753
0.61473036
0.61736560
0.62002349
0.62270445
0.62540859
0.62813640
0.63088804
0.63366395
0.63646436
0.63928968
0.64214015
0.64501613
0.64791566
0.65084380
0.65379846
0.65678012
0.65978909
0.66282570
0.66589046
0.66898364
0.67210573
0.67525709
0.67843813
0.68164933
0.68489099
0.68816370
0.69146782
0.69480377
0.69817215
0.70157325
0.70500773
0.70847595
0.71197850
0.71551585
0.71908849
0.72269702
0.72634196
0.73002386
0.73374325
0.73750073
0.74129689
0.74513233
0.74900770
0.75292355
0.75665212
0.76009315
0.76266915
0.76493388
0.76659751
0.76788062
0.76882917
0.76936418
0.76964360
0.76950717
0.76916468
0.76872623
0.76824516
0.76822525
1.60829771
1.61747539
1.62675858
1.63613379
1.64563286
1.65524292
1.66496587
1.67480385
1.68475866
1.69483244
1.70501125
1.71532953
1.72577345
1.73634529
1.74704742
1.75788236
1.76885259
1.77996051
1.79119086
1.80258203
1.81411898
1.82580459
1.83764184
1.84963346
1.86178255
1.87407267
1.88654613
1.89918673
1.91199780
1.92498291
1.93814564
1.95148957
1.96499693
1.97871447
1.99262488
2.00673223
2.02104092
2.03555489
2.05027890
2.06521773
2.08035111
2.09573293
2.11134386
2.12718892
2.14327383
2.15960360
2.17618442
2.19299459
2.21009398
2.22746205
2.24510527
2.26303029
2.28124380
2.29975295
2.31856465
2.33765626
2.35709596
2.37682986
2.39692950
2.41737175
2.43816590
2.45932078
2.48081136
2.50271606
2.52501106
2.54770660
2.57081413
2.56329894
2.55557084
2.54788899
2.54025340
2.53266335
2.52511835
2.51761842
2.51016283
2.50275111
2.49538326
2.48805857
2.48074222
2.47350311
0.40973392
0.41090298
0.41207871
0.41326120
0.41445050
0.41564664
0.41684973
0.41805980
0.41927591
0.42050013
0.42173150
0.42297012
0.42421603
0.42546931
0.42673001
0.42799821
0.42927396
0.43055734
0.43184844
0.43314728
0.43445396
0.43576854
0.43709111
0.43842173
0.43976048
0.44110745
0.44246265
0.44382623
0.44519824
0.44657877
0.44796789
0.44936565
0.45077217
0.45218754
0.45361182
0.45504507
0.45648745
0.45793897
0.45939979
0.46086991
0.46234950
0.46383861
0.46533737
0.46684581
0.46836409
0.46989223
0.47143042
0.47297871
0.47453719
0.47610471
0.47768390
0.47927359
0.48087391
0.48248494
0.48410681
0.48573962
0.48738348
0.48903853
0.49070480
0.49238253
0.49407172
0.49577257
0.49748516
0.49920961
0.50094604
0.50269467
0.50445551
0.50622869
0.50801295
0.50981134
0.51162243
0.51344651
0.51528358
0.51713389
0.51899749
0.52087462
0.52276534
0.52466989
0.52658832
0.52852082
0.53046757
0.53242874
0.53440446
0.53639483
0.53840017
0.54042053
0.54245609
0.54450709
0.54657358
0.54865420
0.55075240
0.55286670
0.55499727
0.55714440
0.55930817
0.56148875
0.56368649
0.56590146
0.56813389
0.57038403
0.57265210
0.57493824
0.57724267
0.57956570
0.58190751
0.58426827
0.58664829
0.58904779
0.59146696
0.59390616
0.59636551
0.59884530
0.60134584
0.60386729
0.60641003
0.60897422
0.61156023
0.61416829
0.61679870
0.61945176
0.62212765
0.62482685
0.62754953
0.63029605
0.63306671
0.63586187
0.63868177
0.64152688
0.64439738
0.64729369
0.65021378
0.65316272
0.65613854
0.65914160
0.66217232
0.66523099
0.66831803
0.67143393
0.67457896
0.67775363
0.68095827
0.68419337
0.68745941
0.69075674
0.69408584
0.69744718
0.70084125
0.70426857
0.70772952
0.71122468
0.71475446
0.71831954
0.72192031
0.72555739
0.72923130
0.73294258
0.73669189
0.74047971
0.74430668
0.74817342
0.75208050
0.75602865
0.75958717
0.76278359
0.76528245
0.76724511
0.76892215
0.76993656
0.77086014
0.77118409
0.77148491
0.77120751
0.77093029
0.77045310
0.76997650
0.77068663
1.61549366
1.62475395
1.63412106
1.64359677
1.65318298
1.66288173
1.67269492
1.68260872
1.69265676
1.70282555
1.71311736
1.72353423
1.73407865
1.74475276
1.75554192
1.76648283
1.77756095
1.78877890
1.80013931
1.81164491
1.82329857
1.83510315
1.84704244
1.85915744
1.87143242
1.88387072
1.89647532
1.90924978
1.92219746
1.93530095
1.94860554
1.96209443
1.97577143
1.98964036
2.00370526
2.01797056
2.03241730
2.04709578
2.06198788
2.07709837
2.09243178
2.10799336
2.12378812
2.13982129
2.15607238
2.17259860
2.18938017
2.20642304
2.22373319
2.24131727
2.25918150
2.27730370
2.29574871
2.31449485
2.33354974
2.35292101
2.37258482
2.39261222
2.41294789
2.43366575
2.45474219
2.47618699
2.49800968
2.52022052
2.54282975
2.56584859
2.56436992
2.55663514
2.54891062
2.54126883
2.53367257
2.52612185
2.51861572
2.51115417
2.50373697
2.49636316
2.48903275
2.48174524
2.47450018
2.46726322
0.41065177
0.41182607
0.41300711
0.41419494
0.41538960
0.41659120
0.41779977
0.41901535
0.42023706
0.42146689
0.42270395
0.42394829
0.42519999
0.42645910
0.42772567
0.42899981
0.43028155
0.43157098
0.43286815
0.43417314
0.43548602
0.43680689
0.43813577
0.43947276
0.44081795
0.44217139
0.44353318
0.44490337
0.44628206
0.44766933
0.44906524
0.45046988
0.45188335
0.45330569
0.45473704
0.45617744
0.45762700
0.45908579
0.46055391
0.46203148
0.46351853
0.46501520
0.46652156
0.46803772
0.46956375
0.47109979
0.47264591
0.47420219
0.47576749
0.47734442
0.47893187
0.48052990
0.48213863
0.48375818
0.48538864
0.48703012
0.48868272
0.49034661
0.49202186
0.49370858
0.49540693
0.49711698
0.49883887
0.50057274
0.50231874
0.50407690
0.50584745
0.50763047
0.50942612
0.51123452
0.51305580
0.51489007
0.51673758
0.51859832
0.52047253
0.52236038
0.52426189
0.52617735
0.52810687
0.53005058
0.53200865
0.53398120
0.53596848
0.53797060
0.53998774
0.54202002
0.54406768
0.54613090
0.54820812
0.55030286
0.55241370
0.55454081
0.55668437
0.55884457
0.56102157
0.56321561
0.56542689
0.56765562
0.56990194
0.57216614
0.57444841
0.57674891
0.57906795
0.58140570
0.58376241
0.58613831
0.58853364
0.59094858
0.59338349
0.59583849
0.59831393
0.60080999
0.60332698
0.60586512
0.60842472
0.61100608
0.61360937
0.61623496
0.61888313
0.62155420
0.62424839
0.62696600
0.62970740
0.63247287
0.63526279
0.63807738
0.64091706
0.64378208
0.64667284
0.64958733
0.65253061
0.65550065
0.65849787
0.66152263
0.66457528
0.66765630
0.67076594
0.67390472
0.67707300
0.68027121
0.68349981
0.68675917
0.69004977
0.69337207
0.69672650
0.70011353
0.70353371
0.70698744
0.71047521
0.71399760
0.71755511
0.72114819
0.72477746
0.72844344
0.73214674
0.73588783
0.73966736
0.74348593
0.74734414
0.75124258
0.75518191
0.75907862
0.76254505
0.76539767
0.76788723
0.76957041
0.77104378
0.77200019
0.77268720
0.77301264
0.77307981
0.77280456
0.77247256
0.77206045
0.77177256
0.77378219
1.62276912
1.63211334
1.64156568
1.65111279
1.66078722
1.67057562
1.68048012
1.69050264
1.70064557
1.71091092
1.72130096
1.73180103
1.74244714
1.75322497
1.76413679
1.77518547
1.78637338
1.79770315
1.80915916
1.82078075
1.83255267
1.84447777
1.85655904
1.86879969
1.88120282
1.89375150
1.90648913
1.91939926
1.93248546
1.94575131
1.95920062
1.97283709
1.98666477
2.00066495
2.01488686
2.02931237
2.04394603
2.05879211
2.07385564
2.08914113
2.10462856
2.12037277
2.13635421
2.15257859
2.16905093
2.18577766
2.20276427
2.21998906
2.23751378
2.25531721
2.27340627
2.29178786
2.31046915
2.32945752
2.34876060
2.36832309
2.38827848
2.40857291
2.42921519
2.45021439
2.47157979
2.49332094
2.51541257
2.53793526
2.56086516
2.56540465
2.55766392
2.54996943
2.54232144
2.53468275
2.52712607
2.51961398
2.51214671
2.50472331
2.49734378
2.49000764
2.48271441
2.47546387
2.46825528
2.46108890
0.41157469
0.41275427
0.41394064
0.41513386
0.41633397
0.41754103
0.41875511
0.41997531
0.42120361
0.42243913
0.42368191
0.42493200
0.42618954
0.42745450
0.42872703
0.43000713
0.43129492
0.43259043
0.43389374
0.43520495
0.43652409
0.43785125
0.43918651
0.44052994
0.44188163
0.44324163
0.44461000
0.44598687
0.44737229
0.44876635
0.45016912
0.45158067
0.45300114
0.45443055
0.45586902
0.45731661
0.45877343
0.46023956
0.46171510
0.46320012
0.46469471
0.46619901
0.46771306
0.46923697
0.47077087
0.47231480
0.47386891
0.47543201
0.47700673
0.47859192
0.48018768
0.48179412
0.48341134
0.48503944
0.48667857
0.48832878
0.48999026
0.49166307
0.49334735
0.49504319
0.49675074
0.49847010
0.50020140
0.50194478
0.50370038
0.50546825
0.50724858
0.50904155
0.51084721
0.51266569
0.51449722
0.51634187
0.51819974
0.52007109
0.52195597
0.52385461
0.52576709
0.52769357
0.52963263
0.53158760
0.53355706
0.53554118
0.53754008
0.53955400
0.54158300
0.54362738
0.54568720
0.54776275
0.54985243
0.55195981
0.55408341
0.55622339
0.55838001
0.56055337
0.56274378
0.56495136
0.56717628
0.56941885
0.57167917
0.57395756
0.57625413
0.57856917
0.58090287
0.58325553
0.58562732
0.58801842
0.59042913
0.59285975
0.59531039
0.59778142
0.60027307
0.60278553
0.60531914
0.60787410
0.61045074
0.61304933
0.61567014
0.61831349
0.62097955
0.62366879
0.62638134
0.62911761
0.63187790
0.63466257
0.63747185
0.64030612
0.64316565
0.64605087
0.64895976
0.65189731
0.65486163
0.65785295
0.66087180
0.66391844
0.66699332
0.67009681
0.67322928
0.67639124
0.67958301
0.68280500
0.68605775
0.68934160
0.69265705
0.69600457
0.69938457
0.70279759
0.70624411
0.70972455
0.71323943
0.71678936
0.72037482
0.72399628
0.72765434
0.73134959
0.73508251
0.73885375
0.74266392
0.74651355
0.75040334
0.75433385
0.75830573
0.76203251
0.76550627
0.76802969
0.77021974
0.77191317
0.77311337
0.77407831
0.77452624
0.77484989
0.77468467
0.77440834
0.77402109
0.77360731
0.77379227
1.62077439
1.63009548
1.63952446
1.64906311
1.65871346
1.66847730
1.67835689
1.68835413
1.69845498
1.70869374
1.71905673
1.72954631
1.74016452
1.75091398
1.76179707
1.77279866
1.78395641
1.79525554
1.80669856
1.81828856
1.83002806
1.84192026
1.85396791
1.86615479
1.87852263
1.89105558
1.90375686
1.91662991
1.92967832
1.94290543
1.95629382
1.96988964
1.98367584
1.99765646
2.01183534
2.02621698
2.04080582
2.05558252
2.07059884
2.08583617
2.10129929
2.11699367
2.13292408
2.14909601
2.16551495
2.18216014
2.19909048
2.21628523
2.23375130
2.25149465
2.26952219
2.28784084
2.30642772
2.32534933
2.34458423
2.36413980
2.38399243
2.40421367
2.42478108
2.44566965
2.46695542
2.48861504
2.51065850
2.53309584
2.55593777
2.56644034
2.55869317
2.55099273
2.54333854
2.53572989
2.52816677
2.52061296
2.51313972
2.50571060
2.49832511
2.49098325
2.48368430
2.47642803
2.46921396
2.46204185
2.45491147
0.41250080
0.41368571
0.41487744
0.41607609
0.41728166
0.41849422
0.41971287
0.42093965
0.42217362
0.42341483
0.42466336
0.42591929
0.42718267
0.42845356
0.42973202
0.43101814
0.43231201
0.43361366
0.43492314
0.43624058
0.43756601
0.43889955
0.44024122
0.44159111
0.44294932
0.44431591
0.44569096
0.44707453
0.44846672
0.44986764
0.45127729
0.45269585
0.45412332
0.45555982
0.45700547
0.45846030
0.45992443
0.46139795
0.46288091
0.46437347
0.46587566
0.46738762
0.46890941
0.47044116
0.47198293
0.47353485
0.47509575
0.47666824
0.47825116
0.47984466
0.48144880
0.48306370
0.48468944
0.48632622
0.48797405
0.48963308
0.49130344
0.49298525
0.49467862
0.49638364
0.49810046
0.49982920
0.50156999
0.50332290
0.50508815
0.50686586
0.50865608
0.51045901
0.51227474
0.51410341
0.51594526
0.51780027
0.51966876
0.52155071
0.52344638
0.52535588
0.52727932
0.52921695
0.53116882
0.53313518
0.53511614
0.53711188
0.53912258
0.54114836
0.54318941
0.54524595
0.54731810
0.54940438
0.55150831
0.55362844
0.55576491
0.55791795
0.56008774
0.56227452
0.56447834
0.56669956
0.56893837
0.57119489
0.57346934
0.57576203
0.57807314
0.58040285
0.58275145
0.58511907
0.58750606
0.58991259
0.59233892
0.59478527
0.59725195
0.59973913
0.60224712
0.60477620
0.60732657
0.60989857
0.61249244
0.61510849
0.61774695
0.62040818
0.62309241
0.62579995
0.62853116
0.63128632
0.63406575
0.63686973
0.63969862
0.64255273
0.64543247
0.64833575
0.65126765
0.65422618
0.65721172
0.66022468
0.66326535
0.66633415
0.66943151
0.67255777
0.67571336
0.67889875
0.68211424
0.68536037
0.68863755
0.69194627
0.69528687
0.69865990
0.70206583
0.70550513
0.70897824
0.71248579
0.71602815
0.71960598
0.72321969
0.72686988
0.73055714
0.73428202
0.73804504
0.74184680
0.74568796
0.74956912
0.75349087
0.75745386
0.76145875
0.76500946
0.76813906
0.77067995
0.77256310
0.77422643
0.77519751
0.77603900
0.77637070
0.77657056
0.77629286
0.77598828
0.77557242
0.77521437
0.77642488
1.62809765
1.63750339
1.64701855
1.65664482
1.66636872
1.67622316
1.68619502
1.69628608
1.70649874
1.71683502
1.72729731
1.73788798
1.74859202
1.75944614
1.77043593
1.78156388
1.79283249
1.80424464
1.81580305
1.82749164
1.83935082
1.85136485
1.86353683
1.87586987
1.88836730
1.90103245
1.91384792
1.92685831
1.94004679
1.95341706
1.96697283
1.98071802
1.99465680
2.00879312
2.02310824
2.03765202
2.05240655
2.06737638
2.08256602
2.09798074
2.11362529
2.12947917
2.14559889
2.16196442
2.17858148
2.19545579
2.21259379
2.23000145
2.24768519
2.26562262
2.28387809
2.30243015
2.32128596
2.34045315
2.35993981
2.37972164
2.39983773
2.42033005
2.44117522
2.46238256
2.48396158
2.50592232
2.52827454
2.55099273
2.56747699
2.55972338
2.55201674
2.54435635
2.53674173
2.52917266
2.52164865
2.51416898
2.50669861
2.49930739
2.49195957
2.48465514
2.47739315
2.47017360
2.46299577
2.45585966
2.44876504
0.41343206
0.41462234
0.41581950
0.41702357
0.41823465
0.41945177
0.42067704
0.42190945
0.42314911
0.42439607
0.42565042
0.42691219
0.42818147
0.42945832
0.43074280
0.43203500
0.43333498
0.43464279
0.43595853
0.43728223
0.43861404
0.43995395
0.44130209
0.44265851
0.44402331
0.44539654
0.44677830
0.44816864
0.44956768
0.45097545
0.45239210
0.45381767
0.45525223
0.45669591
0.45814878
0.45961091
0.46108243
0.46256337
0.46405387
0.46555400
0.46706384
0.46858352
0.47011316
0.47165278
0.47320253
0.47476247
0.47633150
0.47791219
0.47950339
0.48110527
0.48271784
0.48434129
0.48597568
0.48762113
0.48927778
0.49094573
0.49262506
0.49431595
0.49601847
0.49773276
0.49945894
0.50119716
0.50294745
0.50471008
0.50648510
0.50827265
0.51007283
0.51188582
0.51371175
0.51555073
0.51740295
0.51926851
0.52114761
0.52304029
0.52494681
0.52686733
0.52880186
0.53075069
0.53271395
0.53469181
0.53668272
0.53869021
0.54071271
0.54275054
0.54480374
0.54687250
0.54895538
0.55105585
0.55317253
0.55530548
0.55745494
0.55962116
0.56180423
0.56400442
0.56622189
0.56845689
0.57070959
0.57298017
0.57526898
0.57757610
0.57990175
0.58224630
0.58460981
0.58699262
0.58939499
0.59181702
0.59425908
0.59672135
0.59920412
0.60170764
0.60423219
0.60677797
0.60934532
0.61193448
0.61454576
0.61717939
0.61983567
0.62251496
0.62521750
0.62794358
0.63069355
0.63346773
0.63626647
0.63908994
0.64193869
0.64481288
0.64771056
0.65063679
0.65358961
0.65656936
0.65957636
0.66261107
0.66567379
0.66876501
0.67188501
0.67503428
0.67821324
0.68142229
0.68466181
0.68793231
0.69123417
0.69456792
0.69793397
0.70133281
0.70476490
0.70823073
0.71173084
0.71526569
0.71883589
0.72244185
0.72608417
0.72976345
0.73348022
0.73723495
0.74102837
0.74486107
0.74873358
0.75264657
0.75660068
0.76059657
0.76448053
0.76799327
0.77074665
0.77315706
0.77488029
0.77628607
0.77728945
0.77789068
0.77822399
0.77818996
0.77791107
0.77755088
0.77713335
0.77704853
1.62610459
1.63548732
1.64496374
1.65456593
1.66428101
1.67411077
1.68405724
1.69412279
1.70430923
1.71460247
1.72503757
1.73560035
1.74629331
1.75711894
1.76807952
1.77917767
1.79039812
1.80177915
1.81330585
1.82498097
1.83680749
1.84878814
1.86092615
1.87322462
1.88566673
1.89829552
1.91109455
1.92406738
1.93721759
1.95054865
1.96406460
1.97774708
1.99164391
2.00573730
2.02003169
2.03453112
2.04924035
2.06416392
2.07928205
2.09464788
2.11024237
2.12607098
2.14213896
2.15845132
2.17501426
2.19183326
2.20888710
2.22623634
2.24386001
2.26176500
2.27995825
2.29844618
2.31723666
2.33630633
2.35572338
2.37543440
2.39551020
2.41592813
2.43669724
2.45782661
2.47932553
2.50116873
2.52343583
2.54610324
2.56851411
2.56075454
2.55304170
2.54537511
2.53775454
2.53017926
2.52264929
2.51516390
2.50772262
2.50029039
2.49293685
2.48562646
2.47835898
2.47113371
2.46395040
2.45680881
2.44970846
2.44264913
0.41436657
0.41556224
0.41676483
0.41797438
0.41919002
0.42041373
0.42164460
0.42288271
0.42412812
0.42538086
0.42664105
0.42790869
0.42918393
0.43046677
0.43175730
0.43305561
0.43436173
0.43567574
0.43699777
0.43832782
0.43966597
0.44101235
0.44236699
0.44373000
0.44510141
0.44648132
0.44786981
0.44926697
0.45067289
0.45208761
0.45351127
0.45494390
0.45638561
0.45783651
0.45929664
0.46076614
0.46224505
0.46373349
0.46523154
0.46673933
0.46825689
0.46978435
0.47132182
0.47286940
0.47442716
0.47599393
0.47757241
0.47916135
0.48076093
0.48237121
0.48399231
0.48562434
0.48726740
0.48892164
0.49058715
0.49226406
0.49395245
0.49565247
0.49736422
0.49908784
0.50082344
0.50257117
0.50433111
0.50610346
0.50788832
0.50968575
0.51149601
0.51331913
0.51515532
0.51700473
0.51886743
0.52074355
0.52263337
0.52453691
0.52645439
0.52838588
0.53033167
0.53229183
0.53426647
0.53625590
0.53826016
0.54027945
0.54231399
0.54436386
0.54642934
0.54850882
0.55060589
0.55271906
0.55484849
0.55699444
0.55915707
0.56133652
0.56353301
0.56574678
0.56797802
0.57022691
0.57249367
0.57477856
0.57708174
0.57940346
0.58174396
0.58410341
0.58648205
0.58888018
0.59129804
0.59373575
0.59619373
0.59867209
0.60117114
0.60369116
0.60623240
0.60879511
0.61137962
0.61398613
0.61661494
0.61926639
0.62194073
0.62463826
0.62735933
0.63010418
0.63287318
0.63566661
0.63848478
0.64132810
0.64419681
0.64709133
0.65000957
0.65295666
0.65593064
0.65893179
0.66196054
0.66501725
0.66810232
0.67121619
0.67435914
0.67753172
0.68073434
0.68396729
0.68723112
0.69052625
0.69385314
0.69721228
0.70060402
0.70402902
0.70748758
0.71098036
0.71450776
0.71807033
0.72166860
0.72530311
0.72897446
0.73268312
0.73642975
0.74021488
0.74403912
0.74790305
0.75180733
0.75575262
0.75973952
0.76376873
0.76745021
0.77078336
0.77334517
0.77541023
0.77714354
0.77824777
0.77925628
0.77963853
0.78002119
0.77981275
0.77953613
0.77911645
0.77869719
0.77933818
1.63346124
1.64292932
1.65250766
1.66219842
1.67200363
1.68190908
1.69194889
1.70210922
1.71239221
1.72280025
1.73333561
1.74400067
1.75479770
1.76571178
1.77678025
1.78798831
1.79933858
1.81083405
1.82247722
1.83427107
1.84619951
1.85830343
1.87056720
1.88299382
1.89558673
1.90834916
1.92128456
1.93439651
1.94766748
1.96114326
1.97480690
1.98866224
2.00271344
2.01696444
2.03141999
2.04606056
2.06093740
2.07603240
2.09135008
2.10689545
2.12267375
2.13868999
2.15492392
2.17143250
2.18819594
2.20522022
2.22251153
2.24007607
2.25792050
2.27605176
2.29444671
2.31317139
2.33220434
2.35155320
2.37119412
2.39119792
2.41154242
2.43220258
2.45325351
2.47467232
2.49646807
2.51865149
2.54123259
2.56422210
2.56178641
2.55406737
2.54639459
2.53876781
2.53118658
2.52365065
2.51615930
2.50871229
2.50130916
2.49394989
2.48659873
2.47932553
2.47209454
2.46490574
2.45775867
2.45065284
2.44358802
2.43656373
0.41530627
0.41650736
0.41771546
0.41893056
0.42015174
0.42138109
0.42261764
0.42386147
0.42511266
0.42637125
0.42763731
0.42891091
0.43019211
0.43148100
0.43277764
0.43408209
0.43539441
0.43671471
0.43804306
0.43937948
0.44072410
0.44207695
0.44343817
0.44480777
0.44618586
0.44757253
0.44896781
0.45037186
0.45178470
0.45320642
0.45463714
0.45607692
0.45752585
0.45898399
0.46045148
0.46192837
0.46341476
0.46491075
0.46641645
0.46793193
0.46945727
0.47099259
0.47253799
0.47409356
0.47565815
0.47723436
0.47882107
0.48041835
0.48202634
0.48364514
0.48527482
0.48691553
0.48856738
0.49023047
0.49190491
0.49359083
0.49528837
0.49699759
0.49871868
0.50045174
0.50219685
0.50395417
0.50572389
0.50750601
0.50930077
0.51110828
0.51292866
0.51476204
0.51660860
0.51846844
0.52034169
0.52222854
0.52412915
0.52604365
0.52797216
0.52991486
0.53187191
0.53384352
0.53582972
0.53783083
0.53984690
0.54187810
0.54392475
0.54598683
0.54806292
0.55015659
0.55226636
0.55439228
0.55653471
0.55869371
0.56086779
0.56306064
0.56527066
0.56749815
0.56974322
0.57200617
0.57428712
0.57658637
0.57890409
0.58124053
0.58359593
0.58597046
0.58836436
0.59077793
0.59321141
0.59566504
0.59813899
0.60063362
0.60314912
0.60568577
0.60824388
0.61082363
0.61342543
0.61604941
0.61869603
0.62136543
0.62405795
0.62677395
0.62951368
0.63227743
0.63506562
0.63787848
0.64071631
0.64357960
0.64646852
0.64938116
0.65232259
0.65529072
0.65828604
0.66130883
0.66435951
0.66743845
0.67054611
0.67368281
0.67684901
0.68004513
0.68327153
0.68652874
0.68981713
0.69313717
0.69648933
0.69987404
0.70329189
0.70674318
0.71022862
0.71374851
0.71730351
0.72089410
0.72452080
0.72818422
0.73188484
0.73562324
0.73940009
0.74321586
0.74707127
0.75096685
0.75490326
0.75888121
0.76290125
0.76690465
0.77043974
0.77338213
0.77594090
0.77767998
0.77920854
0.78022289
0.78096569
0.78134966
0.78147656
0.78126395
0.78099996
0.78065401
0.78038710
0.78235245
1.64089978
1.65045452
1.66010571
1.66988599
1.67978227
1.68979657
1.69993103
1.71018767
1.72056890
1.73106003
1.74169695
1.75246549
1.76336789
1.77440679
1.78558493
1.79690468
1.80836880
1.81996167
1.83172297
1.84363723
1.85570753
1.86793685
1.88032842
1.89288557
1.90559113
1.91848910
1.93156278
1.94481599
1.95825231
1.97187543
1.98568964
1.99967611
2.01388383
2.02829504
2.04291391
2.05774498
2.07279301
2.08806276
2.10355902
2.11926198
2.13522673
2.15143371
2.16788864
2.18459725
2.20156550
2.21879935
2.23627687
2.25406075
2.27212954
2.29049039
2.30915046
2.32811713
2.34739780
2.36693764
2.38686943
2.40713978
2.42775750
2.44873118
2.47007060
2.49178529
2.51388502
2.53634429
2.55924511
2.56285620
2.55509400
2.54741502
2.53978205
2.53219485
2.52465272
2.51715565
2.50970268
2.50229383
2.49492860
2.48760653
2.48032737
2.47305632
2.46586180
2.45870924
2.45159793
2.44452763
2.43749809
2.43050885
0.41625023
0.41745684
0.41867042
0.41989011
0.42111790
0.42235291
0.42359519
0.42484480
0.42610180
0.42736521
0.42863721
0.42991677
0.43120402
0.43249899
0.43380174
0.43511239
0.43643096
0.43775758
0.43909225
0.44043511
0.44178620
0.44314560
0.44451341
0.44588968
0.44727451
0.44866794
0.45007008
0.45148104
0.45290086
0.45432964
0.45576745
0.45721442
0.45867059
0.46013606
0.46161091
0.46309528
0.46458921
0.46609280
0.46760616
0.46912938
0.47066256
0.47220582
0.47375920
0.47532156
0.47689554
0.47848001
0.48007500
0.48168069
0.48329714
0.48492450
0.48656282
0.48821229
0.48987293
0.49154496
0.49322841
0.49492344
0.49663016
0.49834868
0.50007915
0.50182170
0.50357640
0.50534338
0.50712287
0.50891495
0.51071966
0.51253730
0.51436788
0.51621157
0.51806855
0.51993895
0.52182287
0.52372050
0.52563196
0.52755749
0.52949715
0.53145111
0.53341955
0.53540266
0.53740048
0.53941333
0.54144132
0.54348463
0.54554337
0.54761779
0.54970640
0.55181265
0.55393511
0.55607396
0.55822939
0.56040162
0.56259084
0.56479716
0.56702089
0.56926221
0.57152134
0.57379842
0.57609373
0.57840753
0.58073992
0.58309120
0.58546162
0.58785141
0.59026080
0.59268999
0.59513927
0.59760886
0.60009903
0.60261005
0.60514218
0.60769564
0.61027080
0.61286783
0.61548710
0.61812884
0.62079334
0.62348092
0.62619185
0.62892646
0.63168508
0.63446802
0.63727558
0.64010805
0.64296585
0.64584929
0.64875633
0.65169209
0.65465450
0.65764397
0.66066086
0.66370553
0.66677845
0.66987991
0.67301041
0.67617023
0.67935991
0.68257982
0.68583041
0.68911213
0.69242537
0.69577062
0.69914836
0.70255905
0.70600319
0.70948124
0.71299374
0.71654123
0.72012419
0.72374314
0.72739863
0.73109126
0.73482156
0.73859012
0.74239755
0.74624443
0.75013137
0.75405902
0.75802803
0.76203901
0.76609272
0.76989329
0.77341235
0.77599841
0.77821380
0.77996308
0.78118849
0.78220803
0.78268266
0.78306830
0.78293395
0.78272396
0.78239715
0.78204995
0.78233522
1.63886034
1.64839125
1.65803361
1.66778946
1.67766082
1.68764973
1.69775832
1.70797241
1.71832657
1.72880721
1.73941636
1.75015652
1.76103020
1.77203977
1.78317010
1.79445922
1.80589211
1.81747162
1.82920063
1.84108198
1.85311878
1.86529434
1.87765074
1.89017200
1.90286148
1.91572237
1.92875826
1.94197285
1.95536971
1.96893096
1.98270369
1.99667048
2.01083541
2.02520275
2.03977680
2.05456233
2.06953955
2.08476138
2.10020852
2.11588645
2.13179994
2.14795494
2.16435647
2.18101048
2.19789553
2.21507192
2.23251867
2.25024247
2.26824975
2.28654790
2.30514336
2.32401347
2.34322619
2.36275887
2.38258839
2.40278578
2.42332840
2.44422555
2.46545196
2.48708510
2.50910139
2.53151059
2.55432391
2.56388974
2.55615807
2.54847264
2.54079723
2.53320384
2.52565575
2.51815271
2.51069379
2.50327921
2.49590802
2.48858023
2.48129535
2.47405314
2.46685290
2.45966053
2.45254374
2.44546795
2.43843293
2.43143845
2.42448378
0.41719756
0.41840962
0.41962779
0.42085406
0.42208752
0.42332822
0.42457625
0.42583168
0.42709452
0.42836487
0.42964283
0.43092841
0.43222174
0.43352282
0.43483177
0.43614867
0.43747354
0.43880650
0.44014761
0.44149694
0.44285455
0.44422054
0.44559500
0.44697797
0.44836959
0.44976985
0.45117894
0.45259684
0.45402372
0.45545959
0.45690459
0.45835876
0.45982227
0.46129510
0.46277744
0.46426931
0.46577084
0.46728209
0.46880320
0.47033426
0.47187534
0.47342655
0.47498670
0.47655848
0.47814068
0.47973344
0.48133683
0.48295099
0.48457599
0.48621196
0.48785904
0.48951730
0.49118686
0.49286786
0.49456042
0.49626461
0.49798062
0.49970853
0.50144845
0.50320053
0.50496495
0.50674176
0.50853109
0.51033312
0.51214796
0.51397574
0.51581669
0.51767081
0.51953828
0.52141935
0.52331400
0.52522254
0.52714503
0.52908164
0.53103256
0.53299791
0.53497785
0.53697252
0.53898215
0.54100692
0.54304689
0.54510236
0.54717344
0.54925859
0.55136138
0.55348039
0.55561572
0.55776763
0.55993623
0.56212181
0.56432265
0.56654269
0.56878018
0.57103544
0.57330871
0.57560009
0.57790989
0.58023828
0.58258551
0.58495182
0.58733737
0.58974254
0.59216750
0.59461242
0.59707761
0.59956336
0.60206991
0.60459751
0.60714638
0.60971683
0.61230916
0.61492360
0.61756051
0.62022012
0.62290269
0.62560862
0.62833816
0.63109159
0.63386929
0.63667154
0.63949865
0.64235103
0.64522892
0.64813036
0.65106040
0.65401709
0.65700072
0.66001171
0.66305041
0.66611719
0.66921252
0.67233676
0.67549026
0.67867351
0.68188691
0.68513089
0.68840587
0.69171232
0.69505066
0.69842142
0.70182502
0.70526195
0.70873266
0.71223778
0.71577770
0.71935296
0.72296417
0.72661179
0.73029637
0.73401856
0.73777890
0.74157792
0.74541628
0.74929458
0.75321347
0.75717354
0.76117551
0.76521999
0.76930767
0.77290523
0.77602887
0.77863246
0.78049999
0.78215307
0.78317857
0.78401679
0.78440720
0.78461117
0.78440028
0.78414804
0.78380275
0.78352672
0.78501606
1.64634824
1.65596664
1.66569817
1.67552900
1.68549240
1.69557512
1.70577919
1.71610677
1.72656012
1.73714173
1.74783659
1.75868130
1.76966155
1.78077960
1.79203832
1.80344033
1.81498837
1.82668531
1.83851492
1.85051799
1.86267877
1.87500048
1.88748634
1.90013957
1.91296351
1.92594099
1.93911684
1.95247424
1.96601689
1.97974873
1.99367380
2.00779605
2.02209687
2.03662634
2.05136585
2.06632042
2.08149457
2.09689331
2.11252141
2.12838435
2.14446139
2.16080952
2.17740893
2.19426513
2.21138430
2.22877288
2.24643707
2.26435447
2.28258944
2.30112052
2.31995487
2.33910012
2.35856390
2.37832260
2.39844751
2.41888285
2.43970299
2.46088457
2.48243737
2.50437093
2.52669549
2.54942179
2.56492424
2.55718613
2.54949474
2.54184937
2.53424978
2.52665973
2.51915050
2.51168585
2.50426531
2.49688840
2.48955488
2.48226428
2.47501636
2.46781039
2.46064663
2.45352411
2.44640899
2.43936872
2.43236876
2.42540884
2.41848850
0.41815016
0.41936681
0.42059153
0.42182347
0.42306262
0.42430907
0.42556289
0.42682415
0.42809290
0.42936820
0.43065214
0.43194380
0.43324322
0.43455046
0.43586564
0.43718880
0.43852001
0.43985939
0.44120693
0.44256276
0.44392696
0.44529960
0.44668075
0.44807050
0.44946891
0.45087609
0.45229208
0.45371702
0.45515096
0.45659399
0.45804623
0.45950770
0.46097854
0.46245882
0.46394864
0.46544808
0.46695724
0.46847624
0.47000515
0.47154409
0.47309309
0.47465235
0.47622061
0.47780058
0.47939107
0.48099217
0.48260400
0.48422664
0.48586029
0.48750496
0.48916081
0.49082795
0.49250647
0.49419653
0.49589825
0.49761170
0.49933705
0.50107437
0.50282389
0.50458562
0.50635976
0.50814641
0.50994569
0.51175779
0.51358277
0.51542085
0.51727211
0.51913679
0.52101487
0.52290666
0.52481216
0.52673167
0.52866524
0.53061306
0.53257531
0.53455210
0.53654361
0.53855002
0.54057151
0.54260820
0.54466033
0.54672807
0.54880983
0.55090922
0.55302471
0.55515653
0.55730486
0.55946988
0.56165177
0.56385076
0.56606704
0.56830078
0.57055223
0.57282162
0.57510912
0.57741493
0.57973933
0.58208257
0.58444476
0.58682621
0.58922720
0.59164786
0.59408849
0.59654939
0.59903073
0.60153276
0.60405582
0.60660017
0.60916597
0.61175358
0.61436331
0.61699539
0.61965013
0.62232780
0.62502867
0.62775314
0.63050145
0.63327396
0.63607091
0.63889271
0.64173961
0.64461207
0.64750797
0.65043235
0.65338331
0.65636116
0.65936625
0.66239899
0.66545981
0.66854900
0.67166698
0.67481422
0.67799109
0.68119800
0.68443543
0.68770373
0.69100344
0.69433492
0.69769871
0.70109522
0.70452499
0.70798850
0.71148616
0.71501863
0.71858633
0.72218978
0.72582960
0.72950625
0.73322034
0.73697245
0.74076319
0.74459308
0.74846286
0.75237298
0.75632423
0.76031715
0.76435250
0.76843089
0.77233851
0.77592736
0.77863246
0.78099656
0.78277904
0.78414458
0.78517532
0.78574723
0.78613585
0.78608382
0.78586864
0.78555995
0.78520995
0.78531736
1.64429510
1.65388954
1.66359663
1.67341828
1.68335652
1.69341362
1.70359159
1.71389258
1.72430229
1.73485601
1.74553990
1.75635600
1.76730716
1.77839565
1.78962409
1.80097711
1.81249344
1.82415807
1.83597386
1.84794366
1.86007059
1.87235773
1.88480818
1.89740515
1.91019225
1.92315280
1.93629038
1.94960868
1.96311152
1.97680271
1.99066389
2.00474334
2.01902342
2.03350854
2.04820299
2.06311131
2.07823801
2.09356380
2.10914230
2.12495422
2.14100528
2.15730047
2.17384553
2.19064641
2.20770907
2.22501183
2.24261618
2.26050115
2.27867389
2.29714108
2.31591010
2.33498836
2.35435247
2.37404037
2.39409256
2.41448617
2.43523049
2.45633411
2.47780704
2.49965835
2.52186298
2.54450178
2.56595945
2.55821514
2.55051756
2.54286623
2.53526044
2.52770019
2.52018476
2.51267862
2.50525212
2.49786949
2.49053025
2.48323393
2.47598028
2.46876884
2.46159935
2.45447135
2.44738460
2.44030499
2.43329978
2.42633438
2.41940880
2.41252279
0.41910514
0.42032835
0.42155874
0.42279634
0.42404121
0.42529345
0.42655310
0.42782027
0.42909494
0.43037724
0.43166724
0.43296501
0.43427059
0.43558407
0.43690550
0.43823501
0.43957260
0.44091842
0.44227248
0.44363487
0.44500571
0.44638503
0.44777292
0.44916949
0.45057479
0.45198891
0.45341191
0.45484394
0.45628500
0.45773527
0.45919475
0.46066359
0.46214184
0.46362960
0.46512699
0.46663409
0.46815097
0.46967775
0.47121453
0.47276139
0.47431844
0.47588450
0.47746223
0.47905046
0.48064926
0.48225880
0.48387915
0.48551041
0.48715273
0.48880619
0.49047092
0.49214700
0.49383458
0.49553379
0.49724475
0.49896753
0.50070232
0.50244915
0.50420827
0.50597978
0.50776374
0.50956029
0.51136965
0.51319188
0.51502717
0.51687562
0.51873738
0.52061260
0.52250141
0.52440399
0.52632052
0.52825105
0.53019583
0.53215498
0.53412861
0.53611702
0.53812021
0.54013848
0.54217190
0.54422075
0.54628509
0.54836351
0.55045944
0.55257148
0.55469984
0.55684459
0.55900604
0.56118429
0.56337965
0.56559217
0.56782222
0.57006985
0.57233536
0.57461900
0.57692087
0.57924134
0.58158046
0.58393860
0.58631593
0.58871269
0.59112912
0.59356552
0.59602004
0.59849697
0.60099459
0.60351312
0.60605282
0.60861403
0.61119699
0.61380190
0.61642915
0.61907899
0.62175173
0.62444764
0.62716705
0.62991017
0.63267744
0.63546914
0.63828558
0.64112711
0.64399403
0.64688671
0.64980316
0.65274835
0.65572041
0.65871966
0.66174644
0.66480118
0.66788423
0.67099607
0.67413700
0.67730743
0.68050790
0.68373871
0.68700039
0.69029331
0.69361794
0.69697475
0.70036423
0.70378685
0.70724303
0.71073335
0.71425831
0.71781838
0.72141415
0.72504610
0.72871482
0.73242086
0.73616481
0.73994720
0.74376863
0.74762976
0.75153118
0.75547355
0.75945753
0.76348370
0.76755279
0.77166551
0.77534270
0.77859163
0.78121591
0.78319925
0.78495717
0.78602481
0.78698391
0.78742951
0.78777105
0.78755844
0.78732502
0.78697348
0.78665698
0.78773272
1.65183294
1.66151583
1.67131281
1.68122602
1.69124150
1.70139337
1.71166766
1.72206700
1.73259330
1.74324918
1.75403690
1.76495898
1.77600014
1.78719842
1.79853868
1.81002378
1.82165658
1.83343983
1.84537649
1.85745025
1.86970270
1.88211775
1.89469886
1.90744936
1.92037249
1.93347204
1.94673026
1.96019304
1.97384346
1.98768520
2.00172257
2.01595950
2.03040028
2.04504967
2.05988812
2.07496762
2.09026957
2.10579872
2.12156057
2.13755989
2.15380263
2.17026758
2.18701291
2.20401883
2.22129130
2.23883653
2.25666118
2.27477193
2.29314613
2.31184959
2.33086061
2.35018706
2.36980510
2.38978553
2.41010571
2.43077421
2.45176673
2.47315931
2.49492860
2.51708436
2.53963709
2.56259775
2.55924511
2.55154133
2.54388356
2.53627181
2.52870560
2.52118421
2.51370764
2.50627494
2.49885130
2.49150634
2.48420429
2.47694492
2.46972799
2.46255279
2.45541930
2.44832706
2.44127560
2.43426466
2.42726088
2.42033005
2.41343880
2.40658641
0.42006648
0.42129532
0.42253137
0.42377469
0.42502537
0.42628342
0.42754897
0.42882204
0.43010271
0.43139106
0.43268716
0.43399107
0.43530285
0.43662259
0.43795037
0.43928623
0.44063026
0.44198257
0.44334316
0.44471109
0.44608858
0.44747463
0.44886932
0.45027274
0.45168495
0.45310608
0.45453614
0.45597526
0.45742354
0.45888105
0.46034786
0.46182409
0.46330982
0.46480516
0.46631014
0.46782491
0.46934956
0.47088420
0.47242889
0.47398373
0.47554758
0.47712308
0.47870904
0.48030558
0.48191282
0.48353082
0.48515975
0.48679969
0.48845074
0.49011302
0.49178669
0.49347180
0.49516851
0.49687693
0.49859715
0.50032932
0.50207365
0.50383008
0.50559890
0.50738019
0.50917405
0.51098067
0.51280010
0.51463258
0.51647818
0.51833707
0.52020937
0.52209532
0.52399492
0.52590841
0.52783597
0.52977765
0.53173369
0.53370422
0.53568941
0.53768945
0.53970450
0.54173464
0.54378015
0.54584116
0.54791617
0.55000871
0.55211729
0.55424213
0.55638337
0.55854118
0.56071585
0.56290752
0.56511635
0.56734258
0.56958646
0.57184815
0.57412785
0.57642579
0.57874227
0.58107734
0.58343142
0.58580458
0.58819717
0.59060937
0.59304148
0.59549361
0.59796619
0.60045934
0.60297340
0.60550857
0.60806519
0.61064345
0.61324364
0.61586612
0.61851114
0.62117893
0.62386984
0.62658417
0.62932223
0.63208437
0.63487083
0.63768190
0.64051807
0.64337951
0.64626670
0.64917749
0.65211701
0.65508330
0.65807670
0.66109759
0.66414630
0.66722333
0.67032897
0.67346364
0.67662776
0.67982179
0.68304604
0.68630111
0.68958730
0.69290513
0.69625503
0.69963747
0.70305300
0.70650196
0.70998496
0.71350247
0.71705502
0.72064310
0.72426730
0.72792810
0.73162609
0.73536187
0.73913604
0.74294907
0.74680167
0.75069445
0.75462806
0.75860304
0.76262015
0.76668006
0.77078336
0.77476221
0.77837372
0.78117478
0.78361642
0.78541088
0.78684127
0.78791404
0.78857720
0.78902465
0.78908759
0.78894424
0.78872049
0.78839213
0.78835022
1.64978147
1.65942478
1.66919708
1.67908514
1.68909109
1.69921696
1.70946503
1.71983743
1.73033643
1.74094748
1.75170660
1.76259959
1.77362895
1.78479707
1.79610693
1.80756092
1.81914330
1.83089399
1.84279740
1.85485661
1.86707473
1.87945485
1.89200032
1.90471435
1.91757977
1.93064106
1.94388151
1.95730484
1.97091484
1.98471546
1.99871063
2.01288199
2.02727866
2.04188275
2.05669880
2.07173157
2.08698559
2.10246587
2.11817765
2.13410020
2.15029025
2.16672754
2.18341827
2.20036793
2.21758294
2.23506951
2.25280547
2.27085423
2.28919435
2.30783319
2.32677794
2.34603643
2.36561632
2.38546205
2.40570831
2.42630124
2.44724989
2.46856332
2.49025154
2.51232386
2.53479123
2.55762696
2.56027579
2.55256581
2.54490209
2.53728414
2.52971172
2.52218461
2.51470184
2.50726342
2.49986911
2.49248314
2.48517537
2.47791052
2.47068787
2.46350718
2.45636821
2.44927025
2.44221354
2.43519711
2.42822099
2.42128468
2.41435528
2.40749788
2.40067935
0.42103127
0.42226574
0.42350751
0.42475659
0.42601308
0.42727700
0.42854846
0.42982751
0.43111420
0.43240863
0.43371084
0.43502092
0.43633896
0.43766502
0.43899912
0.44034141
0.44169194
0.44305074
0.44441795
0.44579363
0.44717786
0.44857070
0.44997224
0.45138258
0.45280179
0.45422992
0.45566711
0.45711344
0.45856896
0.46003377
0.46150801
0.46299168
0.46448493
0.46598786
0.46750054
0.46902308
0.47055557
0.47209811
0.47365078
0.47521242
0.47678569
0.47836941
0.47996369
0.48156860
0.48318434
0.48481092
0.48644847
0.48809713
0.48975703
0.49142826
0.49311090
0.49480513
0.49651101
0.49822873
0.49995837
0.50170004
0.50345391
0.50522006
0.50699866
0.50878984
0.51059371
0.51241040
0.51424009
0.51608288
0.51793891
0.51980835
0.52169132
0.52358800
0.52549857
0.52742308
0.52936172
0.53131467
0.53328210
0.53526419
0.53726101
0.53927284
0.54129809
0.54334033
0.54539800
0.54747128
0.54955876
0.55166388
0.55378693
0.55592459
0.55807889
0.56024992
0.56243795
0.56464309
0.56686562
0.56910568
0.57136357
0.57363939
0.57593346
0.57824588
0.58057702
0.58292699
0.58529609
0.58768451
0.59009248
0.59252030
0.59496814
0.59743637
0.59992510
0.60243464
0.60496527
0.60751730
0.61009091
0.61268640
0.61530411
0.61794424
0.62060499
0.62329096
0.62600023
0.62873322
0.63149011
0.63427132
0.63707715
0.63990790
0.64276385
0.64564550
0.64855069
0.65148455
0.65444505
0.65743262
0.66044760
0.66349030
0.66656119
0.66966069
0.67278910
0.67594689
0.67913443
0.68235219
0.68560064
0.68888009
0.69219112
0.69553411
0.69890952
0.70231789
0.70575964
0.70923531
0.71274537
0.71629035
0.71987081
0.72348720
0.72714013
0.73083007
0.73455775
0.73832357
0.74212825
0.74597234
0.74985647
0.75378120
0.75774729
0.76175529
0.76580596
0.76989990
0.77403790
0.77778530
0.78113019
0.78377515
0.78583395
0.78763860
0.78873098
0.78973174
0.79018050
0.79055250
0.79040855
0.79025418
0.78997713
0.78970373
0.79055953
1.65735435
1.66710222
1.67696548
1.68694603
1.69704616
1.70725155
1.71759701
1.72806871
1.73866880
1.74939978
1.76026392
1.77126396
1.78240228
1.79366362
1.80508637
1.81665552
1.82837391
1.84024453
1.85227025
1.86445415
1.87677968
1.88928938
1.90196681
1.91481555
1.92783916
1.94104111
1.95442510
1.96799493
1.98173249
1.99568546
2.00983644
2.02418947
2.03874898
2.05351949
2.06850553
2.08368754
2.09911871
2.11478019
2.13067722
2.14681506
2.16319919
2.17983532
2.19670224
2.21385956
2.23128724
2.24899149
2.26697874
2.28525615
2.30383062
2.32270956
2.34186959
2.36137986
2.38118601
2.40135956
2.42187786
2.44274974
2.46398449
2.48555708
2.50754595
2.52992749
2.55271220
2.56130719
2.55359101
2.54592109
2.53829718
2.53071880
2.52318549
2.51569700
2.50825262
2.50085235
2.49349570
2.48618197
2.47887659
2.47164845
2.46446204
2.45731759
2.45021439
2.44315195
2.43613029
2.42914891
2.42220736
2.41530538
2.40844250
2.40158629
2.39480114
0.42200145
0.42324167
0.42448917
0.42574409
0.42700639
0.42827624
0.42955366
0.43083873
0.43213046
0.43343100
0.43473938
0.43605572
0.43738002
0.43871242
0.44005293
0.44140169
0.44275871
0.44412413
0.44549799
0.44688037
0.44827133
0.44967103
0.45107946
0.45249674
0.45392299
0.45535821
0.45680258
0.45825613
0.45971894
0.46119112
0.46267277
0.46416399
0.46566483
0.46717539
0.46869582
0.47022617
0.47176653
0.47331703
0.47487774
0.47644752
0.47802898
0.47962096
0.48122361
0.48283699
0.48446125
0.48609644
0.48774272
0.48940021
0.49106896
0.49274915
0.49444088
0.49614429
0.49785945
0.49958649
0.50132561
0.50307685
0.50484037
0.50661629
0.50840473
0.51020586
0.51201981
0.51384670
0.51568663
0.51753986
0.51940638
0.52128649
0.52318019
0.52508777
0.52700925
0.52894485
0.53089476
0.53285909
0.53483796
0.53683162
0.53884023
0.54086387
0.54290283
0.54495716
0.54702711
0.54911119
0.55121285
0.55333072
0.55546492
0.55761564
0.55978304
0.56196737
0.56416887
0.56638765
0.56862390
0.57087797
0.57314992
0.57544005
0.57774854
0.58007562
0.58242154
0.58478653
0.58717078
0.58957458
0.59199810
0.59444165
0.59690547
0.59938973
0.60189480
0.60442090
0.60696834
0.60953730
0.61212808
0.61474097
0.61737633
0.62003434
0.62271529
0.62541962
0.62814748
0.63089925
0.63367522
0.63647574
0.63930112
0.64215171
0.64502782
0.64792746
0.65085566
0.65381050
0.65679222
0.65980130
0.66283804
0.66590291
0.66899621
0.67211843
0.67526990
0.67845106
0.68166238
0.68490416
0.68817699
0.69148123
0.69481736
0.69818580
0.70158708
0.70502168
0.70849007
0.71199274
0.71553022
0.71910304
0.72271168
0.72635680
0.73003882
0.73375833
0.73751599
0.74131233
0.74514794
0.74902344
0.75293946
0.75689667
0.76089567
0.76493716
0.76902181
0.77315032
0.77720124
0.78083551
0.78373373
0.78625047
0.78806400
0.78954959
0.79062974
0.79133272
0.79178327
0.79187483
0.79173046
0.79151219
0.79123068
0.79118848
0.79412526
1.66501260
1.67485106
1.68479049
1.69486475
1.70506024
1.71537912
1.72582364
1.73639607
1.74709892
1.75791717
1.76888776
1.77999616
1.79124486
1.80263674
1.81417453
1.82586086
1.83767974
1.84967184
1.86182153
1.87413192
1.88660610
1.89924753
1.91205943
1.92504537
1.93818784
1.95153236
1.96506190
1.97878039
1.99269176
2.00680017
2.02110958
2.03560138
2.05032611
2.06526566
2.08042407
2.09580684
2.11141896
2.12726521
2.14335108
2.15965605
2.17623758
2.19307566
2.21017623
2.22754574
2.24519014
2.26311660
2.28130221
2.29981232
2.31862521
2.33774829
2.35718966
2.37692523
2.39702630
2.41743755
2.43823266
2.45938873
2.48091507
2.50282145
2.52511835
2.54781604
2.56237650
2.55465388
2.54694128
2.53931117
2.53172660
2.52418733
2.51669288
2.50924277
2.50183654
2.49447393
2.48715472
2.47987819
2.47264409
2.46541786
2.45826769
2.45115900
2.44409132
2.43706417
2.43007731
2.42313051
2.41622329
2.40935540
2.40252638
2.39573574
2.38895154
0.42297515
0.42422110
0.42547441
0.42673513
0.42800337
0.42927915
0.43056256
0.43185368
0.43315256
0.43445927
0.43577388
0.43709648
0.43842715
0.43976593
0.44111291
0.44246817
0.44383177
0.44520381
0.44658437
0.44797352
0.44937134
0.45077789
0.45219329
0.45361760
0.45505092
0.45649329
0.45794487
0.45940569
0.46087590
0.46235549
0.46384466
0.46534345
0.46685192
0.46837023
0.46989846
0.47143668
0.47298500
0.47454351
0.47611108
0.47769031
0.47928005
0.48088041
0.48249149
0.48411340
0.48574626
0.48739016
0.48904523
0.49071157
0.49238932
0.49407858
0.49577945
0.49749210
0.49921662
0.50095314
0.50270176
0.50446266
0.50623590
0.50802165
0.50982010
0.51163125
0.51345539
0.51529253
0.51714289
0.51900661
0.52088374
0.52277458
0.52467912
0.52659768
0.52853024
0.53047705
0.53243828
0.53441405
0.53640455
0.53840995
0.54043037
0.54246604
0.54451704
0.54658365
0.54866433
0.55076259
0.55287701
0.55500597
0.55715311
0.55931693
0.56149763
0.56369543
0.56591046
0.56814295
0.57039320
0.57266128
0.57494748
0.57725203
0.57957512
0.58191699
0.58427978
0.58665991
0.58905947
0.59147877
0.59391803
0.59637749
0.59885740
0.60135800
0.60387957
0.60642242
0.60898674
0.61157286
0.61418104
0.61681151
0.61946470
0.62214071
0.62484002
0.62756282
0.63030946
0.63308024
0.63587552
0.63869554
0.64154071
0.64441139
0.64730781
0.65022802
0.65317708
0.65615308
0.65915626
0.66218460
0.66524339
0.66833061
0.67144656
0.67459172
0.67776650
0.68097126
0.68420655
0.68747264
0.69077015
0.69409937
0.69746089
0.70085508
0.70428246
0.70774359
0.71123886
0.71476883
0.71833402
0.72193497
0.72557217
0.72924626
0.73295766
0.73670709
0.74049509
0.74432224
0.74818915
0.75209641
0.75604475
0.76003474
0.76406705
0.76814240
0.77226144
0.77642488
0.78022975
0.78365439
0.78632337
0.78846198
0.79030329
0.79144883
0.79249179
0.79294723
0.79335010
0.79320514
0.79305673
0.79277420
0.79249537
0.79327589
1.66291273
1.67272627
1.68265641
1.69270504
1.70287442
1.71316683
1.72356761
1.73411238
1.74478698
1.75559390
1.76653540
1.77761412
1.78883278
1.80019391
1.81168175
1.82333601
1.83514094
1.84709990
1.85921574
1.87149155
1.88393044
1.89651573
1.90929067
1.92223895
1.93536401
1.94866955
1.96215940
1.97583723
1.98970699
2.00375056
2.01801634
2.03248692
2.04716659
2.06205964
2.07717109
2.09250569
2.10804319
2.12383866
2.13987279
2.15615058
2.17267799
2.18946099
2.20650506
2.22378874
2.24137378
2.25923896
2.27739120
2.29583764
2.31458521
2.33364153
2.35301423
2.37264800
2.39267659
2.41304612
2.43376541
2.45484376
2.47629023
2.49811482
2.52029181
2.54290247
2.56340981
2.55568075
2.54799843
2.54036212
2.53273535
2.52519011
2.51768970
2.51023364
2.50282145
2.49545312
2.48812819
2.48084593
2.47360611
2.46640849
2.45925283
2.45210457
2.44503140
2.43799877
2.43100667
2.42405462
2.41714191
2.41026878
2.40343451
2.39663911
2.38988185
2.38313055
0.42395437
0.42520609
0.42646521
0.42773184
0.42900601
0.43028778
0.43157724
0.43287447
0.43417948
0.43549243
0.43681332
0.43814224
0.43947929
0.44082451
0.44217798
0.44353980
0.44491005
0.44628766
0.44767496
0.44907090
0.45047557
0.45188907
0.45331147
0.45474285
0.45618328
0.45763287
0.45909172
0.46055987
0.46203747
0.46352458
0.46502128
0.46652767
0.46804389
0.46956995
0.47110602
0.47265217
0.47420850
0.47577384
0.47735083
0.47893831
0.48053640
0.48214516
0.48376474
0.48539525
0.48703676
0.48868942
0.49035335
0.49202865
0.49371544
0.49541381
0.49712393
0.49884588
0.50057977
0.50232583
0.50408405
0.50585467
0.50763774
0.50943345
0.51124185
0.51306319
0.51489753
0.51674509
0.51860589
0.52048016
0.52236801
0.52426964
0.52618515
0.52811468
0.53005844
0.53201658
0.53398925
0.53597653
0.53797871
0.53999591
0.54202831
0.54407603
0.54613924
0.54821652
0.55031139
0.55242229
0.55454946
0.55669308
0.55885333
0.56103045
0.56322455
0.56543589
0.56766462
0.56991106
0.57217532
0.57445765
0.57675827
0.57907736
0.58141518
0.58377200
0.58614796
0.58854336
0.59095842
0.59339339
0.59584844
0.59832394
0.60082012
0.60333717
0.60587543
0.60843515
0.61101651
0.61361998
0.61624563
0.61889392
0.62156504
0.62425929
0.62697703
0.62971854
0.63248414
0.63527411
0.63808882
0.64092857
0.64379370
0.64668459
0.64959919
0.65254259
0.65551275
0.65851009
0.66153491
0.66458774
0.66766882
0.67077857
0.67391747
0.67708588
0.68028420
0.68351293
0.68677241
0.69006318
0.69338560
0.69674015
0.70012730
0.70354760
0.70700145
0.71048939
0.71401191
0.71756953
0.72116280
0.72479224
0.72845834
0.73216176
0.73590302
0.73968273
0.74350148
0.74735981
0.75125843
0.75519794
0.75917894
0.76320219
0.76726830
0.77137792
0.77553183
0.77961463
0.78327161
0.78620183
0.78875893
0.79060519
0.79214269
0.79327232
0.79405439
0.79456478
0.79468542
0.79453999
0.79432368
0.79404378
0.79395521
0.79670566
1.67062259
1.68052769
1.69055080
1.70067811
1.71094382
1.72133422
1.73185158
1.74249828
1.75327671
1.76418924
1.77522087
1.78640926
1.79773951
1.80921435
1.82083666
1.83260930
1.84453511
1.85661721
1.86883891
1.88124251
1.89381194
1.90655041
1.91946137
1.93254840
1.94581521
1.95924377
1.97288084
1.98670912
2.00073242
2.01495528
2.02938175
2.04401636
2.05883980
2.07390380
2.08919001
2.10470319
2.12044859
2.13643122
2.15265656
2.16913033
2.18583131
2.20281863
2.22007227
2.23759818
2.25540304
2.27349353
2.29187655
2.31052923
2.32951856
2.34882259
2.36841774
2.38837457
2.40867066
2.42931461
2.45031548
2.47164845
2.49339080
2.51551914
2.53804398
2.56097555
2.55670857
2.54902005
2.54137754
2.53378081
2.52622938
2.51868701
2.51122522
2.50380731
2.49643302
2.48910236
2.48181438
2.47456908
2.46736574
2.46020436
2.45308447
2.44600558
2.43893409
2.43193674
2.42497921
2.41806149
2.41118288
2.40434361
2.39754295
2.39078045
2.38405609
2.37736964
0.42493710
0.42619464
0.42745966
0.42873219
0.43001232
0.43130013
0.43259567
0.43389902
0.43521026
0.43652943
0.43785664
0.43919194
0.44053540
0.44188711
0.44324714
0.44461554
0.44599247
0.44737792
0.44877201
0.45017481
0.45158643
0.45300689
0.45443636
0.45587486
0.45732248
0.45877934
0.46024552
0.46172109
0.46320614
0.46470079
0.46620512
0.46771920
0.46924317
0.47077709
0.47232106
0.47387522
0.47543836
0.47701311
0.47859836
0.48019415
0.48180065
0.48341790
0.48504606
0.48668522
0.48833549
0.48999700
0.49166986
0.49335417
0.49505007
0.49675766
0.49847707
0.50020844
0.50195187
0.50370747
0.50547540
0.50725585
0.50904882
0.51085454
0.51267308
0.51450467
0.51634932
0.51820731
0.52007866
0.52196366
0.52386230
0.52577484
0.52770138
0.52964211
0.53159714
0.53356665
0.53555083
0.53754979
0.53956378
0.54159290
0.54363734
0.54569727
0.54777288
0.54986262
0.55197006
0.55409378
0.55623382
0.55839050
0.56056398
0.56275445
0.56496209
0.56718713
0.56942976
0.57168835
0.57396680
0.57626343
0.57857859
0.58091235
0.58326507
0.58563691
0.58802813
0.59043896
0.59286964
0.59532034
0.59779149
0.60028321
0.60279572
0.60532945
0.60788453
0.61046124
0.61305994
0.61568081
0.61832637
0.62099254
0.62368184
0.62639236
0.62912875
0.63189137
0.63467616
0.63748550
0.64031988
0.64317960
0.64606494
0.64897394
0.65191168
0.65487605
0.65786755
0.66088653
0.66393328
0.66700828
0.67011195
0.67324460
0.67640662
0.67959857
0.68282074
0.68607360
0.68935764
0.69267327
0.69601822
0.69939834
0.70281148
0.70625812
0.70973867
0.71325374
0.71680379
0.72038937
0.72401100
0.72766924
0.73136461
0.73509771
0.73886913
0.74267942
0.74652922
0.75041914
0.75434983
0.75832188
0.76233602
0.76639289
0.77049309
0.77463746
0.77882665
0.78265172
0.78608030
0.78876942
0.79090726
0.79275650
0.79393399
0.79501551
0.79553068
0.79600382
0.79593265
0.79586148
0.79559821
0.79531384
0.79601806
1.66850865
1.67838848
1.68838608
1.69850349
1.70874298
1.71910655
1.72959673
1.74021554
1.75094843
1.76183200
1.77285171
1.78401005
1.79530978
1.80675364
1.81834424
1.83006573
1.84195840
1.85400653
1.86621344
1.87858212
1.89111590
1.90381801
1.91669190
1.92972016
1.94294786
1.95635831
1.96995509
1.98374224
1.99772370
2.01190352
2.02626324
2.04085279
2.05565381
2.07067108
2.08590937
2.10137391
2.11706901
2.13297510
2.14914775
2.16556764
2.18224049
2.19917178
2.21636820
2.23383546
2.25158024
2.26958013
2.28789973
2.30651736
2.32544065
2.34467673
2.36423397
2.38408804
2.40427852
2.42484713
2.44577050
2.46705794
2.48871946
2.51076460
2.53320384
2.55601120
2.55773735
2.55004263
2.54239392
2.53479123
2.52723360
2.51972103
2.51221752
2.50479388
2.49741387
2.49007726
2.48278356
2.47553253
2.46832371
2.46115685
2.45403147
2.44694710
2.43990374
2.43286729
2.42590451
2.41898155
2.41209793
2.40525317
2.39844751
2.39168000
2.38495064
2.37825894
2.37160492
0.42592540
0.42718881
0.42845973
0.42973825
0.43102443
0.43231830
0.43361998
0.43492952
0.43624699
0.43757248
0.43890604
0.44024774
0.44159770
0.44295594
0.44432256
0.44569764
0.44708127
0.44847351
0.44987446
0.45128417
0.45270160
0.45412910
0.45556566
0.45701134
0.45846620
0.45993036
0.46140391
0.46288693
0.46437952
0.46588176
0.46739376
0.46891558
0.47044736
0.47198918
0.47354114
0.47510210
0.47667462
0.47825760
0.47985113
0.48145530
0.48307025
0.48469606
0.48633283
0.48798072
0.48963982
0.49131024
0.49299207
0.49468547
0.49639055
0.49810743
0.49983621
0.50157702
0.50333005
0.50509536
0.50687307
0.50866336
0.51046628
0.51228207
0.51411086
0.51595271
0.51780784
0.51967633
0.52155834
0.52345407
0.52536362
0.52728713
0.52922481
0.53117675
0.53314316
0.53512418
0.53711998
0.53913075
0.54115659
0.54319769
0.54525429
0.54732651
0.54941285
0.55151689
0.55363703
0.55577362
0.55792671
0.56009656
0.56228340
0.56448734
0.56670862
0.56894743
0.57120407
0.57347858
0.57577139
0.57808250
0.58041233
0.58276099
0.58512872
0.58751577
0.58992237
0.59234875
0.59479523
0.59726197
0.59974921
0.60225731
0.60478646
0.60733694
0.60990906
0.61250299
0.61511910
0.61775768
0.62041897
0.62310332
0.62581098
0.62854224
0.63129753
0.63407701
0.63688111
0.63971007
0.64256436
0.64544415
0.64834756
0.65127957
0.65423822
0.65722388
0.66023690
0.66327769
0.66634661
0.66944408
0.67257047
0.67572618
0.67891169
0.68212730
0.68537360
0.68865091
0.69195968
0.69530046
0.69867361
0.70207965
0.70551908
0.70899236
0.71250004
0.71604258
0.71962053
0.72323442
0.72688472
0.73057216
0.73429716
0.73806030
0.74186224
0.74570358
0.74958485
0.75350678
0.75746995
0.76147509
0.76552272
0.76961362
0.77374852
0.77792811
0.78202933
0.78571254
0.78864712
0.79120255
0.79306030
0.79459316
0.79572982
0.79649889
0.79701245
0.79718381
0.79711241
0.79697323
0.79676986
0.79671639
0.79929936
1.67627060
1.68624294
1.69633460
1.70654774
1.71686816
1.72733080
1.73792183
1.74864352
1.75949836
1.77048874
1.78161740
1.79286861
1.80428123
1.81584013
1.82754791
1.83940780
1.85142255
1.86359537
1.87592924
1.88840747
1.90107310
1.91390967
1.92692089
1.94011021
1.95348132
1.96703804
1.98076212
1.99470150
2.00883842
2.02317715
2.03772211
2.05247760
2.06744838
2.08263922
2.09803009
2.11367536
2.12955570
2.14567637
2.16204309
2.17866135
2.19553709
2.21264887
2.23005724
2.24774194
2.26570916
2.28396606
2.30251932
2.32137680
2.34051490
2.36000228
2.37978506
2.39993501
2.42042875
2.44127560
2.46248484
2.48406553
2.50599265
2.52834630
2.55110240
2.55876684
2.55106592
2.54341125
2.53580213
2.52823877
2.52072001
2.51324606
2.50581646
2.49839544
2.49105287
2.48375368
2.47649693
2.46928263
2.46211004
2.45497918
2.44788933
2.44084048
2.43383193
2.42686367
2.41990232
2.41301346
2.40616369
2.39935255
2.39258003
2.38584566
2.37914896
2.37248993
2.36589932
0.42691731
0.42818663
0.42946351
0.43074802
0.43204024
0.43334025
0.43464810
0.43596387
0.43728763
0.43861943
0.43995941
0.44130757
0.44266403
0.44402885
0.44540212
0.44678390
0.44817427
0.44957334
0.45098117
0.45239785
0.45382345
0.45525807
0.45670179
0.45815468
0.45961684
0.46108839
0.46256939
0.46405992
0.46556008
0.46706998
0.46858969
0.47011936
0.47165903
0.47320881
0.47476882
0.47633785
0.47791860
0.47950986
0.48111176
0.48272440
0.48434788
0.48598230
0.48762783
0.48928452
0.49095249
0.49263188
0.49432281
0.49602538
0.49773973
0.49946594
0.50120419
0.50295460
0.50471723
0.50649232
0.50827986
0.51008010
0.51189315
0.51371914
0.51555818
0.51741046
0.51927608
0.52115524
0.52304798
0.52495456
0.52687508
0.52880973
0.53075862
0.53272194
0.53469980
0.53669244
0.53869998
0.54072261
0.54276043
0.54481369
0.54688257
0.54896551
0.55106610
0.55318284
0.55531585
0.55746543
0.55963171
0.56181484
0.56401509
0.56623268
0.56846774
0.57072055
0.57299125
0.57528013
0.57758731
0.57991314
0.58225775
0.58462137
0.58700424
0.58940667
0.59182882
0.59427094
0.59673333
0.59921420
0.60171783
0.60424244
0.60678834
0.60935575
0.61194497
0.61455637
0.61719006
0.61984646
0.62252587
0.62522846
0.62795466
0.63070476
0.63347900
0.63627779
0.63910145
0.64195025
0.64482456
0.64772236
0.65064871
0.65360165
0.65658146
0.65958858
0.66262341
0.66568625
0.66878009
0.67190027
0.67504966
0.67822874
0.68143791
0.68467760
0.68794829
0.69125026
0.69458419
0.69795036
0.70134938
0.70478165
0.70824766
0.71174794
0.71528298
0.71885329
0.72245944
0.72610199
0.72978139
0.73349833
0.73725331
0.74104381
0.74487662
0.74874932
0.75266248
0.75661677
0.76061279
0.76465130
0.76873285
0.77285826
0.77702820
0.78124332
0.78508526
0.78852481
0.79122716
0.79336071
0.79522860
0.79639560
0.79746592
0.79798430
0.79843891
0.79836726
0.79828852
0.79808450
0.79788059
0.79866821
1.67415798
1.68408918
1.69415498
1.70434189
1.71465206
1.72508764
1.73565114
1.74634469
1.75717092
1.76811457
1.77921331
1.79045212
1.80183387
1.81336129
1.82503712
1.83686435
1.84882653
1.86096513
1.87326407
1.88572669
1.89835632
1.91115618
1.92412984
1.93728077
1.95059144
1.96410787
1.97781301
1.99171078
2.00580525
2.02010036
2.03460097
2.04928756
2.06421185
2.07935476
2.09472179
2.11031747
2.12614727
2.14221621
2.15850377
2.17506742
2.19188738
2.20896935
2.22631979
2.24394488
2.26185131
2.28004575
2.29850554
2.31729698
2.33639812
2.35581684
2.37552953
2.39560676
2.41602659
2.43676400
2.45789433
2.47939444
2.50127411
2.52354336
2.54621243
2.55979705
2.55208993
2.54442906
2.53681421
2.52924442
2.52171993
2.51424003
2.50680447
2.49941278
2.49206424
2.48472452
2.47746205
2.47024202
2.46306396
2.45592761
2.44883227
2.44177794
2.43476415
2.42779040
2.42085671
2.41396236
2.40707469
2.40025854
2.39348078
2.38674140
2.38003969
2.37337565
2.36674881
2.36018991
0.42791486
0.42919013
0.43047300
0.43176359
0.43306193
0.43436807
0.43568215
0.43700421
0.43833429
0.43967250
0.44101891
0.44237360
0.44373661
0.44510809
0.44648802
0.44787657
0.44927379
0.45067972
0.45209453
0.45351821
0.45495087
0.45639265
0.45784357
0.45930377
0.46077329
0.46225226
0.46374074
0.46523884
0.46674666
0.46826303
0.46979055
0.47132808
0.47287568
0.47443348
0.47600031
0.47757882
0.47916779
0.48076740
0.48237774
0.48399886
0.48563096
0.48727408
0.48892838
0.49059391
0.49227086
0.49395931
0.49565935
0.49737117
0.49909484
0.50083047
0.50257826
0.50433826
0.50611067
0.50789553
0.50969309
0.51150334
0.51332659
0.51516283
0.51701224
0.51887494
0.52075118
0.52264100
0.52454466
0.52646214
0.52839375
0.53033954
0.53229976
0.53427452
0.53626394
0.53826827
0.54028767
0.54232222
0.54437220
0.54643768
0.54851723
0.55061442
0.55272764
0.55485713
0.55700314
0.55916584
0.56134534
0.56354195
0.56575578
0.56798708
0.57023603
0.57250291
0.57478786
0.57709110
0.57941288
0.58175343
0.58411300
0.58649170
0.58888996
0.59130782
0.59374565
0.59620368
0.59868217
0.60118133
0.60370141
0.60624272
0.60880554
0.61139011
0.61399668
0.61662561
0.61927718
0.62195158
0.62464923
0.62737036
0.63011533
0.63288444
0.63567793
0.63849622
0.64133960
0.64420843
0.64710307
0.65002143
0.65296865
0.65594268
0.65894395
0.66197282
0.66502964
0.66811484
0.67122883
0.67437196
0.67754465
0.68074733
0.68398041
0.68724442
0.69053966
0.69386667
0.69722593
0.70061785
0.70404291
0.70750165
0.71099454
0.71452206
0.71808481
0.72168326
0.72531790
0.72898936
0.73269820
0.73644501
0.74023026
0.74405468
0.74791878
0.75182325
0.75576866
0.75975573
0.76378512
0.76785743
0.77197343
0.77613378
0.78033918
0.78444177
0.78815126
0.79107249
0.79362953
0.79552710
0.79705888
0.79820263
0.79895854
0.79947531
0.79962611
0.79955429
0.79940706
0.79920250
0.79920965
0.80213404
1.68195677
1.69199705
1.70215797
1.71244168
1.72285032
1.73336947
1.74403489
1.75483227
1.76576436
1.77683342
1.78804219
1.79939318
1.81088924
1.82251453
1.83430886
1.84625697
1.85836172
1.87062609
1.88305354
1.89564729
1.90839005
1.92132604
1.93443859
1.94773138
1.96120811
1.97487271
1.98872888
2.00278091
2.01701021
2.03146625
2.04613113
2.06100917
2.07610512
2.09142375
2.10697031
2.12272429
2.13874149
2.15500212
2.17151189
2.18827653
2.20530224
2.22259474
2.24013257
2.25797796
2.27610993
2.29453540
2.31326175
2.33229613
2.35164642
2.37125731
2.39126229
2.41160774
2.43230224
2.45335507
2.47477531
2.49657321
2.51875830
2.54130507
2.56086516
2.55311489
2.54544783
2.53782678
2.53025126
2.52272058
2.51523495
2.50779343
2.50039577
2.49304152
2.48573065
2.47846246
2.47120237
2.46401858
2.45687675
2.44977593
2.44271612
2.43569708
2.42871809
2.42177892
2.41487932
2.40801907
2.40119743
2.39438224
2.38763785
2.38093114
2.37426209
2.36763024
2.36106658
2.35450816
0.42891607
0.43019730
0.43148622
0.43278289
0.43408737
0.43539974
0.43672007
0.43804842
0.43938491
0.44072956
0.44208243
0.44344369
0.44481331
0.44619146
0.44757816
0.44897348
0.45037755
0.45179042
0.45321220
0.45464295
0.45608276
0.45753172
0.45898992
0.46045741
0.46193436
0.46342081
0.46491683
0.46642256
0.46793807
0.46946347
0.47099882
0.47254425
0.47409987
0.47566450
0.47724077
0.47882751
0.48042485
0.48203287
0.48365170
0.48528144
0.48692220
0.48857409
0.49023721
0.49191171
0.49359769
0.49529526
0.49700454
0.49872568
0.50045878
0.50220394
0.50396132
0.50573105
0.50751328
0.50930810
0.51111561
0.51293606
0.51476949
0.51661611
0.51847595
0.52034932
0.52223623
0.52413690
0.52605140
0.52797997
0.52992272
0.53187984
0.53385150
0.53583777
0.53783894
0.53985506
0.54188639
0.54393303
0.54599518
0.54807138
0.55016512
0.55227488
0.55440092
0.55654341
0.55870247
0.56087840
0.56307131
0.56528145
0.56750900
0.56975418
0.57201719
0.57429826
0.57659757
0.57891542
0.58125192
0.58360738
0.58598202
0.58837605
0.59078974
0.59322327
0.59567696
0.59815103
0.60064578
0.60316133
0.60569811
0.60825634
0.61083621
0.61343807
0.61606222
0.61870891
0.62137842
0.62407106
0.62678719
0.62952477
0.63228869
0.63507694
0.63788986
0.64072788
0.64359123
0.64648026
0.64939302
0.65233451
0.65530276
0.65829819
0.66132110
0.66437191
0.66745096
0.67055875
0.67369556
0.67686188
0.68005812
0.68328464
0.68654197
0.68983048
0.69315070
0.69650298
0.69988781
0.70330578
0.70675725
0.71024561
0.71376568
0.71732086
0.72091162
0.72453851
0.72820210
0.73190290
0.73564148
0.73941851
0.74323446
0.74709004
0.75098586
0.75491929
0.75889736
0.76291758
0.76698065
0.77108723
0.77523798
0.77943373
0.78367507
0.78749222
0.79087216
0.79360121
0.79570496
0.79758745
0.79877573
0.79987407
0.80045313
0.80088532
0.80081326
0.80073041
0.80052513
0.80031997
0.80122781
1.67982984
1.68984473
1.69997966
1.71022058
1.72060215
1.73111057
1.74174809
1.75251722
1.76342034
1.77445996
1.78562069
1.79694092
1.80840564
1.82001746
1.83177948
1.84369445
1.85576546
1.86797607
1.88036811
1.89292586
1.90565228
1.91855109
1.93162572
1.94487977
1.95831692
1.97191918
1.98573387
1.99974358
2.01395226
2.02836442
2.04298425
2.05781627
2.07284117
2.08811164
2.10360885
2.11933780
2.13530350
2.15151167
2.16796780
2.18467784
2.20161986
2.21885467
2.23636127
2.25414634
2.27221656
2.29057884
2.30924034
2.32817793
2.34745955
2.36703205
2.38696551
2.40723753
2.42785668
2.44883227
2.47013927
2.49185491
2.51395607
2.53645253
2.55935550
2.55417728
2.54650402
2.53884029
2.53125858
2.52372217
2.51623034
2.50878310
2.50137949
2.49401975
2.48670292
2.47942901
2.47219753
2.46500826
2.45782661
2.45072031
2.44365525
2.43663049
2.42964625
2.42270184
2.41579700
2.40893149
2.40210485
2.39531684
2.38856697
2.38182306
2.37514901
2.36851239
2.36194372
2.35538054
2.34885359
0.42992300
0.43121028
0.43250528
0.43380809
0.43511876
0.43643740
0.43776402
0.43909875
0.44044164
0.44179279
0.44315222
0.44452006
0.44589639
0.44728124
0.44867474
0.45007691
0.45148790
0.45290777
0.45433658
0.45577446
0.45722145
0.45867768
0.46014318
0.46161810
0.46310249
0.46459648
0.46610013
0.46761355
0.46913680
0.47067004
0.47221208
0.47376549
0.47532791
0.47690195
0.47848642
0.48008147
0.48168722
0.48330370
0.48493108
0.48656946
0.48821896
0.48987970
0.49155173
0.49323523
0.49493033
0.49663708
0.49835566
0.50008619
0.50182873
0.50358349
0.50535059
0.50713009
0.50892222
0.51072699
0.51254463
0.51437527
0.51621908
0.51807606
0.51994652
0.52183050
0.52372819
0.52563977
0.52756530
0.52950501
0.53145903
0.53342754
0.53541070
0.53740865
0.53942156
0.54144955
0.54349291
0.54555178
0.54762626
0.54971486
0.55182117
0.55394375
0.55608267
0.55823815
0.56041044
0.56259972
0.56480616
0.56702995
0.56927133
0.57153052
0.57380766
0.57610309
0.57841688
0.58074939
0.58310080
0.58547127
0.58786112
0.59027058
0.59269983
0.59514922
0.59761888
0.60010916
0.60262024
0.60515243
0.60770601
0.61028123
0.61287838
0.61549771
0.61813956
0.62080413
0.62349182
0.62620288
0.62893760
0.63169628
0.63447934
0.63728696
0.64011955
0.64297748
0.64586103
0.64876819
0.65170401
0.65466654
0.65765607
0.66067308
0.66371793
0.66679090
0.66989255
0.67302310
0.67618310
0.67937291
0.68259293
0.68584365
0.68912548
0.69243884
0.69578421
0.69916207
0.70257294
0.70601720
0.70949543
0.71300805
0.71655566
0.72013873
0.72375780
0.72741348
0.73110628
0.73483670
0.73860544
0.74241304
0.74626005
0.75014716
0.75407499
0.75804418
0.76205534
0.76610917
0.77020639
0.77434766
0.77853370
0.78276527
0.78683436
0.79056656
0.79339606
0.79587924
0.79778761
0.79927784
0.80047113
0.80122781
0.80180889
0.80199313
0.80200034
0.80185580
0.80164999
0.80171496
1.67769253
1.68768179
1.69779074
1.70802152
1.71837640
1.72885752
1.73946738
1.75019097
1.76106501
1.77207506
1.78322375
1.79451346
1.80594707
1.81752729
1.82925701
1.84112012
1.85315728
1.86535299
1.87771022
1.89023221
1.90292239
1.91578424
1.92880011
1.94201517
1.95541263
1.96899629
1.98276997
1.99673760
2.01090360
2.02524877
2.03982377
2.05460978
2.06961179
2.08483458
2.10028291
2.11596179
2.13187671
2.14800668
2.16440916
2.18106389
2.19797707
2.21515441
2.23260260
2.25032759
2.26830769
2.28660655
2.30520320
2.32410455
2.34331870
2.36285305
2.38268399
2.40288305
2.42339444
2.44429278
2.46555448
2.48718953
2.50920749
2.53161860
2.55443382
2.55520391
2.54752445
2.53989077
2.53230286
2.52472448
2.51722670
2.50977349
2.50236416
2.49499846
2.48767614
2.48039651
2.47315931
2.46596432
2.45881104
2.45166540
2.44459486
2.43756485
2.43057513
2.42362547
2.41671538
2.40984464
2.40301275
2.39621949
2.38946462
2.38274765
2.37603688
2.36939502
2.36282158
2.35625362
2.34972167
2.34322619
0.43093362
0.43222699
0.43352810
0.43483710
0.43615401
0.43747893
0.43881190
0.44015303
0.44150239
0.44286007
0.44422609
0.44560057
0.44698361
0.44837523
0.44977555
0.45118466
0.45260260
0.45402950
0.45546541
0.45691046
0.45836467
0.45982820
0.46130109
0.46278346
0.46427536
0.46577692
0.46728823
0.46880940
0.47034046
0.47188160
0.47343284
0.47499305
0.47656485
0.47814712
0.47973990
0.48134333
0.48295751
0.48458257
0.48621860
0.48786572
0.48952401
0.49119365
0.49287468
0.49456728
0.49627155
0.49798760
0.49971554
0.50145555
0.50320768
0.50497210
0.50674897
0.50853837
0.51034045
0.51215535
0.51398319
0.51582414
0.51767832
0.51954585
0.52142698
0.52332169
0.52523029
0.52715284
0.52908951
0.53104049
0.53300589
0.53498584
0.53698063
0.53899032
0.54101515
0.54305518
0.54511070
0.54718184
0.54926705
0.55136997
0.55348903
0.55562443
0.55777639
0.55994505
0.56213069
0.56433338
0.56655347
0.56879109
0.57104647
0.57331973
0.57561123
0.57792109
0.58024961
0.58259696
0.58496332
0.58734906
0.58975428
0.59217930
0.59462434
0.59708965
0.59957552
0.60208213
0.60460979
0.60715878
0.60972935
0.61232179
0.61493635
0.61757338
0.62023306
0.62291580
0.62562180
0.62835145
0.63110501
0.63388282
0.63668519
0.63951242
0.64236492
0.64524293
0.64814454
0.65107471
0.65403152
0.65701526
0.66002637
0.66306275
0.66612965
0.66922510
0.67234945
0.67550308
0.67868644
0.68189996
0.68514407
0.68841916
0.69172573
0.69506425
0.69843513
0.70183885
0.70527589
0.70874679
0.71225202
0.71579206
0.71936750
0.72297883
0.72662657
0.73031139
0.73403370
0.73779416
0.74159336
0.74543190
0.74931037
0.75322938
0.75719285
0.76119500
0.76523972
0.76932758
0.77345937
0.77763581
0.78185415
0.78612196
0.78990346
0.79319102
0.79594332
0.79796284
0.79977345
0.80097181
0.80200034
0.80258614
0.80302060
0.80302787
0.80301338
0.80289024
0.80278158
0.80380386
1.68554032
1.69562364
1.70582819
1.71615636
1.72659361
1.73717558
1.74788809
1.75873351
1.76971424
1.78083313
1.79209244
1.80347693
1.81502545
1.82672274
1.83857179
1.85057569
1.86273730
1.87505972
1.88754630
1.90018010
1.91300464
1.92600358
1.93918025
1.95253849
1.96608210
1.97981489
1.99371850
2.00784135
2.02216578
2.03669620
2.05143690
2.06639242
2.08156753
2.09694266
2.11257172
2.12843537
2.14453912
2.16088820
2.17748880
2.19434619
2.21146679
2.22882867
2.24649358
2.26444101
2.28267717
2.30120969
2.32004547
2.33919215
2.35862637
2.37838602
2.39851213
2.41898155
2.43980336
2.46098685
2.48254132
2.50447655
2.52676725
2.54949474
2.55623126
2.54854560
2.54090595
2.53331208
2.52576327
2.51825953
2.51076460
2.50334954
2.49597812
2.48864985
2.48136473
2.47412181
2.46692133
2.45976257
2.45264506
2.44556880
2.43849993
2.43150473
2.42454982
2.41763449
2.41075850
2.40392137
2.39712310
2.39036322
2.38364124
2.37695694
2.37031007
2.36370015
2.35712719
2.35059047
2.34409022
2.33762550
0.43195009
0.43324953
0.43455684
0.43587205
0.43719524
0.43852651
0.43986589
0.44121349
0.44256938
0.44393361
0.44530627
0.44668746
0.44807726
0.44947571
0.45088294
0.45229900
0.45372397
0.45515797
0.45660102
0.45805329
0.45951483
0.46098569
0.46246603
0.46395588
0.46545538
0.46696460
0.46848366
0.47001261
0.47155157
0.47310063
0.47465995
0.47622827
0.47780827
0.47939879
0.48099995
0.48261184
0.48423457
0.48586825
0.48751298
0.48916754
0.49083471
0.49251330
0.49420342
0.49590516
0.49761868
0.49934405
0.50108147
0.50283098
0.50459278
0.50636697
0.50815362
0.50995302
0.51176512
0.51359022
0.51542830
0.51727968
0.51914436
0.52102250
0.52291429
0.52481991
0.52673948
0.52867311
0.53062099
0.53258324
0.53456008
0.53655171
0.53855819
0.54057974
0.54261649
0.54466867
0.54673642
0.54881829
0.55091774
0.55303329
0.55516517
0.55731356
0.55947864
0.56166065
0.56385970
0.56607604
0.56830984
0.57056141
0.57283086
0.57511842
0.57742435
0.57974881
0.58209205
0.58445436
0.58683592
0.58923692
0.59165770
0.59409839
0.59655935
0.59904081
0.60154295
0.60406607
0.60661048
0.60917640
0.61176413
0.61437392
0.61700606
0.61966091
0.62233865
0.62503970
0.62776423
0.63051265
0.63328522
0.63608229
0.63890415
0.64175117
0.64462370
0.64751971
0.65044421
0.65339530
0.65637326
0.65937847
0.66241133
0.66547221
0.66856152
0.67167968
0.67482704
0.67800403
0.68121105
0.68444860
0.68771702
0.69101685
0.69434845
0.69771236
0.70110905
0.70453894
0.70800257
0.71150041
0.71503299
0.71860081
0.72220445
0.72584438
0.72952121
0.73323548
0.73698771
0.74077863
0.74460870
0.74847859
0.75238889
0.75634027
0.76033342
0.76436889
0.76844746
0.77256978
0.77673662
0.78094858
0.78520650
0.78924155
0.79298258
0.79573697
0.79813820
0.80006099
0.80147314
0.80267662
0.80336130
0.80394912
0.80405802
0.80406529
0.80397815
0.80385470
0.80410165
1.68340433
1.69344580
1.70362413
1.71392560
1.72435236
1.73490679
1.74559116
1.75640798
1.76734221
1.77843118
1.78966010
1.80103171
1.81254888
1.82421422
1.83603060
1.84800124
1.86010945
1.87239707
1.88484812
1.89746583
1.91025376
1.92321503
1.93635356
1.94965136
1.96315479
1.97684658
1.99073064
2.00481105
2.01909232
2.03357816
2.04827356
2.06315899
2.07828665
2.09363770
2.10921717
2.12503052
2.14108253
2.15737891
2.17389870
2.19070053
2.20776391
2.22509527
2.24270082
2.26058745
2.27876139
2.29723001
2.31597042
2.33504963
2.35444593
2.37413526
2.39418912
2.41458464
2.43533039
2.45640206
2.47787595
2.49972868
2.52197003
2.54461098
2.55725956
2.54956770
2.54192209
2.53432202
2.52676725
2.51925731
2.51179218
2.50433564
2.49695849
2.48962450
2.48233342
2.47508502
2.46787882
2.46071458
2.45359182
2.44651008
2.43946886
2.43246841
2.42547488
2.41855431
2.41167307
2.40483069
2.39802742
2.39126229
2.38453531
2.37784600
2.37119412
2.36461091
2.35803270
2.35145998
2.34495473
2.33848548
2.33205175
0.43297029
0.43427590
0.43558940
0.43691087
0.43824041
0.43957806
0.44092387
0.44227797
0.44364041
0.44501126
0.44639063
0.44777855
0.44917515
0.45058048
0.45199463
0.45341769
0.45484975
0.45629087
0.45774114
0.45920068
0.46066955
0.46214783
0.46363565
0.46513307
0.46664020
0.46815714
0.46968395
0.47122076
0.47276765
0.47432476
0.47589087
0.47746864
0.47905689
0.48065576
0.48226535
0.48388574
0.48551705
0.48715940
0.48881289
0.49047765
0.49215379
0.49384144
0.49554068
0.49725169
0.49897453
0.50070935
0.50245625
0.50421542
0.50598693
0.50777096
0.50956762
0.51137698
0.51319927
0.51503462
0.51688313
0.51874495
0.52062023
0.52250910
0.52441174
0.52632827
0.52825886
0.53020370
0.53216290
0.53413665
0.53612506
0.53812838
0.54014665
0.54218018
0.54422903
0.54629350
0.54837191
0.55046797
0.55258006
0.55470848
0.55685329
0.55901480
0.56119317
0.56338853
0.56560117
0.56783128
0.57007897
0.57234460
0.57462823
0.57693022
0.57925075
0.58159000
0.58394819
0.58632559
0.58872241
0.59113896
0.59357542
0.59603202
0.59850901
0.60100675
0.60352540
0.60606521
0.60862654
0.61120957
0.61381465
0.61644197
0.61909193
0.62176478
0.62446082
0.62718028
0.62992358
0.63269097
0.63548279
0.63829935
0.64114094
0.64400804
0.64690083
0.64981735
0.65276271
0.65573490
0.65873426
0.66176116
0.66481608
0.66789925
0.67101121
0.67415231
0.67732036
0.68052351
0.68375188
0.68701363
0.69030666
0.69363415
0.69699115
0.70037800
0.70380074
0.70725709
0.71074754
0.71427262
0.71783286
0.72142875
0.72506088
0.72872972
0.73243594
0.73618001
0.73996258
0.74378419
0.74764550
0.75154710
0.75548959
0.75947374
0.76350009
0.76756936
0.77168226
0.77583945
0.78004169
0.78428972
0.78855973
0.79230487
0.79548800
0.79827064
0.80022645
0.80197501
0.80318004
0.80414158
0.80473053
0.80509448
0.80510175
0.80506903
0.80494523
0.80487609
0.80636734
1.69128978
1.70144212
1.71171713
1.72211695
1.73264396
1.74328327
1.75407147
1.76499403
1.77605331
1.78725219
1.79859316
1.81007898
1.82169390
1.83347762
1.84541476
1.85750842
1.86976159
1.88217747
1.89475942
1.90751064
1.92041397
1.93351412
1.94679415
1.96025777
1.97390902
1.98775172
2.00179005
2.01600504
2.03044677
2.04509664
2.05995965
2.07504010
2.09034324
2.10587358
2.12161112
2.13761139
2.15385485
2.17034698
2.18709350
2.20410061
2.22137427
2.23892093
2.25671840
2.27483010
2.29323483
2.31193972
2.33095241
2.35028028
2.36989975
2.38984966
2.41017079
2.43084073
2.45186806
2.47326255
2.49503350
2.51719117
2.53974581
2.55828881
2.55059075
2.54293871
2.53533268
2.52777195
2.52025604
2.51278496
2.50535798
2.49797463
2.49059987
2.48330307
2.47604918
2.46883726
2.46166754
2.45453906
2.44745183
2.44040537
2.43339944
2.42643356
2.41950750
2.41258812
2.40574098
2.39893222
2.39216208
2.38543010
2.37873578
2.37207890
2.36549067
2.35890770
2.35236120
2.34585094
2.33934593
2.33290744
2.32650423
0.43399635
0.43530819
0.43662795
0.43795574
0.43929166
0.44063571
0.44198805
0.44334871
0.44471776
0.44609529
0.44748139
0.44887611
0.45027956
0.45169184
0.45311299
0.45454311
0.45598230
0.45743060
0.45888814
0.46035501
0.46183130
0.46331707
0.46481243
0.46631747
0.46783230
0.46935698
0.47089165
0.47243640
0.47399130
0.47555521
0.47713077
0.47871676
0.48031336
0.48192063
0.48353872
0.48516768
0.48680767
0.48845878
0.49012113
0.05972804
0.05947487
0.05937132
0.05926539
0.05987730
0.06059332
0.06132665
0.50383723
0.50560606
0.50738740
0.50918132
0.51098800
0.51280749
0.51464003
0.51648569
0.51834464
0.52021700
0.52210295
0.52400261
0.52591622
0.52784377
0.52978551
0.53174162
0.53371221
0.53569752
0.53769755
0.53971267
0.54174292
0.54378849
0.54584956
0.54792464
0.55001724
0.55212587
0.55425078
0.55639207
0.55854994
0.56072468
0.56291640
0.56512529
0.56735164
0.56959558
0.57185733
0.57413709
0.57643515
0.57875162
0.58108687
0.58344096
0.58581424
0.58820689
0.59061921
0.59305131
0.59550363
0.59797621
0.60046947
0.60298359
0.60551888
0.60807556
0.61065394
0.61325425
0.61587679
0.61852187
0.62118977
0.62388080
0.62659520
0.62933338
0.63209558
0.63488215
0.63769335
0.64052957
0.64339113
0.64627844
0.64918935
0.65212899
0.65509540
0.65808886
0.66110986
0.66415870
0.66723585
0.67034155
0.67347640
0.67664063
0.67983472
0.68305916
0.68631434
0.68960065
0.69291860
0.69626868
0.69965124
0.70306689
0.70651597
0.70999914
0.71351677
0.71706945
0.72065771
0.72428203
0.72794300
0.73164117
0.73537707
0.73915136
0.74296457
0.74681735
0.75071031
0.75464404
0.75861919
0.76263648
0.76669657
0.77080005
0.77494776
0.77914029
0.78337848
0.78766298
0.79161072
0.79519659
0.79798073
0.80027324
0.80223531
0.80358613
0.80484331
0.80550981
0.80610079
0.80613726
0.80614460
0.80603874
0.80591464
0.80631983
1.68913913
1.69926560
1.70949781
1.71987069
1.73037004
1.74099851
1.75175834
1.76265192
1.77368188
1.78485084
1.79614317
1.80759764
1.81919909
1.83095050
1.84285462
1.85491467
1.86713350
1.87949455
1.89204049
1.90475512
1.91764164
1.93070388
1.94394517
1.95736933
1.97095847
1.98475969
1.99875557
2.01295018
2.02734780
2.04195309
2.05677009
2.07180381
2.08703446
2.10251546
2.11822796
2.13417697
2.15036821
2.16680670
2.18349862
2.20042253
2.21763825
2.23512554
2.25289106
2.27094102
2.28928256
2.30792284
0.06137691
0.06064076
0.05992205
0.05925828
0.05935107
0.05944414
0.05953751
0.06040903
2.49032116
2.51239491
2.53486323
2.55773735
2.55161428
2.54395628
2.53634429
2.52877736
2.52125573
2.51377845
2.50634551
2.49895644
2.49161077
2.48430824
2.47701383
2.46979642
2.46262097
2.45548701
2.44839454
2.44134259
2.43433118
2.42736006
2.42042875
2.41353679
2.40668416
2.39983773
2.39306259
2.38632536
2.37962604
2.37296438
2.36633968
2.35978317
2.35323191
2.34671688
2.34023786
2.33379436
2.32735610
2.32098341
0.43502626
0.43634433
0.43767038
0.43900454
0.44034687
0.44169742
0.44305626
0.44442353
0.44579923
0.44718349
0.44857636
0.44997793
0.45138830
0.45280755
0.45423573
0.45567295
0.45711932
0.45857486
0.46003973
0.46151397
0.46299770
0.46449101
0.46599397
0.46750668
0.46902928
0.47056180
0.47210437
0.47365707
0.47521877
0.47679207
0.47837585
0.47997016
0.48157513
0.48319089
0.05922849
0.05906519
0.05896384
0.05886276
0.05875864
0.05865487
0.05855469
0.05851554
0.05917798
0.05987730
0.06059332
0.06132665
0.50522721
0.50700587
0.50879711
0.51060098
0.51241779
0.51424748
0.51609033
0.51794642
0.51981592
0.52169901
0.52359569
0.52550632
0.52743089
0.52936959
0.53132260
0.53329009
0.53527224
0.53726912
0.53928101
0.54130799
0.54335028
0.54540801
0.54748142
0.54956889
0.55167413
0.55379552
0.55593330
0.55808765
0.56025875
0.56244683
0.56465203
0.56687462
0.11924761
0.57137275
0.57364863
0.57594275
0.57825530
0.58058649
0.58293653
0.58530569
0.58769423
0.59010226
0.59253019
0.59497809
0.59744638
0.59993517
0.60244483
0.60497558
0.60752767
0.61010134
0.61269695
0.61531472
0.61795497
0.62061799
0.62330407
0.62601346
0.62874651
0.63150358
0.63428485
0.63709080
0.63992167
0.64277780
0.64565957
0.64856488
0.65149885
0.65445954
0.65744722
0.66046226
0.66350514
0.66657621
0.66967577
0.67280436
0.67596227
0.67914999
0.68236792
0.68561643
0.68889612
0.69220728
0.69555038
0.69892597
0.70233452
0.70577645
0.70925230
0.71275967
0.71630478
0.71988535
0.72350192
0.72715497
0.73084509
0.73457289
0.73833889
0.74214375
0.74598795
0.74987221
0.75379717
0.75776339
0.76177162
0.76582241
0.76991659
0.77405471
0.77823758
0.78246593
0.78674042
0.79092133
0.79469252
0.79768753
0.80031997
0.80228227
0.80392003
0.80517823
0.80608982
0.80674744
0.80709857
0.80718279
0.80713516
0.80701077
0.80698150
0.80896926
1.69707847
1.70730066
1.71764684
1.72811902
1.73871970
1.74945128
1.76029873
1.77129924
1.78243804
1.79371774
1.80514121
1.81671107
1.82843029
1.84028256
1.85230875
1.86449325
1.87683904
1.88934946
1.90202773
1.91487741
1.92790174
1.94108343
1.95446801
1.96803844
1.98179865
1.99575257
2.00990438
2.02425861
2.03879571
2.05356693
2.06855369
2.08376074
2.09919310
2.11485577
2.13075376
2.14689279
2.16325188
2.17988873
2.19678354
2.21394229
2.23137116
2.24907660
2.26706529
2.28531480
2.30389023
2.32277012
0.06137691
0.06064073
0.05992202
0.05922018
0.05853456
0.05854869
0.05862752
0.05871915
0.05881105
0.05890326
0.05905598
0.05924197
2.54497480
2.53735662
2.52978373
2.52225590
2.51477289
2.50733423
2.49993920
2.49258780
2.48527956
2.47801399
2.47079062
2.46357536
2.45643592
2.44933772
2.44228053
2.43526387
2.42828727
2.42135072
2.41445351
2.40759563
2.40077639
2.39396381
2.38722157
2.38051724
2.37385035
2.36722088
2.36065960
2.35410333
2.34758353
2.34109974
2.33465147
2.32823873
2.32183099
2.31548834
0.43606213
0.43738648
0.43871889
0.44005945
0.44140825
0.44276533
0.44413078
0.44550467
0.44688708
0.44827813
0.44967782
0.45108631
0.45250365
0.45392993
0.45536521
0.45680961
0.45826319
0.45972607
0.46119830
0.46267998
0.46417123
0.46567214
0.46718276
0.46870321
0.47023362
0.47177404
0.47332457
0.47488534
0.47645515
0.47803667
0.05908544
0.05886422
0.05863713
0.05841118
0.05832976
0.05829138
0.05825308
0.05821482
0.05817660
0.05813691
0.05809717
0.05849485
0.05917798
0.05987730
0.06059332
0.06132667
0.06207797
0.50841343
0.51021463
0.51202714
0.51385409
0.51569414
0.51754737
0.51941401
0.52129412
0.52318788
0.52509552
0.52701706
0.52895272
0.53090268
0.53286707
0.53484601
0.53683972
0.53884840
0.54087210
0.54291111
0.54496551
0.54703552
0.54911965
0.55122143
0.55333930
0.55547357
0.55762434
0.11805255
0.11786861
0.11768524
0.11750238
0.11732007
0.11713887
0.11695946
0.11736308
0.11803979
0.58008510
0.58243108
0.58479613
0.58718050
0.58958435
0.59200794
0.59445155
0.59691542
0.59939986
0.60190499
0.60443121
0.60697865
0.60954773
0.61213863
0.61475158
0.61738700
0.62004513
0.62272620
0.62543058
0.62815857
0.63091040
0.63368648
0.03323409
0.03316335
0.03320032
0.03320508
0.03320981
0.03321457
0.03321933
0.03322407
0.03322883
0.03323360
0.03323834
0.03324310
0.03324788
0.03325262
0.03325739
0.03326214
0.03326691
0.03327169
0.03327644
0.03328122
0.69819951
0.70160091
0.70503563
0.70850420
0.71200699
0.71554464
0.71911758
0.72272640
0.03328081
0.03327414
0.03326750
0.03326083
0.03325417
0.03324754
0.03324088
0.03323426
0.03322760
0.03322096
0.03321434
0.03320770
0.03320105
0.03319444
0.03318781
0.03318120
0.03317457
0.03316794
0.03316354
0.03324309
0.80232930
0.80425423
0.80551344
0.80666333
0.80732191
0.80789715
0.80798882
0.80807322
0.80803651
0.80798519
0.80868626
1.69491315
1.70510924
1.71542871
1.72585702
1.73642993
1.74713326
1.75796926
1.76894045
1.78004956
1.79129899
1.80269158
1.81421149
0.11895252
0.11840703
0.11859067
0.11877457
0.11895888
1.88666606
1.89928806
1.91210055
1.92508698
1.93825114
1.95159662
1.96512699
1.97884643
1.99275875
2.00684547
2.02115560
2.03567123
2.05039716
2.06533742
2.08049703
2.09588099
2.11146903
2.12731600
2.14340281
2.15973473
2.17631745
2.19315672
2.21025848
2.22760129
2.24524689
2.26317406
2.28138995
2.29990149
2.31871581
0.06213114
0.06137691
0.06064073
0.05992202
0.05922018
0.05853456
0.05809331
0.05812821
0.05816312
0.05819809
0.05823318
0.05826889
0.05832693
0.05842943
0.05861134
0.05879440
0.05897855
2.50832343
2.50092268
2.49356556
2.48625135
2.47898006
2.47175121
2.46456456
2.45741940
2.45028186
2.44321918
2.43619704
2.42921519
2.42227316
2.41537094
2.40850782
2.40168357
2.39489770
2.38815022
2.38140893
2.37473702
2.36810255
2.36153650
2.35497546
2.34845066
2.34196210
2.33550930
2.32909179
2.32270956
2.31636214
2.31001949
0.43710184
0.43843254
0.43977135
0.44111836
0.44247365
0.44383731
0.44520938
0.44658998
0.44797915
0.44937700
0.45078358
0.45219901
0.45362338
0.45505673
0.45649916
0.45795077
0.45941162
0.46088186
0.46236151
0.46385071
0.46534953
0.46685806
0.46837640
0.46990466
0.47144291
0.47299129
0.47454983
0.05872122
0.05850270
0.05828070
0.05814310
0.05806677
0.05798948
0.05791670
0.05787889
0.05784111
0.05780247
0.05776319
0.05772397
0.05768480
0.05782729
0.05849485
0.05917798
0.05987730
0.06059332
0.06132667
0.06207799
0.50982738
0.51163864
0.51346278
0.51529998
0.51715040
0.51901418
0.52089137
0.52278227
0.52468687
0.52660543
0.52853811
0.53048497
0.53244627
0.53442210
0.53641266
0.53841805
0.54043859
0.54247427
0.54452538
0.54659206
0.54867280
0.55077112
0.55288559
0.55501634
0.55716354
0.11616322
0.11598512
0.11580749
0.03219191
0.03114367
0.03071769
0.03030308
0.03007556
0.03008484
0.03009413
0.03010342
0.02967448
0.02959495
0.02951585
0.02981167
0.02936871
0.02936894
0.02936918
0.02936942
0.02936967
0.02937569
0.02938623
0.02939679
0.02940735
0.02941792
0.02942850
0.02943909
0.02944968
0.02946028
0.02947089
0.02948151
0.02950064
0.02952231
0.02954399
0.02954698
0.02952192
0.02949690
0.02947193
0.02944699
0.02942210
0.02939725
0.02943857
0.02948153
0.02952464
0.02956786
0.02961121
0.02965469
0.02969828
0.02974203
0.02978589
0.02982989
0.02987400
0.02991827
0.02996265
0.03001901
0.03006984
0.03004621
0.03000147
0.02995692
0.02991252
0.02986825
0.02982414
0.02978013
0.02973625
0.02969252
0.02964890
0.02960543
0.02956207
0.02951883
0.02947574
0.02943275
0.02939809
0.02940698
0.02941586
0.02942475
0.02943364
0.02944255
0.02945146
0.02946037
0.02946929
0.02947821
0.02948696
0.02949536
0.02949993
0.02948444
0.02946894
0.02945347
0.02943802
0.02942257
0.02940714
0.02939174
0.02937634
0.02936966
0.02936941
0.02936918
0.02936894
0.02944838
0.02983950
0.02950011
0.02957656
0.02965342
0.03010223
0.03009295
0.03008367
0.03007440
0.03035206
0.03098430
0.03189547
0.03286184
0.11724319
0.11742285
1.93542719
1.94873357
1.96220267
1.97588110
1.98975158
2.00381804
2.01808500
2.03255653
2.04723716
2.06210732
2.07721949
2.09255481
2.10811806
2.12391472
2.13994980
2.15622902
2.17275763
2.18951488
2.20655966
2.22387218
2.24145842
2.25932479
2.27747869
2.29592633
2.31464529
2.33370256
0.06213116
0.06137691
0.06064073
0.05992202
0.05922018
0.05853456
0.05786465
0.05767945
0.05771450
0.05774955
0.05778467
0.05781982
0.05786032
0.05792489
0.05798959
0.05805444
0.05811944
0.05818461
0.05844880
0.05874588
2.47994733
2.47271276
2.46552038
2.45836973
2.45126033
2.44415855
2.43713093
2.43014383
2.42319655
2.41628885
2.40942049
2.40259123
2.39580035
2.38904786
2.38233328
2.37565637
2.36898518
2.36241412
2.35584807
2.34931850
2.34282517
2.33636761
2.32994533
2.32355857
2.31720662
2.31088924
2.30460620
0.43814763
0.43948472
0.44082996
0.44218349
0.44354534
0.44491562
0.44629437
0.44768170
0.44907770
0.45048243
0.45189595
0.45331839
0.45474979
0.45619029
0.45763993
0.45909882
0.46056703
0.46204469
0.46353182
0.46502858
0.46653503
0.46805125
0.46957740
0.47111350
0.05863679
0.05825346
0.05797905
0.05790318
0.05782748
0.05775199
0.05767545
0.05759875
0.05752225
0.05747180
0.05744018
0.05742664
0.05741312
0.05739959
0.05738606
0.05737256
0.05782729
0.05849485
0.05917798
0.05987730
0.06059332
0.06132667
0.06207799
0.51125067
0.51307207
0.51490647
0.51675409
0.51861495
0.52048779
0.52237570
0.52427733
0.52619290
0.52812254
0.53006637
0.53202450
0.53399724
0.53598464
0.53798687
0.54000407
0.54203653
0.54408431
0.54614764
0.54822499
0.02996089
0.02958275
0.02935147
0.02922730
0.02916057
0.02908331
0.02898453
0.02888642
0.02879930
0.02872439
0.02864988
0.02857574
0.02850199
0.02842862
0.02835563
0.02828301
0.02821077
0.02880844
0.02948431
0.02808625
0.02807937
0.02807249
0.02806560
0.02805872
0.02805185
0.02804498
0.02805232
0.02806194
0.02807156
0.02808120
0.02809083
0.02810048
0.02811013
0.02811979
0.02812945
0.02814882
0.02816854
0.02818829
0.02820806
0.02822786
0.02824769
0.02826755
0.02828743
0.02830735
0.02832729
0.02834725
0.02836726
0.02838220
0.02835907
0.02833598
0.02831294
0.02828991
0.02826694
0.02824400
0.02822110
0.02819824
0.02817542
0.02815263
0.02812987
0.02810716
0.02808448
0.02806679
0.02805277
0.02803876
0.02802477
0.02801078
0.02799682
0.02798286
0.02797769
0.02798573
0.02799378
0.02800183
0.02800988
0.02801795
0.02802601
0.02803408
0.02804216
0.02805024
0.02805833
0.02806641
0.02807450
0.02808261
0.02809071
0.02809882
0.02810693
0.02811505
0.02812317
0.02813121
0.02813886
0.02814653
0.02815419
0.02816186
0.02816952
0.02817720
0.02818488
0.02819256
0.02818271
0.02816856
0.02815443
0.02814030
0.02812619
0.02811209
0.02809801
0.02939056
0.02871297
0.02806592
0.02813395
0.02820348
0.02827337
0.02834359
0.02841416
0.02850442
0.02859906
0.02869434
0.02879025
0.02888681
0.02898402
0.02911107
0.02931192
0.02951555
0.02996893
0.03018970
2.02942824
2.04406333
2.05891132
2.07397628
2.08926368
2.10477781
2.12052441
2.13648248
2.15270853
2.16918325
2.18591189
2.20290041
2.22015524
2.23768258
2.25548863
2.27355146
2.29193544
2.31061912
2.32961011
2.34891558
0.06213116
0.06137691
0.06064073
0.05992202
0.05922018
0.05853456
0.05786465
0.05737178
0.05738393
0.05739609
0.05740823
0.05742040
0.05743257
0.05746511
0.05752924
0.05759349
0.05765789
0.05772243
0.05779592
0.05789361
0.05798897
0.05824545
0.05853846
2.45220590
2.44513202
2.43809915
2.43107319
2.42412066
2.41720772
2.41033411
2.40349960
2.39670348
2.38994598
2.38322639
2.37654424
2.36989975
2.36332369
2.35672140
2.35018706
2.34368896
2.33722663
2.33079958
2.32440805
2.31805158
2.31172943
2.30544186
2.29918838
0.43919736
0.44054085
0.44189259
0.44325265
0.44462112
0.44599804
0.44738352
0.44877768
0.45018050
0.45159215
0.45301268
0.45444214
0.45588067
0.45732835
0.45878524
0.46025145
0.46172705
0.46321216
0.46470687
0.46621123
0.46772534
0.05860202
0.05822852
0.05784932
0.05769031
0.05759400
0.05751528
0.05744059
0.05736483
0.05728893
0.05723727
0.05720979
0.05718882
0.05717807
0.05716733
0.05715531
0.05714189
0.05712851
0.05711511
0.05717478
0.05782729
0.05849485
0.05913744
0.05986342
0.06059332
0.06132667
0.06207799
0.51268047
0.51451206
0.51635683
0.51821482
0.52008629
0.52197129
0.52386999
0.52578259
0.52770919
0.52964997
0.53160506
0.53357464
0.53555888
0.02989228
0.02990141
0.02932184
0.02909240
0.02886651
0.02864413
0.02843589
0.02823126
0.02808464
0.02802302
0.02794055
0.02784937
0.02775878
0.02766879
0.02757937
0.02749053
0.02740225
0.02731455
0.02722741
0.02714903
0.02708245
0.02701620
0.02754560
0.02816288
0.02697315
0.02696679
0.02696044
0.02695410
0.02694775
0.02694141
0.02693507
0.02692874
0.02692241
0.02691608
0.02690975
0.02690344
0.02689712
0.02689080
0.02688449
0.02688714
0.02689746
0.02691546
0.02693349
0.02695154
0.02696962
0.02698771
0.02700584
0.02702399
0.02704216
0.02706036
0.02707859
0.02709683
0.02711510
0.02713340
0.02715172
0.02717006
0.02718844
0.02720683
0.02722524
0.02724370
0.02726216
0.02728066
0.02729918
0.02728436
0.02726299
0.02724164
0.02722034
0.02719907
0.02718253
0.02716938
0.02715624
0.02714312
0.02712999
0.02711689
0.02710381
0.02709073
0.02707766
0.02706461
0.02705157
0.02703854
0.02702552
0.02701252
0.02699953
0.02698656
0.02697359
0.02696064
0.02694770
0.02693477
0.02692185
0.02690895
0.02689606
0.02688319
0.02687239
0.02687981
0.02688723
0.02689466
0.02690165
0.02690865
0.02691565
0.02692265
0.02692967
0.02693669
0.02694370
0.02695072
0.02695774
0.02696478
0.02697181
0.02697884
0.02698589
0.02699292
0.02699107
0.02697809
0.02806592
0.02744737
0.02702697
0.02706308
0.02709929
0.02717380
0.02725981
0.02734636
0.02743346
0.02752112
0.02760934
0.02769812
0.02778748
0.02787742
0.02797464
0.02816006
0.02834796
0.02853836
0.02873136
0.02892698
0.02912528
0.02932633
0.02953016
2.13305187
2.14922571
2.16564679
2.18232083
2.19925332
2.21642327
2.23389149
2.25163722
2.26966691
2.28798795
2.30660701
2.32553172
2.34476948
2.36429667
0.06213116
0.06137691
0.06064073
0.05991335
0.05915891
0.05853456
0.05786463
0.05720986
0.05711392
0.05712594
0.05713799
0.05714901
0.05715951
0.05716992
0.05718512
0.05721194
0.05723878
0.05726775
0.05733142
0.05742051
0.05751762
0.05761305
0.05770750
0.05780228
0.05812145
0.05855716
2.42507839
2.41812706
2.41124821
2.40440845
2.39760733
2.39084482
2.38411999
2.37743306
2.37078357
2.36420250
2.35762668
2.35108733
2.34455323
2.33808613
2.33165455
2.32525826
2.31889701
2.31257033
2.30627823
2.30002022
2.29379630
0.44025320
0.44160318
0.44296145
0.44432810
0.44570324
0.44708687
0.44847915
0.44988012
0.45128989
0.45270851
0.45413607
0.45557266
0.45701838
0.45847329
0.45993751
0.46141109
0.46289417
0.46438679
0.46588907
0.05819423
0.05782555
0.05756503
0.05741827
0.05731647
0.05722139
0.05713254
0.05707065
0.05703102
0.05700155
0.05697440
0.05694728
0.05692247
0.05691186
0.05690122
0.05689058
0.05687993
0.05686929
0.05685867
0.05866247
0.05717478
0.05782729
0.05849485
0.05865213
0.05863928
0.05863874
0.05863820
0.05863766
0.05863712
0.05863658
0.05863604
0.05861833
0.05860760
0.05859961
0.05859166
0.05858368
0.02930062
0.02906806
0.02884004
0.02861804
0.02839944
0.02818416
0.02797211
0.02777091
0.02757571
0.02738323
0.02719341
0.02702796
0.02696916
0.02688420
0.02679977
0.02671587
0.02663250
0.02654964
0.02646730
0.02638547
0.02630415
0.02622331
0.02619168
0.02616273
0.02613385
0.02638884
0.02695481
0.02754560
0.02605127
0.02605246
0.02605402
0.02605559
0.02605716
0.02605872
0.02606029
0.02606186
0.02606342
0.02606499
0.02606656
0.02606812
0.02606969
0.02607126
0.02607283
0.02607440
0.02607596
0.02607776
0.02607955
0.02608134
0.02609077
0.02610227
0.02611378
0.02612529
0.02613682
0.02614836
0.02615991
0.02617147
0.02618304
0.02619463
0.02620622
0.02621782
0.02622943
0.02624106
0.02625269
0.02626433
0.02627598
0.02628765
0.02629932
0.02631100
0.02632270
0.02633440
0.02634612
0.02635785
0.02636085
0.02636164
0.02635573
0.02634400
0.02633229
0.02632058
0.02630889
0.02629721
0.02628553
0.02627387
0.02626221
0.02625057
0.02623894
0.02622732
0.02621571
0.02620410
0.02619251
0.02618093
0.02616936
0.02615780
0.02614625
0.02613471
0.02612318
0.02611166
0.02610015
0.02608865
0.02608102
0.02607923
0.02607744
0.02607577
0.02607469
0.02607360
0.02607251
0.02607096
0.02606934
0.02606771
0.02606609
0.02606447
0.02606284
0.02606123
0.02605960
0.02605798
0.02605636
0.02605473
0.02605312
0.02605149
0.02744737
0.02685552
0.02628865
0.02622658
0.02626058
0.02629467
0.02632885
0.02636312
0.02639747
0.02644007
0.02652148
0.02660340
0.02668582
0.02676876
0.02685221
0.02693619
0.02709531
0.02726922
0.02744538
0.02762382
0.02780461
0.02798777
0.02817337
0.02836952
0.02857367
0.02878079
0.02900106
0.02946400
0.05859594
0.05860656
0.05861441
0.05861524
0.05861607
0.05861690
0.05861773
0.05861856
0.05861941
0.05862022
0.05862107
0.05862178
0.05864546
0.05853456
0.05786615
0.05721014
0.05866249
0.05685758
0.05686795
0.05687835
0.05688873
0.05689911
0.05690926
0.05692007
0.05694664
0.05697339
0.05700065
0.05702784
0.05706238
0.05714580
0.05724197
0.05733521
0.05742558
0.05753017
0.05778643
0.05820904
2.40531826
2.39851213
2.39174414
2.38501453
2.37832260
2.37166810
2.36508203
2.35850143
2.35195708
2.34544921
2.33894634
2.33250999
2.32610917
2.31974316
2.31341195
2.30711532
2.30085278
2.29462409
2.28842902
0.44131303
0.44266954
0.44403440
0.44540769
0.44678950
0.44817993
0.44957903
0.45098689
0.45240360
0.45382923
0.45526388
0.45670763
0.45816058
0.45962277
0.46109435
0.46257538
0.46406597
0.05786913
0.05744946
0.05729861
0.05715424
0.05704159
0.05695812
0.05688282
0.05682835
0.05678521
0.05675599
0.05672681
0.05669765
0.05666853
0.05663898
0.05662006
0.05283597
0.05266843
0.05249035
0.05229589
0.05210289
0.05191130
0.05171893
0.05163390
0.05154916
0.05146468
0.05138050
0.05129658
0.05121296
0.05112958
0.05104648
0.05096364
0.05089577
0.05083327
0.02938662
0.02897352
0.02850859
0.02816233
0.02794742
0.02773872
0.02753330
0.02733090
0.02713633
0.02694992
0.02676604
0.02658465
0.02640571
0.02622916
0.02605496
0.02598368
0.02590481
0.02582642
0.02574850
0.02568067
0.02565284
0.02562507
0.02559736
0.02556971
0.02554212
0.02551459
0.02548711
0.02545970
0.02543234
0.02584614
0.02638884
0.02535384
0.02535481
0.02535579
0.02535675
0.02535773
0.02535870
0.02535995
0.02536143
0.02536291
0.02536440
0.02536588
0.02536736
0.02536885
0.02537034
0.02537182
0.02537330
0.02537479
0.02537628
0.02537792
0.02537962
0.02538131
0.02538300
0.02538470
0.02538640
0.02538810
0.02539499
0.02540588
0.02541679
0.02542770
0.02543863
0.02544956
0.02546050
0.02547145
0.02548241
0.02549339
0.02550436
0.02551535
0.02552634
0.02553735
0.02169091
0.02170353
0.02171617
0.02172882
0.02174148
0.02175416
0.02176685
0.02177562
0.02177052
0.02175855
0.02174658
0.02173463
0.02172269
0.02171077
0.02169886
0.02168696
0.02193758
0.02552422
0.02551322
0.02550223
0.02549126
0.02548029
0.02546933
0.02545838
0.02544744
0.02543650
0.02542558
0.02541467
0.02540376
0.02539287
0.02538777
0.02538607
0.02538438
0.02538268
0.02538098
0.02537929
0.02537759
0.02537617
0.02537514
0.02537411
0.02537308
0.02537205
0.02537103
0.02536999
0.02536897
0.02536742
0.02536589
0.02536435
0.02536282
0.02536128
0.02535974
0.02535821
0.02535667
0.02535514
0.02685552
0.02628865
0.02574521
0.02544024
0.02547223
0.02550431
0.02553646
0.02556869
0.02560101
0.02563341
0.02566589
0.02569845
0.02573110
0.02576382
0.02582210
0.02589974
0.02597786
0.02610815
0.02626958
0.02643302
0.02660170
0.02678112
0.02696297
0.02714731
0.02733420
0.02752368
0.02771579
0.02790854
0.02823889
0.02867763
0.02913022
0.02979134
0.05079735
0.05087913
0.05096125
0.05104405
0.05112711
0.05121045
0.05129405
0.05137793
0.05146210
0.05154653
0.05163125
0.05171623
0.05182520
0.05193488
0.05206187
0.05231396
0.05256848
0.05282594
0.05661927
0.05663729
0.05666484
0.05669239
0.05672000
0.05674761
0.05678133
0.05682567
0.05688053
0.05696563
0.05704890
0.05713929
0.05728082
0.05746377
0.05787959
2.38590956
2.37921262
2.37255311
2.36596227
2.35937667
2.35282755
2.34631491
2.33983803
2.33339667
2.32696056
2.32059002
2.31425405
2.30795288
2.30168581
2.29545259
2.28925323
2.28308725
0.44237909
0.44374216
0.44511366
0.44649363
0.44788221
0.44927946
0.45068544
0.45210025
0.45352396
0.05271541
0.05260511
0.05249524
0.05234867
0.05220295
0.05206354
0.05196407
0.05186493
0.05176616
0.05166777
0.05156976
0.05147211
0.05137484
0.05127794
0.05118140
0.05108525
0.05098943
0.05039255
0.05032579
0.05025920
0.05019279
0.05012656
0.05006050
0.04999461
0.04992890
0.04986336
0.04979803
0.04973284
0.04966781
0.04961614
0.04956834
0.04952064
0.04947303
0.04942550
0.04937807
0.04933074
0.02974257
0.02910813
0.02870276
0.02830854
0.02784456
0.02738045
0.02710916
0.02691183
0.02671843
0.02653010
0.02635189
0.02617606
0.02600256
0.02583134
0.02566236
0.02549558
0.02533095
0.02519694
0.02513701
0.02510893
0.02508230
0.02505573
0.02502920
0.02500275
0.02497634
0.02494999
0.02492369
0.02489746
0.02487127
0.02484514
0.02481907
0.02479304
0.02482505
0.02532531
0.02584614
0.02469370
0.02469462
0.02469555
0.02469647
0.02469739
0.02469832
0.02469924
0.02470016
0.02470108
0.02470201
0.02470329
0.02470470
0.02470610
0.02470751
0.02470892
0.02471033
0.02471174
0.02471315
0.02471467
0.02471627
0.02471788
0.02471949
0.02472110
0.02472270
0.02472432
0.02472593
0.02472753
0.02472914
0.02473076
0.02473536
0.02156852
0.02158132
0.02159387
0.02160644
0.02161903
0.02163162
0.02164420
0.02165677
0.02166935
0.02168194
0.02169455
0.02170717
0.02171981
0.02173246
0.02174513
0.02175781
0.02176536
0.02177227
0.02176717
0.02175519
0.02174323
0.02173129
0.02171935
0.02170743
0.02169552
0.02168363
0.02167175
0.02165988
0.02164803
0.02163619
0.02162432
0.02161245
0.02160060
0.02158876
0.02157693
0.02474357
0.02473324
0.02473043
0.02472882
0.02472720
0.02472560
0.02472398
0.02472237
0.02472077
0.02471915
0.02471755
0.02471593
0.02471433
0.02471313
0.02471215
0.02471118
0.02471020
0.02470922
0.02470824
0.02470727
0.02470629
0.02470532
0.02470434
0.02470336
0.02470232
0.02470086
0.02469940
0.02469794
0.02469649
0.02469503
0.02469358
0.02574521
0.02522380
0.02472308
0.02472907
0.02475935
0.02478970
0.02482012
0.02485062
0.02488119
0.02491184
0.02494256
0.02497336
0.02500424
0.02503518
0.02506864
0.02510794
0.02514737
0.02521602
0.02536116
0.02552418
0.02568932
0.02585660
0.02602609
0.02619780
0.02637179
0.02654812
0.02672682
0.02690793
0.02711159
0.02751574
0.02793214
0.02836133
0.02880391
0.02926053
0.04928242
0.04932965
0.04937696
0.04942440
0.04947190
0.04951949
0.04956720
0.04961498
0.04966419
0.04971900
0.04977392
0.04982897
0.04988411
0.04993941
0.04999481
0.05006296
0.05014239
0.05022207
0.05030200
0.05038218
0.05098826
0.05108336
0.05117881
0.05127461
0.05137076
0.05146729
0.05156418
0.05166144
0.05175906
0.05185705
0.05195542
0.05205415
0.05218932
0.05233531
0.05248215
0.05259681
0.05270831
2.32784295
2.32146764
2.31509686
2.30879116
2.30251932
2.29628181
2.29007792
2.28390741
2.27777004
0.05058375
0.05052839
0.05047313
0.05041799
0.05036298
0.05030808
0.05025136
0.05019111
0.05013102
0.05007106
0.05001124
0.04995157
0.04989204
0.04983610
0.04978622
0.04973645
0.04968676
0.04963719
0.04958771
0.04953833
0.04948905
0.04943987
0.04901168
0.04896652
0.04892635
0.04888627
0.04884625
0.04880630
0.04876642
0.04872658
0.04868682
0.04864714
0.04860751
0.04856795
0.04852843
0.04848902
0.04844965
0.04841034
0.04837110
0.04833191
0.04829279
0.04825374
0.02883588
0.02843701
0.02805001
0.02766903
0.02721073
0.02676737
0.02633822
0.02613281
0.02595041
0.02577984
0.02561153
0.02544540
0.02528142
0.02516443
0.02506777
0.02497185
0.02487665
0.02478218
0.02468842
0.02463319
0.02458373
0.02453787
0.02449396
0.02445021
0.02440660
0.02436316
0.02433426
0.02430925
0.02428429
0.02425937
0.02423452
0.02420970
0.02418494
0.02416024
0.02434418
0.02482505
0.02532531
0.02406707
0.02406794
0.02406882
0.02406970
0.02407058
0.02407145
0.02407233
0.02407321
0.02407408
0.02407496
0.02407584
0.02407672
0.02407759
0.02407847
0.02407979
0.02408112
0.02408246
0.02408380
0.02408520
0.02408672
0.02408825
0.02408978
0.02409131
0.02409283
0.02409436
0.02409589
0.02409742
0.02409895
0.02146142
0.02149766
0.02153402
0.02156338
0.02158385
0.02159746
0.02161003
0.02162262
0.02163522
0.02164782
0.02166039
0.02167297
0.02168557
0.02169818
0.02171081
0.02172345
0.02173611
0.02174820
0.02175510
0.02176200
0.02176891
0.02176381
0.02175184
0.02173988
0.02172794
0.02171601
0.02170409
0.02169219
0.02168030
0.02166842
0.02165656
0.02164471
0.02163288
0.02162101
0.02160914
0.02159729
0.02158545
0.02157363
0.02155652
0.02152131
0.02148622
0.02145124
0.02409861
0.02409708
0.02409555
0.02409402
0.02409250
0.02409096
0.02408944
0.02408791
0.02408638
0.02408485
0.02408386
0.02408293
0.02408200
0.02408108
0.02408014
0.02407922
0.02407829
0.02407736
0.02407644
0.02407551
0.02407458
0.02407365
0.02407273
0.02407179
0.02407087
0.02406982
0.02406844
0.02406705
0.02522380
0.02472308
0.02424184
0.02410106
0.02413738
0.02417381
0.02421035
0.02424701
0.02428378
0.02432066
0.02435764
0.02439474
0.02443196
0.02446929
0.02450673
0.02454429
0.02458197
0.02464452
0.02471416
0.02480510
0.02489876
0.02499312
0.02508820
0.02518400
0.02531246
0.02547486
0.02563935
0.02580599
0.02597480
0.02614584
0.02644435
0.02682872
0.02722443
0.02763199
0.02807643
0.02854028
0.02897934
0.04816482
0.04820065
0.04823655
0.04827431
0.04831969
0.04836514
0.04841070
0.04845633
0.04850203
0.04854784
0.04859373
0.04863970
0.04868577
0.04873193
0.04877816
0.04882450
0.04887092
0.04891741
0.04896401
0.04901067
0.04943696
0.04948590
0.04953494
0.04958408
0.04963331
0.04968264
0.04973207
0.04978160
0.04983123
0.04988635
0.04994617
0.05000614
0.05006626
0.05012652
0.05018694
0.05024748
0.05030545
0.05036076
0.05041619
0.05047174
0.05052741
0.05058317
0.04904208
0.04899378
0.04894558
0.04889747
0.04884946
0.04880154
0.04875371
0.04870598
0.04865834
0.04861080
0.04856335
0.04851599
0.04846874
0.04842156
0.04837447
0.04832748
0.04828058
0.04823377
0.04818705
0.04783629
0.04779913
0.04776542
0.04773176
0.04769816
0.04766459
0.04763107
0.04759760
0.04756417
0.04753081
0.04749748
0.04746420
0.04743096
0.04739777
0.04736464
0.04733154
0.04729849
0.04726548
0.04723253
0.02931104
0.02839878
0.02779615
0.02742628
0.02704309
0.02660512
0.02618112
0.02577042
0.02539763
0.02523209
0.02513201
0.02503559
0.02493991
0.02484496
0.02475073
0.02465721
0.02456440
0.02447228
0.02438085
0.02429010
0.02420066
0.02415205
0.02410413
0.02405678
0.02400961
0.02396663
0.02392473
0.02388299
0.02384139
0.02379993
0.02375862
0.02371745
0.02367642
0.02363554
0.02360596
0.02358242
0.02355892
0.02388158
0.02434418
0.02482505
0.02349911
0.02349657
0.02349403
0.02349149
0.02348895
0.02348641
0.02348387
0.02348133
0.02347879
0.02347896
0.02347979
0.02348063
0.02348147
0.02348229
0.02348313
0.02348397
0.02348480
0.02348570
0.02348700
0.02348845
0.02348990
0.02349135
0.02349281
0.02349426
0.02349571
0.02349716
0.02135434
0.02139022
0.02142622
0.02146233
0.02149858
0.02153494
0.02155824
0.02157870
0.02159920
0.02161362
0.02162621
0.02163882
0.02165144
0.02166401
0.02167660
0.02168920
0.02170181
0.02171445
0.02172709
0.02173796
0.02174485
0.02175174
0.02175865
0.02176555
0.02176045
0.02174849
0.02173653
0.02172459
0.02171267
0.02170075
0.02168886
0.02167697
0.02166510
0.02165325
0.02164141
0.02162957
0.02161769
0.02160583
0.02159399
0.02158215
0.02157033
0.02155329
0.02151810
0.02148301
0.02144804
0.02141318
0.02137844
0.02134381
0.02349682
0.02349537
0.02349391
0.02349246
0.02349100
0.02348955
0.02348810
0.02348672
0.02348584
0.02348495
0.02348407
0.02348319
0.02348231
0.02348142
0.02348054
0.02347966
0.02347878
0.02347936
0.02348190
0.02348444
0.02348698
0.02348952
0.02349206
0.02349459
0.02349714
0.02349968
0.02472307
0.02424184
0.02377898
0.02360287
0.02362407
0.02365089
0.02368587
0.02372095
0.02375614
0.02379143
0.02382682
0.02386232
0.02389793
0.02393365
0.02396947
0.02400540
0.02404143
0.02410673
0.02417332
0.02424032
0.02431737
0.02440737
0.02449803
0.02458937
0.02468140
0.02477412
0.02486753
0.02496165
0.02505649
0.02515206
0.02526395
0.02545326
0.02582006
0.02621184
0.02661568
0.02703217
0.02746190
0.02790551
0.02829963
0.02966981
0.04723202
0.04726497
0.04729795
0.04733097
0.04736406
0.04739717
0.04743035
0.04746356
0.04749683
0.04753014
0.04756349
0.04759690
0.04763034
0.04766385
0.04769739
0.04773099
0.04776462
0.04779830
0.04783458
0.04819234
0.04823884
0.04828544
0.04833213
0.04837891
0.04842578
0.04847273
0.04851977
0.04856691
0.04861414
0.04866147
0.04870889
0.04875638
0.04880399
0.04885168
0.04889947
0.04894735
0.04899533
0.04904340
0.04779572
0.04776046
0.04772522
0.04769005
0.04765492
0.04761983
0.04758482
0.04755221
0.04752086
0.04748956
0.04745830
0.04742708
0.04739589
0.04736476
0.04733365
0.04730260
0.04729630
0.04690126
0.04687604
0.04685084
0.04682569
0.04680055
0.04677543
0.04675035
0.04672477
0.04669762
0.04667050
0.04664343
0.04661637
0.04658936
0.04656238
0.04653541
0.04650848
0.04648159
0.04645471
0.02896797
0.02816636
0.02718354
0.02682969
0.02644484
0.02602588
0.02562000
0.02522658
0.02502625
0.02484891
0.02471936
0.02462608
0.02453350
0.02444161
0.02435041
0.02425989
0.02417003
0.02408084
0.02399231
0.02390442
0.02381718
0.02373620
0.02368945
0.02364289
0.02359732
0.02355194
0.02350672
0.02346168
0.02342138
0.02338137
0.02334150
0.02330176
0.02326215
0.02322269
0.02318335
0.02314415
0.02310508
0.02306614
0.02303828
0.02343624
0.02388158
0.02434418
0.02304004
0.02303302
0.02302648
0.02302398
0.02302149
0.02301900
0.02301651
0.02301402
0.02301153
0.02300904
0.02300655
0.02300406
0.02300157
0.02299909
0.02299660
0.02299412
0.02299163
0.02298914
0.02298562
0.02298323
0.02298432
0.02298557
0.02298681
0.02121311
0.02124852
0.02128404
0.02131961
0.02135525
0.02139113
0.02142713
0.02146325
0.02149949
0.02153257
0.02155310
0.02157356
0.02159404
0.02161457
0.02162980
0.02164241
0.02165504
0.02166764
0.02168022
0.02169283
0.02170545
0.02171809
0.02172773
0.02173461
0.02174150
0.02174839
0.02175529
0.02176219
0.02175710
0.02174513
0.02173319
0.02172125
0.02170933
0.02169742
0.02168553
0.02167365
0.02166179
0.02164993
0.02163810
0.02162625
0.02161438
0.02160252
0.02159068
0.02157885
0.02156704
0.02155006
0.02151488
0.02147980
0.02144484
0.02141000
0.02137526
0.02134067
0.02130620
0.02127184
0.02123760
0.02298774
0.02298650
0.02298526
0.02298401
0.02298343
0.02298571
0.02298820
0.02299070
0.02299319
0.02299569
0.02299819
0.02300069
0.02300319
0.02300569
0.02300819
0.02301069
0.02301319
0.02301569
0.02301819
0.02302070
0.02302383
0.02302741
0.02303493
0.02303847
0.02424184
0.02377898
0.02333348
0.02312490
0.02314525
0.02316563
0.02318606
0.02321723
0.02325093
0.02328474
0.02331864
0.02335264
0.02338675
0.02342095
0.02345525
0.02348965
0.02352858
0.02359194
0.02365566
0.02371982
0.02378433
0.02384918
0.02393499
0.02402218
0.02411000
0.02419846
0.02428758
0.02437736
0.02446780
0.02455891
0.02465071
0.02474320
0.02488430
0.02506814
0.02529942
0.02567544
0.02606281
0.02646205
0.02687370
0.02728931
0.02796823
0.02901974
0.04644371
0.04647024
0.04649680
0.04652338
0.04655001
0.04657665
0.04660331
0.04663001
0.04665675
0.04668353
0.04671033
0.04673717
0.04676402
0.04679092
0.04681783
0.04684479
0.04687178
0.04689880
0.04729990
0.04730228
0.04733333
0.04736441
0.04739555
0.04742673
0.04745793
0.04748919
0.04752050
0.04755183
0.04758438
0.04761941
0.04765449
0.04768963
0.04772482
0.04776006
0.04779535
0.04683293
0.04680254
0.04677217
0.04674184
0.04671156
0.04668131
0.04665111
0.04662093
0.04659081
0.04656072
0.04653066
0.04650066
0.04647067
0.04644074
0.04657513
0.04614369
0.04611739
0.04609112
0.04606488
0.04603867
0.04601249
0.04598635
0.04596023
0.04593413
0.04590807
0.04588204
0.04585603
0.04583006
0.04580411
0.04577820
0.04575231
0.04572646
0.02863283
0.02788502
0.02664434
0.02625850
0.02587248
0.02547133
0.02514465
0.02495013
0.02475859
0.02456998
0.02440593
0.02428015
0.02415534
0.02405115
0.02396283
0.02387516
0.02378813
0.02370173
0.02361596
0.02353080
0.02344626
0.02336232
0.02328924
0.02324423
0.02319939
0.02315509
0.02311139
0.02306785
0.02302448
0.02298126
0.02293877
0.02290039
0.02286214
0.02282402
0.02278602
0.02274815
0.02271040
0.02267278
0.02263528
0.02261311
0.02259865
0.02300720
0.02343624
0.02388158
0.02259746
0.02259744
0.02259741
0.02258684
0.02257882
0.02257103
0.02256483
0.02256168
0.02255929
0.02255689
0.02255450
0.02255211
0.02254972
0.02254733
0.02254494
0.02254255
0.02254016
0.02253777
0.02253311
0.02252879
0.02252767
0.02110867
0.02114373
0.02117890
0.02121419
0.02124960
0.02128509
0.02132059
0.02135620
0.02139203
0.02142804
0.02146416
0.02150041
0.02152745
0.02154797
0.02156841
0.02158889
0.02160941
0.02162996
0.02164602
0.02165864
0.02167126
0.02168385
0.02169646
0.02170909
0.02171750
0.02172438
0.02173126
0.02173815
0.02174504
0.02175194
0.02175884
0.02175374
0.02174179
0.02172984
0.02171791
0.02170599
0.02169409
0.02168220
0.02167033
0.02165847
0.02164662
0.02163479
0.02162293
0.02161106
0.02159921
0.02158738
0.02157555
0.02156374
0.02154684
0.02151166
0.02147660
0.02144165
0.02140681
0.02137212
0.02133755
0.02130309
0.02126874
0.02123451
0.02120038
0.02116636
0.02113245
0.02109865
0.02252787
0.02252973
0.02253237
0.02253477
0.02253717
0.02253957
0.02254197
0.02254437
0.02254677
0.02254917
0.02255234
0.02255550
0.02255867
0.02256185
0.02256632
0.02257295
0.02258074
0.02258714
0.02259009
0.02259304
0.02259598
0.02377898
0.02333348
0.02290436
0.02266590
0.02268545
0.02270503
0.02272465
0.02274430
0.02276677
0.02279918
0.02283169
0.02286429
0.02289697
0.02292976
0.02296263
0.02299561
0.02303793
0.02309866
0.02315972
0.02322120
0.02328301
0.02334516
0.02340765
0.02348056
0.02356445
0.02364896
0.02373407
0.02381979
0.02390613
0.02399311
0.02408072
0.02416897
0.02429464
0.02445024
0.02461969
0.02480492
0.02499296
0.02518387
0.02553244
0.02591547
0.02631017
0.02670083
0.02765754
0.02868539
0.04572634
0.04575219
0.04577807
0.04580399
0.04582992
0.04585589
0.04588188
0.04590792
0.04593398
0.04596006
0.04598618
0.04601231
0.04603849
0.04606469
0.04609093
0.04611720
0.04614349
0.04657732
0.04644056
0.04647049
0.04650046
0.04653046
0.04656051
0.04659059
0.04662071
0.04665087
0.04668108
0.04671131
0.04674160
0.04677192
0.04680227
0.04683267
0.04592651
0.04590208
0.04587767
0.04585328
0.04582893
0.04580460
0.04578029
0.04575600
0.04573175
0.04570752
0.04568332
0.04565914
0.04587562
0.04541239
0.04538691
0.04536147
0.04533605
0.04531066
0.04528530
0.04525997
0.04523467
0.04520939
0.04518415
0.04515893
0.04513374
0.04510858
0.04508344
0.04505833
0.02907321
0.02830535
0.02757434
0.02643965
0.02571113
0.02532437
0.02506780
0.02487447
0.02468408
0.02449660
0.02431194
0.02413005
0.02397847
0.02385727
0.02373677
0.02361748
0.02350245
0.02341811
0.02333437
0.02325123
0.02316868
0.02308672
0.02300533
0.02292451
0.02285881
0.02281544
0.02277224
0.02272921
0.02268701
0.02264506
0.02260326
0.02256161
0.02252012
0.02247878
0.02243880
0.02240207
0.02236546
0.02232898
0.02229261
0.02225636
0.02222023
0.02220335
0.02218941
0.02219458
0.02259359
0.02300720
0.02343624
0.02217156
0.02217153
0.02217151
0.02217149
0.02217147
0.02215923
0.02214970
0.02214220
0.02213471
0.02212769
0.02212185
0.02211758
0.02211528
0.02211298
0.02211068
0.02210839
0.02210608
0.02210261
0.02209807
0.02100525
0.02103997
0.02107480
0.02110974
0.02114480
0.02117998
0.02121527
0.02125068
0.02128607
0.02132157
0.02135719
0.02139294
0.02142895
0.02146508
0.02150133
0.02152232
0.02154284
0.02156327
0.02158374
0.02160425
0.02162479
0.02164538
0.02166225
0.02167488
0.02168748
0.02170010
0.02170729
0.02171416
0.02172104
0.02172792
0.02173480
0.02174170
0.02174859
0.02175549
0.02175039
0.02173843
0.02172650
0.02171458
0.02170266
0.02169077
0.02167888
0.02166701
0.02165516
0.02164331
0.02163148
0.02161962
0.02160775
0.02159591
0.02158408
0.02157226
0.02156045
0.02154361
0.02150845
0.02147339
0.02143845
0.02140367
0.02136899
0.02133443
0.02129998
0.02126564
0.02123142
0.02119730
0.02116329
0.02112939
0.02109560
0.02106191
0.02102834
0.02099487
0.02209672
0.02209976
0.02210280
0.02210584
0.02210889
0.02211193
0.02211498
0.02211803
0.02212334
0.02212918
0.02213662
0.02214412
0.02215161
0.02215599
0.02215882
0.02216166
0.02216450
0.02216734
0.02217018
0.02333348
0.02290436
0.02249074
0.02222476
0.02224356
0.02226239
0.02228125
0.02230014
0.02231906
0.02233802
0.02236466
0.02239593
0.02242729
0.02245874
0.02249029
0.02252191
0.02256732
0.02262560
0.02268418
0.02274310
0.02280240
0.02286201
0.02292193
0.02298216
0.02304306
0.02312385
0.02320522
0.02328715
0.02336968
0.02345278
0.02353649
0.02362078
0.02373254
0.02388043
0.02403105
0.02418700
0.02436575
0.02454717
0.02473130
0.02491823
0.02510799
0.02539102
0.02576979
0.02641749
0.02735367
0.02842184
0.04503324
0.04505832
0.04508342
0.04510855
0.04513370
0.04515889
0.04518411
0.04520935
0.04523462
0.04525992
0.04528525
0.04531059
0.04533598
0.04536140
0.04538684
0.04541230
0.04587645
0.04565911
0.04568338
0.04570768
0.04573200
0.04575635
0.04578073
0.04580513
0.04582956
0.04585401
0.04587849
0.04590300
0.04592753
0.04522088
0.04519892
0.04517699
0.04515507
0.04513318
0.04511131
0.04508946
0.04506763
0.04504583
0.04502405
0.04519596
0.04472012
0.04469769
0.04467531
0.04465308
0.04463088
0.04460870
0.04458654
0.04456441
0.04454229
0.04452020
0.04449813
0.04447609
0.04445453
0.04443350
0.04441250
0.02798529
0.02727051
0.02623807
0.02518660
0.02499143
0.02479926
0.02461003
0.02442366
0.02424009
0.02405927
0.02388112
0.02370559
0.02356573
0.02344889
0.02333247
0.02321719
0.02310305
0.02299003
0.02289760
0.02281754
0.02273803
0.02265908
0.02258068
0.02250281
0.02244399
0.02240218
0.02236053
0.02231904
0.02227794
0.02223749
0.02219718
0.02215701
0.02211699
0.02207712
0.02203739
0.02199780
0.02196015
0.02192498
0.02188991
0.02185496
0.02182164
0.02180817
0.02179472
0.02178129
0.02180942
0.02219458
0.02259359
0.02300720
0.02176142
0.02176139
0.02176137
0.02176135
0.02176133
0.02176131
0.02175946
0.02174752
0.02173658
0.02172936
0.02172215
0.02171494
0.02170773
0.02170154
0.02169592
0.02169062
0.02168825
0.02087528
0.02092650
0.02097171
0.02100631
0.02104103
0.02107586
0.02111081
0.02114587
0.02118105
0.02121635
0.02125166
0.02128704
0.02132255
0.02135817
0.02139391
0.02142986
0.02146599
0.02149674
0.02151720
0.02153771
0.02155813
0.02157859
0.02159909
0.02161963
0.02164020
0.02166082
0.02167850
0.02169022
0.02169708
0.02170395
0.02171082
0.02171769
0.02172457
0.02173146
0.02173834
0.02174529
0.02175230
0.02174705
0.02173509
0.02172316
0.02171124
0.02169934
0.02168744
0.02167556
0.02166370
0.02165184
0.02164000
0.02162817
0.02161630
0.02160445
0.02159260
0.02158077
0.02156896
0.02155716
0.02154038
0.02150523
0.02147020
0.02143530
0.02140053
0.02136587
0.02133132
0.02129687
0.02126255
0.02122833
0.02119422
0.02116022
0.02112633
0.02109254
0.02105886
0.02102529
0.02099182
0.02095846
0.02091242
0.02166350
0.02168840
0.02169180
0.02169741
0.02170303
0.02170964
0.02171684
0.02172405
0.02173127
0.02173825
0.02174099
0.02174372
0.02174645
0.02174918
0.02175192
0.02175465
0.02175738
0.02176012
0.02290436
0.02249074
0.02209179
0.02180048
0.02181856
0.02183667
0.02185482
0.02187299
0.02189120
0.02190944
0.02192770
0.02194638
0.02197649
0.02200669
0.02203697
0.02206734
0.02211555
0.02217152
0.02222777
0.02228430
0.02234123
0.02239845
0.02245595
0.02251376
0.02257187
0.02263027
0.02269942
0.02277783
0.02285677
0.02293626
0.02301631
0.02309692
0.02319587
0.02333712
0.02348024
0.02362599
0.02377356
0.02394187
0.02411700
0.02429472
0.02447508
0.02465813
0.02484394
0.02503257
0.02528418
0.02619683
0.02717782
0.02820476
0.04441260
0.04443361
0.04445464
0.04447621
0.04449825
0.04452031
0.04454241
0.04456451
0.04458664
0.04460880
0.04463098
0.04465317
0.04467539
0.04469778
0.04472020
0.04519667
0.04502438
0.04504613
0.04506791
0.04508970
0.04511151
0.04513335
0.04515519
0.04517707
0.04519897
0.04522089
0.04455574
0.04453443
0.04451313
0.04449185
0.04447060
0.04444937
0.04442815
0.04440696
0.04453726
0.04415219
0.04413032
0.04410848
0.04408665
0.04406486
0.04404308
0.04402132
0.04399958
0.04397788
0.04395618
0.04393450
0.04391285
0.04389122
0.04386962
0.02767048
0.02697330
0.02603955
0.02510839
0.02475676
0.02453641
0.02435115
0.02416867
0.02398891
0.02381179
0.02363727
0.02346529
0.02329580
0.02316695
0.02305409
0.02294170
0.02283024
0.02271987
0.02261055
0.02250229
0.02239973
0.02232311
0.02224700
0.02217142
0.02209634
0.02204396
0.02200363
0.02196345
0.02192341
0.02188352
0.02184433
0.02180543
0.02176667
0.02172804
0.02168956
0.02165121
0.02161299
0.02157492
0.02153697
0.02150151
0.02146778
0.02143981
0.02142681
0.02141383
0.02140086
0.02138790
0.02143741
0.02180942
0.02219458
0.02259359
0.02136617
0.02136615
0.02136613
0.02136611
0.02136609
0.02136606
0.02136604
0.02136602
0.02136233
0.02135083
0.02133933
0.02133163
0.02132468
0.02131773
0.02131079
0.02126246
0.02076834
0.02082215
0.02087122
0.02092149
0.02096970
0.02100737
0.02104210
0.02107693
0.02111188
0.02114695
0.02118213
0.02121736
0.02125263
0.02128802
0.02132352
0.02135915
0.02139489
0.02143077
0.02146691
0.02149163
0.02151209
0.02153258
0.02155299
0.02157344
0.02159393
0.02161446
0.02163514
0.02165619
0.02167716
0.02168778
0.02169475
0.02170172
0.02170869
0.02171567
0.02172266
0.02172965
0.02173665
0.02174296
0.02174909
0.02174372
0.02173178
0.02171985
0.02170793
0.02169602
0.02168413
0.02167225
0.02166039
0.02164854
0.02163670
0.02162486
0.02161299
0.02160114
0.02158930
0.02157748
0.02156566
0.02155386
0.02153717
0.02150203
0.02146704
0.02143216
0.02139739
0.02136274
0.02132819
0.02129375
0.02125943
0.02122521
0.02119111
0.02115711
0.02112322
0.02108944
0.02105578
0.02102221
0.02098875
0.02095530
0.02090937
0.02085677
0.02080447
0.02075237
0.02128317
0.02131269
0.02131964
0.02132658
0.02133354
0.02133862
0.02134125
0.02134388
0.02134651
0.02134915
0.02135178
0.02135441
0.02135704
0.02135968
0.02136232
0.02136496
0.02249074
0.02209179
0.02170674
0.02139208
0.02140949
0.02142693
0.02144441
0.02146190
0.02147943
0.02149699
0.02151457
0.02153219
0.02154983
0.02157248
0.02160158
0.02163075
0.02168152
0.02173531
0.02178937
0.02184369
0.02189834
0.02195330
0.02200855
0.02206408
0.02211988
0.02217597
0.02223234
0.02229030
0.02236589
0.02244200
0.02251863
0.02259578
0.02268292
0.02281798
0.02295465
0.02309339
0.02323437
0.02337707
0.02353248
0.02370165
0.02387328
0.02404741
0.02422410
0.02440340
0.02458538
0.02482333
0.02516664
0.02603814
0.02700707
0.02792950
0.04386981
0.04389141
0.04391304
0.04393468
0.04395635
0.04397804
0.04399975
0.04402148
0.04404324
0.04406500
0.04408681
0.04410861
0.04413046
0.04415231
0.04453662
0.04440830
0.04442946
0.04445064
0.04447184
0.04449306
0.04451430
0.04453556
0.04455684
0.04390988
0.04388919
0.04386850
0.04384784
0.04382720
0.04380658
0.04389746
0.04359851
0.04357719
0.04355589
0.04353461
0.04351335
0.04349211
0.04347089
0.04344970
0.04342852
0.04340737
0.04338623
0.04336511
0.04334403
0.04332295
0.02668250
0.02584403
0.02505127
0.02474524
0.02436914
0.02412936
0.02391895
0.02374287
0.02356935
0.02339835
0.02322983
0.02306371
0.02289995
0.02278144
0.02267230
0.02256381
0.02245598
0.02234919
0.02224340
0.02213862
0.02203481
0.02193197
0.02184964
0.02177673
0.02170430
0.02165794
0.02161901
0.02158022
0.02154156
0.02150305
0.02146483
0.02142727
0.02138984
0.02135254
0.02131537
0.02127833
0.02124142
0.02120464
0.02116799
0.02113146
0.02109505
0.02107112
0.02105856
0.02104602
0.02103349
0.02102460
0.02101677
0.02107787
0.02143741
0.02180942
0.02219458
0.02098503
0.02098501
0.02098499
0.02098497
0.02098495
0.02098493
0.02098490
0.02098488
0.02098487
0.02098485
0.02097944
0.02096834
0.02095725
0.02093597
0.02072518
0.02066224
0.02071551
0.02076905
0.02082118
0.02086716
0.02091648
0.02096467
0.02100843
0.02104316
0.02107800
0.02111295
0.02114802
0.02118318
0.02121833
0.02125361
0.02128900
0.02132451
0.02136013
0.02139588
0.02143174
0.02146611
0.02148652
0.02150697
0.02152767
0.02154851
0.02156938
0.02159029
0.02161124
0.02163224
0.02165309
0.02167393
0.02168614
0.02169311
0.02170008
0.02170705
0.02171403
0.02172102
0.02172738
0.02173351
0.02173964
0.02174577
0.02174040
0.02172846
0.02171653
0.02170462
0.02169272
0.02168082
0.02166895
0.02166086
0.02165318
0.02164550
0.02163346
0.02160850
0.02159429
0.02158297
0.02157165
0.02156034
0.02154905
0.02153552
0.02149884
0.02146385
0.02142897
0.02139421
0.02135956
0.02132502
0.02129059
0.02125628
0.02122208
0.02118798
0.02115399
0.02112012
0.02108635
0.02105269
0.02101913
0.02098568
0.02095213
0.02090633
0.02085377
0.02080152
0.02074949
0.02069766
0.02064610
0.02083678
0.02095011
0.02095340
0.02095594
0.02095848
0.02096102
0.02096355
0.02096609
0.02096863
0.02097118
0.02097372
0.02097626
0.02097880
0.02098134
0.02098389
0.02209179
0.02170675
0.02133490
0.02101080
0.02102124
0.02103229
0.02104912
0.02106598
0.02108287
0.02109978
0.02111672
0.02113369
0.02115069
0.02116771
0.02118476
0.02121271
0.02126420
0.02131593
0.02136792
0.02142016
0.02147267
0.02152552
0.02157863
0.02163200
0.02168564
0.02173954
0.02179372
0.02184816
0.02190288
0.02196859
0.02204202
0.02211593
0.02219217
0.02232143
0.02245221
0.02258453
0.02271909
0.02285551
0.02299359
0.02313686
0.02330037
0.02346622
0.02363444
0.02380509
0.02397822
0.02416510
0.02443259
0.02475927
0.02510324
0.02588137
0.02683845
0.04332318
0.04334425
0.04336534
0.04338644
0.04340757
0.04342872
0.04344990
0.04347109
0.04349231
0.04351354
0.04353479
0.04355606
0.04357735
0.04359867
0.04389557
0.04380887
0.04382946
0.04385007
0.04387070
0.04389134
0.04391201
0.04330792
0.04328998
0.04327207
0.04325416
0.04327564
0.04305854
0.04303773
0.04301697
0.04299672
0.04297724
0.04295777
0.04293832
0.04291890
0.04289949
0.04288010
0.04286072
0.04284136
0.04282203
0.02639690
0.02565140
0.02499439
0.02468975
0.02439243
0.02399688
0.02374113
0.02353296
0.02333181
0.02316423
0.02299904
0.02283619
0.02267563
0.02251732
0.02240856
0.02230295
0.02219817
0.02209380
0.02199041
0.02188799
0.02178652
0.02168597
0.02158636
0.02148766
0.02139585
0.02132593
0.02128521
0.02124761
0.02121013
0.02117280
0.02113558
0.02109851
0.02106201
0.02102661
0.02100724
0.02098791
0.02096861
0.02094935
0.02093012
0.02091094
0.02089129
0.02087169
0.02085212
0.02083512
0.02082254
0.02080999
0.02079966
0.02079201
0.02078436
0.02077672
0.02107787
0.02143741
0.02180942
0.02063508
0.02063327
0.02063123
0.02062918
0.02062713
0.02062509
0.02062304
0.02062099
0.02061895
0.02061707
0.02061705
0.02061703
0.02060643
0.02053169
0.02055723
0.02060996
0.02066295
0.02071623
0.02076978
0.02081714
0.02086310
0.02091148
0.02095964
0.02100601
0.02104422
0.02107906
0.02111402
0.02114910
0.02118415
0.02121930
0.02125458
0.02128997
0.02132548
0.02136111
0.02139686
0.02143184
0.02146215
0.02148296
0.02150381
0.02152480
0.02154562
0.02156649
0.02158739
0.02160831
0.02162906
0.02164986
0.02167069
0.02168450
0.02169147
0.02169844
0.02170541
0.02171183
0.02171795
0.02172407
0.02173019
0.02173632
0.02174245
0.02173708
0.02172514
0.02171322
0.02170405
0.02169633
0.02168863
0.02168093
0.02167323
0.02166554
0.02165786
0.02164347
0.02161967
0.02159474
0.02157499
0.02156368
0.02155239
0.02154110
0.02152983
0.02150326
0.02146545
0.02142778
0.02139102
0.02135638
0.02132185
0.02128744
0.02125313
0.02121894
0.02118485
0.02115087
0.02111701
0.02108325
0.02104960
0.02101605
0.02098252
0.02094896
0.02090328
0.02085076
0.02079853
0.02074656
0.02069478
0.02064324
0.02059194
0.02054090
0.02054504
0.02061143
0.02061345
0.02061547
0.02061751
0.02061964
0.02062177
0.02062389
0.02062602
0.02062815
0.02063028
0.02063241
0.02063453
0.02063570
0.02170675
0.02133490
0.02097544
0.02077175
0.02078195
0.02079217
0.02080239
0.02081263
0.02082287
0.02083313
0.02084401
0.02085713
0.02087028
0.02088344
0.02089662
0.02091375
0.02094013
0.02096658
0.02099310
0.02101969
0.02106326
0.02111408
0.02116517
0.02121652
0.02126812
0.02131996
0.02137206
0.02142442
0.02147703
0.02152990
0.02158516
0.02165604
0.02172738
0.02184604
0.02197129
0.02209798
0.02222616
0.02235672
0.02248881
0.02262248
0.02275774
0.02291245
0.02307280
0.02323541
0.02340032
0.02356760
0.02379469
0.02405398
0.02436488
0.02469791
0.02504016
0.02572647
0.02809903
0.04281009
0.04283072
0.04285136
0.04287202
0.04289270
0.04291340
0.04293412
0.04295486
0.04297562
0.04299639
0.04301718
0.04303794
0.04305873
0.04327242
0.04325275
0.04327069
0.04328864
0.04330661
0.04279497
0.04277856
0.04276216
0.04297099
0.04253820
0.04251943
0.04250069
0.04248197
0.04246414
0.04245115
0.04243818
0.04242520
0.04241225
0.04239772
0.04237834
0.04235898
0.02546162
0.02493778
0.02463450
0.02433851
0.02402893
0.02363583
0.02336519
0.02316354
0.02296533
0.02277280
0.02261313
0.02245568
0.02230041
0.02215088
0.02204768
0.02194544
0.02184414
0.02174311
0.02164298
0.02154375
0.02144544
0.02134802
0.02125148
0.02115581
0.02106099
0.02099583
0.02097087
0.02095120
0.02093157
0.02091198
0.02089242
0.02087303
0.02085394
0.02083489
0.02081588
0.02079689
0.02077795
0.02075862
0.02073926
0.02071994
0.02070065
0.02068140
0.02066218
0.02064300
0.02062423
0.02061191
0.02059960
0.02058731
0.02057503
0.02056277
0.02055052
0.02073033
0.02107787
0.02143741
0.02180942
0.02059736
0.02030564
0.02030451
0.02030172
0.02029951
0.02029722
0.02029493
0.02029294
0.02029097
0.02031392
0.02036928
0.02042018
0.02045328
0.02050547
0.02055794
0.02061067
0.02066367
0.02071695
0.02076736
0.02081310
0.02085904
0.02090647
0.02095462
0.02100096
0.02104529
0.02108013
0.02111509
0.02115006
0.02118511
0.02122027
0.02125555
0.02129095
0.02132538
0.02135989
0.02139451
0.02143032
0.02145920
0.02148001
0.02150093
0.02152191
0.02154273
0.02156359
0.02158439
0.02160509
0.02162584
0.02164663
0.02166717
0.02168098
0.02168983
0.02169630
0.02170241
0.02170852
0.02171463
0.02172075
0.02173041
0.02175501
0.02177967
0.02177242
0.02174692
0.02172420
0.02171647
0.02170875
0.02170103
0.02169332
0.02168562
0.02167792
0.02166876
0.02165318
0.02163085
0.02160590
0.02158100
0.02155616
0.02154443
0.02153316
0.02152189
0.02150387
0.02147110
0.02143341
0.02139585
0.02135842
0.02132111
0.02128428
0.02124999
0.02121580
0.02118172
0.02114776
0.02111390
0.02108015
0.02104651
0.02101297
0.02097935
0.02094580
0.02090025
0.02084776
0.02079554
0.02074358
0.02069188
0.02064038
0.02058910
0.02053807
0.02048730
0.02043677
0.02040523
0.02035248
0.02029701
0.02029264
0.02029440
0.02029616
0.02029804
0.02030019
0.02030234
0.02030474
0.02031296
0.02059217
0.02170675
0.02133490
0.02097544
0.02062802
0.02055017
0.02055692
0.02056969
0.02058248
0.02059528
0.02060810
0.02062094
0.02063379
0.02064665
0.02065954
0.02067244
0.02068535
0.02070555
0.02073141
0.02075734
0.02078333
0.02080940
0.02083553
0.02086173
0.02088799
0.02091432
0.02094072
0.02096718
0.02099371
0.02102031
0.02106743
0.02111830
0.02116942
0.02122078
0.02128335
0.02139048
0.02151054
0.02163196
0.02175476
0.02187923
0.02200573
0.02213369
0.02226315
0.02239414
0.02253724
0.02269236
0.02284963
0.02300910
0.02318918
0.02343546
0.02368690
0.02398285
0.02430544
0.02463684
0.02497739
0.02557341
0.04235873
0.04237515
0.04239159
0.04240804
0.04242450
0.04244097
0.04245747
0.04247396
0.04249047
0.04250700
0.04252353
0.04254009
0.04296675
0.04276082
0.04277723
0.04279364
0.04229756
0.04237485
0.04209772
0.04207935
0.04206099
0.04204264
0.04202431
0.04200600
0.04198771
0.04196944
0.04195118
0.04193293
0.04191470
0.02808310
0.02488142
0.02457951
0.02428483
0.02399714
0.02366692
0.02328547
0.02300098
0.02280553
0.02261338
0.02242444
0.02223994
0.02208763
0.02193739
0.02179819
0.02169824
0.02159921
0.02150108
0.02140338
0.02130634
0.02121018
0.02111488
0.02102081
0.02097460
0.02092859
0.02088203
0.02083530
0.02078877
0.02076051
0.02074124
0.02072200
0.02070286
0.02068409
0.02066535
0.02064664
0.02062762
0.02060850
0.02058942
0.02057038
0.02055136
0.02053239
0.02051345
0.02049454
0.02047567
0.02045684
0.02043804
0.02041927
0.02041406
0.02041230
0.02041054
0.02040878
0.02040701
0.02040525
0.02040349
0.02073033
0.02107787
0.02143741
0.02180942
0.02058534
0.02027002
0.02019315
0.02014561
0.02013999
0.02013762
0.02017296
0.02020842
0.02025403
0.02030742
0.02035037
0.02040204
0.02045398
0.02050618
0.02055864
0.02061138
0.02066438
0.02071766
0.02076333
0.02080906
0.02085498
0.02090147
0.02094959
0.02099592
0.02104245
0.02108120
0.02111609
0.02115103
0.02118593
0.02121998
0.02125415
0.02128842
0.02132281
0.02135731
0.02139290
0.02142919
0.02145625
0.02147706
0.02149815
0.02151904
0.02153985
0.02156051
0.02158117
0.02160188
0.02162262
0.02164751
0.02171495
0.02176419
0.02179988
0.02182816
0.02185652
0.02188426
0.02190921
0.02193421
0.02195927
0.02198439
0.02200957
0.02200231
0.02197626
0.02195028
0.02192437
0.02189851
0.02187271
0.02184510
0.02181652
0.02178801
0.02175181
0.02170385
0.02164204
0.02161706
0.02159214
0.02156727
0.02154247
0.02152522
0.02151396
0.02149792
0.02147393
0.02143904
0.02140146
0.02136401
0.02132669
0.02128950
0.02125243
0.02121550
0.02117870
0.02114464
0.02111080
0.02107706
0.02104343
0.02100982
0.02097617
0.02094263
0.02089723
0.02084476
0.02079256
0.02074062
0.02068893
0.02063750
0.02058625
0.02053524
0.02048448
0.02043397
0.02038371
0.02033370
0.02029213
0.02023699
0.02019253
0.02015994
0.02013583
0.02014168
0.02015470
0.02021003
0.02030726
0.02057420
0.02170675
0.02133490
0.02097544
0.02062802
0.02040907
0.02041317
0.02041727
0.02042137
0.02042543
0.02042949
0.02043355
0.02043761
0.02044168
0.02044574
0.02045301
0.02046565
0.02047831
0.02050145
0.02052682
0.02055224
0.02057773
0.02060329
0.02062890
0.02065458
0.02068033
0.02070615
0.02073207
0.02075806
0.02078411
0.02081023
0.02083641
0.02086266
0.02088898
0.02091536
0.02094181
0.02098859
0.02106871
0.02118518
0.02130295
0.02142203
0.02154296
0.02166558
0.02178961
0.02191507
0.02204199
0.02217411
0.02232426
0.02247645
0.02263073
0.02284787
0.02308692
0.02333087
0.02361262
0.02392526
0.02424631
0.02457608
0.02491495
0.02902985
0.04193703
0.04195312
0.04196923
0.04198536
0.04200149
0.04201763
0.04203380
0.04204996
0.04206615
0.04208235
0.04209856
0.04236972
0.04229720
0.04208291
0.04164826
0.04163028
0.04161232
0.04159437
0.04157643
0.04155850
0.04154060
0.04152270
0.04150483
0.04148697
0.02486361
0.02452476
0.02423139
0.02394495
0.02366521
0.02331564
0.02294536
0.02264794
0.02245843
0.02227206
0.02208875
0.02190845
0.02173145
0.02158601
0.02145655
0.02135971
0.02126374
0.02116862
0.02107411
0.02099923
0.02095311
0.02090720
0.02086149
0.02081590
0.02076946
0.02072322
0.02067720
0.02063137
0.02058575
0.02055432
0.02053545
0.02051698
0.02049826
0.02047938
0.02046054
0.02044173
0.02042296
0.02040936
0.02039933
0.02038931
0.02037930
0.02036930
0.02035931
0.02034933
0.02033936
0.02032940
0.02031945
0.02030950
0.02029969
0.02029089
0.02028209
0.02027649
0.02027475
0.02027301
0.02027127
0.02039394
0.02073033
0.02107787
0.02143741
0.02180942
0.02057332
0.02026438
0.02018933
0.02014251
0.02013685
0.02013469
0.02017002
0.02020547
0.02024850
0.02029965
0.02035106
0.02040274
0.02045467
0.02050688
0.02055935
0.02061209
0.02066509
0.02071381
0.02075931
0.02080502
0.02085092
0.02089703
0.02094457
0.02099088
0.02103739
0.02108189
0.02111561
0.02114944
0.02118338
0.02121743
0.02125159
0.02128586
0.02132024
0.02135560
0.02139178
0.02142611
0.02145331
0.02147422
0.02149537
0.02151612
0.02153670
0.02156755
0.02163536
0.02170359
0.02177131
0.02183892
0.02190696
0.02197121
0.02200539
0.02203421
0.02206312
0.02209209
0.02212115
0.02215027
0.02217948
0.02219872
0.02221682
0.02221171
0.02219382
0.02217173
0.02214228
0.02211292
0.02208362
0.02205442
0.02202528
0.02199622
0.02195836
0.02189283
0.02182429
0.02175618
0.02168849
0.02162122
0.02155436
0.02152879
0.02150604
0.02149197
0.02147151
0.02144391
0.02140708
0.02136960
0.02133226
0.02129505
0.02125797
0.02122102
0.02118420
0.02114751
0.02111094
0.02107449
0.02104034
0.02100664
0.02097300
0.02093947
0.02089422
0.02084176
0.02078957
0.02073764
0.02068597
0.02063456
0.02058340
0.02053241
0.02048166
0.02043116
0.02038092
0.02033092
0.02028116
0.02023165
0.02018956
0.02015698
0.02013270
0.02013854
0.02015094
0.02020625
0.02030155
0.02055626
0.02170675
0.02133476
0.02097544
0.02062802
0.02029192
0.02027273
0.02027677
0.02028082
0.02028487
0.02028891
0.02029297
0.02029702
0.02030107
0.02030849
0.02031621
0.02032394
0.02033167
0.02034132
0.02035471
0.02036809
0.02038144
0.02039481
0.02040819
0.02042753
0.02045276
0.02047805
0.02050341
0.02052882
0.02055430
0.02057984
0.02060545
0.02063112
0.02065686
0.02068266
0.02070852
0.02073445
0.02078322
0.02083737
0.02089180
0.02094652
0.02100152
0.02109933
0.02121686
0.02133580
0.02145607
0.02157771
0.02170073
0.02182517
0.02196791
0.02211526
0.02228902
0.02251646
0.02274859
0.02298539
0.02325364
0.02355679
0.02386796
0.02418745
0.02451561
0.02501442
0.04150786
0.04152363
0.04153941
0.04155520
0.04157101
0.04158682
0.04160266
0.04161850
0.04163435
0.04165022
0.04207748
0.04120832
0.04119072
0.04117312
0.04115554
0.04113798
0.04112044
0.04110291
0.04108540
0.04106789
0.02455227
0.02417817
0.02389299
0.02361445
0.02334233
0.02297466
0.02261503
0.02230559
0.02212173
0.02194088
0.02176297
0.02158792
0.02141566
0.02124613
0.02112546
0.02103158
0.02097713
0.02093149
0.02088585
0.02084023
0.02079481
0.02074959
0.02070403
0.02065809
0.02061235
0.02056681
0.02052147
0.02047634
0.02043140
0.02039979
0.02038052
0.02037049
0.02036048
0.02035050
0.02034053
0.02033057
0.02032061
0.02031067
0.02030073
0.02029081
0.02028090
0.02027099
0.02026110
0.02025121
0.02024134
0.02023147
0.02022162
0.02021177
0.02020193
0.02019211
0.02018281
0.02017410
0.02016541
0.02015672
0.02014804
0.02014076
0.02013904
0.02039394
0.02073033
0.02107788
0.02143741
0.02180942
0.02040019
0.02025874
0.02018551
0.02013941
0.02013370
0.02013176
0.02016708
0.02020254
0.02024647
0.02030034
0.02035175
0.02040343
0.02045538
0.02050758
0.02056005
0.02061279
0.02066452
0.02070981
0.02075530
0.02080098
0.02084687
0.02089296
0.02093956
0.02098625
0.02103349
0.02107877
0.02111309
0.02114691
0.02118085
0.02121489
0.02124904
0.02128330
0.02131844
0.02135449
0.02139066
0.02142275
0.02145037
0.02148694
0.02155549
0.02162322
0.02169137
0.02175996
0.02182796
0.02189593
0.02196432
0.02203314
0.02208610
0.02212780
0.02215208
0.02217014
0.02218822
0.02220634
0.02222448
0.02224266
0.02226070
0.02227832
0.02229596
0.02229073
0.02227206
0.02225341
0.02223538
0.02221745
0.02219956
0.02218169
0.02216385
0.02214604
0.02211749
0.02207409
0.02201454
0.02194509
0.02187609
0.02180751
0.02173936
0.02167164
0.02160434
0.02153699
0.02146806
0.02144244
0.02141269
0.02137520
0.02133784
0.02130061
0.02126351
0.02122654
0.02118939
0.02115228
0.02111528
0.02107842
0.02104132
0.02100575
0.02097042
0.02093631
0.02089120
0.02083876
0.02078659
0.02073467
0.02068302
0.02063162
0.02058048
0.02052958
0.02047885
0.02042837
0.02037813
0.02032815
0.02027840
0.02022890
0.02018661
0.02015402
0.02012957
0.02013540
0.02014718
0.02020246
0.02029585
0.02053835
0.02170675
0.02133476
0.02097544
0.02062802
0.02029192
0.02013421
0.02013884
0.02014643
0.02015403
0.02016163
0.02016923
0.02017685
0.02018447
0.02019210
0.02019973
0.02020737
0.02021501
0.02022266
0.02023566
0.02024892
0.02026219
0.02027548
0.02028877
0.02030201
0.02031527
0.02032856
0.02034185
0.02035517
0.02036850
0.02038185
0.02039522
0.02040860
0.02042984
0.02045508
0.02048037
0.02050573
0.02053115
0.02058182
0.02063493
0.02068833
0.02074210
0.02079615
0.02085048
0.02090509
0.02095999
0.02101590
0.02113258
0.02125057
0.02136989
0.02149054
0.02162275
0.02176550
0.02197351
0.02219453
0.02242002
0.02264998
0.02290542
0.02319951
0.02350124
0.02381093
0.02416863
0.02470371
0.04106700
0.04108505
0.04110311
0.04112118
0.04113920
0.04115750
0.04118027
0.04119580
0.04121133
0.04077516
0.04076327
0.04075021
0.04073323
0.04071624
0.04069928
0.02499317
0.02424863
0.02384125
0.02356391
0.02329294
0.02300403
0.02264349
0.02229409
0.02197342
0.02179498
0.02161942
0.02144666
0.02127664
0.02110929
0.02098185
0.02090990
0.02086371
0.02081856
0.02077361
0.02072857
0.02068363
0.02063889
0.02059336
0.02054790
0.02050265
0.02045760
0.02041274
0.02038916
0.02036647
0.02034383
0.02032125
0.02029871
0.02027623
0.02026251
0.02025259
0.02024268
0.02023278
0.02022289
0.02021302
0.02020315
0.02019329
0.02018344
0.02017363
0.02016383
0.02015404
0.02014426
0.02013449
0.02012473
0.02011498
0.02010523
0.02009550
0.02008578
0.02007606
0.02006727
0.02005866
0.02005007
0.02004148
0.02003289
0.02002957
0.02006829
0.02039394
0.02073033
0.02107788
0.02143741
0.02180942
0.02039426
0.02025311
0.02018169
0.02013631
0.02013055
0.02012883
0.02016413
0.02019962
0.02024376
0.02029780
0.02035213
0.02040413
0.02045608
0.02050828
0.02056076
0.02061351
0.02066054
0.02070581
0.02075128
0.02079695
0.02084282
0.02089035
0.02093590
0.02098292
0.02103014
0.02107556
0.02111002
0.02114438
0.02117831
0.02121234
0.02124648
0.02128140
0.02131732
0.02135337
0.02141159
0.02150155
0.02158937
0.02167447
0.02174766
0.02181662
0.02188491
0.02194661
0.02199177
0.02203711
0.02208263
0.02212427
0.02216364
0.02220316
0.02223212
0.02225030
0.02226852
0.02228677
0.02230475
0.02232244
0.02234016
0.02235790
0.02237567
0.02237044
0.02235163
0.02233285
0.02231411
0.02229539
0.02227710
0.02225910
0.02224114
0.02222321
0.02219299
0.02215344
0.02211403
0.02207072
0.02202522
0.02197991
0.02193479
0.02186632
0.02179781
0.02172901
0.02165150
0.02156657
0.02147602
0.02138478
0.02134200
0.02130434
0.02126682
0.02122943
0.02119217
0.02115504
0.02111804
0.02108078
0.02104351
0.02100793
0.02097259
0.02093653
0.02088897
0.02083576
0.02078360
0.02073171
0.02068007
0.02062868
0.02057755
0.02052667
0.02047603
0.02042557
0.02037535
0.02032538
0.02027564
0.02022616
0.02018368
0.02015107
0.02012645
0.02013225
0.02014343
0.02019868
0.02029016
0.02052047
0.02170675
0.02133476
0.02097544
0.02062802
0.02029192
0.02003545
0.02003753
0.02003962
0.02004170
0.02004691
0.02005443
0.02006196
0.02006949
0.02007703
0.02008457
0.02009213
0.02009968
0.02010724
0.02011799
0.02013109
0.02014421
0.02015735
0.02017050
0.02018367
0.02019686
0.02021006
0.02022320
0.02023636
0.02024954
0.02026273
0.02027594
0.02028917
0.02030242
0.02031568
0.02032896
0.02034226
0.02035557
0.02037170
0.02039814
0.02043737
0.02048965
0.02054220
0.02059503
0.02064831
0.02070187
0.02075571
0.02080983
0.02086423
0.02091891
0.02097389
0.02104897
0.02116603
0.02128828
0.02145613
0.02166682
0.02188167
0.02210079
0.02232423
0.02256747
0.02285289
0.02314561
0.02344594
0.02387585
0.02440063
0.02543040
0.04068329
0.04069933
0.04071540
0.04073148
0.04074756
0.04076365
0.04035564
0.04034042
0.04032520
0.04031000
0.02467860
0.02395242
0.02351358
0.02324377
0.02298007
0.02267202
0.02232174
0.02198212
0.02165268
0.02147774
0.02130723
0.02113941
0.02099301
0.02092098
0.02084945
0.02077840
0.02070784
0.02066238
0.02061809
0.02057363
0.02052904
0.02048387
0.02043890
0.02040126
0.02037854
0.02035588
0.02033326
0.02031070
0.02028819
0.02026573
0.02024331
0.02022095
0.02019863
0.02017637
0.02015567
0.02014585
0.02013605
0.02012625
0.02011647
0.02010670
0.02009693
0.02008717
0.02007742
0.02006768
0.02005796
0.02004824
0.02003853
0.02002883
0.02001914
0.02000946
0.01999982
0.01999018
0.01998056
0.01997095
0.01996156
0.01995304
0.01994488
0.01994509
0.01994531
0.01994552
0.01994574
0.02006829
0.02039394
0.02073033
0.02107788
0.02143741
0.02180942
0.02038834
0.02024748
0.02017788
0.02013321
0.02012740
0.02012589
0.02016119
0.02019670
0.02024105
0.02029507
0.02034939
0.02040399
0.02045677
0.02050899
0.02056147
0.02061151
0.02065656
0.02070181
0.02074745
0.02079485
0.02084247
0.02089015
0.02093433
0.02097959
0.02102679
0.02107234
0.02110679
0.02114135
0.02117577
0.02120979
0.02124449
0.02128029
0.02136402
0.02145918
0.02154954
0.02164067
0.02173256
0.02182508
0.02189425
0.02194319
0.02198833
0.02203366
0.02207917
0.02212073
0.02216009
0.02219960
0.02223924
0.02227902
0.02231273
0.02233105
0.02234898
0.02236674
0.02238453
0.02240234
0.02242019
0.02243806
0.02245596
0.02245072
0.02243178
0.02241286
0.02239398
0.02237513
0.02235631
0.02233753
0.02231897
0.02230091
0.02226901
0.02222918
0.02218951
0.02214997
0.02211057
0.02206734
0.02202186
0.02197656
0.02193146
0.02187971
0.02179972
0.02170330
0.02160925
0.02151688
0.02142528
0.02133447
0.02126962
0.02123222
0.02119495
0.02115781
0.02112038
0.02108297
0.02104569
0.02101011
0.02097476
0.02093283
0.02088807
0.02083461
0.02078143
0.02072874
0.02067711
0.02062575
0.02057463
0.02052377
0.02047315
0.02042276
0.02037256
0.02032260
0.02027289
0.02022341
0.02018075
0.02014812
0.02012333
0.02012911
0.02013968
0.02019491
0.02028447
0.02050338
0.02170662
0.02133476
0.02097544
0.02062802
0.02029192
0.01996660
0.01995010
0.01995217
0.01995423
0.01995630
0.01995837
0.01996044
0.01996250
0.01996457
0.01997072
0.01997819
0.01998566
0.01999314
0.02000169
0.02001463
0.02002760
0.02004059
0.02005359
0.02006661
0.02007964
0.02009269
0.02010576
0.02011885
0.02013195
0.02014500
0.02015806
0.02017114
0.02018423
0.02019734
0.02021046
0.02022361
0.02023676
0.02024994
0.02027330
0.02029969
0.02032615
0.02035220
0.02037827
0.02040440
0.02045213
0.02050448
0.02055711
0.02061001
0.02066318
0.02071662
0.02077034
0.02082434
0.02087862
0.02093320
0.02098870
0.02116361
0.02136856
0.02157751
0.02179053
0.02200770
0.02223934
0.02251647
0.02280059
0.02314655
0.02359009
0.02410490
0.02483170
0.04031051
0.04032612
0.04034174
0.04035736
0.03997666
0.02512408
0.02437184
0.02366334
0.02319480
0.02293221
0.02267550
0.02234947
0.02200900
0.02167876
0.02135829
0.02116960
0.02100393
0.02093207
0.02086046
0.02078934
0.02071870
0.02064854
0.02057886
0.02050964
0.02046479
0.02042023
0.02039062
0.02036793
0.02034529
0.02032271
0.02030016
0.02027768
0.02025524
0.02023285
0.02021050
0.02018822
0.02016597
0.02014378
0.02012163
0.02009954
0.02007749
0.02005549
0.02004024
0.02003053
0.02002084
0.02001116
0.02000148
0.01999182
0.01998217
0.01997252
0.01996288
0.01995326
0.01994364
0.01993403
0.01992443
0.01991484
0.01990526
0.01989569
0.01988613
0.01988057
0.01987519
0.01986982
0.01986392
0.01986162
0.01986184
0.01986206
0.01986228
0.01986250
0.01986272
0.02006829
0.02039394
0.02073033
0.02107788
0.02143741
0.02180942
0.02038242
0.02024185
0.02017407
0.02013012
0.02012425
0.02012296
0.02015825
0.02019378
0.02023834
0.02029235
0.02034665
0.02040123
0.02045612
0.02050969
0.02056217
0.02060754
0.02065326
0.02070022
0.02074741
0.02079481
0.02084242
0.02088907
0.02093325
0.02097762
0.02102345
0.02106912
0.02110356
0.02113811
0.02117278
0.02122086
0.02131646
0.02141292
0.02150698
0.02159774
0.02168928
0.02177196
0.02184779
0.02191780
0.02197337
0.02202908
0.02207571
0.02211719
0.02215654
0.02219604
0.02223567
0.05508495
0.05508495
0.05508495
0.05508495
0.05508495
0.05508495
0.05508495
0.05508495
0.05508495
0.05508495
0.05508495
0.05508495
0.05508495
0.05508495
0.05508495
0.05508495
0.05508495
0.05508495
0.05508495
0.05508495
0.05508495
0.05508495
0.05508495
0.05508495
0.02222569
0.02218603
0.02214650
0.02210711
0.02206396
0.02201454
0.02195863
0.02190309
0.02182752
0.02175174
0.02166189
0.02156670
0.02147233
0.02137880
0.02128607
0.02119773
0.02116012
0.02112257
0.02108516
0.02104788
0.02101228
0.02097212
0.02092914
0.02088633
0.02083371
0.02078053
0.02072762
0.02067498
0.02062281
0.02057171
0.02052086
0.02047026
0.02041991
0.02036978
0.02031983
0.02027013
0.02022067
0.02017782
0.02014516
0.02012021
0.02012597
0.02013593
0.02019113
0.02027878
0.02048963
0.02170661
0.02133476
0.02097544
0.02062802
0.02029192
0.01996660
0.01986337
0.01986542
0.01986748
0.01986953
0.01987159
0.01987364
0.01987570
0.01987775
0.01987981
0.01988187
0.01988393
0.01988599
0.01988804
0.01989952
0.01991234
0.01992517
0.01993802
0.01995089
0.01996378
0.01997668
0.01998960
0.02000253
0.02001549
0.02002846
0.02004144
0.02005444
0.02006740
0.02008036
0.02009333
0.02010632
0.02011933
0.02013236
0.02014978
0.02017585
0.02020199
0.02022820
0.02025447
0.02028059
0.02030647
0.02033242
0.02035843
0.02038451
0.02041474
0.02046691
0.02051934
0.02057204
0.02062502
0.02067827
0.02073179
0.02078559
0.02086814
0.02095140
0.02107841
0.02128170
0.02148886
0.02170003
0.02192063
0.02218983
0.02246571
0.02287789
0.02331108
0.02381624
0.02452547
0.03996365
0.03997899
0.02407263
0.02338117
0.02288455
0.02262891
0.02237726
0.02203595
0.02170491
0.02138367
0.02107179
0.02094337
0.02087182
0.02080076
0.02073018
0.02066007
0.02059044
0.02052127
0.02045257
0.02039433
0.02036097
0.02033514
0.02031253
0.02028996
0.02026745
0.02024499
0.02022257
0.02020021
0.02017789
0.02015563
0.02013342
0.02011129
0.02008922
0.02006720
0.02004522
0.02002329
0.02000141
0.01997958
0.01995779
0.01993606
0.01992612
0.01991653
0.01990695
0.01989737
0.01988781
0.01988102
0.01987564
0.01987028
0.01986490
0.01985954
0.01985418
0.01984882
0.01984346
0.01983811
0.01983276
0.01982742
0.01982207
0.01981673
0.01981139
0.01980606
0.01979999
0.01979363
0.01978727
0.01978092
0.01978008
0.01978029
0.01978051
0.02006829
0.02039394
0.02073033
0.02107788
0.02143741
0.02180942
0.02037650
0.02023622
0.02017025
0.02012702
0.02012110
0.02012003
0.02015531
0.02019086
0.02023562
0.02028962
0.02034390
0.02039848
0.02045335
0.02050851
0.02055991
0.02060645
0.02065321
0.02070017
0.02074736
0.02079476
0.02084237
0.02088799
0.02093216
0.02097653
0.02102108
0.02106591
0.02110034
0.02117489
0.02127255
0.02136513
0.02146204
0.02155499
0.02164416
0.02171910
0.02179456
0.02187055
0.05442820
0.05442820
0.05442820
0.05442820
0.05442820
0.05442820
0.05442820
0.05442820
0.05442820
0.05442820
0.05442820
0.05442820
0.05442820
0.05442820
0.05442820
0.05442820
0.05442820
0.05442820
0.05442820
0.05442820
0.05442820
0.05442820
0.05442820
0.05442820
0.05442820
0.05442820
0.05442820
0.05442820
0.05442820
0.05442820
0.05442820
0.05442820
0.05442820
0.05442820
0.05442820
0.05442820
0.05442820
0.05442820
0.05442820
0.05442820
0.05442820
0.05442820
0.02185003
0.02177410
0.02169869
0.02162064
0.02152581
0.02143180
0.02133869
0.02124438
0.02114439
0.02108735
0.02105006
0.02101156
0.02096841
0.02092544
0.02088265
0.02083282
0.02077965
0.02072674
0.02067410
0.02062173
0.02056962
0.02051795
0.02046737
0.02041703
0.02036695
0.02031706
0.02026737
0.02021792
0.02017489
0.02014221
0.02011708
0.02012283
0.02013218
0.02018736
0.02027309
0.02047589
0.02170661
0.02133476
0.02097544
0.02062802
0.02029192
0.01996660
0.01977729
0.01977933
0.01978136
0.01978340
0.01978544
0.01978943
0.01979423
0.01979903
0.01980383
0.01980863
0.01981344
0.01981825
0.01982306
0.01982933
0.01983650
0.01984366
0.01985076
0.01985786
0.01986497
0.01987208
0.01987920
0.01988755
0.01990036
0.01991318
0.01992601
0.01993887
0.01995173
0.01996462
0.01997752
0.01999040
0.02000326
0.02001613
0.02002902
0.02005351
0.02007933
0.02010522
0.02013118
0.02015720
0.02018330
0.02020945
0.02023518
0.02026094
0.02028677
0.02031267
0.02033864
0.02036467
0.02039077
0.02042947
0.02048171
0.02053422
0.02058700
0.02066730
0.02074896
0.02083127
0.02091424
0.02099787
0.02119543
0.02140085
0.02161092
0.02187252
0.02220742
0.02261537
0.02303860
0.02353442
0.02422673
0.02258249
0.02233350
0.02206297
0.02173112
0.02140912
0.02109650
0.02092624
0.02082193
0.02074358
0.02067338
0.02060366
0.02053441
0.02046562
0.02039956
0.02036618
0.02033292
0.02029977
0.02026672
0.02023566
0.02021326
0.02019092
0.02016863
0.02014638
0.02012418
0.02010204
0.02007994
0.02005788
0.02003588
0.02001393
0.01999202
0.01997016
0.01994836
0.01992659
0.01990488
0.01988333
0.01987138
0.01985945
0.01984932
0.01984394
0.01983857
0.01983321
0.01982787
0.01982252
0.01981718
0.01981184
0.01980650
0.01980117
0.01979584
0.01979051
0.01978519
0.01977987
0.01977455
0.01976923
0.01976392
0.01975861
0.01975330
0.01974800
0.01974270
0.01973648
0.01973015
0.01972384
0.01971752
0.01971122
0.01970491
0.01975287
0.02006829
0.02039394
0.02073033
0.02107788
0.02143741
0.02180942
0.02037059
0.02023060
0.02016644
0.02012393
0.02011796
0.02011710
0.02015239
0.02018795
0.02023291
0.02028689
0.02034117
0.02039573
0.02045049
0.02050284
0.02055368
0.02060478
0.02065316
0.02070013
0.02074731
0.02079471
0.02084233
0.02088691
0.02093108
0.02097544
0.02101998
0.02112582
0.02122577
0.02132390
0.02141854
0.02151139
0.05378691
0.05378691
0.05378691
0.05378691
0.05378691
0.05378691
0.05378691
0.05378691
0.05378691
0.05378691
0.05378691
0.05378691
0.05378691
0.05378691
0.05378691
0.05378691
0.05378691
0.05378691
0.05378691
0.05378691
0.05378691
0.05378691
0.05378691
0.05378691
0.05378691
0.05378691
0.05378691
0.05378691
0.05378691
0.05378691
0.05378691
0.05378691
0.05378691
0.05378691
0.05378691
0.05378691
0.05378691
0.05378691
0.05378691
0.05378691
0.05378691
0.05378691
0.05378691
0.05378691
0.05378691
0.05378691
0.05378691
0.05378691
0.05378691
0.05378691
0.05378691
0.05378691
0.05378691
0.02157138
0.02148532
0.02139279
0.02129455
0.02119409
0.02109299
0.02100784
0.02096471
0.02092176
0.02087898
0.02083193
0.02077876
0.02072585
0.02067322
0.02062085
0.02056875
0.02051692
0.02046533
0.02041416
0.02036408
0.02031426
0.02026461
0.02021518
0.02017196
0.02013926
0.02011396
0.02011969
0.02012844
0.02018358
0.02026741
0.02046217
0.02170661
0.02133476
0.02097544
0.02062802
0.02029192
0.01996660
0.01970661
0.01970776
0.01971195
0.01971671
0.01972147
0.01972624
0.01973100
0.01973577
0.01974054
0.01974532
0.01975009
0.01975487
0.01975965
0.01976542
0.01977255
0.01977969
0.01978683
0.01979397
0.01980107
0.01980814
0.01981521
0.01982229
0.01982937
0.01983646
0.01984355
0.01985065
0.01985775
0.01986486
0.01987198
0.01987909
0.01988839
0.01990119
0.01991398
0.01993264
0.01995816
0.01998374
0.02000938
0.02003509
0.02006086
0.02008671
0.02011262
0.02013859
0.02016439
0.02018997
0.02021562
0.02024134
0.02026712
0.02029297
0.02031888
0.02034486
0.02037091
0.02039702
0.02047070
0.02055115
0.02063224
0.02071398
0.02079636
0.02087940
0.02096141
0.02110980
0.02131355
0.02157514
0.02195999
0.02235882
0.02277236
0.02175741
0.02143462
0.02112127
0.02093239
0.02082803
0.02072470
0.02062240
0.02054756
0.02047868
0.02041026
0.02037139
0.02033812
0.02030494
0.02027189
0.02023893
0.02020608
0.02017334
0.02014071
0.02011496
0.02009284
0.02007076
0.02004873
0.02002675
0.02000481
0.01998292
0.01996109
0.01993930
0.01991755
0.01989586
0.01987790
0.01986596
0.01985403
0.01984212
0.01983022
0.01981834
0.01980647
0.01979462
0.01978578
0.01978044
0.01977510
0.01976977
0.01976443
0.01975910
0.01975377
0.01974845
0.01974314
0.01973784
0.01973255
0.01972725
0.01972196
0.01971668
0.01971139
0.01970611
0.01970083
0.01969555
0.01969028
0.01968501
0.01967965
0.01967337
0.01966709
0.01966081
0.01965453
0.01965063
0.01965147
0.01975287
0.02006829
0.02039394
0.02073033
0.02107788
0.02143741
0.02180942
0.02036468
0.02022498
0.02016263
0.02012083
0.02011481
0.02011418
0.02014949
0.02018503
0.02023021
0.02028417
0.02033836
0.02039272
0.02044461
0.02049517
0.02054598
0.02059704
0.02064836
0.02069993
0.02074727
0.02079467
0.02084184
0.02088583
0.02092999
0.02102761
0.02114516
0.05316059
0.05316059
0.05316059
0.05316059
0.05316059
0.05316059
0.05316059
0.05316059
0.05316059
0.05316059
0.05316059
0.05316059
0.05316059
0.05316059
0.05316059
0.05316059
0.05316059
0.05316059
0.05316059
0.05316059
0.05316059
0.05316059
0.05316059
0.05316059
0.05316059
0.05316059
0.05316059
0.05316059
0.05316059
0.05316059
0.05316059
0.05316059
0.05316059
0.05316059
0.05316059
0.05316059
0.05316059
0.05316059
0.05316059
0.05316059
0.05316059
0.05316059
0.05316059
0.05316059
0.05316059
0.05316059
0.05316059
0.05316059
0.05316059
0.05316059
0.05316059
0.05316059
0.05316059
0.05316059
0.05316059
0.05316059
0.05316059
0.05316059
0.05316059
0.05316059
0.05316059
0.05316059
0.05316059
0.02123092
0.02111188
0.02099423
0.02091807
0.02087531
0.02083104
0.02077787
0.02072497
0.02067234
0.02061998
0.02056788
0.02051605
0.02046447
0.02041316
0.02036210
0.02031141
0.02026184
0.02021244
0.02016903
0.02013633
0.02011084
0.02011655
0.02012469
0.02017981
0.02026173
0.02044847
0.02170661
0.02133476
0.02097544
0.02062802
0.02029192
0.01996660
0.01965537
0.01965650
0.01965764
0.01965878
0.01965992
0.01966344
0.01966818
0.01967292
0.01967766
0.01968240
0.01968715
0.01969190
0.01969665
0.01970194
0.01970902
0.01971611
0.01972320
0.01973030
0.01973740
0.01974451
0.01975162
0.01975866
0.01976570
0.01977274
0.01977979
0.01978684
0.01979390
0.01980096
0.01980803
0.01981510
0.01982218
0.01982927
0.01983635
0.01984474
0.01985858
0.01987226
0.01988904
0.01991444
0.01993991
0.01996544
0.01999104
0.02001670
0.02004243
0.02006822
0.02009409
0.02011950
0.02014497
0.02017050
0.02019610
0.02022177
0.02024750
0.02027330
0.02030495
0.02034294
0.02038029
0.02043834
0.02051855
0.02059937
0.02068085
0.02076296
0.02084404
0.02092500
0.02102486
0.02134152
0.02171801
0.02093855
0.02083413
0.02073074
0.02062837
0.02052701
0.02042664
0.02037661
0.02034331
0.02031012
0.02027705
0.02024408
0.02021121
0.02017845
0.02014580
0.02011326
0.02008081
0.02004848
0.02001762
0.01999571
0.01997384
0.01995202
0.01993025
0.01990853
0.01988685
0.01987246
0.01986052
0.01984861
0.01983670
0.01982481
0.01981294
0.01980107
0.01978923
0.01977739
0.01976558
0.01975377
0.01974198
0.01973020
0.01972265
0.01971734
0.01971204
0.01970674
0.01970143
0.01969614
0.01969085
0.01968555
0.01968027
0.01967498
0.01966970
0.01966442
0.01965914
0.01965389
0.01964864
0.01964338
0.01963814
0.01963290
0.01962766
0.01962242
0.01961691
0.01961066
0.01960442
0.01960117
0.01960200
0.01960284
0.01960368
0.01975287
0.02006829
0.02039394
0.02073033
0.02107788
0.02143741
0.02180942
0.02035877
0.02021937
0.02015883
0.02011774
0.02011167
0.02011125
0.02014658
0.02018212
0.02022745
0.02028122
0.02033528
0.02038672
0.02043699
0.02048751
0.02053828
0.02058931
0.02064059
0.02069212
0.02074391
0.02079462
0.02084077
0.02092952
0.05254868
0.05254868
0.05254868
0.05254868
0.05254868
0.05254868
0.05254868
0.05254868
0.05254868
0.05254868
0.05254868
0.05254868
0.05254868
0.05254868
0.05254868
0.05254868
0.05254868
0.05254868
0.05254868
0.05254868
0.05254868
0.05254868
0.05254868
0.05254868
0.05254868
0.05254868
0.05254868
0.05254868
0.05254868
0.05254868
0.05254868
0.05254868
0.05254868
0.05254868
0.05254868
0.05254868
0.05254868
0.05254868
0.05254868
0.05254868
0.05254868
0.05254868
0.05254868
0.05254868
0.05254868
0.05254868
0.05254868
0.05254868
0.05254868
0.05254868
0.05254868
0.05254868
0.05254868
0.05254868
0.05254868
0.05254868
0.05254868
0.05254868
0.05254868
0.05254868
0.05254868
0.05254868
0.05254868
0.05254868
0.05254868
0.05254868
0.05254868
0.05254868
0.05254868
0.05254868
0.02089646
0.02082906
0.02077698
0.02072409
0.02067146
0.02061911
0.02056701
0.02051518
0.02046361
0.02041230
0.02036124
0.02031044
0.02025990
0.02020969
0.02016611
0.02013341
0.02010773
0.02011342
0.02012095
0.02017605
0.02025593
0.02043479
0.02170661
0.02133476
0.02097544
0.02062802
0.02029192
0.01996660
0.01965155
0.01960552
0.01960665
0.01960778
0.01960891
0.01961004
0.01961117
0.01961231
0.01961518
0.01961989
0.01962460
0.01962932
0.01963404
0.01963885
0.01964589
0.01965293
0.01965998
0.01966703
0.01967409
0.01968115
0.01968822
0.01969529
0.01970237
0.01970943
0.01971644
0.01972344
0.01973045
0.01973747
0.01974449
0.01975152
0.01975856
0.01976559
0.01977263
0.01977974
0.01979349
0.01980725
0.01982104
0.01983469
0.01984832
0.01986197
0.01987564
0.01989628
0.01992170
0.01994718
0.01997273
0.01999835
0.02002403
0.02004951
0.02007481
0.02010016
0.02012558
0.02015107
0.02017663
0.02021406
0.02025173
0.02028942
0.02032659
0.02036388
0.02040608
0.02048603
0.02056661
0.02064782
0.02072797
0.02080804
0.02090887
0.02063436
0.02053314
0.02043447
0.02036785
0.02032261
0.02028300
0.02024991
0.02021694
0.02018407
0.02015131
0.02011865
0.02008610
0.02005366
0.02002132
0.01998913
0.01995709
0.01992515
0.01989950
0.01987897
0.01986703
0.01985510
0.01984319
0.01983129
0.01981940
0.01980754
0.01979568
0.01978384
0.01977201
0.01976020
0.01974840
0.01973662
0.01972485
0.01971309
0.01970135
0.01968962
0.01967790
0.01966620
0.01965992
0.01965465
0.01964938
0.01964411
0.01963884
0.01963357
0.01962832
0.01962306
0.01961781
0.01961255
0.01960731
0.01960206
0.01959681
0.01959158
0.01958634
0.01958110
0.01957587
0.01957064
0.01956544
0.01956023
0.01955456
0.01955195
0.01955278
0.01955361
0.01955445
0.01955528
0.01955611
0.01975287
0.02006829
0.02039394
0.02073033
0.02107788
0.02143741
0.02180942
0.02035287
0.02021375
0.02015502
0.02011460
0.02010852
0.02010832
0.02014368
0.02017920
0.02022441
0.02027817
0.02032916
0.02037914
0.02042938
0.02047986
0.02053059
0.02058158
0.02063282
0.05195067
0.05195067
0.05195067
0.05195067
0.05195067
0.05195067
0.05195067
0.05195067
0.05195067
0.05195067
0.05195067
0.05195067
0.05195067
0.05195067
0.05195067
0.05195067
0.05195067
0.05195067
0.05195067
0.05195067
0.05195067
0.05195067
0.05195067
0.05195067
0.05195067
0.05195067
0.05195067
0.05195067
0.05195067
0.05195067
0.05195067
0.05195067
0.05195067
0.05195067
0.05195067
0.05195067
0.05195067
0.05195067
0.05195067
0.05195067
0.05195067
0.05195067
0.05195067
0.05195067
0.05195067
0.05195067
0.05195067
0.05195067
0.05195067
0.05195067
0.05195067
0.05195067
0.05195067
0.05195067
0.05195067
0.05195067
0.05195067
0.05195067
0.05195067
0.05195067
0.05195067
0.05195067
0.05195067
0.05195067
0.05195067
0.05195067
0.05195067
0.05195067
0.05195067
0.05195067
0.05195067
0.05195067
0.05195067
0.05195067
0.05195067
0.05195067
0.05195067
0.05195067
0.05195067
0.05195067
0.02061642
0.02056427
0.02051238
0.02046075
0.02040938
0.02035827
0.02030741
0.02025681
0.02020646
0.02016318
0.02013050
0.02010460
0.02011034
0.02011721
0.02017230
0.02024996
0.02042112
0.02170661
0.02133476
0.02097544
0.02062802
0.02029192
0.01996660
0.01965155
0.01955479
0.01955592
0.01955704
0.01955817
0.01955930
0.01956042
0.01956155
0.01956267
0.01956380
0.01956493
0.01956715
0.01957184
0.01957653
0.01958317
0.01959017
0.01959717
0.01960417
0.01961119
0.01961820
0.01962522
0.01963225
0.01963929
0.01964633
0.01965337
0.01966041
0.01966741
0.01967439
0.01968137
0.01968835
0.01969534
0.01970233
0.01970933
0.01971633
0.01972882
0.01974250
0.01975620
0.01976991
0.01978365
0.01979728
0.01981085
0.01982445
0.01983806
0.01985170
0.01986535
0.01987901
0.01990351
0.01992895
0.01995446
0.01998000
0.02000512
0.02003031
0.02005556
0.02008679
0.02012398
0.02016131
0.02019878
0.02023620
0.02027316
0.02031026
0.02034750
0.02038487
0.02045363
0.02053395
0.02061320
0.02037059
0.02032534
0.02028029
0.02023545
0.02019079
0.02015764
0.02012496
0.02009239
0.02005993
0.02002757
0.01999531
0.01996316
0.01993111
0.01989916
0.01987283
0.01985568
0.01983857
0.01982605
0.01981414
0.01980226
0.01979038
0.01977852
0.01976667
0.01975484
0.01974304
0.01973126
0.01971949
0.01970774
0.01969601
0.01968429
0.01967258
0.01966089
0.01964921
0.01963754
0.01962589
0.01961425
0.01960283
0.01959759
0.01959235
0.01958711
0.01958187
0.01957664
0.01957141
0.01956619
0.01956096
0.01955574
0.01955052
0.01954531
0.01954009
0.01953488
0.01952967
0.01952594
0.01952410
0.01952225
0.01952041
0.01951857
0.01951673
0.01951360
0.01950951
0.01950542
0.01950621
0.01950703
0.01950786
0.01950868
0.01975287
0.02006829
0.02039394
0.02073033
0.02107788
0.02143741
0.02180942
0.02034697
0.02020815
0.02015122
0.02011146
0.02010538
0.02010540
0.02014077
0.02017629
0.02022137
0.02027191
0.02032162
0.02037157
0.02304751
0.02360540
0.02419098
0.02480635
0.05136613
0.05136613
0.05136613
0.05136613
0.05136613
0.05136613
0.05136613
0.05136613
0.05136613
0.05136613
0.05136613
0.05136613
0.05136613
0.05136613
0.05136613
0.05136613
0.05136613
0.05136613
0.05136613
0.05136613
0.05136613
0.05136613
0.05136613
0.05136613
0.05136613
0.05136613
0.05136613
0.05136613
0.05136613
0.05136613
0.05136613
0.05136613
0.05136613
0.05136613
0.05136613
0.05136613
0.05136613
0.05136613
0.05136613
0.05136613
0.05136613
0.05136613
0.05136613
0.05136613
0.05136613
0.05136613
0.05136613
0.05136613
0.05136613
0.05136613
0.05136613
0.05136613
0.05136613
0.05136613
0.05136613
0.05136613
0.05136613
0.05136613
0.05136613
0.05136613
0.05136613
0.05136613
0.05136613
0.05136613
0.05136613
0.05136613
0.05136613
0.05136613
0.05136613
0.05136613
0.05136613
0.05136613
0.05136613
0.05136613
0.05136613
0.05136613
0.05136613
0.05136613
0.05136613
0.05136613
0.05136613
0.02532258
0.02467430
0.02405839
0.02347247
0.02291441
0.02035462
0.02030379
0.02025320
0.02020287
0.02016025
0.02012758
0.02010147
0.02010724
0.02011347
0.02016855
0.02024399
0.02040748
0.02170661
0.02133476
0.02097544
0.02062802
0.02029192
0.01996660
0.01965155
0.01950489
0.01950598
0.01950706
0.01950815
0.01950924
0.01951032
0.01951141
0.01951250
0.01951358
0.01951547
0.01951778
0.01952008
0.01952239
0.01952481
0.01952779
0.01953475
0.01954171
0.01954868
0.01955566
0.01956263
0.01956961
0.01957660
0.01958360
0.01959059
0.01959760
0.01960460
0.01961161
0.01961863
0.01962558
0.01963252
0.01963947
0.01964642
0.01965338
0.01966457
0.01967816
0.01969177
0.01970540
0.01971905
0.01973271
0.01974639
0.01976000
0.01977352
0.01978707
0.01980063
0.01981421
0.01982781
0.01984143
0.01985507
0.01986872
0.01988536
0.01991076
0.01993593
0.01996112
0.01999784
0.02003470
0.02007170
0.02010884
0.02014610
0.02018325
0.02022002
0.02025692
0.02029396
0.02033114
0.02036845
0.02023814
0.02019348
0.02014902
0.02010475
0.02006620
0.02003382
0.02000155
0.01996937
0.01993730
0.01990534
0.01987564
0.01985849
0.01984137
0.01982428
0.01980723
0.01979019
0.01977354
0.01976170
0.01974987
0.01973806
0.01972626
0.01971448
0.01970271
0.01969095
0.01967921
0.01966748
0.01965576
0.01964406
0.01963237
0.01962070
0.01960904
0.01959739
0.01958576
0.01957414
0.01956256
0.01955100
0.01954086
0.01953565
0.01953044
0.01952585
0.01952401
0.01952216
0.01952032
0.01951848
0.01951663
0.01951479
0.01951295
0.01951111
0.01950927
0.01950742
0.01950558
0.01950374
0.01950191
0.01950007
0.01949823
0.01949639
0.01949455
0.01949133
0.01948725
0.01948317
0.01947910
0.01947503
0.01947095
0.01946769
0.01975287
0.02006829
0.02039394
0.02073033
0.02107788
0.02143741
0.02180942
0.02096890
0.02096213
0.02095514
0.02010832
0.02010225
0.02010249
0.02096357
0.02099934
0.02109580
0.02145457
0.02201929
0.02252864
0.02306179
0.02362038
0.02420671
0.02482289
0.05079460
0.05079460
0.05079460
0.05079460
0.05079460
0.05079460
0.05079460
0.05079460
0.05079460
0.05079460
0.05079460
0.05079460
0.05079460
0.05079460
0.05079460
0.05079460
0.05079460
0.05079460
0.05079460
0.05079460
0.05079460
0.05079460
0.05079460
0.05079460
0.05079460
0.05079460
0.05079460
0.05079460
0.05079460
0.05079460
0.05079460
0.05079460
0.05079460
0.05079460
0.05079460
0.05079460
0.05079460
0.05079460
0.05079460
0.05079460
0.05079460
0.05079460
0.05079460
0.05079460
0.05079460
0.05079460
0.05079460
0.05079460
0.05079460
0.05079460
0.05079460
0.05079460
0.05079460
0.05079460
0.05079460
0.05079460
0.05079460
0.05079460
0.05079460
0.05079460
0.05079460
0.05079460
0.05079460
0.05079460
0.05079460
0.05079460
0.05079460
0.05079460
0.05079460
0.05079460
0.05079460
0.05079460
0.05079460
0.05079460
0.05079460
0.05079460
0.05079460
0.05079460
0.05079460
0.05079460
0.05079460
0.02534002
0.02469086
0.02407413
0.02348746
0.02292868
0.02239633
0.02188843
0.02127328
0.02106524
0.02099054
0.02012467
0.02009833
0.02010415
0.02011023
0.02095827
0.02096151
0.02209165
0.02170661
0.02133476
0.02097544
0.02062802
0.02029192
0.01996660
0.01965155
0.01947421
0.01947500
0.01947721
0.01947950
0.01948180
0.01948410
0.01948639
0.01948869
0.01949099
0.01949329
0.01949559
0.01949789
0.01950019
0.01950261
0.01950509
0.01950757
0.01951002
0.01951246
0.01951491
0.01951734
0.01951979
0.01952223
0.01952467
0.01952822
0.01953518
0.01954214
0.01954911
0.01955608
0.01956306
0.01957004
0.01957701
0.01958392
0.01959083
0.01960075
0.01961425
0.01962777
0.01964130
0.01965486
0.01966844
0.01968204
0.01969565
0.01970928
0.01972286
0.01973633
0.01974983
0.01976334
0.01977687
0.01979042
0.01980398
0.01981757
0.01983117
0.01984479
0.01985844
0.01987541
0.01990968
0.01994621
0.01998288
0.02001969
0.02005663
0.02009371
0.02013057
0.02016716
0.02020387
0.02024071
0.02010741
0.02006333
0.02001943
0.01997573
0.01994350
0.01991151
0.01987963
0.01986130
0.01984418
0.01982708
0.01981002
0.01979299
0.01977598
0.01975900
0.01974205
0.01972513
0.01970953
0.01969777
0.01968602
0.01967428
0.01966256
0.01965085
0.01963915
0.01962747
0.01961580
0.01960415
0.01959251
0.01958089
0.01956927
0.01955768
0.01954609
0.01953452
0.01952483
0.01952079
0.01951674
0.01951270
0.01950923
0.01950737
0.01950552
0.01950366
0.01950181
0.01949997
0.01949813
0.01949630
0.01949446
0.01949262
0.01949078
0.01948894
0.01948711
0.01948527
0.01948343
0.01948160
0.01947976
0.01947793
0.01947609
0.01947426
0.01947242
0.01946911
0.01946504
0.01946097
0.01945691
0.01945284
0.01945147
0.01945090
0.01975287
0.02006829
0.02039394
0.02073033
0.02107788
0.02143741
0.02180942
0.02100324
0.02100329
0.02100126
0.02099569
0.02099617
0.02099665
0.02100432
0.02104381
0.02115578
0.02154495
0.02203235
0.02254231
0.02307608
0.02363539
0.02422247
0.02483946
0.05023566
0.05023566
0.05023566
0.05023566
0.05023566
0.05023566
0.05023566
0.05023566
0.05023566
0.05023566
0.05023566
0.05023566
0.05023566
0.05023566
0.05023566
0.05023566
0.05023566
0.05023566
0.05023566
0.05023566
0.05023566
0.05023566
0.05023566
0.05023566
0.05023566
0.05023566
0.05023566
0.05023566
0.05023566
0.05023566
0.05023566
0.05023566
0.05023566
0.05023566
0.05023566
0.05023566
0.05023566
0.05023566
0.05023566
0.05023566
0.05023566
0.05023566
0.05023566
0.05023566
0.05023566
0.05023566
0.05023566
0.05023566
0.05023566
0.05023566
0.05023566
0.05023566
0.05023566
0.05023566
0.05023566
0.05023566
0.05023566
0.05023566
0.05023566
0.05023566
0.05023566
0.05023566
0.05023566
0.05023566
0.05023566
0.05023566
0.05023566
0.05023566
0.05023566
0.05023566
0.05023566
0.05023566
0.05023566
0.05023566
0.05023566
0.05023566
0.05023566
0.05023566
0.05023566
0.05023566
0.05023566
0.02535749
0.02470745
0.02408990
0.02350247
0.02294297
0.02240991
0.02190140
0.02141545
0.02111848
0.02103062
0.02099699
0.02099651
0.02099603
0.02099637
0.02100457
0.02100742
0.02209165
0.02170661
0.02133476
0.02097544
0.02062802
0.02029192
0.01996660
0.01965155
0.01945587
0.01945665
0.01945743
0.01945822
0.01945969
0.01946198
0.01946427
0.01946657
0.01946886
0.01947115
0.01947345
0.01947574
0.01947804
0.01948044
0.01948292
0.01948540
0.01948787
0.01949035
0.01949282
0.01949526
0.01949769
0.01950013
0.01950257
0.01950501
0.01950745
0.01950989
0.01951233
0.01951477
0.01951721
0.01951966
0.01952210
0.01952455
0.01952865
0.01953733
0.01955074
0.01956417
0.01957762
0.01959110
0.01960458
0.01961809
0.01963162
0.01964516
0.01965872
0.01967231
0.01968586
0.01969928
0.01971273
0.01972619
0.01973967
0.01975316
0.01976668
0.01978021
0.01979377
0.01980967
0.01982890
0.01984802
0.01986711
0.01989485
0.01993133
0.01996794
0.02000469
0.02004158
0.02007817
0.02011456
0.01997836
0.01993484
0.01989150
0.01986412
0.01984699
0.01982989
0.01981282
0.01979578
0.01977877
0.01976179
0.01974483
0.01972791
0.01971102
0.01969415
0.01967731
0.01966051
0.01964594
0.01963425
0.01962257
0.01961091
0.01959926
0.01958763
0.01957601
0.01956440
0.01955281
0.01954123
0.01952966
0.01952296
0.01951892
0.01951487
0.01951083
0.01950679
0.01950275
0.01949871
0.01949468
0.01949064
0.01948714
0.01948529
0.01948344
0.01948159
0.01947974
0.01947789
0.01947604
0.01947419
0.01947234
0.01947049
0.01946866
0.01946683
0.01946499
0.01946316
0.01946133
0.01945950
0.01945767
0.01945584
0.01945400
0.01945218
0.01945034
0.01944694
0.01944288
0.01943882
0.01943584
0.01943528
0.01943471
0.01944722
0.01975287
0.02006829
0.02039394
0.02073033
0.02107788
0.02143741
0.02180942
0.02102646
0.02102621
0.02102595
0.02102573
0.02102581
0.02102588
0.02103030
0.02106932
0.02118731
0.02155745
0.02204542
0.02255600
0.02309038
0.02365040
0.02423824
0.02485605
0.04968888
0.04968888
0.04968888
0.04968888
0.04968888
0.04968888
0.04968888
0.04968888
0.04968888
0.04968888
0.04968888
0.04968888
0.04968888
0.04968888
0.04968888
0.04968888
0.04968888
0.04968888
0.04968888
0.04968888
0.04968888
0.04968888
0.04968888
0.04968888
0.04968888
0.04968888
0.04968888
0.04968888
0.04968888
0.04968888
0.04968888
0.04968888
0.04968888
0.04968888
0.04968888
0.04968888
0.04968888
0.04968888
0.04968888
0.04968888
0.04968888
0.04968888
0.04968888
0.04968888
0.04968888
0.04968888
0.04968888
0.04968888
0.04968888
0.04968888
0.04968888
0.04968888
0.04968888
0.04968888
0.04968888
0.04968888
0.04968888
0.04968888
0.04968888
0.04968888
0.04968888
0.04968888
0.04968888
0.04968888
0.04968888
0.04968888
0.04968888
0.04968888
0.04968888
0.04968888
0.04968888
0.04968888
0.04968888
0.04968888
0.04968888
0.04968888
0.04968888
0.04968888
0.04968888
0.04968888
0.04968888
0.02537498
0.02472405
0.02410569
0.02351750
0.02295728
0.02242350
0.02191438
0.02142786
0.02114236
0.02105399
0.02102593
0.02102586
0.02102579
0.02102577
0.02102602
0.02102628
0.02209165
0.02170661
0.02133476
0.02097544
0.02062802
0.02029192
0.01996660
0.01965155
0.01943756
0.01943834
0.01943912
0.01943991
0.01944069
0.01944147
0.01944225
0.01944449
0.01944678
0.01944907
0.01945136
0.01945364
0.01945594
0.01945833
0.01946080
0.01946327
0.01946574
0.01946822
0.01947069
0.01947316
0.01947564
0.01947808
0.01948052
0.01948295
0.01948538
0.01948782
0.01949026
0.01949269
0.01949513
0.01949756
0.01950000
0.01950244
0.01950488
0.01950794
0.01951258
0.01951722
0.01952186
0.01952774
0.01954114
0.01955456
0.01956800
0.01958146
0.01959493
0.01960843
0.01962194
0.01963547
0.01964900
0.01966237
0.01967576
0.01968917
0.01970260
0.01971605
0.01972951
0.01974430
0.01976340
0.01978255
0.01980171
0.01982071
0.01983975
0.01985882
0.01988004
0.01991647
0.01995303
0.01998972
0.01986275
0.01984019
0.01981769
0.01979879
0.01978174
0.01976471
0.01974772
0.01973075
0.01971382
0.01969692
0.01968007
0.01966326
0.01964648
0.01962972
0.01961300
0.01959630
0.01958275
0.01957114
0.01955954
0.01954795
0.01953638
0.01952514
0.01952110
0.01951705
0.01951301
0.01950896
0.01950493
0.01950089
0.01949685
0.01949281
0.01948878
0.01948475
0.01948072
0.01947669
0.01947266
0.01946864
0.01946511
0.01946326
0.01946142
0.01945957
0.01945772
0.01945587
0.01945403
0.01945218
0.01945034
0.01944850
0.01944665
0.01944480
0.01944296
0.01944112
0.01943928
0.01943745
0.01943562
0.01943380
0.01943197
0.01943015
0.01942832
0.01942483
0.01942077
0.01941968
0.01941912
0.01941855
0.01941799
0.01944722
0.01975287
0.02006829
0.02039394
0.02073033
0.02107788
0.02143741
0.02180942
0.02103326
0.02103301
0.02103275
0.02103254
0.02103261
0.02103268
0.02103749
0.02107706
0.02119674
0.02156996
0.02205851
0.02256970
0.02310471
0.02366544
0.02425404
0.02487266
0.04915387
0.04915387
0.04915387
0.04915387
0.04915387
0.04915387
0.04915387
0.04915387
0.04915387
0.04915387
0.04915387
0.04915387
0.04915387
0.04915387
0.04915387
0.04915387
0.04915387
0.04915387
0.04915387
0.04915387
0.04915387
0.04915387
0.04915387
0.04915387
0.04915387
0.04915387
0.04915387
0.04915387
0.04915387
0.04915387
0.04915387
0.04915387
0.04915387
0.04915387
0.04915387
0.04915387
0.04915387
0.04915387
0.04915387
0.04915387
0.04915387
0.04915387
0.04915387
0.04915387
0.04915387
0.04915387
0.04915387
0.04915387
0.04915387
0.04915387
0.04915387
0.04915387
0.04915387
0.04915387
0.04915387
0.04915387
0.04915387
0.04915387
0.04915387
0.04915387
0.04915387
0.04915387
0.04915387
0.04915387
0.04915387
0.04915387
0.04915387
0.04915387
0.04915387
0.04915387
0.04915387
0.04915387
0.04915387
0.04915387
0.04915387
0.04915387
0.04915387
0.04915387
0.04915387
0.04915387
0.04915387
0.04915387
0.02474068
0.02412149
0.02353254
0.02297160
0.02243710
0.02192738
0.02144029
0.02115032
0.02106115
0.02103274
0.02103266
0.02103259
0.02103257
0.02103283
0.02103309
0.02209165
0.02170661
0.02133476
0.02097544
0.02062802
0.02029192
0.01996660
0.01965155
0.01941928
0.01942006
0.01942084
0.01942162
0.01942241
0.01942319
0.01942397
0.01942475
0.01942554
0.01942703
0.01942931
0.01943160
0.01943388
0.01943627
0.01943873
0.01944120
0.01944366
0.01944613
0.01944860
0.01945107
0.01945353
0.01945600
0.01945847
0.01946094
0.01946337
0.01946579
0.01946823
0.01947066
0.01947309
0.01947552
0.01947795
0.01948038
0.01948282
0.01948595
0.01949058
0.01949522
0.01949986
0.01950449
0.01950913
0.01951376
0.01951839
0.01952303
0.01953156
0.01954496
0.01955839
0.01957183
0.01958529
0.01959877
0.01961227
0.01962560
0.01963894
0.01965230
0.01966568
0.01967936
0.01969834
0.01971736
0.01973641
0.01975550
0.01977453
0.01979348
0.01981246
0.01983148
0.01985054
0.01986963
0.01979645
0.01977404
0.01975168
0.01973390
0.01971696
0.01970005
0.01968316
0.01966631
0.01964948
0.01963268
0.01961591
0.01959918
0.01958247
0.01956578
0.01954913
0.01953251
0.01952327
0.01951923
0.01951518
0.01951114
0.01950710
0.01950306
0.01949902
0.01949498
0.01949095
0.01948692
0.01948289
0.01947886
0.01947483
0.01947080
0.01946678
0.01946275
0.01945873
0.01945471
0.01945070
0.01944668
0.01944313
0.01944129
0.01943944
0.01943760
0.01943576
0.01943391
0.01943207
0.01943023
0.01942839
0.01942655
0.01942471
0.01942287
0.01942103
0.01941919
0.01941735
0.01941551
0.01941367
0.01941183
0.01941000
0.01940816
0.01940634
0.01940410
0.01940354
0.01940298
0.01940242
0.01940186
0.01940130
0.01944722
0.01975287
0.02006829
0.02039394
0.02073033
0.02107788
0.02143741
0.02180942
0.02104008
0.02103982
0.02103956
0.02103935
0.02103942
0.02103950
0.02104467
0.02108481
0.02120619
0.02158250
0.02207162
0.02258342
0.02311905
0.02368050
0.02426985
0.02488929
0.04863026
0.04863026
0.04863026
0.04863026
0.04863026
0.04863026
0.04863026
0.04863026
0.04863026
0.04863026
0.04863026
0.04863026
0.04863026
0.04863026
0.04863026
0.04863026
0.04863026
0.04863026
0.04863026
0.04863026
0.04863026
0.04863026
0.04863026
0.04863026
0.04863026
0.04863026
0.04863026
0.04863026
0.04863026
0.04863026
0.04863026
0.04863026
0.04863026
0.04863026
0.04863026
0.04863026
0.04863026
0.04863026
0.04863026
0.04863026
0.04863026
0.04863026
0.04863026
0.04863026
0.04863026
0.04863026
0.04863026
0.04863026
0.04863026
0.04863026
0.04863026
0.04863026
0.04863026
0.04863026
0.04863026
0.04863026
0.04863026
0.04863026
0.04863026
0.04863026
0.04863026
0.04863026
0.04863026
0.04863026
0.04863026
0.04863026
0.04863026
0.04863026
0.04863026
0.04863026
0.04863026
0.04863026
0.04863026
0.04863026
0.04863026
0.04863026
0.04863026
0.04863026
0.04863026
0.04863026
0.04863026
0.04863026
0.02475733
0.02413732
0.02354760
0.02298594
0.02245073
0.02194038
0.02145273
0.02115829
0.02106830
0.02103955
0.02103947
0.02103940
0.02103939
0.02103963
0.02103989
0.02209165
0.02170661
0.02133476
0.02097544
0.02062802
0.02029193
0.01996660
0.01965155
0.01940104
0.01940182
0.01940260
0.01940338
0.01940416
0.01940494
0.01940572
0.01940650
0.01940728
0.01940806
0.01940884
0.01940962
0.01941188
0.01941426
0.01941672
0.01941918
0.01942164
0.01942410
0.01942656
0.01942902
0.01943148
0.01943395
0.01943641
0.01943887
0.01944134
0.01944381
0.01944625
0.01944867
0.01945110
0.01945352
0.01945595
0.01945838
0.01946081
0.01946401
0.01946863
0.01947326
0.01947789
0.01948252
0.01948715
0.01949178
0.01949641
0.01950104
0.01950567
0.01951030
0.01951493
0.01951957
0.01952420
0.01953537
0.01954878
0.01956221
0.01957566
0.01958896
0.01960225
0.01961556
0.01963370
0.01965259
0.01967152
0.01969049
0.01970949
0.01972853
0.01974742
0.01976631
0.01978524
0.01980421
0.01973059
0.01970834
0.01968630
0.01966944
0.01965261
0.01963580
0.01961903
0.01960228
0.01958556
0.01956888
0.01955222
0.01953558
0.01952279
0.01951710
0.01951141
0.01950572
0.01950126
0.01949721
0.01949317
0.01948913
0.01948509
0.01948105
0.01947702
0.01947298
0.01946895
0.01946492
0.01946090
0.01945688
0.01945286
0.01944884
0.01944483
0.01944081
0.01943680
0.01943279
0.01942878
0.01942477
0.01942119
0.01941936
0.01941752
0.01941568
0.01941384
0.01941200
0.01941016
0.01940832
0.01940649
0.01940465
0.01940282
0.01940098
0.01940004
0.01940004
0.01940004
0.01940004
0.01940004
0.01940004
0.01940004
0.01940004
0.01940004
0.01940004
0.01940004
0.01940004
0.01940004
0.01940004
0.01940004
0.01944722
0.01975287
0.02006829
0.02039394
0.02073033
0.02107788
0.02143741
0.02180942
0.02104689
0.02104663
0.02104637
0.02104617
0.02104624
0.02104631
0.02105187
0.02109257
0.02121564
0.02159504
0.02208473
0.02259715
0.02313340
0.02369558
0.02428569
0.02490595
0.04811768
0.04811768
0.04811768
0.04811768
0.04811768
0.04811768
0.04811768
0.04811768
0.04811768
0.04811768
0.04811768
0.04811768
0.04811768
0.04811768
0.04811768
0.04811768
0.04811768
0.04811768
0.04811768
0.04811768
0.04811768
0.04811768
0.04811768
0.04811768
0.04811768
0.04811768
0.04811768
0.04811768
0.04811768
0.04811768
0.04811768
0.04811768
0.04811768
0.04811768
0.04811768
0.04811768
0.04811768
0.04811768
0.04811768
0.04811768
0.04811768
0.04811768
0.04811768
0.04811768
0.04811768
0.04811768
0.04811768
0.04811768
0.04811768
0.04811768
0.04811768
0.04811768
0.04811768
0.04811768
0.04811768
0.04811768
0.04811768
0.04811768
0.04811768
0.04811768
0.04811768
0.04811768
0.04811768
0.04811768
0.04811768
0.04811768
0.04811768
0.04811768
0.04811768
0.04811768
0.04811768
0.04811768
0.04811768
0.04811768
0.04811768
0.04811768
0.04811768
0.04811768
0.04811768
0.04811768
0.04811768
0.04811768
0.02477401
0.02415317
0.02356269
0.02300030
0.02246437
0.02195341
0.02146518
0.02116626
0.02107546
0.02104636
0.02104629
0.02104622
0.02104621
0.02104644
0.02104670
0.02209165
0.02170661
0.02133476
0.02097544
0.02062802
0.02029193
0.01996660
0.01965155
0.01940004
0.01940004
0.01940004
0.01940004
0.01940004
0.01940004
0.01940004
0.01940004
0.01940004
0.01940004
0.01940004
0.01940004
0.01940004
0.01940004
0.01940004
0.01940004
0.01940004
0.01940211
0.01940457
0.01940702
0.01940948
0.01941194
0.01941440
0.01941686
0.01941932
0.01942178
0.01942424
0.01942670
0.01942916
0.01943158
0.01943400
0.01943642
0.01943884
0.01944212
0.01944673
0.01945135
0.01945597
0.01946059
0.01946521
0.01946984
0.01947447
0.01947909
0.01948371
0.01948833
0.01949295
0.01949758
0.01950221
0.01950683
0.01951146
0.01951610
0.01952074
0.01952578
0.01953918
0.01955246
0.01956949
0.01958826
0.01960706
0.01962590
0.01964478
0.01966370
0.01968265
0.01970157
0.01972038
0.01973922
0.01966517
0.01964306
0.01962214
0.01960539
0.01958867
0.01957197
0.01955531
0.01953867
0.01952367
0.01951797
0.01951228
0.01950660
0.01950091
0.01949523
0.01948955
0.01948388
0.01947930
0.01947526
0.01947123
0.01946720
0.01946317
0.01945914
0.01945511
0.01945109
0.01944707
0.01944304
0.01943902
0.01943501
0.01943099
0.01942697
0.01942296
0.01941895
0.01941494
0.01941093
0.01940692
0.01940292
0.01940004
0.01940004
0.01940004
0.01940004
0.01940004
0.01940004
0.01940004
0.01940004
0.01940004
0.01940004
0.01940004
0.01940004
0.01940004
0.01940004
0.01940004
0.01940004
0.01940004
0.01940004
0.01940004
0.01940004
0.01940004
0.01940004
0.01940004
0.01940004
0.01940004
0.01940004
0.01940004
0.01944722
0.01975287
0.02006829
0.02039394
0.02073033
0.02107788
0.02143741
0.02180942
0.02105370
0.02105344
0.02105319
0.02105300
0.02105306
0.02105313
0.02105906
0.02110032
0.02122510
0.02160759
0.02209786
0.02261090
0.02314778
0.02371067
0.02430155
0.02492263
0.04761581
0.04761581
0.04761581
0.04761581
0.04761581
0.04761581
0.04761581
0.04761581
0.04761581
0.04761581
0.04761581
0.04761581
0.04761581
0.04761581
0.04761581
0.04761581
0.04761581
0.04761581
0.04761581
0.04761581
0.04761581
0.04761581
0.04761581
0.04761581
0.04761581
0.04761581
0.04761581
0.04761581
0.04761581
0.04761581
0.04761581
0.04761581
0.04761581
0.04761581
0.04761581
0.04761581
0.04761581
0.04761581
0.04761581
0.04761581
0.04761581
0.04761581
0.04761581
0.04761581
0.04761581
0.04761581
0.04761581
0.04761581
0.04761581
0.04761581
0.04761581
0.04761581
0.04761581
0.04761581
0.04761581
0.04761581
0.04761581
0.04761581
0.04761581
0.04761581
0.04761581
0.04761581
0.04761581
0.04761581
0.04761581
0.04761581
0.04761581
0.04761581
0.04761581
0.04761581
0.04761581
0.04761581
0.04761581
0.04761581
0.04761581
0.04761581
0.04761581
0.04761581
0.04761581
0.04761581
0.04761581
0.04761581
0.02479071
0.02416904
0.02357779
0.02301468
0.02247802
0.02196645
0.02147765
0.02117423
0.02108262
0.02105318
0.02105311
0.02105304
0.02105304
0.02105326
0.02105352
0.02209165
0.02170661
0.02133476
0.02097544
0.02062802
0.02029193
0.01996660
0.01965167
0.01940004
0.01940004
0.01940004
0.01940004
0.01940004
0.01940004
0.01940004
0.01940004
0.01940004
0.01940004
0.01940004
0.01940004
0.01940004
0.01940004
0.01940004
0.01940004
0.01940004
0.01940004
0.01940004
0.01940004
0.01940004
0.01940004
0.01940004
0.01940004
0.01940004
0.01940004
0.01940225
0.01940471
0.01940716
0.01940962
0.01941208
0.01941452
0.01941694
0.01942028
0.01942488
0.01942949
0.01943409
0.01943870
0.01944332
0.01944793
0.01945255
0.01945717
0.01946179
0.01946641
0.01947102
0.01947564
0.01948026
0.01948487
0.01948950
0.01949412
0.01949874
0.01950337
0.01950800
0.01951264
0.01951839
0.01952466
0.01954302
0.01956174
0.01958049
0.01959928
0.01961811
0.01963698
0.01965588
0.01967466
0.01960018
0.01957821
0.01955840
0.01954176
0.01952514
0.01951885
0.01951316
0.01950747
0.01950179
0.01949611
0.01949043
0.01948475
0.01947908
0.01947342
0.01946775
0.01946209
0.01945739
0.01945336
0.01944934
0.01944532
0.01944130
0.01943727
0.01943326
0.01942924
0.01942523
0.01942122
0.01941720
0.01941320
0.01940919
0.01940518
0.01940118
0.01940004
0.01940004
0.01940004
0.01940004
0.01940004
0.01940004
0.01940004
0.01940004
0.01940004
0.01940004
0.01940004
0.01940004
0.01940004
0.01940004
0.01940004
0.01940004
0.01940004
0.01940004
0.01940004
0.01940004
0.01940004
0.01940004
0.01940004
0.01940004
0.01940004
0.01940004
0.01940004
0.01940004
0.01940004
0.01940004
0.01940004
0.01940004
0.01944722
0.01975287
0.02006829
0.02039394
0.02073033
0.02107788
0.02143741
0.02180942
0.02106052
0.02106027
0.02106001
0.02105984
0.02105988
0.02105996
0.02106627
0.02110809
0.02123457
0.02162017
0.02211101
0.02262465
0.02316218
0.02372579
0.02431743
0.02493933
0.04712430
0.04712430
0.04712430
0.04712430
0.04712430
0.04712430
0.04712430
0.04712430
0.04712430
0.04712430
0.04712430
0.04712430
0.04712430
0.04712430
0.04712430
0.04712430
0.04712430
0.04712430
0.04712430
0.04712430
0.04712430
0.04712430
0.04712430
0.04712430
0.04712430
0.04712430
0.04712430
0.04712430
0.04712430
0.04712430
0.04712430
0.04712430
0.04712430
0.04712430
0.04712430
0.04712430
0.04712430
0.04712430
0.04712430
0.04712430
0.04712430
0.04712430
0.04712430
0.04712430
0.04712430
0.04712430
0.04712430
0.04712430
0.04712430
0.04712430
0.04712430
0.04712430
0.04712430
0.04712430
0.04712430
0.04712430
0.04712430
0.04712430
0.04712430
0.04712430
0.04712430
0.04712430
0.04712430
0.04712430
0.04712430
0.04712430
0.04712430
0.04712430
0.04712430
0.04712430
0.04712430
0.04712430
0.04712430
0.04712430
0.04712430
0.04712430
0.04712430
0.04712430
0.04712430
0.04712430
0.04712430
0.04712430
0.02480743
0.02418493
0.02359291
0.02302908
0.02249169
0.02197951
0.02149013
0.02118221
0.02108980
0.02106001
0.02105994
0.02105986
0.02105987
0.02106008
0.02106034
0.02209165
0.02170661
0.02133476
0.02097544
0.02062802
0.02029193
0.01996660
0.01965167
0.01940004
0.01940004
0.01940004
0.01940004
0.01940004
0.01940004
0.01940004
0.01940004
0.01940004
0.01940004
0.01940004
0.01940004
0.01940004
0.01940004
0.01940004
0.01940004
0.01940004
0.01940004
0.01940004
0.01940004
0.01940004
0.01940004
0.01940004
0.01940004
0.01940004
0.01940004
0.01940004
0.01940004
0.01940004
0.01940004
0.01940004
0.01940004
0.01940004
0.01940004
0.01940308
0.01940767
0.01941227
0.01941687
0.01942148
0.01942608
0.01943069
0.01943530
0.01943991
0.01944452
0.01944914
0.01945375
0.01945836
0.01946296
0.01946758
0.01947219
0.01947680
0.01948142
0.01948604
0.01949066
0.01949657
0.01950294
0.01950926
0.01951552
0.01952178
0.01953530
0.01955400
0.01957274
0.01959151
0.01961033
0.01953580
0.01952059
0.01951406
0.01950835
0.01950266
0.01949698
0.01949130
0.01948563
0.01947995
0.01947429
0.01946862
0.01946296
0.01945730
0.01945165
0.01944600
0.01944035
0.01943552
0.01943151
0.01942750
0.01942348
0.01941947
0.01941546
0.01941145
0.01940744
0.01940344
0.01940004
0.01940004
0.01940004
0.01940004
0.01940004
0.01940004
0.01940004
0.01940004
0.01940004
0.01940004
0.01940004
0.01940004
0.01940004
0.01940004
0.01940004
0.01940004
0.01940004
0.01940004
0.01940004
0.01940004
0.01940004
0.01940004
0.01940004
0.01940004
0.01940004
0.01940004
0.01940004
0.01940004
0.01940004
0.01940004
0.01940004
0.01940004
0.01940004
0.01940004
0.01940004
0.01940004
0.01940004
0.01940004
0.01944722
0.01975287
0.02006829
0.02039394
0.02073033
0.02107788
0.02143741
0.02180942
0.02106735
0.02106709
0.02106683
0.02106667
0.02106671
0.02106678
0.02107347
0.02111586
0.02124405
0.02163276
0.02212418
0.02263839
0.02317659
0.02374092
0.02433332
0.02495605
0.04664281
0.04664281
0.04664281
0.04664281
0.04664281
0.04664281
0.04664281
0.04664281
0.04664281
0.04664281
0.04664281
0.04664281
0.04664281
0.04664281
0.04664281
0.04664281
0.04664281
0.04664281
0.04664281
0.04664281
0.04664281
0.04664281
0.04664281
0.04664281
0.04664281
0.04664281
0.04664281
0.04664281
0.04664281
0.04664281
0.04664281
0.04664281
0.04664281
0.04664281
0.04664281
0.04664281
0.04664281
0.04664281
0.04664281
0.04664281
0.04664281
0.04664281
0.04664281
0.04664281
0.04664281
0.04664281
0.04664281
0.04664281
0.04664281
0.04664281
0.04664281
0.04664281
0.04664281
0.04664281
0.04664281
0.04664281
0.04664281
0.04664281
0.04664281
0.04664281
0.04664281
0.04664281
0.04664281
0.04664281
0.04664281
0.04664281
0.04664281
0.04664281
0.04664281
0.04664281
0.04664281
0.04664281
0.04664281
0.04664281
0.04664281
0.04664281
0.04664281
0.04664281
0.04664281
0.04664281
0.04664281
0.04664281
0.02482417
0.02420084
0.02360806
0.02304349
0.02250538
0.02199258
0.02150263
0.02119020
0.02109697
0.02106684
0.02106676
0.02106669
0.02106671
0.02106691
0.02106716
0.02209165
0.02170661
0.02133476
0.02097544
0.02062802
0.02029193
0.01996673
0.01965167
0.01940004
0.01940004
0.01940004
0.01940004
0.01940004
0.01940004
0.01940004
0.01940004
0.01940004
0.01940004
0.01940004
0.01940004
0.01940004
0.01940004
0.01940004
0.01940004
0.01940004
0.01940004
0.01940004
0.01940004
0.01940004
0.01940004
0.01940004
0.01940004
0.01940004
0.01940004
0.01940004
0.01940004
0.01940004
0.01940004
0.01940004
0.01940004
0.01940004
0.01940004
0.01940004
0.01940004
0.01940004
0.01940004
0.01940004
0.01940428
0.01940887
0.01941347
0.01941807
0.01942267
0.01942728
0.01943189
0.01943650
0.01944110
0.01944570
0.01945031
0.01945491
0.01945952
0.01946413
0.01946874
0.01947479
0.01948115
0.01948751
0.01949388
0.01950013
0.01950638
0.01951264
0.01951890
0.01952758
0.01954626
0.01950634
0.01949901
0.01949230
0.01948661
0.01948093
0.01947524
0.01946956
0.01946389
0.01945821
0.01945254
0.01944688
0.01944122
0.01943557
0.01942993
0.01942429
0.01941866
0.01941371
0.01940971
0.01940570
0.01940170
0.01940004
0.01940004
0.01940004
0.01940004
0.01940004
0.01940004
0.01940004
0.01940004
0.01940004
0.01940004
0.01940004
0.01940004
0.01940004
0.01940004
0.01940004
0.01940004
0.01940004
0.01940004
0.01940004
0.01940004
0.01940004
0.01940004
0.02765523
0.02766372
0.02767221
0.02768070
0.01940004
0.01940004
0.01940004
0.01940004
0.01940004
0.01940004
0.01940004
0.01940004
0.01940004
0.01940004
0.01940004
0.01940004
0.01940004
0.01940004
0.01940004
0.01940004
0.01940004
0.01944722
0.01975287
0.02006829
0.02039394
0.02073033
0.02107788
0.02143741
0.02180942
0.02107418
0.02107392
0.02107366
0.02107351
0.02107354
0.02107362
0.02108068
0.02112363
0.02125354
0.02164536
0.02213736
0.02265216
0.02319102
0.02375607
0.02434924
0.02497279
0.04617108
0.04617107
0.04617107
0.04617107
0.04617107
0.04617107
0.04617107
0.04617107
0.04617107
0.04617107
0.04617107
0.04617107
0.04617107
0.04617107
0.04617107
0.04617107
0.04617107
0.04617107
0.04617107
0.04617107
0.04617107
0.04617107
0.04617107
0.04617107
0.04617107
0.04617107
0.04617107
0.04617107
0.04617107
0.04617107
0.04617107
0.04617107
0.04617107
0.04617107
0.04617107
0.04617107
0.04617107
0.04617107
0.04617107
0.04617107
0.04617107
0.04617107
0.04617107
0.04617107
0.04617107
0.04617107
0.04617107
0.04617107
0.04617107
0.04617107
0.04617107
0.04617107
0.04617107
0.04617107
0.04617107
0.04617107
0.04617107
0.04617107
0.04617107
0.04617107
0.04617107
0.04617107
0.04617107
0.04617107
0.04617107
0.04617107
0.04617107
0.04617107
0.04617107
0.04617107
0.04617107
0.04617107
0.04617107
0.04617107
0.04617107
0.04617107
0.04617107
0.04617107
0.04617107
0.04617107
0.04617107
0.04617107
0.02484093
0.02421678
0.02362322
0.02305792
0.02251909
0.02200567
0.02151514
0.02119820
0.02110415
0.02107367
0.02107359
0.02107352
0.02107355
0.02107373
0.02107399
0.02209165
0.02170661
0.02133476
0.02097544
0.02062802
0.02029193
0.01996673
0.01965167
0.01940004
0.01940004
0.01940004
0.01940004
0.01940004
0.01940004
0.01940004
0.01940004
0.01940004
0.01940004
0.01940004
0.01940004
0.01940004
0.01940004
0.01940004
0.01940004
0.01940004
0.01940004
0.02767961
0.02767112
0.02766263
0.02765414
0.02764567
0.02763719
0.01940004
0.01940004
0.01940004
0.01940004
0.01940004
0.01940004
0.01940004
0.01940004
0.01940004
0.01940004
0.01940004
0.01940004
0.01940004
0.01940004
0.01940004
0.01940004
0.01940004
0.01940004
0.01940004
0.01940088
0.01940547
0.01941007
0.01941467
0.01941927
0.01942387
0.01942847
0.01943307
0.01943767
0.01944227
0.01944687
0.01945307
0.01945941
0.01946576
0.01947211
0.01947847
0.01948477
0.01949101
0.01949725
0.01950351
0.01950976
0.01948479
0.01947747
0.01947060
0.01946492
0.01945925
0.01945357
0.01944791
0.01944224
0.01943658
0.01943093
0.01942527
0.01941962
0.01941397
0.01940833
0.01940268
0.01940004
0.01940004
0.01940004
0.01940004
0.01940004
0.01940004
0.01940004
0.01940004
0.01940004
0.01940004
0.01940004
0.01940004
0.01940004
0.01940004
0.01940004
0.01940004
0.01940004
0.01940004
0.01940004
0.01940004
0.01940004
0.01940004
0.02761318
0.02762159
0.02763000
0.02763842
0.02764683
0.02765526
0.02766371
0.02767221
0.02768070
0.01940004
0.01940004
0.01940004
0.01940004
0.01940004
0.01940004
0.01940004
0.01940004
0.01940004
0.01940004
0.01940004
0.01940004
0.01940004
0.01940004
0.01940004
0.01940004
0.01940004
0.01944722
0.01975286
0.02006829
0.02039394
0.02073020
0.02107788
0.02143741
0.02180942
0.02108101
0.02108075
0.02108050
0.02108036
0.02108038
0.02108045
0.02108790
0.02113141
0.02126304
0.02165798
0.02215056
0.02266594
0.02320546
0.02377125
0.02436518
0.02498956
0.04570878
0.04570878
0.04570878
0.04570878
0.04570878
0.04570878
0.04570878
0.04570878
0.04570878
0.04570878
0.04570878
0.04570878
0.04570878
0.04570878
0.04570878
0.04570878
0.04570878
0.04570878
0.04570878
0.04570878
0.04570878
0.04570878
0.04570878
0.04570878
0.04570878
0.04570878
0.04570878
0.04570878
0.04570878
0.04570878
0.04570878
0.04570878
0.04570878
0.04570878
0.04570878
0.04570878
0.04570878
0.04570878
0.04570878
0.04570878
0.04570878
0.04570878
0.04570878
0.04570878
0.04570878
0.04570878
0.04570878
0.04570878
0.04570878
0.04570878
0.04570878
0.04570878
0.04570878
0.04570878
0.04570878
0.04570878
0.04570878
0.04570878
0.04570878
0.04570878
0.04570878
0.04570878
0.04570878
0.04570878
0.04570878
0.04570878
0.04570878
0.04570878
0.04570878
0.04570878
0.04570878
0.04570878
0.04570878
0.04570878
0.04570878
0.04570878
0.04570878
0.04570878
0.04570878
0.04570878
0.04570878
0.04570878
0.02485771
0.02423273
0.02363840
0.02307237
0.02253282
0.02201878
0.02152767
0.02120620
0.02111134
0.02108051
0.02108043
0.02108036
0.02108040
0.02108057
0.02108083
0.02209165
0.02170661
0.02133476
0.02097544
0.02062802
0.02029205
0.01996673
0.01965167
0.01940004
0.01940004
0.01940004
0.01940004
0.01940004
0.01940004
0.01940004
0.01940004
0.01940004
0.01940004
0.01940004
0.01940004
0.01940004
0.01940004
0.01940004
0.01940004
0.01940004
0.01940004
0.02767960
0.02767111
0.02766262
0.02765414
0.02764566
0.02763718
0.02762871
0.02762025
0.02761184
0.02760344
0.02759504
0.02758664
0.01940004
0.01940004
0.01940004
0.01940004
0.01940004
0.01940004
0.01940004
0.01940004
0.01940004
0.01940004
0.01940004
0.01940004
0.01940004
0.01940004
0.01940004
0.01940004
0.01940004
0.01940004
0.01940207
0.01940667
0.01941127
0.01941586
0.01942045
0.01942506
0.01943139
0.01943772
0.01944405
0.01945039
0.01945673
0.01946308
0.01946943
0.01947566
0.01948190
0.01948814
0.01946328
0.01945598
0.01944894
0.01944327
0.01943761
0.01943196
0.01942630
0.01942065
0.01941500
0.01940936
0.01940372
0.01940004
0.01940004
0.01940004
0.01940004
0.01940004
0.01940004
0.01940004
0.01940004
0.01940004
0.01940004
0.01940004
0.01940004
0.01940004
0.01940004
0.01940004
0.01940004
0.01940004
0.01940004
0.01940004
0.01940004
0.02756270
0.02757111
0.02757952
0.02758793
0.02759635
0.02760478
0.02761321
0.02762162
0.02763004
0.02763845
0.02764687
0.02765530
0.02766373
0.02767220
0.02768070
0.01940004
0.01940004
0.01940004
0.01940004
0.01940004
0.01940004
0.01940004
0.01940004
0.01940004
0.01940004
0.01940004
0.01940004
0.01940004
0.01940004
0.01940004
0.01940004
0.01940004
0.01944722
0.01975286
0.02006829
0.02039394
0.02073020
0.02107788
0.02143741
0.02180942
0.02108785
0.02108759
0.02108734
0.02108721
0.02108722
0.02108729
0.02109512
0.02113920
0.02127254
0.02167061
0.02216377
0.02267974
0.02321993
0.02378644
0.02438114
0.02500635
0.04525567
0.04525567
0.04525567
0.04525567
0.04525567
0.04525567
0.04525567
0.04525567
0.04525567
0.04525567
0.04525567
0.04525567
0.04525567
0.04525567
0.04525567
0.04525567
0.04525567
0.04525567
0.04525567
0.04525567
0.04525567
0.04525567
0.04525567
0.04525567
0.04525567
0.04525567
0.04525567
0.04525567
0.04525567
0.04525567
0.04525567
0.04525567
0.04525567
0.04525567
0.04525567
0.04525567
0.04525567
0.04525567
0.04525567
0.04525567
0.04525567
0.04525567
0.04525567
0.04525567
0.04525567
0.04525567
0.04525567
0.04525567
0.04525567
0.04525567
0.04525567
0.04525567
0.04525567
0.04525567
0.04525567
0.04525567
0.04525567
0.04525567
0.04525567
0.04525567
0.04525567
0.04525567
0.04525567
0.04525567
0.04525567
0.04525567
0.04525567
0.04525567
0.04525567
0.04525567
0.04525567
0.04525567
0.04525567
0.04525567
0.04525567
0.04525567
0.04525567
0.04525567
0.04525567
0.04525567
0.04525567
0.04525567
0.02487453
0.02424870
0.02365360
0.02308684
0.02254661
0.02203190
0.02154021
0.02121421
0.02111853
0.02108735
0.02108728
0.02108720
0.02108725
0.02108741
0.02108767
0.02209165
0.02170661
0.02133476
0.02097544
0.02062802
0.02029205
0.01996673
0.01965167
0.01940004
0.01940004
0.01940004
0.01940004
0.01940004
0.01940004
0.01940004
0.01940004
0.01940004
0.01940004
0.01940004
0.01940004
0.01940004
0.01940004
0.01940004
0.01940004
0.01940004
0.01940004
0.02767959
0.02767110
0.02766261
0.02765413
0.02764565
0.02763717
0.02762870
0.02762029
0.02761188
0.02760347
0.02759508
0.02758668
0.02757829
0.02756991
0.02756152
0.02755311
0.01940004
0.01940004
0.01940004
0.01940004
0.01940004
0.01940004
0.01940004
0.01940004
0.01940004
0.01940004
0.01940004
0.01940004
0.01940004
0.01940004
0.01940004
0.01940004
0.01940004
0.01940004
0.01940004
0.01940344
0.01940976
0.01941607
0.01942239
0.01942872
0.01943505
0.01944138
0.01944772
0.01945406
0.01946033
0.01946656
0.01944182
0.01943455
0.01942733
0.01942168
0.01941603
0.01941038
0.01940474
0.01940004
0.01940004
0.01940004
0.01940004
0.01940004
0.01940004
0.01940004
0.01940004
0.01940004
0.01940004
0.01940004
0.01940004
0.01940004
0.01940004
0.01940004
0.01940004
0.01940004
0.01940004
0.01940004
0.02752077
0.02752915
0.02753753
0.02754592
0.02755432
0.02756271
0.02757112
0.02757953
0.02758794
0.02759636
0.02760479
0.02761322
0.02762165
0.02763007
0.02763849
0.02764691
0.02765534
0.02766377
0.02767220
0.02768070
0.01940004
0.01940004
0.01940004
0.01940004
0.01940004
0.01940004
0.01940004
0.01940004
0.01940004
0.01940004
0.01940004
0.01940004
0.01940004
0.01940004
0.01940004
0.01940004
0.01940004
0.01944722
0.01975287
0.02006829
0.02039394
0.02073020
0.02107788
0.02143741
0.02180942
0.02109469
0.02109443
0.02109420
0.02109407
0.02109407
0.02109414
0.02110235
0.02114699
0.02128205
0.02168325
0.02217700
0.02269356
0.02323441
0.02380165
0.02439712
0.02502316
0.04481144
0.04481144
0.04481144
0.04481144
0.04481144
0.04481145
0.04481145
0.04481145
0.04481145
0.04481145
0.04481145
0.04481145
0.04481145
0.04481145
0.04481144
0.04481144
0.04481144
0.04481144
0.04481144
0.04481144
0.04481144
0.04481144
0.04481144
0.04481144
0.04481144
0.04481144
0.04481144
0.04481144
0.04481144
0.04481144
0.04481144
0.04481144
0.04481144
0.04481144
0.04481144
0.04481144
0.04481144
0.04481144
0.04481144
0.04481144
0.04481144
0.04481144
0.04481144
0.04481144
0.04481144
0.04481144
0.04481144
0.04481144
0.04481144
0.04481144
0.04481144
0.04481144
0.04481144
0.04481144
0.04481144
0.04481144
0.04481144
0.04481144
0.04481144
0.04481144
0.04481144
0.04481144
0.04481144
0.04481144
0.04481144
0.04481144
0.04481144
0.04481144
0.04481144
0.04481144
0.04481144
0.04481144
0.04481144
0.04481144
0.04481144
0.04481144
0.04481144
0.04481144
0.04481144
0.04481144
0.04481144
0.04481144
0.02489136
0.02426470
0.02366880
0.02310133
0.02256043
0.02204503
0.02155276
0.02122222
0.02112572
0.02109420
0.02109412
0.02109405
0.02109410
0.02109425
0.02109451
0.02209165
0.02170661
0.02133476
0.02097544
0.02062802
0.02029205
0.01996673
0.01965167
0.01940004
0.01940004
0.01940004
0.01940004
0.01940004
0.01940004
0.01940004
0.01940004
0.01940004
0.01940004
0.01940004
0.01940004
0.01940004
0.01940004
0.01940004
0.01940004
0.01940004
0.01940004
0.02767958
0.02767109
0.02766260
0.02765412
0.02764564
0.02763716
0.02762873
0.02762032
0.02761191
0.02760351
0.02759511
0.02758671
0.02757832
0.02756994
0.02756151
0.02755310
0.02754469
0.02753629
0.02752789
0.02751950
0.02751112
0.01940004
0.01940004
0.01940004
0.01940004
0.01940004
0.01940004
0.01940004
0.01940004
0.01940004
0.01940004
0.01940004
0.01940004
0.01940004
0.01940004
0.01940004
0.01940004
0.01940004
0.01940078
0.01940710
0.01941341
0.01941973
0.01942606
0.01943238
0.01943871
0.01944503
0.01942041
0.01941315
0.01940589
0.01940013
0.01940004
0.01940004
0.01940004
0.01940004
0.01940004
0.01940004
0.01940004
0.01940004
0.01940004
0.01940004
0.01940004
0.01940004
0.01940004
0.01940004
0.01940004
0.01940004
0.02747058
0.02747894
0.02748730
0.02749567
0.02750404
0.02751241
0.02752078
0.02752916
0.02753754
0.02754593
0.02755433
0.02756272
0.02757113
0.02757954
0.02758795
0.02759637
0.02760480
0.02761323
0.02762166
0.02763011
0.02763852
0.02764695
0.02765537
0.02766381
0.02767224
0.02768069
0.01940004
0.01940004
0.01940004
0.01940004
0.01940004
0.01940004
0.01940004
0.01940004
0.01940004
0.01940004
0.01940004
0.01940004
0.01940004
0.01940004
0.01940004
0.01940004
0.01940004
0.01944722
0.01975287
0.02006829
0.02039394
0.02073020
0.02107788
0.02143741
0.02180942
0.02110154
0.02110128
0.02110106
0.02110093
0.02110092
0.02110099
0.02110958
0.02115479
0.02129157
0.02169591
0.02219024
0.02270739
0.02324891
0.02381688
0.02441313
0.02504000
0.04437584
0.04437584
0.04437584
0.04437584
0.04437584
0.04437584
0.04437584
0.04437584
0.04437584
0.04437584
0.04437584
0.04437584
0.04437584
0.04437584
0.04437584
0.04437584
0.04437584
0.04437584
0.04437584
0.04437584
0.04437584
0.04437584
0.04437584
0.04437584
0.04437584
0.04437584
0.04437584
0.04437584
0.04437584
0.04437584
0.04437584
0.04437584
0.04437584
0.04437584
0.04437584
0.04437584
0.04437584
0.04437584
0.04437584
0.04437584
0.04437584
0.04437584
0.04437584
0.04437584
0.04437584
0.04437584
0.04437584
0.04437584
0.04437584
0.04437584
0.04437584
0.04437584
0.04437584
0.04437584
0.04437584
0.04437584
0.04437584
0.04437584
0.04437584
0.04437584
0.04437584
0.04437584
0.04437584
0.04437584
0.04437584
0.04437584
0.04437584
0.04437584
0.04437584
0.04437584
0.04437584
0.04437584
0.04437584
0.04437584
0.04437584
0.04437584
0.04437584
0.04437584
0.04437584
0.04437584
0.04437584
0.04437584
0.02490821
0.02428072
0.02368403
0.02311583
0.02257426
0.02205818
0.02156533
0.02123024
0.02113292
0.02110105
0.02110097
0.02110090
0.02110096
0.02110110
0.02110135
0.02209165
0.02170661
0.02133476
0.02097544
0.02062815
0.02029205
0.01996673
0.01965167
0.01940004
0.01940004
0.01940004
0.01940004
0.01940004
0.01940004
0.01940004
0.01940004
0.01940004
0.01940004
0.01940004
0.01940004
0.01940004
0.01940004
0.01940004
0.01940004
0.01940004
0.01940004
0.02767958
0.02767108
0.02766259
0.02765411
0.02764563
0.02763718
0.02762877
0.02762035
0.02761194
0.02760354
0.02759514
0.02758675
0.02757835
0.02756992
0.02756150
0.02755309
0.02754468
0.02753628
0.02752788
0.02751950
0.02751113
0.02750276
0.02749440
0.02748604
0.02747769
0.01940004
0.01940004
0.01940004
0.01940004
0.01940004
0.01940004
0.01940004
0.01940004
0.01940004
0.01940004
0.01940004
0.01940004
0.01940004
0.01940004
0.01940004
0.01940004
0.01940004
0.01940444
0.01941075
0.01941707
0.01942339
0.01940004
0.01940004
0.01940004
0.01940004
0.01940004
0.01940004
0.01940004
0.01940004
0.01940004
0.01940004
0.01940004
0.01940004
0.01940004
0.01940004
0.01940004
0.02742885
0.02743718
0.02744552
0.02745387
0.02746222
0.02747058
0.02747893
0.02748730
0.02749567
0.02750404
0.02751242
0.02752079
0.02752917
0.02753755
0.02754594
0.02755433
0.02756273
0.02757114
0.02757955
0.02758796
0.02759638
0.02760481
0.02761324
0.02762167
0.02763011
0.02763856
0.02764698
0.02765541
0.02766384
0.02767228
0.02768072
0.01940004
0.01940004
0.01940004
0.01940004
0.01940004
0.01940004
0.01940004
0.01940004
0.01940004
0.01940004
0.01940004
0.01940004
0.01940004
0.01940004
0.01940004
0.01940004
0.01940004
0.01944722
0.01975287
0.02006829
0.02039394
0.02073020
0.02107788
0.02143741
0.02180942
0.02110839
0.02110813
0.02110793
0.02110779
0.02110777
0.02110785
0.02111682
0.02116260
0.02130110
0.02170859
0.02220351
0.02272124
0.02326343
0.02383213
0.02442915
0.02505686
0.04394863
0.04394863
0.04394863
0.04394863
0.04394863
0.04394863
0.04394863
0.04394863
0.04394863
0.04394863
0.04394863
0.04394863
0.04394863
0.04394863
0.04394863
0.04394864
0.04394864
0.04394864
0.04394864
0.04394864
0.04394864
0.04394864
0.04394864
0.04394863
0.04394863
0.04394863
0.04394863
0.04394863
0.04394863
0.04394863
0.04394863
0.04394863
0.04394863
0.04394863
0.04394863
0.04394863
0.04394863
0.04394863
0.04394863
0.04394863
0.04394863
0.04394863
0.04394863
0.04394863
0.04394863
0.04394863
0.04394863
0.04394863
0.04394863
0.04394863
0.04394863
0.04394863
0.04394863
0.04394863
0.04394863
0.04394863
0.04394863
0.04394863
0.04394863
0.04394863
0.04394863
0.04394863
0.04394863
0.04394863
0.04394863
0.04394863
0.04394863
0.04394863
0.04394863
0.04394863
0.04394863
0.04394863
0.04394863
0.04394863
0.04394863
0.04394863
0.04394863
0.04394863
0.04394863
0.04394863
0.04394863
0.04394863
0.02492509
0.02429676
0.02369927
0.02313036
0.02258811
0.02207135
0.02157792
0.02123826
0.02114012
0.02110791
0.02110783
0.02110776
0.02110783
0.02110796
0.02110821
0.02209165
0.02170661
0.02133476
0.02097544
0.02062815
0.02029205
0.01996673
0.01965167
0.01940004
0.01940004
0.01940004
0.01940004
0.01940004
0.01940004
0.01940004
0.01940004
0.01940004
0.01940004
0.01940004
0.01940004
0.01940004
0.01940004
0.01940004
0.01940004
0.01940004
0.01940004
0.02767957
0.02767107
0.02766258
0.02765410
0.02764564
0.02763722
0.02762880
0.02762038
0.02761198
0.02760357
0.02759517
0.02758676
0.02757833
0.02756991
0.02756149
0.02755308
0.02754467
0.02753627
0.02752788
0.02751951
0.02751114
0.02750277
0.02749441
0.02748606
0.02747771
0.02746936
0.02746102
0.02745268
0.02744435
0.01940004
0.01940004
0.01940004
0.01940004
0.01940004
0.01940004
0.01940004
0.01940004
0.01940004
0.01940004
0.01940004
0.01940004
0.01940004
0.01940004
0.01940004
0.01940004
0.01940178
0.01940004
0.01940004
0.01940004
0.01940004
0.01940004
0.01940004
0.01940004
0.01940004
0.01940004
0.01940004
0.02738724
0.02739555
0.02740387
0.02741219
0.02742052
0.02742885
0.02743718
0.02744552
0.02745386
0.02746221
0.02747057
0.02747893
0.02748729
0.02749566
0.02750404
0.02751241
0.02752080
0.02752918
0.02753756
0.02754595
0.02755434
0.02756274
0.02757115
0.02757956
0.02758797
0.02759639
0.02760482
0.02761325
0.02762168
0.02763012
0.02763857
0.02764702
0.02765544
0.02766387
0.02767231
0.02768075
0.01940004
0.01940004
0.01940004
0.01940004
0.01940004
0.01940004
0.01940004
0.01940004
0.01940004
0.01940004
0.01940004
0.01940004
0.01940004
0.01940004
0.01940004
0.01940004
0.01940004
0.01944722
0.01975287
0.02006829
0.02039394
0.02073020
0.02107788
0.02143741
0.02180942
0.02111525
0.02111499
0.02111479
0.02111466
0.02111463
0.02111471
0.02112406
0.02117041
0.02131063
0.02172128
0.02221678
0.02273511
0.02327797
0.02384738
0.02444520
0.02507374
0.04352958
0.04352958
0.04352958
0.04352958
0.04352958
0.04352958
0.04352958
0.04352958
0.04352958
0.04352958
0.04352958
0.04352958
0.04352958
0.04352958
0.04352958
0.04352958
0.04352958
0.04352958
0.04352958
0.04352958
0.04352958
0.04352958
0.04352958
0.04352958
0.04352958
0.04352958
0.04352958
0.04352958
0.04352958
0.04352958
0.04352958
0.04352958
0.04352958
0.04352958
0.04352958
0.04352958
0.04352958
0.04352958
0.04352958
0.04352958
0.04352958
0.04352958
0.04352958
0.04352958
0.04352958
0.04352958
0.04352958
0.04352958
0.04352958
0.04352958
0.04352958
0.04352958
0.04352958
0.04352958
0.04352958
0.04352958
0.04352958
0.04352958
0.04352958
0.04352958
0.04352958
0.04352958
0.04352958
0.04352958
0.04352958
0.04352958
0.04352958
0.04352958
0.04352958
0.04352958
0.04352958
0.04352958
0.04352958
0.04352958
0.04352958
0.04352958
0.04352958
0.04352958
0.04352958
0.04352958
0.04352958
0.04352958
0.02494199
0.02431281
0.02371454
0.02314490
0.02260198
0.02208453
0.02159052
0.02124728
0.02114733
0.02111515
0.02111469
0.02111462
0.02111470
0.02111483
0.02111506
0.02209165
0.02170661
0.02133476
0.02097557
0.02062815
0.02029205
0.01996673
0.01965167
0.01940004
0.01940004
0.01940004
0.01940004
0.01940004
0.01940004
0.01940004
0.01940004
0.01940004
0.01940004
0.01940004
0.01940004
0.01940004
0.01940004
0.01940004
0.01940004
0.01940004
0.01940004
0.02767956
0.02767107
0.02766258
0.02765411
0.02764567
0.02763725
0.02762883
0.02762042
0.02761201
0.02760360
0.02759519
0.02758675
0.02757833
0.02756990
0.02756148
0.02755307
0.02754466
0.02753628
0.02752790
0.02751952
0.02751115
0.02750278
0.02749442
0.02748607
0.02747772
0.02746937
0.02746103
0.02745270
0.02744436
0.02743604
0.02742772
0.02741940
0.02741109
0.02740278
0.01940004
0.01940004
0.01940004
0.01940004
0.01940004
0.01940004
0.01940004
0.01940004
0.01940004
0.01940004
0.01940004
0.01940004
0.01940004
0.01940004
0.01940004
0.01940004
0.01940004
0.01940004
0.01940004
0.02736231
0.02737061
0.02737891
0.02738722
0.02739554
0.02740386
0.02741218
0.02742051
0.02742884
0.02743717
0.02744551
0.02745386
0.02746221
0.02747056
0.02747892
0.02748729
0.02749565
0.02750403
0.02751241
0.02752079
0.02752918
0.02753757
0.02754596
0.02755435
0.02756275
0.02757116
0.02757956
0.02758798
0.02759640
0.02760483
0.02761326
0.02762169
0.02763013
0.02763858
0.02764703
0.02765548
0.02766391
0.02767235
0.02768079
0.01940004
0.01940004
0.01940004
0.01940004
0.01940004
0.01940004
0.01940004
0.01940004
0.01940004
0.01940004
0.01940004
0.01940004
0.01940004
0.01940004
0.01940004
0.01940004
0.01940004
0.01944722
0.01975287
0.02006829
0.02039394
0.02073020
0.02107788
0.02143741
0.02180942
0.02112211
0.02112185
0.02112167
0.02112154
0.02112150
0.02112157
0.02113130
0.02117823
0.02132018
0.02173398
0.02223007
0.02274900
0.02329252
0.02386266
0.02446127
0.02509064
0.04311845
0.04311845
0.04311845
0.04311845
0.04311845
0.04311845
0.04311845
0.04311845
0.04311845
0.04311845
0.04311845
0.04311845
0.04311845
0.04311845
0.04311845
0.04311845
0.04311845
0.04311845
0.04311845
0.04311845
0.04311845
0.04311845
0.04311845
0.04311845
0.04311845
0.04311845
0.04311845
0.04311845
0.04311845
0.04311845
0.04311845
0.04311845
0.04311845
0.04311845
0.04311845
0.04311845
0.04311845
0.04311845
0.04311845
0.04311845
0.04311845
0.04311845
0.04311845
0.04311845
0.04311845
0.04311845
0.04311845
0.04311845
0.04311845
0.04311845
0.04311845
0.04311845
0.04311845
0.04311845
0.04311845
0.04311845
0.04311845
0.04311845
0.04311845
0.04311845
0.04311845
0.04311845
0.04311845
0.04311845
0.04311845
0.04311845
0.04311845
0.04311845
0.04311845
0.04311845
0.04311845
0.04311845
0.04311845
0.04311845
0.04311845
0.04311845
0.04311845
0.04311845
0.04311845
0.04311845
0.04311845
0.04311845
0.02495892
0.02432890
0.02372982
0.02315946
0.02261586
0.02209773
0.02160313
0.02125675
0.02115454
0.02112239
0.02112155
0.02112148
0.02112157
0.02112170
0.02112192
0.02209165
0.02170661
0.02133476
0.02097557
0.02062815
0.02029205
0.01996673
0.01965167
0.01940004
0.01940004
0.01940004
0.01940004
0.01940004
0.01940004
0.01940004
0.01940004
0.01940004
0.01940004
0.01940004
0.01940004
0.01940004
0.01940004
0.01940004
0.01940004
0.01940004
0.01940004
0.02767955
0.02767106
0.02766258
0.02765414
0.02764571
0.02763728
0.02762886
0.02762045
0.02761204
0.02760362
0.02759518
0.02758675
0.02757832
0.02756989
0.02756147
0.02755307
0.02754468
0.02753629
0.02752791
0.02751953
0.02751116
0.02750279
0.02749443
0.02748607
0.02747772
0.02746938
0.02746104
0.02745271
0.02744438
0.02743605
0.02742773
0.02741942
0.02741111
0.02740279
0.02739445
0.02738611
0.02737778
0.02736946
0.01940004
0.01940004
0.01940004
0.01940004
0.01940004
0.01940004
0.01940004
0.01940004
0.01940004
0.01940004
0.01940004
0.01940004
0.02733753
0.02734578
0.02735405
0.02736232
0.02737059
0.02737889
0.02738721
0.02739552
0.02740384
0.02741216
0.02742050
0.02742883
0.02743717
0.02744551
0.02745386
0.02746220
0.02747056
0.02747892
0.02748728
0.02749565
0.02750403
0.02751241
0.02752079
0.02752917
0.02753757
0.02754597
0.02755436
0.02756276
0.02757117
0.02757958
0.02758799
0.02759641
0.02760483
0.02761327
0.02762170
0.02763014
0.02763859
0.02764704
0.02765549
0.02766395
0.02767239
0.02768082
0.01940004
0.01940004
0.01940004
0.01940004
0.01940004
0.01940004
0.01940004
0.01940004
0.01940004
0.01940004
0.01940004
0.01940004
0.01940004
0.01940004
0.01940004
0.01940004
0.01940004
0.01944722
0.01975287
0.02006829
0.02039394
0.02073020
0.02107788
0.02143741
0.02180942
0.02112897
0.02112871
0.02112854
0.02112841
0.02112837
0.02112844
0.02113856
0.02118605
0.02132974
0.02174670
0.02224338
0.02276290
0.02330710
0.02387795
0.02447735
0.02510756
0.04271499
0.04271499
0.04271499
0.04271499
0.04271499
0.04271499
0.04271499
0.04271499
0.04271499
0.04271499
0.04271499
0.04271499
0.04271499
0.04271499
0.04271499
0.04271499
0.04271499
0.04271499
0.04271499
0.04271499
0.04271499
0.04271499
0.04271499
0.04271499
0.04271499
0.04271499
0.04271499
0.04271499
0.04271499
0.04271499
0.04271499
0.04271499
0.04271499
0.04271499
0.04271499
0.04271499
0.04271499
0.04271499
0.04271499
0.04271499
0.04271499
0.04271499
0.04271499
0.04271499
0.04271499
0.04271499
0.04271499
0.04271499
0.04271499
0.04271499
0.04271499
0.04271499
0.04271499
0.04271499
0.04271499
0.04271499
0.04271499
0.04271499
0.04271499
0.04271499
0.04271499
0.04271499
0.04271499
0.04271499
0.04271499
0.04271499
0.04271499
0.04271499
0.04271499
0.04271499
0.04271499
0.04271499
0.04271499
0.04271499
0.04271499
0.04271499
0.04271499
0.04271499
0.04271499
0.04271499
0.04271499
0.04271499
0.02497586
0.02434499
0.02374513
0.02317403
0.02262976
0.02211094
0.02161576
0.02126623
0.02116177
0.02112963
0.02112842
0.02112835
0.02112844
0.02112858
0.02112878
0.02209165
0.02170661
0.02133489
0.02097557
0.02062815
0.02029205
0.01996673
0.01965167
0.01940004
0.01940004
0.01940004
0.01940004
0.01940004
0.01940004
0.01940004
0.01940004
0.01940004
0.01940004
0.01940004
0.01940004
0.01940004
0.01940004
0.01940004
0.01940004
0.01940004
0.01940004
0.02767954
0.02767105
0.02766261
0.02765417
0.02764574
0.02763731
0.02762890
0.02762048
0.02761205
0.02760361
0.02759517
0.02758674
0.02757830
0.02756988
0.02756148
0.02755308
0.02754468
0.02753630
0.02752791
0.02751954
0.02751117
0.02750281
0.02749445
0.02748609
0.02747774
0.02746940
0.02746105
0.02745272
0.02744438
0.02743606
0.02742774
0.02741942
0.02741108
0.02740273
0.02739439
0.02738605
0.02737772
0.02736939
0.02736108
0.02735279
0.02734449
0.02733620
0.01940004
0.01940004
0.01940004
0.01940004
0.01940004
0.02731282
0.02732105
0.02732931
0.02733756
0.02734582
0.02735408
0.02736235
0.02737063
0.02737891
0.02738719
0.02739551
0.02740383
0.02741215
0.02742048
0.02742881
0.02743715
0.02744550
0.02745385
0.02746220
0.02747055
0.02747891
0.02748728
0.02749564
0.02750402
0.02751240
0.02752079
0.02752917
0.02753756
0.02754597
0.02755437
0.02756277
0.02757118
0.02757959
0.02758800
0.02759642
0.02760484
0.02761328
0.02762171
0.02763015
0.02763860
0.02764705
0.02765550
0.02766396
0.02767242
0.02768086
0.01940004
0.01940004
0.01940004
0.01940004
0.01940004
0.01940004
0.01940004
0.01940004
0.01940004
0.01940004
0.01940004
0.01940004
0.01940004
0.01940004
0.01940004
0.01940004
0.01940004
0.01944722
0.01975287
0.02006829
0.02039394
0.02073020
0.02107788
0.02143741
0.02180942
0.02113584
0.02113558
0.02113542
0.02113529
0.02113524
0.02113531
0.02114581
0.02119387
0.02133930
0.02175944
0.02225670
0.02277682
0.02332169
0.02389327
0.02449346
0.02512452
0.04231903
0.04231903
0.04231903
0.04231903
0.04231903
0.04231903
0.04231903
0.04231903
0.04231903
0.04231903
0.04231903
0.04231903
0.04231903
0.04231903
0.04231903
0.04231903
0.04231903
0.04231903
0.04231903
0.04231903
0.04231903
0.04231903
0.04231903
0.04231903
0.04231903
0.04231903
0.04231903
0.04231903
0.04231903
0.04231903
0.04231903
0.04231903
0.04231903
0.04231903
0.04231903
0.04231903
0.04231903
0.04231903
0.04231903
0.04231903
0.04231903
0.04231903
0.04231903
0.04231903
0.04231903
0.04231903
0.04231903
0.04231903
0.04231903
0.04231903
0.04231903
0.04231903
0.04231903
0.04231903
0.04231903
0.04231903
0.04231903
0.04231903
0.04231903
0.04231903
0.04231903
0.04231903
0.04231903
0.04231903
0.04231903
0.04231903
0.04231903
0.04231903
0.04231903
0.04231903
0.04231903
0.04231903
0.04231903
0.04231903
0.04231903
0.04231903
0.04231903
0.04231903
0.04231903
0.04231903
0.04231903
0.04231903
0.02499283
0.02436112
0.02376045
0.02318863
0.02264368
0.02212417
0.02162841
0.02127572
0.02116899
0.02113688
0.02113529
0.02113522
0.02113533
0.02113546
0.02113565
0.02209165
0.02170661
0.02133489
0.02097557
0.02062815
0.02029205
0.01996673
0.01965167
0.01940004
0.01940004
0.01940004
0.01940004
0.01940004
0.01940004
0.01940004
0.01940004
0.01940004
0.01940004
0.01940004
0.01940004
0.01940004
0.01940004
0.01940004
0.01940004
0.01940004
0.01940004
0.02767953
0.02767108
0.02766264
0.02765420
0.02764577
0.02763735
0.02762893
0.02762049
0.02761205
0.02760360
0.02759516
0.02758672
0.02757830
0.02756988
0.02756148
0.02755309
0.02754470
0.02753631
0.02752793
0.02751956
0.02751119
0.02750282
0.02749445
0.02748610
0.02747775
0.02746940
0.02746106
0.02745273
0.02744440
0.02743607
0.02742772
0.02741936
0.02741101
0.02740267
0.02739432
0.02738599
0.02737767
0.02736936
0.02736105
0.02735275
0.02734446
0.02733616
0.02732787
0.02731960
0.02731133
0.02730305
0.02730461
0.02731285
0.02732109
0.02732934
0.02733759
0.02734586
0.02735412
0.02736239
0.02737066
0.02737894
0.02738723
0.02739551
0.02740381
0.02741214
0.02742046
0.02742879
0.02743714
0.02744548
0.02745383
0.02746219
0.02747055
0.02747891
0.02748727
0.02749564
0.02750401
0.02751240
0.02752078
0.02752917
0.02753756
0.02754596
0.02755437
0.02756278
0.02757119
0.02757960
0.02758801
0.02759643
0.02760486
0.02761329
0.02762172
0.02763016
0.02763861
0.02764706
0.02765551
0.02766398
0.02767244
0.02768090
0.01940004
0.01940004
0.01940004
0.01940004
0.01940004
0.01940004
0.01940004
0.01940004
0.01940004
0.01940004
0.01940004
0.01940004
0.01940004
0.01940004
0.01940004
0.01940004
0.01940004
0.01944722
0.01975287
0.02006829
0.02039394
0.02073020
0.02107788
0.02143741
0.02180942
0.02114271
0.02114246
0.02114231
0.02114218
0.02114212
0.02114219
0.02115307
0.02120171
0.02134887
0.02177219
0.02227004
0.02279075
0.02333630
0.02390860
0.02450959
0.02514149
0.04193033
0.04193033
0.04193033
0.04193033
0.04193033
0.04193033
0.04193033
0.04193033
0.04193033
0.04193033
0.04193033
0.04193033
0.04193033
0.04193033
0.04193033
0.04193033
0.04193033
0.04193033
0.04193033
0.04193033
0.04193033
0.04193033
0.04193033
0.04193033
0.04193033
0.04193033
0.04193033
0.04193033
0.04193033
0.04193033
0.04193033
0.04193033
0.04193033
0.04193033
0.04193033
0.04193033
0.04193033
0.04193033
0.04193033
0.04193033
0.04193033
0.04193033
0.04193033
0.04193033
0.04193033
0.04193033
0.04193033
0.04193033
0.04193033
0.04193033
0.04193033
0.04193033
0.04193033
0.04193033
0.04193033
0.04193033
0.04193033
0.04193033
0.04193033
0.04193033
0.04193033
0.04193033
0.04193033
0.04193033
0.04193033
0.04193033
0.04193033
0.04193033
0.04193033
0.04193033
0.04193033
0.04193033
0.04193033
0.04193033
0.04193033
0.04193033
0.04193033
0.04193033
0.04193033
0.04193033
0.04193033
0.04193033
0.02500983
0.02437726
0.02377580
0.02320325
0.02265762
0.02213742
0.02164106
0.02128522
0.02117622
0.02114413
0.02114217
0.02114210
0.02114222
0.02114235
0.02114253
0.02209165
0.02170675
0.02133489
0.02097557
0.02062815
0.02029205
0.01996673
0.01965167
0.01940004
0.01940004
0.01940004
0.01940004
0.01940004
0.01940004
0.01940004
0.01940004
0.01940004
0.01940004
0.01940004
0.01940004
0.01940004
0.01940004
0.01940004
0.01940004
0.01940004
0.01940004
0.02767956
0.02767112
0.02766267
0.02765424
0.02764581
0.02763738
0.02762894
0.02762049
0.02761204
0.02760359
0.02759515
0.02758672
0.02757831
0.02756990
0.02756149
0.02755310
0.02754471
0.02753632
0.02752794
0.02751957
0.02751120
0.02750283
0.02749447
0.02748611
0.02747776
0.02746941
0.02746107
0.02745274
0.02744438
0.02743602
0.02742765
0.02741930
0.02741094
0.02740260
0.02739427
0.02738595
0.02737764
0.02736933
0.02736102
0.02735272
0.02734442
0.02733613
0.02732784
0.02731956
0.02731129
0.02730302
0.02730465
0.02731288
0.02732113
0.02732938
0.02733763
0.02734589
0.02735415
0.02736242
0.02737070
0.02737898
0.02738726
0.02739555
0.02740385
0.02741214
0.02742045
0.02742878
0.02743712
0.02744547
0.02745382
0.02746218
0.02747053
0.02747890
0.02748727
0.02749564
0.02750401
0.02751239
0.02752078
0.02752916
0.02753756
0.02754596
0.02755436
0.02756277
0.02757119
0.02757961
0.02758802
0.02759644
0.02760486
0.02761330
0.02762173
0.02763017
0.02763862
0.02764706
0.02765552
0.02766399
0.02767245
0.02768092
0.01940004
0.01940004
0.01940004
0.01940004
0.01940004
0.01940004
0.01940004
0.01940004
0.01940004
0.01940004
0.01940004
0.01940004
0.01940004
0.01940004
0.01940004
0.01940004
0.01940004
0.01944722
0.01975287
0.02006829
0.02039394
0.02073020
0.02107788
0.02143741
0.02180942
0.02114959
0.02114934
0.02114921
0.02114907
0.02114900
0.02114907
0.02116034
0.02120955
0.02135845
0.02178496
0.02228340
0.02280470
0.02335093
0.02392396
0.02452574
0.02515848
0.04154871
0.04154871
0.04154871
0.04154871
0.04154871
0.04154871
0.04154871
0.04154871
0.04154871
0.04154871
0.04154871
0.04154871
0.04154871
0.04154871
0.04154871
0.04154871
0.04154871
0.04154871
0.04154871
0.04154871
0.04154871
0.04154871
0.04154871
0.04154871
0.04154871
0.04154871
0.04154871
0.04154871
0.04154871
0.04154871
0.04154871
0.04154871
0.04154871
0.04154871
0.04154871
0.04154871
0.04154871
0.04154871
0.04154871
0.04154871
0.04154871
0.04154871
0.04154871
0.04154871
0.04154871
0.04154871
0.04154871
0.04154871
0.04154871
0.04154871
0.04154871
0.04154871
0.04154871
0.04154871
0.04154871
0.04154871
0.04154871
0.04154871
0.04154871
0.04154871
0.04154871
0.04154871
0.04154871
0.04154871
0.04154871
0.04154871
0.04154871
0.04154871
0.04154871
0.04154871
0.04154871
0.04154871
0.04154871
0.04154871
0.04154871
0.04154871
0.04154871
0.04154871
0.04154871
0.04154871
0.04154871
0.04154871
0.02502684
0.02439343
0.02379116
0.02321788
0.02267157
0.02215068
0.02165374
0.02129472
0.02118345
0.02115139
0.02114905
0.02114898
0.02114910
0.02114924
0.02114941
0.02209165
0.02170675
0.02133489
0.02097557
0.02062815
0.02029205
0.01996673
0.01965167
0.01940004
0.01940004
0.01940004
0.01940004
0.01940004
0.01940004
0.01940004
0.01940004
0.01940004
0.01940004
0.01940004
0.01940004
0.01940004
0.01940004
0.01940004
0.01940004
0.01940004
0.01940004
0.02767959
0.02767115
0.02766271
0.02765427
0.02764584
0.02763739
0.02762893
0.02762047
0.02761202
0.02760358
0.02759515
0.02758673
0.02757832
0.02756991
0.02756151
0.02755311
0.02754471
0.02753633
0.02752795
0.02751958
0.02751121
0.02750284
0.02749448
0.02748613
0.02747777
0.02746943
0.02746107
0.02745269
0.02744432
0.02743595
0.02742760
0.02741924
0.02741090
0.02740256
0.02739424
0.02738592
0.02737760
0.02736929
0.02736098
0.02735268
0.02734439
0.02733610
0.02732781
0.02731953
0.02731126
0.02730299
0.02730468
0.02731292
0.02732116
0.02732941
0.02733767
0.02734593
0.02735419
0.02736246
0.02737074
0.02737901
0.02738729
0.02739559
0.02740388
0.02741218
0.02742048
0.02742879
0.02743711
0.02744545
0.02745381
0.02746216
0.02747052
0.02747888
0.02748725
0.02749563
0.02750400
0.02751239
0.02752077
0.02752915
0.02753755
0.02754595
0.02755436
0.02756276
0.02757118
0.02757960
0.02758803
0.02759645
0.02760488
0.02761330
0.02762174
0.02763018
0.02763863
0.02764707
0.02765554
0.02766399
0.02767246
0.02768094
0.01940004
0.01940004
0.01940004
0.01940004
0.01940004
0.01940004
0.01940004
0.01940004
0.01940004
0.01940004
0.01940004
0.01940004
0.01940004
0.01940004
0.01940004
0.01940004
0.01940004
0.01944721
0.01975287
0.02006829
0.02039394
0.02073020
0.02107788
0.02143741
0.02180942
0.02115647
0.02115623
0.02115610
0.02115597
0.02115589
0.02115596
0.02116761
0.02121739
0.02136804
0.02179773
0.02229677
0.02281867
0.02336558
0.02393934
0.02454191
0.02517550
0.04117399
0.04117399
0.04117399
0.04117399
0.04117399
0.04117399
0.04117399
0.04117399
0.04117399
0.04117399
0.04117399
0.04117399
0.04117399
0.04117399
0.04117399
0.04117399
0.04117399
0.04117399
0.04117399
0.04117399
0.04117399
0.04117399
0.04117399
0.04117399
0.04117399
0.04117399
0.04117399
0.04117399
0.04117399
0.04117399
0.04117399
0.04117399
0.04117399
0.04117399
0.04117399
0.04117399
0.04117399
0.04117399
0.04117399
0.04117399
0.04117399
0.04117399
0.04117399
0.04117399
0.04117399
0.04117399
0.04117399
0.04117399
0.04117399
0.04117399
0.04117399
0.04117399
0.04117399
0.04117399
0.04117399
0.04117399
0.04117399
0.04117399
0.04117399
0.04117399
0.04117399
0.04117399
0.04117399
0.04117399
0.04117399
0.04117399
0.04117399
0.04117399
0.04117399
0.04117399
0.04117399
0.04117399
0.04117399
0.04117399
0.04117399
0.04117399
0.04117399
0.04117399
0.04117399
0.04117399
0.04117399
0.04117399
0.02504388
0.02440962
0.02380654
0.02323253
0.02268554
0.02216396
0.02166643
0.02130424
0.02119069
0.02115865
0.02115594
0.02115587
0.02115600
0.02115614
0.02115629
0.02209179
0.02170675
0.02133489
0.02097557
0.02062815
0.02029205
0.01996673
0.01965167
0.01940004
0.01940004
0.01940004
0.01940004
0.01940004
0.01940004
0.01940004
0.01940004
0.01940004
0.01940004
0.01940004
0.01940004
0.01940004
0.01940004
0.01940004
0.01940004
0.01940004
0.01940004
0.02767962
0.02767118
0.02766274
0.02765430
0.02764585
0.02763738
0.02762892
0.02762046
0.02761201
0.02760358
0.02759516
0.02758674
0.02757833
0.02756992
0.02756152
0.02755312
0.02754473
0.02753634
0.02752796
0.02751959
0.02751121
0.02750285
0.02749449
0.02748613
0.02747777
0.02746939
0.02746101
0.02745263
0.02744426
0.02743589
0.02742754
0.02741920
0.02741086
0.02740253
0.02739421
0.02738589
0.02737757
0.02736926
0.02736095
0.02735265
0.02734436
0.02733606
0.02732777
0.02731949
0.02731122
0.02730295
0.02730472
0.02731296
0.02732120
0.02732945
0.02733770
0.02734596
0.02735422
0.02736250
0.02737077
0.02737905
0.02738733
0.02739562
0.02740392
0.02741222
0.02742052
0.02742883
0.02743714
0.02744547
0.02745379
0.02746214
0.02747050
0.02747887
0.02748724
0.02749561
0.02750399
0.02751238
0.02752077
0.02752915
0.02753755
0.02754594
0.02755435
0.02756276
0.02757118
0.02757960
0.02758802
0.02759645
0.02760489
0.02761332
0.02762175
0.02763019
0.02763863
0.02764709
0.02765555
0.02766400
0.02767247
0.02768094
0.01940004
0.01940004
0.01940004
0.01940004
0.01940004
0.01940004
0.01940004
0.01940004
0.01940004
0.01940004
0.01940004
0.01940004
0.01940004
0.01940004
0.01940004
0.01940004
0.01940004
0.01944721
0.01975287
0.02006829
0.02039394
0.02073020
0.02107788
0.02143741
0.02180942
0.02116337
0.02116314
0.02116300
0.02116287
0.02116278
0.02116285
0.02117489
0.02122524
0.02137764
0.02181053
0.02231014
0.02283266
0.02338024
0.02395473
0.02455811
0.02519254
0.04080595
0.04080595
0.04080595
0.04080595
0.04080595
0.04080595
0.04080595
0.04080595
0.04080595
0.04080595
0.04080595
0.04080595
0.04080595
0.04080595
0.04080595
0.04080595
0.04080595
0.04080595
0.04080595
0.04080595
0.04080595
0.04080595
0.04080595
0.04080595
0.04080595
0.04080595
0.04080595
0.04080595
0.04080595
0.04080595
0.04080595
0.04080595
0.04080595
0.04080595
0.04080595
0.04080595
0.04080595
0.04080595
0.04080595
0.04080595
0.04080595
0.04080595
0.04080595
0.04080595
0.04080595
0.04080595
0.04080595
0.04080595
0.04080595
0.04080595
0.04080595
0.04080595
0.04080595
0.04080595
0.04080594
0.04080594
0.04080594
0.04080594
0.04080594
0.04080594
0.04080594
0.04080594
0.04080594
0.04080594
0.04080594
0.04080594
0.04080594
0.04080594
0.04080594
0.04080594
0.04080594
0.04080594
0.04080594
0.04080594
0.04080594
0.04080594
0.04080594
0.04080594
0.04080594
0.04080594
0.04080594
0.04080594
0.02506094
0.02442583
0.02382195
0.02324720
0.02269953
0.02217725
0.02167913
0.02131376
0.02119793
0.02116592
0.02116283
0.02116276
0.02116290
0.02116304
0.02116318
0.02209179
0.02170675
0.02133489
0.02097557
0.02062815
0.02029205
0.01996673
0.01965167
0.01940004
0.01940004
0.01940004
0.01940004
0.01940004
0.01940004
0.01940004
0.01940004
0.01940004
0.01940004
0.01940004
0.01940004
0.01940004
0.01940004
0.01940004
0.01940004
0.01940004
0.01940004
0.02767966
0.02767121
0.02766277
0.02765431
0.02764583
0.02763736
0.02762890
0.02762045
0.02761202
0.02760359
0.02759517
0.02758675
0.02757834
0.02756993
0.02756153
0.02755313
0.02754474
0.02753635
0.02752797
0.02751960
0.02751123
0.02750287
0.02749450
0.02748610
0.02747771
0.02746932
0.02746094
0.02745257
0.02744421
0.02743586
0.02742751
0.02741917
0.02741083
0.02740250
0.02739417
0.02738585
0.02737753
0.02736923
0.02736092
0.02735262
0.02734432
0.02733603
0.02732774
0.02731946
0.02731119
0.02730293
0.02730476
0.02731299
0.02732123
0.02732949
0.02733774
0.02734599
0.02735426
0.02736253
0.02737080
0.02737908
0.02738737
0.02739566
0.02740395
0.02741225
0.02742056
0.02742886
0.02743718
0.02744550
0.02745382
0.02746215
0.02747049
0.02747885
0.02748722
0.02749560
0.02750398
0.02751236
0.02752075
0.02752915
0.02753754
0.02754594
0.02755434
0.02756276
0.02757117
0.02757959
0.02758802
0.02759645
0.02760489
0.02761333
0.02762176
0.02763020
0.02763864
0.02764710
0.02765555
0.02766401
0.02767248
0.02768095
0.01940004
0.01940004
0.01940004
0.01940004
0.01940004
0.01940004
0.01940004
0.01940004
0.01940004
0.01940004
0.01940004
0.01940004
0.01940004
0.01940004
0.01940004
0.01940004
0.01940004
0.01944721
0.01975287
0.02006829
0.02039394
0.02073020
0.02107788
0.02143741
0.02180942
0.02117026
0.02117004
0.02116991
0.02116977
0.02116967
0.02116974
0.02118217
0.02123310
0.02138725
0.02182334
0.02232351
0.02284666
0.02339492
0.02397014
0.02457432
0.02520960
0.04044443
0.04044443
0.04044443
0.04044443
0.04044443
0.04044443
0.04044443
0.04044443
0.04044443
0.04044443
0.04044443
0.04044443
0.04044443
0.04044443
0.04044443
0.04044443
0.04044443
0.04044443
0.04044443
0.04044443
0.04044443
0.04044443
0.04044443
0.04044443
0.04044443
0.04044443
0.04044443
0.04044443
0.04044443
0.04044443
0.04044443
0.04044443
0.04044443
0.04044443
0.04044443
0.04044443
0.04044443
0.04044443
0.04044443
0.04044443
0.04044443
0.04044443
0.04044443
0.04044443
0.04044443
0.04044443
0.04044443
0.04044443
0.04044443
0.04044443
0.04044443
0.04044443
0.04044443
0.04044443
0.04044443
0.04044443
0.04044443
0.04044443
0.04044443
0.04044443
0.04044443
0.04044443
0.04044443
0.04044443
0.04044443
0.04044443
0.04044443
0.04044443
0.04044443
0.04044443
0.04044443
0.04044443
0.04044443
0.04044443
0.04044443
0.04044443
0.04044443
0.04044443
0.04044443
0.04044443
0.04044443
0.04044443
0.02507802
0.02444205
0.02383737
0.02326189
0.02271353
0.02219056
0.02169185
0.02132329
0.02120528
0.02117319
0.02116973
0.02116967
0.02116980
0.02116994
0.02117008
0.02209179
0.02170675
0.02133489
0.02097557
0.02062815
0.02029205
0.01996673
0.01965167
0.01940004
0.01940004
0.01940004
0.01940004
0.01940004
0.01940004
0.01940004
0.01940004
0.01940004
0.01940004
0.01940004
0.01940004
0.01940004
0.01940004
0.01940004
0.01940004
0.01940004
0.01940004
0.02767969
0.02767125
0.02766277
0.02765429
0.02764582
0.02763736
0.02762890
0.02762046
0.02761203
0.02760360
0.02759518
0.02758676
0.02757835
0.02756995
0.02756154
0.02755314
0.02754475
0.02753636
0.02752798
0.02751961
0.02751124
0.02750284
0.02749444
0.02748604
0.02747765
0.02746926
0.02746090
0.02745253
0.02744417
0.02743582
0.02742748
0.02741913
0.02741080
0.02740246
0.02739414
0.02738582
0.02737750
0.02736919
0.02736088
0.02735258
0.02734429
0.02733600
0.02732771
0.02731946
0.02731122
0.02730297
0.02730479
0.02731303
0.02732126
0.02732952
0.02733777
0.02734603
0.02735429
0.02736256
0.02737084
0.02737912
0.02738740
0.02739569
0.02740399
0.02741229
0.02742059
0.02742890
0.02743722
0.02744553
0.02745386
0.02746219
0.02747052
0.02747886
0.02748721
0.02749559
0.02750396
0.02751235
0.02752074
0.02752913
0.02753753
0.02754593
0.02755434
0.02756275
0.02757117
0.02757959
0.02758801
0.02759645
0.02760488
0.02761332
0.02762177
0.02763021
0.02763866
0.02764711
0.02765556
0.02766402
0.02767249
0.02768096
0.01940004
0.01940004
0.01940004
0.01940004
0.01940004
0.01940004
0.01940004
0.01940004
0.01940004
0.01940004
0.01940004
0.01940004
0.01940004
0.01940004
0.01940004
0.01940004
0.01940004
0.01944722
0.01975287
0.02006829
0.02039394
0.02073020
0.02107788
0.02143741
0.02180942
0.02117715
0.02117695
0.02117682
0.02117668
0.02117657
0.02117665
0.02118945
0.02124096
0.02139686
0.02183616
0.02233689
0.02286068
0.02340963
0.02398558
0.02459056
0.02522669
0.04008926
0.04008926
0.04008926
0.04008926
0.04008926
0.04008926
0.04008926
0.04008926
0.04008926
0.04008926
0.04008926
0.04008926
0.04008926
0.04008926
0.04008926
0.04008926
0.04008926
0.04008926
0.04008926
0.04008926
0.04008926
0.04008926
0.04008926
0.04008926
0.04008926
0.04008926
0.04008926
0.04008926
0.04008926
0.04008926
0.04008926
0.04008926
0.04008926
0.04008926
0.04008926
0.04008926
0.04008926
0.04008926
0.04008926
0.04008926
0.04008926
0.04008926
0.04008926
0.04008926
0.04008926
0.04008926
0.04008926
0.04008926
0.04008926
0.04008926
0.04008926
0.04008926
0.04008926
0.04008926
0.04008926
0.04008926
0.04008926
0.04008926
0.04008926
0.04008926
0.04008926
0.04008926
0.04008926
0.04008926
0.04008926
0.04008926
0.04008926
0.04008926
0.04008926
0.04008926
0.04008926
0.04008926
0.04008926
0.04008926
0.04008926
0.04008926
0.04008926
0.04008926
0.04008926
0.04008926
0.04008926
0.04008926
0.02509514
0.02445830
0.02385281
0.02327660
0.02272755
0.02220389
0.02170458
0.02133284
0.02121331
0.02118048
0.02117663
0.02117658
0.02117672
0.02117685
0.02117699
0.02209179
0.02170675
0.02133489
0.02097557
0.02062815
0.02029205
0.01996673
0.01965167
0.01940004
0.01940004
0.01940004
0.01940004
0.01940004
0.01940004
0.01940004
0.01940004
0.01940004
0.01940004
0.01940004
0.01940004
0.01940004
0.01940004
0.01940004
0.01940004
0.01940004
0.01940004
0.02767972
0.02767124
0.02766276
0.02765428
0.02764581
0.02763736
0.02762891
0.02762048
0.02761204
0.02760361
0.02759519
0.02758677
0.02757836
0.02756995
0.02756155
0.02755316
0.02754476
0.02753638
0.02752800
0.02751959
0.02751119
0.02750278
0.02749437
0.02748598
0.02747760
0.02746923
0.02746086
0.02745250
0.02744414
0.02743579
0.02742744
0.02741910
0.02741076
0.02740243
0.02739410
0.02738579
0.02737747
0.02736916
0.02736085
0.02735255
0.02734427
0.02733601
0.02732775
0.02731950
0.02731126
0.02730301
0.02730482
0.02731306
0.02732130
0.02732955
0.02733780
0.02734607
0.02735433
0.02736260
0.02737087
0.02737916
0.02738744
0.02739573
0.02740403
0.02741232
0.02742062
0.02742893
0.02743725
0.02744557
0.02745389
0.02746223
0.02747056
0.02747890
0.02748725
0.02749559
0.02750395
0.02751234
0.02752073
0.02752911
0.02753752
0.02754593
0.02755433
0.02756275
0.02757116
0.02757958
0.02758801
0.02759644
0.02760488
0.02761332
0.02762176
0.02763022
0.02763866
0.02764712
0.02765557
0.02766403
0.02767250
0.02768097
0.01940004
0.01940004
0.01940004
0.01940004
0.01940004
0.01940004
0.01940004
0.01940004
0.01940004
0.01940004
0.01940004
0.01940004
0.01940004
0.01940004
0.01940004
0.01940004
0.01940004
0.01944722
0.01975287
0.02006829
0.02039394
0.02073020
0.02107788
0.02143741
0.02180942
0.02118406
0.02118386
0.02118373
0.02118360
0.02118347
0.02118355
0.02119675
0.02124883
0.02140649
0.02184900
0.02235029
0.02287472
0.02342435
0.02400104
0.02460682
0.03974028
0.03974028
0.03974028
0.03974028
0.03974028
0.03974028
0.03974028
0.03974028
0.03974028
0.03974028
0.03974028
0.03974028
0.03974028
0.03974028
0.03974028
0.03974028
0.03974028
0.03974028
0.03974028
0.03974028
0.03974028
0.03974028
0.03974028
0.03974028
0.03974028
0.03974028
0.03974028
0.03974028
0.03974028
0.03974028
0.03974028
0.03974028
0.03974028
0.03974028
0.03974028
0.03974028
0.03974028
0.03974028
0.03974028
0.03974028
0.03974028
0.03974028
0.03974028
0.03974028
0.03974028
0.03974028
0.03974028
0.03974028
0.03974028
0.03974028
0.03974028
0.03974028
0.03974028
0.03974028
0.03974028
0.03974028
0.03974028
0.03974028
0.03974028
0.03974028
0.03974028
0.03974028
0.03974028
0.03974028
0.03974028
0.03974028
0.03974028
0.03974028
0.03974028
0.03974028
0.03974028
0.03974028
0.03974028
0.03974028
0.03974028
0.03974028
0.03974028
0.03974028
0.03974028
0.03974028
0.03974028
0.03974028
0.03974028
0.02511227
0.02447456
0.02386829
0.02329132
0.02274159
0.02221723
0.02171733
0.02134239
0.02122134
0.02118776
0.02118354
0.02118349
0.02118363
0.02118376
0.02118390
0.02209179
0.02170675
0.02133489
0.02097557
0.02062815
0.02029205
0.01996673
0.01965167
0.01940004
0.01940004
0.01940004
0.01940004
0.01940004
0.01940004
0.01940004
0.01940004
0.01940004
0.01940004
0.01940004
0.01940004
0.01940004
0.01940004
0.01940004
0.01940004
0.01940004
0.01940004
0.02767972
0.02767123
0.02766275
0.02765427
0.02764581
0.02763736
0.02762892
0.02762049
0.02761205
0.02760362
0.02759520
0.02758678
0.02757837
0.02756996
0.02756156
0.02755317
0.02754477
0.02753637
0.02752794
0.02751953
0.02751112
0.02750271
0.02749432
0.02748594
0.02747756
0.02746919
0.02746083
0.02745246
0.02744410
0.02743575
0.02742741
0.02741906
0.02741073
0.02740240
0.02739407
0.02738575
0.02737743
0.02736914
0.02736086
0.02735258
0.02734431
0.02733605
0.02732779
0.02731954
0.02731130
0.02730305
0.02730486
0.02731310
0.02732134
0.02732959
0.02733784
0.02734610
0.02735437
0.02736264
0.02737091
0.02737919
0.02738747
0.02739576
0.02740406
0.02741235
0.02742066
0.02742897
0.02743728
0.02744561
0.02745393
0.02746226
0.02747059
0.02747894
0.02748728
0.02749563
0.02750398
0.02751235
0.02752071
0.02752910
0.02753750
0.02754591
0.02755432
0.02756273
0.02757116
0.02757958
0.02758800
0.02759644
0.02760487
0.02761331
0.02762176
0.02763021
0.02763866
0.02764713
0.02765558
0.02766405
0.02767251
0.02768098
0.01940004
0.01940004
0.01940004
0.01940004
0.01940004
0.01940004
0.01940004
0.01940004
0.01940004
0.01940004
0.01940004
0.01940004
0.01940004
0.01940004
0.01940004
0.01940004
0.01940004
0.01944722
0.01975287
0.02006829
0.02039394
0.02073020
0.02107788
0.02143741
0.02180942
0.02119096
0.02119078
0.02119065
0.02119051
0.02119038
0.02119046
0.02120404
0.02125670
0.02141612
0.02186186
0.02236371
0.02288878
0.02343909
0.02401650
0.02462309
0.03939732
0.03939732
0.03939732
0.03939732
0.03939732
0.03939732
0.03939732
0.03939732
0.03939732
0.03939732
0.03939732
0.03939732
0.03939732
0.03939732
0.03939732
0.03939732
0.03939732
0.03939732
0.03939732
0.03939732
0.03939732
0.03939732
0.03939732
0.03939732
0.03939732
0.03939732
0.03939732
0.03939732
0.03939732
0.03939732
0.03939732
0.03939732
0.03939732
0.03939732
0.03939732
0.03939732
0.03939732
0.03939732
0.03939732
0.03939732
0.03939732
0.03939732
0.03939732
0.03939732
0.03939732
0.03939732
0.03939732
0.03939732
0.03939732
0.03939732
0.03939732
0.03939732
0.03939732
0.03939732
0.03939732
0.03939732
0.03939732
0.03939732
0.03939732
0.03939732
0.03939732
0.03939732
0.03939732
0.03939732
0.03939732
0.03939732
0.03939732
0.03939732
0.03939732
0.03939732
0.03939732
0.03939732
0.03939732
0.03939732
0.03939732
0.03939732
0.03939732
0.03939732
0.03939732
0.03939732
0.03939732
0.03939732
0.03939732
0.02512942
0.02449084
0.02388377
0.02330606
0.02275565
0.02223063
0.02173009
0.02135194
0.02122937
0.02119504
0.02119044
0.02119041
0.02119055
0.02119068
0.02119082
0.02119103
0.02170675
0.02133489
0.02097557
0.02062815
0.02029205
0.01996673
0.01965167
0.01940004
0.01940004
0.01940004
0.01940004
0.01940004
0.01940004
0.01940004
0.01940004
0.01940004
0.01940004
0.01940004
0.01940004
0.01940004
0.01940004
0.01940004
0.01940004
0.01940004
0.01940004
0.02767970
0.02767122
0.02766274
0.02765428
0.02764582
0.02763738
0.02762893
0.02762049
0.02761206
0.02760364
0.02759521
0.02758680
0.02757839
0.02756998
0.02756157
0.02755317
0.02754473
0.02753630
0.02752788
0.02751947
0.02751107
0.02750268
0.02749429
0.02748591
0.02747753
0.02746916
0.02746079
0.02745243
0.02744407
0.02743572
0.02742738
0.02741903
0.02741070
0.02740236
0.02739404
0.02738575
0.02737746
0.02736918
0.02736090
0.02735263
0.02734436
0.02733609
0.02732783
0.02731958
0.02731134
0.02730309
0.02730489
0.02731314
0.02732137
0.02732962
0.02733788
0.02734614
0.02735440
0.02736267
0.02737095
0.02737922
0.02738751
0.02739580
0.02740409
0.02741239
0.02742070
0.02742901
0.02743732
0.02744564
0.02745397
0.02746229
0.02747063
0.02747897
0.02748731
0.02749567
0.02750402
0.02751238
0.02752075
0.02752911
0.02753749
0.02754590
0.02755430
0.02756272
0.02757114
0.02757956
0.02758800
0.02759643
0.02760487
0.02761330
0.02762175
0.02763020
0.02763866
0.02764713
0.02765559
0.02766405
0.02767252
0.02768099
0.01940004
0.01940004
0.01940004
0.01940004
0.01940004
0.01940004
0.01940004
0.01940004
0.01940004
0.01940004
0.01940004
0.01940004
0.01940004
0.01940004
0.01940004
0.01940004
0.01940004
0.01944722
0.01975287
0.02006829
0.02039394
0.02073020
0.02107788
0.02143741
0.02180942
0.02119787
0.02119770
0.02119757
0.02119743
0.02119730
0.02119737
0.02121134
0.02126459
0.02142576
0.02187473
0.02237714
0.02290285
0.02345384
0.02403200
0.02463938
0.03906024
0.03906024
0.03906024
0.03906024
0.03906024
0.03906024
0.03906024
0.03906024
0.03906024
0.03906024
0.03906024
0.03906024
0.03906024
0.03906024
0.03906024
0.03906024
0.03906024
0.03906024
0.03906024
0.03906024
0.03906024
0.03906024
0.03906024
0.03906024
0.03906024
0.03906024
0.03906024
0.03906024
0.03906024
0.03906024
0.03906024
0.03906024
0.03906024
0.03906024
0.03906024
0.03906024
0.03906024
0.03906024
0.03906024
0.03906024
0.03906024
0.03906024
0.03906024
0.03906024
0.03906024
0.03906024
0.03906024
0.03906024
0.03906024
0.03906024
0.03906024
0.03906024
0.03906024
0.03906024
0.03906024
0.03906024
0.03906024
0.03906024
0.03906024
0.03906024
0.03906024
0.03906024
0.03906024
0.03906024
0.03906024
0.03906024
0.03906024
0.03906024
0.03906024
0.03906024
0.03906024
0.03906024
0.03906024
0.03906024
0.03906024
0.03906024
0.03906023
0.03906024
0.03906024
0.03906024
0.03906024
0.03906023
0.03906023
0.02514660
0.02450714
0.02389927
0.02332083
0.02276972
0.02224406
0.02174287
0.02136151
0.02123741
0.02120234
0.02119735
0.02119733
0.02119747
0.02119760
0.02119774
0.02119794
0.02170675
0.02133489
0.02097557
0.02062815
0.02029205
0.01996673
0.01965167
0.01940004
0.01940004
0.01940004
0.01940004
0.01940004
0.01940004
0.01940004
0.01940004
0.01940004
0.01940004
0.01940004
0.01940004
0.01940004
0.01940004
0.01940004
0.01940004
0.01940004
0.01940004
0.02767970
0.02767121
0.02766275
0.02765429
0.02764584
0.02763739
0.02762894
0.02762051
0.02761208
0.02760364
0.02759522
0.02758680
0.02757839
0.02756998
0.02756154
0.02755310
0.02754467
0.02753624
0.02752783
0.02751943
0.02751104
0.02750264
0.02749426
0.02748587
0.02747750
0.02746912
0.02746076
0.02745240
0.02744404
0.02743569
0.02742734
0.02741900
0.02741068
0.02740238
0.02739408
0.02738579
0.02737750
0.02736922
0.02736094
0.02735267
0.02734440
0.02733613
0.02732787
0.02731962
0.02731138
0.02730314
0.02730493
0.02731317
0.02732141
0.02732966
0.02733791
0.02734617
0.02735443
0.02736271
0.02737098
0.02737926
0.02738754
0.02739583
0.02740413
0.02741243
0.02742073
0.02742904
0.02743736
0.02744568
0.02745400
0.02746233
0.02747066
0.02747901
0.02748735
0.02749570
0.02750406
0.02751241
0.02752078
0.02752915
0.02753752
0.02754590
0.02755429
0.02756270
0.02757112
0.02757955
0.02758799
0.02759642
0.02760486
0.02761330
0.02762175
0.02763020
0.02763865
0.02764712
0.02765558
0.02766405
0.02767253
0.02768100
0.01940004
0.01940004
0.01940004
0.01940004
0.01940004
0.01940004
0.01940004
0.01940004
0.01940004
0.01940004
0.01940004
0.01940004
0.01940004
0.01940004
0.01940004
0.01940004
0.01940004
0.01944722
0.01975287
0.02006829
0.02039394
0.02073020
0.02107788
0.02143741
0.02180942
0.02120478
0.02120463
0.02120450
0.02120436
0.02120423
0.02120429
0.02121865
0.02127247
0.02143541
0.02188761
0.02239060
0.02291694
0.02346862
0.02404752
0.02465570
0.03872887
0.03872887
0.03872887
0.03872887
0.03872887
0.03872887
0.03872887
0.03872887
0.03872887
0.03872887
0.03872887
0.03872887
0.03872887
0.03872887
0.03872887
0.03872887
0.03872887
0.03872887
0.03872887
0.03872887
0.03872887
0.03872887
0.03872887
0.03872887
0.03872887
0.03872887
0.03872887
0.03872887
0.03872887
0.03872887
0.03872887
0.03872887
0.03872887
0.03872887
0.03872887
0.03872887
0.03872887
0.03872887
0.03872887
0.03872887
0.03872887
0.03872887
0.03872887
0.03872887
0.03872887
0.03872887
0.03872887
0.03872887
0.03872887
0.03872887
0.03872887
0.03872887
0.03872887
0.03872887
0.03872887
0.03872887
0.03872887
0.03872887
0.03872887
0.03872887
0.03872887
0.03872887
0.03872887
0.03872887
0.03872887
0.03872887
0.03872887
0.03872887
0.03872887
0.03872887
0.03872887
0.03872887
0.03872887
0.03872887
0.03872887
0.03872887
0.03872886
0.03872886
0.03872886
0.03872886
0.03872886
0.03872886
0.03872887
0.02516381
0.02452347
0.02391480
0.02333561
0.02278381
0.02225751
0.02175566
0.02137109
0.02124546
0.02120964
0.02120427
0.02120426
0.02120440
0.02120453
0.02120467
0.02120486
0.02170675
0.02133489
0.02097557
0.02062815
0.02029205
0.01996673
0.01965167
0.01940004
0.01940004
0.01940004
0.01940004
0.01940004
0.01940004
0.01940004
0.01940004
0.01940004
0.01940004
0.01940004
0.01940004
0.01940004
0.01940004
0.01940004
0.01940004
0.01940004
0.01940004
0.02767970
0.02767123
0.02766276
0.02765430
0.02764585
0.02763740
0.02762896
0.02762052
0.02761209
0.02760366
0.02759524
0.02758682
0.02757837
0.02756992
0.02756148
0.02755304
0.02754462
0.02753621
0.02752780
0.02751940
0.02751100
0.02750261
0.02749422
0.02748584
0.02747746
0.02746909
0.02746073
0.02745236
0.02744400
0.02743567
0.02742735
0.02741904
0.02741073
0.02740242
0.02739412
0.02738583
0.02737754
0.02736926
0.02736098
0.02735271
0.02734444
0.02733618
0.02732792
0.02731966
0.02731142
0.02730317
0.02730493
0.02731319
0.02732144
0.02732970
0.02733795
0.02734620
0.02735447
0.02736274
0.02737101
0.02737929
0.02738758
0.02739587
0.02740416
0.02741246
0.02742077
0.02742907
0.02743739
0.02744571
0.02745403
0.02746237
0.02747070
0.02747904
0.02748739
0.02749574
0.02750409
0.02751245
0.02752082
0.02752918
0.02753756
0.02754594
0.02755433
0.02756271
0.02757112
0.02757954
0.02758797
0.02759641
0.02760485
0.02761330
0.02762175
0.02763019
0.02763865
0.02764711
0.02765558
0.02766405
0.02767253
0.02768101
0.01940004
0.01940004
0.01940004
0.01940004
0.01940004
0.01940004
0.01940004
0.01940004
0.01940004
0.01940004
0.01940004
0.01940004
0.01940004
0.01940004
0.01940004
0.01940004
0.01940004
0.01944722
0.01975287
0.02006829
0.02039394
0.02073020
0.02107788
0.02143741
0.02180943
0.02121170
0.02121156
0.02121143
0.02121129
0.02121116
0.02121121
0.02122596
0.02128036
0.02144506
0.02190052
0.02240406
0.02293104
0.02348342
0.02406305
0.02467202
0.03840307
0.03840307
0.03840307
0.03840307
0.03840307
0.03840307
0.03840307
0.03840307
0.03840307
0.03840307
0.03840307
0.03840307
0.03840307
0.03840307
0.03840307
0.03840307
0.03840307
0.03840307
0.03840307
0.03840307
0.03840307
0.03840307
0.03840307
0.03840307
0.03840307
0.03840307
0.03840307
0.03840307
0.03840307
0.03840307
0.03840307
0.03840307
0.03840307
0.03840307
0.03840307
0.03840307
0.03840307
0.03840307
0.03840307
0.03840307
0.03840307
0.03840307
0.03840307
0.03840307
0.03840307
0.03840307
0.03840307
0.03840307
0.03840307
0.03840307
0.03840307
0.03840307
0.03840307
0.03840307
0.03840307
0.03840307
0.03840307
0.03840307
0.03840307
0.03840307
0.03840307
0.03840307
0.03840307
0.03840307
0.03840307
0.03840307
0.03840307
0.03840307
0.03840307
0.03840307
0.03840307
0.03840307
0.03840307
0.03840307
0.03840307
0.03840307
0.03840307
0.03840307
0.03840307
0.03840307
0.03840307
0.03840307
0.03840307
0.02518103
0.02453981
0.02393034
0.02335041
0.02279792
0.02227097
0.02176847
0.02138067
0.02125351
0.02121694
0.02121120
0.02121119
0.02121133
0.02121146
0.02121160
0.02121178
0.02170675
0.02133489
0.02097557
0.02062815
0.02029205
0.01996673
0.01965167
0.01940004
0.01940004
0.01940004
0.01940004
0.01940004
0.01940004
0.01940004
0.01940004
0.01940004
0.01940004
0.01940004
0.01940004
0.01940004
0.01940004
0.01940004
0.01940004
0.01940004
0.01940004
0.02767970
0.02767124
0.02766277
0.02765431
0.02764585
0.02763741
0.02762897
0.02762053
0.02761210
0.02760367
0.02759522
0.02758676
0.02757830
0.02756985
0.02756143
0.02755300
0.02754459
0.02753618
0.02752776
0.02751936
0.02751097
0.02750258
0.02749419
0.02748581
0.02747743
0.02746906
0.02746069
0.02745236
0.02744403
0.02743571
0.02742739
0.02741908
0.02741077
0.02740246
0.02739416
0.02738587
0.02737758
0.02736930
0.02736102
0.02735275
0.02734448
0.02733622
0.02732796
0.02731971
0.02731146
0.02730322
0.02730491
0.02731316
0.02732142
0.02732969
0.02733796
0.02734624
0.02735450
0.02736278
0.02737105
0.02737933
0.02738762
0.02739590
0.02740420
0.02741250
0.02742080
0.02742911
0.02743743
0.02744575
0.02745407
0.02746240
0.02747074
0.02747908
0.02748743
0.02749577
0.02750412
0.02751249
0.02752085
0.02752922
0.02753759
0.02754598
0.02755436
0.02756275
0.02757115
0.02757955
0.02758796
0.02759639
0.02760483
0.02761328
0.02762173
0.02763019
0.02763864
0.02764711
0.02765558
0.02766405
0.02767253
0.02768100
0.01940004
0.01940004
0.01940004
0.01940004
0.01940004
0.01940004
0.01940004
0.01940004
0.01940004
0.01940004
0.01940004
0.01940004
0.01940004
0.01940004
0.01940004
0.01940004
0.01940004
0.01944722
0.01975287
0.02006829
0.02039394
0.02073020
0.02107788
0.02143741
0.02180943
0.02121863
0.02121850
0.02121837
0.02121823
0.02121810
0.02121814
0.02123328
0.02128826
0.02145473
0.02191343
0.02241755
0.02294517
0.02349823
0.02407860
0.02468837
0.03808272
0.03808272
0.03808272
0.03808272
0.03808272
0.03808272
0.03808272
0.03808272
0.03808272
0.03808272
0.03808272
0.03808272
0.03808272
0.03808272
0.03808272
0.03808272
0.03808272
0.03808272
0.03808272
0.03808272
0.03808272
0.03808272
0.03808272
0.03808272
0.03808272
0.03808272
0.03808272
0.03808272
0.03808272
0.03808272
0.03808272
0.03808272
0.03808272
0.03808272
0.03808272
0.03808272
0.03808272
0.03808272
0.03808272
0.03808272
0.03808272
0.03808272
0.03808272
0.03808272
0.03808272
0.03808272
0.03808272
0.03808272
0.03808272
0.03808272
0.03808272
0.03808272
0.03808272
0.03808272
0.03808272
0.03808272
0.03808272
0.03808272
0.03808272
0.03808272
0.03808272
0.03808272
0.03808272
0.03808272
0.03808272
0.03808272
0.03808272
0.03808272
0.03808272
0.03808272
0.03808272
0.03808272
0.03808272
0.03808272
0.03808272
0.03808272
0.03808272
0.03808272
0.03808272
0.03808272
0.03808272
0.03808272
0.03808272
0.03808272
0.02455618
0.02394591
0.02336523
0.02281205
0.02228445
0.02178129
0.02139026
0.02126157
0.02122425
0.02121812
0.02121813
0.02121826
0.02121840
0.02121853
0.02121870
0.02170675
0.02133489
0.02097557
0.02062815
0.02029205
0.01996673
0.01965167
0.01940004
0.01940004
0.01940004
0.01940004
0.01940004
0.01940004
0.01940004
0.01940004
0.01940004
0.01940004
0.01940004
0.01940004
0.01940004
0.01940004
0.01940004
0.01940004
0.01940004
0.01940004
0.02767971
0.02767125
0.02766278
0.02765432
0.02764587
0.02763742
0.02762898
0.02762054
0.02761209
0.02760362
0.02759515
0.02758669
0.02757826
0.02756982
0.02756139
0.02755297
0.02754455
0.02753614
0.02752773
0.02751933
0.02751093
0.02750254
0.02749416
0.02748577
0.02747742
0.02746907
0.02746074
0.02745240
0.02744407
0.02743575
0.02742743
0.02741912
0.02741081
0.02740251
0.02739421
0.02738591
0.02737762
0.02736934
0.02736106
0.02735279
0.02734452
0.02733625
0.02732800
0.02731975
0.02731150
0.02730326
0.02730487
0.02731314
0.02732139
0.02732966
0.02733793
0.02734621
0.02735449
0.02736278
0.02737107
0.02737937
0.02738765
0.02739594
0.02740424
0.02741253
0.02742084
0.02742915
0.02743746
0.02744578
0.02745411
0.02746244
0.02747077
0.02747912
0.02748746
0.02749581
0.02750416
0.02751252
0.02752089
0.02752925
0.02753763
0.02754601
0.02755440
0.02756279
0.02757118
0.02757958
0.02758799
0.02759640
0.02760482
0.02761327
0.02762172
0.02763017
0.02763863
0.02764710
0.02765557
0.02766404
0.02767252
0.02768100
0.01940004
0.01940004
0.01940004
0.01940004
0.01940004
0.01940004
0.01940004
0.01940004
0.01940004
0.01940004
0.01940004
0.01940004
0.01940004
0.01940004
0.01940004
0.01940004
0.01940004
0.01944722
0.01975287
0.02006829
0.02039394
0.02073020
0.02107788
0.02143741
0.02180943
0.02122557
0.02122544
0.02122531
0.02122517
0.02122504
0.02122507
0.02124060
0.02129616
0.02146441
0.02192636
0.02243105
0.02295931
0.02351306
0.02409418
0.02470475
0.03776765
0.03776765
0.03776765
0.03776765
0.03776765
0.03776765
0.03776765
0.03776765
0.03776765
0.03776765
0.03776765
0.03776765
0.03776765
0.03776765
0.03776765
0.03776765
0.03776765
0.03776765
0.03776765
0.03776765
0.03776765
0.03776765
0.03776765
0.03776765
0.03776765
0.03776765
0.03776765
0.03776765
0.03776765
0.03776765
0.03776765
0.03776765
0.03776765
0.03776765
0.03776765
0.03776765
0.03776765
0.03776765
0.03776765
0.03776765
0.03776765
0.03776765
0.03776765
0.03776765
0.03776765
0.03776765
0.03776765
0.03776765
0.03776765
0.03776765
0.03776765
0.03776765
0.03776765
0.03776765
0.03776765
0.03776765
0.03776765
0.03776765
0.03776765
0.03776765
0.03776765
0.03776765
0.03776765
0.03776765
0.03776765
0.03776765
0.03776765
0.03776765
0.03776765
0.03776765
0.03776765
0.03776765
0.03776765
0.03776765
0.03776765
0.03776765
0.03776765
0.03776765
0.03776765
0.03776765
0.03776765
0.03776765
0.03776765
0.03776765
0.02457257
0.02396149
0.02338007
0.02282619
0.02229795
0.02179413
0.02139986
0.02126964
0.02123156
0.02122506
0.02122507
0.02122520
0.02122534
0.02122548
0.02122563
0.02170675
0.02133489
0.02097557
0.02062815
0.02029205
0.01996673
0.01965167
0.01940004
0.01940004
0.01940004
0.01940004
0.01940004
0.01940004
0.01940004
0.01940004
0.01940004
0.01940004
0.01940004
0.01940004
0.01940004
0.01940004
0.01940004
0.01940004
0.01940004
0.01940004
0.02767973
0.02767125
0.02766279
0.02765433
0.02764588
0.02763743
0.02762897
0.02762049
0.02761202
0.02760355
0.02759510
0.02758666
0.02757822
0.02756979
0.02756136
0.02755293
0.02754452
0.02753611
0.02752770
0.02751929
0.02751090
0.02750252
0.02749416
0.02748581
0.02747746
0.02746912
0.02746078
0.02745244
0.02744411
0.02743579
0.02742747
0.02741916
0.02741085
0.02740255
0.02739425
0.02738595
0.02737767
0.02736938
0.02736110
0.02735283
0.02734456
0.02733630
0.02732804
0.02731979
0.02731154
0.02730330
0.02730485
0.02731311
0.02732136
0.02732963
0.02733791
0.02734618
0.02735446
0.02736275
0.02737104
0.02737934
0.02738764
0.02739595
0.02740426
0.02741257
0.02742087
0.02742918
0.02743750
0.02744581
0.02745414
0.02746247
0.02747080
0.02747915
0.02748749
0.02749584
0.02750420
0.02751256
0.02752092
0.02752929
0.02753767
0.02754604
0.02755443
0.02756283
0.02757122
0.02757962
0.02758803
0.02759644
0.02760485
0.02761327
0.02762170
0.02763016
0.02763863
0.02764709
0.02765556
0.02766404
0.02767251
0.02768100
0.01940004
0.01940004
0.01940004
0.01940004
0.01940004
0.01940004
0.01940004
0.01940004
0.01940004
0.01940004
0.01940004
0.01940004
0.01940004
0.01940004
0.01940004
0.01940004
0.01940004
0.01944722
0.01975287
0.02006829
0.02039394
0.02073020
0.02107788
0.02143741
0.02180943
0.02123252
0.02123239
0.02123225
0.02123212
0.02123198
0.02123201
0.02124793
0.02130408
0.02147409
0.02193931
0.02244456
0.02297347
0.02352791
0.02410978
0.02472115
0.03745777
0.03745777
0.03745777
0.03745777
0.03745777
0.03745777
0.03745777
0.03745777
0.03745777
0.03745777
0.03745777
0.03745777
0.03745777
0.03745777
0.03745777
0.03745777
0.03745777
0.03745777
0.03745777
0.03745777
0.03745777
0.03745777
0.03745777
0.03745777
0.03745777
0.03745777
0.03745777
0.03745777
0.03745777
0.03745777
0.03745777
0.03745777
0.03745777
0.03745777
0.03745777
0.03745777
0.03745777
0.03745777
0.03745777
0.03745777
0.03745777
0.03745777
0.03745777
0.03745777
0.03745777
0.03745777
0.03745777
0.03745777
0.03745777
0.03745777
0.03745777
0.03745777
0.03745777
0.03745777
0.03745777
0.03745777
0.03745777
0.03745777
0.03745777
0.03745777
0.03745777
0.03745777
0.03745777
0.03745777
0.03745777
0.03745777
0.03745777
0.03745777
0.03745777
0.03745777
0.03745777
0.03745777
0.03745777
0.03745777
0.03745777
0.03745777
0.03745776
0.03745776
0.03745776
0.03745776
0.03745776
0.03745776
0.03745776
0.03745776
0.02458898
0.02397710
0.02339492
0.02284035
0.02231146
0.02180698
0.02140947
0.02127771
0.02123888
0.02123199
0.02123201
0.02123215
0.02123229
0.02123242
0.02123256
0.02170675
0.02133489
0.02097557
0.02062815
0.02029205
0.01996673
0.01965167
0.01940004
0.01940004
0.01940004
0.01940004
0.01940004
0.01940004
0.01940004
0.01940004
0.01940004
0.01940004
0.01940004
0.01940004
0.01940004
0.01940004
0.01940004
0.01940004
0.01940004
0.01940004
0.02767974
0.02767127
0.02766280
0.02765435
0.02764588
0.02763740
0.02762891
0.02762043
0.02761198
0.02760352
0.02759507
0.02758663
0.02757819
0.02756975
0.02756133
0.02755290
0.02754448
0.02753607
0.02752767
0.02751929
0.02751093
0.02750256
0.02749421
0.02748585
0.02747750
0.02746916
0.02746082
0.02745248
0.02744415
0.02743583
0.02742751
0.02741920
0.02741089
0.02740259
0.02739429
0.02738600
0.02737771
0.02736942
0.02736114
0.02735287
0.02734460
0.02733633
0.02732808
0.02731983
0.02731158
0.02730334
0.02730482
0.02731308
0.02732133
0.02732960
0.02733787
0.02734615
0.02735443
0.02736272
0.02737101
0.02737931
0.02738762
0.02739592
0.02740424
0.02741255
0.02742087
0.02742920
0.02743753
0.02744585
0.02745418
0.02746250
0.02747084
0.02747918
0.02748753
0.02749587
0.02750424
0.02751259
0.02752096
0.02752933
0.02753770
0.02754608
0.02755447
0.02756286
0.02757125
0.02757965
0.02758806
0.02759647
0.02760489
0.02761331
0.02762174
0.02763017
0.02763861
0.02764707
0.02765555
0.02766403
0.02767251
0.02768099
0.01940004
0.01940004
0.01940004
0.01940004
0.01940004
0.01940004
0.01940004
0.01940004
0.01940004
0.01940004
0.01940004
0.01940004
0.01940004
0.01940004
0.01940004
0.01940004
0.01940004
0.01944722
0.01975287
0.02006829
0.02039394
0.02073020
0.02107788
0.02143741
0.02180943
0.02123947
0.02123933
0.02123920
0.02123907
0.02123893
0.02123895
0.02125526
0.02131225
0.02148378
0.02195227
0.02245809
0.02298765
0.02354278
0.02412539
0.02473756
0.03715292
0.03715292
0.03715292
0.03715292
0.03715292
0.03715292
0.03715292
0.03715292
0.03715292
0.03715292
0.03715292
0.03715292
0.03715292
0.03715292
0.03715292
0.03715292
0.03715292
0.03715292
0.03715292
0.03715292
0.03715292
0.03715292
0.03715292
0.03715292
0.03715292
0.03715292
0.03715292
0.03715292
0.03715292
0.03715292
0.03715292
0.03715292
0.03715292
0.03715292
0.03715292
0.03715292
0.03715292
0.03715292
0.03715292
0.03715292
0.03715292
0.03715292
0.03715292
0.03715292
0.03715292
0.03715292
0.03715292
0.03715292
0.03715292
0.03715292
0.03715292
0.03715292
0.03715292
0.03715292
0.03715292
0.03715292
0.03715292
0.03715292
0.03715292
0.03715292
0.03715292
0.03715292
0.03715292
0.03715292
0.03715292
0.03715292
0.03715292
0.03715292
0.03715292
0.03715292
0.03715292
0.03715292
0.03715292
0.03715292
0.03715292
0.03715292
0.03715291
0.03715291
0.03715291
0.03715291
0.03715291
0.03715291
0.03715291
0.03715291
0.02460541
0.02399272
0.02340980
0.02285453
0.02232499
0.02181985
0.02141909
0.02128579
0.02124621
0.02123893
0.02123896
0.02123910
0.02123923
0.02123937
0.02123951
0.02170675
0.02133489
0.02097557
0.02062815
0.02029205
0.01996673
0.01965167
0.01940004
0.01940004
0.01940004
0.01940004
0.01940004
0.01940004
0.01940004
0.01940004
0.01940004
0.01940004
0.01940004
0.01940004
0.01940004
0.01940004
0.01940004
0.01940004
0.01940004
0.01940004
0.02767975
0.02767128
0.02766282
0.02765432
0.02764582
0.02763733
0.02762886
0.02762040
0.02761194
0.02760348
0.02759503
0.02758659
0.02757815
0.02756972
0.02756129
0.02755287
0.02754448
0.02753609
0.02752771
0.02751934
0.02751097
0.02750260
0.02749425
0.02748589
0.02747754
0.02746920
0.02746086
0.02745253
0.02744420
0.02743587
0.02742755
0.02741924
0.02741093
0.02740263
0.02739433
0.02738604
0.02737775
0.02736947
0.02736119
0.02735291
0.02734464
0.02733638
0.02732812
0.02731987
0.02731163
0.02730338
0.02730480
0.02731306
0.02732131
0.02732958
0.02733785
0.02734613
0.02735441
0.02736269
0.02737099
0.02737928
0.02738759
0.02739589
0.02740420
0.02741252
0.02742084
0.02742917
0.02743750
0.02744584
0.02745419
0.02746253
0.02747088
0.02747922
0.02748756
0.02749591
0.02750427
0.02751263
0.02752099
0.02752936
0.02753774
0.02754612
0.02755450
0.02756289
0.02757129
0.02757969
0.02758810
0.02759651
0.02760493
0.02761335
0.02762178
0.02763021
0.02763864
0.02764708
0.02765554
0.02766401
0.02767249
0.02768098
0.01940004
0.01940004
0.01940004
0.01940004
0.01940004
0.01940004
0.01940004
0.01940004
0.01940004
0.01940004
0.01940004
0.01940004
0.01940004
0.01940004
0.01940004
0.01940004
0.01940004
0.01944722
0.01975287
0.02006829
0.02039394
0.02073020
0.02107788
0.02143741
0.02124638
0.02124642
0.02124629
0.02124616
0.02124602
0.02124589
0.02124589
0.02126248
0.02132043
0.02149349
0.02196524
0.02247164
0.02300184
0.02355767
0.02414102
0.02475400
0.03685300
0.03685300
0.03685300
0.03685300
0.03685300
0.03685300
0.03685300
0.03685300
0.03685300
0.03685300
0.03685300
0.03685300
0.03685300
0.03685300
0.03685300
0.03685300
0.03685300
0.03685300
0.03685300
0.03685300
0.03685300
0.03685300
0.03685300
0.03685300
0.03685300
0.03685300
0.03685300
0.03685300
0.03685300
0.03685300
0.03685300
0.03685300
0.03685300
0.03685300
0.03685300
0.03685300
0.03685300
0.03685300
0.03685300
0.03685300
0.03685300
0.03685300
0.03685300
0.03685300
0.03685300
0.03685300
0.03685300
0.03685300
0.03685300
0.03685300
0.03685300
0.03685300
0.03685300
0.03685300
0.03685300
0.03685300
0.03685300
0.03685300
0.03685300
0.03685300
0.03685300
0.03685300
0.03685300
0.03685300
0.03685300
0.03685300
0.03685300
0.03685300
0.03685300
0.03685300
0.03685300
0.03685300
0.03685300
0.03685300
0.03685300
0.03685300
0.03685300
0.03685300
0.03685300
0.03685300
0.03685300
0.03685300
0.03685300
0.03685300
0.02462187
0.02400837
0.02342469
0.02286873
0.02233854
0.02183274
0.02142872
0.02129387
0.02125354
0.02124588
0.02124592
0.02124605
0.02124619
0.02124633
0.02124645
0.02124631
0.02133489
0.02097557
0.02062815
0.02029205
0.01996673
0.01965167
0.01940004
0.01940004
0.01940004
0.01940004
0.01940004
0.01940004
0.01940004
0.01940004
0.01940004
0.01940004
0.01940004
0.01940004
0.01940004
0.01940004
0.01940004
0.01940004
0.01940004
0.01940004
0.02767976
0.02767126
0.02766275
0.02765425
0.02764577
0.02763730
0.02762883
0.02762037
0.02761191
0.02760345
0.02759500
0.02758656
0.02757812
0.02756970
0.02756130
0.02755290
0.02754451
0.02753613
0.02752775
0.02751938
0.02751101
0.02750264
0.02749429
0.02748593
0.02747758
0.02746924
0.02746090
0.02745257
0.02744424
0.02743592
0.02742760
0.02741928
0.02741097
0.02740267
0.02739437
0.02738608
0.02737779
0.02736951
0.02736123
0.02735295
0.02734468
0.02733642
0.02732816
0.02731991
0.02731166
0.02730342
0.02730477
0.02731303
0.02732129
0.02732955
0.02733782
0.02734610
0.02735438
0.02736267
0.02737096
0.02737926
0.02738756
0.02739586
0.02740418
0.02741249
0.02742082
0.02742914
0.02743747
0.02744581
0.02745416
0.02746250
0.02747086
0.02747922
0.02748758
0.02749595
0.02750430
0.02751266
0.02752103
0.02752940
0.02753777
0.02754615
0.02755454
0.02756293
0.02757132
0.02757973
0.02758813
0.02759655
0.02760496
0.02761338
0.02762181
0.02763024
0.02763868
0.02764712
0.02765557
0.02766402
0.02767248
0.02768097
0.01940004
0.01940004
0.01940004
0.01940004
0.01940004
0.01940004
0.01940004
0.01940004
0.01940004
0.01940004
0.01940004
0.01940004
0.01940004
0.01940004
0.01940004
0.01940004
0.01940004
0.01944722
0.01975287
0.02006829
0.02039394
0.02073020
0.02107788
0.02125319
0.02125332
0.02125332
0.02125325
0.02125311
0.02125298
0.02125285
0.02125285
0.02126970
0.02132862
0.02150320
0.02197824
0.02248521
0.02301606
0.02357258
0.02415668
0.02477046
0.03655788
0.03655788
0.03655788
0.03655788
0.03655788
0.03655788
0.03655788
0.03655788
0.03655788
0.03655788
0.03655788
0.03655788
0.03655788
0.03655788
0.03655788
0.03655788
0.03655788
0.03655788
0.03655788
0.03655788
0.03655788
0.03655788
0.03655788
0.03655788
0.03655788
0.03655788
0.03655788
0.03655788
0.03655788
0.03655788
0.03655788
0.03655788
0.03655788
0.03655788
0.03655788
0.03655788
0.03655788
0.03655788
0.03655788
0.03655788
0.03655788
0.03655788
0.03655788
0.03655788
0.03655788
0.03655788
0.03655788
0.03655788
0.03655788
0.03655788
0.03655788
0.03655788
0.03655788
0.03655788
0.03655788
0.03655788
0.03655788
0.03655788
0.03655788
0.03655788
0.03655788
0.03655788
0.03655788
0.03655788
0.03655788
0.03655788
0.03655788
0.03655788
0.03655788
0.03655788
0.03655788
0.03655788
0.03655788
0.03655788
0.03655788
0.03655788
0.03655788
0.03655788
0.03655788
0.03655788
0.03655788
0.03655788
0.03655788
0.03655788
0.02463835
0.02402403
0.02343961
0.02288294
0.02235210
0.02184564
0.02143835
0.02130196
0.02126087
0.02125283
0.02125287
0.02125301
0.02125315
0.02125329
0.02125339
0.02125324
0.02125309
0.02097557
0.02062815
0.02029205
0.01996673
0.01965167
0.01940004
0.01940004
0.01940004
0.01940004
0.01940004
0.01940004
0.01940004
0.01940004
0.01940004
0.01940004
0.01940004
0.01940004
0.01940004
0.01940004
0.01940004
0.01940004
0.01940004
0.01940004
0.02767970
0.02767119
0.02766271
0.02765422
0.02764574
0.02763726
0.02762879
0.02762033
0.02761187
0.02760342
0.02759497
0.02758656
0.02757815
0.02756974
0.02756134
0.02755294
0.02754456
0.02753617
0.02752779
0.02751942
0.02751105
0.02750269
0.02749433
0.02748597
0.02747762
0.02746928
0.02746094
0.02745261
0.02744428
0.02743596
0.02742764
0.02741932
0.02741101
0.02740271
0.02739441
0.02738612
0.02737783
0.02736955
0.02736127
0.02735299
0.02734473
0.02733647
0.02732822
0.02731997
0.02731174
0.02730350
0.02730475
0.02731301
0.02732126
0.02732953
0.02733780
0.02734608
0.02735436
0.02736265
0.02737094
0.02737923
0.02738754
0.02739584
0.02740415
0.02741247
0.02742079
0.02742912
0.02743745
0.02744579
0.02745413
0.02746248
0.02747083
0.02747918
0.02748755
0.02749592
0.02750429
0.02751267
0.02752105
0.02752943
0.02753780
0.02754618
0.02755457
0.02756296
0.02757136
0.02757976
0.02758816
0.02759658
0.02760500
0.02761341
0.02762184
0.02763028
0.02763871
0.02764716
0.02765561
0.02766405
0.02767251
0.02768098
0.01940004
0.01940004
0.01940004
0.01940004
0.01940004
0.01940004
0.01940004
0.01940004
0.01940004
0.01940004
0.01940004
0.01940004
0.01940004
0.01940004
0.01940004
0.01940004
0.01940004
0.01944722
0.01975287
0.02006829
0.02039394
0.02073020
0.02107788
0.02126016
0.02126026
0.02126029
0.02126021
0.02126008
0.02125995
0.02125981
0.02125980
0.02127693
0.02133681
0.02151292
0.02199125
0.02249878
0.02303028
0.02358750
0.02417236
0.02478694
0.03626745
0.03626745
0.03626745
0.03626745
0.03626745
0.03626745
0.03626745
0.03626745
0.03626745
0.03626745
0.03626745
0.03626745
0.03626745
0.03626745
0.03626745
0.03626745
0.03626745
0.03626745
0.03626745
0.03626745
0.03626745
0.03626745
0.03626745
0.03626745
0.03626745
0.03626745
0.03626745
0.03626745
0.03626745
0.03626745
0.03626745
0.03626745
0.03626745
0.03626745
0.03626745
0.03626745
0.03626745
0.03626745
0.03626745
0.03626745
0.03626745
0.03626745
0.03626745
0.03626745
0.03626745
0.03626745
0.03626745
0.03626745
0.03626745
0.03626745
0.03626745
0.03626745
0.03626745
0.03626745
0.03626745
0.03626745
0.03626745
0.03626745
0.03626745
0.03626745
0.03626745
0.03626745
0.03626745
0.03626745
0.03626745
0.03626745
0.03626745
0.03626745
0.03626745
0.03626745
0.03626745
0.03626745
0.03626745
0.03626745
0.03626745
0.03626745
0.03626745
0.03626745
0.03626745
0.03626745
0.03626745
0.03626745
0.03626745
0.03626745
0.02465485
0.02403972
0.02345454
0.02289717
0.02236568
0.02185855
0.02144800
0.02131006
0.02126821
0.02125979
0.02125984
0.02125997
0.02126011
0.02126025
0.02126033
0.02126018
0.02126003
0.02097557
0.02062815
0.02029205
0.01996673
0.01965167
0.01940004
0.01940004
0.01940004
0.01940004
0.01940004
0.01940004
0.01940004
0.01940004
0.01940004
0.01940004
0.01940004
0.01940004
0.01940004
0.01940004
0.01940004
0.01940004
0.01940004
0.01940004
0.02767965
0.02767116
0.02766267
0.02765419
0.02764571
0.02763723
0.02762876
0.02762030
0.02761186
0.02760343
0.02759501
0.02758660
0.02757819
0.02756978
0.02756138
0.02755299
0.02754460
0.02753621
0.02752783
0.02751946
0.02751110
0.02750273
0.02749437
0.02748602
0.02747766
0.02746932
0.02746098
0.02745265
0.02744432
0.02743600
0.02742768
0.02741936
0.02741105
0.02740275
0.02739445
0.02738616
0.02737788
0.02736961
0.02736134
0.02735307
0.02734481
0.02733655
0.02732830
0.02732006
0.02731182
0.02730358
0.02730473
0.02731298
0.02732124
0.02732951
0.02733778
0.02734605
0.02735434
0.02736262
0.02737091
0.02737921
0.02738751
0.02739582
0.02740413
0.02741245
0.02742077
0.02742909
0.02743743
0.02744576
0.02745410
0.02746245
0.02747080
0.02747916
0.02748752
0.02749589
0.02750426
0.02751264
0.02752102
0.02752940
0.02753780
0.02754620
0.02755461
0.02756300
0.02757140
0.02757980
0.02758820
0.02759662
0.02760503
0.02761345
0.02762188
0.02763031
0.02763875
0.02764720
0.02765564
0.02766409
0.02767255
0.02768101
0.01940004
0.01940004
0.01940004
0.01940004
0.01940004
0.01940004
0.01940004
0.01940004
0.01940004
0.01940004
0.01940004
0.01940004
0.01940004
0.01940004
0.01940004
0.01940004
0.01940004
0.01944722
0.01975287
0.02006829
0.02039394
0.02073020
0.02107788
0.02126710
0.02126720
0.02126727
0.02126718
0.02126705
0.02126691
0.02126678
0.02126676
0.02128417
0.02134501
0.02152265
0.02200425
0.02251238
0.02304453
0.02360245
0.02418805
0.02948431
0.03598160
0.03598160
0.03598160
0.03598160
0.03598160
0.03598160
0.03598160
0.03598160
0.03598160
0.03598160
0.03598160
0.03598160
0.03598160
0.03598160
0.03598160
0.03598160
0.03598160
0.03598160
0.03598160
0.03598160
0.03598160
0.03598160
0.03598160
0.03598160
0.03598160
0.03598160
0.03598160
0.03598160
0.03598160
0.03598160
0.03598160
0.03598160
0.03598160
0.03598160
0.03598160
0.03598160
0.03598160
0.03598160
0.03598160
0.03598160
0.03598160
0.03598160
0.03598160
0.03598160
0.03598160
0.03598160
0.03598160
0.03598160
0.03598160
0.03598160
0.03598160
0.03598160
0.03598160
0.03598160
0.03598160
0.03598160
0.03598160
0.03598160
0.03598160
0.03598160
0.03598160
0.03598160
0.03598160
0.03598160
0.03598160
0.03598160
0.03598160
0.03598160
0.03598160
0.03598160
0.03598160
0.03598160
0.03598160
0.03598160
0.03598160
0.03598160
0.03598159
0.03598159
0.03598159
0.03598159
0.03598159
0.03598159
0.03598159
0.03598159
0.02939055
0.02405543
0.02346949
0.02291142
0.02237927
0.02187148
0.02145765
0.02131816
0.02127555
0.02126674
0.02126681
0.02126694
0.02126708
0.02126722
0.02126728
0.02126713
0.02126698
0.02097557
0.02062815
0.02029205
0.01996673
0.01965167
0.01940004
0.01940004
0.01940004
0.01940004
0.01940004
0.01940004
0.01940004
0.01940004
0.01940004
0.01940004
0.01940004
0.01940004
0.01940004
0.01940004
0.01940004
0.01940004
0.01940004
0.01940004
0.02767962
0.02767112
0.02766264
0.02765415
0.02764567
0.02763721
0.02762877
0.02762033
0.02761190
0.02760347
0.02759505
0.02758664
0.02757823
0.02756982
0.02756142
0.02755303
0.02754464
0.02753625
0.02752788
0.02751950
0.02751114
0.02750277
0.02749441
0.02748606
0.02747771
0.02746936
0.02746102
0.02745269
0.02744436
0.02743604
0.02742772
0.02741942
0.02741111
0.02740282
0.02739453
0.02738624
0.02737796
0.02736968
0.02736141
0.02735315
0.02734489
0.02733659
0.02732826
0.02731993
0.02731161
0.02730329
0.02730471
0.02731296
0.02732121
0.02732949
0.02733775
0.02734603
0.02735431
0.02736260
0.02737089
0.02737918
0.02738749
0.02739579
0.02740411
0.02741242
0.02742074
0.02742907
0.02743740
0.02744574
0.02745408
0.02746242
0.02747078
0.02747913
0.02748750
0.02749586
0.02750424
0.02751261
0.02752100
0.02752938
0.02753778
0.02754617
0.02755458
0.02756299
0.02757140
0.02757982
0.02758824
0.02759665
0.02760506
0.02761349
0.02762192
0.02763035
0.02763878
0.02764723
0.02765567
0.02766412
0.02767259
0.02768105
0.01940004
0.01940004
0.01940004
0.01940004
0.01940004
0.01940004
0.01940004
0.01940004
0.01940004
0.01940004
0.01940004
0.01940004
0.01940004
0.01940004
0.01940004
0.01940004
0.01940004
0.01944722
0.01975287
0.02006829
0.02039381
0.02073020
0.02107788
0.02127405
0.02127415
0.02127422
0.02127416
0.02127402
0.02127389
0.02127375
0.02127372
0.02129141
0.02135322
0.02153238
0.02201726
0.02252599
0.02305880
0.02361741
0.02420376
0.02948431
0.03570022
0.03570022
0.03570022
0.03570022
0.03570022
0.03570022
0.03570022
0.03570022
0.03570022
0.03570022
0.03570022
0.03570022
0.03570022
0.03570022
0.03570022
0.03570022
0.03570022
0.03570022
0.03570022
0.03570022
0.03570022
0.03570022
0.03570022
0.03570022
0.03570022
0.03570022
0.03570022
0.03570022
0.03570022
0.03570022
0.03570022
0.03570022
0.03570022
0.03570022
0.03570022
0.03570022
0.03570022
0.03570022
0.03570022
0.03570022
0.03570022
0.03570022
0.03570022
0.03570022
0.03570022
0.03570022
0.03570022
0.03570022
0.03570022
0.03570022
0.03570022
0.03570022
0.03570022
0.03570022
0.03570022
0.03570022
0.03570022
0.03570022
0.03570022
0.03570022
0.03570022
0.03570022
0.03570022
0.03570022
0.03570022
0.03570022
0.03570022
0.03570022
0.03570022
0.03570022
0.03570022
0.03570022
0.03570022
0.03570022
0.03570022
0.03570022
0.03570021
0.03570021
0.03570021
0.03570021
0.03570021
0.03570021
0.03570021
0.03570021
0.02939055
0.02407116
0.02348446
0.02292569
0.02239289
0.02188443
0.02146731
0.02132627
0.02128290
0.02127371
0.02127378
0.02127392
0.02127405
0.02127421
0.02127423
0.02127408
0.02127393
0.02097557
0.02062815
0.02029205
0.01996673
0.01965167
0.01940004
0.01940004
0.01940004
0.01940004
0.01940004
0.01940004
0.01940004
0.01940004
0.01940004
0.01940004
0.01940004
0.01940004
0.01940004
0.01940004
0.01940004
0.01940004
0.01940004
0.01940004
0.02767958
0.02767109
0.02766261
0.02765415
0.02764570
0.02763725
0.02762881
0.02762037
0.02761194
0.02760351
0.02759510
0.02758668
0.02757827
0.02756987
0.02756147
0.02755307
0.02754468
0.02753630
0.02752792
0.02751955
0.02751118
0.02750282
0.02749445
0.02748610
0.02747775
0.02746940
0.02746107
0.02745275
0.02744443
0.02743611
0.02742780
0.02741949
0.02741119
0.02740289
0.02739460
0.02738629
0.02737793
0.02736957
0.02736121
0.02735286
0.02734452
0.02733625
0.02732799
0.02731974
0.02731149
0.02730325
