0.20685199
0.20789395
0.20894696
0.21001689
0.21110483
0.21222815
0.21341258
0.29829168
0.29892385
0.29955870
0.30019626
0.30083653
0.30147955
0.30212584
0.30277437
0.30342570
0.30407983
0.30473682
0.30539715
0.30605984
0.30672538
0.30739385
0.30806524
0.30873954
0.30941683
0.31009710
0.31078035
0.31146660
0.31215593
0.31284830
0.31354430
0.31424284
0.31494451
0.31564933
0.31635728
0.31706843
0.31778336
0.31850094
0.31922176
0.31994587
0.32067329
0.32140398
0.32213861
0.32287604
0.32361683
0.32436103
0.32510868
0.32585976
0.32661492
0.32737300
0.32813460
0.32889974
0.32966846
0.33044142
0.33121738
0.33199698
0.33278027
0.33356726
0.33435801
0.33515310
0.33595139
0.33675349
0.33755940
0.33836919
0.33918288
0.34000048
0.34082204
0.34164757
0.34247711
0.34331071
0.34414837
0.34499079
0.34583667
0.34668672
0.34754094
0.34839940
0.34926209
0.35012975
0.35100105
0.35187671
0.35275674
0.35364118
0.35453078
0.35542417
0.35632205
0.35722446
0.35813150
0.35904312
0.35996014
0.36088112
0.36180684
0.36273730
0.36367255
0.36461267
0.36555839
0.36650828
0.36746311
0.36842293
0.36938778
0.37035769
0.37133351
0.37231368
0.37329906
0.37428963
0.37528473
0.37628591
0.37729323
0.37830517
0.37932253
0.38034540
0.38137379
0.38240859
0.38344818
0.38449347
0.38554445
0.38660118
0.38766375
0.38873300
0.38980731
0.39088759
0.39197385
0.39306620
0.39416462
0.39527011
0.39635178
0.39734447
0.39834213
0.39934304
0.40033999
0.40109503
0.40185294
0.40261281
0.40337646
0.40391466
0.40442950
0.40494379
0.40545940
0.40578663
0.40605783
0.40632665
0.40659580
0.40671843
0.40674725
0.40677515
0.40680116
0.40674353
0.40654659
0.40635169
0.40611157
0.40585232
0.40560079
0.40553424
0.40591061
0.40678537
0.86268598
0.86534488
0.86801600
0.87070364
0.87341231
0.87613350
0.87887174
0.88163155
0.88440430
0.88719457
0.89000696
0.89283276
0.89567655
0.89854306
0.90142339
0.90432227
0.90724444
0.91018093
0.91313648
0.91611600
0.91911030
0.92212421
0.92516279
0.92821664
0.93129069
0.93439007
0.93750519
0.94064116
0.94380319
0.94698155
0.95018137
0.95340794
0.95665139
0.95991701
0.96321023
0.96652079
0.96985424
0.97321612
0.97659600
0.97999942
0.98343205
0.98688340
0.99035901
0.99386477
0.99738985
1.00094008
1.00452125
1.00812244
1.01174963
1.01540864
1.01908267
1.02278924
1.02652884
1.03028977
1.03407848
1.03790116
1.04174614
1.04561973
1.04952848
1.05346024
1.05742157
1.06141913
1.06544065
1.06949282
1.07358229
1.07769680
1.08184278
1.08602750
1.09023809
1.09448135
1.09876466
1.10307479
1.10741878
1.11180413
1.11621726
1.12066567
1.12515676
1.12967682
1.13423336
1.13883400
1.14346480
1.14813352
1.15284789
1.15759361
1.16237855
1.16721094
1.17207599
1.17698169
1.18193638
1.18692517
1.19195628
1.19703817
1.20215559
1.20731688
1.21253085
1.21778190
1.22307849
1.22842991
1.23381972
1.23925710
1.24475133
1.25028563
0.20656322
0.20756257
0.20860024
0.20966166
0.21073994
0.21183389
0.21295939
0.21412370
0.29942417
0.30006114
0.30070084
0.30134326
0.30198896
0.30263692
0.30328766
0.30394122
0.30459759
0.30525678
0.30591938
0.30658433
0.30725217
0.30792293
0.30859664
0.30927384
0.30995291
0.31063554
0.31132117
0.31200984
0.31270155
0.31339690
0.31409478
0.31479579
0.31549993
0.31620723
0.31691772
0.31763196
0.31834885
0.31906900
0.31979242
0.32051912
0.32124913
0.32198304
0.32271975
0.32345980
0.32420328
0.32495019
0.32570055
0.32645500
0.32721230
0.32797316
0.32873756
0.32950553
0.33027709
0.33105290
0.33183172
0.33261424
0.33340046
0.33419040
0.33498472
0.33578217
0.33658347
0.33738858
0.33819753
0.33901039
0.33982718
0.34064791
0.34147260
0.34230128
0.34313402
0.34397081
0.34481236
0.34565735
0.34650651
0.34735987
0.34821743
0.34907922
0.34994599
0.35081637
0.35169110
0.35257021
0.35345370
0.35434234
0.35523477
0.35613170
0.35703316
0.35793921
0.35884988
0.35976589
0.36068588
0.36161059
0.36254004
0.36347428
0.36441335
0.36535805
0.36630690
0.36726069
0.36821944
0.36918324
0.37015209
0.37112680
0.37210587
0.37309015
0.37407961
0.37507358
0.37607363
0.37707981
0.37809062
0.37910685
0.38012853
0.38115576
0.38218856
0.38322777
0.38427183
0.38532162
0.38637713
0.38743845
0.38850647
0.38957953
0.39065853
0.39174354
0.39283457
0.39393172
0.39503589
0.39614537
0.39726111
0.39829668
0.39929736
0.40030310
0.40131298
0.40219072
0.40295276
0.40371770
0.40448463
0.40514749
0.40566641
0.40618572
0.40670449
0.40714824
0.40742129
0.40769470
0.40796566
0.40819767
0.40822577
0.40825480
0.40828288
0.40830910
0.40812281
0.40792546
0.40770963
0.40744925
0.40718922
0.40699929
0.40715289
0.40786096
0.40921679
0.86744916
0.87013334
0.87283838
0.87555605
0.87829065
0.88104683
0.88381588
0.88660246
0.88941103
0.89223307
0.89507300
0.89793563
0.90081209
0.90370703
0.90662521
0.90955770
0.91250920
0.91548467
0.91847479
0.92148453
0.92451888
0.92756850
0.93063819
0.93373322
0.93684399
0.93997556
0.94313312
0.94630694
0.94950217
0.95272416
0.95596296
0.95922387
0.96251231
0.96581811
0.96914667
0.97250360
0.97587854
0.97927696
0.98270458
0.98615074
0.98962122
0.99312174
0.99664158
1.00018644
1.00376225
1.00735795
1.01097953
1.01463306
1.01830149
1.02200234
1.02573609
1.02949131
1.03327417
1.03709090
1.04092991
1.04479742
1.04869986
1.05262542
1.05658054
1.06057167
1.06458676
1.06863248
1.07271540
1.07682312
1.08096242
1.08514035
1.08934402
1.09358037
1.09785652
1.10215950
1.10649633
1.11087430
1.11528015
1.11972106
1.12420452
1.12871695
1.13326561
1.13785851
1.14248145
1.14714205
1.15184820
1.15658569
1.16136241
1.16618621
1.17104268
1.17593968
1.18088567
1.18586564
1.19088769
1.19596052
1.20106864
1.20622051
1.21142507
1.21666646
1.22195339
1.22729492
1.23267484
1.23810208
1.24358606
1.24910998
1.25468326
0.20628339
0.20727834
0.20828366
0.20931602
0.21038476
0.21147048
0.21256775
0.21369621
0.21486369
0.30056527
0.30120713
0.30185223
0.30249962
0.30314976
0.30380270
0.30445847
0.30511707
0.30577907
0.30644342
0.30711064
0.30778080
0.30845386
0.30912989
0.30980942
0.31049088
0.31117585
0.31186387
0.31255496
0.31324965
0.31394687
0.31464723
0.31535071
0.31605732
0.31676713
0.31748012
0.31819692
0.31891638
0.31963909
0.32036510
0.32109439
0.32182762
0.32256359
0.32330295
0.32404572
0.32479191
0.32554153
0.32629520
0.32705179
0.32781190
0.32857555
0.32934275
0.33011356
0.33088860
0.33166665
0.33244839
0.33323380
0.33402297
0.33481586
0.33561316
0.33641362
0.33721790
0.33802605
0.33883810
0.33965403
0.34047392
0.34129778
0.34212562
0.34295750
0.34379342
0.34463412
0.34547824
0.34632653
0.34717897
0.34803563
0.34889653
0.34976238
0.35063186
0.35150567
0.35238385
0.35326642
0.35415342
0.35504559
0.35594156
0.35684207
0.35774714
0.35865682
0.35957184
0.36049086
0.36141455
0.36234298
0.36327621
0.36421427
0.36515793
0.36610574
0.36705849
0.36801618
0.36897892
0.36994669
0.37092030
0.37189829
0.37288147
0.37386984
0.37486348
0.37586161
0.37686667
0.37787631
0.37889138
0.37991193
0.38093796
0.38196957
0.38300762
0.38405049
0.38509902
0.38615334
0.38721341
0.38827935
0.38935199
0.39042976
0.39151350
0.39260325
0.39369911
0.39480194
0.39591011
0.39702454
0.39814523
0.39925081
0.40025628
0.40126684
0.40228251
0.40329054
0.40405953
0.40482870
0.40559986
0.40637395
0.40690997
0.40743434
0.40795726
0.40848058
0.40879390
0.40906915
0.40934479
0.40961701
0.40971601
0.40974525
0.40977356
0.40980184
0.40971130
0.40951148
0.40931278
0.40905881
0.40879577
0.40855840
0.40855464
0.40900338
0.41005579
0.86956370
0.87226528
0.87497932
0.87771034
0.88046283
0.88322824
0.88601106
0.88881594
0.89163417
0.89447033
0.89732909
0.90020162
0.90309262
0.90600687
0.90893537
0.91188282
0.91485417
0.91784018
0.92084575
0.92387593
0.92692125
0.92998672
0.93307739
0.93618375
0.93931091
0.94246399
0.94563329
0.94882399
0.95204133
0.95527548
0.95853168
0.96181536
0.96511638
0.96844012
0.97179216
0.97516215
0.97855556
0.98197812
0.98541921
0.98888451
0.99237984
0.99589437
0.99943388
1.00300431
1.00659466
1.01021075
1.01385868
1.01752150
1.02121663
1.02494466
1.02869415
1.03247106
1.03628182
1.04011488
1.04397631
1.04787266
1.05179203
1.05574071
1.05972564
1.06373429
1.06777346
1.07184982
1.07595098
1.08008361
1.08425462
1.08845139
1.09268081
1.09694993
1.10124576
1.10557544
1.10994613
1.11434460
1.11877799
1.12325394
1.12775862
1.13229966
1.13688469
1.14149964
1.14615226
1.15085030
1.15557957
1.16034794
1.16516340
1.17001128
1.17489970
1.17983687
1.18480790
1.18982100
1.19488478
1.19998360
1.20512629
1.21032131
1.21555316
1.22083032
1.22616208
1.23153198
1.23694921
1.24242294
1.24793649
1.25349927
1.25912082
0.20602481
0.20699728
0.20799914
0.20901223
0.21003944
0.21111384
0.21220663
0.21331081
0.21443814
0.21560670
0.30171564
0.30236241
0.30301198
0.30366433
0.30431950
0.30497751
0.30563888
0.30630261
0.30696923
0.30763876
0.30831122
0.30898660
0.30966553
0.31034634
0.31103069
0.31171808
0.31240848
0.31310198
0.31379911
0.31449878
0.31520161
0.31590757
0.31661668
0.31732959
0.31804511
0.31876388
0.31948590
0.32021120
0.32093981
0.32167232
0.32240760
0.32314625
0.32388827
0.32463375
0.32538262
0.32613558
0.32689142
0.32765079
0.32841370
0.32918015
0.32995018
0.33072445
0.33150172
0.33228269
0.33306733
0.33385569
0.33464777
0.33544427
0.33624393
0.33704743
0.33785477
0.33866596
0.33948043
0.34030014
0.34112313
0.34195015
0.34278116
0.34361622
0.34445605
0.34529930
0.34614670
0.34699827
0.34785405
0.34871402
0.34957898
0.35044754
0.35132045
0.35219768
0.35307932
0.35396537
0.35485661
0.35575163
0.35665116
0.35755527
0.35846397
0.35937729
0.36029604
0.36121872
0.36214617
0.36307839
0.36401540
0.36495727
0.36590481
0.36685649
0.36781314
0.36877480
0.36974150
0.37071329
0.37169096
0.37267303
0.37366030
0.37465280
0.37564981
0.37665376
0.37766224
0.37867618
0.37969553
0.38072044
0.38175085
0.38278770
0.38382936
0.38487673
0.38592979
0.38698867
0.38805333
0.38912475
0.39020124
0.39128369
0.39237219
0.39346674
0.39456743
0.39567515
0.39678824
0.39790761
0.39903331
0.40016541
0.40121982
0.40223524
0.40325582
0.40428162
0.40516964
0.40594488
0.40672123
0.40749964
0.40816212
0.40868878
0.40921775
0.40974432
0.41017675
0.41045386
0.41073042
0.41100734
0.41121718
0.41124663
0.41127515
0.41130459
0.41131127
0.41111082
0.41090962
0.41068020
0.41041222
0.41013893
0.40995759
0.41025144
0.41105860
0.41301766
0.87440336
0.87713081
0.87987965
0.88264138
0.88542050
0.88822168
0.89103609
0.89386845
0.89672333
0.89959204
0.90247911
0.90538937
0.90831387
0.91125727
0.91422451
0.91720647
0.92020786
0.92323381
0.92627490
0.92933607
0.93242246
0.93552446
0.93864715
0.94179577
0.94496059
0.94814676
0.95135951
0.95458901
0.95784056
0.96111947
0.96441573
0.96773463
0.97108179
0.97444677
0.97783524
0.98125273
0.98468876
0.98814893
0.99163902
0.99514830
0.99868250
1.00224757
1.00583243
1.00944304
1.01308548
1.01674271
1.02043223
1.02415454
1.02789807
1.03166914
1.03547406
1.03930104
1.04315639
1.04704666
1.05095983
1.05490243
1.05888093
1.06288314
1.06691587
1.07098567
1.07508016
1.07920611
1.08337045
1.08756030
1.09178281
1.09604490
1.10033357
1.10465610
1.10901952
1.11341059
1.11783648
1.12230492
1.12680209
1.13133538
1.13591254
1.14051962
1.14516413
1.14985418
1.15457523
1.15933526
1.16414225
1.16898167
1.17386138
1.17878997
1.18375206
1.18875623
1.19381094
1.19890058
1.20403397
1.20921957
1.21444190
1.21970940
1.22503126
1.23039126
1.23579848
1.24126196
1.24676526
1.25231755
1.25792849
1.26358092
0.20579520
0.20674460
0.20771661
0.20872474
0.20974615
0.21077737
0.21184826
0.21294869
0.21405907
0.21517822
0.21635489
0.30287433
0.30352607
0.30418065
0.30483806
0.30549884
0.30616194
0.30682796
0.30749688
0.30816871
0.30884346
0.30952173
0.31020191
0.31088564
0.31157237
0.31226215
0.31295499
0.31365147
0.31435052
0.31505266
0.31575793
0.31646639
0.31717804
0.31789348
0.31861153
0.31933287
0.32005748
0.32078540
0.32151720
0.32225177
0.32298970
0.32373101
0.32447574
0.32522389
0.32597554
0.32673123
0.32748985
0.32825199
0.32901767
0.32978696
0.33056045
0.33133698
0.33211717
0.33290100
0.33368859
0.33447990
0.33527559
0.33607444
0.33687711
0.33768362
0.33849400
0.33930767
0.34012651
0.34094867
0.34177485
0.34260499
0.34343922
0.34427750
0.34512055
0.34596708
0.34681776
0.34767264
0.34853172
0.34939578
0.35026342
0.35113540
0.35201171
0.35289243
0.35377756
0.35466781
0.35556188
0.35646048
0.35736361
0.35827133
0.35918367
0.36010143
0.36102313
0.36194956
0.36288077
0.36381677
0.36475760
0.36570409
0.36665472
0.36761034
0.36857092
0.36953655
0.37050727
0.37148383
0.37246481
0.37345099
0.37444240
0.37543827
0.37644029
0.37744844
0.37846121
0.37947941
0.38050315
0.38153240
0.38256803
0.38360852
0.38465464
0.38570651
0.38676414
0.38782761
0.38889775
0.38997298
0.39105418
0.39214140
0.39323464
0.39433405
0.39544046
0.39655223
0.39767027
0.39879462
0.39992535
0.40106252
0.40218708
0.40320832
0.40423387
0.40526465
0.40628585
0.40706536
0.40784788
0.40863156
0.40941727
0.40995097
0.41048321
0.41101590
0.41154709
0.41184703
0.41212642
0.41240522
0.41268441
0.41275811
0.41278777
0.41281649
0.41284618
0.41271505
0.41250271
0.41228774
0.41201100
0.41173556
0.41150713
0.41157183
0.41215220
0.41344166
0.87655205
0.87929720
0.88205528
0.88483077
0.88762814
0.89043880
0.89326733
0.89611840
0.89898324
0.90186638
0.90477270
0.90769321
0.91063261
0.91359580
0.91657358
0.91957086
0.92259258
0.92562944
0.92868638
0.93176842
0.93486607
0.93798441
0.94112855
0.94428885
0.94747049
0.95067865
0.95390356
0.95715040
0.96042460
0.96371603
0.96703017
0.97037238
0.97373253
0.97711599
0.98052841
0.98395938
0.98741442
0.99089932
0.99440336
0.99793226
1.00149190
1.00507140
1.00867653
1.01231349
1.01597083
1.01964891
1.02336550
1.02710330
1.03086853
1.03466761
1.03848863
1.04233789
1.04622209
1.05012906
1.05406535
1.05803752
1.06203341
1.06605959
1.07012284
1.07421076
1.07833004
1.08248758
1.08667064
1.09088624
1.09514129
1.09942293
1.10373819
1.10809433
1.11247814
1.11689663
1.12135756
1.12584698
1.13037264
1.13494205
1.13954115
1.14417779
1.14885974
1.15357256
1.15832436
1.16312289
1.16795385
1.17282498
1.17774475
1.18269813
1.18769336
1.19273901
1.19781959
1.20294356
1.20811987
1.21333265
1.21859050
1.22390258
1.22925270
1.23464990
1.24010324
1.24559617
1.25113809
1.25673842
1.26238012
1.26807272
0.20557891
0.20651865
0.20746629
0.20844121
0.20945665
0.21048427
0.21151848
0.21258476
0.21369262
0.21480326
0.21592343
0.21710934
0.30404192
0.30469874
0.30535838
0.30602142
0.30668682
0.30735511
0.30802631
0.30870047
0.30937812
0.31005767
0.31074074
0.31142685
0.31211597
0.31280816
0.31350398
0.31420234
0.31490383
0.31560847
0.31631625
0.31702721
0.31774196
0.31845936
0.31917998
0.31990391
0.32063112
0.32136163
0.32209608
0.32283330
0.32357389
0.32431790
0.32506531
0.32581681
0.32657117
0.32732904
0.32809043
0.32885540
0.32962391
0.33039603
0.33117238
0.33195180
0.33273485
0.33352163
0.33431217
0.33510706
0.33590510
0.33670697
0.33751267
0.33832225
0.33913571
0.33995306
0.34077442
0.34159970
0.34242904
0.34326237
0.34409979
0.34494197
0.34578761
0.34663743
0.34749141
0.34834963
0.34921208
0.35007951
0.35095054
0.35182595
0.35270572
0.35358992
0.35447925
0.35537237
0.35626999
0.35717216
0.35807890
0.35899028
0.35990700
0.36082771
0.36175317
0.36268336
0.36361834
0.36455816
0.36550358
0.36645320
0.36740774
0.36836728
0.36933184
0.37030146
0.37127697
0.37225685
0.37324190
0.37423220
0.37522697
0.37622783
0.37723485
0.37824649
0.37926355
0.38028610
0.38131416
0.38234782
0.38338789
0.38443285
0.38548350
0.38653991
0.38760212
0.38867104
0.38974500
0.39082494
0.39191085
0.39300284
0.39410093
0.39520603
0.39631650
0.39743319
0.39855620
0.39968559
0.40082139
0.40196455
0.40311337
0.40418613
0.40521666
0.40625247
0.40729356
0.40819207
0.40897986
0.40976882
0.41055989
0.41122100
0.41175655
0.41229251
0.41282991
0.41324970
0.41353098
0.41381267
0.41409376
0.41428170
0.41430965
0.41432893
0.41434726
0.41430676
0.41409281
0.41387808
0.41362324
0.41334468
0.41306940
0.41298985
0.41338021
0.41430387
0.87871557
0.88147002
0.88424176
0.88703543
0.88984233
0.89266706
0.89551431
0.89837521
0.90125448
0.90415686
0.90707338
0.91000873
0.91296786
0.91594160
0.91893476
0.92195231
0.92498493
0.92803758
0.93111527
0.93420857
0.93732256
0.94046223
0.94361806
0.94679517
0.94999880
0.95321906
0.95646119
0.95973068
0.96301740
0.96632665
0.96966404
0.97301924
0.97639775
0.97980523
0.98323107
0.98668098
0.99016070
0.99365950
0.99718314
1.00073743
1.00431156
1.00791121
1.01154256
1.01519442
1.01886690
1.02257776
1.02630985
1.03006923
1.03386223
1.03767729
1.04152071
1.04539871
1.04929948
1.05322957
1.05719543
1.06118500
1.06520474
1.06926155
1.07334280
1.07745540
1.08160615
1.08578241
1.08999109
1.09423923
1.09851372
1.10282183
1.10717082
1.11154723
1.11595833
1.12041175
1.12489367
1.12941158
1.13397312
1.13856447
1.14319313
1.14786696
1.15257168
1.15731514
1.16210544
1.16692781
1.17179048
1.17670155
1.18164611
1.18663239
1.19166899
1.19674039
1.20185518
1.20702207
1.21222532
1.21747363
1.22277606
1.22811627
1.23350334
1.23894656
1.24442935
1.24996078
1.25555062
1.26118159
1.26686335
1.27260566
0.20537208
0.20629677
0.20723465
0.20819327
0.20917089
0.21019122
0.21122131
0.21226154
0.21332717
0.21443659
0.21554926
0.21667540
0.21787120
0.30521911
0.30588102
0.30654579
0.30721349
0.30788407
0.30855760
0.30923408
0.30991352
0.31059596
0.31128144
0.31196991
0.31266147
0.31335664
0.31405434
0.31475517
0.31545913
0.31616622
0.31687653
0.31759059
0.31830731
0.31902725
0.31975049
0.32047698
0.32120681
0.32194054
0.32267705
0.32341692
0.32416019
0.32490692
0.32565707
0.32641128
0.32716841
0.32792905
0.32869324
0.32946101
0.33023298
0.33100796
0.33178657
0.33256888
0.33335489
0.33414459
0.33493808
0.33573595
0.33653700
0.33734190
0.33815065
0.33896327
0.33977982
0.34060031
0.34142476
0.34225324
0.34308574
0.34392229
0.34476361
0.34560838
0.34645730
0.34731039
0.34816769
0.34902924
0.34989578
0.35076591
0.35164037
0.35251921
0.35340247
0.35429016
0.35518304
0.35607970
0.35698089
0.35788667
0.35879707
0.35971284
0.36063254
0.36155698
0.36248615
0.36342013
0.36435890
0.36530331
0.36625189
0.36720538
0.36816385
0.36912733
0.37009591
0.37107033
0.37204909
0.37303308
0.37402225
0.37501591
0.37601563
0.37702152
0.37803200
0.37904790
0.38006929
0.38109618
0.38212866
0.38316756
0.38421130
0.38526073
0.38631591
0.38737690
0.38844374
0.38951731
0.39059597
0.39168063
0.39277130
0.39386809
0.39497191
0.39608103
0.39719641
0.39831808
0.39944610
0.40058056
0.40172234
0.40286976
0.40402377
0.40516779
0.40620425
0.40724510
0.40829131
0.40932596
0.41011721
0.41091153
0.41170797
0.41249889
0.41303778
0.41357711
0.41411880
0.41466001
0.41494516
0.41522875
0.41550985
0.41578355
0.41581851
0.41583794
0.41585639
0.41587582
0.41569421
0.41547883
0.41524717
0.41496643
0.41468608
0.41447848
0.41465518
0.41541481
0.41699523
0.88365358
0.88644350
0.88924664
0.89206761
0.89491105
0.89776808
0.90064347
0.90354186
0.90645438
0.90938580
0.91234082
0.91531044
0.91829950
0.92131287
0.92434126
0.92738968
0.93046308
0.93355209
0.93666160
0.93979692
0.94294828
0.94612080
0.94931990
0.95253551
0.95577306
0.95903784
0.96231973
0.96562421
0.96895677
0.97230709
0.97568059
0.97908306
0.98250383
0.98594868
0.98942322
0.99291676
0.99643511
0.99998409
1.00355279
1.00714707
1.01077294
1.01441920
1.01808596
1.02179110
1.02551746
1.02927113
1.03305829
1.03686738
1.04070473
1.04457664
1.04847133
1.05239522
1.05635476
1.06033790
1.06435132
1.06840158
1.07247627
1.07658219
1.08072627
1.08489561
1.08909738
1.09333861
1.09760606
1.10190713
1.10624874
1.11061788
1.11502171
1.11946750
1.12394190
1.12845218
1.13300598
1.13758945
1.14221013
1.14687598
1.15157259
1.15630770
1.16108966
1.16590369
1.17075765
1.17566013
1.18059599
1.18557334
1.19060087
1.19566321
1.20076883
1.20592630
1.21112013
1.21635890
1.22165143
1.22698188
1.23235905
1.23779213
1.24326468
1.24878573
1.25436497
1.25998533
1.26565635
1.27138770
1.27716196
0.20515716
0.20607825
0.20700860
0.20796002
0.20892514
0.20990568
0.21093322
0.21197112
0.21302183
0.21407658
0.21518265
0.21630415
0.21744324
0.21863817
0.30640492
0.30707198
0.30774194
0.30841485
0.30909124
0.30977008
0.31045133
0.31113616
0.31182399
0.31251490
0.31320885
0.31390646
0.31460664
0.31530991
0.31601638
0.31672600
0.31743938
0.31815541
0.31887466
0.31959718
0.32032299
0.32105210
0.32178515
0.32252094
0.32326010
0.32400265
0.32474864
0.32549807
0.32625154
0.32700792
0.32776782
0.32853127
0.32929829
0.33006889
0.33084369
0.33162156
0.33240306
0.33318827
0.33397719
0.33477050
0.33556697
0.33636722
0.33717129
0.33797920
0.33879101
0.33960673
0.34042639
0.34125000
0.34207761
0.34290928
0.34374496
0.34458542
0.34542930
0.34627733
0.34712955
0.34798595
0.34884661
0.34971222
0.35058144
0.35145500
0.35233292
0.35321525
0.35410199
0.35499391
0.35588962
0.35678986
0.35769466
0.35860407
0.35951811
0.36043757
0.36136100
0.36228916
0.36322212
0.36415988
0.36510324
0.36605078
0.36700323
0.36796066
0.36892307
0.36989054
0.37086388
0.37184158
0.37282446
0.37381253
0.37480587
0.37580368
0.37680843
0.37781775
0.37883252
0.37985274
0.38087848
0.38190976
0.38294747
0.38398999
0.38503823
0.38609219
0.38715196
0.38821754
0.38928986
0.39036724
0.39145064
0.39254004
0.39363554
0.39473805
0.39584586
0.39695990
0.39808023
0.39920691
0.40033999
0.40148044
0.40262645
0.40377906
0.40493828
0.40610418
0.40719575
0.40824261
0.40929395
0.41035074
0.41126090
0.41205963
0.41286150
0.41366649
0.41432703
0.41487068
0.41541481
0.41596135
0.41636708
0.41664287
0.41691807
0.41719362
0.41733840
0.41735795
0.41737655
0.41739613
0.41730806
0.41709098
0.41687414
0.41660193
0.41631937
0.41606441
0.41606829
0.41655806
0.41775563
0.88585234
0.88865179
0.89146894
0.89430857
0.89716178
0.90003324
0.90292770
0.90583628
0.90876365
0.91171467
0.91468018
0.91766512
0.92067432
0.92369854
0.92674267
0.92981178
0.93289644
0.93600160
0.93913251
0.94227940
0.94544744
0.94864196
0.95185298
0.95508587
0.95834595
0.96162313
0.96492285
0.96825051
0.97159588
0.97496450
0.97836196
0.98177773
0.98521739
0.98868680
0.99217516
0.99568826
0.99923193
1.00279522
1.00638402
1.01000440
1.01364505
1.01730633
1.02100575
1.02472639
1.02847421
1.03225553
1.03605866
1.03989005
1.04375589
1.04764450
1.05156207
1.05551541
1.05949223
1.06349921
1.06754291
1.07161105
1.07571042
1.07984769
1.08401036
1.08820522
1.09243941
1.09669995
1.10099375
1.10532832
1.10969007
1.11408651
1.11852491
1.12299168
1.12749434
1.13204050
1.13661611
1.14122891
1.14588666
1.15057504
1.15530205
1.16007566
1.16488123
1.16972673
1.17462051
1.17954767
1.18451619
1.18953478
1.19458807
1.19968438
1.20483255
1.21001697
1.21524608
1.22052896
1.22584963
1.23121679
1.23663986
1.24210215
1.24761295
1.25318158
1.25879133
1.26445162
1.27017200
1.27593517
1.28175104
0.20496440
0.20586802
0.20679119
0.20773116
0.20869341
0.20966512
0.21064766
0.21168149
0.21272068
0.21376884
0.21483231
0.21593548
0.21706672
0.21821629
0.21941082
0.30759996
0.30827224
0.30894747
0.30962619
0.31030685
0.31099102
0.31167823
0.31236848
0.31306234
0.31375873
0.31445822
0.31516087
0.31586665
0.31657559
0.31728771
0.31800362
0.31872222
0.31944406
0.32016918
0.32089758
0.32162991
0.32236499
0.32310343
0.32384527
0.32459053
0.32533923
0.32609197
0.32684761
0.32760677
0.32836947
0.32913572
0.32990554
0.33067960
0.33145666
0.33223742
0.33302185
0.33380997
0.33460185
0.33539814
0.33619758
0.33700085
0.33780795
0.33861893
0.33943382
0.34025264
0.34107542
0.34190220
0.34273300
0.34356782
0.34440738
0.34525040
0.34609756
0.34694889
0.34780443
0.34866416
0.34952888
0.35039720
0.35126981
0.35214680
0.35302821
0.35391399
0.35480496
0.35569972
0.35659900
0.35750285
0.35841128
0.35932434
0.36024281
0.36116523
0.36209241
0.36302432
0.36396107
0.36490268
0.36584991
0.36680129
0.36775768
0.36871904
0.36968544
0.37065771
0.37163430
0.37261608
0.37360305
0.37459525
0.37559196
0.37659559
0.37760377
0.37861738
0.37963644
0.38066098
0.38169110
0.38272762
0.38376895
0.38481599
0.38586873
0.38692725
0.38799161
0.38906267
0.39013880
0.39122093
0.39230904
0.39340326
0.39450359
0.39561096
0.39672369
0.39784268
0.39896801
0.40009972
0.40123880
0.40238345
0.40353465
0.40469247
0.40585694
0.40702814
0.40819207
0.40924409
0.41030154
0.41136354
0.41241097
0.41321421
0.41402152
0.41483104
0.41562432
0.41617140
0.41671896
0.41726112
0.41778114
0.41805881
0.41833588
0.41861430
0.41886747
0.41888914
0.41890788
0.41892758
0.41893548
0.41871670
0.41849816
0.41824937
0.41796458
0.41767821
0.41751754
0.41785273
0.41872853
0.88805771
0.89087111
0.89370686
0.89655626
0.89942384
0.90231442
0.90521902
0.90814239
0.91108936
0.91405082
0.91703159
0.92003667
0.92305666
0.92609656
0.92916143
0.93224174
0.93534255
0.93846899
0.94161147
0.94477504
0.94796497
0.95117140
0.95439965
0.95765501
0.96092749
0.96422243
0.96754527
0.97088581
0.97424948
0.97764188
0.98105264
0.98448724
0.98795152
0.99143469
0.99494249
0.99848086
1.00203884
1.00562215
1.00923705
1.01287222
1.01653361
1.02022159
1.02393651
1.02767849
1.03145397
1.03525126
1.03907657
1.04293644
1.04681885
1.05073035
1.05467737
1.05864787
1.06264842
1.06668568
1.07074726
1.07483995
1.07897055
1.08312643
1.08731449
1.09154177
1.09579527
1.10008204
1.10440934
1.10876393
1.11315298
1.11758387
1.12204313
1.12653816
1.13107657
1.13564444
1.14024925
1.14489901
1.14957941
1.15429819
1.15906346
1.16386068
1.16869771
1.17358279
1.17850113
1.18346095
1.18847048
1.19351470
1.19860196
1.20374084
1.20891571
1.21413541
1.21940863
1.22471941
1.23007667
1.23548961
1.24094176
1.24644220
1.25200045
1.25759971
1.26324916
1.26895869
1.27471089
1.28051543
1.28638244
0.20477740
0.20567487
0.20658503
0.20751321
0.20846611
0.20943545
0.21041384
0.21139540
0.21241809
0.21346326
0.21451722
0.21559338
0.21669386
0.21783708
0.21899161
0.22019386
0.30880436
0.30948246
0.31016248
0.31084600
0.31153259
0.31222218
0.31291485
0.31361115
0.31430998
0.31501195
0.31571707
0.31642532
0.31713679
0.31785202
0.31856993
0.31929106
0.32001549
0.32074320
0.32147422
0.32220918
0.32294691
0.32368803
0.32443255
0.32518053
0.32593256
0.32668746
0.32744586
0.32820779
0.32897329
0.32974237
0.33051565
0.33129197
0.33207193
0.33285558
0.33364293
0.33443400
0.33522949
0.33602813
0.33683059
0.33763686
0.33844703
0.33926108
0.34007907
0.34090102
0.34172693
0.34255686
0.34339085
0.34422955
0.34507170
0.34591800
0.34676844
0.34762308
0.34848192
0.34934571
0.35021311
0.35108483
0.35196090
0.35284135
0.35372624
0.35461625
0.35551006
0.35640836
0.35731125
0.35821870
0.35913077
0.36004823
0.36096966
0.36189583
0.36282676
0.36376250
0.36470306
0.36564925
0.36659962
0.36755493
0.36851522
0.36948055
0.37045097
0.37142727
0.37240794
0.37339380
0.37438491
0.37538049
0.37638298
0.37739003
0.37840247
0.37942037
0.38044378
0.38147271
0.38250804
0.38354817
0.38459399
0.38564551
0.38670281
0.38776591
0.38883576
0.38991064
0.39099148
0.39207834
0.39317125
0.39427027
0.39537632
0.39648774
0.39760542
0.39872941
0.39985976
0.40099746
0.40214074
0.40329054
0.40444696
0.40561002
0.40677980
0.40795726
0.40914062
0.41025048
0.41131315
0.41238135
0.41345415
0.41437620
0.41518712
0.41600120
0.41681850
0.41747642
0.41801953
0.41856411
0.41910809
0.41948342
0.41976336
0.42004269
0.42032340
0.42042863
0.42044947
0.42046934
0.42048821
0.42035317
0.42013291
0.41990891
0.41962284
0.41933420
0.41910216
0.41919100
0.41986236
0.42126840
0.89310598
0.89595151
0.89881527
0.90170193
0.90460259
0.90752196
0.91046488
0.91342229
0.91639900
0.91939986
0.92241573
0.92545140
0.92851198
0.93158799
0.93468446
0.93780649
0.94094449
0.94410354
0.94728893
0.95049083
0.95371443
0.95696515
0.96023291
0.96352303
0.96684104
0.97017670
0.97353548
0.97692293
0.98032862
0.98375815
0.98721725
0.99069524
0.99419785
0.99773091
1.00128353
1.00486147
1.00847089
1.01210046
1.01575637
1.01943874
1.02314782
1.02688408
1.03065372
1.03444505
1.03826439
1.04211819
1.04599452
1.04989982
1.05384064
1.05780482
1.06179905
1.06582987
1.06988490
1.07397103
1.07809496
1.08224404
1.08642530
1.09064555
1.09489202
1.09917176
1.10349190
1.10783923
1.11222088
1.11664438
1.12109625
1.12558365
1.13011432
1.13467431
1.13927138
1.14391303
1.14858544
1.15329599
1.15805304
1.16284180
1.16767037
1.17254686
1.17745650
1.18240750
1.18740821
1.19244337
1.19752145
1.20265102
1.20781660
1.21302664
1.21829021
1.22359133
1.22893870
1.23434162
1.23978364
1.24527383
1.25082159
1.25641024
1.26204896
1.26774764
1.27348876
1.27928221
1.28513789
1.29103816
0.20459618
0.20548090
0.20639150
0.20731406
0.20825027
0.20920654
0.21017708
0.21115617
0.21214442
0.21316315
0.21421157
0.21527086
0.21635593
0.21745865
0.21859467
0.21976894
0.22098030
0.31001824
0.31070113
0.31138706
0.31207603
0.31276804
0.31346369
0.31416187
0.31486318
0.31556761
0.31627521
0.31698599
0.31770056
0.31841776
0.31913823
0.31986195
0.32058895
0.32131988
0.32205352
0.32279056
0.32353094
0.32427475
0.32502198
0.32577267
0.32652745
0.32728511
0.32804629
0.32881105
0.32957935
0.33035189
0.33112741
0.33190662
0.33268946
0.33347604
0.33426633
0.33506101
0.33585885
0.33666047
0.33746597
0.33827531
0.33908853
0.33990568
0.34072679
0.34155187
0.34238094
0.34321406
0.34405124
0.34489319
0.34573859
0.34658816
0.34744191
0.34829986
0.34916276
0.35002923
0.35090005
0.35177520
0.35265473
0.35353863
0.35442773
0.35532057
0.35621795
0.35711986
0.35802633
0.35893741
0.35985389
0.36077434
0.36169949
0.36262941
0.36356410
0.36450365
0.36544880
0.36639813
0.36735240
0.36831164
0.36927590
0.37024525
0.37122044
0.37220001
0.37318480
0.37417477
0.37516925
0.37616980
0.37717649
0.37818781
0.37920457
0.38022679
0.38125455
0.38228869
0.38332763
0.38437223
0.38542256
0.38647863
0.38754052
0.38860908
0.38968271
0.39076230
0.39184788
0.39293951
0.39403725
0.39514199
0.39625210
0.39736843
0.39849108
0.39962009
0.40075549
0.40189829
0.40304673
0.40420175
0.40536338
0.40653172
0.40770683
0.40888968
0.41007847
0.41126278
0.41233072
0.41340324
0.41448236
0.41554379
0.41635928
0.41717798
0.41799599
0.41877878
0.41932529
0.41987327
0.42042267
0.42091677
0.42120060
0.42148286
0.42176449
0.42198047
0.42200246
0.42202348
0.42204249
0.42200446
0.42178246
0.42155972
0.42129433
0.42100435
0.42072177
0.42066211
0.42109799
0.42215860
0.89534765
0.89820749
0.90109026
0.90398699
0.90690237
0.90984130
0.91279465
0.91576725
0.91876400
0.92177564
0.92480713
0.92786342
0.93093508
0.93402719
0.93714488
0.94027847
0.94343305
0.94661391
0.94981122
0.95303023
0.95627624
0.95953929
0.96282464
0.96613789
0.96946865
0.97282249
0.97620499
0.97960567
0.98303020
0.98648417
0.98995697
0.99345434
0.99698204
1.00052929
1.00410187
1.00770581
1.01132989
1.01498020
1.01865697
1.02236044
1.02609086
1.02985466
1.03364015
1.03745353
1.04130137
1.04517162
1.04907072
1.05300534
1.05696321
1.06095099
1.06497538
1.06902397
1.07310343
1.07722068
1.08136308
1.08553743
1.08975089
1.09399033
1.09826303
1.10257602
1.10691607
1.11129045
1.11570656
1.12015080
1.12463069
1.12915373
1.13370597
1.13829505
1.14292884
1.14759314
1.15229559
1.15704429
1.16182470
1.16664481
1.17151284
1.17641377
1.18135595
1.18634772
1.19137383
1.19644284
1.20156312
1.20671940
1.21192002
1.21717393
1.22246528
1.22780287
1.23319578
1.23862755
1.24410748
1.24964488
1.25522304
1.26085103
1.26653886
1.27226913
1.27805150
1.28389585
1.28978455
1.29572761
0.20442019
0.20530695
0.20620237
0.20712204
0.20805238
0.20898670
0.20994060
0.21091747
0.21190350
0.21289852
0.21391398
0.21496981
0.21602824
0.21710776
0.21823180
0.21937080
0.22055426
0.22177322
0.22347777
0.31193000
0.31262138
0.31331638
0.31401390
0.31471455
0.31541830
0.31612524
0.31683534
0.31754923
0.31826577
0.31898552
0.31970856
0.32043487
0.32116449
0.32189804
0.32263434
0.32337403
0.32411712
0.32486361
0.32561356
0.32636759
0.32712451
0.32788497
0.32864895
0.32941651
0.33018765
0.33096305
0.33174145
0.33252352
0.33330932
0.33409882
0.33489269
0.33568972
0.33649057
0.33729523
0.33810374
0.33891615
0.33973247
0.34055275
0.34137696
0.34220520
0.34303746
0.34387380
0.34471485
0.34555939
0.34640807
0.34726092
0.34811798
0.34897929
0.34984556
0.35071546
0.35158968
0.35246828
0.35335127
0.35423869
0.35513130
0.35602769
0.35692865
0.35783416
0.35874429
0.35965905
0.36057922
0.36150336
0.36243227
0.36336595
0.36430448
0.36524859
0.36619687
0.36715007
0.36810827
0.36907148
0.37003973
0.37101385
0.37199235
0.37297601
0.37396488
0.37495902
0.37595767
0.37696323
0.37797341
0.37898898
0.38001007
0.38103664
0.38206878
0.38310736
0.38415077
0.38519987
0.38625473
0.38731536
0.38838270
0.38945508
0.39053339
0.39161772
0.39270806
0.39380449
0.39490792
0.39601672
0.39713171
0.39825302
0.39938068
0.40051475
0.40165618
0.40280321
0.40395683
0.40511706
0.40628397
0.40745765
0.40863904
0.40982640
0.41102064
0.41222185
0.41335237
0.41443118
0.41551471
0.41660485
0.41753811
0.41835555
0.41917619
0.42000008
0.42064023
0.42119166
0.42174450
0.42229882
0.42264575
0.42293194
0.42321551
0.42350045
0.42356595
0.42358813
0.42360830
0.42362845
0.42344403
0.42322055
0.42297918
0.42268789
0.42239401
0.42218462
0.42242008
0.42324871
0.42523554
0.90047944
0.90337223
0.90628368
0.90921855
0.91216785
0.91513634
0.91812897
0.92113644
0.92416370
0.92721575
0.93028319
0.93337095
0.93648422
0.93961334
0.94276345
0.94593984
0.94913256
0.95234698
0.95558834
0.95884669
0.96212733
0.96543568
0.96876162
0.97211063
0.97548813
0.97888380
0.98230326
0.98575211
0.98921978
0.99271190
0.99623436
0.99977630
1.00334346
1.00694191
1.01056063
1.01420534
1.01787639
1.02157414
1.02529895
1.02905691
1.03283644
1.03664398
1.04048574
1.04434991
1.04824293
1.05217123
1.05612290
1.06010425
1.06412220
1.06816435
1.07223725
1.07634783
1.08048344
1.08465111
1.08885753
1.09309018
1.09735572
1.10166156
1.10599446
1.11036158
1.11477029
1.11920714
1.12367940
1.12819469
1.13273919
1.13732052
1.14194632
1.14660263
1.15129697
1.15603745
1.16080952
1.16562116
1.17048061
1.17537284
1.18030632
1.18528914
1.19030631
1.19536614
1.20047724
1.20562410
1.21081531
1.21605968
1.22134137
1.22666907
1.23205197
1.23747373
1.24294341
1.24847043
1.25403798
1.25965548
1.26533246
1.27105176
1.27682304
1.28265619
1.28853345
1.29446495
1.30046082
0.20426255
0.20514108
0.20602719
0.20693278
0.20785779
0.20878252
0.20972341
0.21067558
0.21166311
0.21265587
0.21365671
0.21467090
0.21572533
0.21679309
0.21787894
0.21901263
0.22017288
0.22135375
0.22257435
0.22414075
0.31316918
0.31386605
0.31456605
0.31526914
0.31597543
0.31668484
0.31739748
0.31811389
0.31883296
0.31955531
0.32028094
0.32100984
0.32174268
0.32247826
0.32321724
0.32395962
0.32470539
0.32545462
0.32620791
0.32696408
0.32772377
0.32848701
0.32925382
0.33002481
0.33079880
0.33157647
0.33235776
0.33314276
0.33393148
0.33472392
0.33552077
0.33632082
0.33712468
0.33793238
0.33874395
0.33955944
0.34037888
0.34120226
0.34202963
0.34286106
0.34369650
0.34453672
0.34538037
0.34622818
0.34708014
0.34793630
0.34879673
0.34966207
0.35053104
0.35140434
0.35228202
0.35316408
0.35405058
0.35494223
0.35583767
0.35673764
0.35764220
0.35855135
0.35946584
0.36038429
0.36130744
0.36223534
0.36316803
0.36410549
0.36504859
0.36599582
0.36694801
0.36790514
0.36886728
0.36983445
0.37080750
0.37178490
0.37276745
0.37375525
0.37474826
0.37574577
0.37675020
0.37775922
0.37877366
0.37979358
0.38081899
0.38184994
0.38288733
0.38392955
0.38497743
0.38603106
0.38709047
0.38815573
0.38922772
0.39030477
0.39138779
0.39247686
0.39357200
0.39467415
0.39578161
0.39689529
0.39801526
0.39914158
0.40027428
0.40141433
0.40256000
0.40371221
0.40487105
0.40603656
0.40720877
0.40838873
0.40957460
0.41076738
0.41196713
0.41317391
0.41437909
0.41546330
0.41655317
0.41764781
0.41871572
0.41953778
0.42036310
0.42119166
0.42196146
0.42251933
0.42307568
0.42363352
0.42410082
0.42438999
0.42467755
0.42496347
0.42514110
0.42516342
0.42518577
0.42520609
0.42511976
0.42489347
0.42466843
0.42438495
0.42408869
0.42382920
0.42385644
0.42440721
0.42574814
0.90275830
0.90566576
0.90859663
0.91154194
0.91450632
0.91749483
0.92049813
0.92352122
0.92656898
0.92963213
0.93271559
0.93582445
0.93894917
0.94209486
0.94526672
0.94845492
0.95166469
0.95490140
0.95815504
0.96143097
0.96473455
0.96805567
0.97139972
0.97477233
0.97816300
0.98157740
0.98502117
0.98848367
0.99197060
0.99548781
0.99902439
1.00258625
1.00617921
1.00979233
1.01343155
1.01709700
1.02078915
1.02450812
1.02826035
1.03203404
1.03583562
1.03967130
1.04352951
1.04741633
1.05133855
1.05528390
1.05925894
1.06327045
1.06730604
1.07137239
1.07547641
1.07960534
1.08376610
1.08796585
1.09219146
1.09644997
1.10074866
1.10507441
1.10943425
1.11383557
1.11826491
1.12272966
1.12723732
1.13177419
1.13634765
1.14096546
1.14561379
1.15030003
1.15503228
1.15979600
1.16459930
1.16945016
1.17433381
1.17925847
1.18423247
1.18924069
1.19429147
1.19939339
1.20453095
1.20971262
1.21494746
1.22021949
1.22553730
1.23091030
1.23632205
1.24178147
1.24729824
1.25285530
1.25846207
1.26412833
1.26983666
1.27559698
1.28141880
1.28728485
1.29320478
1.29918885
1.30521905
0.20411125
0.20499839
0.20589159
0.20675252
0.20766839
0.20858704
0.20951730
0.21046585
0.21142504
0.21240693
0.21340568
0.21441437
0.21544021
0.21649304
0.21756896
0.21866530
0.21979906
0.22096823
0.22215518
0.22338466
0.22481449
0.31441769
0.31512013
0.31582573
0.31653449
0.31724700
0.31796217
0.31868055
0.31940222
0.32012713
0.32085535
0.32158747
0.32232237
0.32306063
0.32380226
0.32454732
0.32529581
0.32604837
0.32680380
0.32756275
0.32832524
0.32909128
0.32986090
0.33063474
0.33141163
0.33219215
0.33297637
0.33376428
0.33455595
0.33535200
0.33615124
0.33695427
0.33776116
0.33857194
0.33938593
0.34020516
0.34102774
0.34185427
0.34268481
0.34351942
0.34435874
0.34520152
0.34604844
0.34689954
0.34775481
0.34861434
0.34947878
0.35034683
0.35121924
0.35209596
0.35297710
0.35386264
0.35475335
0.35564786
0.35654688
0.35745046
0.35835862
0.35927141
0.36018959
0.36111173
0.36203864
0.36297029
0.36390677
0.36484882
0.36579502
0.36674613
0.36770222
0.36866328
0.36962941
0.37060136
0.37157768
0.37255916
0.37354583
0.37453771
0.37553412
0.37653741
0.37754530
0.37855861
0.37957734
0.38060158
0.38163137
0.38266757
0.38370857
0.38475525
0.38580766
0.38686585
0.38792986
0.38900059
0.39007640
0.39115816
0.39224595
0.39333978
0.39443976
0.39554679
0.39665914
0.39777780
0.39890274
0.40003410
0.40117279
0.40231705
0.40346789
0.40462533
0.40578941
0.40696019
0.40813872
0.40932313
0.41051444
0.41171274
0.41291800
0.41413036
0.41535085
0.41650054
0.41759589
0.41869405
0.41979703
0.42072675
0.42155772
0.42239100
0.42322758
0.42385238
0.42441428
0.42497563
0.42553848
0.42585713
0.42614770
0.42643765
0.42672592
0.42675048
0.42677298
0.42679551
0.42680880
0.42658070
0.42635286
0.42609465
0.42579705
0.42549983
0.42535952
0.42573899
0.42669013
0.90504873
0.90797561
0.91091686
0.91387719
0.91686159
0.91986072
0.92287958
0.92592317
0.92898202
0.93206114
0.93516564
0.93828601
0.94142717
0.94459450
0.94777822
0.95098341
0.95421547
0.95746446
0.96073562
0.96403444
0.96735072
0.97068989
0.97405756
0.97744328
0.98085260
0.98429126
0.98774862
0.99123037
0.99474233
0.99827367
1.00183010
1.00541770
1.00902534
1.01265895
1.01632464
1.02000535
1.02371860
1.02746499
1.03123283
1.03502858
1.03885829
1.04271042
1.04659116
1.05050707
1.05444622
1.05841494
1.06242013
1.06644917
1.07050908
1.07460642
1.07872868
1.08288264
1.08707547
1.09129417
1.09554577
1.09983730
1.10415590
1.10850847
1.11290240
1.11732435
1.12178159
1.12628162
1.13081074
1.13537633
1.13998640
1.14462662
1.14930475
1.15402877
1.15878427
1.16357911
1.16842151
1.17329657
1.17821252
1.18317771
1.18817699
1.19321871
1.19831145
1.20343971
1.20861208
1.21383727
1.21909964
1.22440779
1.22977078
1.23517239
1.24062181
1.24612808
1.25167477
1.25727105
1.26292646
1.26862407
1.27437317
1.28018391
1.28603864
1.29194701
1.29791951
1.30393791
1.31001234
0.20396765
0.20485918
0.20574024
0.20661069
0.20748588
0.20839535
0.20931897
0.21025777
0.21121354
0.21217957
0.21315831
0.21416157
0.21518056
0.21621534
0.21727629
0.21835469
0.21945734
0.22058734
0.22176272
0.22296242
0.22420342
0.22559862
0.31567618
0.31638429
0.31709555
0.31781060
0.31852829
0.31924927
0.31997350
0.32070100
0.32143244
0.32216662
0.32290414
0.32364509
0.32438940
0.32513717
0.32588899
0.32664368
0.32740191
0.32816362
0.32892892
0.32969779
0.33047086
0.33124697
0.33202672
0.33281013
0.33359727
0.33438814
0.33518341
0.33598182
0.33678406
0.33759013
0.33840007
0.33921453
0.34003165
0.34085336
0.34167907
0.34250876
0.34334251
0.34418032
0.34502289
0.34586892
0.34671912
0.34757352
0.34843212
0.34929568
0.35016283
0.35103428
0.35191011
0.35279030
0.35367492
0.35456470
0.35545823
0.35635629
0.35725889
0.35816610
0.35907790
0.35999510
0.36091626
0.36184213
0.36277279
0.36370823
0.36464852
0.36559442
0.36654449
0.36749953
0.36845955
0.36942458
0.37039548
0.37137070
0.37235108
0.37333664
0.37432742
0.37532270
0.37632486
0.37733161
0.37834376
0.37936133
0.38038442
0.38141304
0.38244805
0.38348785
0.38453335
0.38558453
0.38664150
0.38770428
0.38877374
0.38984829
0.39092880
0.39201531
0.39310786
0.39420652
0.39531225
0.39642328
0.39754060
0.39866421
0.39979419
0.40093061
0.40207443
0.40322387
0.40437987
0.40554255
0.40671194
0.40788901
0.40907198
0.41026184
0.41145861
0.41266242
0.41387329
0.41509223
0.41631740
0.41754299
0.41864088
0.41974455
0.42085406
0.42192045
0.42275816
0.42359722
0.42443857
0.42519391
0.42576036
0.42632732
0.42689377
0.42733341
0.42762703
0.42792106
0.42821133
0.42834944
0.42837209
0.42839479
0.42841747
0.42828140
0.42805174
0.42781922
0.42751920
0.42721856
0.42698285
0.42709860
0.42786756
0.42949978
0.91029263
0.91324890
0.91622919
0.91922420
0.92223889
0.92527819
0.92833281
0.93140763
0.93450779
0.93762368
0.94076049
0.94392329
0.94710249
0.95030308
0.95353055
0.95677483
0.96004128
0.96333534
0.96664679
0.96998107
0.97334385
0.97672457
0.98012888
0.98356247
0.98701471
0.99049127
0.99399799
0.99752402
1.00107515
1.00465727
1.00825953
1.01188755
1.01554775
1.01922274
1.02293026
1.02667093
1.03043294
1.03422272
1.03804648
1.04189253
1.04576719
1.04967701
1.05360985
1.05757236
1.06157100
1.06559372
1.06964707
1.07373774
1.07785332
1.08200061
1.08618665
1.09039831
1.09464288
1.09892750
1.10323882
1.10758412
1.11197078
1.11638534
1.12083507
1.12532747
1.12984884
1.13440681
1.13900888
1.14364111
1.14831126
1.15302706
1.15777433
1.16256082
1.16739464
1.17226124
1.17716849
1.18212485
1.18711519
1.19214785
1.19723141
1.20235038
1.20751345
1.21272910
1.21798182
1.22328019
1.22863340
1.23402500
1.23946416
1.24496031
1.25049651
1.25608218
1.26172698
1.26741362
1.27315176
1.27895141
1.28479469
1.29069173
1.29665256
1.30265927
1.30872178
1.31485069
0.20381863
0.20470299
0.20558675
0.20645829
0.20733507
0.20821472
0.20913304
0.21006025
0.21100499
0.21196683
0.21294054
0.21392503
0.21492881
0.21595487
0.21699660
0.21806552
0.21914987
0.22025517
0.22138211
0.22256267
0.22378260
0.22502878
0.22641039
0.31694481
0.31765917
0.31837618
0.31909645
0.31981999
0.32054681
0.32127696
0.32201099
0.32274783
0.32348803
0.32423165
0.32497868
0.32572976
0.32648373
0.32724118
0.32800218
0.32876670
0.32953480
0.33030713
0.33108246
0.33186144
0.33264408
0.33343044
0.33422053
0.33501497
0.33581260
0.33661401
0.33741927
0.33822837
0.33904138
0.33985832
0.34067920
0.34150404
0.34233287
0.34316576
0.34400272
0.34484443
0.34568959
0.34653890
0.34739241
0.34825012
0.34911206
0.34997901
0.35084957
0.35172445
0.35260370
0.35348740
0.35437623
0.35526881
0.35616592
0.35706756
0.35797375
0.35888460
0.35980082
0.36072096
0.36164585
0.36257550
0.36350992
0.36444917
0.36539406
0.36634308
0.36729705
0.36825600
0.36921999
0.37018901
0.37116393
0.37214321
0.37312767
0.37411737
0.37511152
0.37611258
0.37711817
0.37812915
0.37914559
0.38016751
0.38119495
0.38222876
0.38326737
0.38431168
0.38536164
0.38641739
0.38747892
0.38854718
0.38962045
0.39069968
0.39178494
0.39287621
0.39397359
0.39507797
0.39618769
0.39730367
0.39842597
0.39955461
0.40068966
0.40183207
0.40298012
0.40413475
0.40529603
0.40646398
0.40763867
0.40882114
0.41000950
0.41120484
0.41240713
0.41361651
0.41483393
0.41605762
0.41728851
0.41852671
0.41969112
0.42080134
0.42191646
0.42303848
0.42396444
0.42480931
0.42565551
0.42650610
0.42711297
0.42768559
0.42825666
0.42882100
0.42911667
0.42941171
0.42970818
0.42996040
0.42998323
0.43000609
0.43002999
0.42999572
0.42976418
0.42953295
0.42925534
0.42895225
0.42866197
0.42861655
0.42909804
0.43033773
0.91262150
0.91559768
0.91858858
0.92159903
0.92463416
0.92768449
0.93075502
0.93385082
0.93696237
0.94009471
0.94325304
0.94642770
0.94962376
0.95284659
0.95608622
0.95934796
0.96263719
0.96594387
0.96927333
0.97263116
0.97600693
0.97940630
0.98283476
0.98628193
0.98975331
0.99325478
0.99677551
1.00032127
1.00389802
1.00749481
1.01111734
1.01477194
1.01844132
1.02214324
1.02587807
1.02963424
1.03341818
1.03723598
1.04107594
1.04494452
1.04884815
1.05277491
1.05673099
1.06072342
1.06473958
1.06878638
1.07287049
1.07697952
1.08112001
1.08529913
1.08950400
1.09374166
1.09801912
1.10232329
1.10666144
1.11104071
1.11544788
1.11989009
1.12437499
1.12888873
1.13343883
1.13803315
1.14265740
1.14731944
1.15202713
1.15676618
1.16154420
1.16636968
1.17122757
1.17612624
1.18107378
1.18605530
1.19107890
1.19615340
1.20126319
1.20641673
1.21162307
1.21686614
1.22215474
1.22749805
1.23287976
1.23830879
1.24379456
1.24932039
1.25489557
1.26052964
1.26620555
1.27193272
1.27772117
1.28355324
1.28943884
1.29538810
1.30138302
1.30743372
1.31355047
1.31971514
0.20366985
0.20453835
0.20541355
0.20629175
0.20717026
0.20805652
0.20895383
0.20988366
0.21082230
0.21176937
0.21272627
0.21370724
0.21469730
0.21570835
0.21673529
0.21778405
0.21885619
0.21994355
0.22105742
0.22221036
0.22340092
0.22462158
0.22585967
0.22722861
0.31822422
0.31894380
0.31966665
0.32039276
0.32112220
0.32185555
0.32259166
0.32333115
0.32407403
0.32482034
0.32557011
0.32632393
0.32708064
0.32784086
0.32860467
0.32937202
0.33014357
0.33091810
0.33169633
0.33247820
0.33326375
0.33405304
0.33484608
0.33564353
0.33644414
0.33724856
0.33805686
0.33886907
0.33968514
0.34050518
0.34132919
0.34215719
0.34298921
0.34382531
0.34466615
0.34551042
0.34635887
0.34721148
0.34806830
0.34892935
0.34979537
0.35066500
0.35153899
0.35241732
0.35330006
0.35418725
0.35507959
0.35597572
0.35687640
0.35778165
0.35869151
0.35960671
0.36052591
0.36144978
0.36237842
0.36331183
0.36425006
0.36519390
0.36614189
0.36709481
0.36805272
0.36901563
0.36998358
0.37095740
0.37193561
0.37291896
0.37390754
0.37490138
0.37589970
0.37690496
0.37791482
0.37893009
0.37995085
0.38097709
0.38200974
0.38304716
0.38409024
0.38513902
0.38619354
0.38725385
0.38832086
0.38939288
0.39047086
0.39155483
0.39264482
0.39374089
0.39484400
0.39595240
0.39706704
0.39818799
0.39931527
0.40044898
0.40159002
0.40273669
0.40388992
0.40504977
0.40621629
0.40738958
0.40857059
0.40975752
0.41095138
0.41215220
0.41336006
0.41457501
0.41579810
0.41702747
0.41826412
0.41950715
0.42074761
0.42186344
0.42298421
0.42411193
0.42517662
0.42602736
0.42688045
0.42773491
0.42847520
0.42905048
0.42962727
0.43020356
0.43061671
0.43091381
0.43121237
0.43151030
0.43160656
0.43162957
0.43165365
0.43167669
0.43148518
0.43124476
0.43098372
0.43067089
0.43035853
0.43014118
0.43045738
0.43137330
0.91496700
0.91795379
0.92096013
0.92399102
0.92703706
0.93010330
0.93319476
0.93630195
0.93942988
0.94258374
0.94575387
0.94894534
0.95216358
0.95539856
0.95865560
0.96194011
0.96524197
0.96856660
0.97191954
0.97529036
0.97868466
0.98210812
0.98555017
0.98901641
0.99251264
0.99602813
0.99956858
1.00313997
1.00673127
1.01034832
1.01399732
1.01766109
1.02135730
1.02508640
1.02883685
1.03261483
1.03642666
1.04026067
1.04412317
1.04802072
1.05194116
1.05589104
1.05987704
1.06388688
1.06792724
1.07200480
1.07610703
1.08024085
1.08441317
1.08861125
1.09284186
1.09711230
1.10140932
1.10574031
1.11011231
1.11451197
1.11894679
1.12342405
1.12793016
1.13247263
1.13705897
1.14167535
1.14632940
1.15102899
1.15575969
1.16052949
1.16534638
1.17019582
1.17508578
1.18002462
1.18499720
1.19001186
1.19507730
1.20017779
1.20532215
1.21051884
1.21575236
1.22103131
1.22636485
1.23173654
1.23715556
1.24263108
1.24814653
1.25371122
1.25933468
1.26499975
1.27071607
1.27649343
1.28231430
1.28818846
1.29412615
1.30010939
1.30614817
1.31225288
1.31840527
1.32461560
0.20351407
0.20438240
0.20525935
0.20612191
0.20700137
0.20788886
0.20879672
0.20971897
0.21065214
0.21159719
0.21254288
0.21350065
0.21448232
0.21547647
0.21649329
0.21752164
0.21858394
0.21966426
0.22074710
0.22188933
0.22305630
0.22422941
0.22545403
0.22670133
0.22803700
0.31951344
0.32023886
0.32096758
0.32170025
0.32243565
0.32317442
0.32391658
0.32466215
0.32541117
0.32616428
0.32692024
0.32767975
0.32844278
0.32920936
0.32997954
0.33075395
0.33153138
0.33231246
0.33309725
0.33388576
0.33467862
0.33547464
0.33627445
0.33707806
0.33788553
0.33869690
0.33951217
0.34033138
0.34115452
0.34198168
0.34281284
0.34364808
0.34448805
0.34533146
0.34617901
0.34703073
0.34788668
0.34874684
0.34961194
0.35048068
0.35135370
0.35223114
0.35311294
0.35399917
0.35489056
0.35578576
0.35668546
0.35758975
0.35849863
0.35941213
0.36033103
0.36125392
0.36218154
0.36311394
0.36405113
0.36499396
0.36594090
0.36689278
0.36784962
0.36881149
0.36977836
0.37075111
0.37172821
0.37271050
0.37369797
0.37469068
0.37568787
0.37669200
0.37770072
0.37871483
0.37973443
0.38075951
0.38179016
0.38282722
0.38386911
0.38491666
0.38596997
0.38702905
0.38809481
0.38916558
0.39024231
0.39132500
0.39241371
0.39350849
0.39461029
0.39571738
0.39683071
0.39795029
0.39907625
0.40020859
0.40134826
0.40249354
0.40364537
0.40480381
0.40596893
0.40714079
0.40832034
0.40950581
0.41069821
0.41189754
0.41310391
0.41431737
0.41553894
0.41676676
0.41800186
0.41924334
0.42049319
0.42175049
0.42292994
0.42405736
0.42519084
0.42632937
0.42725137
0.42811042
0.42897189
0.42983475
0.43042514
0.43100563
0.43158770
0.43212730
0.43242648
0.43272713
0.43302715
0.43324214
0.43326113
0.43327484
0.43328962
0.43319261
0.43294922
0.43270609
0.43239918
0.43208429
0.43181700
0.43187985
0.43257254
0.43408948
0.92032206
0.92334872
0.92639059
0.92945254
0.93253964
0.93564248
0.93876600
0.94191539
0.94508100
0.94826794
0.95148158
0.95471191
0.95796424
0.96124405
0.96454114
0.96786094
0.97120893
0.97457486
0.97796416
0.98138255
0.98481953
0.98828059
0.99177164
0.99528182
0.99881697
1.00238299
1.00596881
1.00958049
1.01322389
1.01688206
1.02057266
1.02429593
1.02804065
1.03181267
1.03561866
1.03944671
1.04330313
1.04719448
1.05110884
1.05505240
1.05903208
1.06303549
1.06706929
1.07114029
1.07523596
1.07936311
1.08352864
1.08771980
1.09194350
1.09620690
1.10049689
1.10482061
1.10918534
1.11357772
1.11800504
1.12247479
1.12697327
1.13150799
1.13608646
1.14069498
1.14534104
1.15003240
1.15475500
1.15951645
1.16432500
1.16916597
1.17404723
1.17897725
1.18394113
1.18894684
1.19400311
1.19909441
1.20422947
1.20941675
1.21464074
1.21991003
1.22523367
1.23059547
1.23600435
1.24146974
1.24697495
1.25252914
1.25814188
1.26379621
1.26950169
1.27526796
1.28107762
1.28694046
1.29286659
1.29883814
1.30486512
1.31095791
1.31709814
1.32329607
1.32956266
0.20335039
0.20423092
0.20511106
0.20597617
0.20684358
0.20773771
0.20864426
0.20956318
0.21049348
0.21143055
0.21237297
0.21332385
0.21428326
0.21526800
0.21626788
0.21728478
0.21832469
0.21939540
0.22046986
0.22157446
0.22272557
0.22388984
0.22506236
0.22629382
0.22754960
0.22886293
0.32081315
0.32154506
0.32227978
0.32301784
0.32375926
0.32450414
0.32525241
0.32600477
0.32676002
0.32751876
0.32828104
0.32904688
0.32981628
0.33058992
0.33136660
0.33214691
0.33293089
0.33371860
0.33451006
0.33530590
0.33610490
0.33690771
0.33771437
0.33852491
0.33933935
0.34015772
0.34098002
0.34180635
0.34263667
0.34347102
0.34431013
0.34515268
0.34599936
0.34685019
0.34770522
0.34856451
0.34942868
0.35029650
0.35116863
0.35204512
0.35292602
0.35381129
0.35470176
0.35559598
0.35649475
0.35739806
0.35830596
0.35921848
0.36013639
0.36105826
0.36198488
0.36291626
0.36385247
0.36479348
0.36574015
0.36669099
0.36764678
0.36860755
0.36957338
0.37054506
0.37152106
0.37250224
0.37348861
0.37448019
0.37547630
0.37647930
0.37748685
0.37849984
0.37951827
0.38054219
0.38157165
0.38260752
0.38364819
0.38469455
0.38574663
0.38680449
0.38786817
0.38893855
0.39001399
0.39109543
0.39218286
0.39327636
0.39437684
0.39548263
0.39659464
0.39771292
0.39883751
0.39996848
0.40110680
0.40225071
0.40340114
0.40455818
0.40572187
0.40689230
0.40807042
0.40925443
0.41044536
0.41164321
0.41284809
0.41406006
0.41528010
0.41650641
0.41773996
0.41898084
0.42022812
0.42148387
0.42274812
0.42400181
0.42513499
0.42627525
0.42741960
0.42848244
0.42934644
0.43021396
0.43108392
0.43180862
0.43239287
0.43297869
0.43356612
0.43394980
0.43425259
0.43454728
0.43484133
0.43488276
0.43489766
0.43491253
0.43491358
0.43466827
0.43442321
0.43414032
0.43382290
0.43350592
0.43341833
0.43387046
0.43504220
0.92270738
0.92574501
0.92880267
0.93188548
0.93498391
0.93810302
0.94124800
0.94440907
0.94759154
0.95080054
0.95402622
0.95727390
0.96054900
0.96384126
0.96715623
0.97049940
0.97386038
0.97724473
0.98065811
0.98408991
0.98754591
0.99103171
0.99453670
0.99806654
1.00162721
1.00520766
1.00881374
1.01245165
1.01611006
1.01978910
1.02350676
1.02724564
1.03101194
1.03481197
1.03863394
1.04248440
1.04636967
1.05027771
1.05421519
1.05818844
1.06218553
1.06621289
1.07027733
1.07436633
1.07848680
1.08264554
1.08682990
1.09104669
1.09530306
1.09958589
1.10390246
1.10825992
1.11264503
1.11706483
1.12152708
1.12601793
1.13054490
1.13511574
1.13971627
1.14435434
1.14903772
1.15375209
1.15850520
1.16330540
1.16813779
1.17301047
1.17793190
1.18288684
1.18788362
1.19293082
1.19801307
1.20313871
1.20831668
1.21353114
1.21879077
1.22410464
1.22945654
1.23485541
1.24031055
1.24580538
1.25134921
1.25695145
1.26259506
1.26828957
1.27404487
1.27984333
1.28569484
1.29160953
1.29756939
1.30358458
1.30966544
1.31579351
1.32197917
1.32823324
1.33453667
0.20318326
0.20406772
0.20495543
0.20582709
0.20669371
0.20758678
0.20849322
0.20940787
0.21033230
0.21125741
0.21219626
0.21314529
0.21410052
0.21506253
0.21605761
0.21707147
0.21808608
0.21912263
0.22019331
0.22129047
0.22240999
0.22356001
0.22472481
0.22590123
0.22712888
0.22839104
0.22971174
0.32212403
0.32286140
0.32360211
0.32434624
0.32509384
0.32584545
0.32659993
0.32735795
0.32811946
0.32888454
0.32965320
0.33042607
0.33120197
0.33198151
0.33276471
0.33355165
0.33434230
0.33513734
0.33593553
0.33673754
0.33754340
0.33835310
0.33916673
0.33998424
0.34080574
0.34163117
0.34246066
0.34329417
0.34413239
0.34497407
0.34581986
0.34666982
0.34752399
0.34838235
0.34924564
0.35011256
0.35098377
0.35185933
0.35273927
0.35362363
0.35451314
0.35540640
0.35630423
0.35720655
0.35811350
0.35902503
0.35994196
0.36086282
0.36178845
0.36271882
0.36365399
0.36459398
0.36553961
0.36648941
0.36744416
0.36840388
0.36936861
0.37033921
0.37131414
0.37229422
0.37327948
0.37426996
0.37526494
0.37626681
0.37727323
0.37828505
0.37930232
0.38032508
0.38135338
0.38238806
0.38342756
0.38447270
0.38552356
0.38658020
0.38764262
0.38871178
0.38978598
0.39086613
0.39195228
0.39304450
0.39414281
0.39524817
0.39635885
0.39747578
0.39859903
0.39972866
0.40086561
0.40200815
0.40315720
0.40431282
0.40547511
0.40664411
0.40782079
0.40900338
0.41019282
0.41138920
0.41259259
0.41380304
0.41502157
0.41624635
0.41747835
0.41871768
0.41996342
0.42121756
0.42248023
0.42374948
0.42502639
0.42621809
0.42736420
0.42851543
0.42967185
0.43058965
0.43146217
0.43233827
0.43319997
0.43378800
0.43437868
0.43496990
0.43547431
0.43576962
0.43606532
0.43636250
0.43651766
0.43653265
0.43654656
0.43656155
0.43639994
0.43615401
0.43589661
0.43557662
0.43525600
0.43501881
0.43525922
0.43615615
0.92510027
0.92815369
0.93123221
0.93432629
0.93744099
0.94058150
0.94373816
0.94691604
0.95012051
0.95334154
0.95658457
0.95985490
0.96314245
0.96645260
0.96979088
0.97314692
0.97652632
0.97993469
0.98336142
0.98681229
0.99029291
0.99379265
0.99731719
1.00087249
1.00444758
1.00804818
1.01168060
1.01533341
1.01900685
1.02271879
1.02645183
1.03021228
1.03400648
1.03782260
1.04166698
1.04554605
1.04944801
1.05337918
1.05734622
1.06133687
1.06535780
1.06941569
1.07349813
1.07761192
1.08176398
1.08594143
1.09015131
1.09440064
1.09867644
1.10298586
1.10733616
1.11171389
1.11612630
1.12058103
1.12506425
1.12958360
1.13414657
1.13873935
1.14336932
1.14804459
1.15275085
1.15749574
1.16228747
1.16711152
1.17197561
1.17688823
1.18183446
1.18682230
1.19186044
1.19693351
1.20204997
1.20721853
1.21242356
1.21767354
1.22297764
1.22831964
1.23370850
1.23915362
1.24463820
1.25017154
1.25576317
1.26139605
1.26707983
1.27282405
1.27861142
1.28445172
1.29035497
1.29630315
1.30230653
1.30837548
1.31449139
1.32066488
1.32690644
1.33319736
1.33954811
0.20284244
0.20389825
0.20478848
0.20567226
0.20655939
0.20745613
0.20835583
0.20925547
0.21016666
0.21108957
0.21202162
0.21296704
0.21391706
0.21487249
0.21585090
0.21684274
0.21785387
0.21888013
0.21992806
0.22100528
0.22211555
0.22323366
0.22436422
0.22553858
0.22672589
0.22796398
0.22923990
0.23057435
0.32344511
0.32418853
0.32493538
0.32568565
0.32644001
0.32719728
0.32795805
0.32872239
0.32949027
0.33026239
0.33103752
0.33181629
0.33259872
0.33338484
0.33417472
0.33496895
0.33576635
0.33656755
0.33737257
0.33818147
0.33899426
0.33981097
0.34063160
0.34145620
0.34228483
0.34311748
0.34395418
0.34479564
0.34564057
0.34648967
0.34734291
0.34820038
0.34906280
0.34992877
0.35079908
0.35167372
0.35255274
0.35343614
0.35432473
0.35521704
0.35611388
0.35701528
0.35792121
0.35883179
0.35974771
0.36066762
0.36159223
0.36252159
0.36345574
0.36439472
0.36533931
0.36628804
0.36724174
0.36820039
0.36916408
0.37013361
0.37110746
0.37208644
0.37307060
0.37405998
0.37505382
0.37605456
0.37705985
0.37807053
0.37908664
0.38010824
0.38113537
0.38216886
0.38320714
0.38425112
0.38530076
0.38635617
0.38741738
0.38848525
0.38955823
0.39063710
0.39172199
0.39281291
0.39390993
0.39501399
0.39612335
0.39723894
0.39836088
0.39948913
0.40062383
0.40176588
0.40291354
0.40406778
0.40522864
0.40639621
0.40757146
0.40875259
0.40994060
0.41113549
0.41233739
0.41354635
0.41476339
0.41598663
0.41721711
0.41845489
0.41969904
0.42095160
0.42221266
0.42348030
0.42475557
0.42603856
0.42730778
0.42845872
0.42961586
0.43077928
0.43184003
0.43271768
0.43359885
0.43448472
0.43519324
0.43578240
0.43636999
0.43695915
0.43729728
0.43759507
0.43789327
0.43816164
0.43817890
0.43819401
0.43820912
0.43814763
0.43789756
0.43764886
0.43734348
0.43702137
0.43673292
0.43675545
0.43738216
0.43887681
0.93057984
0.93366957
0.93677992
0.93991601
0.94306815
0.94624156
0.94944137
0.95265788
0.95589620
0.95916182
0.96244460
0.96574998
0.96908337
0.97243452
0.97580898
0.97921228
0.98263401
0.98607975
0.98955524
0.99304974
0.99656904
1.00011897
1.00368857
1.00728381
1.01091063
1.01455796
1.01822579
1.02193189
1.02565932
1.02941394
1.03320217
1.03701234
1.04085076
1.04472375
1.04861963
1.05254447
1.05650520
1.06048954
1.06450403
1.06855547
1.07263136
1.07673848
1.08088374
1.08505440
1.08925736
1.09349978
1.09776855
1.10207081
1.10641384
1.11078417
1.11518931
1.11963654
1.12411225
1.12862384
1.13317907
1.13776398
1.14238608
1.14705324
1.15175140
1.15648806
1.16127145
1.16608691
1.17094254
1.17584646
1.18078387
1.18576288
1.19079208
1.19585609
1.20096326
1.20612252
1.21131790
1.21655834
1.22185278
1.22718489
1.23256385
1.23799872
1.24347305
1.24899602
1.25457716
1.26019943
1.26587236
1.27160561
1.27738190
1.28321099
1.28910267
1.29503942
1.30103111
1.30708802
1.31319201
1.31935322
1.32558239
1.33186066
1.33819866
1.34460747
0.19796519
0.20353314
0.20462416
0.20552194
0.20642093
0.20731479
0.20820302
0.20910062
0.21000673
0.21092598
0.21185507
0.21279137
0.21373393
0.21468747
0.21565033
0.21664006
0.21763334
0.21864274
0.21968432
0.22073971
0.22181633
0.22293395
0.22405216
0.22518165
0.22636202
0.22755687
0.22880585
0.23009598
0.23144647
0.32477707
0.32552722
0.32628027
0.32703677
0.32779682
0.32856038
0.32932752
0.33009824
0.33087322
0.33165121
0.33243287
0.33321822
0.33400729
0.33480072
0.33559734
0.33639771
0.33720195
0.33801001
0.33882198
0.33963785
0.34045765
0.34128141
0.34210917
0.34294099
0.34377682
0.34461743
0.34546149
0.34630966
0.34716204
0.34801862
0.34887943
0.34974521
0.35061461
0.35148832
0.35236639
0.35324889
0.35413650
0.35502788
0.35592377
0.35682419
0.35772917
0.35863876
0.35955369
0.36047259
0.36139619
0.36232457
0.36325771
0.36419564
0.36513922
0.36608690
0.36703956
0.36799717
0.36895978
0.36992747
0.37090099
0.37187889
0.37286195
0.37385023
0.37484375
0.37584257
0.37684673
0.37785625
0.37887123
0.37989166
0.38091758
0.38194990
0.38298702
0.38402978
0.38507822
0.38613239
0.38719237
0.38825902
0.38933071
0.39040834
0.39149195
0.39258161
0.39367732
0.39478007
0.39588812
0.39700240
0.39812297
0.39924991
0.40038320
0.40152389
0.40267017
0.40382302
0.40498251
0.40614864
0.40732151
0.40850213
0.40968868
0.41088212
0.41208252
0.41328999
0.41450551
0.41572723
0.41695616
0.41819239
0.41943496
0.42068598
0.42194545
0.42321149
0.42448515
0.42576647
0.42705557
0.42835250
0.42955884
0.43072197
0.43189242
0.43306825
0.43398154
0.43486789
0.43575680
0.43659690
0.43718666
0.43777803
0.43837100
0.43883353
0.43913558
0.43943587
0.43973657
0.43983656
0.43985394
0.43986806
0.43988329
0.43965623
0.43940550
0.43912584
0.43880108
0.43847466
0.43832889
0.43875027
0.43984959
0.93301380
0.93611974
0.93925142
0.94239908
0.94556797
0.94876331
0.95197517
0.95520884
0.95846975
0.96174783
0.96504837
0.96837693
0.97172320
0.97509271
0.97849101
0.98190767
0.98534828
0.98881859
0.99230790
0.99582195
0.99936652
1.00293088
1.00652063
1.01014197
1.01378369
1.01744592
1.02114642
1.02486801
1.02861679
1.03239918
1.03620338
1.04003584
1.04390275
1.04779243
1.05171120
1.05566561
1.05964363
1.06365168
1.06769657
1.07176590
1.07586634
1.08000493
1.08416879
1.08836496
1.09260035
1.09686208
1.10115731
1.10549307
1.10985613
1.11425388
1.11869359
1.12316179
1.12766576
1.13221323
1.13679028
1.14140451
1.14606369
1.15075362
1.15548205
1.16025710
1.16506422
1.16991127
1.17480659
1.17973518
1.18470538
1.18972564
1.19478047
1.19987845
1.20502830
1.21021438
1.21544528
1.22072995
1.22605228
1.23142123
1.23684609
1.24231017
1.24782276
1.25339341
1.25900507
1.26466715
1.27038956
1.27615476
1.28197253
1.28785300
1.29377818
1.29975808
1.30580318
1.31189513
1.31804407
1.32426083
1.33052659
1.33685195
1.34324777
1.34969497
0.20317630
0.19941831
0.20412670
0.20535219
0.20626116
0.20716351
0.20805871
0.20894991
0.20985174
0.21076414
0.21169055
0.21261904
0.21355520
0.21450403
0.21546395
0.21643855
0.21742624
0.21842650
0.21945058
0.22049853
0.22156563
0.22264646
0.22374997
0.22487640
0.22601941
0.22719063
0.22839426
0.22965840
0.23096028
0.23232734
0.32612064
0.32687643
0.32763571
0.32839853
0.32916492
0.32993549
0.33070907
0.33148631
0.33226719
0.33305174
0.33384004
0.33463207
0.33542848
0.33622807
0.33703148
0.33783874
0.33864987
0.33946490
0.34028387
0.34110680
0.34193373
0.34276465
0.34359965
0.34443939
0.34528255
0.34612986
0.34698135
0.34783703
0.34869695
0.34956181
0.35043031
0.35130310
0.35218024
0.35306180
0.35394779
0.35483894
0.35573384
0.35663331
0.35753733
0.35844591
0.35935989
0.36027780
0.36120039
0.36212775
0.36305988
0.36399680
0.36493933
0.36588600
0.36683759
0.36779416
0.36875570
0.36972231
0.37069476
0.37167156
0.37265351
0.37364069
0.37463310
0.37563002
0.37663382
0.37764221
0.37865603
0.37967530
0.38070008
0.38173121
0.38276711
0.38380867
0.38485593
0.38590887
0.38696763
0.38803220
0.38910347
0.39017984
0.39126220
0.39235055
0.39344499
0.39454642
0.39565316
0.39676613
0.39788538
0.39901096
0.40014291
0.40128222
0.40242711
0.40357858
0.40473664
0.40590137
0.40707281
0.40825197
0.40943706
0.41062903
0.41182798
0.41303393
0.41424698
0.41546816
0.41669556
0.41793022
0.41917127
0.42042068
0.42167857
0.42294300
0.42421502
0.42549473
0.42678219
0.42807746
0.42938167
0.43066466
0.43183377
0.43301031
0.43419221
0.43525177
0.43614012
0.43702996
0.43792343
0.43859997
0.43919519
0.43979308
0.44037953
0.44068590
0.44098940
0.44129226
0.44150677
0.44152430
0.44154072
0.44155607
0.44142905
0.44117633
0.44092277
0.44059536
0.44026625
0.44000834
0.44017047
0.44104624
0.44329458
0.93858778
0.94173104
0.94489539
0.94808614
0.95129341
0.95452249
0.95777869
0.96105200
0.96434778
0.96767151
0.97101289
0.97437745
0.97777081
0.98118240
0.98461795
0.98808312
0.99156719
0.99507600
0.99861526
1.00217414
1.00575852
1.00937438
1.01301050
1.01666713
1.02036202
1.02407789
1.02782094
1.03159750
1.03539574
1.03922224
1.04308307
1.04696667
1.05087924
1.05482733
1.05879903
1.06280065
1.06683910
1.07090187
1.07499576
1.07912755
1.08328474
1.08747399
1.09170246
1.09595716
1.10024524
1.10457385
1.10892963
1.11331999
1.11775231
1.12221289
1.12670934
1.13124907
1.13581824
1.14042461
1.14507580
1.14975762
1.15447783
1.15924466
1.16404331
1.16888189
1.17376852
1.17868841
1.18364978
1.18866098
1.19370675
1.19879568
1.20393622
1.20911288
1.21433413
1.21960914
1.22492170
1.23028076
1.23569548
1.24114943
1.24665177
1.25221193
1.25781298
1.26346433
1.26917577
1.27493000
1.28073657
1.28660560
1.29251933
1.29848754
1.30452085
1.31060076
1.31673765
1.32294202
1.32919526
1.33550787
1.34189093
1.34832501
1.35482109
0.20431836
0.20414449
0.20111421
0.20462558
0.20608969
0.20700185
0.20791848
0.20882367
0.20972663
0.21063246
0.21153860
0.21245384
0.21338163
0.21432453
0.21528180
0.21624844
0.21722910
0.21822083
0.21923193
0.22026606
0.22131935
0.22239165
0.22347188
0.22458304
0.22571304
0.22686429
0.22803466
0.22923812
0.23051792
0.23180243
0.23316668
0.32747477
0.32823685
0.32900247
0.32977170
0.33054513
0.33132157
0.33210167
0.33288544
0.33367294
0.33446482
0.33525980
0.33605859
0.33686116
0.33766761
0.33847794
0.33929214
0.34011027
0.34093237
0.34175843
0.34258851
0.34342265
0.34426153
0.34510383
0.34595028
0.34680086
0.34765565
0.34851468
0.34937865
0.35024619
0.35111809
0.35199431
0.35287493
0.35375997
0.35465017
0.35554415
0.35644263
0.35734567
0.35825330
0.35916555
0.36008319
0.36100483
0.36193115
0.36286226
0.36379817
0.36473966
0.36568531
0.36663586
0.36759135
0.36855185
0.36951739
0.37048876
0.37146446
0.37244534
0.37343141
0.37442270
0.37541848
0.37642118
0.37742841
0.37844110
0.37945920
0.38048279
0.38151196
0.38254750
0.38358784
0.38463387
0.38568562
0.38674313
0.38780648
0.38887653
0.38995165
0.39103270
0.39211980
0.39321294
0.39431220
0.39541849
0.39653015
0.39764804
0.39877227
0.39990288
0.40104082
0.40218434
0.40333441
0.40449107
0.40565437
0.40682441
0.40800214
0.40918577
0.41037628
0.41157374
0.41277820
0.41398975
0.41520938
0.41643527
0.41766840
0.41890886
0.42015570
0.42141101
0.42267483
0.42394528
0.42522335
0.42650917
0.42780277
0.42910528
0.43041471
0.43173218
0.43295237
0.43413395
0.43532202
0.43651551
0.43741548
0.43831053
0.43920928
0.44002029
0.44062263
0.44122332
0.44182569
0.44224501
0.44255286
0.44285896
0.44316438
0.44320741
0.44322506
0.44324049
0.44321734
0.44296145
0.44270697
0.44240329
0.44207257
0.44176209
0.44174236
0.44229996
0.44377092
0.94106388
0.94422376
0.94740993
0.95061266
0.95383710
0.95708865
0.96035725
0.96364820
0.96696711
0.97030365
0.97366327
0.97705162
0.98045820
0.98388869
0.98734868
0.99082762
0.99433112
0.99786514
1.00141871
1.00499761
1.00860798
1.01223862
1.01589549
1.01957881
1.02328897
1.02702630
1.03079700
1.03458941
1.03840983
1.04226470
1.04614210
1.05004847
1.05399036
1.05795574
1.06195104
1.06598306
1.07003927
1.07412648
1.07825160
1.08240199
1.08658445
1.09080601
1.09505367
1.09933472
1.10365605
1.10800469
1.11238778
1.11681259
1.12126565
1.12575448
1.13028657
1.13484800
1.13944638
1.14408958
1.14876330
1.15347540
1.15823388
1.16302419
1.16785419
1.17273235
1.17764354
1.18259609
1.18759835
1.19263506
1.19771481
1.20284605
1.20801330
1.21322513
1.21849036
1.22379327
1.22914243
1.23454714
1.23999083
1.24548292
1.25103259
1.25662303
1.26226377
1.26796436
1.27370751
1.27950299
1.28536069
1.29126287
1.29721951
1.30324101
1.30930901
1.31543374
1.32162583
1.32786655
1.33416665
1.34053671
1.34695780
1.35344076
1.35999668
0.20521677
0.20522527
0.20512122
0.20282488
0.20191312
0.20684502
0.20776486
0.20869170
0.20960020
0.21051189
0.21141800
0.21232307
0.21323875
0.21416956
0.21511218
0.21607152
0.21703999
0.21803319
0.21903607
0.22005557
0.22108790
0.22214687
0.22322161
0.22431390
0.22543034
0.22655995
0.22771727
0.22889970
0.23009984
0.23135142
0.23264526
0.23400933
0.32884020
0.32960865
0.33038130
0.33115700
0.33193630
0.33271933
0.33350602
0.33429646
0.33509129
0.33588925
0.33669105
0.33749667
0.33830616
0.33912018
0.33993685
0.34075812
0.34158334
0.34241256
0.34324583
0.34408385
0.34492528
0.34577084
0.34662056
0.34747446
0.34833258
0.34919563
0.35006228
0.35093325
0.35180858
0.35268825
0.35357234
0.35446161
0.35535464
0.35625216
0.35715425
0.35806090
0.35897216
0.35988882
0.36080945
0.36173478
0.36266488
0.36359975
0.36453947
0.36548483
0.36643434
0.36738878
0.36834821
0.36931267
0.37028298
0.37125760
0.37223738
0.37322235
0.37421253
0.37520719
0.37620875
0.37721488
0.37822640
0.37924334
0.38026577
0.38129374
0.38232809
0.38336727
0.38441208
0.38546261
0.38651893
0.38758102
0.38864982
0.38972369
0.39080349
0.39188930
0.39298114
0.39407912
0.39518410
0.39629441
0.39741102
0.39853391
0.39966315
0.40079883
0.40194187
0.40309054
0.40424579
0.40540770
0.40657631
0.40775260
0.40893477
0.41012383
0.41131982
0.41252279
0.41373283
0.41495097
0.41617531
0.41740689
0.41864580
0.41989109
0.42114481
0.42240703
0.42367586
0.42495230
0.42623648
0.42752844
0.42882824
0.43013701
0.43145275
0.43277657
0.43407574
0.43526345
0.43645665
0.43765533
0.43869835
0.43959975
0.44050378
0.44141153
0.44205609
0.44266292
0.44326919
0.44381517
0.44412524
0.44443572
0.44474441
0.44490227
0.44492117
0.44493896
0.44495454
0.44476110
0.44450343
0.44422719
0.44389376
0.44355971
0.44335091
0.44373995
0.44477221
0.94355303
0.94673473
0.94993287
0.95315272
0.95639956
0.95966345
0.96294969
0.96626371
0.96959537
0.97295010
0.97633350
0.97973508
0.98316050
0.98661536
0.99008912
0.99358743
0.99711609
1.00066435
1.00423789
1.00784278
1.01146781
1.01511919
1.01879692
1.02250135
1.02623284
1.02999771
1.03378427
1.03759873
1.04144752
1.04531884
1.04921913
1.05315483
1.05711389
1.06110275
1.06512833
1.06917799
1.07325864
1.07737708
1.08152068
1.08569634
1.08991098
1.09415174
1.09842563
1.10273993
1.10708129
1.11145699
1.11587441
1.12032008
1.12480128
1.12932563
1.13387930
1.13846982
1.14310503
1.14777076
1.15247464
1.15722489
1.16200674
1.16682839
1.17169785
1.17660046
1.18154418
1.18653750
1.19156528
1.19663584
1.20175791
1.20691574
1.21211803
1.21737373
1.22266686
1.22800612
1.23340082
1.23883450
1.24431622
1.24985552
1.25543547
1.26106548
1.26675522
1.27248740
1.27827168
1.28411818
1.29000890
1.29595399
1.30196369
1.30801976
1.31413233
1.32031226
1.32654059
1.33282793
1.33918536
1.34559345
1.35206318
1.35860574
1.36520159
0.20611237
0.20612574
0.20612860
0.20610639
0.20461287
0.19933166
0.20758726
0.20853767
0.20946626
0.21037605
0.21128701
0.21219425
0.21310292
0.21402304
0.21495813
0.21591216
0.21687894
0.21785468
0.21884972
0.21985771
0.22088653
0.22192086
0.22298171
0.22406486
0.22516769
0.22628720
0.22742458
0.22858196
0.22977757
0.23098606
0.23221005
0.23556143
0.32944578
0.33021766
0.33099258
0.33177114
0.33255336
0.33333927
0.33412892
0.33492294
0.33572012
0.33652109
0.33732590
0.33813459
0.33894715
0.33976361
0.34058401
0.34140840
0.34223679
0.34306920
0.34390569
0.34474692
0.34559160
0.34644043
0.34729344
0.34815067
0.34901282
0.34987858
0.35074863
0.35162300
0.35250178
0.35338494
0.35427323
0.35516530
0.35606188
0.35696301
0.35786870
0.35877898
0.35969466
0.36061427
0.36153862
0.36246771
0.36340156
0.36434028
0.36528456
0.36623302
0.36718643
0.36814481
0.36910820
0.37007666
0.37105098
0.37202966
0.37301353
0.37400261
0.37499616
0.37599659
0.37700155
0.37801194
0.37902772
0.38004899
0.38107580
0.38210899
0.38314694
0.38419056
0.38523990
0.38629496
0.38735583
0.38842338
0.38949600
0.39057454
0.39165908
0.39274964
0.39384630
0.39495000
0.39605901
0.39717424
0.39829579
0.39942369
0.40055799
0.40169969
0.40284696
0.40400085
0.40516132
0.40632850
0.40750241
0.40868407
0.40987167
0.41106620
0.41226768
0.41347623
0.41469285
0.41591567
0.41714573
0.41838306
0.41962680
0.42087895
0.42213959
0.42340678
0.42468160
0.42596415
0.42725444
0.42855257
0.42985967
0.43117371
0.43249583
0.43382606
0.43516451
0.43639672
0.43759614
0.43880108
0.43998766
0.44089547
0.44180486
0.44271797
0.44349894
0.44411084
0.44472331
0.44533524
0.44570881
0.44602263
0.44633466
0.44661126
0.44662920
0.44664824
0.44666505
0.44657540
0.44631675
0.44605729
0.44573000
0.44539320
0.44511366
0.44521049
0.44604722
0.44808853
0.94925404
0.95246929
0.95571148
0.95897067
0.96225214
0.96556139
0.96888822
0.97223800
0.97561646
0.97901303
0.98243338
0.98588312
0.98935169
0.99284482
0.99636823
0.99991107
1.00347924
1.00707865
1.01069832
1.01434398
1.01801610
1.02171493
1.02544069
1.02919972
1.03298032
1.03678882
1.04063165
1.04449701
1.04839110
1.05232048
1.05627322
1.06025589
1.06427491
1.06831813
1.07239223
1.07650399
1.08064091
1.08480966
1.08901751
1.09325123
1.09751809
1.10182524
1.10615945
1.11052787
1.11493790
1.11937594
1.12384963
1.12836635
1.13291228
1.13749492
1.14212215
1.14677989
1.15147567
1.15621758
1.16099119
1.16580439
1.17066526
1.17555916
1.18049419
1.18547857
1.19049740
1.19555891
1.20067167
1.20582020
1.21101308
1.21625912
1.22154248
1.22688043
1.23225665
1.23768020
1.24315178
1.24868059
1.25425005
1.25986946
1.26554835
1.27126956
1.27704287
1.28287804
1.28875744
1.29469097
1.30068886
1.30673301
1.31283367
1.31900120
1.32521713
1.33149195
1.33783662
1.34423172
1.35068834
1.35721767
1.36379993
1.37045693
0.20699295
0.20701799
0.20702930
0.20703050
0.20703436
0.20633815
0.20005976
0.20829536
0.20931059
0.21023467
0.21115291
0.21206658
0.21298411
0.21389239
0.21481520
0.21575463
0.21671708
0.21769135
0.21867551
0.21967807
0.22068197
0.22171246
0.22275735
0.22382256
0.22491534
0.22603175
0.22716771
0.22832336
0.22949436
0.23067804
0.23552589
0.24435511
0.33005419
0.33082831
0.33160609
0.33238754
0.33317268
0.33396155
0.33475477
0.33555114
0.33635131
0.33715531
0.33796316
0.33877489
0.33959055
0.34041011
0.34123367
0.34206119
0.34289277
0.34372836
0.34456873
0.34541255
0.34626049
0.34711263
0.34796897
0.34883022
0.34969506
0.35056418
0.35143766
0.35231549
0.35319772
0.35408509
0.35497621
0.35587183
0.35677198
0.35767668
0.35858601
0.35950068
0.36041930
0.36134264
0.36227074
0.36320359
0.36414126
0.36508453
0.36603194
0.36698431
0.36794165
0.36890396
0.36987135
0.37084457
0.37182218
0.37280494
0.37379292
0.37478614
0.37578386
0.37678850
0.37779772
0.37881237
0.37983248
0.38085809
0.38189009
0.38292688
0.38396928
0.38501740
0.38607126
0.38713089
0.38819721
0.38926858
0.39034584
0.39142913
0.39251840
0.39361379
0.39471614
0.39582384
0.39693779
0.39805800
0.39918453
0.40031749
0.40145779
0.40260369
0.40375617
0.40491524
0.40608099
0.40725350
0.40843371
0.40961984
0.41081288
0.41201290
0.41321996
0.41443411
0.41565636
0.41688487
0.41812068
0.41936284
0.42061341
0.42187244
0.42313805
0.42441124
0.42569214
0.42698079
0.42827728
0.42958269
0.43089503
0.43221542
0.43354395
0.43488064
0.43622562
0.43753591
0.43874159
0.43995288
0.44117194
0.44219667
0.44311363
0.44403216
0.44495007
0.44556713
0.44618586
0.44680184
0.44730371
0.44761980
0.44793633
0.44824991
0.44835150
0.44836959
0.44838879
0.44840458
0.44814381
0.44788221
0.44758153
0.44724190
0.44690841
0.44684333
0.44736668
0.44878444
0.95178682
0.95502436
0.95827883
0.96155560
0.96486008
0.96818203
0.97152698
0.97490042
0.97829205
0.98170733
0.98515201
0.98861539
0.99210328
0.99562144
0.99915898
1.00272179
1.00631583
1.00992990
1.01357007
1.01723659
1.02092969
1.02464974
1.02840292
1.03217769
1.03598034
1.03981709
1.04367638
1.04756427
1.05148757
1.05543399
1.05941021
1.06342292
1.06745970
1.07152724
1.07563233
1.07976258
1.08392453
1.08812547
1.09235227
1.09661210
1.10091209
1.10523903
1.10960019
1.11400282
1.11843359
1.12289965
1.12740862
1.13194692
1.13652170
1.14114106
1.14579070
1.15048587
1.15521216
1.15997744
1.16478980
1.16963458
1.17451978
1.17945385
1.18442166
1.18943143
1.19449186
1.19958735
1.20472658
1.20991826
1.21514654
1.22042024
1.22574830
1.23111463
1.23652816
1.24198949
1.24750793
1.25306690
1.25867569
1.26434386
1.27005422
1.27581632
1.28164029
1.28750825
1.29343975
1.29941654
1.30544889
1.31154704
1.31769288
1.32389641
1.33016872
1.33649063
1.34287286
1.34932661
1.35583246
1.36240125
1.36904454
1.37574232
0.20788060
0.20790902
0.20793185
0.20794520
0.20795152
0.20796172
0.20769286
0.20079479
0.20901394
0.21008307
0.21101274
0.21193805
0.21285397
0.21377191
0.21468797
0.21561480
0.21655704
0.21752748
0.21850881
0.21950254
0.22049935
0.22150718
0.22254570
0.22360073
0.22468056
0.22578490
0.22691230
0.22807352
0.22925082
0.23054031
0.23650412
0.32989025
0.33066425
0.33144125
0.33222193
0.33300626
0.33379433
0.33458677
0.33538234
0.33618170
0.33698490
0.33779192
0.33860284
0.33941764
0.34023640
0.34105909
0.34188578
0.34271649
0.34355125
0.34439072
0.34523368
0.34608075
0.34693199
0.34778744
0.34864709
0.34951171
0.35037994
0.35125250
0.35212940
0.35301068
0.35389712
0.35478729
0.35568196
0.35658115
0.35748491
0.35839325
0.35930693
0.36022457
0.36114690
0.36207399
0.36300582
0.36394247
0.36488470
0.36583111
0.36678240
0.36773866
0.36869994
0.36966625
0.37063840
0.37161490
0.37259659
0.37358344
0.37457556
0.37557214
0.37657565
0.37758374
0.37859723
0.37961620
0.38064066
0.38167065
0.38270706
0.38374826
0.38479519
0.38584781
0.38690624
0.38797131
0.38904139
0.39011744
0.39119944
0.39228743
0.39338154
0.39448261
0.39558896
0.39670157
0.39782044
0.39894566
0.40007725
0.40121618
0.40236071
0.40351179
0.40466946
0.40583381
0.40700486
0.40818363
0.40936834
0.41055989
0.41175842
0.41296399
0.41417661
0.41539738
0.41662437
0.41785860
0.41909921
0.42034820
0.42160466
0.42286965
0.42414123
0.42542049
0.42670751
0.42800233
0.42930606
0.43061671
0.43193540
0.43326220
0.43459716
0.43594038
0.43729299
0.43865293
0.43989199
0.44111073
0.44233623
0.44350556
0.44442907
0.44535419
0.44628206
0.44703186
0.44765469
0.44827813
0.44890103
0.44922844
0.44954723
0.44986534
0.45008716
0.45010537
0.45012358
0.45014179
0.44998589
0.44972214
0.44944394
0.44909468
0.44874600
0.44849271
0.44882745
0.44984943
0.95433825
0.95758808
0.96086007
0.96415973
0.96747690
0.97081697
0.97418547
0.97757208
0.98098779
0.98442191
0.98788023
0.99136841
0.99487579
0.99840802
1.00197113
1.00555396
1.00916266
1.01279724
1.01646399
1.02014565
1.02385998
1.02760732
1.03137624
1.03517294
1.03900385
1.04285693
1.04673886
1.05065584
1.05459619
1.05856609
1.06257224
1.06660259
1.07066357
1.07476211
1.07888556
1.08304083
1.08723485
1.09145474
1.09570754
1.10000050
1.10432029
1.10867417
1.11306942
1.11749268
1.12195122
1.12645268
1.13098311
1.13555026
1.14016163
1.14480329
1.14948285
1.15420842
1.15896535
1.16376936
1.16860557
1.17348218
1.17840755
1.18336654
1.18836737
1.19341874
1.19850504
1.20363498
1.20881724
1.21403599
1.21930003
1.22461832
1.22997475
1.23537815
1.24083793
1.24633753
1.25188601
1.25749302
1.26314151
1.26884103
1.27460134
1.28040493
1.28626156
1.29217207
1.29814672
1.30416715
1.31025350
1.31638706
1.32257831
1.32883799
1.33514726
1.34151673
1.34795749
1.35444999
1.36100543
1.36763501
1.37431896
1.38106859
0.20876734
0.20879868
0.20882857
0.20886238
0.20887291
0.20888028
0.20889817
0.20870663
0.20156239
0.20974393
0.21086276
0.21179482
0.21272245
0.21364287
0.21456687
0.21548951
0.21641460
0.21736571
0.21834370
0.21932702
0.22031814
0.22131577
0.22233832
0.22338690
0.22446495
0.22556888
0.22669037
0.22785252
0.22908677
0.23619376
0.32972771
0.33050030
0.33127654
0.33205643
0.33284003
0.33362728
0.33441830
0.33521372
0.33601227
0.33681464
0.33762085
0.33843094
0.33924559
0.34006283
0.34088469
0.34171054
0.34254038
0.34337428
0.34421292
0.34505498
0.34590119
0.34675154
0.34760609
0.34846488
0.34932858
0.35019588
0.35106751
0.35194352
0.35282388
0.35370865
0.35459858
0.35549229
0.35639054
0.35729331
0.35820067
0.35911268
0.36003003
0.36095136
0.36187744
0.36280829
0.36374390
0.36468437
0.36563048
0.36658072
0.36753595
0.36849615
0.36946139
0.37043247
0.37140790
0.37238845
0.37337422
0.37436521
0.37536070
0.37636307
0.37737003
0.37838235
0.37940016
0.38042346
0.38145226
0.38248748
0.38352752
0.38457322
0.38562462
0.38668182
0.38774481
0.38881451
0.38988927
0.39097002
0.39205673
0.39314952
0.39424932
0.39535439
0.39646566
0.39758322
0.39870706
0.39983732
0.40097487
0.40211803
0.40326771
0.40442398
0.40558690
0.40675655
0.40793389
0.40911710
0.41030723
0.41150427
0.41270834
0.41391948
0.41513869
0.41636416
0.41759688
0.41883689
0.42008334
0.42133820
0.42260158
0.42387158
0.42514920
0.42643458
0.42772773
0.42902875
0.43033877
0.43165573
0.43298081
0.43431404
0.43565550
0.43700635
0.43836451
0.43973115
0.44104841
0.44227466
0.44350666
0.44474441
0.44575122
0.44668299
0.44761866
0.44850740
0.44913322
0.44976193
0.45039123
0.45084867
0.45116979
0.45149019
0.45181221
0.45185351
0.45186841
0.45187646
0.45181450
0.45154059
0.45126700
0.45093206
0.45058048
0.45027503
0.45033768
0.45114690
0.45323643
0.96017075
0.96346045
0.96677279
0.97011328
0.97347158
0.97685325
0.98026383
0.98369294
0.98714608
0.99062908
0.99413121
0.99765819
1.00121593
1.00479341
1.00839663
1.01203144
1.01568675
1.01936281
1.02307725
1.02681303
1.03057611
1.03437293
1.03819180
1.04203892
1.04592085
1.04982555
1.05375957
1.05772948
1.06172299
1.06574690
1.06980777
1.07389319
1.07801008
1.08215857
1.08634567
1.09055865
1.09480453
1.09909034
1.10340297
1.10774958
1.11213756
1.11655343
1.12101150
1.12549818
1.13002098
1.13458753
1.13918388
1.14381754
1.14849651
1.15320635
1.15795505
1.16275060
1.16757846
1.17244649
1.17736304
1.18231320
1.18730521
1.19234753
1.19742477
1.20254540
1.20771825
1.21292746
1.21818185
1.22349036
1.22883689
1.23423040
1.23968005
1.24516928
1.25070739
1.25630379
1.26194155
1.26763022
1.27337945
1.27917194
1.28501737
1.29092574
1.29687929
1.30288804
1.30896235
1.31508386
1.32126284
1.32751012
1.33380663
1.34016335
1.34659100
1.35307038
1.35961235
1.36622846
1.37289858
1.37963426
1.38644707
0.20967425
0.20970044
0.20973058
0.20976569
0.20979165
0.20979732
0.20981415
0.20983566
0.20973429
0.20243299
0.21026322
0.21164650
0.21257968
0.21351089
0.21443994
0.21536462
0.21628995
0.21721824
0.21816787
0.21914178
0.22013041
0.22113048
0.22214021
0.22318971
0.22426246
0.22535555
0.22647117
0.22763573
0.23599178
0.32956409
0.33033654
0.33111203
0.33189112
0.33267394
0.33346042
0.33425125
0.33504525
0.33584300
0.33664456
0.33744997
0.33825922
0.33907238
0.33988947
0.34071049
0.34153548
0.34236449
0.34319752
0.34403530
0.34487650
0.34572181
0.34657130
0.34742495
0.34828281
0.34914562
0.35001203
0.35088277
0.35175782
0.35263726
0.35352108
0.35441008
0.35530284
0.35620013
0.35710195
0.35800833
0.35891932
0.35983571
0.36075607
0.36168113
0.36261094
0.36354554
0.36448574
0.36543006
0.36637926
0.36733344
0.36829257
0.36925676
0.37022674
0.37120110
0.37218058
0.37316522
0.37415510
0.37514946
0.37615073
0.37715653
0.37816772
0.37918437
0.38020650
0.38123414
0.38226816
0.38330701
0.38435149
0.38540170
0.38645765
0.38751942
0.38858789
0.38966140
0.39074087
0.39182633
0.39291784
0.39401543
0.39512008
0.39623004
0.39734626
0.39846876
0.39959764
0.40073386
0.40187562
0.40302393
0.40417880
0.40534031
0.40650854
0.40768442
0.40886620
0.41005486
0.41125044
0.41245303
0.41366264
0.41488037
0.41610429
0.41733545
0.41857395
0.41981879
0.42107210
0.42233387
0.42360225
0.42487827
0.42616197
0.42745349
0.42875284
0.43006116
0.43137643
0.43269977
0.43403128
0.43537098
0.43671900
0.43807647
0.43944129
0.44081467
0.44219667
0.44344369
0.44468331
0.44592765
0.44708127
0.44801974
0.44896102
0.44990516
0.45062268
0.45125443
0.45188907
0.45248064
0.45280409
0.45312452
0.45343849
0.45358869
0.45359793
0.45360720
0.45361644
0.45336920
0.45309338
0.45278335
0.45242891
0.45207384
0.45198086
0.45249790
0.45393917
0.96276218
0.96606970
0.96940529
0.97275871
0.97613543
0.97954100
0.98296505
0.98641306
0.98989087
0.99338782
0.99690950
1.00046182
1.00403392
1.00763166
1.01126099
1.01491082
1.01858115
1.02228999
1.02601993
1.02977717
1.03356814
1.03738105
1.04122210
1.04509795
1.04899657
1.05292428
1.05688787
1.06087506
1.06489253
1.06894684
1.07302582
1.07713592
1.08128428
1.08545804
1.08966410
1.09390974
1.09818172
1.10248721
1.10683346
1.11120725
1.11561561
1.12006629
1.12454545
1.12906051
1.13361931
1.13820779
1.14283347
1.14750433
1.15220618
1.15694654
1.16173375
1.16655314
1.17141259
1.17632055
1.18126190
1.18624496
1.19127822
1.19634628
1.20145774
1.20662117
1.21182096
1.21706581
1.22236454
1.22770119
1.23308468
1.23852420
1.24400318
1.24953091
1.25511682
1.26074386
1.26642168
1.27216005
1.27794135
1.28377545
1.28967249
1.29561448
1.30161142
1.30767381
1.31378317
1.31994998
1.32618475
1.33246875
1.33881259
1.34522736
1.35169351
1.35822225
1.36482477
1.37148118
1.37820292
1.38500154
1.39185679
0.21058910
0.21061501
0.21064168
0.21067309
0.21070376
0.21071449
0.21073145
0.21075316
0.21077512
0.21077113
0.20338571
0.20887463
0.21243711
0.21337780
0.21431085
0.21523781
0.21615890
0.21708074
0.21801583
0.21897006
0.21994545
0.22094190
0.22195518
0.22299400
0.22406711
0.22515431
0.22625297
0.23577516
0.32940125
0.33017296
0.33094764
0.33172598
0.33250800
0.33329371
0.33408314
0.33487695
0.33567390
0.33647466
0.33727926
0.33808771
0.33890003
0.33971626
0.34053645
0.34136060
0.34218878
0.34302095
0.34385717
0.34469816
0.34554261
0.34639123
0.34724399
0.34810096
0.34896287
0.34982836
0.35069817
0.35157230
0.35245082
0.35333374
0.35422176
0.35511360
0.35600990
0.35691077
0.35781619
0.35872620
0.35964161
0.36056095
0.36148500
0.36241382
0.36334741
0.36428583
0.36522985
0.36617804
0.36713114
0.36808923
0.36905235
0.37002128
0.37099451
0.37197292
0.37295645
0.37394524
0.37493926
0.37593782
0.37694329
0.37795335
0.37896883
0.37998977
0.38101625
0.38204911
0.38308674
0.38413003
0.38517904
0.38623378
0.38729429
0.38836151
0.38943377
0.39051199
0.39159617
0.39268640
0.39378271
0.39488605
0.39599469
0.39710957
0.39823076
0.39935827
0.40049222
0.40163353
0.40278044
0.40393391
0.40509403
0.40626082
0.40743527
0.40861559
0.40980279
0.41099691
0.41219801
0.41340613
0.41462135
0.41584474
0.41707438
0.41831130
0.41955459
0.42080632
0.42206550
0.42333326
0.42460766
0.42588973
0.42717957
0.42847729
0.42978287
0.43109748
0.43241912
0.43374890
0.43508688
0.43643311
0.43778878
0.43915185
0.44052342
0.44190356
0.44329238
0.44461888
0.44586509
0.44711721
0.44837523
0.44936338
0.45031032
0.45126241
0.45212093
0.45275801
0.45339575
0.45403183
0.45443287
0.45474866
0.45506486
0.45533025
0.45534191
0.45535007
0.45535940
0.45521381
0.45493576
0.45465109
0.45429370
0.45393571
0.45367077
0.45399243
0.45503229
0.96536762
0.96869838
0.97204691
0.97541863
0.97881925
0.98223823
0.98568112
0.98915380
0.99264550
0.99616188
0.99970889
1.00327563
1.00686789
1.01049173
1.01413596
1.01780069
1.02150381
1.02522802
1.02897954
1.03276455
1.03657150
1.04040658
1.04427636
1.04816878
1.05209041
1.05604768
1.06002855
1.06403947
1.06808734
1.07215977
1.07626319
1.08040476
1.08457172
1.08877099
1.09300959
1.09727454
1.10157299
1.10591197
1.11027849
1.11467957
1.11912262
1.12359428
1.12810171
1.13265276
1.13723338
1.14185107
1.14651394
1.15120757
1.15593982
1.16071868
1.16552961
1.17038047
1.17527974
1.18021238
1.18518662
1.19021082
1.19526982
1.20037210
1.20552611
1.21071649
1.21595168
1.22124076
1.22656763
1.23194110
1.23737049
1.24283934
1.24835658
1.25393200
1.25954854
1.26521552
1.27094281
1.27671313
1.28253603
1.28842163
1.29435205
1.30033731
1.30638778
1.31248510
1.31863964
1.32486212
1.33113360
1.33746469
1.34386647
1.35031950
1.35683489
1.36342394
1.37006664
1.37677443
1.38355899
1.39039993
1.39730883
0.21150893
0.21153608
0.21156299
0.21159141
0.21162134
0.21163367
0.21165253
0.21167317
0.21169508
0.21171723
0.21173763
0.21075441
0.20467804
0.21319608
0.21417445
0.21510178
0.21602668
0.21694237
0.21787067
0.21881555
0.21977817
0.22075887
0.22177351
0.22280224
0.22387971
0.22496423
0.23551561
0.32923859
0.33000952
0.33078346
0.33156100
0.33234224
0.33312717
0.33391580
0.33470881
0.33550498
0.33630493
0.33710870
0.33791634
0.33872783
0.33954325
0.34036261
0.34118590
0.34201321
0.34284455
0.34367990
0.34452003
0.34536362
0.34621134
0.34706321
0.34791932
0.34877962
0.34964490
0.35051379
0.35138702
0.35226458
0.35314655
0.35403368
0.35492453
0.35581988
0.35671979
0.35762423
0.35853329
0.35944769
0.36036605
0.36128911
0.34918809
0.33852363
0.33997646
0.36502987
0.36597702
0.36692908
0.36788613
0.36884817
0.36981523
0.37078819
0.37176549
0.37274796
0.37373561
0.37472853
0.37572595
0.37673026
0.37773919
0.37875351
0.37977332
0.38079861
0.38182947
0.38286674
0.38390884
0.38495663
0.38601014
0.38706943
0.38813540
0.38920644
0.39028338
0.39136627
0.39245522
0.39355025
0.39465228
0.39575961
0.39687318
0.39799303
0.39911920
0.40025178
0.40139171
0.40253723
0.40368932
0.40484801
0.40601340
0.40718549
0.40836531
0.40955105
0.41074368
0.41194329
0.41314992
0.41436365
0.41558552
0.41681361
0.41804901
0.41929072
0.42054087
0.42179847
0.42306462
0.42433739
0.42561784
0.42690605
0.42820206
0.42950597
0.43081892
0.43213883
0.43346688
0.43480310
0.43614760
0.43750042
0.43886274
0.44023252
0.44161084
0.44299781
0.44439355
0.44579923
0.44705206
0.44831198
0.44957790
0.45071512
0.45166779
0.45262563
0.45358637
0.45426702
0.45490089
0.45553651
0.45606524
0.45638445
0.45670295
0.45702189
0.45709819
0.45710757
0.45711696
0.45707354
0.45679203
0.45651203
0.45617276
0.45581299
0.45549455
0.45554584
0.45635989
0.45850280
0.97133613
0.97470289
0.97809851
0.98151243
0.98495030
0.98841780
0.99190426
0.99541545
0.99895716
1.00251853
1.00610530
1.00972366
1.01336229
1.01702154
1.02071893
1.02443743
1.02818310
1.03196228
1.03576326
1.03959239
1.04345608
1.04734242
1.05125773
1.05520880
1.05918336
1.06318796
1.06722927
1.07129502
1.07539189
1.07952678
1.08368695
1.08787930
1.09211099
1.09636891
1.10066020
1.10499203
1.10935128
1.11374497
1.11818063
1.12264466
1.12714458
1.13168776
1.13626051
1.14087045
1.14552522
1.15021074
1.15493476
1.15970528
1.16450787
1.16935027
1.17424083
1.17916477
1.18413007
1.18914533
1.19419527
1.19928837
1.20443308
1.20961404
1.21483970
1.22011912
1.22543609
1.23079967
1.23621893
1.24167752
1.24718463
1.25274944
1.25835538
1.26401162
1.26972806
1.27548718
1.28129888
1.28717315
1.29309201
1.29906571
1.30510426
1.31118965
1.31733203
1.32354212
1.32980096
1.33611941
1.34250832
1.34894836
1.35545039
1.36202598
1.36865509
1.37534904
1.38211954
1.38894618
1.39584053
1.40281487
0.21244319
0.21246448
0.21248883
0.21251547
0.21253984
0.21256115
0.21258196
0.21260279
0.21262361
0.21264596
0.21266909
0.21268661
0.21239148
0.20537825
0.21395537
0.21496098
0.21589227
0.21681343
0.21772757
0.21866530
0.21961628
0.22058515
0.22159211
0.22261611
0.22371258
0.23524855
0.24098022
0.32984623
0.33061939
0.33139619
0.33217666
0.33296078
0.33374864
0.33454025
0.33533621
0.33613536
0.33693832
0.33774513
0.33855581
0.33937040
0.34018892
0.34101140
0.34183785
0.34266832
0.34350285
0.34434211
0.34518480
0.34603164
0.34688264
0.34773782
0.34859726
0.34946162
0.35032961
0.35120189
0.35207856
0.35295960
0.35384506
0.35473567
0.35563010
0.35652903
0.35743248
0.35834056
0.35925400
0.36017138
0.36109343
0.34467614
0.33861765
0.33861637
0.33952576
0.34163839
0.36672726
0.36768323
0.36864421
0.36961022
0.37058207
0.37155828
0.37253964
0.37352622
0.37451801
0.37551430
0.37651750
0.37752530
0.37853846
0.37955710
0.38058123
0.38161090
0.38264698
0.38368788
0.38473445
0.38578677
0.38684484
0.38790873
0.38897935
0.39005503
0.39113668
0.39222434
0.39331806
0.39441878
0.39552480
0.39663705
0.39775556
0.39888039
0.40001163
0.40115017
0.40229434
0.40344504
0.40460232
0.40576628
0.40693694
0.40811533
0.40929961
0.41049078
0.41168892
0.41289407
0.41410628
0.41532663
0.41655317
0.41778702
0.41902819
0.42027575
0.42153177
0.42279634
0.42406747
0.42534629
0.42663285
0.42792723
0.42922947
0.43054068
0.43185890
0.43318522
0.43451971
0.43586245
0.43721351
0.43857405
0.43994200
0.44131851
0.44270366
0.44409752
0.44550133
0.44691288
0.44824651
0.44951317
0.45078701
0.45206696
0.45303458
0.45399708
0.45495787
0.45577329
0.45641136
0.45705122
0.45769289
0.45803207
0.45835286
0.45867413
0.45886567
0.45887750
0.45888695
0.45889643
0.45866349
0.45838121
0.45806745
0.45770466
0.45734009
0.45722732
0.45774820
0.45921490
0.97398823
0.97737885
0.98078775
0.98422050
0.98768288
0.99116415
0.99467009
0.99820650
1.00176251
1.00534391
1.00895667
1.01258981
1.01624930
1.01993525
1.02364802
1.02738786
1.03116119
1.03495634
1.03877950
1.04263711
1.04651725
1.05042648
1.05437124
1.05833948
1.06233764
1.06637251
1.07043183
1.07452202
1.07865024
1.08280361
1.08698916
1.09121382
1.09546483
1.09974897
1.10407364
1.10842562
1.11281192
1.11724019
1.12169671
1.12618899
1.13072443
1.13528943
1.13989151
1.14453828
1.14921570
1.15393150
1.15869379
1.16348791
1.16832185
1.17320383
1.17811894
1.18307555
1.18808186
1.19312274
1.19820654
1.20334208
1.20851362
1.21372974
1.21899939
1.22430670
1.22966039
1.23506963
1.24051797
1.24601471
1.25156915
1.25716448
1.26280999
1.26851547
1.27426374
1.28006423
1.28592706
1.29183447
1.29779649
1.30382335
1.30989671
1.31602693
1.32222462
1.32847106
1.33477688
1.34115291
1.34757984
1.35406876
1.36063087
1.36724639
1.37392652
1.38068295
1.38749540
1.39437532
1.40133500
1.40835321
0.21338981
0.21340951
0.21343102
0.21345277
0.21347606
0.21350038
0.21352087
0.21354213
0.21356314
0.21358441
0.21360594
0.21362671
0.21364568
0.21344100
0.20619449
0.21471673
0.21575540
0.21668674
0.21759981
0.21851847
0.21946628
0.22042181
0.22141543
0.22243196
0.22364005
0.23897886
0.32968250
0.33045551
0.33123153
0.33201122
0.33279458
0.33358166
0.33437309
0.33516762
0.33596596
0.33676812
0.33757412
0.33838397
0.33919773
0.34001541
0.34083706
0.34166268
0.34249228
0.34332594
0.34416434
0.34500617
0.34585214
0.34670225
0.34755656
0.34841508
0.34927854
0.35014561
0.35101700
0.35189271
0.35277283
0.35365736
0.35454702
0.35544050
0.35633844
0.35724097
0.35814807
0.35905978
0.35997689
0.36089796
0.34582457
0.33860156
0.33842710
0.33929536
0.34020323
0.34113035
0.34326172
0.36844048
0.36940542
0.37037620
0.37135133
0.37233159
0.37331706
0.37430775
0.37530291
0.37630498
0.37731162
0.37832364
0.37934113
0.38036409
0.38139260
0.38242748
0.38346720
0.38451257
0.38556364
0.38662049
0.38768315
0.38875252
0.38982695
0.39090732
0.39199373
0.39308617
0.39418471
0.39529029
0.39640123
0.39751840
0.39864188
0.39977175
0.40090895
0.40205172
0.40320101
0.40435693
0.40551946
0.40668869
0.40786472
0.40904847
0.41023821
0.41143486
0.41263852
0.41384923
0.41506803
0.41629308
0.41752538
0.41876498
0.42001098
0.42126542
0.42252836
0.42379791
0.42507508
0.42636001
0.42765272
0.42895329
0.43026283
0.43157935
0.43290395
0.43423668
0.43557766
0.43692696
0.43828571
0.43965188
0.44102657
0.44240987
0.44380191
0.44520381
0.44661349
0.44803214
0.44944733
0.45072082
0.45200151
0.45328838
0.45440617
0.45536870
0.45633414
0.45728722
0.45793310
0.45857605
0.45922199
0.45968807
0.46001476
0.46033835
0.46064690
0.46066001
0.46067193
0.46068147
0.46055153
0.46026573
0.45997909
0.45961329
0.45924568
0.45896980
0.45927650
0.46033597
0.97666025
0.98006415
0.98349184
0.98694909
0.99042517
0.99392581
0.99745691
1.00100756
1.00458360
1.00819099
1.01181853
1.01547241
1.01915264
1.02285981
1.02659392
1.03036141
1.03415060
1.03796780
1.04181933
1.04569352
1.04959655
1.05353498
1.05749691
1.06148875
1.06551719
1.06956995
1.07365358
1.07777500
1.08192170
1.08610046
1.09031820
1.09456217
1.09883928
1.10315681
1.10750151
1.11188054
1.11630130
1.12075031
1.12523496
1.12976289
1.13432002
1.13891411
1.14355302
1.14822233
1.15293002
1.15768397
1.16246974
1.16729510
1.17216849
1.17707503
1.18202281
1.18702018
1.19205201
1.19712675
1.20225298
1.20741510
1.21262181
1.21788180
1.22317934
1.22852314
1.23392236
1.23936069
1.24484706
1.25039113
1.25597584
1.26161063
1.26730537
1.27304256
1.27883196
1.28468347
1.29057944
1.29652977
1.30254483
1.30860627
1.31472445
1.32090986
1.32714391
1.33343697
1.33980012
1.34621418
1.35268986
1.35923862
1.36584055
1.37250698
1.37924945
1.38604772
1.39291322
1.39985824
1.40686166
1.41393554
0.21435241
0.21436325
0.21438494
0.21440637
0.21442807
0.21445906
0.21447560
0.21449164
0.21451230
0.21453351
0.21455497
0.21457489
0.21459404
0.21461214
0.21449938
0.21091548
0.21547465
0.21655124
0.21747220
0.21838173
0.21930918
0.22025461
0.22123051
0.22230528
0.23792571
0.32951957
0.33029181
0.33106706
0.33184597
0.33262855
0.33341482
0.33420482
0.33499920
0.33579674
0.33659810
0.33740327
0.33821231
0.33902588
0.33984208
0.34066290
0.34148765
0.34231642
0.34314921
0.34398675
0.34482771
0.34567279
0.34652203
0.34737545
0.34823307
0.34909564
0.34996182
0.35083228
0.35170707
0.35258627
0.35346985
0.35435858
0.35525107
0.35614809
0.35704964
0.35795578
0.35886651
0.35978264
0.36070269
0.34777114
0.33926433
0.33829716
0.33910275
0.33998749
0.34089646
0.34181815
0.34276664
0.34491926
0.37017056
0.37114459
0.37212378
0.37310812
0.37409770
0.37509176
0.37609270
0.37709820
0.37810910
0.37912542
0.38014722
0.38117453
0.38220826
0.38324675
0.38429093
0.38534081
0.38639641
0.38745785
0.38852596
0.38959914
0.39067826
0.39176336
0.39285454
0.39395177
0.39505607
0.39616567
0.39728150
0.39840367
0.39953217
0.40066710
0.40180939
0.40295732
0.40411180
0.40527293
0.40644076
0.40761533
0.40879765
0.40998590
0.41118109
0.41238326
0.41359249
0.41480881
0.41603330
0.41726404
0.41850209
0.41974655
0.42099938
0.42226073
0.42352867
0.42480424
0.42608753
0.42737857
0.42867747
0.42998531
0.43130013
0.43262303
0.43395403
0.43529326
0.43664080
0.43799779
0.43936214
0.44073501
0.44211650
0.44350666
0.44490561
0.44631451
0.44773126
0.44915703
0.45059189
0.45193496
0.45322260
0.45451525
0.45577797
0.45674747
0.45771879
0.45869541
0.45946145
0.46011227
0.46076137
0.46135607
0.46168634
0.46201470
0.46234110
0.46245641
0.46246842
0.46247923
0.46245641
0.46216702
0.46187922
0.46153671
0.46116722
0.46083531
0.46087590
0.46169472
0.46389303
0.98276424
0.98621631
0.98968726
0.99318272
0.99670851
1.00025380
1.00382447
1.00742638
1.01104844
1.01469672
1.01837134
1.02207279
1.02580118
1.02956283
1.03334618
1.03715742
1.04100287
1.04487097
1.04876781
1.05270016
1.05665576
1.06064117
1.06466317
1.06870937
1.07278645
1.07690132
1.08104122
1.08521318
1.08942401
1.09366095
1.09793103
1.10224140
1.10657883
1.11095059
1.11536396
1.11980557
1.12428260
1.12880278
1.13335228
1.13793850
1.14256942
1.14723074
1.15193021
1.15667593
1.16145325
1.16627026
1.17113519
1.17603290
1.18097186
1.18596041
1.19098330
1.19604886
1.20116591
1.20631862
1.21151578
1.21676624
1.22205400
1.22738802
1.23277724
1.23820543
1.24368155
1.24921525
1.25478947
1.26041365
1.26609743
1.27182364
1.27760196
1.28344226
1.28932679
1.29526556
1.30126882
1.30731845
1.31342447
1.31959772
1.32581925
1.33209980
1.33845019
1.34485126
1.35131383
1.35784924
1.36443770
1.37109029
1.37781882
1.38460290
1.39145422
1.39838457
1.40537322
1.41243207
1.41957355
0.21533336
0.21534039
0.21534926
0.21537192
0.21540789
0.21543214
0.21544413
0.21545586
0.21547046
0.21549107
0.21551274
0.21553178
0.21555057
0.21556884
0.21558242
0.21556284
0.21308737
0.21531799
0.21733280
0.21825106
0.21915825
0.22008903
0.22108267
0.23734167
0.32935676
0.33012825
0.33090273
0.33168086
0.33246267
0.33324817
0.33403736
0.33483097
0.33562770
0.33642823
0.33723262
0.33804083
0.33885294
0.33966896
0.34048891
0.34131283
0.34214073
0.34297270
0.34380871
0.34464946
0.34549367
0.34634203
0.34719455
0.34805128
0.34891295
0.34977821
0.35064775
0.35152164
0.35239989
0.35328254
0.35417032
0.35506189
0.35595793
0.35685852
0.35776368
0.35867345
0.35958856
0.36050764
0.34991089
0.34011418
0.33830038
0.33893037
0.33978629
0.34067854
0.34159186
0.34251732
0.34345645
0.34444204
0.34654430
0.37191617
0.37289944
0.37388790
0.37488163
0.37588066
0.37688503
0.37789476
0.37890995
0.37993059
0.38095671
0.38198844
0.38302657
0.38406953
0.38511819
0.38617259
0.38723281
0.38829967
0.38937160
0.39044946
0.39153329
0.39262316
0.39371914
0.39482209
0.39593038
0.39704490
0.39816573
0.39929289
0.40042645
0.40156737
0.40271389
0.40386701
0.40502673
0.40619314
0.40736628
0.40854713
0.40973392
0.41092765
0.41212833
0.41333607
0.41455087
0.41577384
0.41700304
0.41823956
0.41948241
0.42073369
0.42199245
0.42325979
0.42453372
0.42581537
0.42710477
0.42840201
0.42970818
0.43102130
0.43234247
0.43367174
0.43500924
0.43635502
0.43771020
0.43907276
0.44044384
0.44182348
0.44321182
0.44460890
0.44601592
0.44743076
0.44885463
0.45028755
0.45172966
0.45315567
0.45444795
0.45574763
0.45705357
0.45813346
0.45911184
0.46009442
0.46099883
0.46165642
0.46231228
0.46296880
0.46336892
0.46370208
0.46403208
0.46426567
0.46427900
0.46429232
0.46430200
0.46408412
0.46379390
0.46347752
0.46310371
0.46273050
0.46259582
0.46312177
0.46461466
0.98548466
0.98895049
0.99244070
0.99596125
0.99950123
1.00306642
1.00666296
1.01027954
1.01392221
1.01759124
1.02128696
1.02500963
1.02876544
1.03254294
1.03634822
1.04018772
1.04404974
1.04794049
1.05186653
1.05581594
1.05979502
1.06381059
1.06785035
1.07192087
1.07602894
1.08016217
1.08432734
1.08853137
1.09276128
1.09702432
1.10132754
1.10565782
1.11002231
1.11442828
1.11886239
1.12333190
1.12784445
1.13238609
1.13696456
1.14158750
1.14624083
1.15093219
1.15566969
1.16043866
1.16524732
1.17010355
1.17499268
1.17992294
1.18490255
1.18991649
1.19497299
1.20008075
1.20522416
1.21041191
1.21565282
1.22093081
1.22625494
1.23163426
1.23705232
1.24251831
1.24804151
1.25360525
1.25921881
1.26489186
1.27060723
1.27637434
1.28220344
1.28807664
1.29400384
1.29999542
1.30603313
1.31212711
1.31828809
1.32449734
1.33076537
1.33710301
1.34349120
1.34994066
1.35646272
1.36303759
1.36967659
1.37639117
1.38316131
1.38999820
1.39691412
1.40388799
1.41093194
1.41805816
1.42523396
0.21633464
0.21633543
0.21634227
0.21634988
0.21637619
0.21640670
0.21642038
0.21643275
0.21644512
0.21645933
0.21647777
0.21649672
0.21651594
0.21653017
0.21654044
0.21655309
0.21656521
0.21517588
0.20937215
0.21812537
0.21902800
0.21995741
0.23670320
0.32919413
0.32996485
0.33073857
0.33151594
0.33229697
0.33308166
0.33387008
0.33466288
0.33545882
0.33625856
0.33706209
0.33786950
0.33868080
0.33949599
0.34031510
0.34113818
0.34196526
0.34279636
0.34363148
0.34447137
0.34531471
0.34616217
0.34701383
0.34786966
0.34872976
0.34959477
0.35046342
0.35133639
0.35221371
0.35309541
0.35398155
0.35487288
0.35576797
0.35666761
0.35757178
0.35848057
0.35939473
0.36031279
0.36123559
0.34105909
0.33828303
0.33875361
0.33959961
0.34047067
0.34137109
0.34229207
0.34322464
0.34416234
0.34512055
0.34611306
0.34819290
0.37367833
0.37467095
0.37566805
0.37667209
0.37768069
0.37869471
0.37971419
0.38073915
0.38176969
0.38280663
0.38384840
0.38489586
0.38594905
0.38700801
0.38807279
0.38914433
0.39022091
0.39130348
0.39239207
0.39348674
0.39458841
0.39569539
0.39680859
0.39792806
0.39905387
0.40018609
0.40132564
0.40247080
0.40362251
0.40478081
0.40594581
0.40711752
0.40829694
0.40948227
0.41067451
0.41187373
0.41307995
0.41429326
0.41551471
0.41674238
0.41797733
0.41921866
0.42046836
0.42172551
0.42299125
0.42426357
0.42554358
0.42683131
0.42812690
0.42943034
0.43074280
0.43206227
0.43338984
0.43472558
0.43606961
0.43742302
0.43878379
0.44015303
0.44153088
0.44291735
0.44431257
0.44571772
0.44713068
0.44855261
0.44998363
0.45142379
0.45287436
0.45433313
0.45567879
0.45698553
0.45829859
0.45952669
0.46051341
0.46150202
0.46249485
0.46320856
0.46387246
0.46453342
0.46506381
0.46539941
0.46573550
0.46606717
0.46610257
0.46611598
0.46612820
0.46601716
0.46572453
0.46543226
0.46505773
0.46468139
0.46439284
0.46468502
0.46576473
0.98821473
0.99169981
0.99521506
0.99874973
1.00230956
1.00590062
1.00951171
1.01314890
1.01681232
1.02050245
1.02421927
1.02796936
1.03174090
1.03554034
1.03937387
1.04322982
1.04711449
1.05103433
1.05497742
1.05895019
1.06295931
1.06699264
1.07105660
1.07515812
1.07928455
1.08344293
1.08764005
1.09186316
1.09611917
1.10041523
1.10473835
1.10909545
1.11349416
1.11792076
1.12238276
1.12688768
1.13142169
1.13599229
1.14060724
1.14525259
1.14993584
1.15466511
1.15942585
1.16422606
1.16907382
1.17395437
1.17887580
1.18384659
1.18885148
1.19389892
1.19899750
1.20413172
1.20930994
1.21454132
1.21980977
1.22512400
1.23049343
1.23590136
1.24135721
1.24687004
1.25242329
1.25802624
1.26368856
1.26939297
1.27514911
1.28096700
1.28682888
1.29274464
1.29872441
1.30475032
1.31083238
1.31698120
1.32317805
1.32943356
1.33575845
1.34213376
1.34857023
1.35507894
1.36164045
1.36826575
1.37496662
1.38172257
1.38854527
1.39544666
1.40240586
1.40943491
1.41654599
1.42370641
1.43095124
0.21734793
0.21734342
0.21734740
0.21735562
0.21736492
0.21738110
0.21740580
0.21741828
0.21742491
0.21743686
0.21745175
0.21747114
0.21749027
0.21750967
0.21751073
0.21751419
0.21752694
0.21753758
0.21705534
0.21021555
0.21890704
0.23598865
0.24658960
0.32980102
0.33057457
0.33135116
0.33213142
0.33291534
0.33370298
0.33449498
0.33529010
0.33608904
0.33689177
0.33769837
0.33850881
0.33932319
0.34014148
0.34096372
0.34178993
0.34262016
0.34345445
0.34429348
0.34513596
0.34598255
0.34683329
0.34768826
0.34854743
0.34941155
0.35027927
0.35115132
0.35202771
0.35290852
0.35379371
0.35468408
0.35557821
0.35647690
0.35738012
0.35828793
0.35920036
0.36011818
0.36103997
0.34214798
0.33824831
0.33861443
0.33942929
0.34028128
0.34116173
0.34206578
0.34299186
0.34393027
0.34487516
0.34581921
0.34676844
0.34775820
0.34994805
0.37545648
0.37645939
0.37746686
0.37847972
0.37949803
0.38052183
0.38155121
0.38258696
0.38362753
0.38467377
0.38572574
0.38678348
0.38784704
0.38891730
0.38999265
0.39107394
0.39216125
0.39325464
0.39435413
0.39546067
0.39657253
0.39769068
0.39881516
0.39994600
0.40108418
0.40222797
0.40337828
0.40453520
0.40569878
0.40686905
0.40804702
0.40923092
0.41042170
0.41161942
0.41282415
0.41403598
0.41525587
0.41648203
0.41771546
0.41895619
0.42020333
0.42145890
0.42272303
0.42399374
0.42527211
0.42655823
0.42785212
0.42915392
0.43046468
0.43178242
0.43310827
0.43444228
0.43578455
0.43713513
0.43849519
0.43986264
0.44123864
0.44262329
0.44401667
0.44541994
0.44683099
0.44825104
0.44968012
0.45111832
0.45256579
0.45402372
0.45548990
0.45691630
0.45823017
0.45955160
0.46088067
0.46192119
0.46291822
0.46391720
0.46477115
0.46543956
0.46610868
0.46677113
0.46710920
0.46744776
0.46778557
0.46794176
0.46795407
0.46796760
0.46796635
0.46767128
0.46737534
0.46702832
0.46664876
0.46630281
0.46633214
0.46715334
0.46951917
0.99447000
0.99799937
1.00155389
1.00513947
1.00874519
1.01237679
1.01604044
1.01971900
1.02343023
1.02717447
1.03094029
1.03473377
1.03856122
1.04241121
1.04628968
1.05020332
1.05414021
1.05810666
1.06210947
1.06613624
1.07019365
1.07428861
1.07840836
1.08255994
1.08675027
1.09096646
1.09521544
1.09950447
1.10382032
1.10817027
1.11256158
1.11698079
1.12143528
1.12593246
1.13045883
1.13502169
1.13962877
1.14426601
1.14894128
1.15366232
1.15841472
1.16320658
1.16804576
1.17291772
1.17783058
1.18279243
1.18778849
1.19282687
1.19791627
1.20304120
1.20821011
1.21343184
1.21869063
1.22399521
1.22935462
1.23475266
1.24019825
1.24570084
1.25124359
1.25683606
1.26248753
1.26818109
1.27392626
1.27973294
1.28558350
1.29148769
1.29745591
1.30347002
1.30954015
1.31567681
1.32186139
1.32810438
1.33441663
1.34077907
1.34720254
1.35369802
1.36024618
1.36685789
1.37354481
1.38028681
1.38709533
1.39398229
1.40092695
1.40794110
1.41503704
1.42218220
1.42941141
1.43672597
0.21837048
0.21836138
0.21836379
0.21836700
0.21837772
0.21838844
0.21839888
0.21840666
0.21841282
0.21842462
0.21843667
0.21845409
0.21847367
0.21849298
0.21849889
0.21850023
0.21850103
0.21849352
0.21849030
0.21782535
0.23543027
0.24305055
0.32963794
0.33041075
0.33118656
0.33196604
0.33274919
0.33353603
0.33432660
0.33512157
0.33591968
0.33672163
0.33752739
0.33833703
0.33915120
0.33996803
0.34078941
0.34161478
0.34244418
0.34327760
0.34411576
0.34495735
0.34580308
0.34665295
0.34750703
0.34836531
0.34922853
0.35009533
0.35096645
0.35184196
0.35272181
0.35360608
0.35449550
0.35538867
0.35628638
0.35718864
0.35809547
0.35900691
0.35992375
0.36084455
0.34341469
0.33822387
0.33845797
0.33927596
0.34011158
0.34097546
0.34185755
0.34276465
0.34369320
0.34464344
0.34559628
0.34653282
0.34746701
0.34841985
0.34944379
0.37624693
0.37725323
0.37826496
0.37928212
0.38030478
0.38133296
0.38236752
0.38340691
0.38445196
0.38550270
0.38655922
0.38762152
0.38869056
0.38976464
0.39084467
0.39193070
0.39302281
0.39412099
0.39522621
0.39633679
0.39745361
0.39857674
0.39970621
0.40084213
0.40198544
0.40313438
0.40428987
0.40545204
0.40662089
0.40779743
0.40897986
0.41016918
0.41136545
0.41256869
0.41377899
0.41499740
0.41622201
0.41745389
0.41869307
0.41993865
0.42119265
0.42245516
0.42372426
0.42500100
0.42628548
0.42757773
0.42887783
0.43018693
0.43150297
0.43282709
0.43415937
0.43549988
0.43684870
0.43820697
0.43957260
0.44094682
0.44232962
0.44372115
0.44512144
0.44653171
0.44794983
0.44937700
0.45081326
0.45225877
0.45371473
0.45517892
0.45665258
0.45813581
0.45948160
0.46081027
0.46214664
0.46333757
0.46434197
0.46534830
0.46634436
0.46701729
0.46769217
0.46836653
0.46883160
0.46917266
0.46951422
0.46979427
0.46980792
0.46982154
0.46983397
0.46963191
0.46932605
0.46899712
0.46860820
0.46821994
0.46806604
0.46859586
0.47017026
0.99725020
1.00079930
1.00437951
1.00797975
1.01160586
1.01526392
1.01893687
1.02264237
1.02638078
1.03014076
1.03392839
1.03774989
1.04159379
1.04546618
1.04937375
1.05330431
1.05726457
1.06126094
1.06528127
1.06933212
1.07342052
1.07753360
1.08167851
1.08586192
1.09007120
1.09431314
1.09859514
1.10290384
1.10724652
1.11163056
1.11604238
1.12048936
1.12497902
1.12949753
1.13405263
1.13865185
1.14328122
1.14794838
1.15266120
1.15740550
1.16218889
1.16701961
1.17188299
1.17678714
1.18174028
1.18672740
1.19175673
1.19683695
1.20195258
1.20711219
1.21232438
1.21757364
1.22286844
1.22821796
1.23360598
1.23904145
1.24453378
1.25006616
1.25564802
1.26128888
1.26697159
1.27270579
1.27850127
1.28434050
1.29023337
1.29618990
1.30219221
1.30825043
1.31437492
1.32054734
1.32677782
1.33307755
1.33942711
1.34583759
1.35231996
1.35885465
1.36545289
1.37212610
1.37885416
1.38564849
1.39252102
1.39945102
1.40645039
1.41353130
1.42067254
1.42787492
1.43517375
1.44253600
0.21940704
0.21939000
0.21938676
0.21938783
0.21939351
0.21940432
0.21941245
0.21941136
0.21941191
0.21942326
0.21943462
0.21944517
0.21946275
0.21948035
0.21948874
0.21948928
0.21948603
0.21945167
0.21945979
0.23501003
0.24136384
0.32947505
0.33024707
0.33102211
0.33180082
0.33258319
0.33336923
0.33415902
0.33495319
0.33575052
0.33655164
0.33735660
0.33816540
0.33897811
0.33979473
0.34061530
0.34143984
0.34226838
0.34310094
0.34393823
0.34477895
0.34562379
0.34647280
0.34732598
0.34818336
0.34904566
0.34991157
0.35078180
0.35165635
0.35253528
0.35341862
0.35430709
0.35519934
0.35609609
0.35699737
0.35790324
0.35881370
0.35972956
0.36064935
0.34525710
0.33823416
0.33830103
0.33911696
0.33995047
0.34080181
0.34167382
0.34256083
0.34347367
0.34439939
0.34535089
0.34630901
0.34726092
0.34817997
0.34910387
0.35007054
0.35110837
0.37805048
0.37906647
0.38008794
0.38111496
0.38214752
0.38318652
0.38423038
0.38527992
0.38633519
0.38739628
0.38846406
0.38953689
0.39061567
0.39170045
0.39279124
0.39388815
0.39499205
0.39610130
0.39721680
0.39833859
0.39946672
0.40060127
0.40174320
0.40289074
0.40404487
0.40520561
0.40637302
0.40754721
0.40872914
0.40991700
0.41111177
0.41231352
0.41352233
0.41473922
0.41596231
0.41719264
0.41843030
0.41967428
0.42092672
0.42218763
0.42345512
0.42473024
0.42601308
0.42730367
0.42860210
0.42990950
0.43122387
0.43254626
0.43387681
0.43521559
0.43656263
0.43791911
0.43928298
0.44065535
0.44203633
0.44342601
0.44482556
0.44623283
0.44764906
0.44907430
0.45050865
0.45195219
0.45340616
0.45486835
0.45633999
0.45782119
0.45931205
0.46073988
0.46207705
0.46341959
0.46476266
0.46577325
0.46678704
0.46780401
0.46860576
0.46928522
0.46996546
0.47056675
0.47091034
0.47125444
0.47159529
0.47166029
0.47166401
0.47166777
0.47155908
0.47125196
0.47094399
0.47055432
0.47016281
0.46985999
0.47017649
0.47130933
1.00004590
1.00362074
1.00721550
1.01083601
1.01448858
1.01815581
1.02185571
1.02558839
1.02934253
1.03312421
1.03693986
1.04077768
1.04464412
1.04854548
1.05246985
1.05642378
1.06041372
1.06442761
1.06847203
1.07255375
1.07666028
1.08079839
1.08497500
1.08917737
1.09341240
1.09768736
1.10198891
1.10632443
1.11070108
1.11510551
1.11954498
1.12402701
1.12853801
1.13308537
1.13767672
1.14229810
1.14695716
1.15166199
1.15639794
1.16117299
1.16599524
1.17085016
1.17574549
1.18068993
1.18566811
1.19068849
1.19575965
1.20086598
1.20601618
1.21121907
1.21645856
1.22174370
1.22708344
1.23246145
1.23788679
1.24336886
1.24889088
1.25446224
1.26009238
1.26576436
1.27148759
1.27727199
1.28309989
1.28898132
1.29492640
1.30091703
1.30696332
1.31307578
1.31923580
1.32545400
1.33174109
1.33807790
1.34447551
1.35094464
1.35746610
1.36405075
1.37071025
1.37742436
1.38420463
1.39106274
1.39797819
1.40496290
1.41202879
1.41915488
1.42634177
1.43362498
1.44097126
1.44839311
0.22046249
0.22043791
0.22042754
0.22041935
0.22042154
0.22042945
0.22043136
0.22042999
0.22042890
0.22043408
0.22044474
0.22045593
0.22046003
0.22047505
0.22048569
0.22048679
0.22047395
0.22044665
0.23479985
0.24014308
0.32931229
0.33008355
0.33085784
0.33163577
0.33241734
0.33320263
0.33399162
0.33478498
0.33558151
0.33638182
0.33718598
0.33799398
0.33880585
0.33962163
0.34044138
0.34126505
0.34209275
0.34292448
0.34376022
0.34460074
0.34544471
0.34629282
0.34714511
0.34800160
0.34886235
0.34972802
0.35059732
0.35147098
0.35234895
0.35323137
0.35411820
0.35501018
0.35590598
0.35680631
0.35771120
0.35862070
0.35953555
0.36045435
0.34752601
0.33865887
0.33817890
0.33896133
0.33979020
0.34063551
0.34149814
0.34237635
0.34327298
0.34418896
0.34511453
0.34604508
0.34699151
0.34794039
0.34889036
0.34980774
0.35074103
0.35171124
0.35284626
0.37987140
0.38089722
0.38192859
0.38296640
0.38400906
0.38505739
0.38611147
0.38717130
0.38823700
0.38930944
0.39038694
0.39147043
0.39255995
0.39365557
0.39475816
0.39586610
0.39698026
0.39810070
0.39922750
0.40036070
0.40150127
0.40264741
0.40380013
0.40495947
0.40612549
0.40729824
0.40847871
0.40966511
0.41085839
0.41205868
0.41326600
0.41448042
0.41570294
0.41693175
0.41816783
0.41941026
0.42066112
0.42192045
0.42318633
0.42445982
0.42574102
0.42702997
0.42832676
0.42963246
0.43094510
0.43226582
0.43359464
0.43493164
0.43627694
0.43763164
0.43899372
0.44036430
0.44174343
0.44313127
0.44452783
0.44593436
0.44734868
0.44877201
0.45020440
0.45164600
0.45309800
0.45455819
0.45602784
0.45750701
0.45899582
0.46049437
0.46200389
0.46334842
0.46470079
0.46605864
0.46721220
0.46823347
0.46925801
0.47020504
0.47088918
0.47157529
0.47226217
0.47264966
0.47298500
0.47332078
0.47350210
0.47350588
0.47350839
0.47350335
0.47319245
0.47288194
0.47251794
0.47212189
0.47176653
0.47180903
0.47271997
1.00286305
1.00645232
1.01006746
1.01371431
1.01737607
1.02107024
1.02479720
1.02854550
1.03232133
1.03613102
1.03996289
1.04382324
1.04771841
1.05163658
1.05558419
1.05956793
1.06357539
1.06761336
1.07168853
1.07578838
1.07991970
1.08408952
1.08828509
1.09251320
1.09678102
1.10107553
1.10540378
1.10977316
1.11417019
1.11860228
1.12307680
1.12758005
1.13211966
1.13670313
1.14131665
1.14596772
1.15066433
1.15539205
1.16015887
1.16497266
1.16981900
1.17470586
1.17964137
1.18461084
1.18962216
1.19468427
1.19978142
1.20492232
1.21011567
1.21534562
1.22062111
1.22595096
1.23131907
1.23673427
1.24220610
1.24771786
1.25327873
1.25889826
1.26455939
1.27027166
1.27604496
1.28186178
1.28773189
1.29366529
1.29964423
1.30567861
1.31177902
1.31792700
1.32413280
1.33040726
1.33673143
1.34311604
1.34957218
1.35608029
1.36265159
1.36929727
1.37599754
1.38276374
1.38960755
1.39650857
1.40347850
1.41052938
1.41764033
1.42481184
1.43207943
1.43940973
1.44681561
1.45430994
0.22155736
0.22150111
0.22148596
0.22147493
0.22146447
0.22146364
0.22146337
0.22146502
0.22146639
0.22146723
0.22147109
0.22147603
0.22148018
0.22148430
0.22149202
0.22149396
0.22147714
0.23462993
0.23871575
0.32914969
0.32991961
0.33069372
0.33147088
0.33225167
0.33303618
0.33382440
0.33461696
0.33541268
0.33621219
0.33701551
0.33782271
0.33863375
0.33944872
0.34026760
0.34109047
0.34191731
0.34274817
0.34358308
0.34442273
0.34526581
0.34611306
0.34696445
0.34782004
0.34867987
0.34954467
0.35041305
0.35128576
0.35216284
0.35304430
0.35393089
0.35482123
0.35571608
0.35661545
0.35751936
0.35842788
0.35934174
0.36025956
0.34982562
0.33933353
0.33803055
0.33879489
0.33962163
0.34046677
0.34132525
0.34220850
0.34309036
0.34398744
0.34490189
0.34583062
0.34676033
0.34767330
0.34861705
0.34956801
0.35050827
0.35143140
0.35238385
0.35337511
0.35454419
0.38170993
0.38274655
0.38378799
0.38483512
0.38588795
0.38694659
0.38801190
0.38908222
0.39015847
0.39124069
0.39232895
0.39342326
0.39452457
0.39563119
0.39674401
0.39786315
0.39898857
0.40012041
0.40125960
0.40240437
0.40355569
0.40471363
0.40587822
0.40704954
0.40822858
0.40941352
0.41060537
0.41180417
0.41300997
0.41422290
0.41544390
0.41667116
0.41790569
0.41914660
0.42039585
0.42165360
0.42291787
0.42418975
0.42546931
0.42675662
0.42805174
0.42935577
0.43066671
0.43198571
0.43331280
0.43464810
0.43599162
0.43734455
0.43870485
0.44007361
0.44145095
0.44283691
0.44423163
0.44563627
0.44704869
0.44847012
0.44990060
0.45134023
0.45278910
0.45424849
0.45571613
0.45719329
0.45868003
0.46017650
0.46168396
0.46320012
0.46462679
0.46598664
0.46735448
0.46866128
0.46968892
0.47071981
0.47175652
0.47250414
0.47318491
0.47386640
0.47438291
0.47472069
0.47505769
0.47535455
0.47535965
0.47536346
0.47536725
0.47514772
0.47483593
0.47449672
0.47409862
0.47369868
0.47357643
0.47415546
0.47587815
1.00929999
1.01294136
1.01660335
1.02028596
1.02400720
1.02774978
1.03151977
1.03532350
1.03914940
1.04300368
1.04689276
1.05080473
1.05474615
1.05872345
1.06272459
1.06675601
1.07082462
1.07491791
1.07904255
1.08320558
1.08739424
1.09161544
1.09587622
1.10016358
1.10448468
1.10884678
1.11323643
1.11766112
1.12212801
1.12662375
1.13115561
1.13573134
1.14033687
1.14497995
1.14966846
1.15438807
1.15914655
1.16395199
1.16878974
1.17366791
1.17859483
1.18355536
1.18855786
1.19361079
1.19869876
1.20383036
1.20901430
1.21423471
1.21950054
1.22482061
1.23017871
1.23558402
1.24104559
1.24654698
1.25209737
1.25770628
1.26335669
1.26905811
1.27482045
1.28062594
1.28648472
1.29240668
1.29837394
1.30439651
1.31048501
1.31662071
1.32281423
1.32907617
1.33538771
1.34175944
1.34820247
1.35469735
1.36125517
1.36788726
1.37457371
1.38132584
1.38815546
1.39504194
1.40199721
1.40903330
1.41612899
1.42328525
1.43053722
1.43785179
1.44524157
1.45271945
1.46026325
0.22266261
0.22260357
0.22255598
0.22254486
0.22253345
0.22252232
0.22251342
0.22251481
0.22251537
0.22251593
0.22251704
0.22251898
0.22251926
0.22251815
0.22250897
0.22250980
0.23449023
0.23712131
0.32898727
0.32975641
0.33052978
0.33130616
0.33208618
0.33286989
0.33365732
0.33444846
0.33524400
0.33604273
0.33684525
0.33765161
0.33846185
0.33927661
0.34009403
0.34091604
0.34174204
0.34257203
0.34340608
0.34424487
0.34508711
0.34593347
0.34678397
0.34763867
0.34849760
0.34936148
0.35022897
0.35110077
0.35197690
0.35285744
0.35374239
0.35463250
0.35552639
0.35642478
0.35732773
0.35823527
0.35914746
0.36006498
0.36098650
0.34041792
0.33798563
0.33861893
0.33944353
0.34029233
0.34115452
0.34203228
0.34292975
0.34383127
0.34472620
0.34562850
0.34653687
0.34747106
0.34838983
0.34930390
0.35024413
0.35119498
0.35213149
0.35306951
0.35404494
0.35504913
0.35736719
0.38356718
0.38461310
0.38566473
0.38672215
0.38778535
0.38885528
0.38993028
0.39101124
0.39209819
0.39319122
0.39429122
0.39539653
0.39650807
0.39762583
0.39874995
0.39988041
0.40101823
0.40216163
0.40331155
0.40446809
0.40563127
0.40680116
0.40797874
0.40916225
0.41035262
0.41154996
0.41275427
0.41396567
0.41518518
0.41641092
0.41764390
0.41888422
0.42013094
0.42138708
0.42264977
0.42392004
0.42519796
0.42648360
0.42777708
0.42907944
0.43038869
0.43170598
0.43303135
0.43436491
0.43570668
0.43705785
0.43841633
0.43978330
0.44115883
0.44254297
0.44393581
0.44533861
0.44674912
0.44816864
0.44959718
0.45103487
0.45248181
0.45393917
0.45540482
0.45687994
0.45836467
0.45985907
0.46136326
0.46287853
0.46440253
0.46591347
0.46727964
0.46865508
0.47003865
0.47115216
0.47219077
0.47322768
0.47410998
0.47479415
0.47548026
0.47612381
0.47646663
0.47680742
0.47714865
0.47722927
0.47723436
0.47723693
0.47712180
0.47680613
0.47649089
0.47608942
0.47568738
0.47538504
0.47577131
0.47704509
1.01216960
1.01582587
1.01950288
1.02321839
1.02695525
1.03071940
1.03451717
1.03833711
1.04218531
1.04606831
1.04997420
1.05390930
1.05788028
1.06187499
1.06589997
1.06996202
1.07404876
1.07816672
1.08232296
1.08650482
1.09071910
1.09497285
1.09925318
1.10356712
1.10792196
1.11230433
1.11672151
1.12118089
1.12566900
1.13019323
1.13476110
1.13935888
1.14399397
1.14867437
1.15338576
1.15813589
1.16293299
1.16776228
1.17263186
1.17755008
1.18250179
1.18749535
1.19253922
1.19761813
1.20274043
1.20791495
1.21312582
1.21838200
1.22369230
1.22904050
1.23443580
1.23988724
1.24537838
1.25091827
1.25651658
1.26215637
1.26784694
1.27359819
1.27939260
1.28524005
1.29115045
1.29710615
1.30311692
1.30919337
1.31531703
1.32149827
1.32774770
1.33404660
1.34040546
1.34683549
1.35331726
1.35986161
1.36648011
1.37315285
1.37989092
1.38670635
1.39357853
1.40051901
1.40754032
1.41462100
1.42177331
1.42899823
1.43629706
1.44367087
1.45113254
1.45865977
1.46626556
0.22378738
0.22372101
0.22366197
0.22362489
0.22361168
0.22359230
0.22357292
0.22356674
0.22356731
0.22356927
0.22357152
0.22356842
0.22355860
0.22354905
0.22353980
0.22381862
0.23570742
0.32882500
0.32959339
0.33036599
0.33114159
0.33192083
0.33270377
0.33349040
0.33428076
0.33507553
0.33587343
0.33667514
0.33748069
0.33829010
0.33910340
0.33992061
0.34074178
0.34156695
0.34239611
0.34322929
0.34406722
0.34490857
0.34575406
0.34660369
0.34745750
0.34831554
0.34917849
0.35004508
0.35091597
0.35179117
0.35267079
0.35355479
0.35444397
0.35533687
0.35623434
0.35713631
0.35804290
0.35895407
0.35987064
0.36079115
0.34179452
0.33802864
0.33843932
0.33926627
0.34010768
0.34097937
0.34187067
0.34276533
0.34365869
0.34455872
0.34545344
0.34634742
0.34723991
0.34817177
0.34908128
0.35000309
0.35093740
0.35188088
0.35283017
0.35377121
0.35473427
0.35572320
0.35674408
0.35919383
0.38544175
0.38649794
0.38755992
0.38862860
0.38970235
0.39078203
0.39186773
0.39295948
0.39405730
0.39516217
0.39627236
0.39738882
0.39851159
0.39964071
0.40077716
0.40191919
0.40306774
0.40422285
0.40538463
0.40655309
0.40772924
0.40891129
0.41010019
0.41129604
0.41249889
0.41370878
0.41492677
0.41615099
0.41738242
0.41862118
0.41986632
0.42111990
0.42238200
0.42365065
0.42492694
0.42621097
0.42750275
0.42880344
0.43011102
0.43142661
0.43275028
0.43408209
0.43542212
0.43677151
0.43812823
0.43949339
0.44086710
0.44224939
0.44364041
0.44504130
0.44644997
0.44786757
0.44929421
0.45072994
0.45217490
0.45363030
0.45509395
0.45656708
0.45804974
0.45954210
0.46104419
0.46255735
0.46407926
0.46561122
0.46715334
0.46858108
0.46996421
0.47135428
0.47262457
0.47366086
0.47470298
0.47572172
0.47641435
0.47710517
0.47779930
0.47822547
0.47857133
0.47891513
0.47911236
0.47911879
0.47912267
0.47911236
0.47879276
0.47847486
0.47809958
0.47769415
0.47733676
0.47740844
0.47841954
1.01504970
1.01872110
1.02243090
1.02616191
1.02992022
1.03371215
1.03752613
1.04136837
1.04524517
1.04914486
1.05307376
1.05703855
1.06102681
1.06504548
1.06910098
1.07318103
1.07729232
1.08144188
1.08561683
1.08982420
1.09407103
1.09834433
1.10265112
1.10699868
1.11137366
1.11578345
1.12023544
1.12471592
1.12923241
1.13379264
1.13838243
1.14300966
1.14768195
1.15238512
1.15712702
1.16191578
1.16673660
1.17159760
1.17650712
1.18145001
1.18643475
1.19146955
1.19653928
1.20165241
1.20681751
1.21201897
1.21726549
1.22256601
1.22790444
1.23328972
1.23873103
1.24421191
1.24974144
1.25532925
1.26095819
1.26663804
1.27237821
1.27816153
1.28399777
1.28989673
1.29584086
1.30183995
1.30790436
1.31401598
1.32018495
1.32642198
1.33270824
1.33905435
1.34547138
1.35193992
1.35847104
1.36507595
1.37173486
1.37845898
1.38526022
1.39211798
1.39904404
1.40605044
1.41311610
1.42025316
1.42746270
1.43474579
1.44210362
1.44954908
1.45705986
1.46464884
1.47232962
0.22492556
0.22485624
0.22478782
0.22473247
0.22469899
0.22467262
0.22465277
0.22463433
0.22462641
0.22461903
0.22461903
0.22461252
0.22460090
0.22459126
0.22470184
0.23537734
0.32866290
0.32943052
0.33020234
0.33097720
0.33175567
0.33253783
0.33332366
0.33411324
0.33490720
0.33570430
0.33650520
0.33730993
0.33811852
0.33893099
0.33974740
0.34056774
0.34139204
0.34222034
0.34305269
0.34388906
0.34473023
0.34557483
0.34642357
0.34727651
0.34813365
0.34899572
0.34986138
0.35073134
0.35160565
0.35248432
0.35336739
0.35425562
0.35514760
0.35604408
0.35694510
0.35785070
0.35876092
0.35967648
0.36059600
0.34348628
0.33808383
0.33824316
0.33908466
0.33992904
0.34078810
0.34166858
0.34257138
0.34347236
0.34436876
0.34526446
0.34615681
0.34704834
0.34794244
0.34885344
0.34978712
0.35070300
0.35164037
0.35257998
0.35352740
0.35447854
0.35544118
0.35641909
0.35742244
0.35845387
0.36101872
0.38733476
0.38840219
0.38947469
0.39055312
0.39163753
0.39272797
0.39382452
0.39492810
0.39603698
0.39715210
0.39827353
0.39940131
0.40053546
0.40167701
0.40282419
0.40397790
0.40513828
0.40630531
0.40748003
0.40866062
0.40984809
0.41104245
0.41224381
0.41345221
0.41466871
0.41589138
0.41712129
0.41835850
0.41960207
0.42085406
0.42211455
0.42338160
0.42465627
0.42593867
0.42722881
0.42852679
0.42983371
0.43114761
0.43246955
0.43379962
0.43513793
0.43648556
0.43784049
0.43920386
0.44057575
0.44195622
0.44334540
0.44474441
0.44615120
0.44756690
0.44899160
0.45042542
0.45186841
0.45332184
0.45478350
0.45625460
0.45773527
0.45922557
0.46072558
0.46223664
0.46375644
0.46528625
0.46682623
0.46837640
0.46988854
0.47127941
0.47267729
0.47408095
0.47513759
0.47618493
0.47723693
0.47804439
0.47874251
0.47944012
0.47999606
0.48034707
0.48069340
0.48100907
0.48101684
0.48102334
0.48102596
0.48079729
0.48047671
0.48012552
0.47971663
0.47930714
0.47921681
0.47987959
0.48174977
1.02164459
1.02536976
1.02912235
1.03290844
1.03671646
1.04055262
1.04442346
1.04831696
1.05223966
1.05619812
1.06018007
1.06419218
1.06824124
1.07231474
1.07641935
1.08056223
1.08473039
1.08893085
1.09317076
1.09743690
1.10173655
1.10607696
1.11044466
1.11484706
1.11929154
1.12376451
1.12827337
1.13282573
1.13740778
1.14202690
1.14669120
1.15138626
1.15611994
1.16090035
1.16571271
1.17056525
1.17546606
1.18040025
1.18537605
1.19040191
1.19546247
1.20056641
1.20572209
1.21091413
1.21615112
1.22144186
1.22677052
1.23214579
1.23757696
1.24304760
1.24856675
1.25414407
1.25976241
1.26543140
1.27116072
1.27693295
1.28275788
1.28864539
1.29457796
1.30056536
1.30661786
1.31271744
1.31887412
1.32509875
1.33137250
1.33770585
1.34411001
1.35056543
1.35708320
1.36367464
1.37031984
1.37703013
1.38381720
1.39066064
1.39757216
1.40456378
1.41161442
1.41873634
1.42593038
1.43319786
1.44053972
1.44796896
1.45546341
1.46303570
1.47069955
1.47843170
0.22608171
0.22600162
0.22592933
0.22586368
0.22582759
0.22579579
0.22576429
0.22573164
0.22569558
0.22567698
0.22567412
0.22566897
0.22566181
0.22571018
0.23519322
0.32850096
0.32926783
0.33003888
0.33081296
0.33159065
0.33237204
0.33315709
0.33394587
0.33473903
0.33553535
0.33633542
0.33713934
0.33794713
0.33875877
0.33957434
0.34039384
0.34121731
0.34204477
0.34287626
0.34371176
0.34455207
0.34539577
0.34624365
0.34709570
0.34795195
0.34881243
0.34967786
0.35054693
0.35142031
0.35229805
0.35318020
0.35406747
0.35495850
0.35585403
0.35675409
0.35765871
0.35856795
0.35948253
0.36040106
0.34613189
0.33812237
0.33806136
0.33889294
0.33974609
0.34060487
0.34147784
0.34236711
0.34327430
0.34418896
0.34507975
0.34596437
0.34685087
0.34774530
0.34865257
0.34956801
0.35047653
0.35141268
0.35234827
0.35329306
0.35423446
0.35518515
0.35614809
0.35712844
0.35811782
0.35913295
0.36015096
0.36284894
0.38924727
0.39032444
0.39140761
0.39249676
0.39359203
0.39469427
0.39580184
0.39691564
0.39803573
0.39916217
0.40029499
0.40143517
0.40258092
0.40373325
0.40489221
0.40605783
0.40723020
0.40841028
0.40959629
0.41078919
0.41198906
0.41319597
0.41441095
0.41563210
0.41686046
0.41809613
0.41933814
0.42058855
0.42184746
0.42311290
0.42438596
0.42566669
0.42695519
0.42825150
0.42955679
0.43086895
0.43218920
0.43351755
0.43485409
0.43619889
0.43755311
0.43891469
0.44028479
0.44166344
0.44305074
0.44444793
0.44585282
0.44726664
0.44868943
0.45012131
0.45156235
0.45301381
0.45447347
0.45594257
0.45742118
0.45890945
0.46040741
0.46191639
0.46343407
0.46496177
0.46649957
0.46804756
0.46960589
0.47117585
0.47260073
0.47400394
0.47541425
0.47662228
0.47767749
0.47873738
0.47968432
0.48038983
0.48109356
0.48177978
0.48213342
0.48248625
0.48283568
0.48292869
0.48293656
0.48294181
0.48281866
0.48249412
0.48216999
0.48175761
0.48134464
0.48104286
0.48150218
0.48292345
1.02457893
1.02832568
1.03210592
1.03590798
1.03973818
1.04360294
1.04749036
1.05140686
1.05535889
1.05933464
1.06334031
1.06738281
1.07144976
1.07554781
1.07968390
1.08384538
1.08803892
1.09227180
1.09653103
1.10082352
1.10515666
1.10951722
1.11391222
1.11834919
1.12281466
1.12731588
1.13186049
1.13643467
1.14104593
1.14570224
1.15038919
1.15511465
1.15988672
1.16469073
1.16953468
1.17442679
1.17935228
1.18431914
1.18933606
1.19438767
1.19948232
1.20462871
1.20981133
1.21503866
1.22031987
1.22563863
1.23100400
1.23642504
1.24188542
1.24739432
1.25296116
1.25856888
1.26422703
1.26994538
1.27570665
1.28152037
1.28739655
1.29331756
1.29929328
1.30533397
1.31142151
1.31756604
1.32377827
1.33003950
1.33636010
1.34275126
1.34919369
1.35569823
1.36227608
1.36890769
1.37560415
1.38237715
1.38920629
1.39610326
1.40308022
1.41011596
1.41722274
1.42440140
1.43165326
1.43897927
1.44639242
1.45387042
1.46142614
1.46907306
1.47678804
1.48458457
0.22734150
0.22719207
0.22708541
0.22701186
0.22696728
0.22693516
0.22689697
0.22683163
0.22678453
0.22676054
0.22674523
0.22673917
0.22673541
0.23504168
0.29051498
0.32910529
0.32987559
0.33064887
0.33142582
0.33220640
0.33299071
0.33377868
0.33457041
0.33536655
0.33616585
0.33696896
0.33777592
0.33858675
0.33940145
0.34022012
0.34104276
0.34186935
0.34269997
0.34353465
0.34437409
0.34521693
0.34606394
0.34691510
0.34777045
0.34863004
0.34949455
0.35036269
0.35123515
0.35211200
0.35299319
0.35387883
0.35476962
0.35566419
0.35656330
0.35746697
0.35837519
0.35928881
0.36020634
0.34899846
0.33854294
0.33788812
0.33870980
0.33956009
0.34041727
0.34129319
0.34217691
0.34307912
0.34398544
0.34489521
0.34578225
0.34666309
0.34754908
0.34844303
0.34935188
0.35027653
0.35119152
0.35212314
0.35306111
0.35400057
0.35494223
0.35589173
0.35684994
0.35782552
0.35881370
0.35981607
0.36082625
0.36184362
0.36470753
0.39117792
0.39226583
0.39335978
0.39446074
0.39556700
0.39667949
0.39779824
0.39892331
0.40005478
0.40119359
0.40233797
0.40348893
0.40464646
0.40581068
0.40698162
0.40816024
0.40934479
0.41053623
0.41173461
0.41294003
0.41415253
0.41537315
0.41659999
0.41783410
0.41907555
0.42032340
0.42158070
0.42284453
0.42411599
0.42539510
0.42668194
0.42797661
0.42928019
0.43059069
0.43190920
0.43323582
0.43457064
0.43591368
0.43726614
0.43862593
0.43999419
0.44137102
0.44275650
0.44415072
0.44555485
0.44696677
0.44838765
0.44981760
0.45125669
0.45270619
0.45416388
0.45563096
0.45710757
0.45859376
0.46008968
0.46159655
0.46311215
0.46463770
0.46617338
0.46771920
0.46927533
0.47084308
0.47242010
0.47392696
0.47533679
0.47675633
0.47811499
0.47918069
0.48024598
0.48131600
0.48204592
0.48275712
0.48346648
0.48393178
0.48428857
0.48464459
0.48485711
0.48486504
0.48487166
0.48485711
0.48452982
0.48420295
0.48381472
0.48339820
0.48304009
0.48316726
0.48425961
1.02753019
1.03130460
1.03510070
1.03892493
1.04278362
1.04666495
1.05057526
1.05452120
1.05849051
1.06248987
1.06652594
1.07058632
1.07467771
1.07880712
1.08296168
1.08714855
1.09137440
1.09562659
1.09991205
1.10423803
1.10859120
1.11297894
1.11740851
1.12186635
1.12635994
1.13089693
1.13546324
1.14006674
1.14471495
1.14939380
1.15411115
1.15887487
1.16367042
1.16850591
1.17338943
1.17830610
1.18326426
1.18827212
1.19331467
1.19840014
1.20353734
1.20871055
1.21392834
1.21919978
1.22450876
1.22986424
1.23527527
1.24072552
1.24622405
1.25178039
1.25737762
1.26302505
1.26873255
1.27448273
1.28028524
1.28615010
1.29205954
1.29802358
1.30405259
1.31012809
1.31626046
1.32246041
1.32870913
1.33501709
1.34139538
1.34782481
1.35431600
1.36088049
1.36749852
1.37418103
1.38094008
1.38775504
1.39463758
1.40159976
1.40862072
1.41571236
1.42287564
1.43011189
1.43742216
1.44481921
1.45228100
1.45982015
1.46745014
1.47514808
1.48292720
1.49080133
0.31854141
0.22851241
0.22831808
0.22817995
0.22811736
0.22807556
0.22802532
0.22795552
0.22789103
0.22785777
0.22783910
0.22783355
0.23488970
0.28560570
0.32894289
0.32971182
0.33048499
0.33126113
0.33204097
0.33282447
0.33361167
0.33440322
0.33519793
0.33599642
0.33679873
0.33760485
0.33841485
0.33922940
0.34004658
0.34086838
0.34169415
0.34252390
0.34335774
0.34419629
0.34503826
0.34588438
0.34673467
0.34758914
0.34844780
0.34931144
0.35017866
0.35105023
0.35192612
0.35280639
0.35369107
0.35458094
0.35547456
0.35637268
0.35727540
0.35818267
0.35909456
0.36001185
0.36093307
0.33938399
0.33773553
0.33853456
0.33938786
0.34023833
0.34109765
0.34198627
0.34288219
0.34378546
0.34469151
0.34558222
0.34647077
0.34735578
0.34825081
0.34914836
0.35006574
0.35098237
0.35190594
0.35283926
0.35378036
0.35471377
0.35565352
0.35660043
0.35755888
0.35852751
0.35951522
0.36050838
0.36151069
0.36252305
0.36353368
0.39203516
0.39312783
0.39422747
0.39533243
0.39644358
0.39756101
0.39868474
0.39981484
0.40095228
0.40209532
0.40324485
0.40440100
0.40556380
0.40673330
0.40791050
0.40909359
0.41028357
0.41148049
0.41268441
0.41389540
0.41511449
0.41633981
0.41757238
0.41881227
0.42005855
0.42131329
0.42257652
0.42384633
0.42512381
0.42640904
0.42770204
0.42900392
0.43031275
0.43162957
0.43295449
0.43428755
0.43562883
0.43697953
0.43833753
0.43970400
0.44107902
0.44246265
0.44385502
0.44525728
0.44666731
0.44808629
0.44951430
0.45095146
0.45239785
0.45385468
0.45531979
0.45679438
0.45827854
0.45977238
0.46127719
0.46279067
0.46431410
0.46584761
0.46739131
0.46894524
0.47051078
0.47208557
0.47367093
0.47525811
0.47667843
0.47810730
0.47954345
0.48068821
0.48176414
0.48284224
0.48371217
0.48442960
0.48514786
0.48574492
0.48610440
0.48646444
0.48680103
0.48680767
0.48681566
0.48682231
0.48658279
0.48625314
0.48589078
0.48547071
0.48505399
0.48499450
0.48575422
0.48813596
1.03429484
1.03811312
1.04196572
1.04584098
1.04974508
1.05368471
1.05764771
1.06164074
1.06567025
1.06972420
1.07380903
1.07793164
1.08207953
1.08625948
1.09047854
1.09472370
1.09900212
1.10332084
1.10766685
1.11204720
1.11646938
1.12091970
1.12540567
1.12993491
1.13449359
1.13908911
1.14372933
1.14840019
1.15310931
1.15786469
1.16265190
1.16747892
1.17235386
1.17726183
1.18221116
1.18721020
1.19224370
1.19731998
1.20244789
1.20761168
1.21282005
1.21808183
1.22338104
1.22872663
1.23412764
1.23956776
1.24505603
1.25060189
1.25618851
1.26182532
1.26752186
1.27326107
1.27905250
1.28490603
1.29080403
1.29675651
1.30277359
1.30883718
1.31495750
1.32114518
1.32738137
1.33367682
1.34004223
1.34645855
1.35293663
1.35948777
1.36609209
1.37276101
1.37950599
1.38630676
1.39317489
1.40012252
1.40712857
1.41420519
1.42136455
1.42857397
1.43586838
1.44324946
1.45069492
1.45821762
1.46583092
1.47351182
1.48127365
1.48913014
1.49705780
0.31910962
0.31983322
0.32056010
0.22943905
0.22930132
0.22922455
0.22916080
0.22908737
0.22901839
0.22896978
0.22894652
0.23468222
0.27880782
0.32878068
0.32954884
0.33032122
0.33109662
0.33187565
0.33265838
0.33344480
0.33423495
0.33502948
0.33582717
0.33662865
0.33743396
0.33824316
0.33905688
0.33987325
0.34069419
0.34151912
0.34234804
0.34318098
0.34401867
0.34485978
0.34570503
0.34655443
0.34740800
0.34826580
0.34912851
0.34999484
0.35086545
0.35174045
0.35261980
0.35350353
0.35439244
0.35528511
0.35618231
0.35708404
0.35799032
0.35890123
0.35981753
0.36073777
0.34051171
0.33776820
0.33836147
0.33921778
0.34006870
0.34092256
0.34179649
0.34269077
0.34358504
0.34449270
0.34538975
0.34627330
0.34715933
0.34804788
0.34894988
0.34986138
0.35077006
0.35170221
0.35262397
0.35355690
0.35449550
0.35542983
0.35636413
0.35731125
0.35826844
0.35923949
0.36022165
0.36121213
0.36221471
0.36322805
0.39180475
0.39289615
0.39399451
0.39509815
0.39620799
0.39732409
0.39844647
0.39957523
0.40071130
0.40185294
0.40300110
0.40415585
0.40531725
0.40648532
0.40766108
0.40884271
0.41003123
0.41122669
0.41242912
0.41363862
0.41485620
0.41607997
0.41731101
0.41854933
0.41979405
0.42104718
0.42230883
0.42357704
0.42485291
0.42613646
0.42742783
0.42872703
0.43003517
0.43135029
0.43267348
0.43400481
0.43534437
0.43669328
0.43804953
0.43941417
0.44078740
0.44216919
0.44355971
0.44496009
0.44636825
0.44778532
0.44921142
0.45064664
0.45209107
0.45354593
0.45500901
0.45648161
0.45796373
0.45945552
0.46095705
0.46246964
0.46399096
0.46552235
0.46706384
0.46861562
0.47017896
0.47175151
0.47333464
0.47492716
0.47653168
0.47802770
0.47946465
0.48090899
0.48220655
0.48329058
0.48437688
0.48539126
0.48611370
0.48683828
0.48756239
0.48793390
0.48829666
0.48865992
0.48876727
0.48877397
0.48878202
0.48865321
0.48831540
0.48797137
0.48754233
0.48711407
0.48684096
0.48735014
0.48897538
1.03730237
1.04114902
1.04501820
1.04891622
1.05284953
1.05680633
1.06079292
1.06481612
1.06886339
1.07294166
1.07705772
1.08119881
1.08537197
1.08958411
1.09382224
1.09809363
1.10240531
1.10674405
1.11111701
1.11553180
1.11997461
1.12445307
1.12897468
1.13352549
1.13811314
1.14274549
1.14740825
1.15210915
1.15685630
1.16163516
1.16645372
1.17132008
1.17621946
1.18115997
1.18615007
1.19117463
1.19624186
1.20136046
1.20651484
1.21171379
1.21696591
1.22225547
1.22759116
1.23298216
1.23841214
1.24389017
1.24942565
1.25500178
1.26062787
1.26631355
1.27204180
1.27782214
1.28366435
1.28955102
1.29549181
1.30149722
1.30754888
1.31365716
1.31983256
1.32605636
1.33233917
1.33869183
1.34509516
1.35156012
1.35809791
1.36468875
1.37134385
1.37807488
1.38486147
1.39171529
1.39864826
1.40563965
1.41270113
1.41984534
1.42703927
1.43431807
1.44168305
1.44911242
1.45661867
1.46421516
1.47187912
1.47962368
1.48746264
1.49537253
1.50336707
0.31967986
0.32040602
0.32113552
0.32186893
0.23056211
0.23042125
0.23030646
0.23022753
0.23015787
0.23009896
0.23447478
0.25136968
0.32861862
0.32938603
0.33015764
0.33093226
0.33171055
0.33249247
0.33327812
0.33406746
0.33486119
0.33565807
0.33645877
0.33726329
0.33807164
0.33888391
0.33970007
0.34052017
0.34134424
0.34217232
0.34300441
0.34384125
0.34468150
0.34552586
0.34637436
0.34722707
0.34808394
0.34894577
0.34981120
0.35068092
0.35155496
0.35243338
0.35331619
0.35420415
0.35509586
0.35599211
0.35689285
0.35779819
0.35870814
0.35962343
0.36054268
0.34193569
0.33780667
0.33820012
0.33904785
0.33989856
0.34075159
0.34162265
0.34250745
0.34340477
0.34428948
0.34518883
0.34608209
0.34696376
0.34785199
0.34874478
0.34964833
0.35056627
0.35148415
0.35240826
0.35334003
0.35427466
0.35521138
0.35614595
0.35708186
0.35802561
0.35898304
0.35995579
0.36094040
0.36193779
0.36295179
0.36518788
0.39266473
0.39376092
0.39486414
0.39597267
0.39708742
0.39820847
0.39933589
0.40047058
0.40161085
0.40275764
0.40391099
0.40507096
0.40623763
0.40741196
0.40859216
0.40977922
0.41097319
0.41217414
0.41338214
0.41459820
0.41582045
0.41704994
0.41828674
0.41952989
0.42078143
0.42204148
0.42330810
0.42458233
0.42586428
0.42715397
0.42845148
0.42975798
0.43107140
0.43239287
0.43372247
0.43506026
0.43640637
0.43776187
0.43912476
0.44049615
0.44187614
0.44326478
0.44466332
0.44606957
0.44748476
0.44890895
0.45034224
0.45178470
0.45323759
0.45469868
0.45616925
0.45764935
0.45913908
0.46063855
0.46214902
0.46366826
0.46519750
0.46673685
0.46828645
0.46984637
0.47141793
0.47299883
0.47459033
0.47619131
0.47780442
0.47938460
0.48082975
0.48228362
0.48373452
0.48482412
0.48591995
0.48701677
0.48780957
0.48853922
0.48927104
0.48977590
0.49014136
0.49050334
0.49072105
0.49071833
0.49071562
0.49067777
0.49033579
0.48999432
0.48958325
0.48915139
0.48879278
0.48903045
0.49022236
1.04033363
1.04419672
1.04808855
1.05201578
1.05596626
1.05994654
1.06396317
1.06800413
1.07207572
1.07618511
1.08031952
1.08448589
1.08869112
1.09292233
1.09718668
1.10149109
1.10582268
1.11018848
1.11459577
1.11903119
1.12350202
1.12801600
1.13255906
1.13713884
1.14176321
1.14641798
1.15111077
1.15584970
1.16062033
1.16543031
1.17028821
1.17517889
1.18011069
1.18509185
1.19010735
1.19516551
1.20027494
1.20542002
1.21060944
1.21585202
1.22113192
1.22645772
1.23183882
1.23725867
1.24272645
1.24825156
1.25381720
1.25943267
1.26510763
1.27082491
1.27659404
1.28242517
1.28830040
1.29422963
1.30022335
1.30626309
1.31235933
1.31852245
1.32473397
1.33100414
1.33734405
1.34373450
1.35018635
1.35671079
1.36328816
1.36992955
1.37664676
1.38341928
1.39025879
1.39717722
1.40415382
1.41120040
1.41832936
1.42550790
1.43277097
1.44012010
1.44753337
1.45502317
1.46260297
1.47025001
1.47797751
1.48579895
1.49369109
1.50166762
1.50974250
0.32025212
0.32098147
0.32171360
0.32244906
0.32318792
0.23171403
0.23153800
0.23138811
0.23129161
0.23142330
0.24270490
0.32845670
0.32922336
0.32999423
0.33076808
0.33154556
0.33232674
0.33311158
0.33390015
0.33469307
0.33548915
0.33628905
0.33709276
0.33790028
0.33871171
0.33952707
0.34034634
0.34116957
0.34199679
0.34282804
0.34366333
0.34450337
0.34534687
0.34619451
0.34704632
0.34790230
0.34876323
0.34962773
0.35049653
0.35136968
0.35224715
0.35312906
0.35401607
0.35490686
0.35580212
0.35670191
0.35760626
0.35851523
0.35942954
0.36034781
0.34384057
0.33782014
0.33802992
0.33887744
0.33973247
0.34058401
0.34145227
0.34234211
0.34322664
0.34411776
0.34499881
0.34588438
0.34677181
0.34765497
0.34854743
0.34945133
0.35035375
0.35127258
0.35219628
0.35312134
0.35405338
0.35499176
0.35592946
0.35686210
0.35779890
0.35874283
0.35970336
0.36067784
0.36167893
0.36269516
0.36454096
0.39243361
0.39352849
0.39463040
0.39573762
0.39685103
0.39797077
0.39909682
0.40022928
0.40136907
0.40251449
0.40366644
0.40482500
0.40599024
0.40716314
0.40834188
0.40952748
0.41071999
0.41191947
0.41312596
0.41434053
0.41556126
0.41678920
0.41802445
0.41926605
0.42051601
0.42177448
0.42303950
0.42431211
0.42559239
0.42688045
0.42817631
0.42948112
0.43079284
0.43211260
0.43344048
0.43477654
0.43612087
0.43747461
0.43883571
0.44020528
0.44158345
0.44297028
0.44436583
0.44577131
0.44718459
0.44860688
0.45003822
0.45147875
0.45292968
0.45438880
0.45585734
0.45733541
0.45882308
0.46032050
0.46182889
0.46334600
0.46487314
0.46641034
0.46795774
0.46951547
0.47108483
0.47266346
0.47425273
0.47585142
0.47746223
0.47908399
0.48071808
0.48220134
0.48366484
0.48513463
0.48636872
0.48747158
0.48857811
0.48951593
0.49025071
0.49098635
0.49161419
0.49197018
0.49232668
0.49265915
0.49265778
0.49265370
0.49265099
0.49237299
0.49202865
0.49164134
0.49120584
0.49079412
0.49079275
0.49174455
1.04337656
1.04726231
1.05118322
1.05512750
1.05910134
1.06311166
1.06714606
1.07121122
1.07531393
1.07944167
1.08360124
1.08779955
1.09202385
1.09628117
1.10057855
1.10490286
1.10926139
1.11366129
1.11808932
1.12255263
1.12705886
1.13159430
1.13616633
1.14078271
1.14542949
1.15011418
1.15484488
1.15960717
1.16440880
1.16925812
1.17414021
1.17906320
1.18403554
1.18904209
1.19409120
1.19919133
1.20432723
1.20950723
1.21474016
1.22001040
1.22532642
1.23069751
1.23610735
1.24156499
1.24707973
1.25263488
1.25823975
1.26390386
1.26961029
1.27536845
1.28118825
1.28705215
1.29296994
1.29895186
1.30497992
1.31106412
1.31721509
1.32341409
1.32967186
1.33599901
1.34237671
1.34881544
1.35532653
1.36189044
1.36851823
1.37522149
1.38198006
1.38880527
1.39570928
1.40267110
1.40970278
1.41681659
1.42397976
1.43122733
1.43856061
1.44595766
1.45343125
1.46099436
1.46862459
1.47633493
1.48413897
1.49201345
1.49997199
1.50802863
1.51615930
0.32082644
0.32155845
0.32229319
0.32303131
0.32377282
0.32451773
0.23328249
0.23262702
0.23256776
0.24073774
0.32829496
0.32906085
0.32983035
0.33060405
0.33138078
0.33216116
0.33294523
0.33373299
0.33452514
0.33532041
0.33611950
0.33692238
0.33772913
0.33853972
0.33935422
0.34017268
0.34099507
0.34182143
0.34265184
0.34348628
0.34432545
0.34516805
0.34601483
0.34686574
0.34772086
0.34858018
0.34944448
0.35031235
0.35118458
0.35206115
0.35294211
0.35382819
0.35471800
0.35561234
0.35651118
0.35741454
0.35832253
0.35923588
0.36015314
0.34576076
0.33782783
0.33786631
0.33869690
0.33955166
0.34041533
0.34127945
0.34217036
0.34306985
0.34395021
0.34483239
0.34570503
0.34657735
0.34745818
0.34834826
0.34924975
0.35015664
0.35106960
0.35198388
0.35290852
0.35383663
0.35477102
0.35571039
0.35664901
0.35758042
0.35851666
0.35946366
0.36043319
0.36142629
0.36245367
0.36394024
0.39220273
0.39329633
0.39439693
0.39550284
0.39661497
0.39773333
0.39885807
0.39998916
0.40112758
0.40227160
0.40342218
0.40457934
0.40574315
0.40691370
0.40809193
0.40927607
0.41046712
0.41166511
0.41287011
0.41408315
0.41530240
0.41652882
0.41776252
0.41900352
0.42025095
0.42150781
0.42277122
0.42404222
0.42532089
0.42660728
0.42790151
0.42920461
0.43051466
0.43183270
0.43315887
0.43449318
0.43583578
0.43718773
0.43854704
0.43991482
0.44129115
0.44267613
0.44406983
0.44547346
0.44688484
0.44830522
0.44973463
0.45117322
0.45262101
0.45407930
0.45554584
0.45702189
0.45850754
0.46000287
0.46150920
0.46302420
0.46454918
0.46608427
0.46762949
0.46918502
0.47075218
0.47232860
0.47391561
0.47551203
0.47712052
0.47873995
0.48037168
0.48201329
0.48358205
0.48505268
0.48653358
0.48792320
0.48903179
0.49014679
0.49123159
0.49195930
0.49268916
0.49342120
0.49380445
0.49416363
0.49452332
0.49461126
0.49460852
0.49460575
0.49442717
0.49407995
0.49371544
0.49327761
0.49283648
0.49266052
0.49327898
0.49524289
1.05035210
1.05429006
1.05825770
1.06226158
1.06628954
1.07034814
1.07444417
1.07856524
1.08271801
1.08690953
1.09112692
1.09537721
1.09966743
1.10398459
1.10833585
1.11272848
1.11714900
1.12160480
1.12610340
1.13063109
1.13519537
1.13980389
1.14444268
1.14911926
1.15384173
1.15859568
1.16338897
1.16822982
1.17310333
1.17801762
1.18298113
1.18797874
1.19301879
1.19810975
1.20323634
1.20840693
1.21363044
1.21889091
1.22419727
1.22955847
1.23495817
1.24040568
1.24591005
1.25145471
1.25704908
1.26270247
1.26839805
1.27414513
1.27995372
1.28580630
1.29171264
1.29768300
1.30369914
1.30977142
1.31591022
1.32209694
1.32834220
1.33465672
1.34102154
1.34744728
1.35394514
1.36049569
1.36710989
1.37379932
1.38054383
1.38735485
1.39424431
1.40119159
1.40820837
1.41530704
1.42245495
1.42968690
1.43700445
1.44438541
1.45184267
1.45938933
1.46700263
1.47469592
1.48248267
1.49033952
1.49828017
1.50631857
1.51443088
1.52263093
0.32140341
0.32213745
0.32287487
0.32361564
0.32435986
0.32510749
0.32585916
0.32661372
0.32737178
0.32813337
0.32889852
0.32966787
0.33044019
0.33121613
0.33199576
0.33277902
0.33356601
0.33435676
0.33515185
0.33595014
0.33675221
0.33755812
0.33836791
0.33918223
0.33999917
0.34082073
0.34164625
0.34247580
0.34330940
0.34414771
0.34498945
0.34583533
0.34668535
0.34753957
0.34839803
0.34926140
0.35012838
0.35099968
0.35187533
0.35275534
0.35363978
0.35452938
0.35542274
0.35632062
0.35722303
0.35813007
0.35904241
0.35995868
0.34766448
0.33784258
0.33770540
0.33853328
0.33936718
0.34022662
0.34109765
0.34198692
0.34289473
0.34378678
0.34466946
0.34552920
0.34639862
0.34726769
0.34814999
0.34904566
0.34995079
0.35086477
0.35178283
0.35270363
0.35362715
0.35455480
0.35549089
0.35642979
0.35736719
0.35829875
0.35923877
0.36019176
0.36117548
0.36223459
0.36339563
0.39197212
0.39306447
0.39416376
0.39526835
0.39637914
0.39749619
0.39861956
0.39974931
0.40088639
0.40202901
0.40317819
0.40433395
0.40549636
0.40666547
0.40784228
0.40902498
0.41021454
0.41141108
0.41261458
0.41382515
0.41504383
0.41626874
0.41750088
0.41874036
0.41998619
0.42124149
0.42250329
0.42377269
0.42504972
0.42633447
0.42762703
0.42892846
0.43023682
0.43155318
0.43287763
0.43421021
0.43555102
0.43690124
0.43825874
0.43962473
0.44099924
0.44238240
0.44377422
0.44517598
0.44658551
0.44800395
0.44943145
0.45086810
0.45231393
0.45377022
0.45523477
0.45670882
0.45819241
0.45968568
0.46118873
0.46270284
0.46422571
0.46575865
0.46730173
0.46885508
0.47042003
0.47199419
0.47357896
0.47517312
0.47677931
0.47839642
0.48002580
0.48166505
0.48331553
0.48496941
0.48644981
0.48793793
0.48943520
0.49060339
0.49171603
0.49283376
0.49366888
0.49440381
0.49514094
0.49565107
0.49601433
0.49637672
0.49657890
0.49657890
0.49657613
0.49649855
0.49614844
0.49579880
0.49536556
0.49492204
0.49458101
0.49499500
0.49649441
1.05345392
1.05741525
1.06141281
1.06543434
1.06948638
1.07357585
1.07769024
1.08183622
1.08602095
1.09023142
1.09447467
1.09875786
1.10306787
1.10741186
1.11179721
1.11621034
1.12065864
1.12514961
1.12966967
1.13422608
1.13882673
1.14345753
1.14812613
1.15284038
1.15758610
1.16237104
1.16720331
1.17206824
1.17697382
1.18192863
1.18691730
1.19194829
1.19703019
1.20214748
1.20730865
1.21252263
1.21777356
1.22307003
1.22842133
1.23381114
1.23924851
1.24474263
1.25027692
1.25586057
1.26150334
1.26718807
1.27292418
1.27872169
1.28456295
1.29045784
1.29641652
1.30242097
1.30848122
1.31460798
1.32078242
1.32701528
1.33331716
1.33966911
1.34608185
1.35256660
1.35910368
1.36570430
1.37238002
1.37911046
1.38590741
1.39278245
1.39971507
1.40671718
1.41380072
1.42094481
1.42814982
1.43545163
1.44281662
1.45025766
1.45778775
1.46538436
1.47306061
1.48083007
1.48866940
1.49659216
1.50461245
1.51270628
1.52088761
1.52917123
0.32198188
0.32271856
0.32345864
0.32420212
0.32494903
0.32569996
0.32645378
0.32721111
0.32797197
0.32873634
0.32950431
0.33027649
0.33105168
0.33183050
0.33261299
0.33339921
0.33418977
0.33498344
0.33578092
0.33658218
0.33738729
0.33819625
0.33900911
0.33982587
0.34064659
0.34147128
0.34229997
0.34313270
0.34397015
0.34481102
0.34565601
0.34650517
0.34735849
0.34821606
0.34907854
0.34994459
0.35081500
0.35168970
0.35256881
0.35345230
0.35434094
0.35523334
0.35613027
0.35703173
0.35793778
0.35884842
0.35976446
0.34918535
0.33781502
0.33757797
0.33838269
0.33921003
0.34004009
0.34091407
0.34179649
0.34269866
0.34360695
0.34449938
0.34537300
0.34623086
0.34709233
0.34796214
0.34885004
0.34976032
0.35066432
0.35157508
0.35249758
0.35342354
0.35435152
0.35527945
0.35621008
0.35714993
0.35808322
0.35901850
0.35996741
0.36093894
0.36194071
0.36311096
0.39174181
0.39283285
0.39392999
0.39503413
0.39614362
0.39725935
0.39838138
0.39950976
0.40064546
0.40178671
0.40293452
0.40408888
0.40524986
0.40641758
0.40759292
0.40877420
0.40996230
0.41115734
0.41235939
0.41356847
0.41478562
0.41600898
0.41723961
0.41847751
0.41972178
0.42097449
0.42223570
0.42350349
0.42477891
0.42606202
0.42735291
0.42865267
0.42995936
0.43127400
0.43259674
0.43392760
0.43526667
0.43661511
0.43797085
0.43933502
0.44070771
0.44208905
0.44347903
0.44487891
0.44628653
0.44770309
0.44912869
0.45056337
0.45200726
0.45346159
0.45492414
0.45639616
0.45787773
0.45936894
0.46086991
0.46238193
0.46390268
0.46543348
0.46697441
0.46852556
0.47008830
0.47166029
0.47324279
0.47483593
0.47643858
0.47805336
0.47968042
0.48131731
0.48296538
0.48462480
0.48629564
0.48785368
0.48935175
0.49085638
0.49217013
0.49328992
0.49441481
0.49538761
0.49613047
0.49687412
0.49751016
0.49787894
0.49824408
0.49856225
0.49856225
0.49856085
0.49855804
0.49823430
0.49788034
0.49747264
0.49702537
0.49662876
0.49672717
0.49788451
1.05657423
1.06056535
1.06458044
1.06862605
1.07270896
1.07681668
1.08095586
1.08513379
1.08933735
1.09357369
1.09784985
1.10215271
1.10648942
1.11086738
1.11527312
1.11971402
1.12419748
1.12870979
1.13325846
1.13785124
1.14247406
1.14713466
1.15184081
1.15657818
1.16135478
1.16617858
1.17103493
1.17593193
1.18087792
1.18585765
1.19087970
1.19595242
1.20106053
1.20621240
1.21141684
1.21665812
1.22194505
1.22728646
1.23266625
1.23809350
1.24357736
1.24910128
1.25467443
1.26030648
1.26598036
1.27170563
1.27749193
1.28332198
1.28920543
1.29515254
1.30114520
1.30719364
1.31330824
1.31947052
1.32569087
1.33198023
1.33831942
1.34471917
1.35119081
1.35771465
1.36430168
1.37096357
1.37768018
1.38446295
1.39132369
1.39824176
1.40522897
1.41229761
1.41942644
1.42661607
1.43390214
1.44125116
1.44867599
1.45618975
1.46376967
1.47142887
1.47918105
1.48700297
1.49490798
1.50291014
1.51098561
1.51914835
1.52741289
1.53575456
0.32256243
0.32330179
0.32404453
0.32479072
0.32554093
0.32629400
0.32705060
0.32781070
0.32857433
0.32934153
0.33011293
0.33088735
0.33166543
0.33244714
0.33323255
0.33402172
0.33481520
0.33561188
0.33641234
0.33721665
0.33802477
0.33883744
0.33965275
0.34047261
0.34129646
0.34212431
0.34295619
0.34379277
0.34463277
0.34547690
0.34632516
0.34717762
0.34803426
0.34889585
0.34976101
0.35063049
0.35150427
0.35238245
0.35326502
0.35415271
0.35504419
0.35594013
0.35684064
0.35774571
0.35865536
0.35957041
0.36048940
0.33801642
0.33749923
0.33823675
0.33905753
0.33988363
0.34072354
0.34161347
0.34250018
0.34340939
0.34431079
0.34519953
0.34606662
0.34692860
0.34779355
0.34866348
0.34955221
0.35046825
0.35139257
0.35229456
0.35321665
0.35414425
0.35507676
0.35600847
0.35694009
0.35786942
0.35880575
0.35975063
0.36071512
0.36170244
0.36274838
0.39151177
0.39260152
0.39369735
0.39480022
0.39590836
0.39702275
0.39814347
0.39927050
0.40040395
0.40154472
0.40269113
0.40384409
0.40500370
0.40616995
0.40734389
0.40852371
0.40971035
0.41090393
0.41210449
0.41331205
0.41452771
0.41574955
0.41697863
0.41821498
0.41945770
0.42070884
0.42196846
0.42323461
0.42450842
0.42578989
0.42707914
0.42837623
0.42968222
0.43099520
0.43231621
0.43364534
0.43498266
0.43632933
0.43768331
0.43904570
0.44041657
0.44179606
0.44318423
0.44458225
0.44598800
0.44740266
0.44882631
0.45025909
0.45170102
0.45315337
0.45461392
0.45608392
0.45756346
0.45905265
0.46055153
0.46206146
0.46358010
0.46510878
0.46664754
0.46819654
0.46975708
0.47132683
0.47290710
0.47449797
0.47609833
0.47771081
0.47933555
0.48097005
0.48261577
0.48427278
0.48594117
0.48762113
0.48926702
0.49076974
0.49228173
0.49374419
0.49487251
0.49600464
0.49711698
0.49786919
0.49861810
0.49936786
0.49975482
0.50012553
0.50049394
0.50056148
0.50056291
0.50056010
0.50033778
0.49998081
0.49959773
0.49914661
0.49869493
0.49862090
0.49945614
0.50235277
1.06372797
1.06776702
1.07184339
1.07594442
1.08007705
1.08424807
1.08844483
1.09267414
1.09694326
1.10123897
1.10556853
1.10993922
1.11433756
1.11877096
1.12324679
1.12775147
1.13229251
1.13687742
1.14149237
1.14614487
1.15084291
1.15557206
1.16034031
1.16515577
1.17000353
1.17489195
1.17982912
1.18480003
1.18981302
1.19487667
1.19997549
1.20511806
1.21031308
1.21554482
1.22082198
1.22615361
1.23152351
1.23694062
1.24241424
1.24792778
1.25349045
1.25911188
1.26477504
1.27048934
1.27626455
1.28208339
1.28795540
1.29389095
1.29987204
1.30590856
1.31201112
1.31816125
1.32436919
1.33064592
1.33697248
1.34335935
1.34981775
1.35632837
1.36290193
1.36955011
1.37625289
1.38302159
1.38986802
1.39677155
1.40374410
1.41079772
1.41791129
1.42508566
1.43235600
1.43968916
1.44709790
1.45459509
1.46215844
1.46980083
1.47753584
1.48534024
1.49322748
1.50121164
1.50926888
1.51741302
1.52565861
1.53398108
1.54239488
0.32314506
0.32388711
0.32463256
0.32538202
0.32613438
0.32689023
0.32764959
0.32841247
0.32917893
0.32994956
0.33072323
0.33150050
0.33228144
0.33306608
0.33385444
0.33464715
0.33544302
0.33624268
0.33704615
0.33785349
0.33866468
0.33947977
0.34029883
0.34112182
0.34194884
0.34277984
0.34361491
0.34445471
0.34529796
0.34614536
0.34699690
0.34785268
0.34871268
0.34957761
0.35044616
0.35131904
0.35219628
0.35307792
0.35396469
0.35485518
0.35575020
0.35664973
0.35755384
0.35846254
0.35937658
0.36029458
0.33831775
0.33738664
0.33810696
0.33891293
0.33973312
0.34056577
0.34141889
0.34232038
0.34320480
0.34410712
0.34500214
0.34588170
0.34675020
0.34761629
0.34848875
0.34937727
0.35026205
0.35116863
0.35210222
0.35302120
0.35393792
0.35486650
0.35579997
0.35673550
0.35766807
0.35859829
0.35953844
0.36050034
0.36148429
0.36251050
0.39128199
0.39237046
0.39346501
0.39456654
0.39567339
0.39678648
0.39790583
0.39903152
0.40016359
0.40130302
0.40244803
0.40359962
0.40475780
0.40592265
0.40709424
0.40827352
0.40945873
0.41065082
0.41184989
0.41305599
0.41427013
0.41549045
0.41671798
0.41795281
0.41919395
0.42044351
0.42170155
0.42296612
0.42423829
0.42551813
0.42680573
0.42810115
0.42940548
0.43071675
0.43203604
0.43336347
0.43469903
0.43604288
0.43739614
0.43875673
0.44012582
0.44150349
0.44288981
0.44428596
0.44568983
0.44710261
0.44852436
0.44995520
0.45139518
0.45284554
0.45430413
0.45577213
0.45724964
0.45873678
0.46023360
0.46174145
0.46325797
0.46478450
0.46632114
0.46786797
0.46942508
0.47099385
0.47257188
0.47416049
0.47575858
0.47736877
0.47899115
0.48062330
0.48226663
0.48392126
0.48558724
0.48726475
0.48895523
0.49065611
0.49219462
0.49371544
0.49524426
0.49646533
0.49760613
0.49875084
0.49961597
0.50037438
0.50112939
0.50164491
0.50201982
0.50239247
0.50257683
0.50257826
0.50257826
0.50246054
0.50210053
0.50174105
0.50128609
0.50083047
0.50054604
0.50110823
0.50292903
1.06690943
1.07097924
1.07507372
1.07919955
1.08336377
1.08755362
1.09177613
1.09603810
1.10032678
1.10464919
1.10901260
1.11340356
1.11782956
1.12229788
1.12679493
1.13132811
1.13590527
1.14051223
1.14515674
1.14984667
1.15456772
1.15932763
1.16413462
1.16897392
1.17385364
1.17878211
1.18374419
1.18874836
1.19380283
1.19889259
1.20402575
1.20921135
1.21443355
1.21970105
1.22502291
1.23038280
1.23578990
1.24125326
1.24675655
1.25230885
1.25791955
1.26357198
1.26927531
1.27503955
1.28084719
1.28670788
1.29263198
1.29860127
1.30462599
1.31071651
1.31685448
1.32305014
1.32931435
1.33562815
1.34200215
1.34844756
1.35494483
1.36150503
1.36813962
1.37482846
1.38158309
1.38841534
1.39530444
1.40226221
1.40930104
1.41639948
1.42355847
1.43081319
1.43813062
1.44552314
1.45300412
1.46055079
1.46817636
1.47589421
1.48368120
1.49155092
1.49951708
1.50755608
1.51568162
1.52390838
1.53221178
1.54060614
1.54910648
0.32372984
0.32447454
0.32522270
0.32597491
0.32673001
0.32748863
0.32825077
0.32901648
0.32978636
0.33055922
0.33133575
0.33211592
0.33289978
0.33368734
0.33447927
0.33527431
0.33607316
0.33687583
0.33768234
0.33849272
0.33930701
0.34012520
0.34094739
0.34177354
0.34260368
0.34343788
0.34427685
0.34511921
0.34596571
0.34681639
0.34767127
0.34853038
0.34939441
0.35026205
0.35113400
0.35201031
0.35289103
0.35377613
0.35466641
0.35556048
0.35645905
0.35736218
0.35826990
0.35918295
0.36009997
0.33870655
0.33737066
0.33797151
0.33877102
0.33958340
0.34041208
0.34125656
0.34212694
0.34302887
0.34391099
0.34479299
0.34567884
0.34655848
0.34743240
0.34830192
0.34918192
0.35007882
0.35097685
0.35188577
0.35280919
0.35374591
0.35465795
0.35558888
0.35652259
0.35745978
0.35839614
0.35933378
0.36028874
0.36126566
0.36227074
0.39105245
0.39213967
0.39323291
0.39433315
0.39543870
0.39655045
0.39766848
0.39879283
0.39992356
0.40106159
0.40220526
0.40335542
0.40451223
0.40567565
0.40684581
0.40802366
0.40920740
0.41039804
0.41159561
0.41280022
0.41401190
0.41523167
0.41645768
0.41769093
0.41893154
0.42017853
0.42143497
0.42269793
0.42396849
0.42524672
0.42653266
0.42782643
0.42912909
0.43043867
0.43175626
0.43308192
0.43441579
0.43575788
0.43710935
0.43846819
0.43983546
0.44121131
0.44259578
0.44398898
0.44539207
0.44680297
0.44822282
0.44965172
0.45108974
0.45253816
0.45399475
0.45546076
0.45693624
0.45842135
0.45991611
0.46142185
0.46293628
0.46446070
0.46599519
0.46753985
0.46909478
0.47066131
0.47223711
0.47382352
0.47541931
0.47702718
0.47864598
0.48027709
0.48191804
0.48357025
0.48523381
0.48690888
0.48859689
0.49029529
0.49200553
0.49362779
0.49515748
0.49669528
0.49806702
0.49921662
0.50036871
0.50137502
0.50213879
0.50290340
0.50354791
0.50392711
0.50430542
0.50460708
0.50460851
0.50460994
0.50459993
0.50423688
0.50387430
0.50344390
0.50298440
0.50260383
0.50288355
0.50424826
1.07011640
1.07420433
1.07832348
1.08248103
1.08666396
1.09087956
1.09513462
1.09941614
1.10373139
1.10808742
1.11247110
1.11688960
1.12135041
1.12583995
1.13036549
1.13493478
1.13953388
1.14417040
1.14885223
1.15356517
1.15831673
1.16311538
1.16794622
1.17281735
1.17773700
1.18269026
1.18768549
1.19273102
1.19781148
1.20293546
1.20811164
1.21332431
1.21858215
1.22389424
1.22924423
1.23464131
1.24009454
1.24558747
1.25112927
1.25672948
1.26237118
1.26806366
1.27381694
1.27961338
1.28546274
1.29137528
1.29733300
1.30334592
1.30942452
1.31555033
1.32173371
1.32798553
1.33428657
1.34064782
1.34708011
1.35356426
1.36011100
1.36673200
1.37340713
1.38014770
1.38696563
1.39384031
1.40078354
1.40780747
1.41489089
1.42204595
1.42927372
1.43657529
1.44395196
1.45141649
1.45894670
1.46655548
1.47425628
1.48202598
1.48987794
1.49782622
1.50584710
1.51395428
1.52216220
1.53044653
1.53882146
1.54730201
1.55586302
0.32431671
0.32506415
0.32581562
0.32656997
0.32732785
0.32808924
0.32885417
0.32962269
0.33039540
0.33117115
0.33195055
0.33273363
0.33352041
0.33431154
0.33510581
0.33590385
0.33670571
0.33751139
0.33832094
0.33913505
0.33995178
0.34077311
0.34159839
0.34242770
0.34326106
0.34409913
0.34494066
0.34578627
0.34663609
0.34749007
0.34834826
0.34921139
0.35007814
0.35094917
0.35182455
0.35270432
0.35358921
0.35447782
0.35537094
0.35626855
0.35717073
0.35807747
0.35898954
0.35990557
0.33897489
0.33736619
0.33784258
0.33863506
0.33943641
0.34025785
0.34109503
0.34194753
0.34283859
0.34374562
0.34461409
0.34548295
0.34636021
0.34723383
0.34810573
0.34898886
0.34988683
0.35077903
0.35168484
0.35260510
0.35353091
0.35446373
0.35538229
0.35631135
0.35724527
0.35818267
0.35912427
0.36007738
0.36105168
0.36204380
0.36409956
0.39190915
0.39300111
0.39410004
0.39520428
0.39631471
0.39743140
0.39855441
0.39968377
0.40082046
0.40196276
0.40311155
0.40426692
0.40542895
0.40659767
0.40777409
0.40895638
0.41014555
0.41134167
0.41254479
0.41375592
0.41497320
0.41619769
0.41742942
0.41866845
0.41991389
0.42116871
0.42243010
0.42369905
0.42497563
0.42625996
0.42755204
0.42885303
0.43016094
0.43147683
0.43280077
0.43413290
0.43547323
0.43682295
0.43818000
0.43954548
0.44091952
0.44230214
0.44369349
0.44509473
0.44650373
0.44792166
0.44934863
0.45078474
0.45223004
0.45368579
0.45514980
0.45662329
0.45810634
0.45959905
0.46110272
0.46261507
0.46413735
0.46566969
0.46721220
0.46876493
0.47032928
0.47190285
0.47348699
0.47508052
0.47668609
0.47830257
0.47993132
0.48156992
0.48321974
0.48488089
0.48655352
0.48823771
0.48993498
0.49164268
0.49336237
0.49506795
0.49660799
0.49815482
0.49967766
0.50083613
0.50199854
0.50314653
0.50391567
0.50468862
0.50545818
0.50584745
0.50623012
0.50661194
0.50665665
0.50665808
0.50665951
0.50639290
0.50602722
0.50561899
0.50515699
0.50471866
0.50472724
0.50578564
1.07333636
1.07744884
1.08159959
1.08577585
1.08998442
1.09423244
1.09850705
1.10281503
1.10716391
1.11154032
1.11595142
1.12040472
1.12488651
1.12940443
1.13396597
1.13855720
1.14318573
1.14785957
1.15256429
1.15730762
1.16209781
1.16692019
1.17178273
1.17669380
1.18163824
1.18662453
1.19166100
1.19673240
1.20184708
1.20701396
1.21221709
1.21746528
1.22276759
1.22810781
1.23349488
1.23893797
1.24442065
1.24995208
1.25554168
1.26117265
1.26685441
1.27259660
1.27838182
1.28422010
1.29012108
1.29606724
1.30206847
1.30813503
1.31424880
1.32041991
1.32665920
1.33294773
1.33929610
1.34571552
1.35218644
1.35871983
1.36532724
1.37198853
1.37871528
1.38551903
1.39237940
1.39930797
1.40631700
1.41338539
1.42052519
1.42773747
1.43502343
1.44238400
1.44983244
1.45734608
1.46493816
1.47262192
1.48037434
1.48820889
1.49613929
1.50414205
1.51223075
1.52041996
1.52868533
1.53704095
1.54550183
1.55404282
1.56267869
0.32490572
0.32565647
0.32641008
0.32716721
0.32792786
0.32869205
0.32945979
0.33023176
0.33100674
0.33178535
0.33256763
0.33335364
0.33414334
0.33493745
0.33573470
0.33653572
0.33734062
0.33814934
0.33896261
0.33977851
0.34059900
0.34142345
0.34225193
0.34308442
0.34392163
0.34476227
0.34560704
0.34645593
0.34730902
0.34816635
0.34902856
0.34989437
0.35076451
0.35163897
0.35251781
0.35340106
0.35428944
0.35518160
0.35607827
0.35697946
0.35788524
0.35879561
0.35971138
0.33909500
0.33732590
0.33773938
0.33851141
0.33930635
0.34011546
0.34094411
0.34179124
0.34264788
0.34352738
0.34444603
0.34531137
0.34617633
0.34704360
0.34790844
0.34878442
0.34967855
0.35058352
0.35149527
0.35240966
0.35332811
0.35425422
0.35518515
0.35610747
0.35703674
0.35797089
0.35890993
0.35985827
0.36083063
0.36182743
0.36348912
0.39167890
0.39276958
0.39386722
0.39497015
0.39607927
0.39719462
0.39831629
0.39944431
0.40057963
0.40172052
0.40286794
0.40402192
0.40518254
0.40634984
0.40752482
0.40870568
0.40989339
0.41108802
0.41228965
0.41349831
0.41471508
0.41593802
0.41716820
0.41840568
0.41964954
0.42090282
0.42216259
0.42342994
0.42470491
0.42598757
0.42727804
0.42857733
0.42988354
0.43119773
0.43252000
0.43385038
0.43518898
0.43653694
0.43789217
0.43925586
0.44062808
0.44200891
0.44339839
0.44479775
0.44620487
0.44762093
0.44904599
0.45048013
0.45192349
0.45337728
0.45483929
0.45631075
0.45779178
0.45928243
0.46078402
0.46229428
0.46381444
0.46534467
0.46688500
0.46843556
0.46999770
0.47156906
0.47315094
0.47474349
0.47634551
0.47795966
0.47958609
0.48122230
0.48286974
0.48452848
0.48619869
0.48788041
0.48957518
0.49128041
0.49299756
0.49472672
0.49646810
0.49806562
0.49962437
0.50119007
0.50246477
0.50363624
0.50481027
0.50570518
0.50648367
0.50726306
0.50778401
0.50816816
0.50855434
0.50870985
0.50869966
0.50869095
0.50851655
0.50814205
0.50775355
0.50728327
0.50681388
0.50664800
0.50739610
0.51022196
1.08071959
1.08488905
1.08909070
1.09333181
1.09759939
1.10190022
1.10624194
1.11061096
1.11501467
1.11946046
1.12393475
1.12844503
1.13299882
1.13758218
1.14220285
1.14686859
1.15156507
1.15630019
1.16108203
1.16589606
1.17075002
1.17565238
1.18058813
1.18556547
1.19059300
1.19565523
1.20076072
1.20591819
1.21111190
1.21635056
1.22164309
1.22697341
1.23235047
1.23778355
1.24325597
1.24877703
1.25435615
1.25997639
1.26564729
1.27137864
1.27715278
1.28297973
1.28886938
1.29480398
1.30079341
1.30684817
1.31294978
1.31910872
1.32533562
1.33161151
1.33794725
1.34435356
1.35081136
1.35733151
1.36392534
1.37057304
1.37728584
1.38407540
1.39092147
1.39783549
1.40482974
1.41188323
1.41900778
1.42620456
1.43347490
1.44081962
1.44825172
1.45574903
1.46332443
1.47099113
1.47872639
1.48654342
1.49445605
1.50244081
1.51051116
1.51868176
1.52692807
1.53526449
1.54370582
1.55222690
1.56084263
1.56956828
0.32549748
0.32625034
0.32700673
0.32776663
0.32853007
0.32929707
0.33006826
0.33084247
0.33162031
0.33240181
0.33318704
0.33397594
0.33476925
0.33556569
0.33636594
0.33717000
0.33797792
0.33878973
0.33960545
0.34042507
0.34124869
0.34207630
0.34290794
0.34374431
0.34458408
0.34542796
0.34627599
0.34712818
0.34798461
0.34884593
0.34971085
0.35058007
0.35145360
0.35233152
0.35321385
0.35410127
0.35499248
0.35588819
0.35678843
0.35769323
0.35860261
0.35951740
0.33943447
0.33733869
0.33764967
0.33841679
0.33920032
0.33999854
0.34081227
0.34164429
0.34249490
0.34335509
0.34423023
0.34513929
0.34600472
0.34686303
0.34772766
0.34859794
0.34949112
0.35038823
0.35129479
0.35221091
0.35313815
0.35405973
0.35497761
0.35590813
0.35683635
0.35776728
0.35870379
0.35964885
0.36061209
0.36160398
0.36291182
0.39144892
0.39253831
0.39363381
0.39473629
0.39584410
0.39695814
0.39807847
0.39920512
0.40033910
0.40147862
0.40262464
0.40377724
0.40493643
0.40610230
0.40727586
0.40845528
0.40964153
0.41083470
0.41203484
0.41324201
0.41445726
0.41567868
0.41690734
0.41814327
0.41938558
0.42063627
0.42189544
0.42316118
0.42443451
0.42571557
0.42700437
0.42830202
0.42960653
0.43091902
0.43223956
0.43356824
0.43490508
0.43625128
0.43760476
0.43896666
0.44033706
0.44171605
0.44310370
0.44450119
0.44590643
0.44732058
0.44874373
0.45017594
0.45161736
0.45306915
0.45452917
0.45599863
0.45747763
0.45896626
0.46046457
0.46197394
0.46349198
0.46502006
0.46655825
0.46810666
0.46966535
0.47123572
0.47281539
0.47440568
0.47600541
0.47761723
0.47924134
0.48087522
0.48252025
0.48417661
0.48584437
0.48752365
0.48921594
0.49091864
0.49263325
0.49435988
0.49609864
0.49784970
0.49953184
0.50109977
0.50267619
0.50410545
0.50528318
0.50646782
0.50750750
0.50829148
0.50907648
0.50971496
0.51008892
0.51046485
0.51072556
0.51071674
0.51070797
0.51062739
0.51025122
0.50987411
0.50941008
0.50893676
0.50858194
0.50911582
0.51095128
1.08400381
1.08819854
1.09243274
1.09669316
1.10098696
1.10532141
1.10968316
1.11407959
1.11851788
1.12298465
1.12748718
1.13203323
1.13660884
1.14122152
1.14587927
1.15056765
1.15529466
1.16006815
1.16487360
1.16971910
1.17461276
1.17953980
1.18450832
1.18952680
1.19457996
1.19967628
1.20482445
1.21000874
1.21523786
1.22052062
1.22584116
1.23120832
1.23663127
1.24209344
1.24760413
1.25317276
1.25878251
1.26444256
1.27016294
1.27592611
1.28174174
1.28762007
1.29354310
1.29952085
1.30556369
1.31165338
1.31780016
1.32401466
1.33027804
1.33660102
1.34299445
1.34943914
1.35594606
1.36252642
1.36916041
1.37585926
1.38263488
1.38946652
1.39636612
1.40334570
1.41038418
1.41749358
1.42467499
1.43192959
1.43925846
1.44667447
1.45415545
1.46171427
1.46936405
1.47708213
1.48488176
1.49277675
1.50074339
1.50879550
1.51694751
1.52517498
1.53349221
1.54191399
1.55041528
1.55901074
1.56771600
1.57650495
0.32609078
0.32684642
0.32760558
0.32836825
0.32913449
0.32990491
0.33067837
0.33145544
0.33223617
0.33302060
0.33380872
0.33460122
0.33539689
0.33619630
0.33699957
0.33780667
0.33861765
0.33943254
0.34025136
0.34107411
0.34190089
0.34273165
0.34356648
0.34440607
0.34524909
0.34609622
0.34694755
0.34780306
0.34866348
0.34952751
0.35039580
0.35126844
0.35214543
0.35302681
0.35391331
0.35480356
0.35569832
0.35659757
0.35750142
0.35840985
0.35932362
0.36024135
0.33756965
0.33755365
0.33831644
0.33910015
0.33989075
0.34069809
0.34152237
0.34235922
0.34321141
0.34407720
0.34494799
0.34582794
0.34669617
0.34755385
0.34843895
0.34930938
0.35021242
0.35109937
0.35201728
0.35293090
0.35386544
0.35478517
0.35570684
0.35663688
0.35757178
0.35850585
0.35944551
0.36040181
0.36138153
0.36249426
0.39121920
0.39230731
0.39340153
0.39450270
0.39560920
0.39672190
0.39784092
0.39896622
0.40009794
0.40123698
0.40238163
0.40353283
0.40469062
0.40585509
0.40702721
0.40820518
0.40938997
0.41058168
0.41178036
0.41298604
0.41419974
0.41541967
0.41664678
0.41788116
0.41912192
0.42037103
0.42162862
0.42289275
0.42416447
0.42544389
0.42673105
0.42802599
0.42932987
0.43064067
0.43195951
0.43328646
0.43462157
0.43596599
0.43731770
0.43867782
0.44004640
0.44142357
0.44280937
0.44420502
0.44560838
0.44702065
0.44844186
0.44987217
0.45131162
0.45276147
0.45421949
0.45568696
0.45716393
0.45865050
0.46014675
0.46165401
0.46316999
0.46469593
0.46623197
0.46777821
0.46933472
0.47090289
0.47248030
0.47406831
0.47566578
0.47727531
0.47889578
0.48052859
0.48217127
0.48382524
0.48549056
0.48716739
0.48885721
0.49055740
0.49226949
0.49399358
0.49572977
0.49747819
0.49924043
0.50100672
0.50258392
0.50417113
0.50575548
0.50694233
0.50813335
0.50931680
0.51009184
0.51086920
0.51162982
0.51200950
0.51238680
0.51275581
0.51274985
0.51274103
0.51273066
0.51237649
0.51199621
0.51155335
0.51107597
0.51066840
0.51091611
0.51233369
1.08730793
1.09153509
1.09578848
1.10007524
1.10440242
1.10875702
1.11314595
1.11757684
1.12203610
1.12653100
1.13106930
1.13563716
1.14024198
1.14489162
1.14957201
1.15429068
1.15905595
1.16385305
1.16868997
1.17357504
1.17849338
1.18345308
1.18846262
1.19350672
1.19859385
1.20373261
1.20890749
1.21412706
1.21940029
1.22471106
1.23006821
1.23548102
1.24093318
1.24643350
1.25199175
1.25759077
1.26324022
1.26894963
1.27470171
1.28050625
1.28637314
1.29228473
1.29825079
1.30428183
1.31035960
1.31649411
1.32269621
1.32894719
1.33525741
1.34163809
1.34806979
1.35456336
1.36113024
1.36775064
1.37443578
1.38119721
1.38801467
1.39489985
1.40186465
1.40888822
1.41598260
1.42314875
1.43038774
1.43770075
1.44510067
1.45256543
1.46010756
1.46774054
1.47544158
1.48322380
1.49110103
1.49904978
1.50708377
1.51521719
1.52342582
1.53172398
1.54012620
1.54860783
1.55718327
1.56586790
1.57463622
1.58350313
0.32668626
0.32744464
0.32820660
0.32897207
0.32974115
0.33051443
0.33129072
0.33207068
0.33285433
0.33364168
0.33443338
0.33522823
0.33602685
0.33682930
0.33763558
0.33844575
0.33926046
0.34007779
0.34089971
0.34172562
0.34255555
0.34338951
0.34422824
0.34507036
0.34591666
0.34676707
0.34762171
0.34848055
0.34934434
0.35021174
0.35108346
0.35195953
0.35283995
0.35372552
0.35461482
0.35550863
0.35640696
0.35730982
0.35821727
0.35913005
0.36004677
0.36096820
0.34532744
0.33954391
0.33901426
0.33979863
0.34060097
0.34141430
0.34224272
0.34308639
0.34394288
0.34480101
0.34566876
0.34653553
0.34739918
0.34825283
0.34914425
0.35002238
0.35092425
0.35181692
0.35273299
0.35365736
0.35458022
0.35550436
0.35643905
0.35737294
0.35831100
0.35925400
0.36020416
0.36117110
0.36222062
0.39098975
0.39207661
0.39316952
0.39426941
0.39537460
0.39648598
0.39760363
0.39872763
0.39985797
0.40099564
0.40213892
0.40328872
0.40444511
0.40560818
0.40677792
0.40795538
0.40913874
0.41032898
0.41152617
0.41273037
0.41394258
0.41516098
0.41638654
0.41761941
0.41885957
0.42010614
0.42136213
0.42262468
0.42389479
0.42517257
0.42645806
0.42775136
0.42905357
0.43036270
0.43167982
0.43300503
0.43433842
0.43568003
0.43703103
0.43838936
0.43975616
0.44113147
0.44251546
0.44390815
0.44531074
0.44672111
0.44814044
0.44956881
0.45100632
0.45245305
0.45391023
0.45537570
0.45685065
0.45833516
0.45982939
0.46133456
0.46284842
0.46437225
0.46590614
0.46745020
0.46900454
0.47057050
0.47214568
0.47373146
0.47532663
0.47693390
0.47855204
0.48018250
0.48182282
0.48347434
0.48513728
0.48681167
0.48849764
0.49019670
0.49190629
0.49362779
0.49536142
0.49710727
0.49886683
0.50063753
0.50242078
0.50407690
0.50567359
0.50728041
0.50860953
0.50979817
0.51099384
0.51189172
0.51267457
0.51345980
0.51394165
0.51432329
0.51470399
0.51479781
0.51479036
0.51477993
0.51451951
0.51413757
0.51371616
0.51323479
0.51277500
0.51277500
0.51389414
1.09063888
1.09488535
1.09916496
1.10348499
1.10783231
1.11221397
1.11663747
1.12108910
1.12557650
1.13010716
1.13466716
1.13926411
1.14390576
1.14857805
1.15328860
1.15804553
1.16283417
1.16766274
1.17253911
1.17744875
1.18239963
1.18740022
1.19243538
1.19751334
1.20264292
1.20780838
1.21301842
1.21828187
1.22358286
1.22893023
1.23433304
1.23977494
1.24526513
1.25081277
1.25640130
1.26204002
1.26773858
1.27347970
1.27927303
1.28512871
1.29102874
1.29698324
1.30300248
1.30906820
1.31519067
1.32138050
1.32761896
1.33391666
1.34028435
1.34670305
1.35318351
1.35973704
1.36634386
1.37301517
1.37976265
1.38656592
1.39343667
1.40038681
1.40739560
1.41447484
1.42163706
1.42884922
1.43614650
1.44353032
1.45097876
1.45850444
1.46612060
1.47380459
1.48156953
1.48942924
1.49736011
1.50537586
1.51349080
1.52168071
1.52995980
1.53834271
1.54680455
1.55535996
1.56402433
1.57277179
1.58161771
1.59057796
0.32728392
0.32804510
0.32880983
0.32957876
0.33035064
0.33112618
0.33190536
0.33268821
0.33347479
0.33426508
0.33505976
0.33585757
0.33665922
0.33746469
0.33827403
0.33908790
0.33990440
0.34072548
0.34155056
0.34237963
0.34321275
0.34405059
0.34489185
0.34573725
0.34658679
0.34744054
0.34829849
0.34916139
0.35002786
0.35089865
0.35177380
0.35265332
0.35353723
0.35442632
0.35531914
0.35621652
0.35711840
0.35802490
0.35893670
0.35985243
0.36077288
0.36169803
0.36262792
0.36356264
0.34122059
0.34053451
0.34133574
0.34215391
0.34298193
0.34383327
0.34468216
0.34553188
0.34638515
0.34725550
0.34811595
0.34897313
0.34986070
0.35073203
0.35163203
0.35254017
0.35345933
0.35438398
0.35530213
0.35623434
0.35717359
0.35811132
0.35905111
0.36000746
0.36097407
0.36199224
0.39076060
0.39184615
0.39293778
0.39403638
0.39514023
0.39625031
0.39736664
0.39848930
0.39961830
0.40075460
0.40189651
0.40304491
0.40419990
0.40536153
0.40653080
0.40770590
0.40888780
0.41007659
0.41127229
0.41247499
0.41368571
0.41490260
0.41612667
0.41735795
0.41859657
0.41984159
0.42109600
0.42235693
0.42362544
0.42490157
0.42618546
0.42747709
0.42877764
0.43008506
0.43140048
0.43272397
0.43405563
0.43539548
0.43674472
0.43810126
0.43946627
0.44083980
0.44222194
0.44361275
0.44501349
0.44642198
0.44783941
0.44926584
0.45070142
0.45214620
0.45360142
0.45506486
0.45653778
0.45802030
0.45951244
0.46101436
0.46252730
0.46404901
0.46558079
0.46712267
0.46867484
0.47023857
0.47181153
0.47339508
0.47498798
0.47659293
0.47820878
0.47983688
0.48147485
0.48312399
0.48478448
0.48645645
0.48813999
0.48983654
0.49154359
0.49326259
0.49499363
0.49673685
0.49849242
0.50026184
0.50204247
0.50383580
0.50557739
0.50718355
0.50879854
0.51027167
0.51146811
0.51267016
0.51370138
0.51449275
0.51528358
0.51588690
0.51627445
0.51665807
0.51686060
0.51685607
0.51684558
0.51668209
0.51629543
0.51589590
0.51541042
0.51492435
0.51475608
0.51555669
1.09398365
1.09825623
1.10256910
1.10690916
1.11128354
1.11569953
1.12014377
1.12462354
1.12914646
1.13369870
1.13828778
1.14292157
1.14758575
1.15228820
1.15703678
1.16181719
1.16663718
1.17150509
1.17640603
1.18134809
1.18633986
1.19136596
1.19643474
1.20155501
1.20671117
1.21191168
1.21716559
1.22245693
1.22779441
1.23318720
1.23861897
1.24409878
1.24963617
1.25521410
1.26084208
1.26652980
1.27226007
1.27804232
1.28388655
1.28977525
1.29571819
1.30172563
1.30777943
1.31388986
1.32006741
1.32629347
1.33257854
1.33893347
1.34533918
1.35180652
1.35834658
1.36493981
1.37159741
1.37833095
1.38512015
1.39197648
1.39891207
1.40590608
1.41297030
1.42011726
1.42731392
1.43459547
1.44196343
1.44939554
1.45690477
1.46450424
1.47217131
1.47991896
1.48776102
1.49567413
1.50367188
1.51176846
1.51993966
1.52819967
1.53656328
1.54500544
1.55354095
1.56218505
1.57091188
1.57973683
1.58867574
1.59770203
0.32788375
0.32864773
0.32941529
0.33018705
0.33096179
0.33174020
0.33252230
0.33330807
0.33409819
0.33489144
0.33568847
0.33648929
0.33729395
0.33810246
0.33891553
0.33973119
0.34055144
0.34137568
0.34220389
0.34303614
0.34387311
0.34471354
0.34555805
0.34640673
0.34725958
0.34811664
0.34897861
0.34984419
0.35071406
0.35158828
0.35246688
0.35334986
0.35423797
0.35512990
0.35602629
0.35692722
0.35783273
0.35874283
0.35965830
0.36057776
0.36150190
0.36243078
0.36336449
0.36430374
0.36524710
0.34317502
0.34214008
0.34291852
0.34374231
0.34458473
0.34543064
0.34627935
0.34713292
0.34796828
0.34884936
0.34970260
0.35056832
0.35145640
0.35236502
0.35327482
0.35419217
0.35511571
0.35603839
0.35696658
0.35790467
0.35884771
0.35980082
0.36077800
0.36177889
0.39053169
0.39161599
0.39270633
0.39380363
0.39490619
0.39601493
0.39712995
0.39825124
0.39937890
0.40051386
0.40165436
0.40280139
0.40395498
0.40511522
0.40628213
0.40745673
0.40863717
0.40982449
0.41101873
0.41221994
0.41342917
0.41464454
0.41586709
0.41709685
0.41833392
0.41957736
0.42082918
0.42208952
0.42335641
0.42463094
0.42591318
0.42720318
0.42850202
0.42980778
0.43112150
0.43244329
0.43377319
0.43511131
0.43645880
0.43781355
0.43917677
0.44054848
0.44192880
0.44331777
0.44471663
0.44612324
0.44753876
0.44896328
0.45039693
0.45183975
0.45329300
0.45475444
0.45622537
0.45770583
0.45919594
0.46069577
0.46220663
0.46372625
0.46525586
0.46679562
0.46834558
0.46990588
0.47147787
0.47305915
0.47465107
0.47625247
0.47786599
0.47949177
0.48112735
0.48277414
0.48443225
0.48610175
0.48778284
0.48947692
0.49118143
0.49289790
0.49462637
0.49636704
0.49811998
0.49988675
0.50166470
0.50345534
0.50525880
0.50707519
0.50869966
0.51032144
0.51193881
0.51314753
0.51435745
0.51552385
0.51632386
0.51712036
0.51784700
0.51823896
0.51862854
0.51894003
0.51893395
0.51892793
0.51886284
0.51847142
0.51808214
0.51760608
0.51711583
0.51674956
0.51731426
0.51926702
1.10165477
1.10598755
1.11035466
1.11476326
1.11919999
1.12367225
1.12818754
1.13273203
1.13731325
1.14193904
1.14659524
1.15128946
1.15602994
1.16080189
1.16561353
1.17047286
1.17536509
1.18029845
1.18528128
1.19029844
1.19535816
1.20046926
1.20561600
1.21080709
1.21605146
1.22133291
1.22666061
1.23204339
1.23746514
1.24293470
1.24846172
1.25402915
1.25964653
1.26532340
1.27104270
1.27681386
1.28264689
1.28852415
1.29445553
1.30045128
1.30649328
1.31259155
1.31875694
1.32497060
1.33124304
1.33758521
1.34397805
1.35043228
1.35695899
1.36353874
1.37018263
1.37690222
1.38367736
1.39051938
1.39744043
1.40441966
1.41146898
1.41860068
1.42578197
1.43304789
1.44039989
1.44781590
1.45530868
1.46289146
1.47054160
1.47827208
1.48609662
1.49399197
1.50197172
1.51004994
1.51820254
1.52644360
1.53478789
1.54321063
1.55172622
1.56035006
1.56905639
1.57786047
1.58677804
1.59578264
1.60489011
0.32848582
0.32925260
0.33002359
0.33079758
0.33157521
0.33235651
0.33314151
0.33393022
0.33472329
0.33551952
0.33631954
0.33712339
0.33793110
0.33874330
0.33955815
0.34037757
0.34120095
0.34202832
0.34285975
0.34369585
0.34453538
0.34537902
0.34622681
0.34707877
0.34793496
0.34879604
0.34966069
0.35052967
0.35140297
0.35228062
0.35316268
0.35404986
0.35494080
0.35583624
0.35673621
0.35764077
0.35854989
0.35946438
0.36038283
0.36130598
0.36223388
0.36316654
0.36410400
0.36504710
0.36599433
0.36694649
0.34579837
0.34383792
0.34452870
0.34535557
0.34619516
0.34704089
0.34788394
0.34871063
0.34957829
0.35044134
0.35130379
0.35219142
0.35310173
0.35401323
0.35492808
0.35585332
0.35677126
0.35769969
0.35864165
0.35959947
0.36057335
0.36157313
0.36348766
0.39138609
0.39247513
0.39357114
0.39467239
0.39577985
0.39689353
0.39801347
0.39913979
0.40027338
0.40141252
0.40255818
0.40371037
0.40486920
0.40603468
0.40720785
0.40838686
0.40957272
0.41076550
0.41196522
0.41317201
0.41438681
0.41560784
0.41683605
0.41807157
0.41931346
0.42056373
0.42182246
0.42308775
0.42436066
0.42564124
0.42692959
0.42822576
0.42953086
0.43084291
0.43216297
0.43349114
0.43482754
0.43617323
0.43752623
0.43888766
0.44025755
0.44163603
0.44302318
0.44442019
0.44582489
0.44723853
0.44866115
0.45009285
0.45153373
0.45298499
0.45444447
0.45591336
0.45739180
0.45887986
0.46037763
0.46188641
0.46340391
0.46493140
0.46646899
0.46801680
0.46957493
0.47114468
0.47272372
0.47431338
0.47591251
0.47752371
0.47914588
0.48078039
0.48242480
0.48408049
0.48574758
0.48742619
0.48911780
0.49081981
0.49253374
0.49425966
0.49599773
0.49774808
0.49951220
0.50128746
0.50307542
0.50487614
0.50668979
0.50851655
0.51022339
0.51185489
0.51349688
0.51483649
0.51605594
0.51728117
0.51816356
0.51897025
0.51977497
0.52021700
0.52061260
0.52100271
0.52103013
0.52102554
0.52101791
0.52066743
0.52027476
0.51981896
0.51932460
0.51890218
0.51917160
0.52069330
1.10506749
1.10942733
1.11382854
1.11825788
1.12272251
1.12723017
1.13176692
1.13634038
1.14095819
1.14560640
1.15029252
1.15502477
1.15978849
1.16459167
1.16944242
1.17432606
1.17925847
1.18422461
1.18923283
1.19429147
1.19938529
1.20452273
1.20971262
1.21493924
1.22021103
1.22553730
1.23090184
1.23631346
1.24177289
1.24728942
1.25284648
1.25845325
1.26411939
1.26982760
1.27558780
1.28140962
1.28727555
1.29319537
1.29917943
1.30520952
1.31129587
1.31744897
1.32365036
1.32991028
1.33623981
1.34261966
1.34906077
1.35557425
1.36214066
1.36877084
1.37547660
1.38223755
1.38906538
1.39597189
1.40293646
1.40997076
1.41708732
1.42425323
1.43150353
1.43883967
1.44623959
1.45371604
1.46128225
1.46891546
1.47662878
1.48443604
1.49231362
1.50027537
1.50833523
1.51646936
1.52469158
1.53301668
1.54141986
1.54992926
1.55851936
1.56720519
1.57598853
1.58488488
1.59386790
1.60295343
1.61215770
0.32909006
0.32986030
0.33063352
0.33141038
0.33219090
0.33297512
0.33376303
0.33455533
0.33535075
0.33614996
0.33695301
0.33775988
0.33857062
0.33938530
0.34020388
0.34102643
0.34185293
0.34268349
0.34351876
0.34435743
0.34520021
0.34604710
0.34689820
0.34775347
0.34861365
0.34947741
0.35034546
0.35121784
0.35209456
0.35297570
0.35386193
0.35475194
0.35564643
0.35654545
0.35744900
0.35835716
0.35927069
0.36018813
0.36111027
0.36203715
0.36296880
0.36390603
0.36484733
0.36579353
0.36674464
0.36770070
0.36866176
0.34889036
0.34652069
0.34615478
0.34698135
0.34781665
0.34864575
0.34948152
0.35033235
0.35119012
0.35205278
0.35293159
0.35383099
0.35474062
0.35565779
0.35657901
0.35750571
0.35844377
0.35939181
0.36036167
0.36135805
0.36291036
0.39115644
0.39224422
0.39333805
0.39443889
0.39554504
0.39665738
0.39777601
0.39890096
0.40003321
0.40117097
0.40231523
0.40346605
0.40462348
0.40578756
0.40695927
0.40813684
0.40932125
0.41051257
0.41171083
0.41291609
0.41412941
0.41534892
0.41657561
0.41780958
0.41905087
0.42029858
0.42155573
0.42281944
0.42409071
0.42536968
0.42665637
0.42795089
0.42925429
0.43056464
0.43188301
0.43320948
0.43454412
0.43588701
0.43723929
0.43859890
0.43996701
0.44134367
0.44272900
0.44412413
0.44552696
0.44693869
0.44835943
0.44978920
0.45122811
0.45267743
0.45413491
0.45560181
0.45707822
0.45856422
0.46005994
0.46156663
0.46308202
0.46460739
0.46614283
0.46768847
0.46924439
0.47081196
0.47238877
0.47397617
0.47557300
0.47718191
0.47880176
0.48043394
0.48207596
0.48372924
0.48539391
0.48707008
0.48875788
0.49045873
0.49217013
0.49389350
0.49562898
0.49737671
0.49913824
0.50091082
0.50269610
0.50449407
0.50630504
0.50812900
0.50996763
0.51175481
0.51339763
0.51504803
0.51653361
0.51776564
0.51899904
0.52001792
0.52083194
0.52164394
0.52220863
0.52260727
0.52300495
0.52314329
0.52313870
0.52313405
0.52288204
0.52248454
0.52205241
0.52155375
0.52107590
0.52108198
0.52226841
1.10850155
1.11289537
1.11731732
1.12177444
1.12627447
1.13080347
1.13536918
1.13997912
1.14461923
1.14929736
1.15402126
1.15877676
1.16357911
1.16841388
1.17328882
1.17821252
1.18316984
1.18816912
1.19321871
1.19830334
1.20343161
1.20861208
1.21382904
1.21909130
1.22440779
1.22976232
1.23516393
1.24062181
1.24611938
1.25166595
1.25727105
1.26291752
1.26861501
1.27437317
1.28017473
1.28602934
1.29194701
1.29791009
1.30392838
1.31001234
1.31614375
1.32233274
1.32858014
1.33489692
1.34126401
1.34769213
1.35419238
1.36074531
1.36736190
1.37405384
1.38080084
1.38761437
1.39450645
1.40145636
1.40847576
1.41557717
1.42272782
1.42996264
1.43728292
1.44466674
1.45212698
1.45967650
1.46729290
1.47500145
1.48277903
1.49063909
1.49859548
1.50662458
1.51474011
1.52295661
1.53124964
1.53963339
1.54812288
1.55669296
1.56535840
1.57413483
1.58299613
1.59195781
1.60103595
1.61020350
1.61947680
0.32969716
0.33046964
0.33124572
0.33202547
0.33280891
0.33359602
0.33438751
0.33518216
0.33598056
0.33678278
0.33758885
0.33839878
0.33921325
0.34003037
0.34085205
0.34167776
0.34250745
0.34334117
0.34417963
0.34502155
0.34586757
0.34671777
0.34757215
0.34843144
0.34929430
0.35016146
0.35103291
0.35190871
0.35278890
0.35367420
0.35456327
0.35545680
0.35635486
0.35725746
0.35816464
0.35907719
0.35999364
0.36091480
0.36184067
0.36277130
0.36370674
0.36464778
0.36559293
0.36654299
0.36749801
0.36845800
0.36942381
0.37039393
0.35231549
0.34816635
0.34780034
0.34860614
0.34943283
0.35026136
0.35109937
0.35194770
0.35280988
0.35368475
0.35457811
0.35548237
0.35639837
0.35732415
0.35825619
0.35920107
0.36015606
0.36113593
0.36241087
0.39092708
0.39201358
0.39310613
0.39420566
0.39531049
0.39642152
0.39753881
0.39866242
0.39979240
0.40092972
0.40207261
0.40322202
0.40437806
0.40554070
0.40671101
0.40788713
0.40907010
0.41025993
0.41145673
0.41266051
0.41387230
0.41509029
0.41631547
0.41754788
0.41878763
0.42003378
0.42128935
0.42255142
0.42382112
0.42509845
0.42638350
0.42767635
0.42897809
0.43028674
0.43160340
0.43292814
0.43426105
0.43560219
0.43695271
0.43831053
0.43967685
0.44105169
0.44243518
0.44382736
0.44522944
0.44663927
0.44805810
0.44948593
0.45092291
0.45237026
0.45382577
0.45529068
0.45676506
0.45824903
0.45974270
0.46124730
0.46276057
0.46428382
0.46581715
0.46736062
0.46891436
0.47047970
0.47205427
0.47363943
0.47523400
0.47684062
0.47845814
0.48008797
0.48172763
0.48337853
0.48504078
0.48671448
0.48840114
0.49009818
0.49180707
0.49352789
0.49526080
0.49700594
0.49876341
0.50053477
0.50231731
0.50411260
0.50592077
0.50774199
0.50957781
0.51142550
0.51328659
0.51494819
0.51661009
0.51824349
0.51948369
0.52072835
0.52188408
0.52270395
0.52352643
0.52421713
0.52461886
0.52502114
0.52527368
0.52526903
0.52526438
0.52511561
0.52471471
0.52430362
0.52380061
0.52329862
0.52312487
0.52398103
1.11196387
1.11637831
1.12083507
1.12532032
1.12984169
1.13440681
1.13900161
1.14363384
1.14831126
1.15301967
1.15776682
1.16256082
1.16738701
1.17225349
1.17716849
1.18211699
1.18710721
1.19214785
1.19722342
1.20234227
1.20751345
1.21272087
1.21797347
1.22328019
1.22862482
1.23401642
1.23946416
1.24495149
1.25048769
1.25608218
1.26171792
1.26740456
1.27315176
1.27894223
1.28478551
1.29069173
1.29664314
1.30264974
1.30872178
1.31484103
1.32101774
1.32726264
1.33355689
1.33991110
1.34633636
1.35281324
1.35935283
1.36596632
1.37263393
1.37936699
1.38617718
1.39304411
1.39997935
1.40699506
1.41407037
1.42121708
1.42843640
1.43572938
1.44309735
1.45055306
1.45807433
1.46567392
1.47336543
1.48112571
1.48896825
1.49690676
1.50491774
1.51301491
1.52121258
1.52948654
1.53785098
1.54632080
1.55487084
1.56351602
1.57227170
1.58111203
1.59005225
1.59910858
1.60825408
1.61750484
1.62687743
0.33030590
0.33108121
0.33186018
0.33264285
0.33342919
0.33421987
0.33501372
0.33581132
0.33661273
0.33741799
0.33822709
0.33904076
0.33985701
0.34067789
0.34150273
0.34233156
0.34316444
0.34400204
0.34484309
0.34568825
0.34653756
0.34739104
0.34824875
0.34911141
0.34997764
0.35084817
0.35172307
0.35260233
0.35348669
0.35437480
0.35526738
0.35616449
0.35706612
0.35797232
0.35888389
0.35979936
0.36071950
0.36164439
0.36257401
0.36350843
0.36444843
0.36539254
0.36634156
0.36729553
0.36825448
0.36921847
0.37018827
0.37116238
0.37214166
0.37312612
0.34980914
0.34941635
0.35022140
0.35104537
0.35187325
0.35271621
0.35357377
0.35444820
0.35533687
0.35624003
0.35715497
0.35808179
0.35902140
0.35996962
0.36094114
0.36208501
0.39069799
0.39178321
0.39287448
0.39397269
0.39507622
0.39618593
0.39730191
0.39842418
0.39955279
0.40068874
0.40183026
0.40297830
0.40413290
0.40529418
0.40646210
0.40763775
0.40881926
0.41000763
0.41120294
0.41240522
0.41361457
0.41483203
0.41605565
0.41728655
0.41852474
0.41976929
0.42102230
0.42228380
0.42355186
0.42482755
0.42611098
0.42740217
0.42870224
0.43000922
0.43132418
0.43264720
0.43397838
0.43531775
0.43666652
0.43802255
0.43938708
0.44076011
0.44214174
0.44353208
0.44493228
0.44634026
0.44775715
0.44918308
0.45061812
0.45206237
0.45351705
0.45497996
0.45645234
0.45793426
0.45942587
0.46092841
0.46243960
0.46396074
0.46549189
0.46703321
0.46858478
0.47014791
0.47172028
0.47330317
0.47489673
0.47649980
0.47811499
0.47974250
0.48137978
0.48302829
0.48468813
0.48635942
0.48804227
0.48973817
0.49144453
0.49316281
0.49489316
0.49663571
0.49839053
0.50015926
0.50193912
0.50373173
0.50553715
0.50735557
0.50918716
0.51103348
0.51289171
0.51476353
0.51650816
0.51818168
0.51986450
0.52121323
0.52246612
0.52372515
0.52458948
0.52541786
0.52623957
0.52664596
0.52703732
0.52738714
0.52737308
0.52735901
0.52729183
0.52688605
0.52648085
0.52598614
0.52547836
0.52512646
0.52573287
0.52817112
1.11989009
1.12436783
1.12888157
1.13343883
1.13802588
1.14265013
1.14731944
1.15201974
1.15675867
1.16154420
1.16636205
1.17121994
1.17612624
1.18106592
1.18604732
1.19107890
1.19614530
1.20125508
1.20641673
1.21161473
1.21685779
1.22215474
1.22748959
1.23287117
1.23830879
1.24378586
1.24931169
1.25489557
1.26052070
1.26619649
1.27193272
1.27771199
1.28354406
1.28943884
1.29537868
1.30137348
1.30743372
1.31354082
1.31970537
1.32593775
1.33221948
1.33856094
1.34497321
1.35143697
1.35796320
1.36456323
1.37121701
1.37793612
1.38473225
1.39158475
1.39850545
1.40550637
1.41256666
1.41969812
1.42690206
1.43417931
1.44153130
1.44897091
1.45647562
1.46405864
1.47173309
1.47947609
1.48730111
1.49522185
1.50321472
1.51129353
1.51947260
1.52772748
1.53607261
1.54452288
1.55305302
1.56167793
1.57041299
1.57923234
1.58815134
1.59718585
1.60630941
1.61553764
1.62488747
1.63433111
0.33091688
0.33169508
0.33247694
0.33326250
0.33405241
0.33484545
0.33564225
0.33644286
0.33724731
0.33805558
0.33886841
0.33968386
0.34050387
0.34132788
0.34215587
0.34298790
0.34382463
0.34466481
0.34550908
0.34635752
0.34721011
0.34806693
0.34892866
0.34979400
0.35066363
0.35153759
0.35241592
0.35329866
0.35418653
0.35507816
0.35597432
0.35687497
0.35778022
0.35869080
0.35960528
0.36052445
0.36144832
0.36237693
0.36331034
0.36424932
0.36519238
0.36614037
0.36709329
0.36805120
0.36901408
0.36998281
0.37095585
0.37193406
0.37291741
0.37390596
0.37489980
0.35150218
0.35103223
0.35183847
0.35266030
0.35349160
0.35434517
0.35521919
0.35610819
0.35701025
0.35792699
0.35885349
0.35979718
0.36075753
0.36177593
0.39046916
0.39155310
0.39264309
0.39374003
0.39484224
0.39595065
0.39706528
0.39818621
0.39931348
0.40044808
0.40158820
0.40273488
0.40388808
0.40504792
0.40621445
0.40738866
0.40856871
0.40975562
0.41094947
0.41215029
0.41335812
0.41457406
0.41579616
0.41702551
0.41826215
0.41950515
0.42075658
0.42201647
0.42328292
0.42455703
0.42583880
0.42712834
0.42842570
0.42973202
0.43104529
0.43236661
0.43369606
0.43503371
0.43638068
0.43773496
0.43909767
0.44046891
0.44184873
0.44323719
0.44463554
0.44604164
0.44745663
0.44888064
0.45031375
0.45175603
0.45320874
0.45466965
0.45614004
0.45761994
0.45910949
0.46060875
0.46211904
0.46363807
0.46516711
0.46670628
0.46825564
0.46981660
0.47138673
0.47296739
0.47455871
0.47615948
0.47777236
0.47939751
0.48103246
0.48267859
0.48433602
0.48600486
0.48768526
0.48937866
0.49108252
0.49279827
0.49452606
0.49626601
0.49801823
0.49978429
0.50156152
0.50335139
0.50515407
0.50696975
0.50879854
0.51064205
0.51249743
0.51436639
0.51624900
0.51807761
0.51976132
0.52145445
0.52295274
0.52421558
0.52548456
0.52649021
0.52731055
0.52813196
0.52863228
0.52902663
0.52942157
0.52946252
0.52944833
0.52943414
0.52905965
0.52865112
0.52817422
0.52766383
0.52723873
0.52761221
0.52940422
1.12341702
1.12792301
1.13247263
1.13705170
1.14166808
1.14632940
1.15102148
1.15575218
1.16052949
1.16533875
1.17018819
1.17508578
1.18001676
1.18498933
1.19001186
1.19506919
1.20016968
1.20532215
1.21051061
1.21574414
1.22103131
1.22635639
1.23172796
1.23715556
1.24262238
1.24813783
1.25371122
1.25932574
1.26499069
1.27071607
1.27648425
1.28230500
1.28818846
1.29411674
1.30009985
1.30614817
1.31224322
1.31839550
1.32461560
1.33088470
1.33721352
1.34361279
1.35006344
1.35657644
1.36316288
1.36980307
1.37650836
1.38329029
1.39012849
1.39703465
1.40402091
1.41106617
1.41818249
1.42537093
1.43263268
1.43996871
1.44739211
1.45488048
1.46244681
1.47010434
1.47783017
1.48563778
1.49354076
1.50151563
1.50957608
1.51773655
1.52597260
1.53429842
1.54272914
1.55123937
1.55984414
1.56855869
1.57735705
1.58625484
1.59526777
1.60436928
1.61357534
1.62290227
1.63232279
1.64185333
0.33153012
0.33231121
0.33309600
0.33388513
0.33467737
0.33547336
0.33627316
0.33707678
0.33788425
0.33869624
0.33951086
0.34033006
0.34115320
0.34198037
0.34281152
0.34364742
0.34448671
0.34533012
0.34617767
0.34702939
0.34788531
0.34874615
0.34961057
0.35047927
0.35135233
0.35222974
0.35311154
0.35399845
0.35488915
0.35578433
0.35668403
0.35758832
0.35849717
0.35941142
0.36032957
0.36125246
0.36218005
0.36311245
0.36405039
0.36499247
0.36593941
0.36689126
0.36784810
0.36880994
0.36977759
0.37074956
0.37172666
0.37270892
0.37369639
0.37468910
0.37568709
0.37669042
0.35325730
0.35279730
0.35346141
0.35427818
0.35512847
0.35599995
0.35689357
0.35779819
0.35871392
0.35964087
0.36058578
0.36156431
0.39024058
0.39132327
0.39241198
0.39350674
0.39460853
0.39571562
0.39682892
0.39794853
0.39907447
0.40020767
0.40134645
0.40249172
0.40364355
0.40480199
0.40596709
0.40713984
0.40831846
0.40950394
0.41069630
0.41189563
0.41310200
0.41431642
0.41553700
0.41676483
0.41799992
0.41924137
0.42049119
0.42174950
0.42301434
0.42428681
0.42556697
0.42685485
0.42815161
0.42945522
0.43076679
0.43208638
0.43341410
0.43474999
0.43609524
0.43744773
0.43880865
0.44017807
0.44155607
0.44294271
0.44433919
0.44574341
0.44715652
0.44857863
0.45000979
0.45145011
0.45290086
0.45435980
0.45582816
0.45730603
0.45879352
0.46029073
0.46179894
0.46331584
0.46484277
0.46637979
0.46792698
0.46948451
0.47105366
0.47263208
0.47422114
0.47581962
0.47743022
0.47905302
0.48068562
0.48232937
0.48398441
0.48565084
0.48732877
0.48901969
0.49072105
0.49243426
0.49415952
0.49589688
0.49764648
0.49940988
0.50118446
0.50297165
0.50477165
0.50658453
0.50841051
0.51025122
0.51210374
0.51396984
0.51584953
0.51774305
0.51965052
0.52134907
0.52305412
0.52470541
0.52597678
0.52724183
0.52836549
0.52919018
0.53001744
0.53063202
0.53102940
0.53142732
0.53156853
0.53155583
0.53153998
0.53125286
0.53083932
0.53038222
0.52986753
0.52939481
0.52950346
0.53091216
1.12696612
1.13150799
1.13607931
1.14068770
1.14534104
1.15002501
1.15474749
1.15951645
1.16431737
1.16915822
1.17404723
1.17896950
1.18393314
1.18894684
1.19399512
1.19908631
1.20422947
1.20940852
1.21463251
1.21991003
1.22522521
1.23058701
1.23600435
1.24146104
1.24696612
1.25252914
1.25813293
1.26378727
1.26950169
1.27525878
1.28106844
1.28694046
1.29285729
1.29882872
1.30486512
1.31094825
1.31708837
1.32329607
1.32955265
1.33586872
1.34225523
1.34869277
1.35519242
1.36176550
1.36839199
1.37508345
1.38185132
1.38867521
1.39556694
1.40253854
1.40956879
1.41666996
1.42384315
1.43108928
1.43840945
1.44581676
1.45328879
1.46083856
1.46847916
1.47618794
1.48397803
1.49186337
1.49982035
1.50786257
1.51600444
1.52422166
1.53252840
1.54093957
1.54943001
1.55801463
1.56670868
1.57548630
1.58436286
1.59335434
1.60243392
1.61161768
1.62092197
1.63031948
1.63982654
1.64946043
0.33214566
0.33292967
0.33371738
0.33450943
0.33530465
0.33610362
0.33690643
0.33771309
0.33852428
0.33933806
0.34015641
0.34097874
0.34180504
0.34263533
0.34347036
0.34430879
0.34515134
0.34599802
0.34684885
0.34770387
0.34856382
0.34942731
0.35029513
0.35116726
0.35204375
0.35292462
0.35381061
0.35470033
0.35559458
0.35649332
0.35739660
0.35830450
0.35921776
0.36013493
0.36105680
0.36198342
0.36291480
0.36385098
0.36479273
0.36573866
0.36668947
0.36764526
0.36860603
0.36957261
0.37054351
0.37151951
0.37250069
0.37348703
0.37447864
0.37547550
0.37647769
0.37748525
0.37849823
0.35532129
0.35564429
0.35509446
0.35592660
0.35679272
0.35768747
0.35859540
0.35951376
0.36043975
0.36138886
0.36371639
0.39109370
0.39218113
0.39327461
0.39437509
0.39548087
0.39659286
0.39771113
0.39883572
0.39996669
0.40110499
0.40224889
0.40339932
0.40455633
0.40572003
0.40689138
0.40806854
0.40925255
0.41044345
0.41164130
0.41284618
0.41405907
0.41527817
0.41650444
0.41773799
0.41897887
0.42022616
0.42148286
0.42274612
0.42401698
0.42529547
0.42658174
0.42787579
0.42917874
0.43048862
0.43180653
0.43313253
0.43446669
0.43581015
0.43716088
0.43852001
0.43988764
0.44126379
0.44264862
0.44404325
0.44544557
0.44685680
0.44827700
0.44970623
0.45114464
0.45259339
0.45405033
0.45551670
0.45699257
0.45847800
0.45997316
0.46147928
0.46299410
0.46451887
0.46605375
0.46759880
0.46915412
0.47072107
0.47229725
0.47388405
0.47548026
0.47708857
0.47870776
0.48033929
0.48198068
0.48363331
0.48529732
0.48697281
0.48866126
0.49036011
0.49207082
0.49379349
0.49552828
0.49727529
0.49903607
0.50080794
0.50259244
0.50438970
0.50619990
0.50802314
0.50986099
0.51171070
0.51357388
0.51545072
0.51734132
0.51924580
0.52116591
0.52294815
0.52466369
0.52638745
0.52772641
0.52899987
0.53024793
0.53108323
0.53191799
0.53264225
0.53304899
0.53344995
0.53368986
0.53367865
0.53366423
0.53346270
0.53304738
0.53260875
0.53208971
0.53156853
0.53150505
0.53262788
1.13054490
1.13510847
1.13970900
1.14435434
1.14903021
1.15374458
1.15850520
1.16329777
1.16813016
1.17301047
1.17792404
1.18287897
1.18788362
1.19292283
1.19800496
1.20313871
1.20830846
1.21352279
1.21879077
1.22409618
1.22944796
1.23485541
1.24030197
1.24579668
1.25134921
1.25694251
1.26258612
1.26828957
1.27403569
1.27983415
1.28569484
1.29160023
1.29755998
1.30358458
1.30965579
1.31578374
1.32197917
1.32822323
1.33452666
1.34090030
1.34732485
1.35381126
1.36037087
1.36698389
1.37366140
1.38041532
1.38722503
1.39410233
1.40105927
1.40807474
1.41516078
1.42231858
1.42954910
1.43685365
1.44424486
1.45170057
1.45923376
1.46685767
1.47454929
1.48232210
1.49018979
1.49812877
1.50615287
1.51427627
1.52247465
1.53076231
1.53915405
1.54762495
1.55618942
1.56486309
1.57361996
1.58247542
1.59144545
1.60050333
1.60966480
1.61894655
1.62832105
1.63780475
1.64741480
1.65712297
0.33276349
0.33355039
0.33434168
0.33513609
0.33593428
0.33673626
0.33754212
0.33835182
0.33916607
0.33998296
0.34080443
0.34162986
0.34245935
0.34329349
0.34413108
0.34497273
0.34581852
0.34666848
0.34752262
0.34838167
0.34924427
0.35011119
0.35098237
0.35185793
0.35273787
0.35362291
0.35451171
0.35540500
0.35630280
0.35720512
0.35811204
0.35902432
0.35994050
0.36086136
0.36178696
0.36271733
0.36365250
0.36459324
0.36553812
0.36648789
0.36744264
0.36840233
0.36936709
0.37033767
0.37131259
0.37229267
0.37327790
0.37426838
0.37526336
0.37626523
0.37727162
0.37828347
0.37930071
0.38032347
0.35815528
0.35735643
0.35675839
0.35760197
0.35848925
0.35939762
0.36032009
0.36125100
0.36283490
0.39086440
0.39195055
0.39304277
0.39414194
0.39524642
0.39635709
0.39747402
0.39859727
0.39972687
0.40086380
0.40200633
0.40315536
0.40431100
0.40547326
0.40664226
0.40781891
0.40900147
0.41019091
0.41138729
0.41259068
0.41380209
0.41501966
0.41624439
0.41747642
0.41871572
0.41996142
0.42121658
0.42247823
0.42374745
0.42502436
0.42630896
0.42760134
0.42890263
0.43021083
0.43152702
0.43285131
0.43418372
0.43552437
0.43687442
0.43823177
0.43959758
0.44097194
0.44235492
0.44374770
0.44514814
0.44655749
0.44797575
0.44940308
0.45083955
0.45228633
0.45374131
0.45520568
0.45667952
0.45816293
0.45965603
0.46116006
0.46267277
0.46419546
0.46572816
0.46727106
0.46882421
0.47038895
0.47196290
0.47354746
0.47514141
0.47674739
0.47836426
0.47999346
0.48163247
0.48328272
0.48494431
0.48661736
0.48830199
0.48999971
0.49170789
0.49342802
0.49516022
0.49690464
0.49866280
0.50043201
0.50221384
0.50400841
0.50581586
0.50763631
0.50947136
0.51131821
0.51317859
0.51505250
0.51694018
0.51884168
0.52075881
0.52268863
0.52455699
0.52627695
0.52800971
0.52948767
0.53076971
0.53205794
0.53298831
0.53383070
0.53467089
0.53508073
0.53548640
0.53582650
0.53581685
0.53580391
0.53569263
0.53527224
0.53485245
0.53432906
0.53380507
0.53356665
0.53439963
1.13413930
1.13873196
1.14336932
1.14803720
1.15274334
1.15749574
1.16227996
1.16710377
1.17197561
1.17688048
1.18182659
1.18682230
1.19185245
1.19692552
1.20204997
1.20721042
1.21241522
1.21767354
1.22296917
1.22831118
1.23370850
1.23914492
1.24462950
1.25017154
1.25575435
1.26138711
1.26707983
1.27281499
1.27860224
1.28445172
1.29034555
1.29629374
1.30230653
1.30836582
1.31448174
1.32066488
1.32689655
1.33318734
1.33954811
1.34595966
1.35243297
1.35897923
1.36557865
1.37224245
1.37898231
1.38577795
1.39264083
1.39958310
1.40658379
1.41365480
1.42080867
1.42801237
1.43530107
1.44267631
1.45011592
1.45763254
1.46523964
1.47291434
1.48066986
1.48852003
1.49644113
1.50444710
1.51255202
1.52073181
1.52900040
1.53737283
1.54582393
1.55436850
1.56302178
1.57175803
1.58059251
1.58954108
1.59857726
1.60771668
1.61697590
1.62632751
1.63578796
1.64537430
1.65505826
1.66485691
0.33338359
0.33417410
0.33496770
0.33576509
0.33656627
0.33737129
0.33818018
0.33899361
0.33980966
0.34063029
0.34145489
0.34228352
0.34311616
0.34395352
0.34479433
0.34563923
0.34648830
0.34734157
0.34819970
0.34906143
0.34992740
0.35079771
0.35167232
0.35255134
0.35343474
0.35432330
0.35521564
0.35611248
0.35701385
0.35791978
0.35883105
0.35974628
0.36066616
0.36159074
0.36252010
0.36345425
0.36439395
0.36533779
0.36628655
0.36724022
0.36819887
0.36916256
0.37013206
0.37110591
0.37208489
0.37306902
0.37405840
0.37505224
0.37605298
0.37705827
0.37806892
0.37908503
0.38010663
0.38113454
0.38216722
0.36195838
0.35907283
0.35844016
0.35930333
0.36020780
0.36113006
0.36240572
0.39063540
0.39172027
0.39281118
0.39390907
0.39501223
0.39612156
0.39723718
0.39835909
0.39948735
0.40062290
0.40176407
0.40291172
0.40406594
0.40522683
0.40639529
0.40756962
0.40875071
0.40993869
0.41113362
0.41233549
0.41354445
0.41476145
0.41598469
0.41721514
0.41845292
0.41969705
0.42095059
0.42221066
0.42347831
0.42475355
0.42603654
0.42732728
0.42862689
0.42993340
0.43124789
0.43257046
0.43390113
0.43524006
0.43658832
0.43794391
0.43930790
0.44068044
0.44206160
0.44345140
0.44485113
0.44625857
0.44767496
0.44910035
0.45053488
0.45197973
0.45343271
0.45489508
0.45636690
0.45784828
0.45933932
0.46084130
0.46235192
0.46387246
0.46540305
0.46694377
0.46849474
0.47005728
0.47162902
0.47321132
0.47480428
0.47640669
0.47802126
0.47964811
0.48128477
0.48293263
0.48459181
0.48626244
0.48794460
0.48963982
0.49134549
0.49306309
0.49479273
0.49653456
0.49828869
0.50005668
0.50183582
0.50362766
0.50543237
0.50725007
0.50908232
0.51092637
0.51278383
0.51465487
0.51653963
0.51843822
0.52035236
0.52227914
0.52422023
0.52616650
0.52790010
0.52964211
0.53125763
0.53255141
0.53384829
0.53490549
0.53575718
0.53660667
0.53712648
0.53754008
0.53794783
0.53797221
0.53796244
0.53794134
0.53751737
0.53709406
0.53658891
0.53605884
0.53565073
0.53624779
0.53865761
1.14238608
1.14704585
1.15174389
1.15648806
1.16126382
1.16607928
1.17094254
1.17583871
1.18077612
1.18576288
1.19078410
1.19584799
1.20096326
1.20611429
1.21130967
1.21655834
1.22184432
1.22717643
1.23256385
1.23799014
1.24346435
1.24899602
1.25456834
1.26019049
1.26587236
1.27159655
1.27737272
1.28321099
1.28909338
1.29503000
1.30103111
1.30707848
1.31318223
1.31935322
1.32557249
1.33185065
1.33819866
1.34459734
1.35105741
1.35759032
1.36417627
1.37082636
1.37755227
1.38433373
1.39118230
1.39811003
1.40509593
1.41215205
1.41929066
1.42647886
1.43375194
1.44111121
1.44853461
1.45603490
1.46362519
1.47128296
1.47902131
1.48685384
1.49475729
1.50274515
1.51083171
1.51899278
1.52724254
1.53559566
1.54402721
1.55255187
1.56118488
1.56990051
1.57871413
1.58764136
1.59665585
1.60577321
1.61501002
1.62433887
1.63377607
1.64333880
1.65299881
1.66277301
1.67267919
0.33400667
0.33479947
0.33559605
0.33639646
0.33720067
0.33800873
0.33882132
0.33963653
0.34045634
0.34128010
0.34210786
0.34293965
0.34377617
0.34461609
0.34546015
0.34630832
0.34716070
0.34801725
0.34887874
0.34974384
0.35061321
0.35148692
0.35236502
0.35324749
0.35413510
0.35502648
0.35592234
0.35682276
0.35772774
0.35863730
0.35955223
0.36047113
0.36139473
0.36232308
0.36325622
0.36419490
0.36513770
0.36608541
0.36703804
0.36799565
0.36895826
0.36992669
0.37089944
0.37187731
0.37286037
0.37384865
0.37484217
0.37584096
0.37684512
0.37785465
0.37886962
0.37989002
0.38091597
0.38194826
0.38298535
0.38402811
0.38507655
0.36078897
0.36014366
0.36102238
0.36203936
0.39040664
0.39149022
0.39257988
0.39367646
0.39477831
0.39588636
0.39700064
0.39812121
0.39924809
0.40038231
0.40152207
0.40266836
0.40382120
0.40498066
0.40614679
0.40732059
0.40850025
0.40968677
0.41088021
0.41208062
0.41328806
0.41450357
0.41572529
0.41695422
0.41819042
0.41943300
0.42068398
0.42194346
0.42320946
0.42448312
0.42576444
0.42705354
0.42835149
0.42965630
0.43096912
0.43228996
0.43361893
0.43495610
0.43630260
0.43765640
0.43901861
0.44038934
0.44176865
0.44315663
0.44455448
0.44596004
0.44737455
0.44879803
0.45023060
0.45167235
0.45312452
0.45458490
0.45605472
0.45753407
0.45902306
0.46052295
0.46203148
0.46354991
0.46507838
0.46661696
0.46816576
0.46972609
0.47129562
0.47287568
0.47446635
0.47606650
0.47767878
0.47930327
0.48093757
0.48258305
0.48423982
0.48590803
0.48758775
0.48928046
0.49098364
0.49269870
0.49442577
0.49616504
0.49791655
0.49968186
0.50145835
0.50324750
0.50504947
0.50686437
0.50869238
0.51053512
0.51238972
0.51425791
0.51613975
0.51803535
0.51994652
0.52187032
0.52380836
0.52576083
0.52772796
0.52953178
0.53128612
0.53303939
0.53434348
0.53565073
0.53683490
0.53769433
0.53855330
0.53918785
0.53960466
0.54002047
0.54014337
0.54013354
0.54012209
0.53978139
0.53935289
0.53886634
0.53833342
0.53787631
0.53819996
0.54001719
1.14605629
1.15074623
1.15548205
1.16024959
1.16505659
1.16991127
1.17479885
1.17972744
1.18470538
1.18971765
1.19477248
1.19987845
1.20502019
1.21020615
1.21544528
1.22072148
1.22604382
1.23142123
1.23683751
1.24230146
1.24782276
1.25338459
1.25899613
1.26466715
1.27038050
1.27614558
1.28197253
1.28784359
1.29376876
1.29975808
1.30579364
1.31188536
1.31804407
1.32425106
1.33051670
1.33685195
1.34323764
1.34968472
1.35620427
1.36277676
1.36941314
1.37612522
1.38289261
1.38972688
1.39664006
1.40361130
1.41065240
1.41777587
1.42494869
1.43220615
1.43954945
1.44695675
1.45444059
1.46201432
1.46965528
1.47737634
1.48519146
1.49307716
1.50104713
1.50911534
1.51725781
1.52548873
1.53382254
1.54223454
1.55073941
1.55935216
1.56804740
1.57684016
1.58574605
1.59473896
1.60383451
1.61304891
1.62235498
1.63176918
1.64130831
1.65094435
1.66069424
1.67057562
1.68055940
0.33463141
0.33542722
0.33622679
0.33703020
0.33783746
0.33864921
0.33946359
0.34028256
0.34110549
0.34193242
0.34276333
0.34359899
0.34443805
0.34528121
0.34612852
0.34698001
0.34783569
0.34869626
0.34956044
0.35042891
0.35130170
0.35217887
0.35306039
0.35394707
0.35483751
0.35573244
0.35663188
0.35753587
0.35844520
0.35935843
0.36027634
0.36119893
0.36212629
0.36305839
0.36399606
0.36493784
0.36588448
0.36683607
0.36779264
0.36875418
0.36972153
0.37069321
0.37167001
0.37265196
0.37363911
0.37463152
0.37562922
0.37663224
0.37764060
0.37865442
0.37967369
0.38069844
0.38172957
0.38276547
0.38380703
0.38485426
0.38590720
0.38696593
0.36253929
0.36190245
0.39017814
0.39126047
0.39234883
0.39344412
0.39454469
0.39565140
0.39676437
0.39788359
0.39900917
0.40014201
0.40128040
0.40242529
0.40357673
0.40473479
0.40589952
0.40707189
0.40825012
0.40943518
0.41062716
0.41182607
0.41303203
0.41424602
0.41546622
0.41669360
0.41792828
0.41916928
0.42041868
0.42167658
0.42294097
0.42421302
0.42549270
0.42678016
0.42807540
0.42937958
0.43069071
0.43200985
0.43333709
0.43467250
0.43601725
0.43736929
0.43872970
0.44009864
0.44147611
0.44286227
0.44425824
0.44566193
0.44707453
0.44849610
0.44992676
0.45136654
0.45281675
0.45427513
0.45574296
0.45722029
0.45870721
0.46020386
0.46171150
0.46322784
0.46475416
0.46629059
0.46783721
0.46939537
0.47096267
0.47254050
0.47412893
0.47572681
0.47733676
0.47895893
0.48059088
0.48223397
0.48388836
0.48555413
0.48723140
0.48892164
0.49062231
0.49233484
0.49405938
0.49579602
0.49754494
0.49930763
0.50108147
0.50286794
0.50466716
0.50647932
0.50830454
0.51014447
0.51199621
0.51386154
0.51574045
0.51763314
0.51953983
0.52146208
0.52339709
0.52534658
0.52731055
0.52928931
0.53117198
0.53293884
0.53471589
0.53614604
0.53746539
0.53877985
0.53964394
0.54051244
0.54126519
0.54168522
0.54210585
0.54233378
0.54232389
0.54231399
0.54206294
0.54163247
0.54116482
0.54062736
0.54011881
0.54016799
0.54158467
1.14975011
1.15447783
1.15923703
1.16403568
1.16888189
1.17376077
1.17868066
1.18364978
1.18865311
1.19369876
1.19879568
1.20392811
1.20910466
1.21433413
1.21960080
1.22491324
1.23028076
1.23568690
1.24114084
1.24665177
1.25220311
1.25780404
1.26346433
1.26916671
1.27492082
1.28073657
1.28659630
1.29250991
1.29848754
1.30451131
1.31059110
1.31673765
1.32293224
1.32918537
1.33550787
1.34188080
1.34831476
1.35482109
1.36138010
1.36800289
1.37470114
1.38145447
1.38827455
1.39517319
1.40212977
1.40915596
1.41626430
1.42342186
1.43066370
1.43799114
1.44538236
1.45284986
1.46040702
1.46803105
1.47573519
1.48353279
1.49140096
1.49935281
1.50740290
1.51552677
1.52373886
1.53205359
1.54044616
1.54893124
1.55752385
1.56619859
1.57497060
1.58385539
1.59282684
1.60190034
1.61109257
1.62037611
1.62976718
1.63928294
1.64889514
1.65862072
1.66847730
1.67843604
1.68851423
0.33525854
0.33605731
0.33685991
0.33766633
0.33847663
0.33929148
0.34010896
0.34093106
0.34175712
0.34258720
0.34342200
0.34426019
0.34510249
0.34594890
0.34679952
0.34765428
0.34851399
0.34937727
0.35024482
0.35111669
0.35199293
0.35287353
0.35375926
0.35464874
0.35554272
0.35644120
0.35734424
0.35825187
0.35916483
0.36008176
0.36100334
0.36192968
0.36286080
0.36379743
0.36473817
0.36568379
0.36663434
0.36758983
0.36855033
0.36951661
0.37048721
0.37146291
0.37244377
0.37342983
0.37442112
0.37541768
0.37641957
0.37742683
0.37843949
0.37945759
0.38048118
0.38151112
0.38254586
0.38358620
0.38463220
0.38568395
0.38674146
0.38780564
0.38887483
0.38994992
0.39103100
0.39211807
0.39321122
0.39431131
0.39541674
0.39652836
0.39764628
0.39877048
0.39990199
0.40103900
0.40218252
0.40333259
0.40448922
0.40565252
0.40682349
0.40800026
0.40918389
0.41037437
0.41157183
0.41277629
0.41398880
0.41520745
0.41643330
0.41766644
0.41890690
0.42015374
0.42141002
0.42267284
0.42394325
0.42522132
0.42650712
0.42780071
0.42910323
0.43041265
0.43173006
0.43305561
0.43438929
0.43573120
0.43708253
0.43844119
0.43980831
0.44118395
0.44256827
0.44396240
0.44536421
0.44677493
0.44819459
0.44962332
0.45106116
0.45250940
0.45396581
0.45543161
0.45690691
0.45839182
0.45988640
0.46139196
0.46290621
0.46443042
0.46596470
0.46750915
0.46906388
0.47063023
0.47220582
0.47379199
0.47538757
0.47699523
0.47861508
0.48024470
0.48188540
0.48353741
0.48520073
0.48687556
0.48856336
0.49026152
0.49197152
0.49369353
0.49542761
0.49717391
0.49893397
0.50070512
0.50248891
0.50428540
0.50609481
0.50791728
0.50975436
0.51160336
0.51346576
0.51534176
0.51723158
0.51913524
0.52105457
0.52298653
0.52493292
0.52689379
0.52886945
0.53085995
0.53282237
0.53460026
0.53639001
0.53796244
0.53929079
0.54062402
0.54160941
0.54248255
0.54335856
0.54378182
0.54420078
0.54452038
0.54450208
0.54448372
0.54431558
0.54388154
0.54343319
0.54289454
0.54235691
0.54224956
0.54338342
1.15347540
1.15822637
1.16301656
1.16785419
1.17272460
1.17763567
1.18259609
1.18759036
1.19262707
1.19771481
1.20283794
1.20800507
1.21322513
1.21848202
1.22378480
1.22914243
1.23453856
1.23998225
1.24548292
1.25102377
1.25661421
1.26226377
1.26795530
1.27369845
1.27950299
1.28535140
1.29125357
1.29721951
1.30323148
1.30929935
1.31543374
1.32161605
1.32785666
1.33416665
1.34052670
1.34694767
1.35344076
1.35998631
1.36659551
1.37327993
1.38001931
1.38682520
1.39370942
1.40065134
1.40766275
1.41475594
1.42190957
1.42912447
1.43643618
1.44381142
1.45126271
1.45880330
1.46641052
1.47409749
1.48187792
1.48972833
1.49766243
1.50569427
1.51379979
1.52199304
1.53028858
1.53866184
1.54712725
1.55569983
1.56435418
1.57310545
1.58196914
1.59091914
1.59997094
1.60914099
1.61840189
1.62777007
1.63726246
1.64685094
1.65655231
1.66638434
1.67631793
1.68637073
1.69656098
0.33588800
0.33668977
0.33749539
0.33830488
0.33911890
0.33993554
0.34075680
0.34158203
0.34241125
0.34324452
0.34408250
0.34492394
0.34576949
0.34661919
0.34747308
0.34833190
0.34919426
0.35006091
0.35093188
0.35180718
0.35268685
0.35357165
0.35446018
0.35535321
0.35625073
0.35715279
0.35805947
0.35897145
0.35988736
0.36080799
0.36173332
0.36266339
0.36359829
0.36453873
0.36548331
0.36643282
0.36738726
0.36834669
0.36931190
0.37028143
0.37125605
0.37223583
0.37322077
0.37421095
0.37520641
0.37620717
0.37721327
0.37822479
0.37924173
0.38026416
0.38129294
0.38232645
0.38336560
0.38441044
0.38546094
0.38651726
0.38758019
0.38864812
0.38972196
0.39080176
0.39188758
0.39297941
0.39407825
0.39518234
0.39629266
0.39740923
0.39853212
0.39966136
0.40079790
0.40194005
0.40308872
0.40424398
0.40540585
0.40657538
0.40775073
0.40893289
0.41012195
0.41131791
0.41252089
0.41373187
0.41494903
0.41617337
0.41740495
0.41864383
0.41988912
0.42114383
0.42240503
0.42367384
0.42495027
0.42623442
0.42752638
0.42882720
0.43013495
0.43145066
0.43277448
0.43410644
0.43544662
0.43679616
0.43815303
0.43951833
0.44089219
0.44227466
0.44366583
0.44506690
0.44647571
0.44789347
0.44932029
0.45075619
0.45220247
0.45365691
0.45512071
0.45659399
0.45807686
0.45956939
0.46107286
0.46258500
0.46410710
0.46563923
0.46718153
0.46873409
0.47029823
0.47187158
0.47345552
0.47504884
0.47665420
0.47827044
0.47989899
0.48153734
0.48318696
0.48484787
0.48652026
0.48820558
0.48990124
0.49160874
0.49332818
0.49505970
0.49680340
0.49856085
0.50032932
0.50211042
0.50390428
0.50571096
0.50753063
0.50936490
0.51121104
0.51307058
0.51494372
0.51683056
0.51873130
0.52064764
0.52257657
0.52451992
0.52647775
0.52845019
0.53043914
0.53244150
0.53445899
0.53627366
0.53807467
0.53978956
0.54112697
0.54247099
0.54358751
0.54445541
0.54532278
0.54583949
0.54625326
0.54665923
0.54664409
0.54662561
0.54653168
0.54609406
0.54565877
0.54511905
0.54457706
0.54432225
0.54521424
1.15721738
1.16199923
1.16682839
1.17169023
1.17659259
1.18154418
1.18652964
1.19155729
1.19663584
1.20174980
1.20690751
1.21211803
1.21736538
1.22265840
1.22800612
1.23339224
1.23882592
1.24431622
1.24984670
1.25542665
1.26106548
1.26674616
1.27247834
1.27827168
1.28410888
1.28999960
1.29595399
1.30195415
1.30801010
1.31413233
1.32030237
1.32653069
1.33282793
1.33917522
1.34558320
1.35206318
1.35859537
1.36519110
1.37186170
1.37858713
1.38537884
1.39224875
1.39917600
1.40617263
1.41325080
1.42038918
1.42758858
1.43488455
1.44224381
1.44967890
1.45720303
1.46479356
1.47246349
1.48022664
1.48805952
1.49597585
1.50398946
1.51207662
1.52025115
1.52852774
1.53688169
1.54532743
1.55387998
1.56251419
1.57124472
1.58008742
1.58901608
1.59804618
1.60719407
1.61643255
1.62577796
1.63524699
1.64481175
1.65448904
1.66429651
1.67420518
1.68423259
1.69439685
1.70466828
0.33651984
0.33732462
0.33813331
0.33894649
0.33976230
0.34058273
0.34140709
0.34223548
0.34306788
0.34390500
0.34474558
0.34559026
0.34643909
0.34729210
0.34814999
0.34901145
0.34987721
0.35074723
0.35162163
0.35250038
0.35338423
0.35427183
0.35516390
0.35606048
0.35696158
0.35786724
0.35877827
0.35969320
0.36061281
0.36153713
0.36246622
0.36340007
0.36433953
0.36528307
0.36623153
0.36718491
0.36814329
0.36910668
0.37007588
0.37104943
0.37202811
0.37301195
0.37400103
0.37499535
0.37599498
0.37699997
0.37801033
0.37902611
0.38004738
0.38107499
0.38210732
0.38314530
0.38418889
0.38523823
0.38629329
0.38735497
0.38842168
0.38949427
0.39057282
0.39165735
0.39274791
0.39384544
0.39494824
0.39605725
0.39717248
0.39829400
0.39942190
0.40055710
0.40169787
0.40284514
0.40399900
0.40515947
0.40632665
0.40750149
0.40868220
0.40986979
0.41106430
0.41226578
0.41347528
0.41469091
0.41591373
0.41714376
0.41838112
0.41962484
0.42087793
0.42213756
0.42340475
0.42467958
0.42596209
0.42725238
0.42855155
0.42985761
0.43117163
0.43249372
0.43382394
0.43516240
0.43651018
0.43786526
0.43922877
0.44060081
0.44198146
0.44337079
0.44476998
0.44617692
0.44759277
0.44901764
0.45045164
0.45189482
0.45334840
0.45481023
0.45628151
0.45776233
0.45925280
0.46075422
0.46226424
0.46378425
0.46531424
0.46685439
0.46840474
0.46996668
0.47153783
0.47311950
0.47471184
0.47631365
0.47792760
0.47955379
0.48118979
0.48283699
0.48449552
0.48616549
0.48784700
0.48954153
0.49124652
0.49296340
0.49469236
0.49643347
0.49818829
0.49995413
0.50173259
0.50352365
0.50532764
0.50714457
0.50897604
0.51081932
0.51267606
0.51454628
0.51643026
0.51832801
0.52024132
0.52216727
0.52410758
0.52606231
0.52803165
0.53001583
0.53201658
0.53403085
0.53606051
0.53795594
0.53976828
0.54159290
0.54297400
0.54431391
0.54553837
0.54640919
0.54728442
0.54790097
0.54831785
0.54873538
0.54879969
0.54878104
0.54876244
0.54832464
0.54788584
0.54736185
0.54681540
0.54640919
0.54706579
1.16098368
1.16580439
1.17065763
1.17555141
1.18049419
1.18547070
1.19048941
1.19555891
1.20066357
1.20581198
1.21101308
1.21625078
1.22153413
1.22687197
1.23224819
1.23767161
1.24315178
1.24867189
1.25424123
1.25986946
1.26553941
1.27126050
1.27704287
1.28286874
1.28874803
1.29469097
1.30067933
1.30672348
1.31283367
1.31899142
1.32520735
1.33149195
1.33782649
1.34422159
1.35068834
1.35720730
1.36378956
1.37044644
1.37715793
1.38393557
1.39079106
1.39770377
1.40468562
1.41174877
1.41887200
1.42605603
1.43333638
1.44067967
1.44809854
1.45560622
1.46318007
1.47083318
1.47857904
1.48639452
1.49429297
1.50228858
1.51035738
1.51851332
1.52677095
1.53510559
1.54353178
1.55206454
1.56067836
1.56938839
1.57821023
1.58711755
1.59612608
1.60525191
1.61446798
1.62379062
1.63323641
1.64277768
1.65243101
1.66221404
1.67209780
1.68209982
1.69223845
1.70248353
1.71285355
0.33715403
0.33796188
0.33877426
0.33958924
0.34040880
0.34123236
0.34205988
0.34289142
0.34372771
0.34456739
0.34541121
0.34625915
0.34711128
0.34796759
0.34882885
0.34969369
0.35056281
0.35143626
0.35231408
0.35319632
0.35408366
0.35497478
0.35587040
0.35677055
0.35767525
0.35858530
0.35949925
0.36041787
0.36134118
0.36226925
0.36320210
0.36414051
0.36508304
0.36603045
0.36698279
0.36794013
0.36890244
0.36987057
0.37084302
0.37182063
0.37280336
0.37379134
0.37478456
0.37578306
0.37678689
0.37779611
0.37881076
0.37983087
0.38085645
0.38188845
0.38292521
0.38396764
0.38501573
0.38606960
0.38712922
0.38819551
0.38926685
0.39034414
0.39142740
0.39251667
0.39361292
0.39471442
0.39582208
0.39693600
0.39805621
0.39918274
0.40031660
0.40145597
0.40260187
0.40375432
0.40491340
0.40607914
0.40725255
0.40843183
0.40961796
0.41081101
0.41201100
0.41321802
0.41443312
0.41565442
0.41688293
0.41811872
0.41936088
0.42061242
0.42187044
0.42313603
0.42440924
0.42569011
0.42697874
0.42827624
0.42958063
0.43089294
0.43221334
0.43354183
0.43487853
0.43622455
0.43757784
0.43893960
0.44030982
0.44168863
0.44307610
0.44447345
0.44587851
0.44729248
0.44871545
0.45014748
0.45158872
0.45304033
0.45450017
0.45596942
0.45744824
0.45893666
0.46043479
0.46194395
0.46346182
0.46498969
0.46652767
0.46807587
0.46963564
0.47120455
0.47278398
0.47437406
0.47597358
0.47758520
0.47920910
0.48084274
0.48248756
0.48414367
0.48581120
0.48749027
0.48918232
0.49088478
0.49259916
0.49432555
0.49606410
0.49781489
0.49957949
0.50135523
0.50314367
0.50494486
0.50675905
0.50858778
0.51042825
0.51228207
0.51414949
0.51603049
0.51792532
0.51983565
0.52175862
0.52369583
0.52564752
0.52761376
0.52959484
0.53159237
0.53360343
0.53562981
0.53767163
0.53964883
0.54147261
0.54330546
0.54480869
0.54615939
0.54749656
0.54837698
0.54925859
0.54997641
0.55040157
0.55082226
0.55097228
0.55095696
0.55093819
0.55057353
0.55013108
0.54962152
0.54906881
0.54860854
0.54905188
0.55119580
1.16962683
1.17451203
1.17944598
1.18441379
1.18942344
1.19448376
1.19957924
1.20471847
1.20991004
1.21513820
1.22041190
1.22573984
1.23110616
1.23651958
1.24198949
1.24749923
1.25305808
1.25867569
1.26433480
1.27004516
1.27581632
1.28163099
1.28749895
1.29343033
1.29940701
1.30543923
1.31153738
1.31768310
1.32388663
1.33015871
1.33648050
1.34286273
1.34931648
1.35582209
1.36239076
1.36903405
1.37573171
1.38249516
1.38933647
1.39623475
1.40320182
1.41025007
1.41735816
1.42452681
1.43179142
1.43911886
1.44652164
1.45401299
1.46157014
1.46920645
1.47693515
1.48473310
1.49261403
1.50059152
1.50864208
1.51677942
1.52501822
1.53333366
1.54174030
1.55025315
1.55884695
1.56753647
1.57633746
1.58522356
1.59421051
1.60331440
1.61250830
1.62180817
1.63123083
1.64074862
1.65037799
1.66013670
1.66999567
1.67997253
1.69008541
1.70030439
1.71064782
1.72113454
0.33779064
0.33860219
0.33941635
0.34023508
0.34105778
0.34188446
0.34271517
0.34355056
0.34438941
0.34523234
0.34607941
0.34693065
0.34778607
0.34864643
0.34951034
0.35037857
0.35125110
0.35212800
0.35300928
0.35389572
0.35478589
0.35568056
0.35657972
0.35748348
0.35839179
0.35930550
0.36022311
0.36114544
0.36207250
0.36300433
0.36394173
0.36488321
0.36582959
0.36678091
0.36773714
0.36869842
0.36966547
0.37063685
0.37161335
0.37259501
0.37358189
0.37457398
0.37557137
0.37657407
0.37758213
0.37859562
0.37961456
0.38063902
0.38166982
0.38270539
0.38374662
0.38479352
0.38584614
0.38690454
0.38796961
0.38903970
0.39011571
0.39119771
0.39228570
0.39337978
0.39448085
0.39558721
0.39669982
0.39781868
0.39894387
0.40007636
0.40121439
0.40235889
0.40350994
0.40466762
0.40583196
0.40700394
0.40818176
0.40936643
0.41055802
0.41175655
0.41296208
0.41417566
0.41539544
0.41662240
0.41785666
0.41909724
0.42034623
0.42160365
0.42286763
0.42413923
0.42541847
0.42670548
0.42800027
0.42930400
0.43061465
0.43193331
0.43326008
0.43459502
0.43593931
0.43729085
0.43865079
0.44001922
0.44139621
0.44278184
0.44417733
0.44558051
0.44699258
0.44841364
0.44984376
0.45128301
0.45273268
0.45419052
0.45565778
0.45713457
0.45862094
0.46011701
0.46162409
0.46313986
0.46466562
0.46620145
0.46774748
0.46930379
0.47087175
0.47244895
0.47403675
0.47563401
0.47724333
0.47886488
0.48049617
0.48213863
0.48379236
0.48545745
0.48713407
0.48882362
0.49052361
0.49223545
0.49395931
0.49569523
0.49744344
0.49920541
0.50097853
0.50276423
0.50456274
0.50637412
0.50819862
0.51003772
0.51188874
0.51375324
0.51563138
0.51752329
0.51943064
0.52135062
0.52328479
0.52523339
0.52719653
0.52917445
0.53116882
0.53317672
0.53519982
0.53723830
0.53929240
0.54135078
0.54318112
0.54502392
0.54665583
0.54801399
0.54937893
0.55035901
0.55124700
0.55206764
0.55249774
0.55292338
0.55316222
0.55314845
0.55313128
0.55284268
0.55239487
0.55190164
0.55134434
0.55083930
0.55105418
0.55285811
1.17347443
1.17839968
1.18335867
1.18835938
1.19341063
1.19849706
1.20362687
1.20880902
1.21402776
1.21929169
1.22460985
1.22996628
1.23536956
1.24082935
1.24632883
1.25187719
1.25748420
1.26313257
1.26883197
1.27459216
1.28039575
1.28625226
1.29217207
1.29813719
1.30415761
1.31024384
1.31637728
1.32256854
1.32882810
1.33513725
1.34150660
1.34794724
1.35443974
1.36099494
1.36762452
1.37430835
1.38105786
1.38788486
1.39476871
1.40172124
1.40875447
1.41584742
1.42300081
1.43024981
1.43756151
1.44494820
1.45242310
1.45996380
1.46758330
1.47529483
1.48307550
1.49093866
1.49889839
1.50693071
1.51504958
1.52326941
1.53156579
1.53995299
1.54844606
1.55701983
1.56568885
1.57446909
1.58333409
1.59229958
1.60138154
1.61055315
1.61983049
1.62923014
1.63872445
1.64833009
1.65806448
1.66789889
1.67785060
1.68793786
1.69813085
1.70844781
1.71890736
1.72947907
0.33843032
0.33924428
0.34006155
0.34088340
0.34170923
0.34253907
0.34337363
0.34421158
0.34505364
0.34589985
0.34675020
0.34760475
0.34846419
0.34932721
0.35019451
0.35106614
0.35194212
0.35282248
0.35370794
0.35459718
0.35549089
0.35638911
0.35729188
0.35819924
0.35911193
0.36002859
0.36094990
0.36187598
0.36280680
0.36374241
0.36468363
0.36562896
0.36657923
0.36753443
0.36849463
0.36946061
0.37043092
0.37140635
0.37238690
0.37337264
0.37436363
0.37535989
0.37636149
0.37736842
0.37838075
0.37939855
0.38042182
0.38145146
0.38248584
0.38352585
0.38457155
0.38562295
0.38668013
0.38774395
0.38881281
0.38988757
0.39096829
0.39205500
0.39314780
0.39424756
0.39535263
0.39646390
0.39758143
0.39870527
0.39983553
0.40097308
0.40211621
0.40326589
0.40442213
0.40558505
0.40675563
0.40793201
0.40911523
0.41030532
0.41150239
0.41270643
0.41391852
0.41513675
0.41636220
0.41759491
0.41883492
0.42008135
0.42133722
0.42259958
0.42386955
0.42514718
0.42643252
0.42772567
0.42902771
0.43033668
0.43165365
0.43297869
0.43431193
0.43565443
0.43700421
0.43836236
0.43972898
0.44110414
0.44248796
0.44388157
0.44528291
0.44669309
0.44811222
0.44954041
0.45097774
0.45242545
0.45388132
0.45534658
0.45682132
0.45830566
0.45979968
0.46130466
0.46281832
0.46434197
0.46587566
0.46741953
0.46897489
0.47053939
0.47211438
0.47369993
0.47529492
0.47690195
0.47852117
0.48015010
0.48179021
0.48344153
0.48510423
0.48677838
0.48846549
0.49016297
0.49187228
0.49359357
0.49532697
0.49707255
0.49883190
0.50060230
0.50238538
0.50418115
0.50598985
0.50781155
0.50964785
0.51149601
0.51335764
0.51523286
0.51712185
0.51902628
0.52094322
0.52287436
0.52481991
0.52678001
0.52875477
0.53074598
0.53275061
0.53477049
0.53680575
0.53885651
0.54092306
0.54300714
0.54489875
0.54675323
0.54851049
0.54988468
0.55125898
0.55235201
0.55325162
0.55414724
0.55460995
0.55504227
0.55536956
0.55535573
0.55534011
0.55512881
0.55467737
0.55420071
0.55363876
0.55309004
0.55308485
0.55453044
1.17735529
1.18230546
1.18729734
1.19233954
1.19741666
1.20253730
1.20771003
1.21291924
1.21817350
1.22348201
1.22882843
1.23422182
1.23967135
1.24516058
1.25069857
1.25629497
1.26193261
1.26762116
1.27337039
1.27916276
1.28500807
1.29091644
1.29686987
1.30287850
1.30895269
1.31507409
1.32125306
1.32750022
1.33379674
1.34015322
1.34658086
1.35306013
1.35960197
1.36621797
1.37288809
1.37962353
1.38643634
1.39330578
1.40024364
1.40726209
1.41434002
1.42148948
1.42871153
1.43600738
1.44337821
1.45083690
1.45836103
1.46596372
1.47365820
1.48142159
1.48926723
1.49720895
1.50522316
1.51332355
1.52152467
1.52980196
1.53816986
1.54664326
1.55519688
1.56384563
1.57260513
1.58144915
1.59039319
1.59945345
1.60860288
1.61785769
1.62723446
1.63670540
1.64628732
1.65599751
1.66580737
1.67573404
1.68579578
1.69596279
1.70625329
1.71668601
1.72723031
1.73790491
0.33907175
0.33988816
0.34070918
0.34153417
0.34236318
0.34319621
0.34403396
0.34487516
0.34572047
0.34656993
0.34742358
0.34828147
0.34914425
0.35001066
0.35088137
0.35175642
0.35263586
0.35352039
0.35440868
0.35530144
0.35619870
0.35710049
0.35800689
0.35891861
0.35983425
0.36075461
0.36167964
0.36260948
0.36354408
0.36448425
0.36542857
0.36637777
0.36733192
0.36829105
0.36925521
0.37022522
0.37119955
0.37217900
0.37316367
0.37415352
0.37514868
0.37614912
0.37715492
0.37816611
0.37918276
0.38020486
0.38123330
0.38226652
0.38330534
0.38434985
0.38540003
0.38645598
0.38751858
0.38858619
0.38965970
0.39073914
0.39182460
0.39291608
0.39401457
0.39511833
0.39622825
0.39734447
0.39846697
0.39959586
0.40073204
0.40187380
0.40302208
0.40417695
0.40533847
0.40650666
0.40768257
0.40886432
0.41005296
0.41124853
0.41245109
0.41366169
0.41487843
0.41610235
0.41733351
0.41857198
0.41981682
0.42107108
0.42233187
0.42360023
0.42487624
0.42615995
0.42745143
0.42875180
0.43005908
0.43137434
0.43269768
0.43402916
0.43536887
0.43671793
0.43807432
0.43943915
0.44081250
0.44219446
0.44358623
0.44498569
0.44639400
0.44781122
0.44923750
0.45067289
0.45211864
0.45357251
0.45503578
0.45650852
0.45799083
0.45948279
0.46098569
0.46249726
0.46401879
0.46555033
0.46709204
0.46864399
0.47020751
0.47178027
0.47336358
0.47495630
0.47656104
0.47817793
0.47980455
0.48144227
0.48309121
0.48475149
0.48642322
0.48810786
0.48980284
0.49150965
0.49322841
0.49495921
0.49670222
0.49845892
0.50022668
0.50200707
0.50380015
0.50560606
0.50742501
0.50925851
0.51110387
0.51296264
0.51483500
0.51672107
0.51862097
0.52053648
0.52246463
0.52440709
0.52636409
0.52833569
0.53032374
0.53232527
0.53434187
0.53637385
0.53842133
0.54048455
0.54256523
0.54466033
0.54662561
0.54849190
0.55037093
0.55176306
0.55315018
0.55435950
0.55526567
0.55617303
0.55673659
0.55717403
0.55759466
0.55758071
0.55756670
0.55743575
0.55698049
0.55651903
0.55595243
0.55538517
0.55524141
0.55641466
1.18125403
1.18623710
1.19127023
1.19633830
1.20144963
1.20661306
1.21181273
1.21705747
1.22235620
1.22769272
1.23307610
1.23851562
1.24399447
1.24952209
1.25510788
1.26073503
1.26641273
1.27215087
1.27793217
1.28376627
1.28966308
1.29560506
1.30160189
1.30766416
1.31377351
1.31994021
1.32617486
1.33245885
1.33880258
1.34521723
1.35168326
1.35821187
1.36481428
1.37147057
1.37819219
1.38499081
1.39184594
1.39876914
1.40577281
1.41283572
1.41996992
1.42717659
1.43445671
1.44181156
1.44925404
1.45676172
1.46434760
1.47202516
1.47977138
1.48759937
1.49552333
1.50351942
1.51160157
1.51978397
1.52804232
1.53639090
1.54484463
1.55337834
1.56200683
1.57074559
1.57956862
1.58849144
1.59752989
1.60665739
1.61588967
1.62524354
1.63469136
1.64424956
1.65393567
1.66372097
1.67362273
1.68365908
1.69380033
1.70406449
1.71447039
1.72498739
1.73563421
1.74643040
0.33971497
0.34053516
0.34135929
0.34218743
0.34301963
0.34385651
0.34469685
0.34554127
0.34638986
0.34724262
0.34809962
0.34896150
0.34982699
0.35069680
0.35157093
0.35244942
0.35333231
0.35422036
0.35511217
0.35600847
0.35690933
0.35781473
0.35872549
0.35964015
0.36055949
0.36148354
0.36241233
0.36334592
0.36428508
0.36522835
0.36617652
0.36712962
0.36808771
0.36905080
0.37001973
0.37099299
0.37197137
0.37295491
0.37394369
0.37493768
0.37593701
0.37694168
0.37795174
0.37896720
0.37998816
0.38101545
0.38204747
0.38308510
0.38412839
0.38517737
0.38623211
0.38729346
0.38835981
0.38943207
0.39051026
0.39159444
0.39268467
0.39378184
0.39488429
0.39599290
0.39710778
0.39822897
0.39935648
0.40049133
0.40163171
0.40277860
0.40393206
0.40509218
0.40625894
0.40743339
0.40861374
0.40980092
0.41099501
0.41219610
0.41340420
0.41462040
0.41584280
0.41707242
0.41830933
0.41955262
0.42080531
0.42206451
0.42333126
0.42460564
0.42588770
0.42717755
0.42847624
0.42978182
0.43109539
0.43241704
0.43374678
0.43508473
0.43643203
0.43778664
0.43914968
0.44052121
0.44190136
0.44329017
0.44468886
0.44609529
0.44751063
0.44893500
0.45036843
0.45181221
0.45326415
0.45472541
0.45619613
0.45767641
0.45916632
0.46066716
0.46217665
0.46369603
0.46522546
0.46676502
0.46831480
0.46987611
0.47144666
0.47302774
0.47461945
0.47622061
0.47783393
0.47945949
0.48109487
0.48274142
0.48439929
0.48606858
0.48775074
0.48944327
0.49114755
0.49286377
0.49459201
0.49633244
0.49808651
0.49985164
0.50162935
0.50341970
0.50522292
0.50703907
0.50886983
0.51071233
0.51256830
0.51443774
0.51632088
0.51821786
0.52013034
0.52205551
0.52399492
0.52594882
0.52791733
0.52990222
0.53190053
0.53391397
0.53594267
0.53798687
0.54004669
0.54212236
0.54421574
0.54632366
0.54836351
0.55024332
0.55213445
0.55365425
0.55505443
0.55638164
0.55729437
0.55821192
0.55887967
0.55932045
0.55976194
0.55982351
0.55980945
0.55976194
0.55930287
0.55884457
0.55828542
0.55771345
0.55741304
0.55833095
1.18517864
1.19020283
1.19526184
1.20036399
1.20551801
1.21070826
1.21594346
1.22123241
1.22655916
1.23193264
1.23736191
1.24283063
1.24834788
1.25392318
1.25953960
1.26520658
1.27093375
1.27670395
1.28252673
1.28841221
1.29434264
1.30032778
1.30637813
1.31247544
1.31862998
1.32485223
1.33112359
1.33745456
1.34385633
1.35030925
1.35682452
1.36341345
1.37005615
1.37676382
1.38354826
1.39038908
1.39729786
1.40428674
1.41133463
1.41845369
1.42564487
1.43290937
1.44024837
1.44767463
1.45516598
1.46273518
1.47039580
1.47812474
1.48593533
1.49384153
1.50181961
1.50988340
1.51804709
1.52628660
1.53461599
1.54305005
1.55156398
1.56017220
1.56889045
1.57769263
1.58659410
1.59561098
1.60471642
1.61392641
1.62325752
1.63268220
1.64221692
1.65187895
1.66163993
1.67151690
1.68152785
1.69164336
1.70188129
1.71226048
1.72275031
1.73336947
1.74413741
1.75502264
0.34036130
0.34118462
0.34201190
0.34284323
0.34367925
0.34451872
0.34536228
0.34620997
0.34706187
0.34791794
0.34877893
0.34964353
0.35051242
0.35138562
0.35226318
0.35314515
0.35403225
0.35492313
0.35581848
0.35671836
0.35762280
0.35853183
0.35944626
0.36036459
0.36128765
0.36221543
0.36314800
0.36408615
0.36502838
0.36597553
0.36692756
0.36788461
0.36884663
0.36981449
0.37078664
0.37176391
0.37274638
0.37373406
0.37472695
0.37572515
0.37672868
0.37773758
0.37875190
0.37977171
0.38079700
0.38182867
0.38286510
0.38390717
0.38495496
0.38600847
0.38706776
0.38813373
0.38920474
0.39028165
0.39136457
0.39245349
0.39354938
0.39465052
0.39575785
0.39687139
0.39799124
0.39911741
0.40025088
0.40138990
0.40253541
0.40368748
0.40484619
0.40601152
0.40718457
0.40836343
0.40954918
0.41074181
0.41194138
0.41314802
0.41436270
0.41558358
0.41681167
0.41804704
0.41928875
0.42053887
0.42179748
0.42306262
0.42433536
0.42561582
0.42690399
0.42820105
0.42950496
0.43081683
0.43213674
0.43346477
0.43480098
0.43614653
0.43749934
0.43886060
0.44023034
0.44160864
0.44299561
0.44439244
0.44579700
0.44721043
0.44863290
0.45006439
0.45150509
0.45295617
0.45441547
0.45588419
0.45736244
0.45885029
0.46034905
0.46185645
0.46337375
0.46490106
0.46643844
0.46798605
0.46954519
0.47111350
0.47269234
0.47428179
0.47588068
0.47749168
0.47911492
0.48074794
0.48239210
0.48404759
0.48571444
0.48739284
0.48908418
0.49078599
0.49249968
0.49422535
0.49596319
0.49771467
0.49947718
0.50125217
0.50303984
0.50484037
0.50665379
0.50848168
0.51032144
0.51217449
0.51404107
0.51592129
0.51781535
0.51972491
0.52164698
0.52358341
0.52553421
0.52749962
0.52947980
0.53147650
0.53348672
0.53551215
0.53755307
0.53960961
0.54168189
0.54377186
0.54587632
0.54799545
0.55011243
0.55200428
0.55390924
0.55556023
0.55697006
0.55838352
0.55933976
0.56026226
0.56103927
0.56147283
0.56190532
0.56204545
0.56202596
0.56200641
0.56158620
0.56112945
0.56059045
0.56002432
0.55958068
0.56025523
1.18913746
1.19418728
1.19928026
1.20442498
1.20960581
1.21483135
1.22011065
1.22542763
1.23079121
1.23621035
1.24166894
1.24717581
1.25274062
1.25834644
1.26400268
1.26971900
1.27547812
1.28128970
1.28716385
1.29308259
1.29905617
1.30509472
1.31118000
1.31732225
1.32353222
1.32979107
1.33610940
1.34249818
1.34893811
1.35544014
1.36201549
1.36864460
1.37533844
1.38210881
1.38893533
1.39582956
1.40280378
1.40983677
1.41694069
1.42411649
1.43136537
1.43868852
1.44609857
1.45357358
1.46112633
1.46877003
1.47648180
1.48427510
1.49216354
1.50012362
1.50816917
1.51631439
1.52453494
1.53284514
1.54125977
1.54975379
1.55834198
1.56703973
1.57582104
1.58470142
1.59369671
1.60278022
1.61196792
1.62127638
1.63067794
1.64018917
1.64982736
1.65956402
1.66941619
1.67940199
1.68949187
1.69970369
1.71005619
1.72051895
1.73111057
1.74185038
1.75270700
1.76369989
0.34101009
0.34183654
0.34266701
0.34350216
0.34434077
0.34518346
0.34603029
0.34688127
0.34773648
0.34859657
0.34946024
0.35032824
0.35120052
0.35207716
0.35295820
0.35384434
0.35473427
0.35562867
0.35652760
0.35743105
0.35833913
0.35925254
0.36016992
0.36109197
0.36201876
0.36295030
0.36388668
0.36482862
0.36577472
0.36672574
0.36768171
0.36864269
0.36960945
0.37058052
0.37155673
0.37253809
0.37352464
0.37451646
0.37551352
0.37651592
0.37752369
0.37853685
0.37955549
0.38057962
0.38161010
0.38264534
0.38368624
0.38473281
0.38578510
0.38684314
0.38790789
0.38897765
0.39005333
0.39113495
0.39222261
0.39331719
0.39441705
0.39552304
0.39663529
0.39775378
0.39887860
0.40001073
0.40114838
0.40229252
0.40344319
0.40460047
0.40576443
0.40693602
0.40811345
0.40929773
0.41048890
0.41168702
0.41289213
0.41410533
0.41532469
0.41655123
0.41778505
0.41902620
0.42027476
0.42153078
0.42279431
0.42406547
0.42534426
0.42663080
0.42792618
0.42922843
0.43053859
0.43185681
0.43318310
0.43451759
0.43586138
0.43721244
0.43857190
0.43993983
0.44131631
0.44270146
0.44409642
0.44549909
0.44691065
0.44833118
0.44976076
0.45120066
0.45264864
0.45410594
0.45557266
0.45704889
0.45853472
0.46003142
0.46153671
0.46305192
0.46457708
0.46611235
0.46765777
0.46921471
0.47078082
0.47235742
0.47394460
0.47554123
0.47714993
0.47877085
0.48040152
0.48204333
0.48369637
0.48536083
0.48703676
0.48872566
0.49042496
0.49213612
0.49385926
0.49559450
0.49734199
0.49910325
0.50087559
0.50266057
0.50445837
0.50626904
0.50809419
0.50993109
0.51178133
0.51364505
0.51552236
0.51741350
0.51932001
0.52123916
0.52317250
0.52512026
0.52708262
0.52905965
0.53105313
0.53306013
0.53508234
0.53711998
0.53917319
0.54124212
0.54332870
0.54542971
0.54754704
0.54967922
0.55182976
0.55377656
0.55569553
0.55747765
0.55889720
0.56032050
0.56137723
0.56229228
0.56314433
0.56358117
0.56401688
0.56423146
0.56421179
0.56419212
0.56383288
0.56337249
0.56284523
0.56227273
0.56179535
0.56228870
0.56515044
1.19819856
1.20333397
1.20850539
1.21372139
1.21899104
1.22429824
1.22965181
1.23506105
1.24050939
1.24600601
1.25156033
1.25715554
1.26280105
1.26850653
1.27425456
1.28005505
1.28591776
1.29182518
1.29778707
1.30381370
1.30988705
1.31601727
1.32221484
1.32846117
1.33476686
1.34114277
1.34756970
1.35405850
1.36062050
1.36723590
1.37391591
1.38067222
1.38748455
1.39436448
1.40132391
1.40834212
1.41543090
1.42259145
1.42982471
1.43713200
1.44452608
1.45198476
1.45952094
1.46714783
1.47484255
1.48261845
1.49048924
1.49843144
1.50645876
1.51458549
1.52278721
1.53107834
1.53947353
1.54794788
1.55651605
1.56519330
1.57395399
1.58281314
1.59178698
1.60084867
1.61001420
1.61930001
1.62867856
1.63816655
1.64778078
1.65749323
1.66732085
1.67728150
1.68734586
1.69753170
1.70785761
1.71829343
1.72885752
1.73956931
1.75039744
1.76136124
1.77248096
0.34166136
0.34249097
0.34332463
0.34416300
0.34500483
0.34585080
0.34670088
0.34755519
0.34841371
0.34927717
0.35014424
0.35101560
0.35189134
0.35277143
0.35365665
0.35454562
0.35543907
0.35633701
0.35723954
0.35814664
0.35905907
0.35997543
0.36089650
0.36182228
0.36275283
0.36368817
0.36462909
0.36557415
0.36652413
0.36747903
0.36843896
0.36940387
0.37037465
0.37134978
0.37233004
0.37331548
0.37430617
0.37530214
0.37630340
0.37731001
0.37832204
0.37933952
0.38036248
0.38139179
0.38242584
0.38346556
0.38451090
0.38556197
0.38661882
0.38768232
0.38875082
0.38982525
0.39090562
0.39199200
0.39308444
0.39418384
0.39528853
0.39639944
0.39751661
0.39864010
0.39977086
0.40090713
0.40204990
0.40319920
0.40435508
0.40551761
0.40668777
0.40786377
0.40904659
0.41023630
0.41143295
0.41263658
0.41384825
0.41506609
0.41629112
0.41752341
0.41876301
0.42000899
0.42126441
0.42252636
0.42379588
0.42507306
0.42635795
0.42765167
0.42895225
0.43026075
0.43157724
0.43290183
0.43423456
0.43557662
0.43692589
0.43828356
0.43964970
0.44102436
0.44240767
0.44380078
0.44520161
0.44661126
0.44802991
0.44945756
0.45089436
0.45234153
0.45379683
0.45526156
0.45673576
0.45821956
0.45971417
0.46121740
0.46273050
0.46425357
0.46578667
0.46732995
0.46888348
0.47044861
0.47202298
0.47360793
0.47520229
0.47680870
0.47842726
0.48005560
0.48169503
0.48334572
0.48500773
0.48668122
0.48836765
0.49006444
0.49177310
0.49349368
0.49522635
0.49697125
0.49872985
0.50049955
0.50228190
0.50407690
0.50588483
0.50770581
0.50954133
0.51138872
0.51324958
0.51512402
0.51701224
0.51891583
0.52083194
0.52276230
0.52470696
0.52666622
0.52864009
0.53063047
0.53263426
0.53465325
0.53668761
0.53873748
0.54080307
0.54288626
0.54498386
0.54709774
0.54922640
0.55137336
0.55353719
0.55556196
0.55749160
0.55940306
0.56081831
0.56224251
0.56340104
0.56432265
0.56524736
0.56570721
0.56614625
0.56643271
0.56641465
0.56639487
0.56609583
0.56563175
0.56511813
0.56454104
0.56402761
0.56433880
0.56646693
1.20224488
1.20740688
1.21261346
1.21787345
1.22317088
1.22851467
1.23391378
1.23935199
1.24483836
1.25038230
1.25596690
1.26160169
1.26729631
1.27303338
1.27882278
1.28467417
1.29057014
1.29652035
1.30253530
1.30859673
1.31471479
1.32090008
1.32713401
1.33342695
1.33979011
1.34620404
1.35267961
1.35922825
1.36583006
1.37249637
1.37923872
1.38603687
1.39290237
1.39984727
1.40685058
1.41392434
1.42108095
1.42828739
1.43557894
1.44295692
1.45039940
1.45791912
1.46552920
1.47320688
1.48096550
1.48881876
1.49674320
1.50475228
1.51286054
1.52104366
1.52931571
1.53769147
1.54614615
1.55469429
1.56335127
1.57209122
1.58092952
1.58988190
1.59892190
1.60806525
1.61732852
1.62668419
1.63614881
1.64573944
1.65542769
1.66523075
1.67516625
1.68520522
1.69536519
1.70566475
1.71607363
1.72661042
1.73729432
1.74809408
1.75902891
1.77011907
1.78133214
0.34231511
0.34314790
0.34398544
0.34482637
0.34567145
0.34652069
0.34737411
0.34823242
0.34909427
0.34996042
0.35083088
0.35170570
0.35258487
0.35346913
0.35435715
0.35524967
0.35614666
0.35704821
0.35795432
0.35886580
0.35978118
0.36070123
0.36162600
0.36255553
0.36348987
0.36442977
0.36537379
0.36632273
0.36727658
0.36823544
0.36920008
0.37016901
0.37114304
0.37212220
0.37310657
0.37409613
0.37509099
0.37609112
0.37709659
0.37810749
0.37912381
0.38014558
0.38117373
0.38220662
0.38324511
0.38428926
0.38533914
0.38639474
0.38745701
0.38852426
0.38959745
0.39067653
0.39176163
0.39285365
0.39395091
0.39505431
0.39616388
0.39727974
0.39840189
0.39953128
0.40066621
0.40180758
0.40295550
0.40410998
0.40527111
0.40643984
0.40761441
0.40879577
0.40998402
0.41117918
0.41238135
0.41359150
0.41480786
0.41603136
0.41726208
0.41850013
0.41974455
0.42099839
0.42225873
0.42352664
0.42480221
0.42608547
0.42737651
0.42867643
0.42998323
0.43129805
0.43262091
0.43395191
0.43529221
0.43663973
0.43799561
0.43935996
0.44073281
0.44211429
0.44350556
0.44490448
0.44631228
0.44772899
0.44915476
0.45058960
0.45203480
0.45348817
0.45495087
0.45642307
0.45790482
0.45939621
0.46089855
0.46240956
0.46393049
0.46546146
0.46700257
0.46855393
0.47011688
0.47168902
0.47327173
0.47486508
0.47646791
0.47808290
0.47971016
0.48134723
0.48299554
0.48465514
0.48632622
0.48801017
0.48970449
0.49141061
0.49312866
0.49485877
0.49660105
0.49835706
0.50012410
0.50190371
0.50369608
0.50550127
0.50731945
0.50915217
0.51099676
0.51285475
0.51472634
0.51661158
0.51851070
0.52042538
0.52235270
0.52429432
0.52625048
0.52822125
0.53020686
0.53220904
0.53422481
0.53625590
0.53830248
0.54036474
0.54244286
0.54453874
0.54664916
0.54877430
0.55091774
0.55307800
0.55525696
0.55735719
0.55929410
0.56124449
0.56274378
0.56417602
0.56543589
0.56636781
0.56729919
0.56784576
0.56828988
0.56864935
0.56863481
0.56861484
0.56837881
0.56791097
0.56740773
0.56682593
0.56627589
0.56640387
0.56825542
1.20631051
1.21150756
1.21675801
1.22204566
1.22737956
1.23276865
1.23819685
1.24367285
1.24920642
1.25478053
1.26040471
1.26608849
1.27181458
1.27759278
1.28343296
1.28931749
1.29525614
1.30125940
1.30730879
1.31341481
1.31958795
1.32580936
1.33208990
1.33844018
1.34484112
1.35130358
1.35783887
1.36442721
1.37107980
1.37780821
1.38459218
1.39144337
1.39837360
1.40536213
1.41242087
1.41956222
1.42675328
1.43402922
1.44139123
1.44881749
1.45632076
1.46391416
1.47157490
1.47931635
1.48715198
1.49505866
1.50304973
1.51113951
1.51930392
1.52755713
1.53591359
1.54434872
1.55287683
1.56151354
1.57023287
1.57905018
1.58798122
1.59699965
1.60612094
1.61536169
1.62469471
1.63413608
1.64370298
1.65336728
1.66314578
1.67305648
1.68307006
1.69320416
1.70347750
1.71385956
1.72436905
1.73502517
1.74579668
1.75670266
1.76776350
1.77894652
1.79027212
0.34297138
0.34380803
0.34464812
0.34549233
0.34634066
0.34719318
0.34804991
0.34891158
0.34977680
0.35064638
0.35152024
0.35239848
0.35328183
0.35416892
0.35506046
0.35595652
0.35685709
0.35776225
0.35867271
0.35958710
0.36050618
0.36142996
0.36235848
0.36329180
0.36423066
0.36517367
0.36612156
0.36707437
0.36803216
0.36899498
0.36996359
0.37093654
0.37191463
0.37289786
0.37388635
0.37488085
0.37587908
0.37688342
0.37789315
0.37890831
0.37992895
0.38095590
0.38198760
0.38302493
0.38406789
0.38511652
0.38617092
0.38723195
0.38829798
0.38936990
0.39044774
0.39153156
0.39262143
0.39371824
0.39482033
0.39592862
0.39704314
0.39816394
0.39929199
0.40042555
0.40156555
0.40271208
0.40386519
0.40502489
0.40619221
0.40736532
0.40854526
0.40973204
0.41092575
0.41212642
0.41333508
0.41454992
0.41577190
0.41700110
0.41823760
0.41948044
0.42073271
0.42199147
0.42325777
0.42453170
0.42581332
0.42710271
0.42840096
0.42970610
0.43101919
0.43234035
0.43366963
0.43500713
0.43635395
0.43770805
0.43907061
0.44044164
0.44182131
0.44321072
0.44460779
0.44601369
0.44742852
0.44885236
0.45028529
0.45172852
0.45317990
0.45464063
0.45611081
0.45759052
0.45907986
0.46058014
0.46208906
0.46360788
0.46513671
0.46667567
0.46822485
0.46978560
0.47135553
0.47293597
0.47452706
0.47612762
0.47774032
0.47936523
0.48099995
0.48264587
0.48430306
0.48597169
0.48765185
0.48934504
0.49104866
0.49276417
0.49449173
0.49623141
0.49798480
0.49974921
0.50152618
0.50331581
0.50511825
0.50693369
0.50876367
0.51060539
0.51246053
0.51432920
0.51621157
0.51810777
0.52001941
0.52194375
0.52388233
0.52583539
0.52780306
0.52978551
0.53178453
0.53379709
0.53582489
0.53786820
0.53992712
0.54200190
0.54409432
0.54620129
0.54832292
0.55046284
0.55261952
0.55479318
0.55698574
0.55915529
0.56110471
0.56306595
0.56468070
0.56612462
0.56748366
0.56842601
0.56936419
0.56999868
0.57044983
0.57088530
0.57087064
0.57085234
0.57068026
0.57020867
0.56971771
0.56913120
0.56854218
0.56851131
0.57005709
1.21040368
1.21564448
1.22092247
1.22624648
1.23162568
1.23704374
1.24250960
1.24803281
1.25359643
1.25920987
1.26488292
1.27059805
1.27636528
1.28219414
1.28806734
1.29399443
1.29998589
1.30602348
1.31211746
1.31827831
1.32448745
1.33075535
1.33709300
1.34348094
1.34993041
1.35645235
1.36302722
1.36966610
1.37638056
1.38315046
1.38998735
1.39690316
1.40387690
1.41092074
1.41804683
1.42522252
1.43248272
1.43982899
1.44723904
1.45472586
1.46230257
1.46994650
1.47767079
1.48548901
1.49337780
1.50135100
1.50942242
1.51756823
1.52580249
1.53413975
1.54255533
1.55106366
1.55968010
1.56837893
1.57717538
1.58608520
1.59508193
1.60418141
1.61339974
1.62270999
1.63212824
1.64167166
1.65131199
1.66106617
1.67095196
1.68094027
1.69104874
1.70129573
1.71165121
1.72213364
1.73276198
1.74350524
1.75438261
1.76541412
1.77656746
1.78786254
1.79932046
0.34363082
0.34447005
0.34531337
0.34616083
0.34701246
0.34786832
0.34872907
0.34959340
0.35046205
0.35133499
0.35221231
0.35309401
0.35398087
0.35487145
0.35576656
0.35666618
0.35757035
0.35847986
0.35939327
0.36031133
0.36123413
0.36216164
0.36309394
0.36403179
0.36497375
0.36592060
0.36687237
0.36782911
0.36879084
0.36975840
0.37073028
0.37170726
0.37268943
0.37367678
0.37466937
0.37566727
0.37667048
0.37767908
0.37869310
0.37971255
0.38073835
0.38176888
0.38280499
0.38384676
0.38489419
0.38594738
0.38700718
0.38807195
0.38914260
0.39021921
0.39130175
0.39239034
0.39348587
0.39458665
0.39569363
0.39680681
0.39792630
0.39905208
0.40018520
0.40132383
0.40246898
0.40362066
0.40477896
0.40594488
0.40711656
0.40829507
0.40948039
0.41067261
0.41187182
0.41307899
0.41429231
0.41551277
0.41674042
0.41797537
0.41921666
0.42046735
0.42172453
0.42298922
0.42426154
0.42554152
0.42682928
0.42812586
0.42942932
0.43074071
0.43206015
0.43338773
0.43472347
0.43606853
0.43742087
0.43878162
0.44015086
0.44152868
0.44291514
0.44431147
0.44571552
0.44712844
0.44855034
0.44998136
0.45142263
0.45287207
0.45433080
0.45579898
0.45727667
0.45876396
0.46026218
0.46176898
0.46328571
0.46481243
0.46634924
0.46789625
0.46945480
0.47102252
0.47260073
0.47418955
0.47578785
0.47739822
0.47902080
0.48065317
0.48229671
0.48395151
0.48561770
0.48729542
0.48898610
0.49068722
0.49240023
0.49412522
0.49586233
0.49761170
0.49937487
0.50114918
0.50293612
0.50473583
0.50654852
0.50837570
0.51021463
0.51206696
0.51393270
0.51581216
0.51770544
0.51961410
0.52153546
0.52347100
0.52542096
0.52738553
0.52936488
0.53136069
0.53337002
0.53539461
0.53743458
0.53949022
0.54156160
0.54365063
0.54575413
0.54787403
0.55000871
0.55216181
0.55433363
0.55652076
0.55872530
0.56094730
0.56292528
0.56490111
0.56662923
0.56808496
0.56954634
0.57049739
0.57144612
0.57216799
0.57262444
0.57307613
0.57312411
0.57310748
0.57300049
0.57252318
0.57204479
0.57145345
0.57086146
0.57070774
0.57199329
1.21453297
1.21980131
1.22511566
1.23048484
1.23589277
1.24134851
1.24686134
1.25241458
1.25801742
1.26367962
1.26938391
1.27514005
1.28095782
1.28681958
1.29273522
1.29871500
1.30474079
1.31082273
1.31697142
1.32316816
1.32942355
1.33574843
1.34212363
1.34855998
1.35506868
1.36163008
1.36825526
1.37495589
1.38171184
1.38853443
1.39543569
1.40239489
1.40942371
1.41653478
1.42369509
1.43093967
1.43826997
1.44566405
1.45313454
1.46069467
1.46832168
1.47602880
1.48382962
1.49170089
1.49965608
1.50770926
1.51583660
1.52405190
1.53237009
1.54076612
1.54925478
1.55785096
1.56652939
1.57530510
1.58419371
1.59316897
1.60224640
1.61144257
1.62073016
1.63012540
1.63964534
1.64926171
1.65899169
1.66885281
1.67881596
1.68889880
1.69911969
1.70944858
1.71990383
1.73050463
1.74121988
1.75206876
1.76307094
1.77419460
1.78545952
1.79688656
1.80844235
0.34429213
0.34513462
0.34598118
0.34683195
0.34768689
0.34854674
0.34941018
0.35027790
0.35114995
0.35202634
0.35290781
0.35379303
0.35468265
0.35557681
0.35647547
0.35737869
0.35828719
0.35919964
0.36011672
0.36103851
0.36196500
0.36289629
0.36383313
0.36477405
0.36571985
0.36667058
0.36762628
0.36858696
0.36955345
0.37052423
0.37150013
0.37248120
0.37346745
0.37445894
0.37545571
0.37645778
0.37746525
0.37847811
0.37949643
0.38052022
0.38155037
0.38258532
0.38362586
0.38467211
0.38572407
0.38678265
0.38784620
0.38891560
0.38999093
0.39107221
0.39215952
0.39325377
0.39435324
0.39545891
0.39657077
0.39768893
0.39881337
0.39994511
0.40108240
0.40222615
0.40337646
0.40453336
0.40569690
0.40686810
0.40804517
0.40922904
0.41041979
0.41161752
0.41282225
0.41403499
0.41525394
0.41648009
0.41771349
0.41895422
0.42020133
0.42145792
0.42272103
0.42399171
0.42527008
0.42655617
0.42785111
0.42915288
0.43046260
0.43178034
0.43310618
0.43444017
0.43578348
0.43713406
0.43849301
0.43986046
0.44123647
0.44262108
0.44401556
0.44541770
0.44682875
0.44824877
0.44967782
0.45111606
0.45256463
0.45402139
0.45548755
0.45696324
0.45844850
0.45994464
0.46144938
0.46296400
0.46448857
0.46602324
0.46756810
0.46912444
0.47068995
0.47226593
0.47385252
0.47544852
0.47705659
0.47867686
0.48030689
0.48194805
0.48360047
0.48526424
0.48693952
0.48862773
0.49032634
0.49203682
0.49375924
0.49549380
0.49724057
0.49900109
0.50077271
0.50255698
0.50435400
0.50616390
0.50798684
0.50982445
0.51167393
0.51353687
0.51541340
0.51730371
0.51920944
0.52112776
0.52306032
0.52500719
0.52696866
0.52894485
0.53093749
0.53294361
0.53496498
0.53700167
0.53905398
0.54112202
0.54320765
0.54530776
0.54742414
0.54955536
0.55170488
0.55387133
0.55605662
0.55825740
0.56047577
0.56271178
0.56475955
0.56674832
0.56858939
0.57005888
0.57153052
0.57258207
0.57354140
0.57435387
0.57481384
0.57527268
0.57539356
0.57537866
0.57533777
0.57485837
0.57437980
0.57379472
0.57319790
0.57291931
0.57400197
1.21868229
1.22398674
1.22934616
1.23474407
1.24018955
1.24569213
1.25123489
1.25682712
1.26247859
1.26817214
1.27391720
1.27972376
1.28557420
1.29147840
1.29744649
1.30346048
1.30953050
1.31566703
1.32185149
1.32809448
1.33440661
1.34076893
1.34719229
1.35368776
1.36023581
1.36684740
1.37353420
1.38027608
1.38708448
1.39397132
1.40091586
1.40792990
1.41502583
1.42217088
1.42939997
1.43671441
1.44409251
1.45154667
1.45909023
1.46670043
1.47439051
1.48217404
1.49002767
1.49796498
1.50599992
1.51410878
1.52230537
1.53060448
1.53898108
1.54744995
1.55602622
1.56468427
1.57343912
1.58230662
1.59126043
1.60031617
1.60949016
1.61875510
1.62812746
1.63762391
1.64721668
1.65692234
1.66675878
1.67669690
1.68675423
1.69694912
1.70725155
1.71767998
1.72825325
1.73894060
1.74976087
1.76073408
1.77182817
1.78306293
1.79445922
1.80598366
1.81765723
0.34495601
0.34580174
0.34665161
0.34750566
0.34836462
0.34922716
0.35009396
0.35096508
0.35184056
0.35272041
0.35360536
0.35449407
0.35538727
0.35628495
0.35718721
0.35809475
0.35900620
0.35992229
0.36084309
0.36176860
0.36269885
0.36363468
0.36457458
0.36551934
0.36646903
0.36742365
0.36838329
0.36934870
0.37031841
0.37129322
0.37227321
0.37325835
0.37424871
0.37524438
0.37624532
0.37725165
0.37826335
0.37928051
0.38030314
0.38133213
0.38236588
0.38340524
0.38445029
0.38550103
0.38655752
0.38762069
0.38868886
0.38976294
0.39084294
0.39192900
0.39302194
0.39412013
0.39522448
0.39633501
0.39745182
0.39857495
0.39970532
0.40084124
0.40198362
0.40313253
0.40428802
0.40545020
0.40661997
0.40779558
0.40897799
0.41016731
0.41136354
0.41256678
0.41377804
0.41499546
0.41622007
0.41745192
0.41869110
0.41993764
0.42119166
0.42245317
0.42372224
0.42499897
0.42628342
0.42757669
0.42887679
0.43018484
0.43150088
0.43282500
0.43415725
0.43549880
0.43684763
0.43820480
0.43957046
0.44094461
0.44232744
0.44372004
0.44512033
0.44652948
0.44794759
0.44937474
0.45081100
0.45225763
0.45371240
0.45517656
0.45665023
0.45813346
0.45962635
0.46113020
0.46264270
0.46416518
0.46569771
0.46724039
0.46879455
0.47035787
0.47193164
0.47351596
0.47510970
0.47671548
0.47833341
0.47996110
0.48159990
0.48324990
0.48491129
0.48658410
0.48826987
0.48996598
0.49167395
0.49339384
0.49512580
0.49686998
0.49862787
0.50039685
0.50217843
0.50397277
0.50577992
0.50760007
0.50943488
0.51128149
0.51314157
0.51501524
0.51690263
0.51880389
0.52072072
0.52265024
0.52459413
0.52655250
0.52852553
0.53051502
0.53251791
0.53453600
0.53656948
0.53861845
0.54068315
0.54276538
0.54486209
0.54697502
0.54910272
0.55124873
0.55341154
0.55559319
0.55779034
0.56000495
0.56223720
0.56448734
0.56660396
0.56860757
0.57056504
0.57204294
0.57352847
0.57468390
0.57565033
0.57655466
0.57701999
0.57748425
0.57768291
0.57766795
0.57765102
0.57721275
0.57673025
0.57615525
0.57555354
0.57514626
0.57602477
1.22285998
1.22820950
1.23359740
1.23903286
1.24452507
1.25005734
1.25563920
1.26127994
1.26696253
1.27269661
1.27849209
1.28433120
1.29022396
1.29618049
1.30218279
1.30824077
1.31436527
1.32053745
1.32676792
1.33306754
1.33941710
1.34582746
1.35230970
1.35884428
1.36544240
1.37211549
1.37884343
1.38563764
1.39251006
1.39944005
1.40643930
1.41352010
1.42066121
1.42786348
1.43516219
1.44252431
1.44996226
1.45748937
1.46508288
1.47275591
1.48052216
1.48835814
1.49627757
1.50429451
1.51238501
1.52056289
1.52884281
1.53720021
1.54564941
1.55420566
1.56284332
1.57157767
1.58042419
1.58935666
1.59839058
1.60754240
1.61678493
1.62613440
1.63560760
1.64517665
1.65485823
1.66467011
1.67458320
1.68461514
1.69478405
1.70506024
1.71546173
1.72600770
1.73666716
1.74745905
1.75840330
1.76946795
1.78067279
1.79203832
1.80353177
1.81517351
1.82698524
0.34562245
0.34647146
0.34732461
0.34818268
0.34904429
0.34991020
0.35078043
0.35165498
0.35253388
0.35341790
0.35430568
0.35519791
0.35609466
0.35699594
0.35790178
0.35881299
0.35972810
0.36064789
0.36157238
0.36250165
0.36343643
0.36437532
0.36531904
0.36626771
0.36722130
0.36817983
0.36914417
0.37011284
0.37108657
0.37206542
0.37304947
0.37403876
0.37503329
0.37603313
0.37703830
0.37804887
0.37906486
0.38008633
0.38111416
0.38214672
0.38318488
0.38422871
0.38527825
0.38633353
0.38739544
0.38846236
0.38953519
0.39061397
0.39169872
0.39278951
0.39388728
0.39499030
0.39609954
0.39721501
0.39833680
0.39946583
0.40060037
0.40174139
0.38985085
0.38544175
0.38871518
0.40637210
0.40754628
0.40872726
0.40991509
0.41110986
0.41231161
0.41352138
0.41473728
0.41596037
0.41719070
0.41842833
0.41967231
0.42092571
0.42218563
0.42345312
0.42472821
0.42601103
0.42730162
0.42860109
0.42990744
0.43122178
0.43254417
0.43387470
0.43521345
0.43656155
0.43791696
0.43928081
0.44065318
0.44203416
0.44342491
0.44482332
0.44623059
0.44764680
0.44907203
0.45050636
0.45195103
0.45340383
0.45486602
0.45633766
0.45781884
0.45930970
0.46081147
0.46232188
0.46384224
0.46537262
0.46691316
0.46846393
0.47002625
0.47159779
0.47317988
0.47477260
0.47637483
0.47799048
0.47961581
0.48125225
0.48289987
0.48455882
0.48622924
0.48791251
0.48960614
0.49131158
0.49302894
0.49475837
0.49649993
0.49825522
0.50002158
0.50180048
0.50359207
0.50539649
0.50721389
0.50904590
0.51088971
0.51274693
0.51461768
0.51650214
0.51840049
0.52031434
0.52224082
0.52418160
0.52613693
0.52810687
0.53009158
0.53209293
0.53410780
0.53613800
0.53818369
0.54024500
0.54232389
0.54441714
0.54652661
0.54865080
0.55079329
0.55295259
0.55513054
0.55732405
0.55953497
0.56176347
0.56400979
0.56627411
0.56846052
0.57047725
0.57250839
0.57404268
0.57553864
0.57679939
0.57776356
0.57872719
0.57919794
0.57965440
0.57990932
0.57989234
0.57987344
0.57948834
0.57900953
0.57845634
0.57786298
0.57738501
0.57805061
1.22707498
1.23245287
1.23787820
1.24336016
1.24888217
1.25445342
1.26008344
1.26575530
1.27147841
1.27726281
1.28309071
1.28897202
1.29491699
1.30090749
1.30695367
1.31306601
1.31922603
1.32544410
1.33173108
1.33806789
1.34446526
1.35093439
1.35745573
1.36404037
1.37069964
1.37741375
1.38419378
1.39105189
1.39796722
1.40495169
1.41201758
1.41914356
1.42633033
1.43361342
1.44095957
1.44838130
1.45589197
1.46346879
1.47112489
1.47887385
1.48669243
1.49459410
1.50259292
1.51066506
1.51882434
1.52708530
1.53542340
1.54385304
1.55238938
1.56100690
1.56972051
1.57854605
1.58745730
1.59646964
1.60559940
1.61481953
1.62414622
1.63359618
1.64314163
1.65279925
1.66258657
1.67247486
1.68248141
1.69262457
1.70287442
1.71324921
1.72376788
1.73439968
1.74516332
1.75607884
1.76711416
1.77828896
1.78962409
1.80108643
1.81269646
1.82447600
1.83639050
0.34629148
0.34714377
0.34800094
0.34886166
0.34972665
0.35059595
0.35146958
0.35234755
0.35323066
0.35411748
0.35500878
0.35590455
0.35680488
0.35770977
0.35861996
0.35953408
0.36045289
0.36137640
0.36230466
0.36323768
0.36417627
0.36511898
0.36606658
0.36701912
0.36797664
0.36893991
0.36990747
0.37088013
0.37185791
0.37284085
0.37382901
0.37482321
0.37582114
0.37682518
0.37783462
0.37884945
0.37986976
0.38089639
0.38192779
0.38296476
0.38400739
0.38505572
0.38610977
0.38717046
0.38823617
0.38930774
0.39038524
0.39146870
0.39255822
0.39365470
0.39475644
0.39586434
0.39697850
0.39809895
0.39922571
0.40035981
0.40149945
0.39061740
0.38609219
0.38172302
0.37758455
0.38263056
0.40847683
0.40966320
0.41085652
0.41205677
0.41326505
0.41447943
0.41570100
0.41692978
0.41816586
0.41940829
0.42066011
0.42191845
0.42318431
0.42445782
0.42573899
0.42702791
0.42832571
0.42963040
0.43094301
0.43226370
0.43359253
0.43492952
0.43627587
0.43762949
0.43899155
0.44036210
0.44174126
0.44312906
0.44452673
0.44593212
0.44734642
0.44876975
0.45020214
0.45164484
0.45309567
0.45455587
0.45602551
0.45750466
0.45899346
0.46049318
0.46200150
0.46351975
0.46504802
0.46658638
0.46813497
0.46969509
0.47126442
0.47284427
0.47443473
0.47603467
0.47764674
0.47927102
0.48090509
0.48255035
0.48420689
0.48587486
0.48755568
0.48924685
0.49094978
0.49266461
0.49439147
0.49613047
0.49788311
0.49964681
0.50142306
0.50321192
0.50501364
0.50682831
0.50865752
0.51049852
0.51235288
0.51422077
0.51610231
0.51799768
0.51990855
0.52183205
0.52376980
0.52572203
0.52768886
0.52967048
0.53166860
0.53368026
0.53570718
0.53774959
0.53980762
0.54188144
0.54397291
0.54607898
0.54819965
0.55033863
0.55249435
0.55466872
0.55685854
0.55906570
0.56129050
0.56353301
0.56579351
0.56807411
0.57032925
0.57235932
0.57440388
0.57605088
0.57754421
0.57888150
0.57984698
0.58081758
0.58136016
0.58182001
0.58213395
0.58211684
0.58209777
0.58175725
0.58127660
0.58073044
0.58013237
0.57962799
0.58016258
1.23131049
1.23672569
1.24219751
1.24770916
1.25326991
1.25888932
1.26455045
1.27026260
1.27603579
1.28185260
1.28772247
1.29365587
1.29963470
1.30566907
1.31176937
1.31791723
1.32412291
1.33039737
1.33672142
1.34310591
1.34956193
1.35607004
1.36264110
1.36928678
1.37598693
1.38275301
1.38959670
1.39649761
1.40346742
1.41051829
1.41762900
1.42480052
1.43206787
1.43939817
1.44680381
1.45429802
1.46185827
1.46949756
1.47722924
1.48503041
1.49291444
1.50089526
1.50894904
1.51708972
1.52533185
1.53365076
1.54206085
1.55057728
1.55917466
1.56786788
1.57667255
1.58556247
1.59455323
1.60366106
1.61285889
1.62216282
1.63158965
1.64111161
1.65074539
1.66050828
1.67037177
1.68035316
1.69047058
1.70069432
1.71104252
1.72153401
1.73213816
1.74287367
1.75376034
1.76476645
1.77591157
1.78721631
1.79864776
1.81022632
1.82197356
1.83385539
1.84589314
0.33344793
0.33818597
0.34867918
0.34954327
0.35041168
0.35128438
0.35216144
0.35304362
0.35392949
0.35481983
0.35571465
0.35661402
0.35751793
0.35842717
0.35934031
0.36025810
0.36118060
0.36210787
0.36303988
0.36397746
0.36491913
0.36586568
0.36681718
0.36777362
0.36873507
0.36970234
0.37067392
0.37165061
0.37263244
0.37361953
0.37461260
0.37560940
0.37661231
0.37762058
0.37863427
0.37965342
0.38067889
0.38170910
0.38274491
0.38378632
0.38483346
0.38588628
0.38694575
0.38801020
0.38908052
0.39015678
0.39123899
0.39232722
0.39342239
0.39452282
0.39562944
0.39674225
0.39786136
0.39898679
0.40011951
0.40125778
0.40240255
0.38670030
0.38229609
0.37806010
0.37353563
0.36924297
0.37770474
0.41060346
0.41180226
0.41300902
0.41422191
0.41544196
0.41666922
0.41790375
0.41914460
0.42039487
0.42165160
0.42291588
0.42418775
0.42546728
0.42675456
0.42805070
0.42935368
0.43066466
0.43198362
0.43331072
0.43464598
0.43599054
0.43734241
0.43870267
0.44007143
0.44144875
0.44283471
0.44423053
0.44563404
0.44704646
0.44846785
0.44989833
0.45133793
0.45278797
0.45424616
0.45571378
0.45719093
0.45867768
0.46017531
0.46168154
0.46319771
0.46472383
0.46626008
0.46780649
0.46936443
0.47093153
0.47250915
0.47409737
0.47569501
0.47730476
0.47892672
0.48055845
0.48220134
0.48385549
0.48552102
0.48719805
0.48888808
0.49058852
0.49230081
0.49402511
0.49576151
0.49751157
0.49927261
0.50104618
0.50283241
0.50463140
0.50644332
0.50826973
0.51010787
0.51195943
0.51382446
0.51570308
0.51759553
0.51950341
0.52142394
0.52335864
0.52530777
0.52727151
0.52924997
0.53124493
0.53325337
0.53527707
0.53731614
0.53937083
0.54144132
0.54352945
0.54563200
0.54775095
0.54988468
0.55203682
0.55420589
0.55639380
0.55859727
0.56081831
0.56305707
0.56531376
0.56759042
0.56988370
0.57219553
0.57425195
0.57630450
0.57804501
0.57955062
0.58096927
0.58194745
0.58292317
0.58353853
0.58400375
0.58437377
0.58436036
0.58434117
0.58404589
0.58355957
0.58302248
0.58241963
0.58188659
0.58229011
0.58528262
1.24103701
1.24653828
1.25208855
1.25769746
1.26334774
1.26904905
1.27481127
1.28061676
1.28647542
1.29239726
1.29836452
1.30438697
1.31047535
1.31661093
1.32280433
1.32906628
1.33537769
1.34174931
1.34819221
1.35468709
1.36124480
1.36787677
1.37456310
1.38131511
1.38814461
1.39503109
1.40198612
1.40902209
1.41611779
1.42327392
1.43052566
1.43784010
1.44522977
1.45270765
1.46025133
1.46787369
1.47558832
1.48337209
1.49123847
1.49920130
1.50723696
1.51535904
1.52358234
1.53188217
1.54027283
1.54876947
1.55734670
1.56601954
1.57480335
1.58367217
1.59264147
1.60172737
1.61090302
1.62018430
1.62958813
1.63908660
1.64869654
1.65843523
1.66827404
1.67823029
1.68832207
1.69851971
1.70884144
1.71930587
1.72988248
1.74058998
1.75144804
1.76242507
1.77354062
1.78481507
1.79621565
1.80776274
1.81947803
1.83132720
1.84333169
1.85551405
0.32875577
0.33322197
0.33820975
0.35022759
0.35109937
0.35197553
0.35285604
0.35374168
0.35463110
0.35552496
0.35642335
0.35732630
0.35823455
0.35914671
0.36006355
0.36098504
0.36191130
0.36284229
0.36377883
0.36471948
0.36566502
0.36661547
0.36757085
0.36853126
0.36949745
0.37046793
0.37144354
0.37242430
0.37341025
0.37440142
0.37539789
0.37639967
0.37740681
0.37841937
0.37943736
0.38046166
0.38149068
0.38252530
0.38356552
0.38461143
0.38566306
0.38672128
0.38778451
0.38885358
0.38992858
0.39100951
0.39209646
0.39319035
0.39428949
0.39539477
0.39650628
0.39762408
0.39874816
0.39987952
0.40101641
0.40215981
0.38738617
0.38290381
0.37860852
0.37425581
0.36985135
0.36566803
0.36230981
0.37331942
0.39113238
0.41396472
0.41518325
0.41640896
0.41764194
0.41888225
0.42012993
0.42138508
0.42264774
0.42391801
0.42519593
0.42648157
0.42777604
0.42907736
0.43038663
0.43170390
0.43302926
0.43436277
0.43570560
0.43705571
0.43841419
0.43978113
0.44115663
0.44254076
0.44393471
0.44533637
0.44674689
0.44816637
0.44959491
0.45103261
0.45248064
0.45393687
0.45540249
0.45687762
0.45836231
0.45985669
0.46136206
0.46287611
0.46440011
0.46593419
0.46747845
0.46903419
0.47059911
0.47217450
0.47376046
0.47535583
0.47696328
0.47858292
0.48021230
0.48185280
0.48350456
0.48516768
0.48684227
0.48852983
0.49022776
0.49193755
0.49365929
0.49539313
0.49713919
0.49889901
0.50066990
0.50245345
0.50424969
0.50605887
0.50788254
0.50971788
0.51156658
0.51342875
0.51530451
0.51719397
0.51909894
0.52101642
0.52294815
0.52489418
0.52685481
0.52883017
0.53082192
0.53282720
0.53484762
0.53688347
0.53893483
0.54100198
0.54308665
0.54518580
0.54730129
0.54943150
0.55158007
0.55374557
0.55592984
0.55812967
0.56034696
0.56258190
0.56483483
0.56710583
0.56939697
0.57170486
0.57403159
0.57614970
0.57821584
0.58005297
0.58156908
0.58307403
0.58406121
0.58504599
0.58572942
0.58620203
0.58663088
0.58661735
0.58659995
0.58635265
0.58586246
0.58533263
0.58472311
0.58416283
0.58443326
0.58672953
1.24536967
1.25090945
1.25650775
1.26214743
1.26783788
1.27358902
1.27938342
1.28523076
1.29114115
1.29709673
1.30310738
1.30918372
1.31530738
1.32148850
1.32773781
1.33403659
1.34039545
1.34682536
1.35330701
1.35985124
1.36646962
1.37314224
1.37988019
1.38669550
1.39356756
1.40050805
1.40752912
1.41460979
1.42176199
1.42898679
1.43628550
1.44365919
1.45112073
1.45864785
1.46625352
1.47395110
1.48171759
1.48956633
1.49751127
1.50552869
1.51363242
1.52183688
1.53011763
1.53848898
1.54696584
1.55552304
1.56417549
1.57293856
1.58178639
1.59073436
1.59979844
1.60895193
1.61821067
1.62759149
1.63706672
1.64665282
1.65636730
1.66618156
1.67611277
1.68617904
1.69635069
1.70664597
1.71708345
1.72763264
1.73831224
1.74914193
1.76008987
1.77117586
1.78242016
1.79379010
1.80530596
1.81698930
1.82880592
1.84077740
1.85292578
1.86521614
0.32412714
0.32858464
0.33342481
0.33875039
0.35178980
0.35266939
0.35355410
0.35444254
0.35533547
0.35623291
0.35713488
0.35804147
0.35895336
0.35986918
0.36078969
0.36171493
0.36264491
0.36358047
0.36452007
0.36546457
0.36641398
0.36736831
0.36832765
0.36929277
0.37026218
0.37123671
0.37221637
0.37320122
0.37419128
0.37518662
0.37618729
0.37719330
0.37820470
0.37922153
0.38024384
0.38127252
0.38230592
0.38334498
0.38438967
0.38544008
0.38649628
0.38755909
0.38862690
0.38970065
0.39078033
0.39186600
0.39295772
0.39405644
0.39516041
0.39627060
0.39738706
0.39850980
0.39963982
0.40077534
0.40191737
0.38806349
0.38353246
0.37922314
0.37492901
0.37058440
0.36634156
0.36229727
0.35836077
0.35612386
0.36877403
0.38524738
0.41614902
0.41738048
0.41861922
0.41986436
0.42111892
0.42237997
0.42364863
0.42492491
0.42620891
0.42750174
0.42880139
0.43010896
0.43142453
0.43274817
0.43407997
0.43542105
0.43676937
0.43812606
0.43949121
0.44086489
0.44224721
0.44363931
0.44503909
0.44644773
0.44786531
0.44929191
0.45072767
0.45217374
0.45362800
0.45509163
0.45656472
0.45804739
0.45953971
0.46104300
0.46255496
0.46407685
0.46560881
0.46715087
0.46870321
0.47026715
0.47184032
0.47342402
0.47501713
0.47662228
0.47823960
0.47986665
0.48150480
0.48315415
0.48481485
0.48648703
0.48817211
0.48986754
0.49157482
0.49329400
0.49502528
0.49676874
0.49852595
0.50029421
0.50207502
0.50386858
0.50567502
0.50749445
0.50932848
0.51117432
0.51303363
0.51490647
0.51679307
0.51869351
0.52060956
0.52253824
0.52448124
0.52643877
0.52841103
0.53039801
0.53240168
0.53441888
0.53645146
0.53849953
0.54056329
0.54264462
0.54474038
0.54685235
0.54897910
0.55112410
0.55328602
0.55546665
0.55766279
0.55987638
0.56210756
0.56435668
0.56662381
0.56891108
0.57121503
0.57353771
0.57587940
0.57805812
0.58013803
0.58207303
0.58360356
0.58513641
0.58618850
0.58718240
0.58793682
0.58841687
0.58888799
0.58889383
0.58887827
0.58867764
0.58818161
0.58766121
0.58704686
0.58645695
0.58659029
0.58868933
1.24973261
1.25532031
1.26094937
1.26662898
1.27236915
1.27815235
1.28398848
1.28988743
1.29583132
1.30183041
1.30789483
1.31400621
1.32017517
1.32641208
1.33269823
1.33904421
1.34546125
1.35192966
1.35846066
1.36506546
1.37172425
1.37844837
1.38524950
1.39210713
1.39903307
1.40603936
1.41310489
1.42024183
1.42745125
1.43473423
1.44209194
1.44953728
1.45704794
1.46463680
1.47231734
1.48006666
1.48789787
1.49582493
1.50382435
1.51190960
1.52009535
1.52835715
1.53670919
1.54516637
1.55370367
1.56233585
1.57107830
1.57990515
1.58883166
1.59787405
1.60700548
1.61624181
1.62559974
1.63505173
1.64461422
1.65430462
1.66409433
1.67400050
1.68404138
1.69418728
1.70445609
1.71486676
1.72538865
1.73604047
1.74684167
1.75776088
1.76881742
1.78003168
1.79137111
1.80285585
1.81450737
1.82629168
1.83823013
1.85034478
1.86260080
1.87502027
0.31957081
0.32411063
0.32892466
0.33423495
0.34012133
0.35336670
0.35425422
0.35514617
0.35604265
0.35694367
0.35784927
0.35876018
0.35967502
0.36059454
0.36151877
0.36244777
0.36338153
0.36432087
0.36526433
0.36621270
0.36716598
0.36812425
0.36908832
0.37005666
0.37103009
0.37200868
0.37299243
0.37398139
0.37497640
0.37597513
0.37698001
0.37799025
0.37900594
0.38002709
0.38105458
0.38208681
0.38312468
0.38416818
0.38521737
0.38627231
0.38733390
0.38840050
0.38947299
0.39055139
0.39163581
0.39272624
0.39382365
0.39492634
0.39603519
0.39715034
0.39827174
0.39939949
0.40053457
0.40167519
0.38872790
0.38419139
0.37986490
0.37558007
0.37132344
0.36706075
0.36297399
0.35902575
0.35515043
0.35130447
0.35163620
0.36431193
0.38023573
0.41835654
0.41960010
0.42085308
0.42211255
0.42337957
0.42465425
0.42593661
0.42722675
0.42852575
0.42983165
0.43114552
0.43246746
0.43379751
0.43513685
0.43648341
0.43783832
0.43920168
0.44057354
0.44195402
0.44334430
0.44474220
0.44614896
0.44756463
0.44898933
0.45042315
0.45186728
0.45331955
0.45478117
0.45625228
0.45773292
0.45922318
0.46072438
0.46223426
0.46375403
0.46528384
0.46682376
0.46837392
0.46993566
0.47150660
0.47308809
0.47468019
0.47628179
0.47789550
0.47952148
0.48115727
0.48280427
0.48446256
0.48613229
0.48781490
0.48950785
0.49121261
0.49292928
0.49465799
0.49639887
0.49815342
0.49991903
0.50169718
0.50348806
0.50529176
0.50710845
0.50893968
0.51078272
0.51263911
0.51450908
0.51639277
0.51829028
0.52020329
0.52212900
0.52406895
0.52602345
0.52799249
0.52997637
0.53197682
0.53399080
0.53602010
0.53806490
0.54012537
0.54220164
0.54429561
0.54640412
0.54852742
0.55066890
0.55282718
0.55500424
0.55719668
0.55940658
0.56163406
0.56387931
0.56614262
0.56842601
0.57072604
0.57304478
0.57538241
0.57773918
0.57997924
0.58207494
0.58410722
0.58564848
0.58719599
0.58832937
0.58933640
0.59016097
0.59064466
0.59112519
0.59118611
0.59117234
0.59101921
0.59052122
0.59000641
0.58938718
0.58876920
0.58876526
0.59066033
1.25413525
1.25975347
1.26542234
1.27115154
1.27692378
1.28274858
1.28863609
1.29456854
1.30055583
1.30660832
1.31270778
1.31886435
1.32508898
1.33136249
1.33769584
1.34409988
1.35055518
1.35707283
1.36366415
1.37030923
1.37701941
1.38380647
1.39064980
1.39756119
1.40455270
1.41160321
1.41872501
1.42591894
1.43318629
1.44052804
1.44795716
1.45545149
1.46302378
1.47068739
1.47841942
1.48623312
1.49414253
1.50212383
1.51019084
1.51835787
1.52660072
1.53493357
1.54337120
1.55188859
1.56050050
1.56922233
1.57802832
1.58693361
1.59595430
1.60506368
1.61427772
1.62361288
1.63304162
1.64258063
1.65224695
1.66201222
1.67189360
1.68190908
1.69202924
1.70227194
1.71265578
1.72315049
1.73377466
1.74454761
1.75543809
1.76646531
1.77764964
1.78895867
1.80041242
1.81203222
1.82378435
1.83568978
1.84777105
1.85999286
1.87237740
1.88494790
0.31535909
0.31971946
0.32446095
0.32981324
0.33581385
0.34243363
0.35495710
0.35585260
0.35675266
0.35765728
0.35856724
0.35948110
0.36039960
0.36132285
0.36225083
0.36318359
0.36412188
0.36506432
0.36601165
0.36696389
0.36792111
0.36888331
0.36985135
0.37082371
0.37180120
0.37278384
0.37377173
0.37476560
0.37576321
0.37676695
0.37777606
0.37879059
0.37981060
0.38083690
0.38186797
0.38290462
0.38394693
0.38499492
0.38604864
0.38710901
0.38817436
0.38924557
0.39032274
0.39140588
0.39249504
0.39359114
0.39469254
0.39580008
0.39691389
0.39803395
0.39916036
0.40029407
0.40143335
0.38937160
0.38483760
0.38051778
0.37622386
0.37197214
0.36777666
0.36365917
0.35969537
0.35582772
0.35199779
0.34821537
0.34453404
0.34722027
0.36034855
0.37568787
0.39972419
0.42184544
0.42311087
0.42438394
0.42566466
0.42695314
0.42825049
0.42955470
0.43086687
0.43218711
0.43351543
0.43485197
0.43619782
0.43755096
0.43891254
0.44028258
0.44166124
0.44304854
0.44444570
0.44585058
0.44726437
0.44868717
0.45011902
0.45156008
0.45301151
0.45447114
0.45594025
0.45741886
0.45890707
0.46040621
0.46191397
0.46343166
0.46495932
0.46649712
0.46804512
0.46960464
0.47117338
0.47275260
0.47434247
0.47594178
0.47755319
0.47917682
0.48081025
0.48245487
0.48411077
0.48577806
0.48745689
0.48914871
0.49085096
0.49256510
0.49429125
0.49602953
0.49778149
0.49954444
0.50131994
0.50310808
0.50490910
0.50672299
0.50855142
0.51039165
0.51224524
0.51411235
0.51599312
0.51788765
0.51979774
0.52172041
0.52365732
0.52560872
0.52757466
0.52955544
0.53155267
0.53356344
0.53558952
0.53763098
0.53968811
0.54176104
0.54385161
0.54595667
0.54807645
0.55021441
0.55236918
0.55454081
0.55673140
0.55893755
0.56116128
0.56340283
0.56566226
0.56794178
0.57023787
0.57255262
0.57488620
0.57723892
0.57961100
0.58191127
0.58402288
0.58614606
0.58770782
0.58926815
0.59048790
0.59150040
0.59240395
0.59288937
0.59337753
0.59349626
0.59348238
0.59338146
0.59287947
0.59237242
0.59174818
0.59112328
0.59102315
0.59264457
1.25855994
1.26421809
1.26993632
1.27569747
1.28151107
1.28738725
1.29330814
1.29928374
1.30532444
1.31141186
1.31755626
1.32376850
1.33002949
1.33635008
1.34274125
1.34918344
1.35568786
1.36226571
1.36889720
1.37559342
1.38236642
1.38919544
1.39609241
1.40306914
1.41010487
1.41721141
1.42439008
1.43164170
1.43896759
1.44638062
1.45385849
1.46141422
1.46906090
1.47677577
1.48457217
1.49246383
1.50042713
1.50847590
1.51662445
1.52484834
1.53316200
1.54158008
1.55007768
1.55866945
1.56737089
1.57615590
1.58504009
1.59403920
1.60312665
1.61231840
1.62163079
1.63103652
1.64055204
1.65019441
1.65993536
1.66979206
1.67978227
1.68987679
1.70009339
1.71045053
1.72091818
1.73151469
1.74225950
1.75312126
1.76411939
1.77527404
1.78655267
1.79797554
1.80956376
1.82128382
1.83315659
1.84520435
1.85739207
1.86974192
1.88227701
1.89496112
0.31117967
0.31562582
0.32030916
0.32545581
0.33149987
0.33818725
0.34600809
0.35656187
0.35746551
0.35837448
0.35928735
0.36020491
0.36112714
0.36205411
0.36298585
0.36392313
0.36486453
0.36581081
0.36676201
0.36771816
0.36867931
0.36964628
0.37061757
0.37159398
0.37257552
0.37356228
0.37455428
0.37555155
0.37655416
0.37756211
0.37857550
0.37959433
0.38061866
0.38164937
0.38268483
0.38372594
0.38477272
0.38582525
0.38688353
0.38794848
0.38901845
0.39009434
0.39117622
0.39226410
0.39335892
0.39445901
0.39556524
0.39667770
0.39779645
0.39892152
0.40005389
0.40119177
0.39010289
0.38548684
0.38115904
0.37687066
0.37258956
0.36841607
0.36429328
0.36038283
0.35651901
0.35274348
0.34893551
0.34528589
0.34164298
0.33805686
0.34307316
0.35680130
0.37152570
0.39205414
0.42411396
0.42539304
0.42667991
0.42797557
0.42927811
0.43058860
0.43190712
0.43323371
0.43456849
0.43591261
0.43726400
0.43862376
0.43999201
0.44136885
0.44275430
0.44414961
0.44555262
0.44696450
0.44838539
0.44981533
0.45125443
0.45270389
0.45416155
0.45562863
0.45710522
0.45859140
0.46008730
0.46159416
0.46310973
0.46463528
0.46617094
0.46771675
0.46927410
0.47084060
0.47241759
0.47400519
0.47560224
0.47721136
0.47883266
0.48046374
0.48210597
0.48375949
0.48542437
0.48710075
0.48879007
0.49048981
0.49220145
0.49392503
0.49566075
0.49740869
0.49917042
0.50094324
0.50272870
0.50452697
0.50633812
0.50816381
0.51000118
0.51185197
0.51371616
0.51559407
0.51748568
0.51939279
0.52131242
0.52324635
0.52519464
0.52715755
0.52913511
0.53112918
0.53313679
0.53515959
0.53719777
0.53925157
0.54132116
0.54340833
0.54550993
0.54762793
0.54976070
0.55191189
0.55407995
0.55626684
0.55846936
0.56068933
0.56292707
0.56518275
0.56745654
0.56975055
0.57206130
0.57439095
0.57673955
0.57910752
0.58149689
0.58385813
0.58598202
0.58812141
0.58978164
0.59135497
0.59266037
0.59368032
0.59464818
0.59512931
0.59561121
0.59577864
0.59576470
0.59570885
0.59521687
0.59472567
0.59412020
0.59349823
0.59330434
0.59470183
1.26301610
1.26872349
1.27447355
1.28027594
1.28614080
1.29205024
1.29801416
1.30404294
1.31011844
1.31625080
1.32245064
1.32869923
1.33500707
1.34138536
1.34781456
1.35430574
1.36087012
1.36748791
1.37417042
1.38092935
1.38774419
1.39462662
1.40158880
1.40860951
1.41570103
1.42286432
1.43010044
1.43741059
1.44480753
1.45226908
1.45980823
1.46743810
1.47513592
1.48291492
1.49078882
1.49873424
1.50676489
1.51489484
1.52310002
1.53139448
1.53979313
1.54827106
1.55684268
1.56552362
1.57428801
1.58315110
1.59212863
1.60119438
1.61036384
1.61965358
1.62903631
1.63852835
1.64814699
1.65786374
1.66769576
1.67766082
1.68772984
1.69792032
1.70825100
1.71869159
1.72926068
1.73997748
1.75081074
1.76177967
1.77290463
1.78415310
1.79554522
1.80710208
1.81879008
1.83063030
1.84264481
1.85479867
1.86711395
1.87961364
1.89226174
1.90508127
0.30716100
0.31149605
0.31633368
0.32134944
0.32726043
0.33394337
0.34143919
0.35727397
0.35818121
0.35909384
0.36001039
0.36093161
0.36185759
0.36278832
0.36372459
0.36466494
0.36561018
0.36656034
0.36751544
0.36847556
0.36944145
0.37041166
0.37138698
0.37236741
0.37335306
0.37434396
0.37534010
0.37634158
0.37734842
0.37836066
0.37937832
0.38040149
0.38143101
0.38246530
0.38350520
0.38455078
0.38560209
0.38665915
0.38772285
0.38879159
0.38986623
0.39094684
0.39203343
0.39312610
0.39422575
0.39533067
0.39644182
0.39755923
0.39868295
0.39981395
0.40095049
0.40209350
0.38613239
0.38180491
0.37752128
0.37319338
0.36896208
0.36488771
0.36095724
0.35714135
0.35342142
0.34969711
0.34599936
0.34237766
0.33878329
0.33517522
0.33176062
0.33934712
0.35270852
0.36768323
0.38666669
0.42640698
0.42770100
0.42900187
0.43031067
0.43162748
0.43295237
0.43428543
0.43562779
0.43697739
0.43833536
0.43970183
0.44107684
0.44246048
0.44385391
0.44525504
0.44666505
0.44808403
0.44951203
0.45094919
0.45239669
0.45385239
0.45531747
0.45679203
0.45827618
0.45976999
0.46127477
0.46278825
0.46431169
0.46584520
0.46738884
0.46894276
0.47050831
0.47208306
0.47366843
0.47526318
0.47687000
0.47848901
0.48011774
0.48175761
0.48340872
0.48507118
0.48674512
0.48843196
0.49012923
0.49183831
0.49355936
0.49529251
0.49703786
0.49879694
0.50056714
0.50234991
0.50414544
0.50595385
0.50777531
0.50961137
0.51145929
0.51332062
0.51519561
0.51708430
0.51898843
0.52090508
0.52283597
0.52478123
0.52674103
0.52871549
0.53070641
0.53271079
0.53473032
0.53676528
0.53881574
0.54088199
0.54296571
0.54506397
0.54717845
0.54930776
0.55145538
0.55361986
0.55580312
0.55800194
0.56021821
0.56245214
0.56470400
0.56697392
0.56926405
0.57157087
0.57389647
0.57624108
0.57860494
0.58099014
0.58339316
0.58581614
0.58795625
0.59011203
0.59186816
0.59343886
0.59480715
0.59582055
0.59683537
0.59732407
0.59780753
0.59801638
0.59800434
0.59797823
0.59748048
0.59698552
0.59638149
0.59576666
0.59552151
0.59683138
1.26751292
1.27325201
1.27904332
1.28489673
1.29079473
1.29674709
1.30276406
1.30882764
1.31494784
1.32113540
1.32737148
1.33366680
1.34003210
1.34644842
1.35292637
1.35947740
1.36608171
1.37275040
1.37949526
1.38629591
1.39316404
1.40011144
1.40711749
1.41419387
1.42135322
1.42856252
1.43585682
1.44323778
1.45068312
1.45820570
1.46581876
1.47349966
1.48126125
1.48911774
1.49704528
1.50505769
1.51316917
1.52135563
1.52963114
1.53801036
1.54646862
1.55502033
1.56368089
1.57242453
1.58126652
1.59022272
1.59926665
1.60841393
1.61768126
1.62704110
1.63650978
1.64610469
1.65579724
1.66560471
1.67554474
1.68558824
1.69575286
1.70605707
1.71647084
1.72701240
1.73770130
1.74850619
1.75944614
1.77054167
1.78175998
1.79312146
1.80464709
1.81630325
1.82811105
1.84009230
1.85221243
1.86449325
1.87695777
1.88957012
1.90235305
1.91533065
0.30332384
0.30760634
0.31240466
0.31754300
0.32316151
0.32981446
0.33737898
0.34640673
0.35890052
0.35981607
0.36073631
0.36166129
0.36259100
0.36352551
0.36446559
0.36540979
0.36635891
0.36731297
0.36827201
0.36923683
0.37020597
0.37118018
0.37215957
0.37314412
0.37413388
0.37512892
0.37612927
0.37713495
0.37814605
0.37916255
0.38018456
0.38121289
0.38224602
0.38328472
0.38432908
0.38537917
0.38643500
0.38749748
0.38856497
0.38963836
0.39071772
0.39180303
0.39289528
0.39399275
0.39509639
0.39620623
0.39732230
0.39844468
0.39957434
0.40070951
0.40185112
0.38671374
0.38240531
0.37812194
0.37377173
0.36947826
0.36537081
0.36142409
0.35765082
0.35394919
0.35037857
0.34664822
0.34309831
0.33955297
0.33595836
0.33231121
0.32874486
0.32609376
0.33599767
0.34951857
0.36418149
0.38235027
0.42872599
0.43003309
0.43134820
0.43267140
0.43400270
0.43534330
0.43669114
0.43804735
0.43941203
0.44078520
0.44216701
0.44355860
0.44495788
0.44636601
0.44778305
0.44920915
0.45064437
0.45208991
0.45354363
0.45500669
0.45647925
0.45796138
0.45945314
0.46095586
0.46246722
0.46398854
0.46551991
0.46706140
0.46861315
0.47017649
0.47174904
0.47333214
0.47492462
0.47652915
0.47814456
0.47977224
0.48140973
0.48305845
0.48471850
0.48638999
0.48807439
0.48976916
0.49147573
0.49319425
0.49492481
0.49666756
0.49842402
0.50019157
0.50197166
0.50376451
0.50557017
0.50738883
0.50922209
0.51106721
0.51292568
0.51479781
0.51668358
0.51858324
0.52049839
0.52242631
0.52436846
0.52632517
0.52829653
0.53028429
0.53228545
0.53430176
0.53633344
0.53838062
0.54044348
0.54252386
0.54461867
0.54672974
0.54885548
0.55099958
0.55316049
0.55534011
0.55753529
0.55974782
0.56197804
0.56422609
0.56649220
0.56877840
0.57108128
0.57340288
0.57574344
0.57810318
0.58048236
0.58288312
0.58530188
0.58774078
0.58994192
0.59210443
0.59393585
0.59551555
0.59694749
0.59797221
0.59899646
0.59953511
0.60002214
0.60027105
0.60025889
0.60024470
0.59976137
0.59926260
0.59866202
0.59804052
0.59774327
0.59897625
1.27203274
1.27781296
1.28365517
1.28954160
1.29548240
1.30148768
1.30753934
1.31364751
1.31982279
1.32604647
1.33232915
1.33868170
1.34508502
1.35154986
1.35808754
1.36467826
1.37133324
1.37806416
1.38485074
1.39170444
1.39863729
1.40562856
1.41268992
1.41983402
1.42702782
1.43430650
1.44167149
1.44910061
1.45660675
1.46420312
1.47186697
1.47961140
1.48745024
1.49536002
1.50335443
1.51144755
1.51961529
1.52787173
1.53623176
1.54467034
1.55320203
1.56184232
1.57056546
1.57938647
1.58832133
1.59734356
1.60646880
1.61571360
1.62505066
1.63449621
1.64406741
1.65373588
1.66351891
1.67343402
1.68345213
1.69359088
1.70386875
1.71425569
1.72477007
1.73543119
1.74620771
1.75711894
1.76818490
1.77937341
1.79070437
1.80219877
1.81382322
1.82559872
1.83754694
1.84963346
1.86187994
1.87430954
1.88688612
1.89963257
1.91257298
1.92567015
0.29947504
0.30380324
0.30853567
0.31372333
0.31941885
0.32576790
0.33336863
0.34246987
0.35962197
0.36054122
0.36146519
0.36239389
0.36332738
0.36426646
0.36520964
0.36615771
0.36711070
0.36806870
0.36903170
0.37000051
0.37097365
0.37195191
0.37293538
0.37392405
0.37491876
0.37591717
0.37692174
0.37793168
0.37894705
0.37996787
0.38099504
0.38202697
0.38306448
0.38410765
0.38515654
0.38621116
0.38727239
0.38833866
0.38941079
0.39048886
0.39157292
0.39266300
0.39376006
0.39486238
0.39597088
0.39708564
0.39820671
0.39933500
0.40046880
0.40160906
0.38732043
0.38295323
0.37870517
0.37435260
0.36998358
0.36580855
0.36185095
0.35805443
0.35442773
0.35095331
0.34734428
0.34387180
0.34033656
0.33676940
0.33313465
0.32950979
0.32594508
0.32256359
0.32126826
0.33284312
0.34593076
0.36125466
0.37824568
0.40415585
0.43239078
0.43372035
0.43505815
0.43640530
0.43775973
0.43912259
0.44049397
0.44187394
0.44326368
0.44466108
0.44606733
0.44748250
0.44890669
0.45033994
0.45178357
0.45323527
0.45469639
0.45616692
0.45764700
0.45913672
0.46063736
0.46214664
0.46366584
0.46519506
0.46673441
0.46828398
0.46984512
0.47141543
0.47299629
0.47458780
0.47618878
0.47780314
0.47942722
0.48106235
0.48270869
0.48436633
0.48603541
0.48771733
0.48940963
0.49111369
0.49282965
0.49455765
0.49629784
0.49805167
0.49981657
0.50159401
0.50338411
0.50518709
0.50700301
0.50883347
0.51067573
0.51253140
0.51440054
0.51628345
0.51818013
0.52009237
0.52201724
0.52395636
0.52590996
0.52787822
0.52986121
0.53186077
0.53387392
0.53590232
0.53794622
0.54000574
0.54208273
0.54417413
0.54628175
0.54840404
0.55054456
0.55270189
0.55487794
0.55706942
0.55927825
0.56150472
0.56374896
0.56601125
0.56829351
0.57059246
0.57291013
0.57524663
0.57760233
0.57997733
0.58237392
0.58478844
0.58722311
0.58967805
0.59192920
0.59410834
0.59601402
0.59760886
0.59910327
0.60013950
0.60117114
0.60175848
0.60225326
0.60254067
0.60253048
0.60251826
0.60205972
0.60155720
0.60095805
0.60033381
0.59998173
0.60113865
1.27658486
1.28241587
1.28829098
1.29422021
1.30021381
1.30625355
1.31234968
1.31851268
1.32472408
1.33099425
1.33733404
1.34372437
1.35017610
1.35670042
1.36327767
1.36991906
1.37663603
1.38340855
1.39024794
1.39716625
1.40414274
1.41118920
1.41831803
1.42549646
1.43275952
1.44010854
1.44752157
1.45501125
1.46259093
1.47023785
1.47796524
1.48578656
1.49367857
1.50165498
1.50972974
1.51787889
1.52611649
1.53445721
1.54287624
1.55138814
1.56000817
1.56871068
1.57751083
1.58642447
1.59542513
1.60452843
1.61375082
1.62306511
1.63248754
1.64203513
1.65167964
1.66143823
1.67132854
1.68132138
1.69143438
1.70168614
1.71204638
1.72253358
1.73316693
1.74391520
1.75479770
1.76583445
1.77699304
1.78829360
1.79975700
1.81134999
1.82309318
1.83500862
1.84706163
1.85927403
1.87166858
1.88420963
1.89691997
1.90982330
1.92288268
1.93612182
0.29587016
0.30009100
0.30474830
0.30993780
0.31567731
0.32215786
0.32945308
0.33878845
0.35060424
0.36126933
0.36219701
0.36312950
0.36406752
0.36500967
0.36595669
0.36690867
0.36786559
0.36882752
0.36979526
0.37076733
0.37174451
0.37272686
0.37371442
0.37470722
0.37570533
0.37670875
0.37771755
0.37873176
0.37975144
0.38077745
0.38180819
0.38284451
0.38388649
0.38493416
0.38598755
0.38704756
0.38811257
0.38918346
0.39026028
0.39134306
0.39243186
0.39352763
0.39462864
0.39573586
0.39684927
0.39796898
0.39909503
0.40022838
0.40136728
0.38794848
0.38351181
0.37923929
0.37486899
0.37046483
0.36625490
0.36225304
0.35843509
0.35476822
0.35136828
0.34796283
0.34447739
0.34106106
0.33755043
0.33392334
0.33028752
0.32668146
0.32317266
0.31980735
0.31678969
0.31781512
0.32968009
0.34279832
0.35789821
0.37464020
0.39798412
0.43477443
0.43611979
0.43747246
0.43883353
0.44020310
0.44158125
0.44296807
0.44436473
0.44576907
0.44718236
0.44860461
0.45003596
0.45147762
0.45292735
0.45438647
0.45585501
0.45733306
0.45882073
0.46031931
0.46182650
0.46334359
0.46487069
0.46640790
0.46795529
0.46951422
0.47108233
0.47266096
0.47425020
0.47584888
0.47745967
0.47908267
0.48071548
0.48235944
0.48401466
0.48568133
0.48736081
0.48905060
0.49075216
0.49246562
0.49419105
0.49592865
0.49767989
0.49944213
0.50121689
0.50300431
0.50480455
0.50661772
0.50844538
0.51028484
0.51213765
0.51400399
0.51588392
0.51777768
0.51968694
0.52160877
0.52354491
0.52549541
0.52746058
0.52944046
0.53143680
0.53344673
0.53547192
0.53751248
0.53956866
0.54164070
0.54373032
0.54583448
0.54795331
0.55009031
0.55224407
0.55441648
0.55660433
0.55880946
0.56103218
0.56327266
0.56553108
0.56780952
0.57010454
0.57241821
0.57475072
0.57710230
0.57947326
0.58186561
0.58427596
0.58670628
0.58915699
0.59162819
0.59393191
0.59612381
0.59810680
0.59971488
0.60127473
0.60232049
0.60336173
0.60400051
0.60450101
0.60482758
0.60481936
0.60480702
0.60437781
0.60386938
0.60327381
0.60264266
0.60223693
0.60331470
1.28117907
1.28704286
1.29296052
1.29894245
1.30497026
1.31105447
1.31720531
1.32340431
1.32966197
1.33598900
1.34236658
1.34880519
1.35531628
1.36188006
1.36850774
1.37521088
1.38196933
1.38879442
1.39569831
1.40266001
1.40969157
1.41680539
1.42396843
1.43121576
1.43854892
1.44594586
1.45341933
1.46098244
1.46861243
1.47632265
1.48412657
1.49200094
1.49995935
1.50801587
1.51614642
1.52436519
1.53268671
1.54108632
1.54957843
1.55817831
1.56686032
1.57563972
1.58453214
1.59351122
1.60259271
1.61179280
1.62108445
1.63048375
1.64000785
1.64962852
1.65936279
1.66922832
1.67919600
1.68928337
1.69950902
1.70984268
1.72030282
1.73090851
1.74162877
1.75248265
1.76349020
1.77461910
1.78588939
1.79732192
1.80888343
1.82059455
1.83247721
1.84449685
1.85667527
1.86903512
1.88154089
1.89421499
1.90708148
1.92010319
1.93330407
1.94670892
0.29225597
0.29654887
0.30110523
0.30623358
0.31189340
0.31847131
0.32584903
0.33515817
0.34691644
0.36200035
0.36293182
0.36386883
0.36480993
0.36575595
0.36670685
0.36766273
0.36862358
0.36959025
0.37056124
0.37153736
0.37251860
0.37350506
0.37449676
0.37549371
0.37649602
0.37750366
0.37851673
0.37953526
0.38056007
0.38158965
0.38262478
0.38366556
0.38471201
0.38576418
0.38682297
0.38788676
0.38895640
0.39003196
0.39111346
0.39220101
0.39329547
0.39439520
0.39550108
0.39661318
0.39773157
0.39885628
0.39998826
0.40112576
0.38861758
0.38409358
0.37975955
0.37537178
0.37096283
0.36667588
0.36266264
0.35881948
0.35513768
0.35163411
0.34830257
0.34496605
0.34166661
0.33823159
0.33471826
0.33105844
0.32738683
0.32376164
0.32023484
0.31700689
0.31396681
0.31112799
0.31466278
0.32670185
0.33985898
0.35463390
0.37129864
0.39322856
0.43718559
0.43854487
0.43991265
0.44128898
0.44267502
0.44406873
0.44547123
0.44688261
0.44830295
0.44973236
0.45117205
0.45261985
0.45407698
0.45554352
0.45701954
0.45850518
0.46000168
0.46150678
0.46302179
0.46454677
0.46608183
0.46762705
0.46918380
0.47074971
0.47232610
0.47391307
0.47550949
0.47711796
0.47873867
0.48036909
0.48201069
0.48366353
0.48532775
0.48700345
0.48869210
0.49039119
0.49210209
0.49382499
0.49556002
0.49730864
0.49906826
0.50084037
0.50262511
0.50442261
0.50623304
0.50805789
0.50989455
0.51174456
0.51360798
0.51548505
0.51737589
0.51928216
0.52120101
0.52313405
0.52508157
0.52704358
0.52902031
0.53101355
0.53302026
0.53504217
0.53707945
0.53913236
0.54120100
0.54328722
0.54538792
0.54750496
0.54963678
0.55178696
0.55395579
0.55614001
0.55834150
0.56056046
0.56279713
0.56505179
0.56732631
0.56961745
0.57192713
0.57425565
0.57660317
0.57897002
0.58135825
0.58376431
0.58619040
0.58863676
0.59110361
0.59359121
0.59594619
0.59815508
0.60021436
0.60183579
0.60345989
0.60451537
0.60556829
0.60625720
0.60676557
0.60713190
0.60712361
0.60711324
0.60671180
0.60619938
0.60560542
0.60496938
0.60450715
0.60550654
1.28579700
1.29170334
1.29767346
1.30368960
1.30976176
1.31590044
1.32208717
1.32833230
1.33464670
1.34101140
1.34743702
1.35393488
1.36048532
1.36709940
1.37378871
1.38053310
1.38734400
1.39423335
1.40118051
1.40819728
1.41529584
1.42244363
1.42967546
1.43699276
1.44437373
1.45183086
1.45937729
1.46699059
1.47468376
1.48247027
1.49032700
1.49826753
1.50630581
1.51441801
1.52261794
1.53092039
1.53930056
1.54777288
1.55635273
1.56501436
1.57377303
1.58264434
1.59160197
1.60066164
1.60983944
1.61910856
1.62848496
1.63798559
1.64758253
1.65729260
1.66713345
1.67707598
1.68713796
1.69733739
1.70764470
1.71807778
1.72865605
1.73934841
1.75017381
1.76115215
1.77225149
1.78349173
1.79489338
1.80642354
1.81810284
1.82995284
1.84193933
1.85408378
1.86640918
1.87887955
1.89151776
1.90434754
1.91733181
1.93049443
1.94386029
1.95739090
0.28874680
0.29301417
0.29752883
0.30265391
0.30830535
0.31480971
0.32254547
0.33155051
0.34413040
0.36273435
0.36367032
0.36461043
0.36555538
0.36650527
0.36746007
0.36841989
0.36938548
0.37035540
0.37133041
0.37231058
0.37329590
0.37428650
0.37528235
0.37628350
0.37729004
0.37830195
0.37931931
0.38034296
0.38137135
0.38240531
0.38344491
0.38449013
0.38554111
0.38659868
0.38766122
0.38872960
0.38980389
0.39088416
0.39197043
0.39306360
0.39416203
0.39526659
0.39637738
0.39749444
0.39861777
0.39974841
0.40088457
0.38922346
0.38469872
0.38032103
0.37590528
0.37144974
0.36712435
0.36307764
0.35920832
0.35549799
0.35195604
0.34885004
0.34526178
0.34202176
0.33877426
0.33537096
0.33179152
0.32806444
0.32434624
0.32079291
0.31733695
0.31412971
0.31106982
0.30804017
0.30710217
0.31261644
0.32391128
0.33667642
0.35128853
0.36866328
0.38913411
0.43962255
0.44099706
0.44238019
0.44377312
0.44517377
0.44658324
0.44800171
0.44942918
0.45086694
0.45231277
0.45376793
0.45523244
0.45670646
0.45819005
0.45968452
0.46118754
0.46270043
0.46422330
0.46575621
0.46729928
0.46885383
0.47041753
0.47199169
0.47357643
0.47517058
0.47677675
0.47839513
0.48002324
0.48166245
0.48331290
0.48497468
0.48664796
0.48833415
0.49003074
0.49173912
0.49345949
0.49519190
0.49693656
0.49869493
0.50046438
0.50224644
0.50404125
0.50584888
0.50767106
0.50950485
0.51135200
0.51321262
0.51508677
0.51697469
0.51887798
0.52079386
0.52272391
0.52466834
0.52662724
0.52860087
0.53059089
0.53259438
0.53461307
0.53664714
0.53869671
0.54076201
0.54284483
0.54494214
0.54705572
0.54918402
0.55133069
0.55349588
0.55567646
0.55787426
0.56008953
0.56232244
0.56457323
0.56684393
0.56913120
0.57143694
0.57376140
0.57610494
0.57846767
0.58085173
0.58325362
0.58567548
0.58811748
0.59057999
0.59306318
0.59556937
0.59797221
0.60019815
0.60233682
0.60396975
0.60560954
0.60672629
0.60778904
0.60853082
0.60904300
0.60945380
0.60944545
0.60943919
0.60906386
0.60854745
0.60795718
0.60731626
0.60680485
0.60771430
1.29044843
1.29640710
1.30241144
1.30847168
1.31459820
1.32077265
1.32700539
1.33330715
1.33965898
1.34607172
1.35255635
1.35909331
1.36569381
1.37236941
1.37909985
1.38589656
1.39277160
1.39970410
1.40670598
1.41378951
1.42093337
1.42813838
1.43543994
1.44280493
1.45024586
1.45777583
1.46537232
1.47304845
1.48081768
1.48865688
1.49657953
1.50459969
1.51269341
1.52087462
1.52915800
1.53751886
1.54597163
1.55453134
1.56317282
1.57191074
1.58076096
1.58969724
1.59873509
1.60789096
1.61713743
1.62649095
1.63596833
1.64554155
1.65522754
1.66504383
1.67496145
1.68499780
1.69517148
1.70545232
1.71585858
1.72640944
1.73707390
1.74787092
1.75882030
1.76989019
1.78110039
1.79247153
1.80397046
1.81561780
1.82743537
1.83938885
1.85149956
1.86379051
1.87622583
1.88882828
1.90162134
1.91456842
1.92769301
1.94101989
1.95451093
1.96819079
0.28533238
0.28944454
0.29412484
0.29919314
0.30479056
0.31128523
0.31901240
0.32788858
0.34107542
0.36347207
0.36441112
0.36535504
0.36630389
0.36725765
0.36821640
0.36918095
0.37014976
0.37112370
0.37210277
0.37308702
0.37407649
0.37507123
0.37607124
0.37707663
0.37808740
0.37910360
0.38012528
0.38115332
0.38218608
0.38322449
0.38426852
0.38531828
0.38637462
0.38743591
0.38850307
0.38957611
0.39065510
0.39174008
0.39283198
0.39392912
0.39503238
0.39614186
0.39725757
0.39837959
0.39950886
0.40064365
0.38984573
0.38530493
0.38094285
0.37646893
0.37196359
0.36758605
0.36349136
0.35959148
0.35584193
0.35226250
0.34891635
0.34568489
0.34230325
0.33910081
0.33586770
0.33240181
0.32868657
0.32495970
0.32126305
0.31774536
0.31443492
0.31126672
0.30817777
0.30766004
0.30596146
0.30824021
0.31138706
0.32139355
0.33387446
0.34866896
0.36493483
0.38552022
0.44208685
0.44347793
0.44487670
0.44628429
0.44770086
0.44912642
0.45056111
0.45200610
0.45345926
0.45492181
0.45639381
0.45787537
0.45936775
0.46086872
0.46237952
0.46390027
0.46543103
0.46697196
0.46852434
0.47008583
0.47165778
0.47324026
0.47483340
0.47643602
0.47805208
0.47967786
0.48131469
0.48296276
0.48462215
0.48629299
0.48797673
0.48967081
0.49137670
0.49309450
0.49482438
0.49656641
0.49832216
0.50008899
0.50186837
0.50366044
0.50546539
0.50728327
0.50911582
0.51096010
0.51281786
0.51468909
0.51657408
0.51847446
0.52038735
0.52231437
0.52425575
0.52621156
0.52818209
0.53016895
0.53216928
0.53418475
0.53621548
0.53826177
0.54032373
0.54240322
0.54449707
0.54660720
0.54873198
0.55087513
0.55303502
0.55521369
0.55740780
0.55961937
0.56184852
0.56409556
0.56636238
0.56864572
0.57094753
0.57326806
0.57560754
0.57796615
0.58034611
0.58274382
0.58516139
0.58759916
0.59005731
0.59253609
0.59503776
0.59755868
0.60001409
0.60225528
0.60447431
0.60611886
0.60777241
0.60895342
0.61002398
0.61081105
0.61131871
0.61176413
0.61175990
0.61175573
0.61142159
0.61091381
0.61032516
0.60967922
0.60915136
0.60993832
1.29514313
1.30113566
1.30718398
1.31329858
1.31946075
1.32568109
1.33197021
1.33830929
1.34470904
1.35118055
1.35770428
1.36429119
1.37095308
1.37766957
1.38445222
1.39131284
1.39823079
1.40521789
1.41228640
1.41941512
1.42660463
1.43389058
1.44123960
1.44866431
1.45617783
1.46375763
1.47141671
1.47916877
1.48699045
1.49489534
1.50289738
1.51097274
1.51913536
1.52739978
1.53574133
1.54417455
1.55271435
1.56133544
1.57005286
1.57888210
1.58779716
1.59681332
1.60594702
1.61517119
1.62450194
1.63395607
1.64350569
1.65318298
1.66295934
1.67285204
1.68287909
1.69301093
1.70326555
1.71366155
1.72416866
1.73480535
1.74557412
1.75649464
1.76753521
1.77871549
1.79005599
1.80152392
1.81313968
1.82492483
1.83684540
1.84892261
1.86117911
1.87357950
1.88616633
1.89890301
1.91181302
1.92489970
1.93818784
1.95163941
1.96527886
1.97913241
0.28031775
0.28600353
0.29069811
0.29585934
0.30142799
0.30787447
0.31567785
0.32401505
0.33814421
0.36421204
0.36515492
0.36610273
0.36705545
0.36801314
0.36897662
0.36994436
0.37091720
0.37189519
0.37287834
0.37386671
0.37486112
0.37585923
0.37686348
0.37787309
0.37888816
0.37990868
0.38093552
0.38196713
0.38300431
0.38404715
0.38509572
0.38614997
0.38721091
0.38827682
0.38934860
0.39042634
0.39151004
0.39260066
0.39369649
0.39479846
0.39590660
0.39702100
0.39814168
0.39926961
0.40040302
0.40154290
0.38587794
0.38154957
0.37705907
0.37247261
0.36805728
0.36389410
0.35997543
0.35619584
0.35256881
0.34919974
0.34588841
0.34260499
0.33938140
0.33617282
0.33283004
0.32924104
0.32549033
0.32174385
0.31819066
0.31482920
0.31163785
0.30855438
0.30765259
0.30754840
0.30538982
0.30755317
0.30968329
0.31205523
0.31960925
0.33117548
0.34562919
0.36163116
0.38186878
0.44458002
0.44598576
0.44740039
0.44882405
0.45025679
0.45169985
0.45315105
0.45461160
0.45608160
0.45756111
0.45905027
0.46055034
0.46205905
0.46357769
0.46510634
0.46664509
0.46819529
0.46975461
0.47132432
0.47290456
0.47449544
0.47609580
0.47770953
0.47933295
0.48096746
0.48261315
0.48427013
0.48593852
0.48761982
0.48931140
0.49101478
0.49273008
0.49445736
0.49619684
0.49794996
0.49971414
0.50149083
0.50328022
0.50508243
0.50689757
0.50872731
0.51056880
0.51242369
0.51429206
0.51617414
0.51807004
0.51998144
0.52190548
0.52384382
0.52579659
0.52776396
0.52974772
0.53174484
0.53375703
0.53578454
0.53782755
0.53988618
0.54196227
0.54405272
0.54615939
0.54828072
0.55042028
0.55257666
0.55475169
0.55694216
0.55915004
0.56137544
0.56361866
0.56587988
0.56816113
0.57045901
0.57277554
0.57511097
0.57746553
0.57984132
0.58223486
0.58464825
0.58708173
0.58953553
0.59200990
0.59450716
0.59702355
0.59956133
0.60206991
0.60432655
0.60660017
0.60827297
0.60992575
0.61114448
0.61221015
0.61302614
0.61353749
0.61400092
0.61399883
0.61399460
0.61366862
0.61316341
0.61259574
0.61196816
0.61144888
0.61216384
1.29986250
1.30589902
1.31200147
1.31815147
1.32435942
1.33063602
1.33696234
1.34334922
1.34980750
1.35631800
1.36289155
1.36953962
1.37624228
1.38301086
1.38985717
1.39676058
1.40373302
1.41078651
1.41790009
1.42507422
1.43234444
1.43967760
1.44708610
1.45458329
1.46214640
1.46978867
1.47752357
1.48532784
1.49321496
1.50119901
1.50925612
1.51740015
1.52564561
1.53396797
1.54238153
1.55090153
1.55950248
1.56819940
1.57700777
1.58590150
1.59489620
1.60400784
1.61320972
1.62253249
1.63194871
1.64147484
1.65112817
1.66088021
1.67074811
1.68074977
1.69085598
1.70108438
1.71145380
1.72193372
1.73254275
1.74328327
1.75417519
1.76518655
1.77633691
1.78764713
1.79908407
1.81066823
1.82242119
1.83430886
1.84635270
1.85857511
1.87094069
1.88347197
1.89619243
1.90906549
1.92213511
1.93536401
1.94877625
1.96239734
1.97618818
1.99017417
0.28066957
0.28145242
0.28730717
0.29252493
0.29819524
0.30456319
0.31229886
0.32092014
0.33622298
0.36495504
0.36590180
0.36685348
0.36781010
0.36877251
0.36973920
0.37071097
0.37168786
0.37266991
0.37365717
0.37465045
0.37564746
0.37665057
0.37765905
0.37867296
0.37969232
0.38071799
0.38174841
0.38278440
0.38382605
0.38487339
0.38592646
0.38698614
0.38805079
0.38912135
0.39019781
0.39128026
0.39236873
0.39346412
0.39456481
0.39567164
0.39678469
0.39790404
0.39903063
0.40016270
0.40130121
0.38640818
0.38200974
0.37765104
0.37304324
0.36856025
0.36433429
0.36034125
0.35655114
0.35289872
0.34952682
0.34618440
0.34284717
0.33964366
0.33647403
0.33318764
0.32969838
0.32599702
0.32224301
0.31864578
0.31526691
0.31207219
0.30905798
0.30754733
0.30749953
0.30328405
0.30488297
0.30676609
0.30882311
0.31114811
0.31335884
0.31800762
0.32873756
0.34234935
0.35856289
0.37870035
0.44710037
0.44852209
0.44995290
0.45139402
0.45284325
0.45430180
0.45576981
0.45724729
0.45873442
0.46023241
0.46173903
0.46325555
0.46478209
0.46631870
0.46786550
0.46942383
0.47099134
0.47256935
0.47415799
0.47575605
0.47736749
0.47898859
0.48062071
0.48226404
0.48391861
0.48558459
0.48726341
0.48895255
0.49065343
0.49236616
0.49409091
0.49582779
0.49757832
0.49933985
0.50111389
0.50290060
0.50470006
0.50651246
0.50833941
0.51017809
0.51203012
0.51389563
0.51577479
0.51766777
0.51957619
0.52149725
0.52343249
0.52538222
0.52734649
0.52932549
0.53132105
0.53333008
0.53535432
0.53739405
0.53944933
0.54152203
0.54360908
0.54571229
0.54783183
0.54996622
0.55211902
0.55429047
0.55647731
0.55868143
0.56090313
0.56314260
0.56539994
0.56767732
0.56997126
0.57228386
0.57461530
0.57696575
0.57933557
0.58172685
0.58413595
0.58656520
0.58901465
0.59148467
0.59397751
0.59648937
0.59902263
0.60157752
0.60413986
0.60640591
0.60868686
0.61041307
0.61207545
0.61333662
0.61440998
0.61525518
0.61577237
0.61625421
0.61625421
0.61624992
0.61593217
0.61542326
0.61485356
0.61422127
0.61369187
0.61439723
1.30461645
1.31070685
1.31684470
1.32304037
1.32930446
1.33561814
1.34199214
1.34843743
1.35493457
1.36149466
1.36812913
1.37481785
1.38157237
1.38840449
1.39529347
1.40225124
1.40928984
1.41638815
1.42354703
1.43080163
1.43811893
1.44551146
1.45299220
1.46053886
1.46816432
1.47588193
1.48366880
1.49153841
1.49950445
1.50754333
1.51566875
1.52389538
1.53219855
1.54059279
1.54909289
1.55767381
1.56635022
1.57513785
1.58401048
1.59299779
1.60207343
1.61125302
1.62055314
1.62994623
1.63944900
1.64907837
1.65880620
1.66864932
1.67862594
1.68870652
1.69890881
1.70925164
1.71970451
1.73028600
1.74099851
1.75186181
1.76284397
1.77398241
1.78524458
1.79665077
1.80822194
1.81992447
1.83177948
1.84380913
1.85597837
1.86830938
1.88082516
1.89348960
1.90632582
1.91935790
1.93254840
1.94592154
1.95950258
1.97325265
1.98719704
2.00133991
0.28133765
0.28193831
0.28272918
0.28915209
0.29494065
0.30151069
0.30919111
0.31814003
0.33472016
0.36570108
0.36665171
0.36760730
0.36856788
0.36953425
0.37050495
0.37148073
0.37246171
0.37344787
0.37443924
0.37543589
0.37643787
0.37744522
0.37845799
0.37947619
0.38050070
0.38152993
0.38256475
0.38360521
0.38465133
0.38570318
0.38676164
0.38782507
0.38889435
0.38996959
0.39105076
0.39213794
0.39323205
0.39433143
0.39543694
0.39654869
0.39766669
0.39879104
0.39992264
0.40105981
0.40220344
0.38248172
0.37814605
0.37363362
0.36909521
0.36479723
0.36073560
0.35689929
0.35322857
0.34983388
0.34641683
0.34315452
0.33989856
0.33673310
0.33354226
0.33011112
0.32643464
0.32276306
0.31910217
0.31570587
0.31253135
0.30954921
0.30746606
0.30741510
0.30749634
0.30267912
0.30439341
0.30621305
0.30811003
0.31032199
0.31247374
0.31469005
0.31713170
0.32650709
0.33951670
0.35558674
0.37432349
0.44964942
0.45108861
0.45253587
0.45399243
0.45545843
0.45693392
0.45841897
0.45991492
0.46141946
0.46293390
0.46445829
0.46599275
0.46753737
0.46909353
0.47065884
0.47223461
0.47382098
0.47541678
0.47702464
0.47864470
0.48027450
0.48191541
0.48356763
0.48523116
0.48690754
0.48859420
0.49029258
0.49200282
0.49372500
0.49545932
0.49720722
0.49896613
0.50073749
0.50252151
0.50431830
0.50612795
0.50795209
0.50978798
0.51163715
0.51349980
0.51537609
0.51726615
0.51917160
0.52108961
0.52302188
0.52496850
0.52692968
0.52890557
0.53089792
0.53290373
0.53492475
0.53696120
0.53901315
0.54108089
0.54316622
0.54526597
0.54738206
0.54951292
0.55166215
0.55382997
0.55601317
0.55821365
0.56043160
0.56266731
0.56492084
0.56719434
0.56948441
0.57179302
0.57412046
0.57646686
0.57883257
0.58121967
0.58362460
0.58604956
0.58849472
0.59096038
0.59344679
0.59595621
0.59848487
0.60103518
0.60360724
0.60620141
0.60849130
0.61079013
0.61256623
0.61424035
0.61554241
0.61662561
0.61749840
0.61802363
0.61852616
0.61852616
0.61852401
0.61821252
0.61769980
0.61712587
0.61649108
0.61595351
0.61664486
1.30941486
1.31554067
1.32172394
1.32797551
1.33427656
1.34063768
1.34706998
1.35355389
1.36010063
1.36672151
1.37339652
1.38013697
1.38695490
1.39382946
1.40077257
1.40779626
1.41487956
1.42203450
1.42926216
1.43656373
1.44394016
1.45140469
1.45893478
1.46654344
1.47424400
1.48201358
1.48986554
1.49781370
1.50583434
1.51394141
1.52214921
1.53043330
1.53880811
1.54728854
1.55584943
1.56451917
1.57327223
1.58212388
1.59108984
1.60014355
1.60930097
1.61857855
1.62794876
1.63742816
1.64703369
1.65673733
1.66655588
1.67650735
1.68656242
1.69673884
1.70705509
1.71748102
1.72803509
1.73873675
1.74955451
1.76050770
1.77161658
1.78284860
1.79422402
1.80576384
1.81743455
1.82925701
1.84125340
1.85338891
1.86568534
1.87816584
1.89079452
1.90359402
1.91658866
1.92974102
1.94307518
1.95661640
1.97032583
1.98422873
1.99835169
2.01265430
0.28802916
0.28258061
0.28320056
0.28411049
0.29185537
0.29847124
0.30602667
0.31543285
0.33357227
0.36645016
0.36740470
0.36836421
0.36932954
0.37029916
0.37127388
0.37225372
0.37323877
0.37422904
0.37522459
0.37622544
0.37723166
0.37824327
0.37926030
0.38028285
0.38131171
0.38234535
0.38338462
0.38442951
0.38548017
0.38653737
0.38759959
0.38866764
0.38974160
0.39082152
0.39190742
0.39300025
0.39409831
0.39520252
0.39631295
0.39742965
0.39855263
0.39968288
0.40081868
0.40196094
0.40310970
0.37890995
0.37420389
0.36970770
0.36531156
0.36119455
0.35725674
0.35357377
0.35009602
0.34669346
0.34335640
0.34018371
0.33697978
0.33386445
0.33050522
0.32686141
0.32317090
0.31956506
0.31612411
0.31295887
0.31005821
0.30756646
0.30732962
0.30741349
0.30096114
0.30224484
0.30393550
0.30572864
0.30756965
0.30958849
0.31170771
0.31387216
0.31605116
0.31822878
0.32408348
0.33711061
0.35245779
0.37110668
0.45222890
0.45368350
0.45514748
0.45662093
0.45810398
0.45959786
0.46110034
0.46261266
0.46413493
0.46566725
0.46720973
0.46876371
0.47032681
0.47190034
0.47348446
0.47507799
0.47668356
0.47830129
0.47992873
0.48156732
0.48321712
0.48487824
0.48655087
0.48823637
0.48993227
0.49163997
0.49335966
0.49509138
0.49683669
0.49859297
0.50036168
0.50214303
0.50393707
0.50574398
0.50756538
0.50939846
0.51124483
0.51310462
0.51497799
0.51686507
0.51876760
0.52068263
0.52261186
0.52455544
0.52651352
0.52848631
0.53047550
0.53247809
0.53449589
0.53652906
0.53857774
0.54064214
0.54272401
0.54482037
0.54693300
0.54906034
0.55120605
0.55336857
0.55554986
0.55774665
0.55996090
0.56219280
0.56444257
0.56671220
0.56899834
0.57130301
0.57362646
0.57596886
0.57833046
0.58071339
0.58311415
0.58553481
0.58797568
0.59043700
0.59291899
0.59542394
0.59794813
0.60049379
0.60306126
0.60565072
0.60826254
0.61059105
0.61290580
0.61473250
0.61642277
0.61776197
0.61885732
0.61975801
0.62029141
0.62081277
0.62081498
0.62081277
0.62050980
0.61999327
0.61941725
0.61877561
0.61823183
0.61891115
1.31423914
1.32041991
1.32664931
1.33293772
1.33929610
1.34570527
1.35217619
1.35870945
1.36531675
1.37197804
1.37870455
1.38550830
1.39236844
1.39929700
1.40630591
1.41337419
1.42052519
1.42772603
1.43501186
1.44238400
1.44982064
1.45733416
1.46493816
1.47260976
1.48036206
1.48820889
1.49612677
1.50412929
1.51221788
1.52040696
1.52867210
1.53702760
1.54548836
1.55402923
1.56267869
1.57141113
1.58024180
1.58918631
1.59821844
1.60735369
1.61660874
1.62595606
1.63541222
1.64499414
1.65467370
1.66446769
1.67439413
1.68442380
1.69457436
1.70486426
1.71526337
1.72579014
1.73646379
1.74725330
1.75817752
1.76925695
1.78045905
1.79180384
1.80331254
1.81495142
1.82674146
1.83870482
1.85080659
1.86306870
1.87551415
1.88810694
1.90087008
1.91382742
1.92694175
1.94023705
1.95373857
1.96740758
1.98126924
1.99534988
2.00960946
2.02407432
0.28862557
0.28389433
0.28383008
0.28447282
0.28571066
0.29540664
0.30276561
0.31265378
0.33657327
0.36720234
0.36816081
0.36912504
0.37009358
0.37106723
0.37204599
0.37302995
0.37401912
0.37501353
0.37601325
0.37701833
0.37802878
0.37904468
0.38006604
0.38109374
0.38212621
0.38316426
0.38420796
0.38525739
0.38631257
0.38737437
0.38844118
0.38951388
0.39059255
0.39167717
0.39276871
0.39386550
0.39496839
0.39607751
0.39719287
0.39831451
0.39944342
0.40057784
0.40171871
0.40286613
0.40402010
0.40518069
0.37035695
0.36592737
0.36168626
0.35769755
0.35393652
0.35040545
0.34703818
0.34365404
0.34045568
0.33727926
0.33417219
0.33087814
0.32728329
0.32357153
0.32004425
0.31654125
0.31337318
0.31047842
0.30791762
0.30722407
0.30732062
0.30741349
0.30018663
0.30182922
0.30352452
0.30529240
0.30710748
0.30896729
0.31097201
0.31310365
0.31526023
0.31743371
0.31962359
0.32237491
0.33379996
0.34911549
0.36765057
0.45483696
0.45630839
0.45778942
0.45928004
0.46078163
0.46229187
0.46381202
0.46534222
0.46688256
0.46843433
0.46999523
0.47156656
0.47314844
0.47474095
0.47634295
0.47795838
0.47958350
0.48121971
0.48286712
0.48452586
0.48619601
0.48787910
0.48957250
0.49127769
0.49299482
0.49472398
0.49646533
0.49822035
0.49998644
0.50176507
0.50355643
0.50536060
0.50717920
0.50900954
0.51085305
0.51270998
0.51458049
0.51646471
0.51836425
0.52027631
0.52220249
0.52414304
0.52609807
0.52806771
0.53005373
0.53205317
0.53406775
0.53609759
0.53814298
0.54020405
0.54228258
0.54437554
0.54648465
0.54860854
0.55075067
0.55290961
0.55508727
0.55728042
0.55949098
0.56171912
0.56396508
0.56622910
0.56851315
0.57081389
0.57313329
0.57547170
0.57782918
0.58020800
0.58260459
0.58502102
0.58745760
0.58991456
0.59239215
0.59489262
0.59741229
0.59995341
0.60251623
0.60510099
0.60770810
0.61033982
0.61270541
0.61503625
0.61691415
0.61861861
0.61999762
0.62110305
0.62203640
0.62257159
0.62310332
0.62311858
0.62311858
0.62282205
0.62230384
0.62172568
0.62107706
0.62052715
0.62119412
1.31910872
1.32532573
1.33160162
1.33794725
1.34434342
1.35080111
1.35732114
1.36391497
1.37056243
1.37727511
1.38406467
1.39091063
1.39783549
1.40481865
1.41187203
1.41900778
1.42619324
1.43346334
1.44081962
1.44823992
1.45573711
1.46332443
1.47097898
1.47871411
1.48654342
1.49444354
1.50242805
1.51051116
1.51866877
1.52691507
1.53526449
1.54369247
1.55221331
1.56084263
1.56955445
1.57836413
1.58728743
1.59629786
1.60541117
1.61464381
1.62396836
1.63340127
1.64295959
1.65261507
1.66238475
1.67228627
1.68229067
1.69241536
1.70267904
1.71305144
1.72355092
1.73419690
1.74495804
1.75585365
1.76690364
1.77807581
1.78939021
1.80086780
1.81247497
1.82423294
1.83616328
1.84823143
1.86045933
1.87286985
1.88542712
1.89815378
1.91107404
1.92415059
1.93740737
1.95086932
1.96449804
1.97831857
1.99235725
2.00657392
2.02099490
2.03564811
0.28921831
0.28992018
0.28475678
0.28508422
0.28577900
0.29244706
0.29944733
0.31017599
0.36700019
0.36795759
0.36892003
0.36988825
0.37086082
0.37183848
0.37282133
0.37380940
0.37480348
0.37580130
0.37680525
0.37781456
0.37882930
0.37984949
0.38087603
0.38190728
0.38294417
0.38398668
0.38503489
0.38608885
0.38714942
0.38821498
0.38928643
0.39036381
0.39144719
0.39253658
0.39363292
0.39473453
0.39584234
0.39695635
0.39807668
0.39920422
0.40033728
0.40147680
0.40262282
0.40377539
0.40493459
0.40610138
0.36665398
0.36231422
0.35827062
0.35439244
0.35075000
0.34721893
0.34396282
0.34074375
0.33757347
0.33445412
0.33124140
0.32769662
0.32401210
0.32048851
0.31697810
0.31375653
0.31084764
0.30828398
0.30713025
0.30722407
0.30732805
0.30743209
0.29978925
0.30143359
0.30312240
0.30486572
0.30668470
0.30850518
0.31042209
0.31240410
0.31450212
0.31665161
0.31880271
0.32102433
0.32341397
0.33092797
0.34586757
0.36438501
0.45747527
0.45896387
0.46046337
0.46197152
0.46348956
0.46501765
0.46655580
0.46810418
0.46966413
0.47123325
0.47281286
0.47440314
0.47600284
0.47761595
0.47923875
0.48087260
0.48251766
0.48417398
0.48584172
0.48752230
0.48921323
0.49091592
0.49263051
0.49435714
0.49609590
0.49784830
0.49961174
0.50138772
0.50317639
0.50497782
0.50679225
0.50862116
0.51046193
0.51231599
0.51418364
0.51606488
0.51796001
0.51987058
0.52179378
0.52373129
0.52568322
0.52764976
0.52963108
0.53162891
0.53364027
0.53566688
0.53770894
0.53976667
0.54184186
0.54393137
0.54603708
0.54815745
0.55029607
0.55245143
0.55462551
0.55681497
0.55902183
0.56124622
0.56348842
0.56574857
0.56802875
0.57032555
0.57264102
0.57497537
0.57732880
0.57970160
0.58209586
0.58450812
0.58694041
0.58939302
0.59186620
0.59436226
0.59687740
0.59941399
0.60197216
0.60455233
0.60715467
0.60978156
0.61242926
0.61483443
0.61718154
0.61911130
0.62083012
0.62225163
0.62336302
0.62432939
0.62487072
0.62540859
0.62543935
0.62544155
0.62515384
0.62462950
0.62404919
0.62339795
0.62283951
0.62349838
1.32400477
1.33026803
1.33660102
1.34298432
1.34942889
1.35594606
1.36251593
1.36914980
1.37585926
1.38262403
1.38945568
1.39636612
1.40333462
1.41037297
1.41749358
1.42466366
1.43191814
1.43925846
1.44666278
1.45414364
1.46171427
1.46935189
1.47706985
1.48488176
1.49276423
1.50073075
1.50879550
1.51693463
1.52516186
1.53349221
1.54190063
1.55040169
1.55901074
1.56770217
1.57649100
1.58539307
1.59438193
1.60347331
1.61268353
1.62198544
1.63139534
1.64093006
1.65056169
1.66030693
1.67018378
1.68016279
1.69026196
1.70049942
1.71084511
1.72131753
1.73193586
1.74266887
1.75353575
1.76455653
1.77569902
1.78698313
1.79842961
1.81000543
1.82173109
1.83362865
1.84566355
1.85785735
1.87023306
1.88275480
1.89544535
1.90832865
1.92136753
1.93458581
1.94800854
1.96159720
1.97537673
1.98937345
2.00354743
2.01792479
2.03253341
2.04733133
0.28981209
0.29051450
0.29122078
0.28581893
0.28634632
0.28720844
0.29642245
0.30772758
0.36775464
0.36871675
0.36968315
0.37065461
0.37163121
0.37261295
0.37359992
0.37459290
0.37558958
0.37659240
0.37760055
0.37861416
0.37963319
0.38065857
0.38168865
0.38272431
0.38376564
0.38481265
0.38586539
0.38692471
0.38798904
0.38905928
0.39013538
0.39121747
0.39230558
0.39340064
0.39450097
0.39560744
0.39672014
0.39783913
0.39896443
0.40009704
0.40123516
0.40237981
0.40353099
0.40468878
0.40585417
0.40702534
0.40820330
0.35906920
0.35499108
0.35117835
0.34756604
0.34420493
0.34100354
0.33781886
0.33471197
0.33153385
0.32809106
0.32445505
0.32091784
0.31736353
0.31414136
0.31120142
0.30859879
0.30705291
0.30713874
0.30724210
0.30734715
0.29786143
0.29941308
0.30105379
0.30273113
0.30447930
0.30629471
0.30809990
0.30997667
0.31190050
0.31386164
0.31590477
0.31803375
0.32019567
0.32244089
0.32476643
0.32854766
0.34257996
0.36045435
0.46014556
0.46165162
0.46316758
0.46469352
0.46622953
0.46777573
0.46933347
0.47090039
0.47247779
0.47406578
0.47566324
0.47727275
0.47889450
0.48052600
0.48216867
0.48382258
0.48548791
0.48716608
0.48885453
0.49055472
0.49226677
0.49399084
0.49572700
0.49747682
0.49923763
0.50101095
0.50279689
0.50459564
0.50640726
0.50823343
0.51007134
0.51192260
0.51378733
0.51566571
0.51755792
0.51946551
0.52138573
0.52332020
0.52526903
0.52723247
0.52921063
0.53120530
0.53321344
0.53523684
0.53727561
0.53933001
0.54140019
0.54348797
0.54559022
0.54770881
0.54984224
0.55199403
0.55416447
0.55635029
0.55855346
0.56077415
0.56301254
0.56526887
0.56754518
0.56983811
0.57214957
0.57447988
0.57682925
0.57919794
0.58158809
0.58399606
0.58642411
0.58887237
0.59134126
0.59383082
0.59634352
0.59887552
0.60142910
0.60400456
0.60660219
0.60922438
0.61186719
0.61453301
0.61697614
0.61934179
0.62132418
0.62305534
0.62451994
0.62563503
0.62661731
0.62715816
0.62769783
0.62774432
0.62775534
0.62749201
0.62697482
0.62639236
0.62573397
0.62516916
0.62581980
1.32893729
1.33525741
1.34162796
1.34805954
1.35456336
1.36111987
1.36774015
1.37443578
1.38118649
1.38800395
1.39489985
1.40185368
1.40887713
1.41598260
1.42313731
1.43037629
1.43770075
1.44508898
1.45255351
1.46010756
1.46772850
1.47542930
1.48322380
1.49108863
1.49903715
1.50708377
1.51520431
1.52341282
1.53172398
1.54011297
1.54859436
1.55718327
1.56585419
1.57462227
1.58350313
1.59247053
1.60154009
1.61072814
1.62000740
1.62939417
1.63890553
1.64851332
1.65823436
1.66808641
1.67804039
1.68811393
1.69832528
1.70864451
1.71908998
1.72968066
1.74038577
1.75122404
1.76221573
1.77332854
1.78458238
1.79599810
1.80754256
1.81923628
1.83110118
1.84310269
1.85526264
1.86760366
1.88009012
1.89274466
1.90559113
1.91859245
1.93177247
1.94515598
1.95870471
1.97244358
1.98639870
2.00053024
2.01486421
2.02942824
2.04418087
2.05914950
0.29040691
0.29110935
0.29181615
0.28693298
0.28697369
0.28764516
0.29376999
0.30562997
0.36851218
0.36947826
0.37044865
0.37142417
0.37240481
0.37339067
0.37438175
0.37537810
0.37637979
0.37738681
0.37839925
0.37941715
0.38044134
0.38147023
0.38250473
0.38354486
0.38459066
0.38564217
0.38670030
0.38776338
0.38883236
0.38990721
0.39098805
0.39207488
0.39316866
0.39426765
0.39537284
0.39648420
0.39760187
0.39872584
0.39985707
0.40099385
0.40213710
0.40328690
0.40444329
0.40560633
0.40677699
0.40795350
0.40913686
0.35577226
0.35175502
0.34800637
0.34452206
0.34120423
0.33804405
0.33493051
0.33176431
0.32845792
0.32490334
0.32131523
0.31776237
0.31448990
0.31152058
0.30890992
0.30699676
0.30706030
0.30715993
0.30726597
0.30738217
0.29744232
0.29905191
0.30069983
0.30238193
0.30412090
0.30591571
0.30773610
0.30957127
0.31146824
0.31340021
0.31535852
0.31737992
0.31946987
0.32165664
0.32391188
0.32623240
0.32877642
0.33964431
0.35691148
0.46284601
0.46436983
0.46590370
0.46744776
0.46900332
0.47056800
0.47214317
0.47372892
0.47532409
0.47693133
0.47855076
0.48017991
0.48182020
0.48347172
0.48513463
0.48680902
0.48849630
0.49019402
0.49190354
0.49362507
0.49535865
0.49710587
0.49886405
0.50063473
0.50241798
0.50421399
0.50602293
0.50784630
0.50968140
0.51152980
0.51339173
0.51526719
0.51715642
0.51906109
0.52097827
0.52290970
0.52485549
0.52681583
0.52879089
0.53078234
0.53278732
0.53480744
0.53684300
0.53889406
0.54096085
0.54304522
0.54514408
0.54725921
0.54938912
0.55153739
0.55370247
0.55588645
0.55808592
0.56030285
0.56253749
0.56479001
0.56706244
0.56935143
0.57165897
0.57398528
0.57633060
0.57869518
0.58108115
0.58348495
0.58590871
0.58835274
0.59081715
0.59330237
0.59581053
0.59833801
0.60088706
0.60345787
0.60605079
0.60866606
0.61130613
0.61396706
0.61665130
0.61913502
0.62151510
0.62353331
0.62526363
0.62673640
0.62785280
0.62884206
0.62938678
0.62993026
0.62997037
0.62998152
0.62970293
0.62919545
0.62863326
0.62800342
0.62746328
0.62813193
1.33391666
1.34027433
1.34669292
1.35318351
1.35972667
1.36633337
1.37301517
1.37975192
1.38655508
1.39343667
1.40037584
1.40738451
1.41447484
1.42162561
1.42883766
1.43614650
1.44351864
1.45096695
1.45850444
1.46610856
1.47379243
1.48156953
1.48941672
1.49734747
1.50537586
1.51347792
1.52166772
1.52995980
1.53832936
1.54679108
1.55535996
1.56401062
1.57275796
1.58161771
1.59056377
1.59961152
1.60877740
1.61803412
1.62739801
1.63688600
1.64647007
1.65616703
1.66599441
1.67592335
1.68597138
1.69615674
1.70644963
1.71686816
1.72743142
1.73810852
1.74891841
1.75988114
1.77096438
1.78218818
1.79357314
1.80508637
1.81674814
1.82858050
1.84054899
1.85267508
1.86498165
1.87743294
1.89005160
1.90286148
1.91582537
1.92896724
1.94231188
1.95582092
1.96951914
1.98343277
1.99752188
2.01181269
2.02633238
2.04103994
2.05596232
2.07112885
0.29099846
0.29170328
0.29240191
0.29312128
0.28770652
0.28824091
0.28931138
0.30377990
0.36927360
0.37024292
0.37121734
0.37219691
0.37318167
0.37417161
0.37516686
0.37616742
0.37717330
0.37818459
0.37920132
0.38022435
0.38125208
0.38228542
0.38332433
0.38436893
0.38541922
0.38647613
0.38753799
0.38860568
0.38967931
0.39075887
0.39184442
0.39293692
0.39403462
0.39513850
0.39624855
0.39736488
0.39848751
0.39961737
0.40075281
0.40189469
0.40304309
0.40419808
0.40535969
0.40652895
0.40770403
0.40888593
0.41007468
0.35315147
0.34854606
0.34494331
0.34152761
0.33828753
0.33515438
0.33199450
0.32876429
0.32532376
0.32178456
0.31817415
0.31483644
0.31184092
0.30919862
0.30700207
0.30699518
0.30708945
0.30719334
0.30730948
0.29559010
0.29709384
0.29870966
0.30036494
0.30205661
0.30378354
0.30556753
0.30739596
0.30920237
0.31107035
0.31296986
0.31491053
0.31688386
0.31891695
0.32101101
0.32317558
0.32539335
0.32767853
0.33001563
0.33709913
0.35346633
0.46557835
0.46712023
0.46867362
0.47023609
0.47180903
0.47339255
0.47498545
0.47659039
0.47820750
0.47983432
0.48147222
0.48312137
0.48478186
0.48645380
0.48813865
0.48983386
0.49154088
0.49325985
0.49499086
0.49673408
0.49849102
0.50025904
0.50203961
0.50383294
0.50563914
0.50745976
0.50929207
0.51113766
0.51299667
0.51486927
0.51675558
0.51865727
0.52057147
0.52249986
0.52444261
0.52639985
0.52837181
0.53036010
0.53236187
0.53437877
0.53641105
0.53845882
0.54052228
0.54260325
0.54469866
0.54681033
0.54893672
0.55108148
0.55324471
0.55542332
0.55761909
0.55983233
0.56206322
0.56431192
0.56658053
0.56886560
0.57116920
0.57349151
0.57583284
0.57819331
0.58057511
0.58297473
0.58539426
0.58783394
0.59029406
0.59277487
0.59527856
0.59780151
0.60034597
0.60291213
0.60550034
0.60811085
0.61074609
0.61340213
0.61608142
0.61878419
0.62129819
0.62369061
0.62573177
0.62747431
0.62895977
0.63008636
0.63107818
0.63162905
0.63217866
0.63221455
0.63222355
0.63192952
0.63141847
0.63085002
0.63021350
0.62967843
0.63045454
1.33892345
1.34532905
1.35180652
1.35833621
1.36492944
1.37159741
1.37832022
1.38510931
1.39197648
1.39890110
1.40589499
1.41297030
1.42010593
1.42730248
1.43459547
1.44195175
1.44938374
1.45690477
1.46449220
1.47215915
1.47991896
1.48774862
1.49566162
1.50367188
1.51175559
1.51992667
1.52819967
1.53655005
1.54499209
1.55354095
1.56217134
1.57089806
1.57973683
1.58866155
1.59768760
1.60683131
1.61606574
1.62540674
1.63487148
1.64443183
1.65410471
1.66390765
1.67381167
1.68383431
1.69399381
1.70426035
1.71465206
1.72518802
1.73583734
1.74661887
1.75755262
1.76860654
1.77980030
1.79115474
1.80263674
1.81426692
1.82606685
1.83800232
1.85009480
1.86236691
1.87478328
1.88736629
1.90013957
1.91306639
1.92617023
1.93947601
1.95294547
1.96660340
1.98047566
1.99452269
2.00877047
2.02324605
2.03790879
2.05278540
2.06790471
2.08322406
0.29159099
0.29229915
0.29299679
0.29369730
0.28848243
0.28884849
0.28959709
0.30265751
0.37003744
0.37101075
0.37198922
0.37297288
0.37396175
0.37495667
0.37595528
0.37696004
0.37797019
0.37898576
0.38000682
0.38103420
0.38206631
0.38310406
0.38414744
0.38519654
0.38625219
0.38731283
0.38837931
0.38945168
0.39052996
0.39161426
0.39270544
0.39380187
0.39490443
0.39601317
0.39712816
0.39824945
0.39937800
0.40051204
0.40165254
0.40279958
0.40395316
0.40511337
0.40628120
0.40745485
0.40863529
0.40982261
0.41101685
0.41221803
0.34548429
0.34190547
0.33858675
0.33532989
0.33225417
0.32903594
0.32571307
0.32220802
0.31859103
0.31519881
0.31216142
0.30950290
0.30705661
0.30693430
0.30702007
0.30712706
0.30723944
0.30735776
0.29516268
0.29675701
0.29838768
0.30005658
0.30175298
0.30346969
0.30524004
0.30708149
0.30887294
0.31070873
0.31258515
0.31448045
0.31642082
0.31841320
0.32045910
0.32252386
0.32466629
0.32687461
0.32914665
0.33144927
0.33494058
0.34991366
0.46834436
0.46990466
0.47147539
0.47305664
0.47464854
0.47624993
0.47786471
0.47948921
0.48112476
0.48277152
0.48442960
0.48609909
0.48778149
0.48947421
0.49117872
0.49289516
0.49462363
0.49636427
0.49811858
0.49988395
0.50166184
0.50345248
0.50525588
0.50707233
0.50890326
0.51074606
0.51260221
0.51447195
0.51635534
0.51825410
0.52016532
0.52209073
0.52403039
0.52598459
0.52795339
0.52993852
0.53193706
0.53395081
0.53597975
0.53802425
0.54008436
0.54216200
0.54425400
0.54636222
0.54848516
0.55062634
0.55278426
0.55496097
0.55715311
0.55936265
0.56158978
0.56383467
0.56609941
0.56838065
0.57068026
0.57299864
0.57533592
0.57769227
0.58006996
0.58246541
0.58488071
0.58731610
0.58977187
0.59224826
0.59474748
0.59726596
0.59980583
0.60236734
0.60495090
0.60755670
0.61018711
0.61283827
0.61551261
0.61821038
0.62093192
0.62347215
0.62587917
0.62794358
0.62970072
0.63119900
0.63233584
0.63333255
0.63388962
0.63444090
0.63447028
0.63448155
0.63417190
0.63365716
0.63308024
0.63243920
0.63190931
0.63279665
1.34396791
1.35043228
1.35694873
1.36352837
1.37018263
1.37689161
1.38366663
1.39051938
1.39742947
1.40440857
1.41146898
1.41858935
1.42577052
1.43304789
1.44038820
1.44780409
1.45530868
1.46287942
1.47052944
1.47827208
1.48608422
1.49397945
1.50197172
1.51003706
1.51818955
1.52644360
1.53477466
1.54319727
1.55172622
1.56033635
1.56904256
1.57786047
1.58676386
1.59576833
1.60489011
1.61410201
1.62342036
1.63286185
1.64239872
1.65204763
1.66182601
1.67170525
1.68170261
1.69183624
1.70207655
1.71244168
1.72295034
1.73357201
1.74432540
1.75523031
1.76625490
1.77741897
1.78874290
1.80019391
1.81179249
1.82356012
1.83546269
1.84752166
1.85975957
1.87214100
1.88468850
1.89742541
1.91031528
1.92338133
1.93664849
1.95007861
1.96369624
1.97752738
1.99153244
2.00573730
2.02016926
2.03478694
2.04961801
2.06469059
2.07996225
2.09546161
0.29218113
0.29289171
0.29359749
0.29429016
0.29506189
0.28944829
0.29011488
0.30221406
0.37080440
0.37178180
0.37276435
0.37375209
0.37474588
0.37574339
0.37674701
0.37775603
0.37877044
0.37979034
0.38081655
0.38184750
0.38288403
0.38392621
0.38497409
0.38602772
0.38708797
0.38815320
0.38922429
0.39030135
0.39138436
0.39247426
0.39356938
0.39467064
0.39577809
0.39689174
0.39801171
0.39913890
0.40027156
0.40141070
0.40255636
0.40370855
0.40486735
0.40603375
0.40720597
0.40838498
0.40957084
0.41076359
0.41196331
0.41317102
0.34246790
0.33895424
0.33566251
0.33242726
0.32931107
0.32603523
0.32259575
0.31902841
0.31558329
0.31248912
0.30978137
0.30728877
0.30687505
0.30696395
0.30707145
0.30718377
0.30730256
0.29343536
0.29483709
0.29644418
0.29809585
0.29977158
0.30146423
0.30317816
0.30492944
0.30675128
0.30853781
0.31035662
0.31221178
0.31408924
0.31598833
0.31792924
0.31993437
0.32197547
0.32407698
0.32621390
0.32838339
0.33064273
0.33294585
0.33557266
0.34630495
0.47114217
0.47272122
0.47431085
0.47590995
0.47752243
0.47914457
0.48077780
0.48242217
0.48407784
0.48574492
0.48742485
0.48911512
0.49081713
0.49253100
0.49425691
0.49599499
0.49774668
0.49950939
0.50128466
0.50307256
0.50487328
0.50668836
0.50851512
0.51035506
0.51220840
0.51407522
0.51595569
0.51785153
0.51975977
0.52168214
0.52361882
0.52556992
0.52753562
0.52951759
0.53151298
0.53352350
0.53554922
0.53759038
0.53964722
0.54172146
0.54381007
0.54591483
0.54803425
0.55017191
0.55232632
0.55449939
0.55668789
0.55889368
0.56111705
0.56335825
0.56561732
0.56789649
0.57019222
0.57250655
0.57483983
0.57719213
0.57956570
0.58195692
0.58436799
0.58679914
0.58925056
0.59172261
0.59421742
0.59673136
0.59926665
0.60182363
0.60440248
0.60700351
0.60962915
0.61227548
0.61494488
0.61763763
0.62035412
0.62309462
0.62565923
0.62808537
0.63017112
0.63194299
0.63345420
0.63460147
0.63560301
0.63616413
0.63672161
0.63674438
0.63675576
0.63643020
0.63591182
0.63532627
0.63468063
0.63415831
0.63515621
1.34906077
1.35556400
1.36213017
1.36877084
1.37546587
1.38222682
1.38906538
1.39596093
1.40292537
1.40997076
1.41707599
1.42424190
1.43150353
1.43882799
1.44622791
1.45371604
1.46127021
1.46890330
1.47662878
1.48442364
1.49230111
1.50027537
1.50832248
1.51645648
1.52469158
1.53300357
1.54140651
1.54991567
1.55850577
1.56719148
1.57598853
1.58487070
1.59385371
1.60295343
1.61214316
1.62143874
1.63085723
1.64037061
1.64999557
1.65974963
1.66960406
1.67957628
1.68968427
1.69989848
1.71023691
1.72071850
1.73131263
1.74203789
1.75291419
1.76390958
1.77504385
1.78633749
1.79775763
1.80932474
1.82106018
1.83293009
1.84495568
1.85715961
1.86950624
1.88201833
1.89471900
1.90757203
1.92060041
1.93382919
1.94722009
1.96079767
1.97458792
1.98855114
2.00271344
2.01710176
2.03167510
2.04646039
2.06148648
2.07671070
2.09216118
2.10786843
0.29276934
0.29348084
0.29419240
0.29490790
0.29566914
0.29010305
0.29071045
0.30238193
0.37157458
0.37255603
0.37354267
0.37453535
0.37553173
0.37653422
0.37754211
0.37855539
0.37957409
0.38059914
0.38162890
0.38266426
0.38370526
0.38475192
0.38580433
0.38686335
0.38792732
0.38899720
0.39007297
0.39115474
0.39224249
0.39333719
0.39443713
0.39554328
0.39665562
0.39777422
0.39890006
0.40003139
0.40116918
0.40231341
0.40346423
0.40462163
0.40578663
0.40695742
0.40813497
0.40931937
0.41051066
0.41170892
0.41291514
0.41412747
0.41534695
0.33606681
0.33276162
0.32954946
0.32640350
0.32304126
0.31950310
0.31601804
0.31281531
0.31002256
0.30752927
0.30682266
0.30691418
0.30702376
0.30713397
0.30724952
0.30736998
0.29293653
0.29453021
0.29616010
0.29781556
0.29949418
0.30119184
0.30290523
0.30464241
0.30642864
0.30821458
0.31001231
0.31185788
0.31371450
0.31558943
0.31748918
0.31945035
0.32145390
0.32351214
0.32561001
0.32773766
0.32990491
0.33214813
0.33445162
0.33679807
0.34323061
0.47397363
0.47557047
0.47718063
0.47880048
0.48043132
0.48207334
0.48372662
0.48539126
0.48706874
0.48875654
0.49045604
0.49216741
0.49389076
0.49562624
0.49737534
0.49913543
0.50090802
0.50269324
0.50449121
0.50630212
0.50812751
0.50996470
0.51181519
0.51367915
0.51555669
0.51744956
0.51935488
0.52127427
0.52320790
0.52515590
0.52711850
0.52909738
0.53108960
0.53309685
0.53511935
0.53715724
0.53921074
0.54128164
0.54336685
0.54546815
0.54758579
0.54971826
0.55186909
0.55403858
0.55622339
0.55842555
0.56064522
0.56288260
0.56513786
0.56741315
0.56970495
0.57201535
0.57434458
0.57669288
0.57906044
0.58144939
0.58385623
0.58628309
0.58873022
0.59119785
0.59368825
0.59619772
0.59872848
0.60128081
0.60385501
0.60645133
0.60907221
0.61171365
0.61437815
0.61706597
0.61977744
0.62251276
0.62527460
0.62786162
0.63030499
0.63241446
0.63420129
0.63572335
0.63688338
0.63788760
0.63845503
0.63901424
0.63903260
0.63904637
0.63870472
0.63818264
0.63758826
0.63693810
0.63642114
0.63753349
1.35418212
1.36073482
1.36736190
1.37404323
1.38079011
1.38761437
1.39449549
1.40144527
1.40847576
1.41556597
1.42271650
1.42996264
1.43727124
1.44465506
1.45212698
1.45966458
1.46728086
1.47498918
1.48276663
1.49062657
1.49858284
1.50661182
1.51472723
1.52294362
1.53123641
1.53962004
1.54810941
1.55667937
1.56534469
1.57412100
1.58298206
1.59194362
1.60102153
1.61018896
1.61946201
1.62885749
1.63834739
1.64794862
1.65767848
1.66750824
1.67745531
1.68753779
1.69772601
1.70803797
1.71849251
1.72905910
1.73975635
1.75060403
1.76157045
1.77267516
1.78393853
1.79532790
1.80686367
1.81856716
1.83040440
1.84239686
1.85456681
1.86687887
1.87935567
1.89202046
1.90483665
1.91782761
1.93101799
1.94436991
1.95790768
1.97165704
1.98557889
1.99969864
2.01404333
2.02857232
2.04331255
2.05829215
2.07346916
2.08887124
2.10452914
2.12039804
0.29335120
0.29406798
0.29478824
0.29548606
0.29621774
0.29076743
0.29130659
0.29272217
0.37234795
0.37333348
0.37432426
0.37532032
0.37632170
0.37732843
0.37834054
0.37935811
0.38038197
0.38141057
0.38244474
0.38348454
0.38453001
0.38558120
0.38663897
0.38770175
0.38877034
0.38984486
0.39092535
0.39201185
0.39310527
0.39420390
0.39530873
0.39641976
0.39753705
0.39866063
0.39979151
0.40092790
0.40207079
0.40322021
0.40437621
0.40553886
0.40670913
0.40788528
0.40906823
0.41025805
0.41145483
0.41265956
0.41387039
0.41508836
0.41631353
0.33322945
0.32990003
0.32672822
0.32347158
0.32001087
0.31648946
0.31318021
0.31029657
0.30776164
0.30677298
0.30687505
0.30698565
0.30710056
0.30721560
0.30733123
0.29122555
0.29263362
0.29424199
0.29588589
0.29753977
0.29922032
0.30092147
0.30263591
0.30436581
0.30613825
0.30791122
0.30967683
0.31150040
0.31334889
0.31520495
0.31709102
0.31901011
0.32097453
0.32297620
0.32503149
0.32713833
0.32924893
0.33142829
0.33366793
0.33595774
0.33825666
0.34163642
0.47683805
0.47845685
0.48008537
0.48172501
0.48337588
0.48503813
0.48671317
0.48839846
0.49009550
0.49180433
0.49352515
0.49525806
0.49700454
0.49876201
0.50053191
0.50231445
0.50410974
0.50591791
0.50774056
0.50957489
0.51142251
0.51328361
0.51515836
0.51704675
0.51895058
0.52086699
0.52279758
0.52474254
0.52670205
0.52867782
0.53066683
0.53267092
0.53469020
0.53672481
0.53877497
0.54084253
0.54292434
0.54502225
0.54713643
0.54926538
0.55141264
0.55357850
0.55575973
0.55795819
0.56017411
0.56240773
0.56465924
0.56693059
0.56921852
0.57152498
0.57385021
0.57619447
0.57855791
0.58094269
0.58334535
0.58576798
0.58821076
0.59067404
0.59315807
0.59566504
0.59819126
0.60073900
0.60330856
0.60590017
0.60851622
0.61115289
0.61381251
0.61649537
0.61920178
0.62193203
0.62468868
0.62746769
0.63007963
0.63254255
0.63467389
0.63647348
0.63801104
0.63917714
0.64019096
0.64076245
0.64132112
0.64133734
0.64135349
0.64099550
0.64046967
0.63986647
0.63921160
0.63872761
0.63992625
1.35934246
1.36595583
1.37262332
1.37935627
1.38616645
1.39303315
1.39996827
1.40698397
1.41405904
1.42120576
1.42842495
1.43571782
1.44308567
1.45054126
1.45806241
1.46566188
1.47335327
1.48111343
1.48895574
1.49689424
1.50490499
1.51300204
1.52119958
1.52947342
1.53783762
1.54630733
1.55485725
1.56350231
1.57225788
1.58109796
1.59003806
1.59909415
1.60823953
1.61749017
1.62686265
1.63632929
1.64590681
1.65561247
1.66541767
1.67533970
1.68539667
1.69555902
1.70584452
1.71627223
1.72681141
1.73748076
1.74830008
1.75923753
1.77031267
1.78154600
1.79290473
1.80440927
1.81608093
1.82788575
1.83984506
1.85198116
1.86425889
1.87670052
1.88932943
1.90210903
1.91506279
1.92821503
1.94152796
1.95502615
1.96873498
1.98261535
1.99669290
2.01099443
2.02547932
2.04017425
2.05510783
2.07023764
2.08559179
2.10120010
2.11701870
2.13307738
0.29393008
0.29465163
0.29538211
0.29605171
0.29683620
0.29139766
0.29190418
0.29322171
0.37312454
0.37411422
0.37510917
0.37610939
0.37711498
0.37812597
0.37914237
0.38016427
0.38119251
0.38222548
0.38326409
0.38430834
0.38535830
0.38641489
0.38747641
0.38854378
0.38961706
0.39069626
0.39178148
0.39287362
0.39397097
0.39507446
0.39618418
0.39730012
0.39842239
0.39955190
0.40068695
0.40182844
0.40297648
0.40413108
0.40529233
0.40646118
0.40763587
0.40881738
0.41000575
0.41120103
0.41240427
0.41361362
0.41483009
0.41605371
0.41728458
0.33064029
0.32710528
0.32388592
0.32054335
0.31702664
0.31359899
0.31057429
0.30798900
0.30672857
0.30684170
0.30696130
0.30707672
0.30719227
0.29153416
0.29009786
0.28880021
0.29177836
0.29392618
0.29559696
0.29726300
0.29894593
0.30064395
0.30236140
0.30409077
0.30585420
0.30763185
0.30935016
0.31115574
0.31298801
0.31482977
0.31669500
0.31859785
0.32053009
0.32249931
0.32451183
0.32656398
0.32865867
0.33078897
0.33296826
0.33520612
0.33746597
0.33982393
0.47811371
0.47973990
0.48137718
0.48302567
0.48468551
0.48635677
0.48804095
0.48973548
0.49144182
0.49316007
0.49489042
0.49663430
0.49838915
0.50015640
0.50193632
0.50372887
0.50553429
0.50735414
0.50918567
0.51103050
0.51288873
0.51476055
0.51664609
0.51854694
0.52046037
0.52238792
0.52432984
0.52628624
0.52825731
0.53024477
0.53224564
0.53426170
0.53629303
0.53833991
0.54040414
0.54248255
0.54457706
0.54668772
0.54881322
0.55095696
0.55311924
0.55529684
0.55749160
0.55970383
0.56193370
0.56418139
0.56644893
0.56873292
0.57103544
0.57335669
0.57569689
0.57805622
0.58043694
0.58283538
0.58525378
0.58769226
0.59015119
0.59263080
0.59513324
0.59765500
0.60019815
0.60276306
0.60535002
0.60795927
0.61059314
0.61324787
0.61592579
0.61862719
0.62135237
0.62410390
0.62687767
0.62967622
0.63231337
0.63479382
0.63694948
0.63875514
0.64028537
0.64145058
0.64244604
0.64301932
0.64355862
0.64358890
0.64361912
0.64326560
0.64276850
0.64216101
0.64150143
0.64105093
0.64233941
1.36455274
1.37120652
1.37792552
1.38472140
1.39157391
1.39849448
1.40549529
1.41255546
1.41968679
1.42689061
1.43416786
1.44151962
1.44895911
1.45646369
1.46404660
1.47172093
1.47946382
1.48728871
1.49520934
1.50320208
1.51128066
1.51945961
1.52771437
1.53605938
1.54450941
1.55303943
1.56166422
1.57039917
1.57921827
1.58813715
1.59717155
1.60629487
1.61552298
1.62487268
1.63431609
1.64387000
1.65355158
1.66333234
1.67322946
1.68326104
1.69339752
1.70365679
1.71405768
1.72456956
1.73521125
1.74600208
1.75691080
1.76795661
1.77915990
1.79048812
1.80196154
1.81360149
1.82537401
1.83730042
1.84940279
1.86164629
1.87405300
1.88664603
1.89938939
1.91230595
1.92542017
1.93869448
1.95215309
1.96582150
1.97966075
1.99369609
2.00795460
2.02239561
2.03704572
2.05193353
2.06701636
2.08232236
2.09788179
2.11365032
2.12965751
2.14593506
0.29450926
0.29523662
0.29598230
0.29658842
0.29750547
0.29193196
0.29249129
0.29404128
0.37390441
0.37489900
0.37589732
0.37690178
0.37791163
0.37892687
0.37994760
0.38097465
0.38200647
0.38304389
0.38408694
0.38513571
0.38619021
0.38725132
0.38831747
0.38938949
0.39046744
0.39155138
0.39264223
0.39373827
0.39484048
0.39594889
0.39706349
0.39818442
0.39931259
0.40044627
0.40158641
0.40273303
0.40388626
0.40504608
0.40621352
0.40738678
0.40856683
0.40975374
0.41094756
0.41214836
0.41335717
0.41457212
0.41579422
0.41702357
0.41826019
0.41950417
0.32439354
0.32109845
0.31763196
0.31411806
0.31092203
0.30816284
0.30671692
0.30681527
0.30694225
0.30706933
0.30719280
0.29194823
0.29099369
0.28787825
0.28642648
0.28854367
0.29200044
0.29517493
0.29697487
0.29865953
0.30036190
0.30207866
0.30381465
0.30557594
0.30736041
0.30906603
0.31083354
0.31265378
0.31447324
0.31631231
0.31819919
0.32011274
0.32205936
0.32403392
0.32604659
0.32809889
0.33021092
0.33236396
0.33456099
0.33677003
0.47777107
0.47939494
0.48102984
0.48267597
0.48433337
0.48600221
0.48768392
0.48937598
0.49107981
0.49279556
0.49452332
0.49626324
0.49801683
0.49978149
0.50155866
0.50334853
0.50515121
0.50696832
0.50879711
0.51063907
0.51249450
0.51436341
0.51624602
0.51814395
0.52005440
0.52197897
0.52391779
0.52587116
0.52783906
0.52982336
0.53182107
0.53383386
0.53586197
0.53790557
0.53996480
0.54204148
0.54413253
0.54623985
0.54836178
0.55050200
0.55265898
0.55483466
0.55702585
0.55923432
0.56146044
0.56370431
0.56596804
0.56824815
0.57054675
0.57286400
0.57520020
0.57755548
0.57993203
0.58232629
0.58474040
0.58717465
0.58962923
0.59210443
0.59460247
0.59711969
0.59965831
0.60221863
0.60480088
0.60740536
0.61003447
0.61268431
0.61535728
0.61805367
0.62077385
0.62351805
0.62628877
0.62908208
0.63190037
0.63455850
0.63704979
0.63919324
0.64100707
0.64252257
0.64369363
0.64466572
0.64524293
0.64575326
0.64578605
0.64581650
0.64541841
0.64492035
0.64433205
0.64370525
0.64334232
0.64475447
1.36979258
1.37649763
1.38327944
1.39011765
1.39702368
1.40400982
1.41105497
1.41817117
1.42535949
1.43262112
1.43995702
1.44738030
1.45486856
1.46243477
1.47009218
1.47781789
1.48562539
1.49352825
1.50150287
1.50956333
1.51772356
1.52595949
1.53428531
1.54271579
1.55122590
1.55983043
1.56854486
1.57734311
1.58624065
1.59525347
1.60435486
1.61356068
1.62288749
1.63230789
1.64183819
1.65149581
1.66125214
1.67112458
1.68113077
1.69124150
1.70147467
1.71184874
1.72233355
1.73294759
1.74371028
1.75459015
1.76560676
1.77678025
1.78807807
1.79952049
1.81112885
1.82286918
1.83476269
1.84683156
1.85904098
1.87141275
1.88397038
1.89667737
1.90955698
1.92263341
1.93586922
1.94928849
1.96291661
1.97671485
1.99070835
2.00492406
2.01932120
2.03392673
2.04876876
2.06380486
2.07906342
2.09457397
2.11029243
2.12624884
2.14247394
2.15892267
0.29507902
0.29581556
0.29656172
0.29711416
0.29609457
0.29247159
0.29306290
0.37369481
0.37468830
0.37568551
0.37668881
0.37769750
0.37871161
0.37973118
0.38075706
0.38178772
0.38282391
0.38386577
0.38491333
0.38596663
0.38702652
0.38809142
0.38916218
0.39023888
0.39132154
0.39241025
0.39350587
0.39460677
0.39571387
0.39682716
0.39794675
0.39907357
0.40020588
0.40134466
0.40248990
0.40364173
0.40480015
0.40596616
0.40713799
0.40831661
0.40950206
0.41069442
0.41189373
0.41310105
0.41431448
0.41553506
0.41676286
0.41799796
0.41923937
0.42049021
0.32171592
0.31830615
0.31473291
0.31133860
0.30834273
0.30672908
0.30680257
0.30693218
0.30706191
0.30718696
0.29369485
0.29334202
0.29328015
0.29328015
0.28386220
0.28533557
0.28858063
0.29214084
0.29590949
0.29831666
0.30006316
0.30178007
0.30351314
0.30528086
0.30708364
0.30879152
0.31051362
0.31231859
0.31411973
0.31594849
0.31780946
0.31970569
0.32163224
0.32359153
0.32557607
0.32760075
0.32968494
0.33181813
0.33399162
0.33626744
0.47905046
0.48068303
0.48232675
0.48398176
0.48564819
0.48732746
0.48901701
0.49071833
0.49243155
0.49415675
0.49589410
0.49764511
0.49940708
0.50118160
0.50296879
0.50476879
0.50658166
0.50840908
0.51024830
0.51210082
0.51396686
0.51584655
0.51774007
0.51964903
0.52157056
0.52350640
0.52545667
0.52742147
0.52940267
0.53139716
0.53340679
0.53543162
0.53747189
0.53952783
0.54160112
0.54368883
0.54579264
0.54791111
0.55004781
0.55220121
0.55437332
0.55656081
0.55876565
0.56098801
0.56322807
0.56548619
0.56776422
0.57005888
0.57237220
0.57470435
0.57705557
0.57942611
0.58181810
0.58422798
0.58665794
0.58910823
0.59157902
0.59407264
0.59658533
0.59911942
0.60167509
0.60425270
0.60685241
0.60947675
0.61212176
0.61478984
0.61748123
0.62019634
0.62293541
0.62570101
0.62848902
0.63130200
0.63414025
0.63680822
0.63931721
0.64144826
0.64327490
0.64477080
0.64595479
0.64689845
0.64748204
0.64796048
0.64799351
0.64802420
0.64758569
0.64708662
0.64648265
0.64585167
0.64557523
0.64722306
1.37507284
1.38184059
1.38866436
1.39555597
1.40252745
1.40955770
1.41665876
1.42383170
1.43107772
1.43839788
1.44580495
1.45327699
1.46082652
1.46846712
1.47617567
1.48396575
1.49185085
1.49980772
1.50784981
1.51599145
1.52420855
1.53251517
1.54092622
1.54941654
1.55800104
1.56669486
1.57547235
1.58434880
1.59334004
1.60241950
1.61160302
1.62090731
1.63030457
1.63981140
1.64944518
1.65917730
1.66902483
1.67900598
1.68909109
1.69929802
1.70964563
1.72010326
1.73068976
1.74142432
1.75227571
1.76326311
1.77440679
1.78567445
1.79708612
1.80866289
1.82037115
1.83223200
1.84426761
1.85644293
1.86878014
1.88130224
1.89397311
1.90681589
1.91985476
1.93305218
1.94643223
1.96002042
1.97377777
1.98772955
2.00190258
2.01625633
2.03081727
2.04561377
2.06060338
2.07581449
2.09127641
2.10694528
2.12285089
2.13902426
2.15541959
2.17206836
0.29564998
0.29639187
0.29710969
0.29769802
0.29276693
0.29295245
0.29363334
0.37447783
0.37547392
0.37647611
0.37748367
0.37849662
0.37951502
0.38053975
0.38156918
0.38260421
0.38364488
0.38469124
0.38574329
0.38680196
0.38786563
0.38893515
0.39001060
0.39109200
0.39217940
0.39327374
0.39437336
0.39547911
0.39659110
0.39770934
0.39883393
0.39996579
0.40110317
0.40224704
0.40339747
0.40455452
0.40571910
0.40688950
0.40806666
0.40925068
0.41044158
0.41163942
0.41284522
0.41405717
0.41527623
0.41650251
0.41773602
0.41897690
0.42022514
0.42148086
0.42274413
0.31549379
0.31194314
0.30864426
0.30674073
0.30676082
0.30691260
0.30704919
0.29652664
0.29593703
0.29581162
0.29573447
0.29573497
0.29573643
0.29580277
0.29587704
0.28527978
0.28860262
0.29215333
0.29599658
0.29953149
0.30145350
0.30319676
0.30496758
0.30677402
0.30849501
0.31021005
0.31197813
0.31377089
0.31559280
0.31744334
0.31932086
0.32122418
0.32315916
0.32512587
0.32713413
0.32918927
0.33130676
0.33349916
0.33580181
0.48033670
0.48197806
0.48363069
0.48529467
0.48697147
0.48865858
0.49035740
0.49206808
0.49379075
0.49552551
0.49727389
0.49903327
0.50080514
0.50258964
0.50438690
0.50619704
0.50802165
0.50985807
0.51170778
0.51357090
0.51544774
0.51733828
0.51924431
0.52116287
0.52309567
0.52504283
0.52700460
0.52898258
0.53097391
0.53298032
0.53500193
0.53703898
0.53909153
0.54116148
0.54324579
0.54534620
0.54746288
0.54959434
0.55174422
0.55391270
0.55609655
0.55829769
0.56051636
0.56275266
0.56500691
0.56728113
0.56957185
0.57188118
0.57420933
0.57655650
0.57892293
0.58131075
0.58371645
0.58614218
0.58858812
0.59105456
0.59354174
0.59605199
0.59858149
0.60113257
0.60370553
0.60630053
0.60892010
0.61156023
0.61422342
0.61690986
0.61961991
0.62235391
0.62511432
0.62789708
0.63070476
0.63353765
0.63639611
0.63907158
0.64159852
0.64371687
0.64555883
0.64703488
0.64822716
0.64914674
0.64973670
0.65018290
0.65022087
0.65025175
0.64976990
0.64926511
0.64864761
0.64801240
0.64782137
0.64983875
1.38040459
1.38721430
1.39409149
1.40104818
1.40806353
1.41514957
1.42230725
1.42953765
1.43684196
1.44423306
1.45168877
1.45922184
1.46684551
1.47453713
1.48230982
1.49017727
1.49811625
1.50614011
1.51426339
1.52246165
1.53074920
1.53914082
1.54761147
1.55617583
1.56484926
1.57360613
1.58246136
1.59143126
1.60048890
1.60965025
1.61893177
1.62830615
1.63778973
1.64739954
1.65710747
1.66693044
1.67688644
1.68694603
1.69712710
1.70744812
1.71787882
1.72843790
1.73914444
1.74996734
1.76092565
1.77203977
1.78327727
1.79465818
1.80620360
1.81788003
1.82970834
1.84171057
1.85385215
1.86615479
1.87864161
1.89127660
1.90408266
1.91708410
1.93024325
1.94358432
1.95713270
1.97084939
1.98475969
1.99889016
2.01320052
2.02771735
2.04246855
2.05741191
2.07257581
2.08798933
2.10360885
2.11946392
2.13558531
2.15192795
2.16852260
2.18540192
0.29621825
0.29697189
0.29758355
0.29856235
0.29306385
0.29350454
0.29427508
0.37526256
0.37626362
0.37727004
0.37828186
0.37929910
0.38032266
0.38135093
0.38238478
0.38342425
0.38446939
0.38552022
0.38657767
0.38764009
0.38870838
0.38978255
0.39086270
0.39194885
0.39304191
0.39414018
0.39524466
0.39635530
0.39747223
0.39859638
0.39972597
0.40086201
0.40200451
0.40315354
0.40430915
0.40547234
0.40664133
0.40781707
0.40899959
0.41018903
0.41138539
0.41258973
0.41380015
0.41501772
0.41624245
0.41747445
0.41871375
0.41996044
0.42121458
0.42247620
0.42374545
0.31282189
0.30919057
0.30681527
0.30671111
0.30686286
0.29961467
0.29852629
0.29840270
0.29828417
0.29820272
0.29816127
0.29817826
0.29824018
0.29831466
0.29841369
0.29851177
0.28613734
0.28850207
0.29212695
0.29595083
0.30003890
0.30278829
0.30459705
0.30639279
0.30819538
0.30990651
0.31167167
0.31345594
0.31526580
0.31709385
0.31896210
0.32084206
0.32275543
0.32470718
0.32669464
0.32873634
0.33083877
0.33304116
0.47999087
0.48162985
0.48328009
0.48494166
0.48661470
0.48830068
0.48999700
0.49170518
0.49342528
0.49515748
0.49690327
0.49866000
0.50042921
0.50221103
0.50400555
0.50581294
0.50763482
0.50946844
0.51131529
0.51317561
0.51504952
0.51693714
0.51884019
0.52075577
0.52268553
0.52462965
0.52658832
0.52856165
0.53055137
0.53255457
0.53457296
0.53660667
0.53865594
0.54072094
0.54280347
0.54490042
0.54701370
0.54914165
0.55128801
0.55345112
0.55563307
0.55783057
0.56004548
0.56227803
0.56452847
0.56679881
0.56908566
0.57139105
0.57371521
0.57605833
0.57842064
0.58080435
0.58320582
0.58562732
0.58806890
0.59053099
0.59301382
0.59551954
0.59804451
0.60059106
0.60315931
0.60574967
0.60836232
0.61099976
0.61365801
0.61633950
0.61904460
0.62177348
0.62452871
0.62730628
0.63010865
0.63293618
0.63578922
0.63866806
0.64134890
0.64389622
0.64600402
0.64785671
0.64931250
0.65051794
0.65141064
0.65200955
0.65242296
0.65246123
0.65248036
0.65196896
0.65145832
0.65082711
0.65018767
0.65008557
0.65248036
1.38576710
1.39262998
1.39957201
1.40657258
1.41364360
1.42079735
1.42800093
1.43528950
1.44266462
1.45010400
1.45762062
1.46522760
1.47290218
1.48065758
1.48850751
1.49642861
1.50443435
1.51253915
1.52071881
1.52898729
1.53735948
1.54581046
1.55435491
1.56300807
1.57174420
1.58057857
1.58952689
1.59856284
1.60770214
1.61696124
1.62631261
1.63577294
1.64535904
1.65504289
1.66484129
1.67477226
1.68480647
1.69496155
1.70525622
1.71566010
1.72619176
1.73687053
1.74766493
1.75859439
1.76967907
1.78088653
1.79223680
1.80375099
1.81539559
1.82719159
1.83916068
1.85126853
1.86353683
1.87598848
1.88858771
1.90135729
1.91432130
1.92744255
1.94074476
1.95425344
1.96792960
1.98179865
1.99588692
2.01015425
2.02462697
2.03933287
2.05423045
2.06934714
2.08471251
2.10028291
2.11608768
2.13215756
2.14844751
2.16498828
2.18181252
2.19887304
0.29680255
0.29750296
0.29820773
0.29348665
0.29342279
0.29406410
0.37505147
0.37605140
0.37705666
0.37806731
0.37908342
0.38010582
0.38113290
0.38216558
0.38320386
0.38424778
0.38529742
0.38635364
0.38741484
0.38848189
0.38955480
0.39063367
0.39171854
0.39281031
0.39390731
0.39501047
0.39611980
0.39723539
0.39835730
0.39948645
0.40062112
0.40176225
0.40290990
0.40406412
0.40522498
0.40639344
0.40756774
0.40874884
0.40993682
0.41113171
0.41233453
0.41354346
0.41475952
0.41598272
0.41721320
0.41845095
0.41969606
0.42094862
0.42220867
0.42347628
0.42475152
0.31060734
0.30689248
0.30665934
0.30245388
0.30129686
0.30106652
0.30092350
0.30079129
0.30069730
0.30065513
0.30063787
0.30065563
0.30073285
0.30082637
0.30093572
0.30104971
0.30115616
0.30124789
0.28893477
0.29189271
0.29576889
0.29991606
0.30403101
0.30599195
0.30786169
0.30957451
0.31135002
0.31313998
0.31494340
0.31676883
0.31861669
0.32048851
0.32238191
0.32430843
0.32627845
0.32830706
0.33039910
0.33258691
0.48128217
0.48293000
0.48458916
0.48625979
0.48794329
0.48963714
0.49134278
0.49306035
0.49478999
0.49653178
0.49828729
0.50005388
0.50183296
0.50362480
0.50542951
0.50724858
0.50907940
0.51092345
0.51278090
0.51465189
0.51653665
0.51843673
0.52034932
0.52227604
0.52421713
0.52617270
0.52814293
0.53012949
0.53212953
0.53414464
0.53617513
0.53822112
0.54028273
0.54236192
0.54445541
0.54656523
0.54868972
0.55083251
0.55299205
0.55517042
0.55736417
0.55957538
0.56180423
0.56405085
0.56631553
0.56860030
0.57090175
0.57322192
0.57556099
0.57791924
0.58029878
0.58269608
0.58511329
0.58755064
0.59000838
0.59248680
0.59498805
0.59750855
0.60005045
0.60261410
0.60519975
0.60780770
0.61044031
0.61309367
0.61577028
0.61847031
0.62119412
0.62394202
0.62671655
0.62951368
0.63233584
0.63518345
0.63805681
0.64095861
0.64364475
0.64621037
0.64830267
0.65017337
0.65160859
0.65282494
0.65369284
0.65429354
0.65467858
0.65471709
0.65469784
0.65418291
0.65366882
0.65302372
0.65237755
0.65239429
0.65547651
1.39117146
1.39809906
1.40508485
1.41214085
1.41927934
1.42646754
1.43374038
1.44109952
1.44852281
1.45602298
1.46361315
1.47127080
1.47900903
1.48684144
1.49474478
1.50273252
1.51081896
1.51897979
1.52722943
1.53558230
1.54401374
1.55253828
1.56117117
1.56988668
1.57870007
1.58762717
1.59664142
1.60575867
1.61499536
1.62432396
1.63376105
1.64332366
1.65298343
1.66275740
1.67266345
1.68267226
1.69280159
1.70307004
1.71344721
1.72395158
1.73460245
1.74536872
1.75626934
1.76732469
1.77850223
1.78982210
1.80130517
1.81291807
1.82468164
1.83661795
1.84869218
1.86092615
1.87334287
1.88590646
1.89863980
1.91156662
1.92464995
1.93791354
1.95138264
1.96501851
1.97884643
1.99289262
2.00711703
2.02154589
2.03620696
2.05105853
2.06612849
2.08144593
2.09696746
2.11272216
2.12874079
2.14497828
2.16146564
2.17823482
2.19523931
2.21251130
0.29739958
0.29797760
0.29711020
0.29351810
0.29394317
0.29464382
0.37583938
0.37684354
0.37785307
0.37886798
0.37988842
0.38091514
0.38194662
0.38298371
0.38402644
0.38507488
0.38612989
0.38718984
0.38825563
0.38932732
0.39040491
0.39148852
0.39257899
0.39367470
0.39477655
0.39588460
0.39699885
0.39811942
0.39924720
0.40038052
0.40152028
0.40266654
0.40381935
0.40497881
0.40614587
0.40731874
0.40849838
0.40968490
0.41087833
0.41207966
0.41328710
0.41450164
0.41572332
0.41695225
0.41818845
0.41943201
0.42068300
0.42194146
0.42320746
0.42448109
0.42576241
0.42705250
0.30568770
0.30432263
0.30401233
0.30378872
0.30360788
0.30344692
0.30332023
0.30323237
0.30319107
0.30317557
0.30318126
0.30325356
0.30335021
0.30346295
0.30357733
0.30369645
0.30381879
0.30392149
0.30400246
0.29176304
0.29547086
0.29962474
0.30410895
0.30734661
0.30917498
0.31097579
0.31279498
0.31461108
0.31644276
0.31828511
0.32014269
0.32202208
0.32392779
0.32587704
0.32788739
0.32997036
0.33216116
0.48258042
0.48423719
0.48590538
0.48758641
0.48927778
0.49098092
0.49269599
0.49442303
0.49616227
0.49791515
0.49967906
0.50145555
0.50324464
0.50504661
0.50686151
0.50869095
0.51053220
0.51238680
0.51425493
0.51613671
0.51803386
0.51994348
0.52186722
0.52380526
0.52575773
0.52772486
0.52970827
0.53170508
0.53371704
0.53574425
0.53778696
0.53984523
0.54192102
0.54401118
0.54611748
0.54823852
0.55037773
0.55253375
0.55470848
0.55689859
0.55910611
0.56133121
0.56357408
0.56583488
0.56811577
0.57041329
0.57272947
0.57506454
0.57741868
0.57979220
0.58218724
0.58460021
0.58703327
0.58948672
0.59196067
0.59445751
0.59697348
0.59951085
0.60206991
0.60465086
0.60725409
0.60988188
0.61253041
0.61520201
0.61789709
0.62061584
0.62335861
0.62612796
0.62891978
0.63173664
0.63457882
0.63744670
0.64034295
0.64326328
0.64595711
0.64853889
0.65062016
0.65250432
0.65392339
0.65513879
0.65597653
0.65658629
0.65694737
0.65698618
0.65693039
0.65641195
0.65588230
0.65523285
0.65458465
0.65477246
1.38971603
1.39662910
1.40360022
1.41064119
1.41776454
1.42493737
1.43219459
1.43953788
1.44694495
1.45442879
1.46200240
1.46964312
1.47736418
1.48517907
1.49306464
1.50103450
1.50910258
1.51724494
1.52547562
1.53380930
1.54222119
1.55072594
1.55933857
1.56803358
1.57682610
1.58573198
1.59472466
1.60381997
1.61303425
1.62234020
1.63175416
1.64129317
1.65092909
1.66067874
1.67055988
1.68054354
1.69064724
1.70088935
1.71123993
1.72171712
1.73234034
1.74307847
1.75395048
1.76497650
1.77612424
1.78741372
1.79886580
1.81044722
1.82217872
1.83408213
1.84612286
1.85832286
1.87070477
1.88323283
1.89592993
1.90881979
1.92186534
1.93509054
1.94852030
1.96211612
1.97590303
1.98990726
2.00408888
2.01847410
2.03309059
2.04789662
2.06291986
2.07818961
2.09366226
2.10936713
2.12533498
2.14152026
2.15795422
2.17466879
2.19161749
2.20883226
2.22634768
0.29783201
0.29889172
0.29359654
0.29380831
0.29449856
0.37562764
0.37663063
0.37763903
0.37865281
0.37967205
0.38069764
0.38172793
0.38276383
0.38380536
0.38485259
0.38590553
0.38696510
0.38802966
0.38910007
0.39017645
0.39125875
0.39234796
0.39344239
0.39454293
0.39564964
0.39676258
0.39788181
0.39900827
0.40014020
0.40127859
0.40242347
0.40357491
0.40473294
0.40589860
0.40707001
0.40824825
0.40943331
0.41062525
0.41182417
0.41303107
0.41424409
0.41546425
0.41669166
0.41792631
0.41916829
0.42041770
0.42167458
0.42293897
0.42421100
0.42549068
0.42677912
0.42807439
0.42937753
0.30783561
0.30726492
0.30683112
0.30650145
0.30625939
0.30608192
0.30594936
0.30587259
0.30584055
0.30584842
0.30588889
0.30596828
0.30604666
0.30615404
0.30627680
0.30640492
0.30653206
0.30666462
0.30674335
0.30678618
0.29499051
0.29926661
0.30387998
0.30861163
0.31056616
0.31241015
0.31426948
0.31610784
0.31795025
0.31980506
0.32166943
0.32356155
0.32549390
0.32747418
0.32955799
0.48223138
0.48388574
0.48555148
0.48723006
0.48891896
0.49061960
0.49233213
0.49405664
0.49579328
0.49754354
0.49930483
0.50107861
0.50286508
0.50466430
0.50647646
0.50830311
0.51014155
0.51199329
0.51385856
0.51573747
0.51763016
0.51953828
0.52145904
0.52339405
0.52534348
0.52730745
0.52928776
0.53128141
0.53329009
0.53531408
0.53735346
0.53940845
0.54148084
0.54356760
0.54567051
0.54778969
0.54992378
0.55207622
0.55424732
0.55643380
0.55863762
0.56085896
0.56309801
0.56535506
0.56763208
0.56992567
0.57223785
0.57456893
0.57691902
0.57928842
0.58167928
0.58408809
0.58651686
0.58896595
0.59143555
0.59392792
0.59643942
0.59897226
0.60152668
0.60410297
0.60670143
0.60932446
0.61196816
0.61463487
0.61732495
0.62003863
0.62277633
0.62554049
0.62832707
0.63113856
0.63397539
0.63683778
0.63972616
0.64264321
0.64558464
0.64828146
0.65087950
0.65291834
0.65480381
0.65616030
0.65738410
0.65816677
0.65878057
0.65908307
0.65913916
0.65904647
0.65856367
0.65805972
0.65745205
0.65682614
0.65716809
1.39516222
1.40211868
1.40914476
1.41625297
1.42341042
1.43065214
1.43797958
1.44537055
1.45283806
1.46039510
1.46801901
1.47572291
1.48352051
1.49138844
1.49934018
1.50739002
1.51551390
1.52372575
1.53204036
1.54043281
1.54891765
1.55751026
1.56618488
1.57495666
1.58384132
1.59281254
1.60188603
1.61107802
1.62036133
1.62975228
1.63926780
1.64887977
1.65860522
1.66846168
1.67842019
1.68849826
1.69871426
1.70903826
1.71948850
1.73008418
1.74079418
1.75163770
1.76263452
1.77375269
1.78501189
1.79643321
1.80798316
1.81968260
1.83155334
1.84356081
1.85572684
1.86807406
1.88056684
1.89322782
1.90608084
1.91908896
1.93227577
1.94566631
1.95922220
1.97296834
1.98693085
2.00106978
2.01541162
2.02998352
2.04474425
2.05972123
2.07494354
2.09036779
2.10602307
2.12193990
2.13807344
2.15445423
2.17111468
2.18800759
2.20516562
2.22262263
2.24032998
0.29868007
0.29383448
0.29376999
0.29434320
0.29506433
0.37641799
0.37742522
0.37843788
0.37945595
0.38048035
0.38150948
0.38254419
0.38358453
0.38463056
0.38568228
0.38674062
0.38780394
0.38887313
0.38994822
0.39102927
0.39211634
0.39321032
0.39430958
0.39541498
0.39652660
0.39764449
0.39876959
0.39990020
0.40103722
0.40218070
0.40333074
0.40448740
0.40565160
0.40682161
0.40799838
0.40918201
0.41037250
0.41156992
0.41277534
0.41398686
0.41520551
0.41643137
0.41766447
0.41890493
0.42015275
0.42140803
0.42267084
0.42394122
0.42521930
0.42650506
0.42779970
0.42910114
0.43041056
0.43172798
0.43305349
0.31042913
0.30981374
0.30940285
0.30906817
0.30884668
0.30869135
0.30857578
0.30852389
0.30852711
0.30855063
0.30859396
0.30865017
0.30873260
0.30883169
0.30893996
0.30905527
0.30917820
0.30928028
0.30937165
0.29606995
0.29886311
0.30369282
0.30877811
0.31198686
0.31389263
0.31576300
0.31761268
0.31946698
0.32131988
0.32320082
0.32510689
0.32707164
0.32915458
0.48353478
0.48519811
0.48687291
0.48856068
0.49025881
0.49196881
0.49369079
0.49542484
0.49717250
0.49893117
0.50070232
0.50248605
0.50428253
0.50609195
0.50791585
0.50975144
0.51160038
0.51346278
0.51533878
0.51722854
0.51913375
0.52105147
0.52298343
0.52492982
0.52689070
0.52886629
0.53085834
0.53286386
0.53488457
0.53692073
0.53897238
0.54104143
0.54312479
0.54522425
0.54733998
0.54947054
0.55161941
0.55378693
0.55596977
0.55816990
0.56038749
0.56262285
0.56487602
0.56714916
0.56943887
0.57174712
0.57407415
0.57642019
0.57878554
0.58117223
0.58357680
0.58600134
0.58844608
0.59091133
0.59339732
0.59590632
0.59843457
0.60098439
0.60355610
0.60614985
0.60876596
0.61140692
0.61406875
0.61675382
0.61946249
0.62219507
0.62495410
0.62773544
0.63054168
0.63337308
0.63623005
0.63911289
0.64202434
0.64496005
0.64792043
0.65060830
0.65322262
0.65521115
0.65710986
0.65841508
0.65964723
0.66037160
0.66098958
0.66123265
0.66128916
0.66112953
0.66064370
0.66011935
0.65950793
0.65895128
0.65951771
1.40064025
1.40765154
1.41474462
1.42189825
1.42911303
1.43642461
1.44379961
1.45125079
1.45879126
1.46639848
1.47408533
1.48186553
1.48971593
1.49764979
1.50568151
1.51378691
1.52198005
1.53027546
1.53864849
1.54711378
1.55568624
1.56434047
1.57309151
1.58195508
1.59090495
1.59995663
1.60912645
1.61838722
1.62775517
1.63724732
1.64683568
1.65653694
1.66636872
1.67630219
1.68635476
1.69654477
1.70684230
1.71726561
1.72783387
1.73851597
1.74933100
1.76029873
1.77138734
1.78261650
1.79400706
1.80552578
1.81719327
1.82903147
1.84100580
1.85313797
1.86545074
1.87790835
1.89053345
1.90334976
1.91632044
1.92946911
1.94282067
1.95633674
1.97004235
1.98396325
1.99805999
2.01235843
2.02688622
2.04160166
2.05653262
2.07170749
2.08708334
2.10268950
2.11855578
2.13463783
2.15096569
2.16757178
2.18440962
2.20151091
2.21890998
2.23655796
2.25448895
0.29388204
0.29366967
0.29419288
0.29488984
0.37620556
0.37721169
0.37822318
0.37924010
0.38026333
0.38129130
0.38232481
0.38336396
0.38440877
0.38545927
0.38651639
0.38757849
0.38864642
0.38972026
0.39080006
0.39188585
0.39297855
0.39407650
0.39518058
0.39629090
0.39740747
0.39853033
0.39966047
0.40079612
0.40193823
0.40308690
0.40424213
0.40540493
0.40657350
0.40774885
0.40893102
0.41012004
0.41131601
0.41251993
0.41372994
0.41494709
0.41617140
0.41740298
0.41864187
0.41988811
0.42114183
0.42240304
0.42367181
0.42494825
0.42623240
0.42752534
0.42882514
0.43013287
0.43144858
0.43277237
0.43410432
0.43544555
0.43679401
0.31285655
0.31234983
0.31194913
0.31166893
0.31150314
0.31132716
0.31122538
0.31118184
0.31119490
0.31124714
0.31128797
0.31132933
0.31141430
0.31150749
0.31161439
0.31172788
0.31186223
0.31200328
0.31213951
0.29892284
0.30353695
0.30851108
0.31322318
0.31538701
0.31727698
0.31913251
0.32098207
0.32283738
0.32473204
0.32667905
0.32875335
0.48484525
0.48651895
0.48820290
0.48989856
0.49160603
0.49332547
0.49505696
0.49680203
0.49855804
0.50032651
0.50210762
0.50390142
0.50570810
0.50752920
0.50936198
0.51120812
0.51306766
0.51494074
0.51682758
0.51872981
0.52064455
0.52257353
0.52451682
0.52647460
0.52844709
0.53043598
0.53243828
0.53445578
0.53648865
0.53853703
0.54060107
0.54268265
0.54477870
0.54689097
0.54901803
0.55116338
0.55332726
0.55550653
0.55770296
0.55991685
0.56214839
0.56439781
0.56666708
0.56895292
0.57125717
0.57358027
0.57592225
0.57828349
0.58066601
0.58306640
0.58548665
0.58792716
0.59038806
0.59286964
0.59537411
0.59789789
0.60044312
0.60301018
0.60559922
0.60821062
0.61084670
0.61350363
0.61618376
0.61888748
0.62161493
0.62436658
0.62714493
0.62994587
0.63277191
0.63562346
0.63850081
0.64140666
0.64433670
0.64729369
0.65027553
0.65294951
0.65558517
0.65752006
0.65943217
0.66068292
0.66192359
0.66259134
0.66321343
0.66339386
0.66345322
0.66322333
0.66273689
0.66219449
0.66157675
0.66105586
0.66193593
1.40616155
1.41323948
1.42037785
1.42757714
1.43487298
1.44223213
1.44966710
1.45719099
1.46478140
1.47245133
1.48021436
1.48804712
1.49596322
1.50397682
1.51206374
1.52023816
1.52851462
1.53686845
1.54531395
1.55386651
1.56250036
1.57123089
1.58007348
1.58900189
1.59803188
1.60717952
1.61641788
1.62576306
1.63523197
1.64479649
1.65447366
1.66428101
1.67418945
1.68421662
1.69438076
1.70465195
1.71504855
1.72558939
1.73624361
1.74703026
1.75796926
1.76902831
1.78022754
1.79158747
1.80307508
1.81471086
1.82651651
1.83845794
1.85055637
1.86283469
1.87525725
1.88784659
1.90062642
1.91355991
1.92667067
1.93998337
1.95345986
1.96712494
1.98100460
1.99505925
2.00931454
2.02379823
2.03846884
2.05335355
2.06848145
2.08380938
2.09936643
2.11518240
2.13121295
2.14748836
2.16404080
2.18082356
2.19786859
2.21520972
2.23279858
2.25066924
2.26885700
0.29349002
0.29405001
0.29472578
0.37599340
0.37699836
0.37800872
0.37902451
0.38004658
0.38107336
0.38210568
0.38314363
0.38418725
0.38523656
0.38629246
0.38735330
0.38841999
0.38949257
0.39057112
0.39165562
0.39274704
0.39384368
0.39494649
0.39605546
0.39717069
0.39829224
0.39942101
0.40055531
0.40169606
0.40284333
0.40399715
0.40515855
0.40632573
0.40749964
0.40868035
0.40986791
0.41106239
0.41226482
0.41347334
0.41468897
0.41591179
0.41714182
0.41837916
0.41962382
0.42087597
0.42213556
0.42340276
0.42467755
0.42596006
0.42725137
0.42854950
0.42985553
0.43116954
0.43249163
0.43382183
0.43516132
0.43650803
0.43786311
0.43922660
0.31602702
0.31533116
0.31487653
0.31453657
0.31430387
0.31412473
0.31398398
0.31389484
0.31387603
0.31387490
0.31389982
0.31396127
0.31404546
0.31412029
0.31418571
0.31429279
0.31443602
0.31459051
0.31474349
0.31489658
0.30320397
0.30834380
0.31294456
0.31681788
0.31879529
0.32064614
0.32249054
0.32435986
0.32628983
0.48449290
0.48616284
0.48784566
0.48953882
0.49124381
0.49296069
0.49468961
0.49643210
0.49818549
0.49995133
0.50172973
0.50352085
0.50532478
0.50714308
0.50897312
0.51081640
0.51267308
0.51454329
0.51642722
0.51832652
0.52023828
0.52216423
0.52410448
0.52605921
0.52802855
0.53001428
0.53201342
0.53402770
0.53605723
0.53810233
0.54016304
0.54224128
0.54433388
0.54644275
0.54856628
0.55070812
0.55286670
0.55504400
0.55723679
0.55944699
0.56167483
0.56392044
0.56618583
0.56846774
0.57076812
0.57308716
0.57542515
0.57778227
0.58016074
0.58255690
0.58497292
0.58740914
0.58986568
0.59234285
0.59484291
0.59736216
0.59990287
0.60246521
0.60504961
0.60765624
0.61028755
0.61293960
0.61561477
0.61831349
0.62103587
0.62378240
0.62655550
0.62935120
0.63217193
0.63501805
0.63788986
0.64078784
0.64371455
0.64666581
0.64964187
0.65264785
0.65530759
0.65792346
0.65984529
0.66171199
0.66296399
0.66418844
0.66482353
0.66544986
0.66557175
0.66563147
0.66533291
0.66484338
0.66428018
0.66365850
0.66317141
0.66445124
1.41173756
1.41886067
1.42604470
1.43332481
1.44066799
1.44808674
1.45559430
1.46316803
1.47082102
1.47856677
1.48638213
1.49428046
1.50227594
1.51034462
1.51850045
1.52675784
1.53509235
1.54351842
1.55205095
1.56066465
1.56937456
1.57819617
1.58710337
1.59611177
1.60523736
1.61445343
1.62377572
1.63322139
1.64276254
1.65241563
1.66219842
1.67208207
1.68208396
1.69222236
1.70246732
1.71283710
1.72335076
1.73397732
1.74473572
1.75564575
1.76667559
1.77784503
1.78917444
1.80063093
1.81223512
1.82400858
1.83591700
1.84798205
1.86022604
1.87261379
1.88516748
1.89791095
1.91080737
1.92388022
1.93715429
1.95059144
1.96421623
1.97805476
1.99206734
2.00627995
2.02071953
2.03534555
2.05018449
2.06526566
2.08054566
2.09605384
2.11181974
2.12779927
2.14402246
2.16052103
2.17724895
2.19423795
2.21152163
2.22905183
2.24686241
2.26498842
2.28338003
0.29389465
0.29455069
0.37578148
0.37678531
0.37779450
0.37880912
0.37982923
0.38085565
0.38188681
0.38292357
0.38396597
0.38501409
0.38606873
0.38712835
0.38819382
0.38926515
0.39034241
0.39142567
0.39251581
0.39361116
0.39471266
0.39582032
0.39693424
0.39805442
0.39918184
0.40031478
0.40145418
0.40260005
0.40375251
0.40491247
0.40607822
0.40725070
0.40842995
0.40961608
0.41080910
0.41201004
0.41321707
0.41443118
0.41565248
0.41688097
0.41811675
0.41935989
0.42061043
0.42186844
0.42313403
0.42440721
0.42568809
0.42697772
0.42827418
0.42957854
0.43089086
0.43221125
0.43353972
0.43487746
0.43622240
0.43757570
0.43893743
0.44030765
0.44168645
0.44307500
0.31835055
0.31777316
0.31741446
0.31711531
0.31689966
0.31674346
0.31663471
0.31657952
0.31654012
0.31656209
0.31659305
0.31662965
0.31668204
0.31676376
0.31684944
0.31699729
0.31714866
0.31730300
0.31748351
0.30370319
0.30819431
0.31248802
0.31751865
0.32031205
0.32214037
0.32399145
0.32590869
0.48580855
0.48748893
0.48917964
0.49088210
0.49259645
0.49432281
0.49606133
0.49781349
0.49957669
0.50135243
0.50314081
0.50494200
0.50675762
0.50858486
0.51042533
0.51227915
0.51414651
0.51602751
0.51792383
0.51983261
0.52175558
0.52369279
0.52564442
0.52761066
0.52959323
0.53158921
0.53360027
0.53562659
0.53766835
0.53972578
0.54180062
0.54388982
0.54599518
0.54811525
0.55025357
0.55240858
0.55458230
0.55677146
0.55897796
0.56120199
0.56344384
0.56570363
0.56798345
0.57027990
0.57259500
0.57492894
0.57728201
0.57965630
0.58204830
0.58446014
0.58689201
0.58934420
0.59181702
0.59431261
0.59682739
0.59936351
0.60192126
0.60450101
0.60710287
0.60972935
0.61237657
0.61504686
0.61774051
0.62045789
0.62319928
0.62596720
0.62875766
0.63157302
0.63441372
0.63728011
0.64017254
0.64309365
0.64603919
0.64900947
0.65200955
0.65503031
0.65768528
0.66025162
0.66218710
0.66400015
0.66526330
0.66643393
0.66707081
0.66769886
0.66776145
0.66782409
0.66745597
0.66696334
0.66637903
0.66575348
0.66540754
0.66698581
1.41734684
1.42451537
1.43177986
1.43910718
1.44650996
1.45400107
1.46155822
1.46919429
1.47692287
1.48472071
1.49260151
1.50057888
1.50862932
1.51676655
1.52500510
1.53332043
1.54172695
1.55023968
1.55883324
1.56752264
1.57632339
1.58520949
1.59419632
1.60329998
1.61249363
1.62179339
1.63121593
1.64073348
1.65036273
1.66012120
1.66998005
1.67995667
1.69006932
1.70028818
1.71063137
1.72111785
1.73171687
1.74244714
1.75332856
1.76432920
1.77546871
1.78676784
1.79819345
1.80976617
1.82150745
1.83338320
1.84541476
1.85762465
1.86997759
1.88249600
1.89520323
1.90806270
1.92109799
1.93433344
1.94773138
1.96131623
1.97511375
1.98908448
2.00325441
2.01765037
2.03223157
2.04702520
2.06205964
2.07729220
2.09275150
2.10846782
2.12439632
2.14056754
2.15701294
2.17368627
2.19061947
2.20784616
2.22531772
2.24306822
2.26113296
2.27946186
2.29809022
0.29436025
0.37556976
0.37657246
0.37758055
0.37859401
0.37961295
0.38063821
0.38166818
0.38270375
0.38374496
0.38479185
0.38584447
0.38690370
0.38796791
0.38903800
0.39011401
0.39119598
0.39228484
0.39337891
0.39447910
0.39558545
0.39669803
0.39781690
0.39894298
0.40007454
0.40121257
0.40235707
0.40350813
0.40466580
0.40583104
0.40700206
0.40817991
0.40936455
0.41055611
0.41175464
0.41296113
0.41417372
0.41539350
0.41662046
0.41785470
0.41909626
0.42034522
0.42160165
0.42286563
0.42413720
0.42541644
0.42670444
0.42799923
0.42930192
0.43061256
0.43193120
0.43325797
0.43459398
0.43593717
0.43728870
0.43864861
0.44001704
0.44139403
0.44278073
0.44417509
0.44557828
0.44699034
0.32070911
0.32027170
0.31995738
0.31970337
0.31950539
0.31936154
0.31927103
0.31922522
0.31919602
0.31921092
0.31922635
0.31927046
0.31933403
0.31941426
0.31955186
0.31971371
0.31987977
0.32006383
0.32025039
0.30783987
0.31231532
0.31698996
0.32159853
0.32361683
0.32549211
0.48713273
0.48882094
0.49052092
0.49223274
0.49395657
0.49569249
0.49744207
0.49920261
0.50097567
0.50276136
0.50455987
0.50637126
0.50819719
0.51003480
0.51188582
0.51375031
0.51562840
0.51752180
0.51942760
0.52134752
0.52328169
0.52523029
0.52719343
0.52917290
0.53116566
0.53317350
0.53519660
0.53723508
0.53928918
0.54136068
0.54344648
0.54554844
0.54766667
0.54979974
0.55195123
0.55412138
0.55630684
0.55850965
0.56072998
0.56296802
0.56522399
0.56749994
0.56979251
0.57210362
0.57443357
0.57678258
0.57915086
0.58154058
0.58394819
0.58637583
0.58882368
0.59129214
0.59378135
0.59629357
0.59882516
0.60137832
0.60395336
0.60655051
0.60917014
0.61181462
0.61447996
0.61716866
0.61988103
0.62261730
0.62538004
0.62816519
0.63097525
0.63381058
0.63667154
0.63955837
0.64247388
0.64541376
0.64837825
0.65137249
0.65439457
0.65740347
0.66007775
0.66259378
0.66454303
0.66630673
0.66757613
0.66869211
0.66933334
0.66990262
0.66996819
0.67003119
0.66959268
0.66909683
0.66849124
0.66786170
0.66765881
0.66982949
1.42298949
1.43023837
1.43754983
1.44493651
1.45241129
1.45995188
1.46757114
1.47528255
1.48306310
1.49092627
1.49888575
1.50691795
1.51503670
1.52325642
1.53155267
1.53993976
1.54843259
1.55700612
1.56567514
1.57445514
1.58332002
1.59228539
1.60136724
1.61053860
1.61981571
1.62921524
1.63870943
1.64831483
1.65804911
1.66788328
1.67783475
1.68792188
1.69811463
1.70843136
1.71889079
1.72946227
1.74016452
1.75101733
1.76198900
1.77309895
1.78436768
1.79576266
1.80730391
1.81901312
1.83085632
1.84285462
1.85503066
1.86734891
1.87983203
1.89250314
1.90532601
1.91832364
1.93152094
1.94487977
1.95842457
1.97218132
1.98611057
2.00023794
2.01459050
2.02912736
2.04387569
2.05886364
2.07404900
2.08945990
2.10512638
2.12100434
2.13712382
2.15351605
2.17013526
2.18701291
2.20418262
2.22159624
2.23928714
2.25729060
2.27555704
2.29412127
2.31302118
0.37535831
0.37635988
0.37736681
0.37837914
0.37939692
0.38042101
0.38144982
0.38248420
0.38352421
0.38456988
0.38562128
0.38667929
0.38774228
0.38881111
0.38988587
0.39096656
0.39205331
0.39314693
0.39424583
0.39535087
0.39646214
0.39757967
0.39870352
0.39983460
0.40097126
0.40211439
0.40326405
0.40442032
0.40558413
0.40675375
0.40793014
0.40911335
0.41030344
0.41150048
0.41270548
0.41391659
0.41513482
0.41636026
0.41759294
0.41883296
0.42008036
0.42133522
0.42259759
0.42386752
0.42514515
0.42643049
0.42772466
0.42902565
0.43033460
0.43165156
0.43297660
0.43431085
0.43565229
0.43700206
0.43836018
0.43972680
0.44110197
0.44248685
0.44387937
0.44528067
0.44669083
0.44810998
0.44953814
0.45097661
0.32309699
0.32273027
0.32246426
0.32225877
0.32210365
0.32198188
0.32189453
0.32184565
0.32183111
0.32184449
0.32186776
0.32190850
0.32201624
0.32214561
0.32229668
0.32245433
0.32263842
0.32282275
0.30883974
0.31187755
0.31668654
0.32176128
0.48677704
0.48846281
0.49016026
0.49186957
0.49359083
0.49532419
0.49707118
0.49882910
0.50059950
0.50238252
0.50417829
0.50598693
0.50781006
0.50964493
0.51149309
0.51335472
0.51522988
0.51711887
0.51902324
0.52094018
0.52287132
0.52481681
0.52677685
0.52875316
0.53074276
0.53274745
0.53476727
0.53680247
0.53885329
0.54092139
0.54300386
0.54510236
0.54721713
0.54934675
0.55149466
0.55366117
0.55584306
0.55804217
0.56025875
0.56249303
0.56474519
0.56701732
0.56930590
0.57161307
0.57393903
0.57628399
0.57864815
0.58103377
0.58343714
0.58586049
0.58830410
0.59076816
0.59325296
0.59576070
0.59828776
0.60083634
0.60340673
0.60599917
0.60861611
0.61125362
0.61391413
0.61659789
0.61930519
0.62203640
0.62479174
0.62757385
0.63037866
0.63320863
0.63606411
0.63894546
0.64185536
0.64478952
0.64774829
0.65073669
0.65375286
0.65679705
0.65979397
0.66248280
0.66492534
0.66687834
0.66855401
0.66982698
0.67085695
0.67150992
0.67201185
0.67210066
0.67217171
0.67171770
0.67124403
0.67061687
0.66998327
0.66992527
0.67296970
1.42870009
1.43599582
1.44336653
1.45082498
1.45834911
1.46595156
1.47364593
1.48140919
1.48925471
1.49719632
1.50521040
1.51331067
1.52151167
1.52978885
1.53815663
1.54662979
1.55518329
1.56383193
1.57259119
1.58143508
1.59037900
1.59943902
1.60858834
1.61784291
1.62721956
1.63669038
1.64627206
1.65598214
1.66579175
1.67571831
1.68577981
1.69594669
1.70623696
1.71666944
1.72721350
1.73788798
1.74871230
1.75965488
1.77073538
1.78197408
1.79333830
1.80484843
1.81652570
1.82833636
1.84030163
1.85244370
1.86472762
1.87717557
1.88981080
1.90259707
1.91555738
1.92871642
1.94203639
1.95554161
1.96925771
1.98314548
1.99723053
2.01153994
2.02603269
2.04073572
2.05567741
2.07081556
2.08617830
2.10179567
2.11762333
2.13369107
2.15003037
2.16659570
2.18341827
2.20053124
2.21788692
2.23551869
2.25346136
2.27166557
2.29016614
2.30900073
2.32811713
0.37614754
0.37715334
0.37816453
0.37918115
0.38020405
0.38123170
0.38226488
0.38330370
0.38434818
0.38539836
0.38645515
0.38751689
0.38858449
0.38965797
0.39073744
0.39182287
0.39291522
0.39401281
0.39511657
0.39622650
0.39734271
0.39846522
0.39959496
0.40073025
0.40187201
0.40302026
0.40417513
0.40533662
0.40650573
0.40768069
0.40886244
0.41005108
0.41124663
0.41245013
0.41365975
0.41487649
0.41610038
0.41733155
0.41857001
0.41981584
0.42106909
0.42232987
0.42359823
0.42487422
0.42615789
0.42745042
0.42874974
0.43005699
0.43137226
0.43269557
0.43402705
0.43536779
0.43671578
0.43807214
0.43943697
0.44081032
0.44219336
0.44358402
0.44498345
0.44639173
0.44780898
0.44923523
0.45067173
0.45211634
0.45357019
0.32635623
0.32558319
0.32528275
0.32505643
0.32486302
0.32471013
0.32460532
0.32452071
0.32446331
0.32444558
0.32446864
0.32453784
0.32464498
0.32478538
0.32494131
0.32510391
0.32527027
0.32547784
0.32568565
0.31167987
0.31652662
0.32132509
0.48980016
0.49150693
0.49322566
0.49495646
0.49670082
0.49845612
0.50022388
0.50200421
0.50379729
0.50560319
0.50742358
0.50925565
0.51110095
0.51295972
0.51483202
0.51671809
0.51861948
0.52053344
0.52246153
0.52440399
0.52636099
0.52833259
0.53032058
0.53232205
0.53433865
0.53637064
0.53841805
0.54048288
0.54256195
0.54465699
0.54676837
0.54889441
0.55103880
0.55320174
0.55537999
0.55757546
0.55978835
0.56201887
0.56426722
0.56653547
0.56882018
0.57112342
0.57344538
0.57578629
0.57814634
0.58052778
0.58292699
0.58534610
0.58778542
0.59024513
0.59272552
0.59522879
0.59775132
0.60029531
0.60286105
0.60544884
0.60805893
0.61069369
0.61334932
0.61602813
0.61873043
0.62145650
0.62420899
0.62698364
0.62978315
0.63260776
0.63545781
0.63833368
0.64123797
0.64416647
0.64712191
0.65010214
0.65311241
0.65615064
0.65921974
0.66218215
0.66488808
0.66724080
0.66920751
0.67079121
0.67207277
0.67301291
0.67367262
0.67408335
0.67417270
0.67415231
0.67369556
0.67322677
0.67264163
0.67205751
0.67230374
1.42716515
1.43444514
1.44179988
1.44924223
1.45674980
1.46433556
1.47201300
1.47975898
1.48758698
1.49551082
1.50350678
1.51158869
1.51977098
1.52802920
1.53637755
1.54483116
1.55336475
1.56199312
1.57073176
1.57955468
1.58847725
1.59751558
1.60664284
1.61587501
1.62522864
1.63467634
1.64423442
1.65392029
1.66370547
1.67360699
1.68364310
1.69378424
1.70404816
1.71445382
1.72497070
1.73561728
1.74641323
1.75732708
1.76837814
1.77958679
1.79092050
1.80239952
1.81404507
1.82582343
1.83775568
1.84986413
1.86211371
1.87452662
1.88712609
1.89987588
1.91279912
1.92592013
1.93920135
1.95266700
1.96634269
1.98018920
1.99423218
2.00849843
2.02294731
2.03760552
2.05250120
2.06759238
2.08290720
2.09847546
2.11425281
2.13026929
2.14655614
2.16306782
2.17983532
2.19689202
2.21419001
2.23176289
2.24964523
2.26778746
2.28622484
2.30499411
2.32404399
2.34341121
0.37694010
0.37795013
0.37896559
0.37998736
0.38101381
0.38204584
0.38308346
0.38412672
0.38517570
0.38623124
0.38729176
0.38835812
0.38943037
0.39050856
0.39159271
0.39268380
0.39378008
0.39488253
0.39599115
0.39710602
0.39822719
0.39935559
0.40048951
0.40162989
0.40277678
0.40393025
0.40509126
0.40625802
0.40743154
0.40861186
0.40979901
0.41099310
0.41219419
0.41340324
0.41461846
0.41584086
0.41707048
0.41830736
0.41955164
0.42080331
0.42206252
0.42332923
0.42460361
0.42588568
0.42717651
0.42847419
0.42977977
0.43109331
0.43241492
0.43374467
0.43508366
0.43642989
0.43778449
0.43914750
0.44051903
0.44189918
0.44328907
0.44468665
0.44609305
0.44750839
0.44893274
0.45036730
0.45180994
0.45326182
0.45472309
0.45619380
0.45767406
0.32849005
0.32816726
0.32788798
0.32763812
0.32745489
0.32730797
0.32720569
0.32712993
0.32712030
0.32715097
0.32722554
0.32735553
0.32752720
0.32772800
0.32793388
0.48273879
0.48439664
0.48606724
0.48774809
0.31561574
0.49114484
0.49286103
0.49458927
0.49633104
0.49808374
0.49984884
0.50162649
0.50341690
0.50522006
0.50703764
0.50886691
0.51070940
0.51256531
0.51443475
0.51631790
0.51821637
0.52012730
0.52205241
0.52399182
0.52594572
0.52791423
0.52989906
0.53189737
0.53391075
0.53593946
0.53798360
0.54004341
0.54212075
0.54421240
0.54632032
0.54844290
0.55058372
0.55274308
0.55491769
0.55710948
0.55931866
0.56154543
0.56379002
0.56605440
0.56833524
0.57063454
0.57295251
0.57528943
0.57764542
0.58002269
0.58241773
0.58483267
0.58726764
0.58972299
0.59219897
0.59469783
0.59721583
0.59975529
0.60231644
0.60489953
0.60750484
0.61013484
0.61278558
0.61545944
0.61815673
0.62087774
0.62362289
0.62639457
0.62918878
0.63200808
0.63485271
0.63772303
0.64062178
0.64354467
0.64649439
0.64946884
0.65247321
0.65550548
0.65856856
0.66165787
0.66458523
0.66731340
0.66956997
0.67155296
0.67304349
0.67433619
0.67518282
0.67584676
0.67616767
0.67626017
0.67614460
0.67568517
0.67519051
0.67460197
0.67406040
0.67464030
1.43289793
1.44023669
1.44766283
1.45515406
1.46272314
1.47038364
1.47811246
1.48592293
1.49382901
1.50180697
1.50987053
1.51803422
1.52627349
1.53460276
1.54303670
1.55155039
1.56015861
1.56887662
1.57767868
1.58658004
1.59559667
1.60470200
1.61391175
1.62324274
1.63266718
1.64220178
1.65186357
1.66162431
1.67150116
1.68151188
1.69162726
1.70186508
1.71224403
1.72273362
1.73335254
1.74412024
1.75500536
1.76602709
1.77720594
1.78850925
1.79995728
1.81157112
1.82331729
1.83521664
1.84729159
1.85950708
1.87188518
1.88444901
1.89716256
1.91004872
1.92313194
1.93637455
1.94980085
1.96343625
1.97724187
1.99124289
2.00546622
2.01987123
2.03448462
2.04933476
2.06437922
2.07964635
2.09516549
2.11089301
2.12685847
2.14309311
2.15955114
2.17626405
2.19326472
2.21050549
2.22801971
2.24584174
2.26392245
2.28229666
2.30100155
2.31998515
2.33928442
2.35893893
0.37773597
0.37875029
0.37977087
0.38079616
0.38182703
0.38286346
0.38390553
0.38495329
0.38600764
0.38706690
0.38813204
0.38920301
0.39027995
0.39136285
0.39245263
0.39354765
0.39464876
0.39575610
0.39686963
0.39798945
0.39911652
0.40024906
0.40138808
0.40253359
0.40368566
0.40484434
0.40601060
0.40718269
0.40836155
0.40954727
0.41073990
0.41194046
0.41314706
0.41436076
0.41558164
0.41680971
0.41804507
0.41928679
0.42053789
0.42179546
0.42306060
0.42433333
0.42561376
0.42690298
0.42819899
0.42950287
0.43081474
0.43213463
0.43346265
0.43479991
0.43614438
0.43749720
0.43885842
0.44022816
0.44160646
0.44299451
0.44439024
0.44579476
0.44720820
0.44863063
0.45006213
0.45150393
0.45295388
0.45441315
0.45588186
0.45736009
0.45884910
0.46034667
0.46185407
0.33111942
0.33078775
0.33048129
0.33021706
0.33002052
0.32992387
0.32986397
0.32986763
0.32994774
0.33011112
0.33032674
0.48074535
0.48238951
0.48404494
0.48571178
0.48739150
0.48908150
0.49078327
0.49249694
0.49422261
0.49596182
0.49771190
0.49947435
0.50124937
0.50303704
0.50483745
0.50665230
0.50847882
0.51031852
0.51217157
0.51403809
0.51591831
0.51781386
0.51972187
0.52164394
0.52358031
0.52553111
0.52749652
0.52947825
0.53147334
0.53348351
0.53550893
0.53754979
0.53960794
0.54168028
0.54376853
0.54587299
0.54799211
0.55012941
0.55228519
0.55445617
0.55664432
0.55884981
0.56107289
0.56331366
0.56557423
0.56785119
0.57014656
0.57246053
0.57479340
0.57714534
0.57951850
0.58190936
0.58432007
0.58675081
0.58920181
0.59167343
0.59416783
0.59668136
0.59921622
0.60177273
0.60435116
0.60695177
0.60957694
0.61222279
0.61489177
0.61758411
0.62030005
0.62304008
0.62580657
0.62859553
0.63140947
0.63424873
0.63711363
0.64000452
0.64292407
0.64586806
0.64883673
0.65183526
0.65486163
0.65791863
0.66100186
0.66411412
0.66700578
0.66975391
0.67191547
0.67391241
0.67530835
0.67661232
0.67736673
0.67803758
0.67826754
0.67836058
0.67814606
0.67768651
0.67716318
0.67657119
0.67608035
0.67713225
1.43867683
1.44608688
1.45356178
1.46111429
1.46875787
1.47646952
1.48426270
1.49215102
1.50011098
1.50815642
1.51630139
1.52452183
1.53283191
1.54124641
1.54974031
1.55832839
1.56702590
1.57580709
1.58468735
1.59368241
1.60276580
1.61195338
1.62126160
1.63066304
1.64017403
1.64981210
1.65954852
1.66940057
1.67938614
1.68947577
1.69968748
1.71003973
1.72050238
1.73109365
1.74183333
1.75268972
1.76368237
1.77483141
1.78610444
1.79752159
1.80910397
1.82081807
1.83268476
1.84472632
1.85690773
1.86925113
1.88177955
1.89445686
1.90730631
1.92035186
1.93355608
1.94694316
1.96053851
1.97430313
1.98826241
2.00244308
2.01680470
2.03137350
2.04617810
2.06117606
2.07639575
2.09186625
2.10754418
2.12345862
2.13964128
2.15604615
2.17270470
2.18964934
2.20683336
2.22428894
2.24205112
2.26007080
2.27838230
2.29702258
2.31594038
2.33517218
2.35475731
2.37461042
0.37853524
0.37955385
0.38057879
0.38160846
0.38264370
0.38368458
0.38473114
0.38578343
0.38684231
0.38790619
0.38897595
0.39005160
0.39113325
0.39222175
0.39331546
0.39441529
0.39552128
0.39663351
0.39775202
0.39887771
0.40000892
0.40114656
0.40229070
0.40344137
0.40459865
0.40576351
0.40693414
0.40811157
0.40929586
0.41048700
0.41168511
0.41289118
0.41410339
0.41532275
0.41654930
0.41778308
0.41902521
0.42027277
0.42152879
0.42279232
0.42406344
0.42534223
0.42662978
0.42792413
0.42922634
0.43053651
0.43185472
0.43318102
0.43451652
0.43585923
0.43721029
0.43856972
0.43993765
0.44131413
0.44270036
0.44409421
0.44549686
0.44690841
0.44832891
0.44975850
0.45119837
0.45264634
0.45410362
0.45557034
0.45704654
0.45853233
0.46002904
0.46153432
0.46304950
0.46457466
0.46610990
0.33376428
0.33338171
0.33308664
0.33284003
0.33272430
0.33272117
0.33283317
0.47876829
0.48039892
0.48204070
0.48369375
0.48535818
0.48703542
0.48872298
0.49042225
0.49213338
0.49385652
0.49559173
0.49734059
0.49910045
0.50087279
0.50265777
0.50445551
0.50626755
0.50809127
0.50992817
0.51177835
0.51364207
0.51551938
0.51741195
0.51931697
0.52123612
0.52316946
0.52511716
0.52707946
0.52905804
0.53104997
0.53305691
0.53507912
0.53711671
0.53916991
0.54124051
0.54332536
0.54542637
0.54754370
0.54967582
0.55182803
0.55399543
0.55617994
0.55838174
0.56060106
0.56283808
0.56509483
0.56736791
0.56965935
0.57196939
0.57429826
0.57664615
0.57901520
0.58140188
0.58380836
0.58623481
0.58868152
0.59114879
0.59363872
0.59614778
0.59867811
0.60123003
0.60380381
0.60639971
0.60902005
0.61166114
0.61432517
0.61701250
0.61972344
0.62245834
0.62521970
0.62800342
0.63081205
0.63364589
0.63650531
0.63939071
0.64230466
0.64524293
0.64820588
0.65119857
0.65421897
0.65726757
0.66034710
0.66345322
0.66658866
0.66944408
0.67221236
0.67427999
0.67627817
0.67759109
0.67888838
0.67956483
0.68024004
0.68037784
0.68047410
0.68016207
0.67969716
0.67914999
0.67855453
0.67817450
0.67972833
1.44451439
1.45197296
1.45950902
1.46713567
1.47483039
1.48260605
1.49047685
1.49841893
1.50644600
1.51457262
1.52277422
1.53106523
1.53946030
1.54793441
1.55650246
1.56517947
1.57394004
1.58279908
1.59177279
1.60083437
1.60999966
1.61928523
1.62866366
1.63815141
1.64776552
1.65747786
1.66730523
1.67726564
1.68732977
1.69751549
1.70784128
1.71827686
1.72884071
1.73955238
1.75038028
1.76134384
1.77246332
1.78370619
1.79509258
1.80664361
1.81832564
1.83015978
1.84216809
1.85431564
1.86662447
1.87911761
1.89175904
1.90457165
1.91757977
1.93074572
1.94409382
1.95764923
1.97137320
1.98529100
1.99942911
2.01374722
2.02827191
2.04303122
2.05798292
2.07315516
2.08857727
2.10420561
2.12006974
2.13620043
2.15255237
2.16915679
2.18604612
2.20317316
2.22057080
2.23827338
2.25623202
2.27448130
2.29305744
2.31190968
2.33107448
2.35059047
2.37037325
2.39052367
0.37933791
0.38036168
0.38139015
0.38242421
0.38346389
0.38450924
0.38556030
0.38661799
0.38768062
0.38874912
0.38982353
0.39090389
0.39199027
0.39308354
0.39418209
0.39528677
0.39639768
0.39751485
0.39863920
0.39976907
0.40090534
0.40204808
0.40319738
0.40435323
0.40551668
0.40668592
0.40786192
0.40904471
0.41023442
0.41143104
0.41263562
0.41384634
0.41506416
0.41628918
0.41752145
0.41876104
0.42000800
0.42126241
0.42252436
0.42379388
0.42507103
0.42635694
0.42764962
0.42895019
0.43025866
0.43157515
0.43289971
0.43423352
0.43557447
0.43692374
0.43828142
0.43964753
0.44102219
0.44240656
0.44379857
0.44519937
0.44660902
0.44802764
0.44945529
0.45089322
0.45233923
0.45379454
0.45525923
0.45673341
0.45821717
0.45971182
0.46121502
0.46272811
0.46425113
0.46578422
0.46732751
0.46888223
0.47044614
0.33634180
0.33592159
0.33570555
0.33585504
0.47842470
0.48005301
0.48169243
0.48334306
0.48500508
0.48667988
0.48836496
0.49006176
0.49177039
0.49349093
0.49522361
0.49696985
0.49872708
0.50049675
0.50227904
0.50407410
0.50588197
0.50770432
0.50953841
0.51138580
0.51324666
0.51512104
0.51701075
0.51891279
0.52082890
0.52275920
0.52470392
0.52666306
0.52863854
0.53062731
0.53263104
0.53465003
0.53668433
0.53873420
0.54080147
0.54288292
0.54498053
0.54709435
0.54922301
0.55136997
0.55353546
0.55571634
0.55791450
0.56013006
0.56236333
0.56461620
0.56688547
0.56917304
0.57147914
0.57380396
0.57614779
0.57851279
0.58089530
0.58329755
0.58571976
0.58816218
0.59062505
0.59311062
0.59561521
0.59814101
0.60068834
0.60325742
0.60584861
0.60846424
0.61110044
0.61375958
0.61644197
0.61914796
0.62187773
0.62463391
0.62741238
0.63021570
0.63304424
0.63589823
0.63877803
0.64168644
0.64461905
0.64757627
0.65056312
0.65357763
0.65662020
0.65969372
0.66279364
0.66592282
0.66908175
0.67190027
0.67464030
0.67665863
0.67856747
0.67988926
0.68109637
0.68177724
0.68240452
0.68250132
0.68259817
0.68219006
0.68172240
0.68114847
0.68054694
0.68037003
0.68270814
1.45038760
1.45790708
1.46551704
1.47319472
1.48095322
1.48880637
1.49673057
1.50473964
1.51284766
1.52103066
1.52930260
1.53767824
1.54613280
1.55468071
1.56333756
1.57207727
1.58091545
1.58986759
1.59890747
1.60805070
1.61731374
1.62666929
1.63613379
1.64572418
1.65541232
1.66521513
1.67515051
1.68518925
1.69534898
1.70564842
1.71605706
1.72659361
1.73727727
1.74807692
1.75901151
1.77010143
1.78131425
1.79267001
1.80418980
1.81584013
1.82764184
1.83961689
1.85173070
1.86400521
1.87646317
1.88906872
1.90184486
1.91481555
1.92794359
1.94125271
1.95476842
1.96845198
1.98232830
1.99642408
2.01069903
2.02517962
2.03989387
2.05479956
2.06992459
2.08529854
2.10087776
2.11669159
2.13277078
2.14907002
2.16562033
2.18245459
2.19952512
2.21686506
2.23450828
2.25240636
2.27059340
2.28910589
2.30789304
2.32699084
2.34643841
2.36615109
2.38622952
2.40668416
0.38014477
0.38117209
0.38220498
0.38324344
0.38428760
0.38533747
0.38639390
0.38745531
0.38852257
0.38959572
0.39067483
0.39175993
0.39285192
0.39394915
0.39505255
0.39616212
0.39727795
0.39840010
0.39952949
0.40066439
0.40180576
0.40295368
0.40410814
0.40527019
0.40643799
0.40761253
0.40879390
0.40998214
0.41117728
0.41238040
0.41358960
0.41480592
0.41602939
0.41726014
0.41849816
0.41974357
0.42099640
0.42225674
0.42352465
0.42480019
0.42608345
0.42737550
0.42867437
0.42998117
0.43129596
0.43261880
0.43395087
0.43529007
0.43663758
0.43799347
0.43935779
0.44073063
0.44211319
0.44350335
0.44490227
0.44631004
0.44772676
0.44915247
0.45058846
0.45203251
0.45348585
0.45494854
0.45642072
0.45790246
0.45939502
0.46089616
0.46240714
0.46392807
0.46545905
0.46700013
0.46855271
0.47011438
0.47168651
0.47326919
0.47486255
0.47646537
0.47808161
0.47970757
0.48134464
0.48299292
0.48465252
0.48632354
0.48800749
0.48970178
0.49140790
0.49312592
0.49485600
0.49659967
0.49835426
0.50012130
0.50190091
0.50369322
0.50549841
0.50731802
0.50914931
0.51099384
0.51285183
0.51472336
0.51660860
0.51850921
0.52042234
0.52234966
0.52429128
0.52624738
0.52821970
0.53020531
0.53220588
0.53422159
0.53625268
0.53829920
0.54036313
0.54244125
0.54453540
0.54664576
0.54877090
0.55091435
0.55307627
0.55525351
0.55744797
0.55965984
0.56188935
0.56413668
0.56640387
0.56868750
0.57098967
0.57331055
0.57565033
0.57801121
0.58038962
0.58278769
0.58520567
0.58764374
0.59010226
0.59258342
0.59508353
0.59760481
0.60014760
0.60271204
0.60529858
0.60790944
0.61054081
0.61319506
0.61587250
0.61857343
0.62129819
0.62404919
0.62682247
0.62962055
0.63244367
0.63529223
0.63816661
0.64106941
0.64399636
0.64695019
0.64992887
0.65293753
0.65597415
0.65904158
0.66213536
0.66525835
0.66841090
0.67158842
0.67436939
0.67699063
0.67901266
0.68079680
0.68212473
0.68321908
0.68391734
0.68445385
0.68458545
0.68467498
0.68423021
0.68375975
0.68315619
0.68255365
0.68261123
1.44880569
1.45630884
1.46390212
1.47156274
1.47930396
1.48713958
1.49504602
1.50303698
1.51112676
1.51929104
1.52754402
1.53590035
1.54433525
1.55286336
1.56149983
1.57021904
1.57903624
1.58796716
1.59698522
1.60610640
1.61534703
1.62467980
1.63412106
1.64368784
1.65335190
1.66313028
1.67304075
1.68305409
1.69318807
1.70346117
1.71384311
1.72435236
1.73500824
1.74577951
1.75668538
1.76774585
1.77892876
1.79025412
1.80174267
1.81336129
1.82513070
1.83707285
1.84915304
1.86139321
1.87381625
1.88638616
1.89912593
1.91205943
1.92514944
1.93842006
1.95189619
1.96553934
1.97937453
1.99342823
2.00766015
2.02209687
2.03676605
2.05162597
2.06670427
2.08203030
2.09756041
2.11332417
2.12935185
2.14559889
2.16209555
2.17887473
2.19588923
2.21317148
2.23075604
2.24859357
2.26671886
2.28516817
2.30389023
2.32292175
2.34230113
2.36197519
2.38195062
2.40233183
2.42303157
0.38095427
0.38198596
0.38302326
0.38406622
0.38511488
0.38617009
0.38723028
0.38829628
0.38936818
0.39044604
0.39152986
0.39262056
0.39371651
0.39481860
0.39592686
0.39704135
0.39816216
0.39929020
0.40042374
0.40156376
0.40271026
0.40386334
0.40502304
0.40619034
0.40736347
0.40854338
0.40973017
0.41092384
0.41212547
0.41333318
0.41454798
0.41576993
0.41699913
0.41823563
0.41947946
0.42073071
0.42198947
0.42325577
0.42452967
0.42581129
0.42710170
0.42839891
0.42970401
0.43101710
0.43233827
0.43366751
0.43500605
0.43635181
0.43770590
0.43906844
0.44043946
0.44182020
0.44320852
0.44460556
0.44601145
0.44742626
0.44885010
0.45028412
0.45172623
0.45317760
0.45463830
0.45610848
0.45758817
0.45907870
0.46057776
0.46208665
0.46360546
0.46513429
0.46667323
0.46822363
0.46978313
0.47135302
0.47293347
0.47452453
0.47612509
0.47773904
0.47936267
0.48099735
0.48264325
0.48430043
0.48596904
0.48765054
0.48934233
0.49104595
0.49276143
0.49448895
0.49622867
0.49798203
0.49974641
0.50152332
0.50331295
0.50511539
0.50693077
0.50876075
0.51060247
0.51245761
0.51432627
0.51620859
0.51810622
0.52001637
0.52194071
0.52387929
0.52583230
0.52779996
0.52978396
0.53178138
0.53379387
0.53582168
0.53786492
0.53992546
0.54200023
0.54409099
0.54619795
0.54831958
0.55045944
0.55261779
0.55479145
0.55698222
0.55919039
0.56141615
0.56365973
0.56592304
0.56820285
0.57050103
0.57281792
0.57515371
0.57750863
0.57988477
0.58227867
0.58469242
0.58712626
0.58958042
0.59205717
0.59455281
0.59706962
0.59960783
0.60216767
0.60474950
0.60735559
0.60998219
0.61263162
0.61530411
0.61800003
0.62071973
0.62346560
0.62623370
0.62902647
0.63184428
0.63468742
0.63755631
0.64045352
0.64337486
0.64632303
0.64929593
0.65229863
0.65532935
0.65839070
0.66147840
0.66459513
0.66774142
0.67091763
0.67403740
0.67683876
0.67932105
0.68135709
0.68300939
0.68434858
0.68531817
0.68602073
0.68643874
0.68656844
0.68653405
0.68611592
0.68567455
0.68512559
0.68458807
0.68502277
1.45471406
1.46229064
1.46993434
1.47765851
1.48547661
1.49336529
1.50133824
1.50940967
1.51755536
1.52578938
1.53412652
1.54254198
1.55105019
1.55966640
1.56836522
1.57716143
1.58607113
1.59506762
1.60416687
1.61338520
1.62269521
1.63211334
1.64165652
1.65129662
1.66105068
1.67093635
1.68092442
1.69103265
1.70127952
1.71163476
1.72211695
1.73274505
1.74348819
1.75436532
1.76539660
1.77654970
1.78784466
1.79930222
1.81088924
1.82262647
1.83453572
1.84658253
1.85878861
1.87117672
1.88371122
1.89641464
1.90931118
1.92236352
1.93559551
1.94903231
1.96263528
1.97642946
1.99044132
2.00463057
2.01902342
2.03364801
2.04846215
2.06349397
2.07877207
2.09425354
2.10996723
2.12594414
2.14213896
2.15858221
2.17530680
2.19226527
2.20949030
2.22701621
2.24479389
2.26285768
2.28124380
2.29990149
2.31886673
2.33817816
2.35778284
2.37768722
2.39799500
2.41861987
2.43960261
0.38176724
0.38280335
0.38384509
0.38489252
0.38594654
0.38700548
0.38807026
0.38914090
0.39021748
0.39130005
0.39238948
0.39348415
0.39458492
0.39569187
0.39680505
0.39792451
0.39905119
0.40018338
0.40132201
0.40246716
0.40361884
0.40477714
0.40594301
0.40711471
0.40829319
0.40947852
0.41067073
0.41186991
0.41307709
0.41429037
0.41551080
0.41673848
0.41797340
0.41921568
0.42046538
0.42172253
0.42298722
0.42425951
0.42553949
0.42682824
0.42812380
0.42942724
0.43073863
0.43205807
0.43338561
0.43472239
0.43606639
0.43741873
0.43877944
0.44014868
0.44152650
0.44291404
0.44430926
0.44571328
0.44712618
0.44854811
0.44998020
0.45142037
0.45286974
0.45432848
0.45579663
0.45727432
0.45876279
0.46025980
0.46176660
0.46328330
0.46480998
0.46634680
0.46789500
0.46945232
0.47102001
0.47259822
0.47418702
0.47578529
0.47739694
0.47901821
0.48065057
0.48229408
0.48394889
0.48561507
0.48729411
0.48898342
0.49068454
0.49239749
0.49412248
0.49585956
0.49761033
0.49937207
0.50114632
0.50293326
0.50473297
0.50654560
0.50837278
0.51021171
0.51206398
0.51392978
0.51580918
0.51770240
0.51961112
0.52153236
0.52346790
0.52541786
0.52738243
0.52936327
0.53135753
0.53336680
0.53539139
0.53743136
0.53948694
0.54155993
0.54364729
0.54575080
0.54787064
0.55000532
0.55215842
0.55433017
0.55651730
0.55872178
0.56094378
0.56318355
0.56544304
0.56771898
0.57001328
0.57232618
0.57465792
0.57700878
0.57938081
0.58177054
0.58418006
0.58660960
0.58905947
0.59152991
0.59402305
0.59653538
0.59906900
0.60162425
0.60420138
0.60680282
0.60942459
0.61206913
0.61473674
0.61742771
0.62014234
0.62288308
0.62564600
0.62843353
0.63124603
0.63408381
0.63694721
0.63983887
0.64275461
0.64569700
0.64866418
0.65166104
0.65468580
0.65774113
0.66082269
0.66393328
0.66707331
0.67024314
0.67344326
0.67650175
0.67932624
0.68166757
0.68372035
0.68523902
0.68658435
0.68742752
0.68813443
0.68842983
0.68856299
0.68840587
0.68798280
0.68750983
0.68695796
0.68649429
0.68745941
1.46068263
1.46830964
1.47601664
1.48381722
1.49168837
1.49964345
1.50769651
1.51582360
1.52403891
1.53235686
1.54075277
1.54924130
1.55783737
1.56651568
1.57529116
1.58417964
1.59315467
1.60223198
1.61142802
1.62071538
1.63011050
1.63963020
1.64924645
1.65897620
1.66883707
1.67880011
1.68888271
1.69910347
1.70943213
1.71988726
1.73048782
1.74120295
1.75205147
1.76305354
1.77417696
1.78544164
1.79686832
1.80842400
1.82012916
1.83200574
1.84401917
1.85619128
1.86854470
1.88104379
1.89371121
1.90657079
1.91958559
1.93277931
1.94617689
1.95973992
1.97349322
1.98746324
2.00161004
2.01595950
2.03053927
2.04530811
2.06029344
2.07552409
2.09095693
2.10662127
2.12254715
2.13868999
2.15508032
2.17175031
2.18865323
2.20582151
2.22328877
2.24100685
2.25900960
2.27733302
2.29592633
2.31482601
2.33406997
2.35360527
2.37343884
2.39367390
2.41422439
2.43513060
2.45643592
0.38258368
0.38362423
0.38467044
0.38572323
0.38678095
0.38784450
0.38891390
0.38998923
0.39107051
0.39215866
0.39325204
0.39435151
0.39545715
0.39656901
0.39768714
0.39881247
0.39994332
0.40108058
0.40222433
0.40337461
0.40453151
0.40569597
0.40686625
0.40804330
0.40922716
0.41041791
0.41161561
0.41282129
0.41403309
0.41525200
0.41647813
0.41771153
0.41895226
0.42020035
0.42145592
0.42271900
0.42398971
0.42526805
0.42655516
0.42784905
0.42915082
0.43046051
0.43177825
0.43310407
0.43443912
0.43578136
0.43713191
0.43849087
0.43985829
0.44123426
0.44262001
0.44401333
0.44541550
0.44682652
0.44824651
0.44967556
0.45111489
0.45256233
0.45401907
0.45548522
0.45696089
0.45844731
0.45994225
0.46144697
0.46296158
0.46448615
0.46602082
0.46756685
0.46912196
0.47068745
0.47226343
0.47384998
0.47544599
0.47705531
0.47867429
0.48030430
0.48194543
0.48359782
0.48526159
0.48693818
0.48862505
0.49032363
0.49203408
0.49375650
0.49549240
0.49723917
0.49899828
0.50076991
0.50255418
0.50435114
0.50616103
0.50798541
0.50982153
0.51167101
0.51353389
0.51541042
0.51730072
0.51920640
0.52112472
0.52305722
0.52500415
0.52696556
0.52894175
0.53093433
0.53294045
0.53496176
0.53699845
0.53905070
0.54112035
0.54320431
0.54530442
0.54742080
0.54955196
0.55170149
0.55386961
0.55605310
0.55825394
0.56047219
0.56270820
0.56496209
0.56723595
0.56952631
0.57183528
0.57416302
0.57650983
0.57887775
0.58126330
0.58366865
0.58609390
0.58853948
0.59100550
0.59349424
0.59600210
0.59853119
0.60108185
0.60365433
0.60624892
0.60886800
0.61150771
0.61417043
0.61685640
0.61956602
0.62230170
0.62505943
0.62784171
0.63064891
0.63348126
0.63633925
0.63922536
0.64213550
0.64507222
0.64803362
0.65102470
0.65404350
0.65709287
0.66016835
0.66327274
0.66640651
0.66956997
0.67276365
0.67599052
0.67898679
0.68182945
0.68403035
0.68609744
0.68748063
0.68883479
0.68954992
0.69026119
0.69043523
0.69056916
0.69028527
0.68986261
0.68935496
0.68880278
0.68846446
0.69009525
1.46668839
1.47437835
1.48216164
1.49001515
1.49795234
1.50598717
1.51409590
1.52229238
1.53059125
1.53896785
1.54743648
1.55601263
1.56467044
1.57342529
1.58229256
1.59124625
1.60030186
1.60947561
1.61874044
1.62811255
1.63760889
1.64720142
1.65690696
1.66674316
1.67668104
1.68673825
1.69693291
1.70723522
1.71766341
1.72823644
1.73892355
1.74974370
1.76071668
1.77181053
1.78304505
1.79444110
1.80596542
1.81763864
1.82948267
1.84146297
1.85360110
1.86592007
1.87838387
1.89101541
1.90383828
1.91681564
1.92997122
1.94332969
1.95685291
1.97056568
1.98449421
1.99859846
2.01290464
2.02744031
2.04216385
2.05710292
2.07228637
2.08767080
2.10328579
2.11916113
2.13525224
2.15158987
2.16820550
2.18505311
2.20216465
2.21957397
2.23723269
2.25517440
2.27343535
2.29196501
2.31079912
2.32997584
2.34944272
2.36920571
2.38936853
2.40984464
2.43067479
2.45190191
2.47346854
0.38340360
0.38444862
0.38549936
0.38655668
0.38761899
0.38868716
0.38976124
0.39084125
0.39192814
0.39302021
0.39411837
0.39522272
0.39633325
0.39745006
0.39857405
0.39970353
0.40083942
0.40198180
0.40313071
0.40428621
0.40544927
0.40661809
0.40779370
0.40897611
0.41016540
0.41136163
0.41256583
0.41377610
0.41499352
0.41621813
0.41744998
0.41868913
0.41993567
0.42118967
0.42245114
0.42372021
0.42499694
0.42628139
0.42757463
0.42887473
0.43018275
0.43149880
0.43282288
0.43415621
0.43549669
0.43684548
0.43820265
0.43956828
0.44094244
0.44232634
0.44371781
0.44511810
0.44652724
0.44794533
0.44937247
0.45080987
0.45225531
0.45371008
0.45517424
0.45664787
0.45813110
0.45962515
0.46112782
0.46264032
0.46416277
0.46569529
0.46723917
0.46879211
0.47035539
0.47192913
0.47351342
0.47510716
0.47671419
0.47833085
0.47995850
0.48159727
0.48324728
0.48490864
0.48658279
0.48826718
0.48996329
0.49167120
0.49339110
0.49512306
0.49686858
0.49862510
0.50039405
0.50217563
0.50396991
0.50577849
0.50759864
0.50943196
0.51127857
0.51313865
0.51501226
0.51689965
0.51880240
0.52071768
0.52264714
0.52459103
0.52654934
0.52852237
0.53051186
0.53251475
0.53453285
0.53656626
0.53861523
0.54067987
0.54276210
0.54485875
0.54697168
0.54909933
0.55124533
0.55340987
0.55558974
0.55778688
0.56000143
0.56223363
0.56448376
0.56675369
0.56904018
0.57134521
0.57366896
0.57601172
0.57837367
0.58075696
0.58315808
0.58557910
0.58802038
0.59048206
0.59296441
0.59546971
0.59799433
0.60054040
0.60310823
0.60569811
0.60831243
0.61094731
0.61360514
0.61628616
0.61899078
0.62171918
0.62447393
0.62725103
0.63005286
0.63287991
0.63573241
0.63861305
0.64151758
0.64444870
0.64740431
0.65038955
0.65340251
0.65644586
0.65951526
0.66261351
0.66574103
0.66889817
0.67208546
0.67530578
0.67855453
0.68149012
0.68433541
0.68640959
0.68837124
0.68973696
0.69096589
0.69168544
0.69231492
0.69245231
0.69258702
0.69217765
0.69174993
0.69121003
0.69065487
0.69057715
0.69331539
1.47274375
1.48050976
1.48834574
1.49626505
1.50428176
1.51237214
1.52054989
1.52882969
1.53718698
1.54563606
1.55419207
1.56282961
1.57156384
1.58041012
1.58934247
1.59837627
1.60752785
1.61677027
1.62611949
1.63559258
1.64516139
1.65484285
1.66465449
1.67456746
1.68459916
1.69476795
1.70504391
1.71544516
1.72599089
1.73665023
1.74744189
1.75838602
1.76945043
1.78065491
1.79202032
1.80351341
1.81515491
1.82696652
1.83891368
1.85101831
1.86330271
1.87573159
1.88832724
1.90111363
1.91405380
1.92717123
1.94049096
1.95397449
1.96764684
1.98153389
1.99559605
2.00985909
2.02435064
2.03902912
2.05392218
2.06905842
2.08439517
2.09996080
2.11578584
2.13182569
2.14811039
2.16467237
2.18146491
2.19851995
2.21587157
2.23347092
2.25135231
2.26955128
2.28801727
2.30678630
2.32589626
2.34529471
2.36501932
2.38507843
2.40548086
2.42623520
2.44738460
2.46887159
2.49073935
0.38422704
0.38527659
0.38633269
0.38739377
0.38846067
0.38953349
0.39061224
0.39169699
0.39278865
0.39388552
0.39498857
0.39609778
0.39721325
0.39833590
0.39946404
0.40059859
0.40173957
0.40288711
0.40404117
0.40520284
0.40637025
0.40754440
0.40872538
0.40991321
0.41110796
0.41231066
0.41351944
0.41473535
0.41595843
0.41718873
0.41842633
0.41967133
0.42092374
0.42218363
0.42345110
0.42472619
0.42600900
0.42730060
0.42859903
0.42990535
0.43121967
0.43254206
0.43387258
0.43521237
0.43655941
0.43791482
0.43927863
0.44065100
0.44203305
0.44342270
0.44482112
0.44622836
0.44764456
0.44906977
0.45050523
0.45194873
0.45340154
0.45486370
0.45633531
0.45781648
0.45930851
0.46080908
0.46231949
0.46383983
0.46537021
0.46691072
0.46846268
0.47002378
0.47159529
0.47317737
0.47477007
0.47637355
0.47798789
0.47961321
0.48124963
0.48289725
0.48455620
0.48622790
0.48790985
0.48960346
0.49130887
0.49302623
0.49475560
0.49649855
0.49825242
0.50001872
0.50179762
0.50358921
0.50539362
0.50721246
0.50904298
0.51088679
0.51274395
0.51461470
0.51650065
0.51839894
0.52031130
0.52223778
0.52417856
0.52613384
0.52810532
0.53009003
0.53208971
0.53410459
0.53613478
0.53818041
0.54024172
0.54232055
0.54441381
0.54652327
0.54864740
0.55078989
0.55294913
0.55512708
0.55732054
0.55953145
0.56175989
0.56400621
0.56627232
0.56855494
0.57085598
0.57317579
0.57551450
0.57787234
0.58025151
0.58264840
0.58506525
0.58750218
0.58995950
0.59243751
0.59493834
0.59745842
0.59999990
0.60256314
0.60514832
0.60775584
0.61038798
0.61304092
0.61571699
0.61841655
0.62113994
0.62388957
0.62666142
0.62945801
0.63227969
0.63512677
0.63799965
0.64090091
0.64382631
0.64677858
0.64975572
0.65276271
0.65580010
0.65886348
0.66195560
0.66507691
0.66822773
0.67140859
0.67462242
0.67786461
0.68113804
0.68400937
0.68671679
0.68880546
0.69063342
0.69200814
0.69311017
0.69383425
0.69434303
0.69448119
0.69450831
0.69407773
0.69363683
0.69307780
0.69251692
0.69284582
1.47111273
1.47886157
1.48668003
1.49458158
1.50258029
1.51065218
1.51881135
1.52707219
1.53541017
1.54383969
1.55237579
1.56099319
1.56970668
1.57853210
1.58744311
1.59645534
1.60558486
1.61480486
1.62413132
1.63358116
1.64312637
1.65278387
1.66257107
1.67245913
1.68246555
1.69260848
1.70285821
1.71323276
1.72375119
1.73438275
1.74514627
1.75606143
1.76709652
1.77827120
1.78960609
1.80106819
1.81267810
1.82445729
1.83637154
1.84844255
1.86069274
1.87308669
1.88564682
1.89839673
1.91129982
1.92437947
1.93766034
1.95110452
1.96473658
1.97858250
1.99260259
2.00682282
2.02127028
2.03590417
2.05075145
2.06584072
2.08112955
2.09664631
2.11242127
2.12840986
2.14464235
2.16115069
2.17788839
2.19488740
2.21218133
2.22972202
2.24754310
2.26568031
2.28408313
2.30278754
2.32183099
2.34116125
2.36081600
2.38080382
2.40113282
2.42181182
2.44288373
2.46429157
2.48607779
2.50828815
0.38505405
0.38610893
0.38716879
0.38823447
0.38930604
0.39038351
0.39146698
0.39255735
0.39365295
0.39475468
0.39586258
0.39697671
0.39809716
0.39922482
0.40035799
0.40149763
0.40264377
0.40379646
0.40495670
0.40612268
0.40729544
0.40847495
0.40966132
0.41085461
0.41205582
0.41326311
0.41447753
0.41569906
0.41692784
0.41816390
0.41940731
0.42065814
0.42191646
0.42318231
0.42445579
0.42573693
0.42702690
0.42832366
0.42962831
0.43094093
0.43226162
0.43359041
0.43492848
0.43627372
0.43762735
0.43898937
0.44035992
0.44173905
0.44312796
0.44452450
0.44592988
0.44734418
0.44876748
0.45020100
0.45164257
0.45309338
0.45455354
0.45602316
0.45750231
0.45899227
0.46049079
0.46199909
0.46351734
0.46504557
0.46658394
0.46813375
0.46969262
0.47126192
0.47284177
0.47443223
0.47603214
0.47764546
0.47926843
0.48090249
0.48254773
0.48420426
0.48587355
0.48755303
0.48924416
0.49094707
0.49266189
0.49438870
0.49612907
0.49788034
0.49964401
0.50142020
0.50320911
0.50501078
0.50682688
0.50865459
0.51049560
0.51234990
0.51421779
0.51609933
0.51799619
0.51990551
0.52182901
0.52376676
0.52571893
0.52768731
0.52966887
0.53166538
0.53367704
0.53570396
0.53774631
0.53980595
0.54187977
0.54396957
0.54607558
0.54819632
0.55033523
0.55249089
0.55466527
0.55685502
0.55906218
0.56128693
0.56352943
0.56578994
0.56807047
0.57036757
0.57268339
0.57501811
0.57737190
0.57974690
0.58213967
0.58455223
0.58698493
0.58943790
0.59191149
0.59440792
0.59692347
0.59946042
0.60201901
0.60459954
0.60720229
0.60982960
0.61247772
0.61514890
0.61784345
0.62056172
0.62330407
0.62607288
0.62886423
0.63168061
0.63452226
0.63738966
0.64028537
0.64320517
0.64615172
0.64912307
0.65212423
0.65515327
0.65821302
0.66129899
0.66441405
0.66755861
0.67073309
0.67393792
0.67717606
0.68044287
0.68365467
0.68653405
0.68906409
0.69116169
0.69281882
0.69420767
0.69516468
0.69591206
0.69631225
0.69648933
0.69642121
0.69599098
0.69551510
0.69495296
0.69445139
0.69524342
1.47721696
1.48501801
1.49290192
1.50088263
1.50893629
1.51707685
1.52531874
1.53363752
1.54204750
1.55056381
1.55916095
1.56785405
1.57665849
1.58554840
1.59453905
1.60364664
1.61284423
1.62214804
1.63157475
1.64109647
1.65073001
1.66049290
1.67035615
1.68033731
1.69045448
1.70067811
1.71102607
1.72151732
1.73212123
1.74285662
1.75374305
1.76474905
1.77589393
1.78719842
1.79862952
1.81020784
1.82195485
1.83383644
1.84587407
1.85809004
1.87044919
1.88297391
1.89568758
1.90855372
1.92159569
1.93483818
1.94824302
1.96183491
1.97563982
1.98961806
2.00379562
2.01819944
2.03278875
2.04759026
2.06263304
2.07787418
2.09334230
2.10906720
2.12500501
2.14118552
2.15764046
2.17432356
2.19126678
2.20850348
2.22598577
2.24374700
2.26182246
2.28016257
2.29880238
2.31777978
2.33704233
2.35662794
2.37654424
2.39680028
2.41740465
2.43839955
2.45972848
2.48143387
2.50356078
2.52039886
0.38588545
0.38694406
0.38800851
0.38907883
0.39015505
0.39123726
0.39232635
0.39342064
0.39452106
0.39562768
0.39674050
0.39785957
0.39898589
0.40011773
0.40125600
0.40240073
0.40355203
0.40470994
0.40587544
0.40704674
0.40822482
0.40940976
0.41060156
0.41180131
0.41300711
0.41422001
0.41544002
0.41666725
0.41790178
0.41914362
0.42039287
0.42164961
0.42291385
0.42418572
0.42546526
0.42675355
0.42804864
0.42935163
0.43066257
0.43198153
0.43330860
0.43464491
0.43598843
0.43734026
0.43870053
0.44006926
0.44144657
0.44283360
0.44422832
0.44563180
0.44704422
0.44846559
0.44989604
0.45133680
0.45278564
0.45424384
0.45571145
0.45718858
0.45867649
0.46017292
0.46167916
0.46319529
0.46472141
0.46625763
0.46780524
0.46936196
0.47092903
0.47250664
0.47409484
0.47569248
0.47730348
0.47892413
0.48055583
0.48219872
0.48385283
0.48551837
0.48719674
0.48888540
0.49058580
0.49229810
0.49402237
0.49576014
0.49750879
0.49926981
0.50104338
0.50282955
0.50462854
0.50644183
0.50826681
0.51010495
0.51195645
0.51382148
0.51570010
0.51759404
0.51950037
0.52142084
0.52335554
0.52530468
0.52726841
0.52924842
0.53124177
0.53325015
0.53527385
0.53731292
0.53936923
0.54143971
0.54352611
0.54562867
0.54774755
0.54988128
0.55203342
0.55420417
0.55639035
0.55859381
0.56081480
0.56305349
0.56531197
0.56758684
0.56988007
0.57219189
0.57452255
0.57687229
0.57924134
0.58163178
0.58404016
0.58646852
0.58891720
0.59138644
0.59387839
0.59638947
0.59892184
0.60147583
0.60405171
0.60664976
0.60927230
0.61191553
0.61458182
0.61727142
0.61998463
0.62272185
0.62548554
0.62827164
0.63108265
0.63391894
0.63678086
0.63966870
0.64258522
0.64552611
0.64849162
0.65148693
0.65451008
0.65756381
0.66064370
0.66375256
0.66689086
0.67005897
0.67325729
0.67648888
0.67974907
0.68304086
0.68616617
0.68906945
0.69140601
0.69351792
0.69499910
0.69639671
0.69719040
0.69794220
0.69818854
0.69836932
0.69816118
0.69778895
0.69734609
0.69683832
0.69641030
0.69793946
1.48335981
1.49122596
1.49918866
1.50722420
1.51534617
1.52356935
1.53186893
1.54025948
1.54875600
1.55733311
1.56600571
1.57478940
1.58365810
1.59262729
1.60171306
1.61088848
1.62016964
1.62957323
1.63907158
1.64868128
1.65841985
1.66825843
1.67821443
1.68830609
1.69850349
1.70882499
1.71928918
1.72986567
1.74057293
1.75143087
1.76240766
1.77352285
1.78479707
1.79619753
1.80774438
1.81945944
1.83130836
1.84331262
1.85549474
1.86781919
1.88030863
1.89298618
1.90581560
1.91882002
1.93202400
1.94538987
1.95894194
1.97270596
1.98664260
2.00077748
2.01513791
2.02968264
2.04443908
2.05943537
2.07462907
2.09004855
2.10572410
2.12161112
2.13773966
2.15414143
2.17077041
2.18765807
2.20483780
2.22226191
2.23996329
2.25797796
2.27625537
2.29483128
2.31374288
2.33293796
2.35245442
2.37230015
2.39248371
2.41301346
2.43393183
2.45518231
2.47680712
2.49885130
2.52125573
2.51374292
0.38671961
0.38778281
0.38885188
0.38992685
0.39100781
0.39209560
0.39318863
0.39428774
0.39539301
0.39650452
0.39762229
0.39874727
0.39987773
0.40101463
0.40215799
0.40330791
0.40446442
0.40562850
0.40679836
0.40797502
0.40915850
0.41034883
0.41154614
0.41275141
0.41396278
0.41518131
0.41640702
0.41763997
0.41888127
0.42012796
0.42138308
0.42264575
0.42391598
0.42519391
0.42648056
0.42777398
0.42907530
0.43038455
0.43170181
0.43302715
0.43436173
0.43570349
0.43705356
0.43841201
0.43977895
0.44115445
0.44253966
0.44393250
0.44533414
0.44674465
0.44816414
0.44959265
0.45103145
0.45247835
0.45393455
0.45540017
0.45687526
0.45835996
0.45985553
0.46135968
0.46287370
0.46439770
0.46593177
0.46747723
0.46903172
0.47059661
0.47217199
0.47375792
0.47535330
0.47696200
0.47858033
0.48020971
0.48185021
0.48350194
0.48516503
0.48684096
0.48852715
0.49022508
0.49193484
0.49365655
0.49539036
0.49713778
0.49889621
0.50066710
0.50245059
0.50424683
0.50605744
0.50787961
0.50971496
0.51156366
0.51342577
0.51530147
0.51719099
0.51909590
0.52101338
0.52294505
0.52489108
0.52685171
0.52882856
0.53081876
0.53282398
0.53484440
0.53688020
0.53893155
0.54100031
0.54308337
0.54518247
0.54729789
0.54942811
0.55157667
0.55374384
0.55592638
0.55812615
0.56034344
0.56257838
0.56483120
0.56710398
0.56939334
0.57170123
0.57402790
0.57637358
0.57874036
0.58112478
0.58352894
0.58595306
0.58839744
0.59086227
0.59334981
0.59585643
0.59838432
0.60093367
0.60350490
0.60609823
0.60871601
0.61135441
0.61401576
0.61670041
0.61940861
0.62214071
0.62489921
0.62768012
0.63048583
0.63331676
0.63617319
0.63905555
0.64196646
0.64490163
0.64786142
0.65085095
0.65386814
0.65691340
0.65998966
0.66309237
0.66622442
0.66938615
0.67257810
0.67580312
0.67905670
0.68234175
0.68565869
0.68869621
0.69162095
0.69376391
0.69578964
0.69719315
0.69846523
0.69922525
0.69989336
0.70007777
0.70025676
0.69989610
0.69952202
0.69903851
0.69853926
0.69847071
0.70116425
1.48955381
1.49749863
1.50551593
1.51361954
1.52182388
1.53010440
1.53847563
1.54695237
1.55550945
1.56416178
1.57292473
1.58177233
1.59072018
1.59978402
1.60893738
1.61819589
1.62757659
1.63705158
1.64663756
1.65635192
1.66616595
1.67609692
1.68616307
1.69633460
1.70662963
1.71706688
1.72761583
1.73829520
1.74912465
1.76007247
1.77115822
1.78240228
1.79377198
1.80528772
1.81697071
1.82878721
1.84075832
1.85290658
1.86519659
1.87765074
1.89029253
1.90308523
1.91605222
1.92921817
1.94254506
1.95605731
1.96978068
1.98367584
1.99776852
2.01208544
2.02658629
2.04129744
2.05624747
2.07139397
2.08676529
2.10239148
2.11822796
2.13430500
2.15065384
2.16722894
2.18406129
2.20118427
2.21855044
2.23619270
2.25414634
2.27236152
2.29087353
2.30971980
2.32884812
2.34829593
2.36807108
2.38818240
2.40863800
2.42948031
2.45065284
2.47219753
2.49415946
2.51647949
2.51473737
2.50712228
0.38755739
0.38862520
0.38969892
0.39077860
0.39186427
0.39295685
0.39405468
0.39515868
0.39626884
0.39738527
0.39850891
0.39963803
0.40077356
0.40191555
0.40306407
0.40421918
0.40538186
0.40655032
0.40772551
0.40890753
0.41009641
0.41129225
0.41249603
0.41370592
0.41492289
0.41614708
0.41737852
0.41861725
0.41986337
0.42111692
0.42237797
0.42364660
0.42492288
0.42620790
0.42749968
0.42879930
0.43010688
0.43142244
0.43274608
0.43407890
0.43541890
0.43676722
0.43812391
0.43948904
0.44086272
0.44224611
0.44363710
0.44503686
0.44644549
0.44786304
0.44928965
0.45072651
0.45217144
0.45362568
0.45508930
0.45656237
0.45804504
0.45953855
0.46104062
0.46255255
0.46407443
0.46560636
0.46714842
0.46870199
0.47026467
0.47183782
0.47342151
0.47501460
0.47662100
0.47823703
0.47986406
0.48150218
0.48315153
0.48481223
0.48648569
0.48816943
0.48986486
0.49157208
0.49329129
0.49502254
0.49676737
0.49852315
0.50029141
0.50207222
0.50386572
0.50567216
0.50749302
0.50932556
0.51117140
0.51303065
0.51490349
0.51679158
0.51869202
0.52060652
0.52253515
0.52447820
0.52643567
0.52840787
0.53039646
0.53239846
0.53441566
0.53644818
0.53849626
0.54056168
0.54264128
0.54473704
0.54684901
0.54897571
0.55112070
0.55328429
0.55546319
0.55765927
0.55987287
0.56210405
0.56435311
0.56662202
0.56890744
0.57121140
0.57353401
0.57587570
0.57823652
0.58061868
0.58301866
0.58543855
0.58787858
0.59033906
0.59282219
0.59532434
0.59784770
0.60039252
0.60295910
0.60554773
0.60816073
0.61079431
0.61345077
0.61613047
0.61883366
0.62156069
0.62431407
0.62708968
0.62989014
0.63271570
0.63556671
0.63844353
0.64134890
0.64427841
0.64723486
0.65021616
0.65322745
0.65626675
0.65933692
0.66243351
0.66555929
0.66871476
0.67190027
0.67511624
0.67836577
0.68164408
0.68495423
0.68829674
0.69124490
0.69400734
0.69614071
0.69798869
0.69940382
0.70051032
0.70127475
0.70179176
0.70197445
0.70201319
0.70163691
0.70124435
0.70074195
0.70023751
0.70065367
1.48788548
1.49581242
1.50381160
1.51189685
1.52008247
1.52834404
1.53669596
1.54515302
1.55369020
1.56232214
1.57106447
1.57989109
1.58881748
1.59785974
1.60699093
1.61622715
1.62558484
1.63503671
1.64459896
1.65428925
1.66407871
1.67398477
1.68402541
1.69417107
1.70443976
1.71485031
1.72537196
1.73602355
1.74682462
1.75774348
1.76879978
1.78001392
1.79135311
1.80283761
1.81448889
1.82627296
1.83821106
1.85032558
1.86258137
1.87500048
1.88760638
1.90036273
1.91329253
1.92642045
1.93970847
1.95318127
1.96686411
1.98071802
1.99476850
2.00904250
2.02349925
2.03816533
2.05306935
2.06816912
2.08349228
2.09906936
2.11485577
2.13088131
2.14717770
2.16369867
2.18047619
2.19754291
2.21485138
2.23243451
2.25032759
2.26848102
2.28692961
2.30571079
2.32477236
2.34415197
2.36388850
2.38389659
2.40427852
2.42504525
2.44614005
2.46760535
2.48948526
2.51172113
2.51576805
2.50811148
2.50053620
0.38839880
0.38947126
0.39054969
0.39163408
0.39272538
0.39382192
0.39492458
0.39603344
0.39714855
0.39826995
0.39939860
0.40053278
0.40167341
0.40282053
0.40397424
0.40513551
0.40630254
0.40747631
0.40865687
0.40984431
0.41103867
0.41224095
0.41344935
0.41466483
0.41588748
0.41711739
0.41835457
0.41959912
0.42085108
0.42211056
0.42337757
0.42465222
0.42593458
0.42722574
0.42852369
0.42982957
0.43114343
0.43246534
0.43379647
0.43513471
0.43648127
0.43783617
0.43919951
0.44057137
0.44195294
0.44334206
0.44473997
0.44614673
0.44756240
0.44898707
0.45042199
0.45186499
0.45331722
0.45477885
0.45624992
0.45773056
0.45922199
0.46072200
0.46223184
0.46375161
0.46528140
0.46682253
0.46837270
0.46993318
0.47150409
0.47308555
0.47467765
0.47628051
0.47789422
0.47951892
0.48115468
0.48280165
0.48445994
0.48613095
0.48781222
0.48950517
0.49120989
0.49292654
0.49465525
0.49639747
0.49815065
0.49991623
0.50169438
0.50348520
0.50528890
0.50710696
0.50893676
0.51077974
0.51263618
0.51450616
0.51638979
0.51828879
0.52020025
0.52212590
0.52406591
0.52602035
0.52799094
0.52997482
0.53197366
0.53398764
0.53601688
0.53806168
0.54012370
0.54219997
0.54429227
0.54640079
0.54852402
0.55066550
0.55282551
0.55500078
0.55719322
0.55940306
0.56163049
0.56387573
0.56614083
0.56842238
0.57072240
0.57304108
0.57537866
0.57773542
0.58011347
0.58250922
0.58492488
0.58736068
0.58981681
0.59229356
0.59479320
0.59731203
0.59985232
0.60241425
0.60499817
0.60760647
0.61023521
0.61288685
0.61556160
0.61825979
0.62098175
0.62372994
0.62650037
0.62929559
0.63211578
0.63496137
0.63783503
0.64073247
0.64365637
0.64660710
0.64958262
0.65258801
0.65562141
0.65868551
0.66177595
0.66489553
0.66804469
0.67122376
0.67443329
0.67767620
0.68094784
0.68425125
0.68758684
0.69086665
0.69381261
0.69638306
0.69853103
0.70020169
0.70162582
0.70256740
0.70333636
0.70369780
0.70388424
0.70376736
0.70338911
0.70295858
0.70245093
0.70202708
0.70310020
1.49412990
1.50211108
1.51017797
1.51834500
1.52658761
1.53492033
1.54335785
1.55187500
1.56048679
1.56920850
1.57801437
1.58691943
1.59593999
1.60504925
1.61426306
1.62359810
1.63302660
1.64256537
1.65223157
1.66199672
1.67189360
1.68189323
1.69201314
1.70227194
1.71263933
1.72313380
1.73375773
1.74453056
1.75542068
1.76644778
1.77763188
1.78894067
1.80039418
1.81201375
1.82376564
1.83567095
1.84775186
1.85997343
1.87235773
1.88492799
1.89764798
1.91054070
1.92363071
1.93688023
1.95031357
1.96395624
1.97776902
1.99177754
2.00600863
2.02042150
2.03504300
2.04990125
2.06495404
2.08022976
2.09575748
2.11149406
2.12746859
2.14371252
2.16018033
2.17690277
2.19391346
2.21116447
2.22871709
2.24652195
2.26461387
2.28302860
2.30171561
2.32071090
2.34005332
2.35968947
2.37962604
2.39993501
2.42062616
2.44164395
2.46302986
2.48482847
2.50698090
2.51676416
2.50913668
2.50155520
2.49398470
0.38924387
0.39032102
0.39140415
0.39249417
0.39358941
0.39469078
0.39579833
0.39691210
0.39803216
0.39915946
0.40029228
0.40143153
0.40257728
0.40372962
0.40488854
0.40605506
0.40722740
0.40840653
0.40959251
0.41078541
0.41198620
0.41319311
0.41440707
0.41562822
0.41685656
0.41809219
0.41933519
0.42058557
0.42184344
0.42310888
0.42438191
0.42566264
0.42695212
0.42824844
0.42955261
0.43086478
0.43218499
0.43351331
0.43485090
0.43619567
0.43754882
0.43891037
0.44028041
0.44166014
0.44304743
0.44444349
0.44584835
0.44726214
0.44868490
0.45011789
0.45155892
0.45300922
0.45446885
0.45593789
0.45741650
0.45890591
0.46040383
0.46191159
0.46342924
0.46495691
0.46649468
0.46804389
0.46960217
0.47117087
0.47275010
0.47433993
0.47594050
0.47755191
0.47917426
0.48080766
0.48245224
0.48410812
0.48577675
0.48745555
0.48914602
0.49084824
0.49256235
0.49428850
0.49602816
0.49777868
0.49954164
0.50131714
0.50310528
0.50490624
0.50672156
0.50854850
0.51038873
0.51224232
0.51410937
0.51599014
0.51788616
0.51979470
0.52171731
0.52365428
0.52560562
0.52757156
0.52955383
0.53154951
0.53356028
0.53558630
0.53762776
0.53968483
0.54175937
0.54384828
0.54595333
0.54807305
0.55021101
0.55236745
0.55453908
0.55672789
0.55893403
0.56115776
0.56339926
0.56566048
0.56793815
0.57023424
0.57254893
0.57488251
0.57723522
0.57960910
0.58200073
0.58441216
0.58684361
0.58929545
0.59176785
0.59426302
0.59677738
0.59931308
0.60187042
0.60444969
0.60705113
0.60967714
0.61232388
0.61499375
0.61768693
0.62040383
0.62314695
0.62591219
0.62870210
0.63151699
0.63435721
0.63722306
0.64011729
0.64303553
0.64598054
0.64895028
0.65194982
0.65497726
0.65803534
0.66111970
0.66423309
0.66737592
0.67054862
0.67375165
0.67698801
0.68025303
0.68354970
0.68687844
0.69023979
0.69343150
0.69639939
0.69877237
0.70093513
0.70242876
0.70386195
0.70463377
0.70541006
0.70561415
0.70580161
0.70552748
0.70515019
0.70467842
0.70416826
0.70393711
0.70600319
1.50041449
1.50846314
1.51661146
1.52483523
1.53314877
1.54156673
1.55006421
1.55865586
1.56735706
1.57614195
1.58502603
1.59402490
1.60311222
1.61230373
1.62161601
1.63102162
1.64055204
1.65017915
1.65991986
1.66979206
1.67976642
1.68986070
1.70009339
1.71043420
1.72090149
1.73151469
1.74224246
1.75310409
1.76411939
1.77525628
1.78653467
1.79795730
1.80954540
1.82126522
1.83313775
1.84518516
1.85737276
1.86972225
1.88225710
1.89494097
1.90779686
1.92084920
1.93406034
1.94745433
1.96105683
1.97482884
1.98879564
2.00298381
2.01735306
2.03195333
2.04674268
2.06174922
2.07700133
2.09245634
2.10814309
2.12409210
2.14025855
2.15667319
2.17334127
2.19029617
2.20749021
2.22498393
2.24272919
2.26075959
2.27911162
2.29773426
2.31666374
2.33593822
2.35550523
2.37537098
2.39560676
2.41622329
2.43716431
2.45847154
2.48018909
2.50225854
2.51779652
2.51012731
2.50254011
2.49499846
2.48750234
0.39009264
0.39117450
0.39226323
0.39335719
0.39445725
0.39556348
0.39667594
0.39779466
0.39892063
0.40005207
0.40118995
0.40233433
0.40348527
0.40464279
0.40580791
0.40697882
0.40815651
0.40934104
0.41053244
0.41173083
0.41293716
0.41414964
0.41536924
0.41659608
0.41783017
0.41907257
0.42032042
0.42157671
0.42284051
0.42411193
0.42539102
0.42667887
0.42797351
0.42927605
0.43058652
0.43190500
0.43323162
0.43456745
0.43591046
0.43726185
0.43862161
0.43998984
0.44136664
0.44275320
0.44414741
0.44555038
0.44696227
0.44838312
0.44981420
0.45125327
0.45270160
0.45415923
0.45562631
0.45710286
0.45859024
0.46008611
0.46159178
0.46310732
0.46463287
0.46616849
0.46771553
0.46927163
0.47083810
0.47241509
0.47400266
0.47559968
0.47721007
0.47883010
0.48046115
0.48210338
0.48375684
0.48542303
0.48709941
0.48878738
0.49048713
0.49219871
0.49392229
0.49565935
0.49740729
0.49916762
0.50094044
0.50272590
0.50452411
0.50633669
0.50816089
0.50999826
0.51184899
0.51371324
0.51559108
0.51748419
0.51938975
0.52130938
0.52324325
0.52519155
0.52715439
0.52913356
0.53112602
0.53313357
0.53515637
0.53719455
0.53924829
0.54131949
0.54340500
0.54550660
0.54762453
0.54975730
0.55190843
0.55407822
0.55626339
0.55846584
0.56068581
0.56292349
0.56518096
0.56745476
0.56974691
0.57205766
0.57438719
0.57673585
0.57910562
0.58149308
0.58390027
0.58632749
0.58877504
0.59124303
0.59373379
0.59624362
0.59877479
0.60132754
0.60390210
0.60649884
0.60912013
0.61176205
0.61442697
0.61711520
0.61982703
0.62256289
0.62532514
0.62810975
0.63091934
0.63375419
0.63661462
0.63950324
0.64241594
0.64535522
0.64831924
0.65131295
0.65433443
0.65738648
0.66046476
0.66357195
0.66670853
0.66987491
0.67307144
0.67630130
0.67955965
0.68284953
0.68617147
0.68952584
0.69291323
0.69599640
0.69895071
0.70111454
0.70311964
0.70456403
0.70581281
0.70661414
0.70726269
0.70749325
0.70767045
0.70729923
0.70691723
0.70640665
0.70589399
0.70601159
1.49872172
1.50675213
1.51488197
1.52308691
1.53138137
1.53977990
1.54825759
1.55682909
1.56550992
1.57427406
1.58313692
1.59211445
1.60117996
1.61036384
1.61963892
1.62902141
1.63852835
1.64813173
1.65784836
1.66769576
1.67764509
1.68771374
1.69792032
1.70823467
1.71867502
1.72926068
1.73996043
1.75079346
1.76177967
1.77288699
1.78413522
1.79554522
1.80708373
1.81877160
1.83063030
1.84262574
1.85477936
1.86709428
1.87959385
1.89224160
1.90508127
1.91807568
1.93124843
1.94462478
1.95816612
1.97189736
1.98584461
1.99996817
2.01429415
2.02884984
2.04359412
2.05855417
2.07375884
2.08916545
2.10480285
2.12070107
2.13681579
2.15317726
2.16981769
2.18669057
2.20382786
2.22126341
2.23894906
2.25691867
2.27520800
2.29376674
2.31263041
2.33183789
2.35133576
2.37113094
2.39132643
2.41183639
2.43270111
2.45392990
2.47556710
2.49755406
2.51879406
2.51115417
2.50356078
2.49597812
2.48847604
2.48101878
0.39094511
0.39203256
0.39312524
0.39422399
0.39532891
0.39644006
0.39755747
0.39868206
0.39981216
0.40094867
0.40209168
0.40324122
0.40439734
0.40556103
0.40673053
0.40790677
0.40908983
0.41027981
0.41147670
0.41268155
0.41389254
0.41511062
0.41633591
0.41756848
0.41880834
0.42005557
0.42131028
0.42257249
0.42384231
0.42511976
0.42640597
0.42769894
0.42899981
0.43030858
0.43162540
0.43295026
0.43428332
0.43562564
0.43697524
0.43833321
0.43969965
0.44107464
0.44245937
0.44385171
0.44525281
0.44666281
0.44808176
0.44950977
0.45094803
0.45239440
0.45385006
0.45531511
0.45678967
0.45827499
0.45976880
0.46127239
0.46278584
0.46430928
0.46584275
0.46738762
0.46894154
0.47050580
0.47208056
0.47366589
0.47526065
0.47686872
0.47848642
0.48011515
0.48175499
0.48340610
0.48506853
0.48674378
0.48842931
0.49012652
0.49183559
0.49355662
0.49529111
0.49703646
0.49879414
0.50056434
0.50234705
0.50414258
0.50595242
0.50777388
0.50960845
0.51145631
0.51331770
0.51519263
0.51708281
0.51898539
0.52090204
0.52283293
0.52477813
0.52673793
0.52871394
0.53070325
0.53270757
0.53472710
0.53676206
0.53881252
0.54088032
0.54296243
0.54506063
0.54717511
0.54930437
0.55145192
0.55361813
0.55579966
0.55799842
0.56021470
0.56244862
0.56470042
0.56697214
0.56926042
0.57156718
0.57389277
0.57623732
0.57860112
0.58098632
0.58338934
0.58581233
0.58825552
0.59071916
0.59320551
0.59571087
0.59823751
0.60078561
0.60335559
0.60594761
0.60856408
0.61120117
0.61386120
0.61654449
0.61925131
0.62198204
0.62473911
0.62751859
0.63032287
0.63315231
0.63600725
0.63888812
0.64179748
0.64473110
0.64768934
0.65067726
0.65369284
0.65673894
0.65981108
0.66291213
0.66604245
0.66920245
0.67239261
0.67561591
0.67886764
0.68215084
0.68546599
0.68881345
0.69219381
0.69559115
0.69857490
0.70129132
0.70346975
0.70525634
0.70671237
0.70776045
0.70856625
0.70903474
0.70926642
0.70926356
0.70894438
0.70858878
0.70814341
0.70767045
0.70837450
1.50504494
1.51315629
1.52134264
1.52961791
1.53799713
1.54645514
1.55500674
1.56366706
1.57241058
1.58126652
1.59020853
1.59925222
1.60841393
1.61766648
1.62702620
1.63650978
1.64608943
1.65578187
1.66560471
1.67552900
1.68557227
1.69575286
1.70604074
1.71645427
1.72701240
1.73768437
1.74848902
1.75944614
1.77052402
1.78174222
1.79312146
1.80462885
1.81628478
1.82811105
1.84007335
1.85219312
1.86449325
1.87693799
1.88955009
1.90235305
1.91531003
1.92844486
1.94178212
1.95528376
1.96897447
1.98288035
1.99696171
2.01124430
2.02575588
2.04045510
2.05536890
2.07052660
2.08588505
2.10147309
2.11732101
2.13338423
2.14969301
2.16627932
2.18309689
2.20017767
2.21755528
2.23518181
2.25309062
2.27131772
2.28981280
2.30861139
2.32775164
2.34718108
2.36690617
2.38702941
2.40746522
2.42825413
2.44943881
2.47096205
2.49286699
2.51519942
2.51214671
2.50454712
2.49699354
2.48945045
2.48198748
2.47456908
0.39180216
0.39289355
0.39399102
0.39509463
0.39620444
0.39732054
0.39844379
0.39957255
0.40070769
0.40184930
0.40299746
0.40415218
0.40531448
0.40648252
0.40765736
0.40883896
0.41002747
0.41122288
0.41242626
0.41363573
0.41485232
0.41607609
0.41730708
0.41854540
0.41979107
0.42104420
0.42230481
0.42357302
0.42484885
0.42613238
0.42742476
0.42872393
0.43003103
0.43134612
0.43266928
0.43400165
0.43534118
0.43668899
0.43804520
0.43940985
0.44078302
0.44216591
0.44355640
0.44495565
0.44636375
0.44778082
0.44920689
0.45064321
0.45208761
0.45354131
0.45500436
0.45647693
0.45795900
0.45945194
0.46095347
0.46246481
0.46398613
0.46551746
0.46706018
0.46861193
0.47017398
0.47174653
0.47332960
0.47492209
0.47652787
0.47814324
0.47976965
0.48140714
0.48305583
0.48471585
0.48638865
0.48807171
0.48976645
0.49147302
0.49319151
0.49492204
0.49666619
0.49842125
0.50018877
0.50196886
0.50376165
0.50556874
0.50738740
0.50921917
0.51106429
0.51292276
0.51479483
0.51668209
0.51858169
0.52049536
0.52242321
0.52436537
0.52632207
0.52829492
0.53028113
0.53228223
0.53429860
0.53633022
0.53837734
0.54044187
0.54252058
0.54461533
0.54672635
0.54885215
0.55099618
0.55315876
0.55533665
0.55753177
0.55974430
0.56197447
0.56422251
0.56649035
0.56877476
0.57107759
0.57339919
0.57573968
0.57809943
0.58048046
0.58287930
0.58529800
0.58773690
0.59019619
0.59267616
0.59517902
0.59770113
0.60024470
0.60281003
0.60539734
0.60800910
0.61064136
0.61329651
0.61597484
0.61867666
0.62140226
0.62415427
0.62692845
0.62972748
0.63255155
0.63540113
0.63827646
0.64118022
0.64410824
0.64706308
0.65004283
0.65305251
0.65609020
0.65915871
0.66225362
0.66537768
0.66853142
0.67171514
0.67493194
0.67817706
0.68145359
0.68476188
0.68810248
0.69147587
0.69488513
0.69816667
0.70116979
0.70364773
0.70584083
0.70740885
0.70887095
0.70972168
0.71053195
0.71081567
0.71104848
0.71086395
0.71054327
0.71014643
0.70969623
0.70939642
0.71105421
1.51143467
1.51960230
1.52785861
1.53621852
1.54465687
1.55320203
1.56182861
1.57055151
1.57938647
1.58830714
1.59732926
1.60646880
1.61569893
1.62503576
1.63449621
1.64405215
1.65372050
1.66351891
1.67341828
1.68343616
1.69359088
1.70385242
1.71423924
1.72477007
1.73541427
1.74619055
1.75711894
1.76816726
1.77935553
1.79070437
1.80218053
1.81380475
1.82559872
1.83752799
1.84961426
1.86187994
1.87428975
1.88686609
1.89963257
1.91255248
1.92564929
1.93894792
1.95240998
1.96606040
1.97992492
1.99396408
2.00820374
2.02267146
2.03732562
2.05219364
2.06730437
2.08261490
2.09815383
2.11395144
2.12996340
2.14621973
2.16275239
2.17951512
2.19653964
2.21385956
2.23142719
2.24927568
2.26744080
2.28587246
2.30460620
2.32367992
2.34304094
2.36272764
2.38274765
2.40311003
2.42382336
2.44493055
2.46637440
2.48819757
2.51044607
2.51317525
2.50553417
2.49797463
2.49046040
2.48299146
2.47553253
2.46815276
0.39266214
0.39375833
0.39486063
0.39596912
0.39708388
0.39820582
0.39933321
0.40046698
0.40160725
0.40275401
0.40390733
0.40506822
0.40623483
0.40740824
0.40858841
0.40977544
0.41096938
0.41217127
0.41337925
0.41459432
0.41581658
0.41704604
0.41828281
0.41952690
0.42077845
0.42203748
0.42330408
0.42457828
0.42586020
0.42715088
0.42844841
0.42975381
0.43106723
0.43238866
0.43371823
0.43505707
0.43640316
0.43775758
0.43912041
0.44049180
0.44187284
0.44326147
0.44465888
0.44606510
0.44748026
0.44890442
0.45033881
0.45178127
0.45323297
0.45469406
0.45616457
0.45764464
0.45913553
0.46063498
0.46214423
0.46366343
0.46519265
0.46673197
0.46828276
0.46984264
0.47141296
0.47299379
0.47458526
0.47618750
0.47780058
0.47942463
0.48105976
0.48270607
0.48436370
0.48603407
0.48771468
0.48940691
0.49111098
0.49282694
0.49455491
0.49629644
0.49804890
0.49981377
0.50159121
0.50338125
0.50518423
0.50700152
0.50883055
0.51067281
0.51252842
0.51439762
0.51628196
0.51817864
0.52008933
0.52201414
0.52395326
0.52590686
0.52787662
0.52985966
0.53185761
0.53387070
0.53589910
0.53794295
0.54000407
0.54207945
0.54417080
0.54627836
0.54840064
0.55054116
0.55270016
0.55487448
0.55706590
0.55927473
0.56150115
0.56374538
0.56600940
0.56828988
0.57058883
0.57290643
0.57524294
0.57759857
0.57997549
0.58237010
0.58478463
0.58721924
0.58967417
0.59214973
0.59464818
0.59716576
0.59970480
0.60226548
0.60484815
0.60745299
0.61008257
0.61273283
0.61540622
0.61810303
0.62082362
0.62357044
0.62633950
0.62913322
0.63195193
0.63479608
0.63766593
0.64056414
0.64348650
0.64643568
0.64940959
0.65241343
0.65544516
0.65850765
0.66159642
0.66471428
0.66786170
0.67103904
0.67424679
0.67748791
0.68075776
0.68405926
0.68739301
0.69075942
0.69416165
0.69759482
0.70076126
0.70378685
0.70602000
0.70810395
0.70957458
0.71087527
0.71169382
0.71237171
0.71260846
0.71279675
0.71247435
0.71215224
0.71170807
0.71125591
0.71132982
1.50971687
1.51786590
1.52611649
1.53444397
1.54286289
1.55138814
1.55999446
1.56869686
1.57751083
1.58641028
1.59541082
1.60452843
1.61373615
1.62305033
1.63248754
1.64201999
1.65166438
1.66143823
1.67131281
1.68130541
1.69143438
1.70166981
1.71202993
1.72253358
1.73315001
1.74389815
1.75479770
1.76581693
1.77697527
1.78829360
1.79973888
1.81133151
1.82309318
1.83498967
1.84704244
1.85927403
1.87164891
1.88418972
1.89691997
1.90980279
1.92286193
1.93612182
1.94954467
1.96315479
1.97697830
1.99097562
2.00517249
2.01959634
2.03420568
2.04902816
2.06409216
2.07935476
2.09484506
2.11059284
2.12655354
2.14275765
2.15923691
2.17594481
2.19291353
2.21017623
2.22768497
2.24547338
2.26357698
2.28194571
2.30061483
2.31962228
2.33891559
2.35853267
2.37848139
2.39877057
2.41940880
2.44043899
2.46180367
2.48354578
2.50571060
2.51416898
2.50655746
2.49899149
2.49143648
2.48396158
2.47653151
2.46911120
2.46176958
0.39352590
0.39462689
0.39573410
0.39684752
0.39796722
0.39909413
0.40022656
0.40136546
0.40251082
0.40366277
0.40482223
0.40598747
0.40715942
0.40833813
0.40952373
0.41071621
0.41191661
0.41312310
0.41433665
0.41555738
0.41678530
0.41802052
0.41926309
0.42051303
0.42177048
0.42303547
0.42430806
0.42558834
0.42687738
0.42817321
0.42947698
0.43078867
0.43210840
0.43343732
0.43477336
0.43611768
0.43747032
0.43883139
0.44020092
0.44157907
0.44296697
0.44436249
0.44576684
0.44718009
0.44860235
0.45003483
0.45147532
0.45292506
0.45438415
0.45585266
0.45733070
0.45881954
0.46031693
0.46182409
0.46334118
0.46486828
0.46640545
0.46795407
0.46951175
0.47107986
0.47265846
0.47424766
0.47584635
0.47745839
0.47908011
0.48071289
0.48235682
0.48401204
0.48567998
0.48735812
0.48904791
0.49074945
0.49246287
0.49418831
0.49592727
0.49767709
0.49943933
0.50121409
0.50300151
0.50480169
0.50661629
0.50844246
0.51028192
0.51213473
0.51400101
0.51588094
0.51777619
0.51968390
0.52160573
0.52354181
0.52549231
0.52745903
0.52943885
0.53143364
0.53344351
0.53546864
0.53750926
0.53956705
0.54163903
0.54372698
0.54583114
0.54794991
0.55008692
0.55224234
0.55441302
0.55660081
0.55880594
0.56102866
0.56326908
0.56552929
0.56780589
0.57010090
0.57241452
0.57474703
0.57709861
0.57947135
0.58186185
0.58427209
0.58670241
0.58915305
0.59162426
0.59411824
0.59663135
0.59916580
0.60172188
0.60429984
0.60690004
0.60952479
0.61217016
0.61483866
0.61753052
0.62024605
0.62298554
0.62575155
0.62854004
0.63135350
0.63419223
0.63705659
0.63994926
0.64286602
0.64580947
0.64877760
0.65177560
0.65480137
0.65785784
0.66094047
0.66405219
0.66719329
0.67036432
0.67356557
0.67680013
0.68006331
0.68335813
0.68668503
0.69004446
0.69343692
0.69686562
0.70032567
0.70337248
0.70619643
0.70840830
0.71027392
0.71175361
0.71285099
0.71367413
0.71416950
0.71440738
0.71441311
0.71408927
0.71372849
0.71327662
0.71286243
0.71358258
1.51613355
1.52436519
1.53267348
1.54107296
1.54957843
1.55816460
1.56684661
1.57563972
1.58451807
1.59349692
1.60259271
1.61177814
1.62106967
1.63048375
1.63999271
1.64961326
1.65936279
1.66921270
1.67918015
1.68928337
1.69949281
1.70982623
1.72030282
1.73089170
1.74161172
1.75248265
1.76347268
1.77460146
1.78588939
1.79730380
1.80886507
1.82059455
1.83245838
1.84447777
1.85667527
1.86901557
1.88152099
1.89421499
1.90706110
1.92008257
1.93330407
1.94668770
1.96025777
1.97404039
1.98799598
2.00215030
2.01653051
2.03109550
2.04587245
2.06088972
2.07610512
2.09154677
2.10724473
2.12315488
2.13930702
2.15573287
2.17238641
2.18929935
2.20650506
2.22395539
2.24168420
2.25972652
2.27803230
2.29663730
2.31557870
2.33480453
2.35435247
2.37423038
2.39444685
2.41501045
2.43596363
2.45724964
2.47891116
2.50099301
2.51519942
2.50754595
2.49997425
2.49244809
2.48496723
2.47749662
2.47010493
2.46275735
2.45541930
0.39439344
0.39549932
0.39661142
0.39772978
0.39885539
0.39998645
0.40112397
0.40226796
0.40341851
0.40457565
0.40574038
0.40691090
0.40808818
0.40927231
0.41046333
0.41166225
0.41286725
0.41407931
0.41529852
0.41652492
0.41775858
0.41900057
0.42024797
0.42150381
0.42276719
0.42403817
0.42531681
0.42660421
0.42789841
0.42920047
0.43051049
0.43182853
0.43315464
0.43449003
0.43583256
0.43718344
0.43854272
0.43991047
0.44128677
0.44267282
0.44406649
0.44546899
0.44688037
0.44830069
0.44973010
0.45116979
0.45261756
0.45407465
0.45554119
0.45701721
0.45850399
0.45999929
0.46150440
0.46301937
0.46454436
0.46607938
0.46762583
0.46918133
0.47074720
0.47232360
0.47391054
0.47550693
0.47711670
0.47873607
0.48036650
0.48200807
0.48366091
0.48532510
0.48700213
0.48868942
0.49038848
0.49209937
0.49382225
0.49555725
0.49730587
0.49906546
0.50083756
0.50262225
0.50441974
0.50623161
0.50805503
0.50989163
0.51174158
0.51360500
0.51548207
0.51737440
0.51927912
0.52119797
0.52313101
0.52507848
0.52704048
0.52901876
0.53101039
0.53301704
0.53503895
0.53707623
0.53913075
0.54119933
0.54328394
0.54538459
0.54750162
0.54963338
0.55178529
0.55395234
0.55613655
0.55833799
0.56055695
0.56279361
0.56504995
0.56732273
0.56961381
0.57192349
0.57425195
0.57659948
0.57896811
0.58135444
0.58376050
0.58618659
0.58863288
0.59109968
0.59358925
0.59609789
0.59862781
0.60117930
0.60375261
0.60634804
0.60896802
0.61160856
0.61427218
0.61695904
0.61966956
0.62240392
0.62516481
0.62794805
0.63075614
0.63358951
0.63644844
0.63933331
0.64224672
0.64518446
0.64814687
0.65113902
0.65415889
0.65720934
0.66028589
0.66339141
0.66652626
0.66969091
0.67288572
0.67611372
0.67937028
0.68265837
0.68597841
0.68933094
0.69271636
0.69613796
0.69959074
0.70295304
0.70599759
0.70856059
0.71079016
0.71242875
0.71392888
0.71484059
0.71566832
0.71597922
0.71621543
0.71603680
0.71571147
0.71530598
0.71485209
0.71455652
0.71627307
1.52261794
1.53090715
1.53928721
1.54777288
1.55633914
1.56500065
1.57377303
1.58263028
1.59158778
1.60066164
1.60982490
1.61909378
1.62848496
1.63797057
1.64756727
1.65729260
1.66711783
1.67706025
1.68713796
1.69732130
1.70762825
1.71807778
1.72863925
1.73933136
1.75017381
1.76113474
1.77223384
1.78349173
1.79487538
1.80640519
1.81810284
1.82993400
1.84192026
1.85408378
1.86638951
1.87885976
1.89151776
1.90432715
1.91731119
1.93049443
1.94383907
1.95736933
1.97111130
1.98502529
1.99913716
2.01347399
2.02799463
2.04272628
2.05769730
2.07286549
2.08825874
2.10390711
2.11976671
2.13586712
2.15224004
2.16883969
2.18569708
2.20284605
2.22023845
2.23790765
2.25588894
2.27413249
2.29267359
2.31154943
2.33070803
2.35018706
2.36999440
2.39013839
2.41062784
2.43150473
2.45271277
2.47429371
2.49629307
2.51619482
2.50857091
2.50099301
2.49342585
2.48593903
2.47849703
2.47106504
2.46371174
2.45640206
2.44910192
0.39526483
0.39637563
0.39749265
0.39861691
0.39974663
0.40088275
0.40202537
0.40317455
0.40433028
0.40549359
0.40666270
0.40783855
0.40902123
0.41021079
0.41140726
0.41261172
0.41382229
0.41503996
0.41626483
0.41749698
0.41873738
0.41998324
0.42123750
0.42249927
0.42376864
0.42504567
0.42633143
0.42762396
0.42892435
0.43023267
0.43154898
0.43287340
0.43420702
0.43554783
0.43689695
0.43825442
0.43962038
0.44099489
0.44237909
0.44377092
0.44517154
0.44658101
0.44799945
0.44942805
0.45086467
0.45231047
0.45376560
0.45523012
0.45670411
0.45818889
0.45968214
0.46118516
0.46269804
0.46422088
0.46575376
0.46729806
0.46885136
0.47041506
0.47198918
0.47357389
0.47516802
0.47677547
0.47839254
0.48002064
0.48165983
0.48331028
0.48497206
0.48664662
0.48833147
0.49002802
0.49173641
0.49345675
0.49518916
0.49693516
0.49869213
0.50046158
0.50224364
0.50403839
0.50584602
0.50766814
0.50950193
0.51134908
0.51320964
0.51508379
0.51697320
0.51887494
0.52079082
0.52272081
0.52466524
0.52662414
0.52859932
0.53058773
0.53259122
0.53460985
0.53664392
0.53869343
0.54076034
0.54284155
0.54493880
0.54705232
0.54918063
0.55132896
0.55349243
0.55567300
0.55787075
0.56008601
0.56231892
0.56457144
0.56684035
0.56912750
0.57143325
0.57375771
0.57610118
0.57846576
0.58084792
0.58324981
0.58567160
0.58811361
0.59057605
0.59306121
0.59556538
0.59809077
0.60063767
0.60320634
0.60579705
0.60841227
0.61104798
0.61370671
0.61638862
0.61909407
0.62182343
0.62457913
0.62735713
0.63015997
0.63298792
0.63584143
0.63872075
0.64162862
0.64456069
0.64751738
0.65050364
0.65351760
0.65655965
0.65963256
0.66273195
0.66586053
0.66901886
0.67220724
0.67542875
0.67867869
0.68196005
0.68527335
0.68861890
0.69199735
0.69541180
0.69885737
0.70233727
0.70555824
0.70862544
0.71090084
0.71301949
0.71452206
0.71585828
0.71671432
0.71743649
0.71771997
0.71796316
0.71767080
0.71734113
0.71689332
0.71643454
0.71651816
1.52087462
1.52914488
1.53750563
1.54597163
1.55451787
1.56315899
1.57191074
1.58074701
1.58968306
1.59873509
1.60787642
1.61712277
1.62649095
1.63595331
1.64552641
1.65522754
1.66502821
1.67494559
1.68499780
1.69515526
1.70543599
1.71585858
1.72639275
1.73705697
1.74787092
1.75880301
1.76987267
1.78110039
1.79245341
1.80395210
1.81561780
1.82741666
1.83936977
1.85149956
1.86377096
1.87620604
1.88882828
1.90160108
1.91454780
1.92769301
1.94099879
1.95448947
1.96819079
1.98206341
1.99613309
2.01042652
2.02490330
2.03958988
2.05451488
2.06963587
2.08498096
2.10058022
2.11638951
2.13243842
2.14875865
2.16530442
2.18210673
2.19919896
2.21653366
2.23414373
2.25206447
2.27024603
2.28872347
2.30753398
2.32662606
2.34603643
2.36580515
2.38584566
2.40626121
2.42706227
2.44819236
2.46969366
2.49161077
2.51388502
2.50956106
2.50197721
2.49443913
2.48691154
2.47946358
2.47206020
2.46470094
2.45735145
2.45007944
2.44285035
0.39614010
0.39725581
0.39837870
0.39950708
0.40064186
0.40178311
0.40293086
0.40408522
0.40524712
0.40641478
0.40758920
0.40877044
0.40995851
0.41115355
0.41235650
0.41356558
0.41478175
0.41600510
0.41723567
0.41847357
0.41971883
0.42097151
0.42223170
0.42349946
0.42477486
0.42605895
0.42734984
0.42864856
0.42995518
0.43126982
0.43259251
0.43392441
0.43526345
0.43661082
0.43796653
0.43933067
0.44070336
0.44208574
0.44347572
0.44487447
0.44628206
0.44769859
0.44912416
0.45055994
0.45200381
0.45345697
0.45491949
0.45639148
0.45787421
0.45936540
0.46086633
0.46237713
0.46389785
0.46542862
0.46697074
0.46852186
0.47008336
0.47165528
0.47323775
0.47483087
0.47643477
0.47804952
0.47967526
0.48131210
0.48296013
0.48461953
0.48629165
0.48797405
0.48966810
0.49137399
0.49309176
0.49482161
0.49656504
0.49831939
0.50008619
0.50186551
0.50365758
0.50546253
0.50728184
0.50911289
0.51095718
0.51281488
0.51468617
0.51657110
0.51847142
0.52038431
0.52231133
0.52425265
0.52620846
0.52818054
0.53016579
0.53216606
0.53418154
0.53621227
0.53825855
0.54032212
0.54239988
0.54449373
0.54660380
0.54872859
0.55087167
0.55303329
0.55521023
0.55740434
0.55961585
0.56184500
0.56409377
0.56635880
0.56864208
0.57094389
0.57326436
0.57560378
0.57796431
0.58034229
0.58274001
0.58515757
0.58759528
0.59005338
0.59253412
0.59503382
0.59755468
0.60009700
0.60266107
0.60524708
0.60785753
0.61048847
0.61314225
0.61581928
0.61851972
0.62124395
0.62399453
0.62676734
0.62956488
0.63238752
0.63523555
0.63810939
0.64101166
0.64393812
0.64689142
0.64986956
0.65287763
0.65591371
0.65898055
0.66207379
0.66519618
0.66834819
0.67153019
0.67474258
0.67798853
0.68126321
0.68456966
0.68790835
0.69127983
0.69468719
0.69812560
0.70159817
0.70510548
0.70818281
0.71100873
0.71325660
0.71511918
0.71663064
0.71773160
0.71859503
0.71910596
0.71939075
0.71942854
0.71916407
0.71886200
0.71847320
0.71806455
0.71881849
1.52738667
1.53572810
1.54417455
1.55270076
1.56132174
1.57005286
1.57886815
1.58778298
1.59681332
1.60593259
1.61515653
1.62450194
1.63394105
1.64349055
1.65316761
1.66294384
1.67283642
1.68286324
1.69299483
1.70324922
1.71364510
1.72415197
1.73478842
1.74557412
1.75647736
1.76751769
1.77871549
1.79003799
1.80150568
1.81313968
1.82490611
1.83682644
1.84892261
1.86115968
1.87355983
1.88614631
1.89888275
1.91179240
1.92489970
1.93816674
1.95161796
1.96527886
1.97911048
1.99313807
2.00738859
2.02182126
2.03646326
2.05134225
2.06641626
2.08171368
2.09726381
2.11302304
2.12902069
2.14528847
2.16178060
2.17852807
2.19556427
2.21284127
2.23039269
2.24825287
2.26637268
2.28478694
2.30353260
2.32255816
2.34190059
2.36159921
2.38156819
2.40191031
2.42263579
2.44368863
2.46511054
2.48694611
2.50913668
2.51058769
2.50299764
2.49541831
2.48791933
2.48046565
2.47302198
2.46565700
2.45833564
2.45102406
2.44378924
2.43659711
0.39701924
0.39814079
0.39926782
0.40040123
0.40154111
0.40268749
0.40384042
0.40500093
0.40616718
0.40734017
0.40851995
0.40970659
0.41090015
0.41210163
0.41330919
0.41452384
0.41574568
0.41697472
0.41821104
0.41945475
0.42070585
0.42196444
0.42323059
0.42450437
0.42578584
0.42707607
0.42837313
0.42967808
0.43099102
0.43231201
0.43364218
0.43497947
0.43632507
0.43767899
0.43904135
0.44041222
0.44179279
0.44318092
0.44457781
0.44598353
0.44739816
0.44882178
0.45025566
0.45169756
0.45314875
0.45460927
0.45607924
0.45755878
0.45904911
0.46054798
0.46205667
0.46357527
0.46510389
0.46664387
0.46819285
0.46975213
0.47132182
0.47290206
0.47449291
0.47609451
0.47770697
0.47933039
0.48096487
0.48261052
0.48426750
0.48593721
0.48761714
0.48930871
0.49101207
0.49272734
0.49445462
0.49619547
0.49794719
0.49971133
0.50148803
0.50327736
0.50507957
0.50689614
0.50872439
0.51056588
0.51242071
0.51428908
0.51617116
0.51806855
0.51997840
0.52190244
0.52384073
0.52579349
0.52776080
0.52974457
0.53174162
0.53375387
0.53578132
0.53782433
0.53988290
0.54195899
0.54404938
0.54615605
0.54827732
0.55041689
0.55257493
0.55474824
0.55693871
0.55914652
0.56137192
0.56361508
0.56587809
0.56815749
0.57045531
0.57277185
0.57510728
0.57746363
0.57983756
0.58223104
0.58464438
0.58707786
0.58953160
0.59200794
0.59450316
0.59701955
0.59955734
0.60211676
0.60469812
0.60730380
0.60992992
0.61257887
0.61525095
0.61794639
0.62066561
0.62341100
0.62617862
0.62897092
0.63178819
0.63463086
0.63750154
0.64039594
0.64331675
0.64626431
0.64923668
0.65223891
0.65526903
0.65832984
0.66141695
0.66453314
0.66767883
0.67085445
0.67406040
0.67729974
0.68056774
0.68386745
0.68719929
0.69056380
0.69396138
0.69739527
0.70086062
0.70436049
0.70774078
0.71082985
0.71336526
0.71562803
0.71722835
0.71874881
0.71961761
0.72048271
0.72078317
0.72107226
0.72089994
0.72063434
0.72028446
0.71989411
0.71970201
0.72161013
1.53395474
1.54238153
1.55088806
1.55948877
1.56819940
1.57699382
1.58588743
1.59489620
1.60399342
1.61319506
1.62251770
1.63193369
1.64145970
1.65111279
1.66086471
1.67073238
1.68073392
1.69083989
1.70106816
1.71143734
1.72191703
1.73252583
1.74328327
1.75415790
1.76516902
1.77633691
1.78762913
1.79906583
1.81066823
1.82240260
1.83429003
1.84635270
1.85855567
1.87092102
1.88347197
1.89617229
1.90904498
1.92211437
1.93534303
1.94875491
1.96237564
1.97616625
1.99015200
2.00435972
2.01874876
2.03334594
2.04817939
2.06320691
2.07845640
2.09395790
2.10966730
2.12561417
2.14182949
2.15826821
2.17496109
2.19194126
2.20916128
2.22665405
2.24445415
2.26251245
2.28086376
2.29954481
2.31850433
2.33777905
2.35740805
2.37730622
2.39757514
2.41822577
2.43920159
2.46054459
2.48229885
2.50440621
2.51157951
2.50398350
2.49643302
2.48889351
2.48143387
2.47401881
2.46661353
2.45928669
2.45200324
2.44476271
2.43753147
2.43037605
0.39790314
0.39902884
0.40016091
0.40129939
0.40244439
0.40359595
0.40475503
0.40591988
0.40709144
0.40826976
0.40945494
0.41064703
0.41184703
0.41305310
0.41426626
0.41548657
0.41671407
0.41794887
0.41919100
0.42044052
0.42169756
0.42296210
0.42423424
0.42551509
0.42680266
0.42809805
0.42940134
0.43071258
0.43203184
0.43336028
0.43469587
0.43603969
0.43739185
0.43875241
0.44012147
0.44149911
0.44288650
0.44428152
0.44568536
0.44709811
0.44851983
0.44995064
0.45139173
0.45284095
0.45429948
0.45576745
0.45724496
0.45873323
0.46023005
0.46173665
0.46325314
0.46477965
0.46631625
0.46786427
0.46942136
0.47098884
0.47256684
0.47415546
0.47575477
0.47736493
0.47898600
0.48061812
0.48226142
0.48391598
0.48558328
0.48726076
0.48894987
0.49065071
0.49236345
0.49408817
0.49582642
0.49757555
0.49933705
0.50111109
0.50289774
0.50469720
0.50651103
0.50833648
0.51017517
0.51202714
0.51389265
0.51577181
0.51766628
0.51957315
0.52149415
0.52342945
0.52537912
0.52734339
0.52932394
0.53131783
0.53332686
0.53535110
0.53739077
0.53944606
0.54151875
0.54360580
0.54570895
0.54782850
0.54996282
0.55211562
0.55428702
0.55647379
0.55867791
0.56089962
0.56313902
0.56539816
0.56767368
0.56996763
0.57228017
0.57461154
0.57696205
0.57933366
0.58172303
0.58413213
0.58656132
0.58901078
0.59148270
0.59397352
0.59648538
0.59901863
0.60157341
0.60415012
0.60675108
0.60937244
0.61201656
0.61468369
0.61737418
0.62008834
0.62282860
0.62559104
0.62837809
0.63119006
0.63402730
0.63689023
0.63978136
0.64269656
0.64563847
0.64860505
0.65160143
0.65462559
0.65768039
0.66076142
0.66387141
0.66701078
0.67018002
0.67337954
0.67661232
0.67987370
0.68316668
0.68649167
0.68984920
0.69323975
0.69666654
0.70012456
0.70361716
0.70714468
0.71038163
0.71347386
0.71573740
0.71782422
0.71935296
0.72064018
0.72151065
0.72217804
0.72247118
0.72264421
0.72237736
0.72210485
0.72170955
0.72131771
0.72161013
1.53218544
1.54059279
1.54907942
1.55766010
1.56635022
1.57512391
1.58399630
1.59298360
1.60205901
1.61123836
1.62053835
1.62993133
1.63943386
1.64906311
1.65879071
1.66863370
1.67861009
1.68869042
1.69889259
1.70923519
1.71968782
1.73026919
1.74099851
1.75184453
1.76282656
1.77396476
1.78522670
1.79663265
1.80820358
1.81990588
1.83176064
1.84378994
1.85595906
1.86828971
1.88080525
1.89346945
1.90630543
1.91933727
1.93252742
1.94590020
1.95948100
1.97323072
1.98717487
2.00133991
2.01568556
2.03023839
2.04502630
2.06000733
2.07520962
2.09066224
2.10632205
2.12221813
2.13838172
2.15476727
2.17140603
2.18833041
2.20549345
2.22292781
2.24066830
2.25866556
2.27695417
2.29557109
2.31446481
2.33367205
2.35323191
2.37305927
2.39325571
2.41383147
2.43473077
2.45599532
2.47766900
2.49969339
2.51260757
2.50497007
2.49741387
2.48990297
2.48243737
2.47498178
2.46760535
2.46027255
2.45294929
2.44570327
2.43849993
2.43130565
2.42418647
0.39879015
0.39992085
0.40105799
0.40220162
0.40335178
0.40450945
0.40567288
0.40684301
0.40801990
0.40920365
0.41039425
0.41159278
0.41279736
0.41400900
0.41522780
0.41645378
0.41768703
0.41892856
0.42017555
0.42143098
0.42269391
0.42396444
0.42524266
0.42652959
0.42782333
0.42912495
0.43043450
0.43175206
0.43307772
0.43441260
0.43575469
0.43710506
0.43846387
0.43983111
0.44120693
0.44259247
0.44398564
0.44538763
0.44679847
0.44821829
0.44964716
0.45108631
0.45253357
0.45399013
0.45545608
0.45693156
0.45841661
0.45991254
0.46141708
0.46293148
0.46445584
0.46599030
0.46753615
0.46909106
0.47065634
0.47223210
0.47381845
0.47541425
0.47702336
0.47864211
0.48027191
0.48191282
0.48356497
0.48522985
0.48690489
0.48859152
0.49028987
0.49200010
0.49372226
0.49545795
0.49720445
0.49896333
0.50073469
0.50251865
0.50431544
0.50612652
0.50794917
0.50978506
0.51163423
0.51349688
0.51537311
0.51726460
0.51916856
0.52108657
0.52301878
0.52496541
0.52692658
0.52890402
0.53089476
0.53290057
0.53492159
0.53695798
0.53900993
0.54107928
0.54316288
0.54526263
0.54737872
0.54950953
0.55165875
0.55382651
0.55600971
0.55821013
0.56042808
0.56266373
0.56491727
0.56719077
0.56948078
0.57178932
0.57411677
0.57646316
0.57883072
0.58121586
0.58362079
0.58604568
0.58849084
0.59095645
0.59344476
0.59595221
0.59848088
0.60103106
0.60360312
0.60619938
0.60881597
0.61145520
0.61411744
0.61680299
0.61951208
0.62224728
0.62500453
0.62778634
0.63059306
0.63342494
0.63628238
0.63916796
0.64207762
0.64501381
0.64797467
0.65096515
0.65398341
0.65703225
0.66010714
0.66321099
0.66634411
0.66950703
0.67270261
0.67592633
0.67918110
0.68246734
0.68578553
0.68913615
0.69252235
0.69593930
0.69939011
0.70287532
0.70639545
0.70993400
0.71304232
0.71584678
0.71812534
0.71994942
0.72148728
0.72254157
0.72341663
0.72386968
0.72416419
0.72412878
0.72386086
0.72353721
0.72314328
0.72282618
0.72400218
1.53880811
1.54727507
1.55583572
1.56450546
1.57325840
1.58210981
1.59107554
1.60012925
1.60928643
1.61856377
1.62793386
1.63741302
1.64701855
1.65672195
1.66654027
1.67649162
1.68654644
1.69672263
1.70703876
1.71746445
1.72801840
1.73871970
1.74953723
1.76049030
1.77159894
1.78283072
1.79420590
1.80574548
1.81741595
1.82923818
1.84123433
1.85336959
1.86566579
1.87814605
1.89077437
1.90357363
1.91656804
1.92972016
1.94305396
1.95659482
1.97030401
1.98420656
1.99832916
2.01263165
2.02714014
2.04188275
2.05681777
2.07197261
2.08737707
2.10298753
2.11883307
2.13494492
2.15127778
2.16786218
2.18473125
2.20183778
2.21921420
2.23689508
2.25483155
2.27305794
2.29161096
2.31043935
2.32957959
2.34907055
2.36882758
2.38895154
2.40945315
2.43027639
2.45146298
2.47305632
2.49499846
2.51360106
2.50599265
2.49843049
2.49087858
2.48340702
2.47598028
2.46856332
2.46122503
2.45392990
2.44664454
2.43943548
2.43226886
2.42514443
2.41802859
0.39968109
0.40081686
0.40195912
0.40310788
0.40426326
0.40542617
0.40659487
0.40777034
0.40895262
0.41014177
0.41133881
0.41254193
0.41375208
0.41496933
0.41619378
0.41742548
0.41866550
0.41991091
0.42116475
0.42242607
0.42369500
0.42497158
0.42625690
0.42754897
0.42884889
0.43015677
0.43147263
0.43279657
0.43412971
0.43547004
0.43681866
0.43817568
0.43954113
0.44091514
0.44229886
0.44369018
0.44509026
0.44649923
0.44791716
0.44934410
0.45078132
0.45222661
0.45368117
0.45514515
0.45661861
0.45810163
0.45959550
0.46109796
0.46261024
0.46413252
0.46566483
0.46720728
0.46876124
0.47032431
0.47189784
0.47348195
0.47507545
0.47668228
0.47829872
0.47992617
0.48156470
0.48321450
0.48487562
0.48654953
0.48823369
0.48992959
0.49163726
0.49335691
0.49509001
0.49683392
0.49859017
0.50035888
0.50214016
0.50393420
0.50574255
0.50756246
0.50939554
0.51124185
0.51310164
0.51497501
0.51686358
0.51876456
0.52067959
0.52260882
0.52455235
0.52651042
0.52848476
0.53047234
0.53247494
0.53449267
0.53652585
0.53857446
0.54064047
0.54272074
0.54481703
0.54692966
0.54905695
0.55120265
0.55336684
0.55554640
0.55774313
0.55995739
0.56218928
0.56443900
0.56670862
0.56899470
0.57129937
0.57362276
0.57596511
0.57832670
0.58070958
0.58311033
0.58553100
0.58797181
0.59043306
0.59291506
0.59541994
0.59794408
0.60048974
0.60305715
0.60564661
0.60826045
0.61089492
0.61355227
0.61623287
0.61893696
0.62166709
0.62441915
0.62719578
0.62999713
0.63282365
0.63567567
0.63855577
0.64145982
0.64439034
0.64734781
0.65033019
0.65334255
0.65638536
0.65945417
0.66255188
0.66567880
0.66883534
0.67202199
0.67524171
0.67848986
0.68176937
0.68508077
0.68842453
0.69180101
0.69521356
0.69865716
0.70213503
0.70564777
0.70919573
0.71257418
0.71570575
0.71818334
0.72047395
0.72202867
0.72351366
0.72442353
0.72527653
0.72557217
0.72586513
0.72561949
0.72535044
0.72497821
0.72457981
0.72455621
0.72732431
1.54547501
1.55401564
1.56266499
1.57139730
1.58022773
1.58917212
1.59820402
1.60733914
1.61659408
1.62594128
1.63539720
1.64497900
1.65465832
1.66445220
1.67437840
1.68440783
1.69455814
1.70484793
1.71524680
1.72577345
1.73644686
1.74723613
1.75816023
1.76923931
1.78044116
1.79178584
1.80329418
1.81493282
1.82672274
1.83868575
1.85078728
1.86304915
1.87549436
1.88808692
1.90084970
1.91380680
1.92692089
1.94021595
1.95371723
1.96738589
1.98124719
1.99532759
2.00958681
2.02405143
2.03874898
2.05363798
2.06874585
2.08410215
2.09966350
2.11545897
2.13151932
2.14779949
2.16433024
2.18114424
2.19819427
2.21551299
2.23313475
2.25101066
2.26917505
2.28766441
2.30642772
2.32550120
2.34492397
2.36464214
2.38466311
2.40509081
2.42583847
2.44694710
2.46846080
2.49032116
2.51257205
2.50698090
2.49941278
2.49188995
2.48437762
2.47694492
2.46955657
2.46221232
2.45487761
2.44762015
2.44040537
2.43319988
2.42606997
2.41898155
2.41190171
0.40057603
0.40171692
0.40286431
0.40401825
0.40517977
0.40634707
0.40752110
0.40870193
0.40988961
0.41108423
0.41228679
0.41349545
0.41471121
0.41593415
0.41716430
0.41840273
0.41964659
0.42089885
0.42215860
0.42342591
0.42470086
0.42598453
0.42727494
0.42857322
0.42987940
0.43119356
0.43251580
0.43384722
0.43518579
0.43653265
0.43788788
0.43925154
0.44062373
0.44200560
0.44339508
0.44479331
0.44620040
0.44761643
0.44904259
0.45047671
0.45192003
0.45337266
0.45483464
0.45630607
0.45778823
0.45927888
0.46077925
0.46228945
0.46380961
0.46533978
0.46688008
0.46843186
0.46999276
0.47156405
0.47314593
0.47473842
0.47634041
0.47795582
0.47958091
0.48121712
0.48286450
0.48452321
0.48619470
0.48787642
0.48956978
0.49127498
0.49299207
0.49472123
0.49646392
0.49821755
0.49998364
0.50176227
0.50355357
0.50535917
0.50717634
0.50900662
0.51085013
0.51270705
0.51457751
0.51646322
0.51836121
0.52027327
0.52219945
0.52413994
0.52609497
0.52806616
0.53005058
0.53204995
0.53406453
0.53609437
0.53813976
0.54020238
0.54227930
0.54437220
0.54648131
0.54860514
0.55074728
0.55290788
0.55508381
0.55727696
0.55948746
0.56171560
0.56396151
0.56622726
0.56850952
0.57081020
0.57312965
0.57546794
0.57782543
0.58020419
0.58260077
0.58501714
0.58745372
0.58991063
0.59238821
0.59488863
0.59740829
0.59994936
0.60251212
0.60509688
0.60770392
0.61033565
0.61298811
0.61566377
0.61836284
0.62108576
0.62383485
0.62660623
0.62940234
0.63222355
0.63507015
0.63794476
0.64084321
0.64376813
0.64671987
0.64969641
0.65270287
0.65573972
0.65880251
0.66189408
0.66501474
0.66816503
0.67134529
0.67455852
0.67780006
0.68107289
0.68437755
0.68771434
0.69108391
0.69448936
0.69792575
0.70139635
0.70490164
0.70844215
0.71201837
0.71522838
0.71822387
0.72052354
0.72252101
0.72408462
0.72530609
0.72622049
0.72684026
0.72718167
0.72733027
0.72711635
0.72681946
0.72642201
0.72603089
0.72665328
1.54367900
1.55219984
1.56082892
1.56954062
1.57835019
1.58727324
1.59628356
1.60539663
1.61462915
1.62395358
1.63338625
1.64294446
1.65259969
1.66236925
1.67227066
1.68227470
1.69239926
1.70266271
1.71303487
1.72353423
1.73417997
1.74494100
1.75583625
1.76688612
1.77805805
1.78937221
1.80084956
1.81245661
1.82421422
1.83614433
1.84821224
1.86043990
1.87285018
1.88540709
1.89813364
1.91105354
1.92412984
1.93738627
1.95084798
1.96447647
1.97829664
1.99233496
2.00655127
2.02097201
2.03562474
2.05046797
2.06552911
2.08083749
2.09634995
2.11209536
2.12810445
2.14433241
2.16080952
2.17756867
2.19456267
2.21182394
2.22938704
2.24720263
2.26530552
2.28373146
2.30243015
2.32143736
2.34079170
2.36044049
2.38038993
2.40074420
2.42141652
2.44244814
2.46388221
2.48566127
2.50782871
2.50800538
2.50043082
2.49286699
2.48538351
2.47794485
2.47051644
2.46316624
2.45585966
2.44856286
2.44134259
2.43416476
2.42702913
2.41990232
2.41284990
2.40583849
0.40147498
0.40262100
0.40377358
0.40493366
0.40609953
0.40727213
0.40845153
0.40963775
0.41083091
0.41203198
0.41323915
0.41445339
0.41567481
0.41690344
0.41813934
0.41938260
0.42063329
0.42189145
0.42315716
0.42443049
0.42571148
0.42700130
0.42829788
0.42960238
0.43091485
0.43223536
0.43356505
0.43490189
0.43624699
0.43760043
0.43896231
0.44033271
0.44171277
0.44310039
0.44449675
0.44590196
0.44731608
0.44873920
0.45017254
0.45161390
0.45306456
0.45452455
0.45599395
0.45747411
0.45896268
0.46046099
0.46196914
0.46348715
0.46501520
0.46655458
0.46810296
0.46966165
0.47123075
0.47281036
0.47440061
0.47600031
0.47761339
0.47923619
0.48087001
0.48251504
0.48417133
0.48583907
0.48751965
0.48921055
0.49091321
0.49262780
0.49435440
0.49609450
0.49784553
0.49960893
0.50138491
0.50317353
0.50497496
0.50679082
0.50861830
0.51045901
0.51231307
0.51418066
0.51606339
0.51795852
0.51986754
0.52179074
0.52372819
0.52568012
0.52764821
0.52962947
0.53162569
0.53363705
0.53566366
0.53770572
0.53976500
0.54183853
0.54392803
0.54603374
0.54815406
0.55029267
0.55244976
0.55462205
0.55681151
0.55901831
0.56124270
0.56348485
0.56574678
0.56802511
0.57032192
0.57263732
0.57497162
0.57732505
0.57969970
0.58209205
0.58450425
0.58693653
0.58938909
0.59186226
0.59435827
0.59687340
0.59940994
0.60196811
0.60454822
0.60715050
0.60977739
0.61242503
0.61509573
0.61778986
0.62050766
0.62324947
0.62601787
0.62880874
0.63162458
0.63446575
0.63733262
0.64022547
0.64314705
0.64609313
0.64906389
0.65206450
0.65509540
0.65815216
0.66123760
0.66435206
0.66749603
0.67066991
0.67387664
0.67711163
0.68037784
0.68367571
0.68700570
0.69036824
0.69376665
0.69719589
0.70065922
0.70415711
0.70769012
0.71125877
0.71475446
0.71790528
0.72056437
0.72287899
0.72457981
0.72615230
0.72710747
0.72802633
0.72841066
0.72875363
0.72867006
0.72846431
0.72818422
0.72785372
0.72759485
0.72929102
1.55038822
1.55899715
1.56768835
1.57647705
1.58537889
1.59436762
1.60345888
1.61266899
1.62197065
1.63138032
1.64091492
1.65054631
1.66029155
1.67016804
1.68014693
1.69024587
1.70048308
1.71082866
1.72130096
1.73191905
1.74265182
1.75351846
1.76453912
1.77568126
1.78696513
1.79841149
1.80998695
1.82171249
1.83360982
1.84564435
1.85783792
1.87021339
1.88273489
1.89542520
1.90830815
1.92134678
1.93456471
1.94798720
1.96157551
1.97535479
1.98935127
2.00352502
2.01790190
2.03251004
2.04730773
2.06232238
2.07758307
2.09304690
2.10874248
2.12470055
2.14087653
2.15730047
2.17400479
2.19094300
2.20814729
2.22565174
2.24340749
2.26144886
2.27981210
2.29844618
2.31738758
2.33667421
2.35625362
2.37613201
2.39641309
2.41701078
2.43796539
2.45932078
2.48101878
2.50310302
2.50899529
2.50141478
2.49387980
2.48635554
2.47891116
2.47151113
2.46412110
2.45680881
2.44953990
2.44231391
2.43509722
2.42795610
2.42085671
2.41376591
2.40674925
2.39977312
0.40237799
0.40352917
0.40468785
0.40585232
0.40702349
0.40820143
0.40938622
0.41057789
0.41177750
0.41298315
0.41419590
0.41541579
0.41664287
0.41787726
0.41911894
0.42036805
0.42162463
0.42288873
0.42416045
0.42543983
0.42672798
0.42802292
0.42932573
0.43063653
0.43195531
0.43328327
0.43461838
0.43596172
0.43731341
0.43867350
0.44004205
0.44142029
0.44280607
0.44420061
0.44560394
0.44701615
0.44843736
0.44986877
0.45130819
0.45275685
0.45421487
0.45568228
0.45715922
0.45864695
0.46014318
0.46164924
0.46316516
0.46469107
0.46622708
0.46777451
0.46933100
0.47089788
0.47247529
0.47406328
0.47566068
0.47727147
0.47889194
0.48052341
0.48216605
0.48381996
0.48548526
0.48716339
0.48885182
0.49055201
0.49226406
0.49398810
0.49572423
0.49747401
0.49923483
0.50100809
0.50279403
0.50459278
0.50640583
0.50823057
0.51006842
0.51191968
0.51378441
0.51566273
0.51755637
0.51946247
0.52138269
0.52331710
0.52526593
0.52723092
0.52920908
0.53120214
0.53321022
0.53523362
0.53727239
0.53932840
0.54139853
0.54348463
0.54558688
0.54770541
0.54983884
0.55199230
0.55416101
0.55634683
0.55854994
0.56077063
0.56300896
0.56526709
0.56754160
0.56983441
0.57214588
0.57447618
0.57682556
0.57919610
0.58158427
0.58399224
0.58642024
0.58886850
0.59133732
0.59382886
0.59633952
0.59887147
0.60142505
0.60400051
0.60659808
0.60922021
0.61186296
0.61452878
0.61721790
0.61993068
0.62266737
0.62543058
0.62821621
0.63102674
0.63386250
0.63672394
0.63961124
0.64252722
0.64546758
0.64843255
0.65142733
0.65444988
0.65750062
0.66058236
0.66369069
0.66682839
0.66999590
0.67319620
0.67642462
0.67968416
0.68297529
0.68629843
0.68965411
0.69304544
0.69646752
0.69992363
0.70341414
0.70693970
0.71050072
0.71410072
0.71742493
0.72059935
0.72292304
0.72506976
0.72665036
0.72799659
0.72891778
0.72964078
0.72998494
0.73022151
0.73001486
0.72980535
0.72947335
0.72914171
0.72938967
1.54858088
1.55716956
1.56584036
1.57460833
1.58348906
1.59245634
1.60152566
1.61071348
1.61999261
1.62937927
1.63889050
1.64849806
1.65821898
1.66807079
1.67802465
1.68809795
1.69830906
1.70862818
1.71907341
1.72966385
1.74036872
1.75120687
1.76219833
1.77331090
1.78456450
1.79597998
1.80752420
1.81921768
1.83108234
1.84308362
1.85524333
1.86758411
1.88007021
1.89272451
1.90557075
1.91857183
1.93175149
1.94513476
1.95868325
1.97242177
1.98637652
2.00050759
2.01484132
2.02940512
2.04415727
2.05912566
2.07433891
2.08975410
2.10540032
2.12130761
2.13743162
2.15380263
2.17045283
2.18733549
2.20448279
2.22192883
2.23962522
2.25760555
2.27590609
2.29447627
2.31335187
2.33257127
2.35208154
2.37188935
2.39209771
2.41262102
2.43349934
2.45477605
2.47639370
2.49839544
2.51002121
2.50239944
2.49485850
2.48736310
2.47991276
2.47247243
2.46511054
2.45779252
2.45048428
2.44325256
2.43606377
2.42888379
2.42177892
2.41471553
2.40769339
2.40067935
2.39373827
0.40328506
0.40444145
0.40560541
0.40677515
0.40795165
0.40913498
0.41032520
0.41152331
0.41272748
0.41393873
0.41515711
0.41638267
0.41761547
0.41885662
0.42010316
0.42135814
0.42262065
0.42389074
0.42516851
0.42645499
0.42774829
0.42904943
0.43035853
0.43167564
0.43300080
0.43433523
0.43567681
0.43702674
0.43838504
0.43975180
0.44112819
0.44251215
0.44390482
0.44530627
0.44671661
0.44813591
0.44956541
0.45100290
0.45244959
0.45390561
0.45537102
0.45684594
0.45833164
0.45982581
0.46132979
0.46284360
0.46436742
0.46590129
0.46744654
0.46900085
0.47056553
0.47214067
0.47372642
0.47532284
0.47693005
0.47854817
0.48017731
0.48181760
0.48346910
0.48513198
0.48680767
0.48849362
0.49019131
0.49190083
0.49362233
0.49535590
0.49710310
0.49886125
0.50063187
0.50241512
0.50421113
0.50602001
0.50784338
0.50967848
0.51152688
0.51338875
0.51526421
0.51715493
0.51905805
0.52097523
0.52290666
0.52485240
0.52681273
0.52878928
0.53077918
0.53278410
0.53480422
0.53683972
0.53889245
0.54095924
0.54304194
0.54514074
0.54725581
0.54938573
0.55153567
0.55370080
0.55588293
0.55808240
0.56029934
0.56253392
0.56478822
0.56705886
0.56934780
0.57165533
0.57398158
0.57632691
0.57869333
0.58107734
0.58348113
0.58590490
0.58834881
0.59081328
0.59330040
0.59580660
0.59833401
0.60088301
0.60345376
0.60604662
0.60866398
0.61130190
0.61396283
0.61664701
0.61935472
0.62208635
0.62484437
0.62762475
0.63042998
0.63326043
0.63611639
0.63899821
0.64190859
0.64484322
0.64780253
0.65079141
0.65380806
0.65685284
0.65992850
0.66303062
0.66616207
0.66932327
0.67251456
0.67573643
0.67899197
0.68227637
0.68559271
0.68894142
0.69232571
0.69574070
0.69918954
0.70267278
0.70619082
0.70974433
0.71333665
0.71694529
0.72011542
0.72296119
0.72529429
0.72714311
0.72873271
0.72981131
0.73073709
0.73122036
0.73156899
0.73157197
0.73136461
0.73110026
0.73076707
0.73051220
0.73174042
1.55534637
1.56399679
1.57274401
1.58160377
1.59054959
1.59959722
1.60876286
1.61801946
1.62738323
1.63687098
1.64645481
1.65615153
1.66597879
1.67590761
1.68595541
1.69614065
1.70643330
1.71685159
1.72741473
1.73809159
1.74890125
1.75986373
1.77094674
1.78217030
1.79355514
1.80506802
1.81672966
1.82856178
1.84052992
1.85265577
1.86496210
1.87741315
1.89003158
1.90284109
1.91580486
1.92894638
1.94229066
1.95579946
1.96949732
1.98341060
1.99749947
2.01178980
2.02630925
2.04101658
2.05593872
2.07110476
2.08647180
2.10206866
2.11792564
2.13399792
2.15031624
2.16691232
2.18373966
2.20083046
2.21821856
2.23585558
2.25377536
2.27201343
2.29051995
2.30933022
2.32848239
2.34792423
2.36766171
2.38779783
2.40824699
2.42904949
2.45024800
2.47178555
2.49370527
2.51101255
2.50341988
2.49587297
2.48833680
2.48088050
2.47346854
2.46606684
2.45874310
2.45146298
2.44419193
2.43699741
2.42984533
2.42273474
2.41563320
2.40860558
2.40161872
2.39463997
2.38773394
0.40419623
0.40535876
0.40652710
0.40770215
0.40888405
0.41007280
0.41126850
0.41247213
0.41368186
0.41489872
0.41612276
0.41735405
0.41859362
0.41983861
0.42109200
0.42235291
0.42362142
0.42489752
0.42618239
0.42747402
0.42877349
0.43008089
0.43139631
0.43271977
0.43405244
0.43539229
0.43674043
0.43809694
0.43946192
0.44083542
0.44221863
0.44360945
0.44500905
0.44641748
0.44783488
0.44926244
0.45069799
0.45214275
0.45359677
0.45506021
0.45653310
0.45801675
0.45950890
0.46101075
0.46252251
0.46404418
0.46557590
0.46711901
0.46867114
0.47023362
0.47180656
0.47339004
0.47498292
0.47658911
0.47820491
0.47983173
0.48146963
0.48311874
0.48478055
0.48645246
0.48813596
0.48983115
0.49153817
0.49325711
0.49498948
0.49673271
0.49848825
0.50025624
0.50203681
0.50383008
0.50563622
0.50745684
0.50928915
0.51113468
0.51299369
0.51486629
0.51675254
0.51865423
0.52056843
0.52249682
0.52443951
0.52639675
0.52837020
0.53035694
0.53235865
0.53437555
0.53640777
0.53845555
0.54052061
0.54259998
0.54469538
0.54680699
0.54893339
0.55107975
0.55324131
0.55541986
0.55761564
0.55982882
0.56205964
0.56431013
0.56657690
0.56886196
0.57116556
0.57348782
0.57582909
0.57819146
0.58057135
0.58297092
0.58539039
0.58783007
0.59029013
0.59277284
0.59527457
0.59779751
0.60034192
0.60290802
0.60549623
0.60810876
0.61074191
0.61339796
0.61607713
0.61877990
0.62150645
0.62425929
0.62703449
0.62983441
0.63265949
0.63550997
0.63838631
0.64129108
0.64422011
0.64717603
0.65015680
0.65316755
0.65620631
0.65927589
0.66237187
0.66549712
0.66865194
0.67183685
0.67505223
0.67830110
0.68157881
0.68488836
0.68823022
0.69160479
0.69501269
0.69845706
0.70193291
0.70544362
0.70898956
0.71257418
0.71619236
0.71962345
0.72281736
0.72531497
0.72762161
0.72922832
0.73070407
0.73163515
0.73246002
0.73280984
0.73313582
0.73292750
0.73271936
0.73239976
0.73206544
0.73214674
1.55352747
1.56215763
1.57088423
1.57972288
1.58864737
1.59767330
1.60681689
1.61605108
1.62539196
1.63485646
1.64441669
1.65408933
1.66389203
1.67379594
1.68381834
1.69397759
1.70424402
1.71463549
1.72517133
1.73582041
1.74660182
1.75753522
1.76858890
1.77978253
1.79113674
1.80261850
1.81424844
1.82604814
1.83798337
1.85007560
1.86234748
1.87476349
1.88734627
1.90011930
1.91304576
1.92614937
1.93945491
1.95292413
1.96658170
1.98045361
1.99450040
2.00874782
2.02322316
2.03788543
2.05276155
2.06788063
2.08319974
2.09874749
2.11455417
2.13057518
2.14684105
2.16338325
2.18015575
2.19719028
2.21452069
2.23209858
2.24995804
2.26813412
2.28657722
2.30532241
2.32440805
2.34378147
2.36348057
2.38351345
2.40388894
2.42461586
2.44573689
2.46719480
2.48903275
2.51129603
2.50440621
2.49685335
2.48934603
2.48184896
2.47443151
2.46705794
2.45972848
2.45240855
2.44516563
2.43796539
2.43077421
2.42365837
2.41658425
2.40951848
2.40252638
2.39557457
2.38866305
2.38175941
0.40511245
0.40627936
0.40745300
0.40863341
0.40982074
0.41101494
0.41221708
0.41342533
0.41464069
0.41586319
0.41709295
0.41832998
0.41957438
0.42082620
0.42208552
0.42335239
0.42462689
0.42591012
0.42720008
0.42849791
0.42980364
0.43111733
0.43243909
0.43377003
0.43510813
0.43645450
0.43780926
0.43917242
0.44054413
0.44192550
0.44331446
0.44471219
0.44611877
0.44753426
0.44895875
0.45039350
0.45183632
0.45328838
0.45474979
0.45622069
0.45770231
0.45919240
0.46069220
0.46220183
0.46372139
0.46525100
0.46679193
0.46834189
0.46990216
0.47147289
0.47305414
0.47464600
0.47624865
0.47786215
0.47948661
0.48112217
0.48276889
0.48442698
0.48609778
0.48777881
0.48947152
0.49117601
0.49289241
0.49462089
0.49636286
0.49811578
0.49988112
0.50165904
0.50344962
0.50525302
0.50707084
0.50890034
0.51074314
0.51259929
0.51446897
0.51635236
0.51825106
0.52016228
0.52208763
0.52402735
0.52598149
0.52795023
0.52993536
0.53193390
0.53394759
0.53597653
0.53802103
0.54008108
0.54215872
0.54425067
0.54635888
0.54848176
0.55062288
0.55278254
0.55495751
0.55714959
0.55935913
0.56158620
0.56383288
0.56609583
0.56837702
0.57067662
0.57299495
0.57533216
0.57769042
0.58006620
0.58246160
0.58487684
0.58731222
0.58976793
0.59224629
0.59474355
0.59726197
0.59980178
0.60236329
0.60494679
0.60755461
0.61018294
0.61283410
0.61550838
0.61820608
0.62092972
0.62367529
0.62644529
0.62923998
0.63205969
0.63490480
0.63777560
0.64067250
0.64359820
0.64654839
0.64952332
0.65252823
0.65556103
0.65862459
0.66171443
0.66483343
0.66798198
0.67116052
0.67436939
0.67761171
0.68088275
0.68418550
0.68752044
0.69088811
0.69428891
0.69772607
0.70119464
0.70469791
0.70823640
0.71181053
0.71542382
0.71907109
0.72230995
0.72528839
0.72764248
0.72961986
0.73123538
0.73244196
0.73341066
0.73402762
0.73440617
0.73449409
0.73428500
0.73403972
0.73370391
0.73340160
0.73424566
1.56032264
1.56902874
1.57784653
1.58674979
1.59575403
1.60487556
1.61408734
1.62340558
1.63284695
1.64238358
1.65203226
1.66181052
1.67168951
1.68168664
1.69182026
1.70206034
1.71242523
1.72293365
1.73355508
1.74430823
1.75521302
1.76623738
1.77740121
1.78872490
1.80017567
1.81177402
1.82354140
1.83544374
1.84750247
1.85974014
1.87212133
1.88466847
1.89740515
1.91029477
1.92336059
1.93662739
1.95005715
1.96367455
1.97750545
1.99151015
2.00571465
2.02014637
2.03476381
2.04959440
2.06466675
2.07993793
2.09543681
2.11119342
2.12716365
2.14337707
2.15986562
2.17658353
2.19356203
2.21083498
2.22835422
2.24615359
2.26426816
2.28264809
2.30132866
2.32034802
2.33965349
2.35928273
2.37924433
2.39954662
2.42019844
2.44124222
2.46262097
2.48437762
2.50655746
2.50542831
2.49786949
2.49032116
2.48285294
2.47542930
2.46801591
2.46068048
2.45338893
2.44610643
2.43890071
2.43173742
2.42461586
2.41750312
2.41046453
2.40346694
2.39647770
2.38956094
2.38268399
2.37581468
0.40603191
0.40720412
0.40838310
0.40956897
0.41076171
0.41196236
0.41316912
0.41438296
0.41560394
0.41683215
0.41806766
0.41931048
0.42056075
0.42181846
0.42308372
0.42435661
0.42563719
0.42692652
0.42822269
0.42952672
0.43083873
0.43215877
0.43348798
0.43482435
0.43616897
0.43752193
0.43888330
0.44025320
0.44163275
0.44301987
0.44441575
0.44582045
0.44723403
0.44865662
0.45008942
0.45153028
0.45298040
0.45443982
0.45590872
0.45738712
0.45887631
0.46037406
0.46188161
0.46339908
0.46492654
0.46646410
0.46801311
0.46957120
0.47113970
0.47271869
0.47430831
0.47590867
0.47751987
0.47914201
0.48077521
0.48241958
0.48407522
0.48574361
0.48742220
0.48911241
0.49081442
0.49252829
0.49425417
0.49599358
0.49774390
0.49950659
0.50128180
0.50306970
0.50487041
0.50668550
0.50851220
0.51035213
0.51220542
0.51407224
0.51595420
0.51784849
0.51975673
0.52167910
0.52361572
0.52556682
0.52753246
0.52951449
0.53150982
0.53352028
0.53554600
0.53758717
0.53964394
0.54171818
0.54380673
0.54591149
0.54803091
0.55016851
0.55232286
0.55449593
0.55668437
0.55889016
0.56111354
0.56335467
0.56561553
0.56789285
0.57018852
0.57250291
0.57483608
0.57719028
0.57956195
0.58195317
0.58436418
0.58679527
0.58924669
0.59172064
0.59421343
0.59672737
0.59926260
0.60181952
0.60439837
0.60700142
0.60962498
0.61227125
0.61494064
0.61763334
0.62034982
0.62309241
0.62585717
0.62864661
0.63146102
0.63430071
0.63716835
0.64005971
0.64297748
0.64592195
0.64889115
0.65189016
0.65491700
0.65797210
0.66105831
0.66417110
0.66731340
0.67048550
0.67368793
0.67692369
0.68018806
0.68348408
0.68681216
0.69017285
0.69356656
0.69699657
0.70045793
0.70395380
0.70748478
0.71105134
0.71465403
0.71829635
0.72180033
0.72501361
0.72761565
0.72998494
0.73162913
0.73319316
0.73416388
0.73509163
0.73549253
0.73589391
0.73579353
0.73565060
0.73534977
0.73501271
0.73493379
0.73730212
1.56717765
1.57597458
1.58485663
1.59383941
1.60293901
1.61212850
1.62142408
1.63084221
1.64035547
1.64998031
1.65973413
1.66958845
1.67956042
1.68966830
1.69988227
1.71022058
1.72070193
1.73129570
1.74202085
1.75289690
1.76389205
1.77502620
1.78631961
1.79773951
1.80930626
1.82104158
1.83291125
1.84493661
1.85714018
1.86948669
1.88199842
1.89469886
1.90755153
1.92057979
1.93380809
1.94719875
1.96077609
1.97456598
1.98852897
2.00269079
2.01707888
2.03165174
2.04643679
2.06146264
2.07668638
2.09213662
2.10784364
2.12376261
2.13992405
2.15635967
2.17302299
2.18994570
2.20716166
2.22462249
2.24236178
2.26041508
2.27873230
2.29734874
2.31630206
2.33553982
2.35510015
2.37499070
2.39522004
2.41579700
2.43676400
2.45806408
2.47973990
2.50183654
2.50641608
2.49885130
2.49133182
2.48382306
2.47639370
2.46900845
2.46163344
2.45433593
2.44708180
2.43987012
2.43266773
2.42554092
2.41845560
2.41137886
2.40437603
2.39741373
2.39045954
2.38357735
2.37673473
2.36993122
0.40695554
0.40813309
0.40931749
0.41050878
0.41170797
0.41291320
0.41412556
0.41534501
0.41657171
0.41780564
0.41904792
0.42029560
0.42155173
0.42281541
0.42408666
0.42536560
0.42665330
0.42794779
0.42925015
0.43056047
0.43187881
0.43320525
0.43454093
0.43588379
0.43723500
0.43859458
0.43996266
0.44134039
0.44272569
0.44411969
0.44552252
0.44693422
0.44835490
0.44978577
0.45122468
0.45267281
0.45413026
0.45559713
0.45707354
0.45856071
0.46005636
0.46156186
0.46307719
0.46460253
0.46613798
0.46768481
0.46924070
0.47080699
0.47238374
0.47397113
0.47556919
0.47717810
0.47879788
0.48042873
0.48207074
0.48372400
0.48538995
0.48706609
0.48875386
0.49045333
0.49216470
0.49388802
0.49562487
0.49737257
0.49913263
0.50090522
0.50269037
0.50448835
0.50630069
0.50812465
0.50996178
0.51181221
0.51367617
0.51555371
0.51744658
0.51935184
0.52127123
0.52320480
0.52515280
0.52711695
0.52909422
0.53108644
0.53309363
0.53511614
0.53715402
0.53920746
0.54127836
0.54336351
0.54546481
0.54758245
0.54971486
0.55186570
0.55403513
0.55621994
0.55842203
0.56064171
0.56287903
0.56513429
0.56740952
0.56970131
0.57201171
0.57434088
0.57668912
0.57905853
0.58144557
0.58385241
0.58627921
0.58872634
0.59119588
0.59368426
0.59619373
0.59872442
0.60127676
0.60385090
0.60644925
0.60906804
0.61170948
0.61437392
0.61706167
0.61977309
0.62251061
0.62527019
0.62805438
0.63086349
0.63369781
0.63655770
0.63944584
0.64235795
0.64529675
0.64826018
0.65125334
0.65427667
0.65732580
0.66040349
0.66351008
0.66664606
0.66981184
0.67300785
0.67623448
0.67949480
0.68278408
0.68610537
0.68945909
0.69284582
0.69626868
0.69972277
0.70321131
0.70673478
0.71029377
0.71388876
0.71752328
0.72119200
0.72450310
0.72758591
0.72995800
0.73201728
0.73364645
0.73491865
0.73589391
0.73656076
0.73696333
0.73715252
0.73700911
0.73684132
0.73657298
0.73630488
0.73690230
1.56533098
1.57410705
1.58296800
1.59192932
1.60100710
1.61017442
1.61944735
1.62884259
1.63833237
1.64793336
1.65766299
1.66749263
1.67743957
1.68752182
1.69770980
1.70802152
1.71847594
1.72904229
1.73973930
1.75058687
1.76155305
1.77265751
1.78392065
1.79530978
1.80684531
1.81854856
1.83038568
1.84237778
1.85454738
1.86685932
1.87933588
1.89200032
1.90481627
1.91780698
1.93099701
1.94434857
1.95788610
1.97163522
1.98555672
1.99967611
2.01402068
2.02854919
2.04328918
2.05826855
2.07344484
2.08884692
2.10450411
2.12037277
2.13648248
2.15286493
2.16947389
2.18634152
2.20350051
2.22090316
2.23858309
2.25657535
2.27483010
2.29338241
2.31226993
2.33144069
2.35093212
2.37075210
2.39090896
2.41141152
2.43230224
2.45352411
2.47511959
2.49713349
2.50744009
2.49983382
2.49230862
2.48482847
2.47739315
2.46996784
2.46262097
2.45531774
2.44802403
2.44080710
2.43363237
2.42646670
2.41937613
2.41232657
2.40531826
2.39831805
2.39139080
2.38450336
2.37762356
2.37081504
2.36407685
0.40788341
0.40906635
0.41025615
0.41145292
0.41265765
0.41386846
0.41508642
0.41631156
0.41754398
0.41878468
0.42003080
0.42128536
0.42254743
0.42381707
0.42509440
0.42638043
0.42767325
0.42897394
0.43028259
0.43159923
0.43292394
0.43425786
0.43559900
0.43694842
0.43830624
0.43967250
0.44104841
0.44243187
0.44382402
0.44522497
0.44663480
0.44805357
0.44948253
0.45091948
0.45236567
0.45382112
0.45528603
0.45676038
0.45824549
0.45973912
0.46124253
0.46275577
0.46427900
0.46581227
0.46735695
0.46891066
0.47047472
0.47204927
0.47363439
0.47522894
0.47683677
0.47845426
0.48008278
0.48172241
0.48337325
0.48503679
0.48671049
0.48839578
0.49009278
0.49180162
0.49352241
0.49525666
0.49700177
0.49875921
0.50052911
0.50231165
0.50410688
0.50591648
0.50773764
0.50957197
0.51141959
0.51328069
0.51515532
0.51704526
0.51894760
0.52086395
0.52279454
0.52473944
0.52669895
0.52867466
0.53066367
0.53266770
0.53468698
0.53672159
0.53877336
0.54083925
0.54292101
0.54501891
0.54713303
0.54926199
0.55140924
0.55357510
0.55575627
0.55795473
0.56017059
0.56240416
0.56465566
0.56692702
0.56921488
0.57152134
0.57384652
0.57619071
0.57855415
0.58093894
0.58334154
0.58576411
0.58820689
0.59067017
0.59315407
0.59566104
0.59818721
0.60073495
0.60330445
0.60589814
0.60851210
0.61114872
0.61380827
0.61649108
0.61919749
0.62192988
0.62468433
0.62746328
0.63026702
0.63309598
0.63595045
0.63883311
0.64173961
0.64467275
0.64763045
0.65061778
0.65363282
0.65667832
0.65974993
0.66285038
0.66598016
0.66913956
0.67233169
0.67555183
0.67880291
0.68208551
0.68539995
0.68874681
0.69212919
0.69553953
0.69898909
0.70247030
0.70598638
0.70953780
0.71312517
0.71675187
0.72041267
0.72398746
0.72722328
0.72992802
0.73231542
0.73403972
0.73567188
0.73665226
0.73762906
0.73803586
0.73843998
0.73837566
0.73823172
0.73800218
0.73773605
0.73760766
0.73948300
1.57224393
1.58108389
1.59002388
1.59907985
1.60822499
1.61747539
1.62684774
1.63631427
1.64589155
1.65559709
1.66540205
1.67532396
1.68538070
1.69554281
1.70582819
1.71625566
1.72679460
1.73746383
1.74828291
1.75922012
1.77029514
1.78152823
1.79288673
1.80439103
1.81606245
1.82786703
1.83982611
1.85196197
1.86423945
1.87668073
1.88930941
1.90208876
1.91504216
1.92819417
1.94150686
1.95500469
1.96871316
1.98259330
1.99667048
2.01097178
2.02545619
2.04015088
2.05508423
2.07021356
2.08556724
2.10117531
2.11699367
2.13305187
2.14938140
2.16593671
2.18274879
2.19985127
2.21719623
2.23481703
2.25274849
2.27094102
2.28942990
2.30825210
2.32735610
2.34677887
2.36652851
2.38661337
2.40704203
2.42785668
2.44900084
2.47051644
2.49244809
2.50842953
2.50085235
2.49332094
2.48580003
2.47835898
2.47096205
2.46357536
2.45626640
2.44900084
2.44177794
2.43456435
2.42742634
2.42033005
2.41324234
2.40622878
2.39925551
2.39229059
2.38539815
2.37854505
2.37169957
2.36495638
2.35822010
0.40881550
0.41000384
0.41119912
0.41240236
0.41361171
0.41482815
0.41605178
0.41728264
0.41852179
0.41976634
0.42101932
0.42227978
0.42354783
0.42482349
0.42610791
0.42739910
0.42869812
0.43000504
0.43131998
0.43264300
0.43397519
0.43531457
0.43666223
0.43801826
0.43938273
0.44075572
0.44213846
0.44352877
0.44492784
0.44633579
0.44775265
0.44917968
0.45061469
0.45205891
0.45351243
0.45497531
0.45644766
0.45793074
0.45942229
0.46092361
0.46243480
0.46395588
0.46548703
0.46702954
0.46858108
0.47014296
0.47171527
0.47329813
0.47489166
0.47649598
0.47811115
0.47973731
0.48137456
0.48302305
0.48468286
0.48635542
0.48803827
0.48973277
0.49143910
0.49315736
0.49488902
0.49663153
0.49838635
0.50015360
0.50193346
0.50372601
0.50553286
0.50735128
0.50918281
0.51102757
0.51288581
0.51475757
0.51664460
0.51854396
0.52045733
0.52238488
0.52432680
0.52628314
0.52825576
0.53024161
0.53224248
0.53425848
0.53628981
0.53833669
0.54040086
0.54247922
0.54457372
0.54668438
0.54880983
0.55095524
0.55311579
0.55529338
0.55748814
0.55970031
0.56193012
0.56417781
0.56644529
0.56872928
0.57103181
0.57335299
0.57569313
0.57805252
0.58043313
0.58283156
0.58524990
0.58768839
0.59014726
0.59262681
0.59512931
0.59765100
0.60019410
0.60275900
0.60534590
0.60795510
0.61058897
0.61324364
0.61592156
0.61862290
0.62135023
0.62409955
0.62687325
0.62967175
0.63249534
0.63534439
0.63822150
0.64112252
0.64404994
0.64700431
0.64998347
0.65299261
0.65603215
0.65909767
0.66219199
0.66531551
0.66846865
0.67165178
0.67486793
0.67811251
0.68138838
0.68469608
0.68803602
0.69141138
0.69481736
0.69825703
0.70173091
0.70523959
0.70878345
0.71236604
0.71598208
0.71963507
0.72332549
0.72670668
0.72989810
0.73228526
0.73443043
0.73607343
0.73740906
0.73839098
0.73910838
0.73951679
0.73974425
0.73959976
0.73944002
0.73916978
0.73889977
0.73939699
1.57038534
1.57920432
1.58812296
1.59715724
1.60628033
1.61550832
1.62485778
1.63430107
1.64385474
1.65353620
1.66331673
1.67321372
1.68324518
1.69338143
1.70364046
1.71404111
1.72455287
1.73519433
1.74598503
1.75689340
1.76793897
1.77914214
1.79047012
1.80194330
1.81358302
1.82535529
1.83728147
1.84938359
1.86162686
1.87403321
1.88662612
1.89936912
1.91228533
1.92539942
1.93867338
1.95213163
1.96579981
1.97963870
1.99367380
2.00793195
2.02237272
2.03702259
2.05190969
2.06699228
2.08229804
2.09785700
2.11362529
2.12963223
2.14590931
2.16241074
2.17916822
2.19621444
2.21350169
2.23106360
2.24893451
2.26706529
2.28549099
2.30424809
2.32328558
2.34264016
2.36235142
2.38233328
2.40268850
2.42342758
2.44449401
2.46593022
2.48778033
2.50945497
2.50183654
2.49429917
2.48680711
2.47932553
2.47192287
2.46456456
2.45724964
2.44994450
2.44271612
2.43553042
2.42835355
2.42125177
2.41419148
2.40713978
2.40016150
2.39322352
2.38632536
2.37943530
2.37261629
2.36586785
2.35909534
2.35239220
0.40975186
0.41094568
0.41214740
0.41335526
0.41457018
0.41579229
0.41702160
0.41825822
0.41950220
0.42075360
0.42201248
0.42327890
0.42455298
0.42583573
0.42712528
0.42842263
0.42972788
0.43104112
0.43236241
0.43369287
0.43503049
0.43637639
0.43773067
0.43909335
0.44046453
0.44184542
0.44323388
0.44463110
0.44603717
0.44745213
0.44887611
0.45031032
0.45175260
0.45320413
0.45466501
0.45613536
0.45761642
0.45910594
0.46060517
0.46211424
0.46363324
0.46516225
0.46670261
0.46825194
0.46981165
0.47138172
0.47296238
0.47455364
0.47615564
0.47776851
0.47939235
0.48102725
0.48267335
0.48433074
0.48600090
0.48768127
0.48937330
0.49107710
0.49279281
0.49452057
0.49626186
0.49801406
0.49977869
0.50155586
0.50334567
0.50514978
0.50696546
0.50879419
0.51063615
0.51249152
0.51436043
0.51624453
0.51814091
0.52005136
0.52197587
0.52391475
0.52586800
0.52783751
0.52982020
0.53181791
0.53383070
0.53585875
0.53790230
0.53996313
0.54203820
0.54412925
0.54623646
0.54835838
0.55049860
0.55265731
0.55483121
0.55702233
0.55923080
0.56145692
0.56370252
0.56596446
0.56824452
0.57054311
0.57286036
0.57519644
0.57755172
0.57992822
0.58232248
0.58473659
0.58717078
0.58962536
0.59210050
0.59459853
0.59711570
0.59965426
0.60221452
0.60479677
0.60740119
0.61003029
0.61268008
0.61535305
0.61804938
0.62076950
0.62351364
0.62628436
0.62907761
0.63189590
0.63473952
0.63761115
0.64050657
0.64342839
0.64637697
0.64935040
0.65235364
0.65538722
0.65844673
0.66153491
0.66465223
0.66779906
0.67097580
0.67418551
0.67742342
0.68069267
0.68399358
0.68732667
0.69069505
0.69409394
0.69752645
0.70099306
0.70449430
0.70803070
0.71160567
0.71521401
0.71885908
0.72254157
0.72616714
0.72942257
0.73220092
0.73460925
0.73641145
0.73808175
0.73914522
0.74014103
0.74059367
0.74100369
0.74097598
0.74083102
0.74060911
0.74033803
0.74018103
0.74190861
1.57732916
1.58622658
1.59523916
1.60434043
1.61354601
1.62287271
1.63229287
1.64182305
1.65148044
1.66123664
1.67110884
1.68111491
1.69122553
1.70145833
1.71183228
1.72231686
1.73293066
1.74369311
1.75457287
1.76558924
1.77676249
1.78806007
1.79950237
1.81111038
1.82285047
1.83474374
1.84681249
1.85902154
1.87139308
1.88395047
1.89665711
1.90953648
1.92261267
1.93584812
1.94926703
1.96289504
1.97669291
1.99068618
2.00490141
2.01929832
2.03390360
2.04874516
2.06378102
2.07903910
2.09454918
2.11026740
2.12622333
2.14244819
2.15889645
2.17559910
2.19258928
2.20981956
2.22732258
2.24513364
2.26320291
2.28156543
2.30025816
2.31922936
2.33851624
2.35815763
2.37806845
2.39835048
2.41901445
2.44000411
2.46136117
2.48312998
2.50525212
2.50285673
2.49531317
2.48778033
2.48032737
2.47291875
2.46552038
2.45819998
2.45092273
2.44365525
2.43646383
2.42931461
2.42220736
2.41510868
2.40808415
2.40110040
2.39412475
2.38722157
2.38035798
2.37350225
2.36671734
2.36000228
2.35329413
2.34659314
0.41069251
0.41189277
0.41309911
0.41431254
0.41553313
0.41676092
0.41799599
0.41923839
0.42048821
0.42174551
0.42301035
0.42428279
0.42556289
0.42685178
0.42814749
0.42945108
0.43076262
0.43208218
0.43340987
0.43474683
0.43609095
0.43744344
0.43880433
0.44017372
0.44155279
0.44293940
0.44433478
0.44573894
0.44715202
0.44857410
0.45000637
0.45144668
0.45289624
0.45435515
0.45582348
0.45730132
0.45878997
0.46028715
0.46179414
0.46331105
0.46483791
0.46637490
0.46792331
0.46948078
0.47104868
0.47262707
0.47421607
0.47581580
0.47742638
0.47904786
0.48068044
0.48232415
0.48397914
0.48564687
0.48732477
0.48901433
0.49071562
0.49242884
0.49415401
0.49589273
0.49764231
0.49940428
0.50117880
0.50296593
0.50476593
0.50658023
0.50840616
0.51024532
0.51209790
0.51396388
0.51584506
0.51773852
0.51964599
0.52156752
0.52350330
0.52545357
0.52741992
0.52939951
0.53139400
0.53340358
0.53542840
0.53746867
0.53952616
0.54159784
0.54368550
0.54578930
0.54790777
0.55004442
0.55219954
0.55436987
0.55655730
0.55876213
0.56098443
0.56322455
0.56548440
0.56776059
0.57005525
0.57236850
0.57470059
0.57705367
0.57942420
0.58181429
0.58422416
0.58665407
0.58910429
0.59157509
0.59406865
0.59658134
0.59911537
0.60167104
0.60424858
0.60684830
0.60947257
0.61211753
0.61478555
0.61747694
0.62019199
0.62293106
0.62569660
0.62848455
0.63129753
0.63413572
0.63699961
0.63988948
0.64280796
0.64575088
0.64871854
0.65171593
0.65474355
0.65779704
0.66087914
0.66399026
0.66713077
0.67030120
0.67350441
0.67673582
0.67999834
0.68329251
0.68661880
0.68997759
0.69337207
0.69679743
0.70025676
0.70375067
0.70727956
0.71084690
0.71444750
0.71808481
0.72175932
0.72547162
0.72887897
0.73209852
0.73450923
0.73669189
0.73836648
0.73975652
0.74078166
0.74157172
0.74203235
0.74235421
0.74220872
0.74205399
0.74178189
0.74150997
0.74189627
1.57545841
1.58433473
1.59332585
1.60240507
1.61158848
1.62089252
1.63028967
1.63979638
1.64942992
1.65916181
1.66900921
1.67899013
1.68907499
1.69928181
1.70962918
1.72008669
1.73067296
1.74140728
1.75225842
1.76324558
1.77438915
1.78565657
1.79706788
1.80864453
1.82035255
1.83221316
1.84424841
1.85642350
1.86876047
1.88128233
1.89395297
1.90679550
1.91983402
1.93303108
1.94641089
1.95999885
1.97375584
1.98770738
2.00188017
2.01623344
2.03079414
2.04559016
2.06057954
2.07579041
2.09125185
2.10692048
2.12282562
2.13899851
2.15539360
2.17204189
2.18897629
2.20614958
2.22359443
2.24134541
2.25935364
2.27765346
2.29628181
2.31518722
2.33440661
2.35397887
2.37381864
2.39402819
2.41461730
2.43553042
2.45680881
2.47849703
2.50053620
2.50384259
2.49629307
2.48878908
2.48129535
2.47388124
2.46651101
2.45918489
2.45186806
2.44462848
2.43743134
2.43024325
2.42313051
2.41605926
2.40899658
2.40200758
2.39505887
2.38811827
2.38124967
2.37442040
2.36763024
2.36087871
2.35416555
2.34749055
2.34082270
0.41163847
0.41284332
0.41405523
0.41527429
0.41650054
0.41773409
0.41897592
0.42022318
0.42147887
0.42274210
0.42401293
0.42529142
0.42657867
0.42787269
0.42917460
0.43048447
0.43180233
0.43312830
0.43446350
0.43580589
0.43715659
0.43851569
0.43988329
0.44125944
0.44264531
0.44403881
0.44544113
0.44685233
0.44827247
0.44970283
0.45114121
0.45258880
0.45404571
0.45551205
0.45698786
0.45847446
0.45996958
0.46147451
0.46298927
0.46451405
0.46605009
0.46759510
0.46915042
0.47071609
0.47229224
0.47387901
0.47547647
0.47708473
0.47870389
0.48033410
0.48197544
0.48362803
0.48529333
0.48696882
0.48865589
0.49035472
0.49206537
0.49378800
0.49552414
0.49727112
0.49903047
0.50080234
0.50258678
0.50438404
0.50619560
0.50801879
0.50985515
0.51170480
0.51356798
0.51544476
0.51733679
0.51924127
0.52115983
0.52309257
0.52503973
0.52700299
0.52897942
0.53097075
0.53297716
0.53499871
0.53703570
0.53908992
0.54115820
0.54324245
0.54534280
0.54745948
0.54959095
0.55174249
0.55390924
0.55609310
0.55829418
0.56051278
0.56274909
0.56500512
0.56727749
0.56956822
0.57187754
0.57420564
0.57655275
0.57892108
0.58130699
0.58371264
0.58613831
0.58858424
0.59105259
0.59353977
0.59604800
0.59857744
0.60112852
0.60370141
0.60629642
0.60891593
0.61155605
0.61421919
0.61690557
0.61961561
0.62234956
0.62510991
0.62789267
0.63070029
0.63353312
0.63639158
0.63927585
0.64218879
0.64512604
0.64808792
0.65107948
0.65409881
0.65714622
0.66022468
0.66332960
0.66646385
0.66962790
0.67282468
0.67604953
0.67930549
0.68259293
0.68591237
0.68926424
0.69265169
0.69606990
0.69952202
0.70300853
0.70653003
0.71008694
0.71368271
0.71731222
0.72097880
0.72468305
0.72833616
0.73161107
0.73440921
0.73683518
0.73864836
0.74033189
0.74139565
0.74242848
0.74293047
0.74339586
0.74344558
0.74336797
0.74322516
0.74295837
0.74278480
0.74435025
1.58244729
1.59141695
1.60047448
1.60963571
1.61891711
1.62829125
1.63777459
1.64738429
1.65709209
1.66691482
1.67687058
1.68693006
1.69711089
1.70743167
1.71786225
1.72842109
1.73912740
1.74995005
1.76090825
1.77202213
1.78325939
1.79464006
1.80618525
1.81786144
1.82968950
1.84169149
1.85383284
1.86613524
1.87862182
1.89125657
1.90406239
1.91706336
1.93022227
1.94356310
1.95711112
1.97082758
1.98473752
1.99886775
2.01317787
2.02769423
2.04244494
2.05738831
2.07255173
2.08796477
2.10358405
2.11943865
2.13555980
2.15190196
2.16849613
2.18537498
2.20249152
2.21987844
2.23757005
2.25551724
2.27375484
2.29231930
2.31115913
2.33031154
2.34981489
2.36958432
2.38972139
2.41023612
2.43107319
2.45227337
2.47388124
2.49583817
2.50486422
2.49727368
2.48976374
2.48229885
2.47487855
2.46746850
2.46013641
2.45284796
2.44556880
2.43836617
2.43120599
2.42405462
2.41697788
2.40994239
2.40294790
2.39596152
2.38904786
2.38217378
2.37530756
2.36851239
2.36178708
2.35503769
2.34835768
2.34171557
2.33511090
0.41258782
0.41379824
0.41501579
0.41624051
0.41747248
0.41871276
0.41995847
0.42121258
0.42247421
0.42374343
0.42502028
0.42630589
0.42759827
0.42889851
0.43020666
0.43152285
0.43284708
0.43418056
0.43552119
0.43687013
0.43822744
0.43959323
0.44096866
0.44235161
0.44374326
0.44514370
0.44655299
0.44797125
0.44939968
0.45083612
0.45228174
0.45373669
0.45520103
0.45667484
0.45815939
0.45965245
0.46115530
0.46266797
0.46419060
0.46572331
0.46726739
0.46882048
0.47038397
0.47195789
0.47354242
0.47513631
0.47674355
0.47836041
0.47998828
0.48162726
0.48327747
0.48493901
0.48661336
0.48829800
0.48999432
0.49170247
0.49342254
0.49515611
0.49690050
0.49865723
0.50042641
0.50220817
0.50400269
0.50581151
0.50763196
0.50946552
0.51131237
0.51317263
0.51504654
0.51693565
0.51883715
0.52075273
0.52268249
0.52462655
0.52658516
0.52856004
0.53054821
0.53255141
0.53456974
0.53660345
0.53865433
0.54071933
0.54280019
0.54489708
0.54701030
0.54913825
0.55128628
0.55344945
0.55562961
0.55782706
0.56004196
0.56227452
0.56452668
0.56679523
0.56908202
0.57138741
0.57371151
0.57605457
0.57841879
0.58080053
0.58320200
0.58562344
0.58806503
0.59052712
0.59301180
0.59551555
0.59804052
0.60058701
0.60315526
0.60574758
0.60836029
0.61099559
0.61365378
0.61633527
0.61904025
0.62176913
0.62452430
0.62730187
0.63010418
0.63293165
0.63578463
0.63866347
0.64157081
0.64450234
0.64745849
0.65044421
0.65345764
0.65649915
0.65957147
0.66267025
0.66579831
0.66895598
0.67214382
0.67536211
0.67861402
0.68189478
0.68520737
0.68855232
0.69193012
0.69534391
0.69878882
0.70226800
0.70578206
0.70933139
0.71291953
0.71654123
0.72019994
0.72389615
0.72763056
0.73106420
0.73430926
0.73673457
0.73893046
0.74061525
0.74201071
0.74304521
0.74383080
0.74429733
0.74461180
0.74453396
0.74444985
0.74425066
0.74405158
0.74440002
1.58056450
1.58951271
1.59854853
1.60768759
1.61694646
1.62629783
1.63575792
1.64534390
1.65502751
1.66482580
1.67475653
1.68479049
1.69494545
1.70523989
1.71564364
1.72617507
1.73685348
1.74764776
1.75857711
1.76966155
1.78086877
1.79221880
1.80373275
1.81537712
1.82717276
1.83914173
1.85124934
1.86351728
1.87596881
1.88856769
1.90133703
1.91430080
1.92742169
1.94072366
1.95423198
1.96790791
1.98177660
1.99586451
2.01013136
2.02460384
2.03930950
2.05420661
2.06932306
2.08468795
2.10025811
2.11606240
2.13213205
2.14842153
2.16496205
2.18178582
2.19884586
2.21617484
2.23380733
2.25169396
2.26986957
2.28837037
2.30714512
2.32623076
2.34566545
2.36539626
2.38543010
2.40587091
2.42663217
2.44775462
2.46928263
2.49115753
2.50585175
2.49829006
2.49077415
2.48326850
2.47584248
2.46846080
2.46108890
2.45379472
2.44654369
2.43933535
2.43213606
2.42501211
2.41793013
2.41085649
2.40385652
2.39689708
2.38994598
2.38306665
2.37622714
2.36942649
2.36266494
2.35594177
2.34925652
2.34257841
2.33596897
2.32939672
0.41354156
0.41475758
0.41598079
0.41721123
0.41844997
0.41969410
0.42094663
0.42220667
0.42347425
0.42474949
0.42603347
0.42732418
0.42862275
0.42992923
0.43124372
0.43256626
0.43389797
0.43523687
0.43658406
0.43793958
0.43930358
0.44067609
0.44205830
0.44344810
0.44484666
0.44625410
0.44767046
0.44909582
0.45053145
0.45197514
0.45342809
0.45489043
0.45636222
0.45784476
0.45933577
0.46083650
0.46234709
0.46386763
0.46539819
0.46694010
0.46849105
0.47005233
0.47162405
0.47320628
0.47479922
0.47640288
0.47801742
0.47964296
0.48127955
0.48292738
0.48458654
0.48625845
0.48794061
0.48963442
0.49134007
0.49305764
0.49478725
0.49653041
0.49828452
0.50005102
0.50183016
0.50362200
0.50542808
0.50724572
0.50907648
0.51092052
0.51277792
0.51464891
0.51653510
0.51843369
0.52034628
0.52227300
0.52421403
0.52616960
0.52814132
0.53012633
0.53212631
0.53414142
0.53617191
0.53821784
0.54028112
0.54235858
0.54445213
0.54656184
0.54868633
0.55083078
0.55299038
0.55516690
0.55736071
0.55957186
0.56180066
0.56404907
0.56631374
0.56859666
0.57089812
0.57321823
0.57555729
0.57791734
0.58029503
0.58269227
0.58510947
0.58754677
0.59000450
0.59248483
0.59498405
0.59750456
0.60004640
0.60261005
0.60519564
0.60780561
0.61043614
0.61308950
0.61576599
0.61846602
0.62119192
0.62393981
0.62671214
0.62950921
0.63233137
0.63517892
0.63805223
0.64095396
0.64387989
0.64683264
0.64981025
0.65281779
0.65585327
0.65891957
0.66201222
0.66513401
0.66828543
0.67146683
0.67467868
0.67792398
0.68119800
0.68450385
0.68784195
0.69121271
0.69461673
0.69805712
0.70152903
0.70503563
0.70857751
0.71215510
0.71577191
0.71942276
0.72311097
0.72683728
0.73051518
0.73381281
0.73663396
0.73907465
0.74089885
0.74259263
0.74365985
0.74469900
0.74519783
0.74566609
0.74570358
0.74562860
0.74547869
0.74527895
0.74517912
0.74676722
1.58761299
1.59662712
1.60574424
1.61498070
1.62430918
1.63374615
1.64330840
1.65296805
1.66274190
1.67264771
1.68265641
1.69278550
1.70305371
1.71343064
1.72393489
1.73458552
1.74535155
1.75625205
1.76730716
1.77848446
1.78980410
1.80128694
1.81289959
1.82466292
1.83659899
1.84867299
1.86090672
1.87332320
1.88588655
1.89861953
1.91154611
1.92462909
1.93789244
1.95136118
1.96499693
1.97882438
1.99287021
2.00709438
2.02152276
2.03618360
2.05103493
2.06610465
2.08142161
2.09694266
2.11269689
2.12871528
2.14495254
2.16143918
2.17820811
2.19521213
2.21248388
2.23005724
2.24788380
2.26599765
2.28443503
2.30314517
2.32216406
2.34153080
2.36119199
2.38115406
2.40152144
2.42220736
2.44325256
2.46470094
2.48649454
2.50687504
2.49927235
2.49175048
2.48427367
2.47684145
2.46941948
2.46207595
2.45477605
2.44748545
2.44027162
2.43310022
2.42593765
2.41884995
2.41180372
2.40476584
2.39780116
2.39087677
2.38399243
2.37711573
2.37031007
2.36357474
2.35681510
2.35012507
2.34347296
2.33682775
2.33025050
2.32371020
0.41449970
0.41572139
0.41695032
0.41818649
0.41943005
0.42068100
0.42193943
0.42320544
0.42447907
0.42576137
0.42705047
0.42834735
0.42965215
0.43096495
0.43228576
0.43361577
0.43495291
0.43629831
0.43765208
0.43901429
0.44038498
0.44176537
0.44315332
0.44455004
0.44595557
0.44737005
0.44879350
0.45022720
0.45166892
0.45311990
0.45458025
0.45605004
0.45752937
0.45901951
0.46051818
0.46202669
0.46354508
0.46507353
0.46661329
0.46816206
0.46972114
0.47129062
0.47287065
0.47446129
0.47606269
0.47767493
0.47929811
0.48093238
0.48257783
0.48423457
0.48590404
0.48758376
0.48927510
0.49097821
0.49269325
0.49442166
0.49616086
0.49791238
0.49967626
0.50145268
0.50324184
0.50504518
0.50686008
0.50868803
0.51052928
0.51238382
0.51425195
0.51613522
0.51803088
0.51994044
0.52186418
0.52380216
0.52575463
0.52772325
0.52970511
0.53170192
0.53371382
0.53574103
0.53778368
0.53984362
0.54191774
0.54400784
0.54611415
0.54823512
0.55037433
0.55253208
0.55470502
0.55689514
0.55910259
0.56132764
0.56357229
0.56583309
0.56811213
0.57040966
0.57272577
0.57506078
0.57741684
0.57979035
0.58218342
0.58459640
0.58702940
0.58948278
0.59195870
0.59445357
0.59696949
0.59950686
0.60206586
0.60464674
0.60725200
0.60987771
0.61252618
0.61519778
0.61789280
0.62061149
0.62335646
0.62612355
0.62891537
0.63173217
0.63457429
0.63744444
0.64033836
0.64325863
0.64620566
0.64917749
0.65217918
0.65520871
0.65826899
0.66135550
0.66447109
0.66761619
0.67079121
0.67399657
0.67723531
0.68050271
0.68380177
0.68713295
0.69049680
0.69389373
0.69732696
0.70079160
0.70429087
0.70782518
0.71139520
0.71500140
0.71864724
0.72232753
0.72604573
0.72980237
0.73324454
0.73649067
0.73894578
0.74115801
0.74287778
0.74427867
0.74531955
0.74610364
0.74657303
0.74687690
0.74680167
0.74671400
0.74651355
0.74631011
0.74672961
1.58571780
1.59471047
1.60380554
1.61301970
1.62232542
1.63173926
1.64127803
1.65091372
1.66066325
1.67054427
1.68052769
1.69063115
1.70087314
1.71122348
1.72170055
1.73232353
1.74306142
1.75393319
1.76495898
1.77610648
1.78739583
1.79884768
1.81042886
1.82216001
1.83406317
1.84610379
1.85830343
1.87068510
1.88321292
1.89590967
1.90879929
1.92184460
1.93506944
1.94849896
1.96209443
1.97588110
1.98988497
2.00406623
2.01845121
2.03306723
2.04787302
2.06289601
2.07816529
2.09363770
2.10934234
2.12530947
2.14149451
2.15792799
2.17464232
2.19159055
2.20880485
2.22631979
2.24408627
2.26213861
2.28051305
2.29915881
2.31811190
2.33741069
2.35700226
2.37689352
2.39718771
2.41779876
2.43876719
2.46013641
2.48184896
2.50394821
2.50029039
2.49276233
2.48524475
2.47780704
2.47041345
2.46302986
2.45572424
2.44846177
2.44120860
2.43403172
2.42689681
2.41980362
2.41271901
2.40570831
2.39873838
2.39177632
2.38488674
2.37803650
2.37119412
2.36445379
2.35772038
2.35102510
2.34433699
2.33771753
2.33113551
2.32455993
2.31805158
0.41546232
0.41668969
0.41792434
0.41916633
0.42041570
0.42167258
0.42293698
0.42420897
0.42548865
0.42677709
0.42807233
0.42937544
0.43068653
0.43200564
0.43333390
0.43466932
0.43601298
0.43736497
0.43872538
0.44009426
0.44147283
0.44285896
0.44425380
0.44565746
0.44707003
0.44849157
0.44992334
0.45136312
0.45281214
0.45427051
0.45573828
0.45721558
0.45870367
0.46020028
0.46170670
0.46322301
0.46474931
0.46628693
0.46783352
0.46939042
0.47095770
0.47253549
0.47412387
0.47572300
0.47733292
0.47895378
0.48058569
0.48222876
0.48388308
0.48555017
0.48722741
0.48891628
0.49061692
0.49232939
0.49405390
0.49579188
0.49754077
0.49930203
0.50107580
0.50286222
0.50466144
0.50647503
0.50830019
0.51013857
0.51199037
0.51385558
0.51573449
0.51762861
0.51953524
0.52145600
0.52339095
0.52534038
0.52730590
0.52928460
0.53127819
0.53328693
0.53531086
0.53735024
0.53940684
0.54147756
0.54356426
0.54566717
0.54778636
0.54992038
0.55207449
0.55424386
0.55643034
0.55863410
0.56085545
0.56309450
0.56535327
0.56762844
0.56992203
0.57223421
0.57456517
0.57691717
0.57928658
0.58167547
0.58408421
0.58651298
0.58896202
0.59143358
0.59392399
0.59643543
0.59896821
0.60152262
0.60409886
0.60669941
0.60932028
0.61196393
0.61463064
0.61732066
0.62003434
0.62277412
0.62553608
0.62832260
0.63113409
0.63397086
0.63683325
0.63972390
0.64263856
0.64557993
0.64854598
0.65154177
0.65456539
0.65761966
0.66070008
0.66380948
0.66694832
0.67011696
0.67331588
0.67654806
0.67980880
0.68310112
0.68642551
0.68978238
0.69317228
0.69659835
0.70005572
0.70354760
0.70707446
0.71063691
0.71423537
0.71787339
0.72154576
0.72525585
0.72900432
0.73267108
0.73598826
0.73877096
0.74123824
0.74304831
0.74477690
0.74585980
0.74694586
0.74747908
0.74795020
0.74797851
0.74789989
0.74774909
0.74754816
0.74745399
0.74916214
1.59279823
1.60187161
1.61106336
1.62034655
1.62973738
1.63925266
1.64886451
1.65858972
1.66844606
1.67840433
1.68848217
1.69869804
1.70902181
1.71947193
1.73006737
1.74077713
1.75162041
1.76261711
1.77373493
1.78499401
1.79641497
1.80796480
1.81966400
1.83153450
1.84354174
1.85570753
1.86805439
1.88054693
1.89320767
1.90606046
1.91906822
1.93225479
1.94564497
1.95920062
1.97294641
1.98690867
2.00104737
2.01538873
2.02996039
2.04472089
2.05969739
2.07491922
2.09034324
2.10599804
2.12191463
2.13804793
2.15442824
2.17108822
2.18798065
2.20513821
2.22259474
2.24030161
2.25829291
2.27660465
2.29518628
2.31407356
2.33330488
2.35282755
2.37264800
2.39286947
2.41340590
2.43429804
2.45558882
2.47722077
2.49923730
2.50127411
2.49374008
2.48625135
2.47877312
2.47137380
2.46401858
2.45670724
2.44940519
2.44217992
2.43499732
2.42782354
2.42072511
2.41366768
2.40661907
2.39964366
2.39270878
2.38581371
2.37892652
2.37211061
2.36536503
2.35859513
2.35189509
2.34523273
2.33857751
2.33199048
2.32544065
2.31889701
2.31242013
0.41642943
0.41766253
0.41890392
0.42015076
0.42140603
0.42266881
0.42393920
0.42521724
0.42650405
0.42779765
0.42909908
0.43040848
0.43172589
0.43305138
0.43438610
0.43572801
0.43707824
0.43843687
0.43980396
0.44118068
0.44256496
0.44395795
0.44535977
0.44677043
0.44819009
0.44961992
0.45105773
0.45250481
0.45396119
0.45542696
0.45690224
0.45838827
0.45988283
0.46138719
0.46290138
0.46442556
0.46595982
0.46750546
0.46906015
0.47062525
0.47220078
0.47378692
0.47538376
0.47699139
0.47860995
0.48023951
0.48188019
0.48353213
0.48519677
0.48687157
0.48855799
0.49025613
0.49196610
0.49368805
0.49542347
0.49716973
0.49892837
0.50069946
0.50248319
0.50427973
0.50609052
0.50791293
0.50974852
0.51159745
0.51345980
0.51533729
0.51722705
0.51913071
0.52104843
0.52298039
0.52492672
0.52688760
0.52886474
0.53085518
0.53286070
0.53488135
0.53691745
0.53897077
0.54103816
0.54312146
0.54522091
0.54733664
0.54946715
0.55161768
0.55378348
0.55596632
0.55816638
0.56038398
0.56261927
0.56487423
0.56714559
0.56943524
0.57174343
0.57407045
0.57641649
0.57878363
0.58116841
0.58357292
0.58599746
0.58844221
0.59090936
0.59339535
0.59590232
0.59843057
0.60098034
0.60355198
0.60614777
0.60876387
0.61140269
0.61406451
0.61674953
0.61945820
0.62219292
0.62494969
0.62773103
0.63053721
0.63336855
0.63622552
0.63911062
0.64201969
0.64495540
0.64791566
0.65090567
0.65392339
0.65697163
0.66004592
0.66314918
0.66628176
0.66944408
0.67263657
0.67586219
0.67911631
0.68240190
0.68571949
0.68906945
0.69245231
0.69587123
0.69932139
0.70280594
0.70632535
0.70988023
0.71347100
0.71710122
0.72076565
0.72446775
0.72820801
0.73198718
0.73540747
0.73859316
0.74106234
0.74321586
0.74494833
0.74632573
0.74741316
0.74820799
0.74873674
0.74908334
0.74908018
0.74898875
0.74878711
0.74858558
0.74907702
1.59089077
1.59994221
1.60911191
1.61837244
1.62774038
1.63723230
1.64682043
1.65652144
1.66635311
1.67628634
1.68633878
1.69652855
1.70682597
1.71724904
1.72781706
1.73849893
1.74931371
1.76028132
1.77136970
1.78259861
1.79398894
1.80550742
1.81717479
1.82901263
1.84098685
1.85311878
1.86543119
1.87788844
1.89051330
1.90332937
1.91629982
1.92944813
1.94279945
1.95631528
1.97002053
1.98394120
1.99803758
2.01233578
2.02686310
2.04157829
2.05650878
2.07168341
2.08705902
2.10266447
2.11853051
2.13461208
2.15093970
2.16754556
2.18438292
2.20148373
2.21888232
2.23652983
2.25446033
2.27270985
2.29122758
2.31004953
2.32921362
2.34866762
2.36841774
2.38856697
2.40902925
2.42984533
2.45105791
2.47260976
2.49454403
2.50229383
2.49475360
2.48722410
2.47977448
2.47236919
2.46497416
2.45765686
2.45038295
2.44311857
2.43593025
2.42878437
2.42164707
2.41458464
2.40756297
2.40058231
2.39360952
2.38670945
2.37984872
2.37299585
2.36621380
2.35950184
2.35276532
2.34609842
2.33946896
2.33287692
2.32629156
2.31977344
2.31329179
2.30681634
0.41740102
0.41864088
0.41988614
0.42113984
0.42240104
0.42366982
0.42494622
0.42623138
0.42752329
0.42882308
0.43013078
0.43144649
0.43277028
0.43410325
0.43544340
0.43679187
0.43814871
0.43951401
0.44088784
0.44227138
0.44366252
0.44506246
0.44647124
0.44788897
0.44931689
0.45075276
0.45219788
0.45365226
0.45511606
0.45658931
0.45807332
0.45956582
0.46106809
0.46258020
0.46410227
0.46563438
0.46717787
0.46873036
0.47029325
0.47186658
0.47345045
0.47504377
0.47665036
0.47826660
0.47989380
0.48153216
0.48318169
0.48484391
0.48651630
0.48820022
0.48989585
0.49160331
0.49332273
0.49505559
0.49679926
0.49855524
0.50032371
0.50210476
0.50389856
0.50570661
0.50752628
0.50935906
0.51120514
0.51306468
0.51493776
0.51682609
0.51872677
0.52064151
0.52257043
0.52451372
0.52647305
0.52844554
0.53043282
0.53243512
0.53445256
0.53648537
0.53853375
0.54059941
0.54267937
0.54477537
0.54688764
0.54901463
0.55116165
0.55332386
0.55550301
0.55769950
0.55991334
0.56214488
0.56439602
0.56666350
0.56894928
0.57125354
0.57357657
0.57591856
0.57828158
0.58066225
0.58306259
0.58548284
0.58792323
0.59038413
0.59286761
0.59537017
0.59789389
0.60043907
0.60300606
0.60559714
0.60820854
0.61084253
0.61349940
0.61617953
0.61888313
0.62161064
0.62436444
0.62714052
0.62994140
0.63276744
0.63561893
0.63849854
0.64140201
0.64433205
0.64728898
0.65027076
0.65328258
0.65632486
0.65939313
0.66249019
0.66561657
0.66877252
0.67195857
0.67517769
0.67842519
0.68170410
0.68501490
0.68835795
0.69173384
0.69514567
0.69858861
0.70206583
0.70557779
0.70912510
0.71270829
0.71633071
0.71998727
0.72368133
0.72741348
0.73118436
0.73482764
0.73816746
0.74088341
0.74336797
0.74511671
0.74679232
0.74788105
0.74892890
0.74945861
0.74998915
0.75003970
0.75003338
0.74995124
0.74982804
0.74974275
0.75157243
1.59801757
1.60716510
1.61640322
1.62574816
1.63521695
1.64478135
1.65445828
1.66426539
1.67417371
1.68420064
1.69436467
1.70463574
1.71503198
1.72557271
1.73622668
1.74701321
1.75795186
1.76901078
1.78020978
1.79156947
1.80305672
1.81469238
1.82649779
1.83843887
1.85053718
1.86281526
1.87523758
1.88782656
1.90060616
1.91353941
1.92664981
1.93996215
1.95343840
1.96710324
1.98098254
1.99503684
2.00929189
2.02377510
2.03844547
2.05332994
2.06845737
2.08378506
2.09934163
2.11515713
2.13118744
2.14746261
2.16401434
2.18079662
2.19784141
2.21518207
2.23277068
2.25064063
2.26882792
2.28728223
2.30603933
2.32513690
2.34452248
2.36423397
2.38427973
2.40466833
2.42540884
2.44654369
2.46801591
2.48986816
2.50327921
2.49573302
2.48823237
2.48074222
2.47333121
2.46596432
2.45860744
2.45132780
2.44409132
2.43689752
2.42971253
2.42260289
2.41553473
2.40847516
2.40148902
2.39454341
2.38760567
2.38074017
2.37391376
2.36712646
2.36037779
2.35366750
2.34699535
2.34033012
2.33373332
2.32717347
2.32062030
2.31413388
2.30768347
2.30126929
0.41837817
0.41962186
0.42087397
0.42213356
0.42340073
0.42467552
0.42595905
0.42724931
0.42854741
0.42985344
0.43116745
0.43248951
0.43382078
0.43515918
0.43650588
0.43786094
0.43922445
0.44059646
0.44197816
0.44336748
0.44476554
0.44617245
0.44758826
0.44901425
0.45044822
0.45189136
0.45334378
0.45480558
0.45627683
0.45775881
0.45924926
0.46074945
0.46225944
0.46377939
0.46530938
0.46685070
0.46840104
0.46996173
0.47153282
0.47311449
0.47470677
0.47630981
0.47792372
0.47954860
0.48118460
0.48283178
0.48449025
0.48616150
0.48784298
0.48953614
0.49124110
0.49295795
0.49468824
0.49642932
0.49818271
0.49994853
0.50172693
0.50351799
0.50532335
0.50714022
0.50897020
0.51081347
0.51267016
0.51454031
0.51642573
0.51832348
0.52023524
0.52216119
0.52410138
0.52605605
0.52802700
0.53001112
0.53201020
0.53402448
0.53605402
0.53809905
0.54016143
0.54223800
0.54433060
0.54643935
0.54856288
0.55070466
0.55286497
0.55504054
0.55723333
0.55944347
0.56167126
0.56391865
0.56618226
0.56846410
0.57076448
0.57308352
0.57542145
0.57778043
0.58015692
0.58255309
0.58496910
0.58740526
0.58986175
0.59234089
0.59483892
0.59735817
0.59989882
0.60246116
0.60504550
0.60765415
0.61028332
0.61293536
0.61561054
0.61830914
0.62103373
0.62378025
0.62655109
0.62934673
0.63216740
0.63501352
0.63788533
0.64078552
0.64370990
0.64666110
0.64963710
0.65264302
0.65567935
0.65874159
0.66183257
0.66495264
0.66810232
0.67128199
0.67449462
0.67773551
0.68100774
0.68431175
0.68764794
0.69101685
0.69442159
0.69785732
0.70132726
0.70483184
0.70837164
0.71194720
0.71556187
0.71921057
0.72289664
0.72662067
0.73038328
0.73418808
0.73758322
0.74070770
0.74319106
0.74528521
0.74702734
0.74834639
0.74944288
0.75018197
0.75071347
0.75100172
0.75099850
0.75096685
0.75084329
0.75071663
0.75139165
1.59609747
1.60522294
1.61443877
1.62376094
1.63320649
1.64274728
1.65240037
1.66218293
1.67206645
1.68206811
1.69220626
1.70245099
1.71282065
1.72333407
1.73396039
1.74471867
1.75562847
1.76665807
1.77782726
1.78915644
1.80061269
1.81221664
1.82398987
1.83589804
1.84796286
1.86020660
1.87259400
1.88514757
1.89789069
1.91078687
1.92385948
1.93713319
1.95057011
1.96419466
1.97803283
1.99204504
2.00625730
2.02069664
2.03532219
2.05016088
2.06524158
2.08052135
2.09602904
2.11179471
2.12777376
2.14399648
2.16049480
2.17722249
2.19421101
2.21149421
2.22902393
2.24683404
2.26495957
2.28335071
2.30204296
2.32107401
2.34039164
2.36003351
2.38000798
2.40032315
2.42098832
2.44204593
2.46343899
2.48521018
2.50430036
2.49671316
2.48920679
2.48174524
2.47432828
2.46692133
2.45959258
2.45230722
2.44503140
2.43783188
2.43067479
2.42352653
2.41645288
2.40942049
2.40242910
2.39544559
2.38853478
2.38166380
2.37480044
2.36800814
2.36128592
2.35453939
2.34786224
2.34122276
2.33459020
2.32802558
2.32149792
2.31500649
2.30852151
2.30210257
2.29571915
0.41935790
0.42060843
0.42186645
0.42313200
0.42440519
0.42568704
0.42697567
0.42827213
0.42957646
0.43088877
0.43220913
0.43353868
0.43487534
0.43622026
0.43757355
0.43893525
0.44030547
0.44168535
0.44307280
0.44446900
0.44587404
0.44728798
0.44871092
0.45014408
0.45158526
0.45303571
0.45449552
0.45596477
0.45744470
0.45893312
0.46043122
0.46193916
0.46345699
0.46498483
0.46652400
0.46807218
0.46963066
0.47119954
0.47277898
0.47436899
0.47596976
0.47758135
0.47920391
0.48083755
0.48248234
0.48413843
0.48580724
0.48748627
0.48917693
0.49087939
0.49259371
0.49432006
0.49605992
0.49781072
0.49957389
0.50134957
0.50313795
0.50494057
0.50675476
0.50858194
0.51042241
0.51227617
0.51414353
0.51602602
0.51792085
0.51982963
0.52175248
0.52368969
0.52564132
0.52760911
0.52959007
0.53158599
0.53359705
0.53562337
0.53766513
0.53972411
0.54179734
0.54388648
0.54599184
0.54811192
0.55025017
0.55240685
0.55457884
0.55676794
0.55897444
0.56119847
0.56344026
0.56570184
0.56797981
0.57027626
0.57259130
0.57492524
0.57728010
0.57965249
0.58204448
0.58445626
0.58688813
0.58934033
0.59181505
0.59430867
0.59682339
0.59935945
0.60191721
0.60449690
0.60710078
0.60972518
0.61237234
0.61504263
0.61773628
0.62045360
0.62319714
0.62596285
0.62875319
0.63156855
0.63440919
0.63727784
0.64017022
0.64308900
0.64603448
0.64900470
0.65200478
0.65503269
0.65809131
0.66117615
0.66429007
0.66743350
0.67060673
0.67381287
0.67704725
0.68031281
0.68361008
0.68693942
0.69030136
0.69369906
0.69712764
0.70059025
0.70408750
0.70761979
0.71118772
0.71479470
0.71843553
0.72211361
0.72582960
0.72958398
0.73337746
0.73698771
0.74035037
0.74300182
0.74545372
0.74719667
0.74881548
0.74991018
0.75090665
0.75143921
0.75196618
0.75196296
0.75195980
0.75186133
0.75173432
0.75181371
0.75409734
1.60328555
1.61247897
1.62177861
1.63120091
1.64071834
1.65034747
1.66010571
1.66996431
1.67994082
1.69005322
1.70027196
1.71061492
1.72110116
1.73169994
1.74243009
1.75331128
1.76431167
1.77545106
1.78674984
1.79817533
1.80974782
1.82148886
1.83336425
1.84539568
1.85760534
1.86995804
1.88247609
1.89518309
1.90804231
1.92107725
1.93431246
1.94771004
1.96129453
1.97509181
1.98906231
2.00323176
2.01762748
2.03220844
2.04700160
2.06203580
2.07726789
2.09272695
2.10844278
2.12437105
2.14054179
2.15698671
2.17365980
2.19059253
2.20781875
2.22529006
2.24304008
2.26110435
2.27943254
2.29806042
2.31702566
2.33627558
2.35584807
2.37575150
2.39599371
2.41658425
2.43756485
2.45887899
2.48056936
2.50268078
2.49772930
2.49021649
2.48271441
2.47529173
2.46791315
2.46054459
2.45325351
2.44600558
2.43876719
2.43160439
2.42448378
2.41740465
2.41033411
2.40333724
2.39638090
2.38943267
2.38255644
2.37571979
2.36889052
2.36216331
2.35544276
2.34876060
2.34208536
2.33547854
2.32890892
2.32234597
2.31585002
2.30939007
2.30293655
2.29654837
2.29019570
0.42034325
0.42159966
0.42286363
0.42413518
0.42541543
0.42670241
0.42799717
0.42929986
0.43061048
0.43192911
0.43325692
0.43459186
0.43593502
0.43728656
0.43864647
0.44001487
0.44139293
0.44277853
0.44417289
0.44557604
0.44698808
0.44840911
0.44984034
0.45127958
0.45272806
0.45418590
0.45565313
0.45712987
0.45861739
0.46011347
0.46161929
0.46313503
0.46466076
0.46619779
0.46774378
0.46930006
0.47086677
0.47244394
0.47403172
0.47563019
0.47723949
0.47885972
0.48049098
0.48213342
0.48378709
0.48545349
0.48713008
0.48881826
0.49051821
0.49223003
0.49395382
0.49569112
0.49743927
0.49919981
0.50097287
0.50275856
0.50455701
0.50636983
0.50819427
0.51003188
0.51188284
0.51374733
0.51562691
0.51751876
0.51942462
0.52134448
0.52327865
0.52522719
0.52719188
0.52916974
0.53116250
0.53317028
0.53519338
0.53723180
0.53928751
0.54135734
0.54344314
0.54554504
0.54766333
0.54979634
0.55194956
0.55411792
0.55630338
0.55850613
0.56072646
0.56296444
0.56522220
0.56749636
0.56978881
0.57209992
0.57442987
0.57677883
0.57914895
0.58153677
0.58394432
0.58637196
0.58881980
0.59129018
0.59377933
0.59628958
0.59882110
0.60137427
0.60394925
0.60654849
0.60916805
0.61181039
0.61447573
0.61716437
0.61987668
0.62261510
0.62537563
0.62816077
0.63097078
0.63380611
0.63666695
0.63955611
0.64246923
0.64540905
0.64837354
0.65136772
0.65439212
0.65744233
0.66052109
0.66362882
0.66676593
0.66993284
0.67313004
0.67636037
0.67961931
0.68290979
0.68623233
0.68958730
0.69297528
0.69639939
0.69985479
0.70334464
0.70686948
0.71042985
0.71402913
0.71766210
0.72133231
0.72504020
0.72878641
0.73257160
0.73638099
0.73973501
0.74274760
0.74525714
0.74728137
0.74906129
0.75034952
0.75148046
0.75216633
0.75270385
0.75292993
0.75292671
0.75288212
0.75275797
0.75264972
0.75356740
1.60135281
1.61052406
1.61980104
1.62920034
1.63869429
1.64829957
1.65803361
1.66786766
1.67781901
1.68790579
1.69809842
1.70841491
1.71887422
1.72944546
1.74014759
1.75100017
1.76197147
1.77308118
1.78434980
1.79574454
1.80728555
1.81899464
1.83083749
1.84283555
1.85501122
1.86732936
1.87981212
1.89248312
1.90530550
1.91830301
1.93149996
1.94485843
1.95840311
1.97215950
1.98608840
2.00021553
2.01456761
2.02910423
2.04385209
2.05883980
2.07402468
2.08943534
2.10510159
2.12097907
2.13709807
2.15348983
2.17010880
2.18698621
2.20415521
2.22156835
2.23925900
2.25726199
2.27552795
2.29409170
2.31299114
2.33217382
2.35167742
2.37151003
2.39168000
2.41219592
2.43310022
2.45433593
2.47594571
2.49797463
2.49871087
2.49119234
2.48371887
2.47625589
2.46887159
2.46153116
2.45423436
2.44694710
2.43973637
2.43256807
2.42540884
2.41832423
2.41128087
2.40424609
2.39728451
2.39036322
2.38348150
2.37660789
2.36980510
2.36307263
2.35631585
2.34962869
2.34297943
2.33633685
2.32976246
2.32322502
2.31672406
2.31022930
2.30380082
2.29740810
2.29102111
2.28469896
0.42133322
0.42259556
0.42386553
0.42514312
0.42642945
0.42772260
0.42902359
0.43033251
0.43164945
0.43297553
0.43430874
0.43565017
0.43699992
0.43835804
0.43972462
0.44110087
0.44248465
0.44387716
0.44527844
0.44668859
0.44810772
0.44953701
0.45097432
0.45242083
0.45387667
0.45534191
0.45681664
0.45830214
0.45979613
0.46129990
0.46281353
0.46433711
0.46587080
0.46741584
0.46896994
0.47053441
0.47210938
0.47369489
0.47528982
0.47689810
0.47851601
0.48014495
0.48178500
0.48343629
0.48510024
0.48677438
0.48846012
0.49015757
0.49186686
0.49358812
0.49532282
0.49706838
0.49882630
0.50059670
0.50237972
0.50417686
0.50598550
0.50780720
0.50964200
0.51149017
0.51335174
0.51522690
0.51711738
0.51902020
0.52093714
0.52286822
0.52481371
0.52677530
0.52875006
0.53073961
0.53274423
0.53476405
0.53679925
0.53885162
0.54091811
0.54300052
0.54509902
0.54721379
0.54934335
0.55149293
0.55365771
0.55583954
0.55803865
0.56025523
0.56248951
0.56474340
0.56701368
0.56930226
0.57160944
0.57393533
0.57628024
0.57864630
0.58102995
0.58343333
0.58585668
0.58830023
0.59076422
0.59325099
0.59575671
0.59828371
0.60083228
0.60340261
0.60599715
0.60861194
0.61124945
0.61390990
0.61659360
0.61930084
0.62203419
0.62478954
0.62756944
0.63037419
0.63320410
0.63605952
0.63894314
0.64185071
0.64478487
0.64774358
0.65073198
0.65374804
0.65679467
0.65986735
0.66296887
0.66609979
0.66926032
0.67245358
0.67567492
0.67892718
0.68221098
0.68552667
0.68887478
0.69225574
0.69567275
0.69912088
0.70260340
0.70612079
0.70967358
0.71326232
0.71689039
0.72055268
0.72425258
0.72799063
0.73176748
0.73558676
0.73912376
0.74249351
0.74500448
0.74733156
0.74911171
0.75066280
0.75180733
0.75277388
0.75336969
0.75389934
0.75389612
0.75389296
0.75378120
0.75365353
0.75386423
0.75686127
1.60857379
1.61782825
1.62720466
1.63667536
1.64625692
1.65596664
1.66577613
1.67570245
1.68576384
1.69593048
1.70622063
1.71665287
1.72719681
1.73787093
1.74869514
1.75963748
1.77071774
1.78195620
1.79332018
1.80483007
1.81650722
1.82831764
1.84028256
1.85242450
1.86470807
1.87715578
1.88979077
1.90257668
1.91553676
1.92869556
1.94201517
1.95552003
1.96923590
1.98312342
1.99720812
2.01151705
2.02600956
2.04071236
2.05565381
2.07079148
2.08615398
2.10177088
2.11759806
2.13366532
2.15000439
2.16656947
2.18339157
2.20050406
2.21785927
2.23549056
2.25343299
2.27163649
2.29013681
2.30897069
2.32808661
2.34752154
2.36728382
2.38738155
2.40782356
2.42865181
2.44980979
2.47133946
2.49328613
2.49972868
2.49220395
2.48468971
2.47725511
2.46986508
2.46248484
2.45518231
2.44792295
2.44067311
2.43349934
2.42636752
2.41924453
2.41219592
2.40518832
2.39822125
2.39126229
2.38437557
2.37752843
2.37068892
2.36395144
2.35722089
2.35049748
2.34384322
2.33722663
2.33064699
2.32407427
2.31756854
2.31109929
2.30463600
2.29823852
2.29187655
2.28552032
2.27922821
0.42232788
0.42359620
0.42487219
0.42615688
0.42744836
0.42874768
0.43005493
0.43137017
0.43269348
0.43402597
0.43536568
0.43671364
0.43807000
0.43943480
0.44080922
0.44219118
0.44358182
0.44498122
0.44638950
0.44780672
0.44923410
0.45066947
0.45211405
0.45356789
0.45503113
0.45650384
0.45798728
0.45947924
0.46098092
0.46249247
0.46401393
0.46554548
0.46708837
0.46864030
0.47020257
0.47177529
0.47335857
0.47495249
0.47655720
0.47817281
0.47979939
0.48143706
0.48308596
0.48474753
0.48641923
0.48810250
0.48979747
0.49150422
0.49322295
0.49495509
0.49669805
0.49845335
0.50022107
0.50200140
0.50379443
0.50560176
0.50742066
0.50925273
0.51109803
0.51295674
0.51482904
0.51671654
0.51861644
0.52053040
0.52245849
0.52440089
0.52635783
0.52833104
0.53031743
0.53231889
0.53433543
0.53636742
0.53841645
0.54047960
0.54255861
0.54465365
0.54676497
0.54889107
0.55103713
0.55319828
0.55537653
0.55757195
0.55978483
0.56201530
0.56426543
0.56653184
0.56881654
0.57111973
0.57344168
0.57578254
0.57814449
0.58052403
0.58292317
0.58534229
0.58778155
0.59024119
0.59272355
0.59522480
0.59774733
0.60029125
0.60285699
0.60544473
0.60805684
0.61068952
0.61334509
0.61602384
0.61872613
0.62145436
0.62420458
0.62697923
0.62977868
0.63260329
0.63545328
0.63833135
0.64123333
0.64416182
0.64711720
0.65009743
0.65310758
0.65614825
0.65921485
0.66231030
0.66543490
0.66858917
0.67177343
0.67499077
0.67823648
0.68151361
0.68482250
0.68816370
0.69154030
0.69494754
0.69838852
0.70186377
0.70537370
0.70891899
0.71250004
0.71612036
0.71977472
0.72346663
0.72719657
0.73096514
0.73477602
0.73851353
0.74188697
0.74474889
0.74727511
0.74916214
0.75095099
0.75212187
0.75327086
0.75390893
0.75450647
0.75472081
0.75479442
0.75480723
0.75467920
0.75460887
0.75579113
1.60662830
1.61586034
1.62521386
1.63466132
1.64421916
1.65390491
1.66368985
1.67359126
1.68362725
1.69376814
1.70403194
1.71443737
1.72495389
1.73560035
1.74639618
1.75730968
1.76836050
1.77956903
1.79090250
1.80238128
1.81402659
1.82580459
1.83773661
1.84984481
1.86209416
1.87450683
1.88710606
1.89985561
1.91277850
1.92589939
1.93918025
1.95264554
1.96632099
1.98016727
1.99420989
2.00847578
2.02292418
2.03758216
2.05247760
2.06756854
2.08288288
2.09845066
2.11422777
2.13024378
2.14653039
2.16304135
2.17980862
2.19686484
2.21416259
2.23173475
2.24961662
2.26775861
2.28619528
2.30496430
2.32401347
2.34338045
2.36310410
2.38309860
2.40346694
2.42421961
2.44530010
2.46675038
2.48861504
2.50071192
2.49318123
2.48569584
2.47822094
2.47082496
2.46347308
2.45613074
2.44886589
2.44164395
2.43446445
2.42729402
2.42019844
2.41314435
2.40609860
2.39912629
2.39219427
2.38527012
2.37841797
2.37160492
2.36486220
2.35809517
2.35139799
2.34473848
2.33808613
2.33150196
2.32495451
2.31841373
2.31193972
2.30550170
2.29909945
2.29270315
2.28637147
2.28007507
2.27378392
0.42332724
0.42460158
0.42588463
0.42717445
0.42847213
0.42977768
0.43109122
0.43241283
0.43374360
0.43508154
0.43642777
0.43778232
0.43914533
0.44051686
0.44189808
0.44328687
0.44468442
0.44609082
0.44750613
0.44893160
0.45036501
0.45180765
0.45325953
0.45472077
0.45619145
0.45767289
0.45916277
0.46066239
0.46217182
0.46369120
0.46522060
0.46676135
0.46831110
0.46987116
0.47144166
0.47302270
0.47461438
0.47621679
0.47783008
0.05972904
0.05947493
0.05937140
0.05926545
0.05987718
0.06059320
0.06132654
0.49114212
0.49285832
0.49458653
0.49632826
0.49808094
0.49984604
0.50162369
0.50341403
0.50521863
0.50703478
0.50886399
0.51070648
0.51256239
0.51443177
0.51631641
0.51821333
0.52012426
0.52204937
0.52398878
0.52594262
0.52791268
0.52989596
0.53189415
0.53390753
0.53593618
0.53798038
0.54004180
0.54211742
0.54420906
0.54631692
0.54843950
0.55058205
0.55273968
0.55491424
0.55710602
0.55931515
0.56154191
0.56378824
0.56605083
0.56833166
0.57063091
0.57294881
0.57528567
0.57764357
0.58001894
0.58241391
0.58482879
0.58726376
0.58971912
0.59219700
0.59469384
0.59721184
0.59975123
0.60231233
0.60489541
0.60750276
0.61013061
0.61278135
0.61545515
0.61815244
0.62087345
0.62362069
0.62639016
0.62918437
0.63200355
0.63484818
0.63772076
0.64061719
0.64354002
0.64648968
0.64946407
0.65246844
0.65550309
0.65856367
0.66165298
0.66477138
0.66791934
0.67109722
0.67430806
0.67754722
0.68081760
0.68411976
0.68745410
0.69082373
0.69422388
0.69765770
0.70112562
0.70462817
0.70816594
0.71174222
0.71535194
0.71899849
0.72268236
0.72640419
0.73016459
0.73396713
0.73780638
0.74127221
0.74449342
0.74701792
0.74921572
0.75100487
0.75243658
0.75358653
0.75444895
0.75504738
0.75547355
0.75554413
0.75561148
0.75556654
0.75552166
0.75592595
1.60468757
1.61389720
1.62322795
1.63265216
1.64218652
1.65184832
1.66160882
1.67148542
1.68149602
1.69161117
1.70184875
1.71222746
1.72271693
1.73333561
1.74410319
1.75498807
1.76600957
1.77718818
1.78849125
1.79993904
1.81155276
1.82329857
1.83519781
1.84727240
1.85948765
1.87186539
1.88442910
1.89714229
1.91002822
1.92311120
1.93635356
1.94977951
1.96341467
1.97721982
1.99122059
2.00544357
2.01984835
2.03446150
2.04931116
2.06435537
2.07962203
2.09514093
2.11086798
2.12683320
2.14306736
2.15952516
2.17623758
2.19323778
2.21047807
2.22799182
2.24581337
2.26389384
0.06137704
0.06064088
0.05992215
0.05925834
0.05935113
0.05944420
0.05953757
0.06040933
2.44080710
2.46217823
2.48396158
2.50173116
2.49415946
2.48666835
2.47922182
2.47181988
2.46442795
2.45711398
2.44984341
2.44258213
2.43539715
2.42825413
2.42112017
2.41406059
2.40704203
2.40006423
2.39309478
2.38619757
2.37933993
2.37248993
2.36574221
2.35900140
2.35226798
2.34560370
2.33897710
2.33235717
2.32580519
2.31928968
2.31281090
2.30633807
2.29993105
2.29355979
2.28719425
2.28089309
2.27462649
2.26836538
0.42433134
0.42561275
0.42690092
0.42819691
0.42950079
0.43081266
0.43213254
0.43346161
0.43479779
0.43614224
0.43749505
0.43885627
0.44022599
0.44160536
0.44299230
0.44438800
0.44579253
0.44720596
0.44862837
0.45006099
0.45150164
0.45295158
0.45441082
0.45587951
0.45735890
0.45884675
0.46034431
0.46185166
0.46336892
0.46489620
0.46643478
0.46798235
0.46954024
0.47110853
0.05922861
0.05906527
0.05896390
0.05886284
0.05875869
0.05865493
0.05855474
0.05851556
0.05917786
0.05987718
0.06059320
0.06132654
0.49249423
0.49422124
0.49595904
0.49770910
0.49947155
0.50124651
0.50303417
0.50483602
0.50664943
0.50847590
0.51031554
0.51216859
0.51403517
0.51591682
0.51781082
0.51971883
0.52164090
0.52357721
0.52552801
0.52749497
0.52947509
0.53147018
0.53348029
0.53550571
0.53754658
0.53960466
0.54167694
0.54376519
0.54586965
0.54798871
0.55012769
0.55228174
0.11925416
0.55664086
0.55884629
0.56106931
0.56331187
0.56557059
0.56784755
0.57014287
0.57245684
0.57478970
0.57714349
0.57951474
0.58190560
0.58431619
0.58674693
0.58919793
0.59167147
0.59416384
0.59667736
0.59921217
0.60176867
0.60434705
0.60694969
0.60957277
0.61221862
0.61488754
0.61757982
0.62029576
0.62303787
0.62580216
0.62859112
0.63140500
0.63424420
0.63710904
0.64000219
0.64291942
0.64586335
0.64883202
0.65183049
0.65485919
0.65791374
0.66099691
0.66410917
0.66725081
0.67042238
0.67362672
0.67685932
0.68012309
0.68341845
0.68674594
0.69010597
0.69350171
0.69692838
0.70038903
0.70388424
0.70741451
0.71098316
0.71458519
0.71822387
0.72189981
0.72561359
0.72936577
0.73315996
0.73699075
0.74064916
0.74404842
0.74676096
0.74926621
0.75105554
0.75274843
0.75390255
0.75498652
0.75558901
0.75618929
0.75629848
0.75636917
0.75636601
0.75632101
0.75637883
0.75813454
1.61193871
1.62124681
1.63064802
1.64015901
1.64979672
1.65953302
1.66938484
1.67937028
1.68945980
1.69967127
1.71002340
1.72048569
1.73107684
1.74181628
1.75267255
1.76366496
1.77481377
1.78608656
1.79750347
1.80908561
1.82079947
1.83266592
1.84470713
1.85688829
1.86923146
1.88175964
1.89443672
1.90728581
1.92033112
1.93353510
1.94692183
1.96051693
1.97428119
1.98824024
2.00242043
2.01678181
2.03135037
2.04615450
2.06115222
2.07637143
2.09184170
2.10751915
2.12343335
2.13961554
2.15602016
2.17267799
2.18962240
2.20680594
2.22426105
2.24202299
2.26004195
2.27835321
0.06137704
0.06064088
0.05992215
0.05922029
0.05853469
0.05854873
0.05862758
0.05871919
0.05881111
0.05890332
0.05905604
0.05924201
2.48767614
2.48018909
2.47278142
2.46541786
2.45806408
2.45078778
2.44355440
2.43633032
2.42918205
2.42207551
2.41501045
2.40795374
2.40097070
2.39402819
2.38709354
2.38023067
2.37340736
2.36659145
2.35987711
2.35316968
2.34650040
2.33983803
2.33324385
2.32668686
2.32013631
2.31365252
2.30720496
2.30076361
2.29438758
2.28804684
2.28174090
2.27544069
2.26920414
2.26300144
0.42534021
0.42662773
0.42792207
0.42922428
0.43053445
0.43185261
0.43317994
0.43451440
0.43585712
0.43720815
0.43856758
0.43993548
0.44131196
0.44269815
0.44409198
0.44549462
0.44690615
0.44832668
0.44975737
0.45119607
0.45264402
0.45410129
0.45556799
0.45704418
0.45853117
0.46002665
0.46153194
0.46304709
0.46457222
0.46610868
0.05908554
0.05886432
0.05863725
0.05841128
0.05832978
0.05829142
0.05825312
0.05821484
0.05817664
0.05813694
0.05809721
0.05849472
0.05917786
0.05987718
0.06059320
0.06132654
0.06207786
0.49559036
0.49733782
0.49909765
0.50086993
0.50265491
0.50445408
0.50626469
0.50808835
0.50992525
0.51177543
0.51363909
0.51551640
0.51740897
0.51931399
0.52123302
0.52316636
0.52511406
0.52707791
0.52905494
0.53104681
0.53305376
0.53507590
0.53711349
0.53916830
0.54123718
0.54332203
0.11805865
0.11787478
0.11769132
0.11750850
0.11732649
0.11714488
0.11696553
0.11734706
0.11801404
0.56509125
0.56736428
0.56965572
0.57196575
0.57429457
0.57664430
0.57901144
0.58139813
0.58380455
0.58623099
0.58867764
0.59114683
0.59363478
0.59614378
0.59867412
0.60122597
0.60379970
0.60639763
0.60901594
0.61165690
0.61432093
0.61700821
0.03323506
0.03316392
0.03320070
0.03320545
0.03321018
0.03321495
0.03321971
0.03322444
0.03322921
0.03323394
0.03323871
0.03324348
0.03324822
0.03325299
0.03325776
0.03326251
0.03326729
0.03327204
0.03327681
0.03328159
0.67942995
0.68271858
0.68603927
0.68939233
0.69278109
0.69620061
0.69965398
0.70314187
0.03328137
0.03327473
0.03326808
0.03326142
0.03325478
0.03324815
0.03324149
0.03323486
0.03322824
0.03322159
0.03321497
0.03320835
0.03320171
0.03319510
0.03318849
0.03318186
0.03317525
0.03316865
0.03316426
0.03324421
0.75712526
0.75716710
0.75712204
0.75707692
0.75785697
1.60998511
1.61927056
1.62864876
1.63813639
1.64775038
1.65746236
1.66728961
1.67724979
1.68731380
1.69749928
1.70782483
1.71826029
1.72882390
1.73953533
1.75036311
1.76132643
1.77244568
1.78368831
0.11888476
0.11841758
0.11860126
0.11878503
0.11896946
1.85429633
1.86660480
1.87909770
1.89173889
1.90455127
1.91755903
1.93072474
1.94407260
1.95762765
1.97135139
1.98526883
1.99940658
2.01372433
2.02824879
2.04300761
2.05795908
2.07313108
2.08855271
2.10418081
2.12004447
2.13617468
2.15252638
2.16913033
2.18601918
2.20314598
2.22054315
2.23824525
2.25620341
2.27445221
0.06213127
0.06137704
0.06064088
0.05992215
0.05922029
0.05853467
0.05809334
0.05812823
0.05816316
0.05819811
0.05823320
0.05826890
0.05832697
0.05842947
0.05861138
0.05879444
0.05897859
2.45176673
2.44449401
2.43729782
2.43014383
2.42299867
2.41592813
2.40889883
2.40187788
2.39492989
2.38802218
2.38115406
2.37429380
2.36750412
2.36078477
2.35404110
2.34736681
2.34073019
2.33410048
2.32753873
2.32101345
2.31452489
2.30804253
2.30162621
2.29524541
2.28887057
2.28256011
2.27628446
2.27001429
2.26380730
2.25763416
0.42635491
0.42764759
0.42894810
0.43025658
0.43157306
0.43289763
0.43423140
0.43557236
0.43692160
0.43827924
0.43964535
0.44102108
0.44240439
0.44379637
0.44519714
0.44660679
0.44802538
0.44945416
0.45089093
0.45233691
0.45379221
0.45525691
0.45673108
0.45821601
0.45970944
0.46121264
0.46272570
0.05872132
0.05850279
0.05828079
0.05814314
0.05806681
0.05798952
0.05791674
0.05787891
0.05784114
0.05780249
0.05776321
0.05772399
0.05768482
0.05782718
0.05849474
0.05917786
0.05987718
0.06059320
0.06132654
0.06207784
0.49696708
0.49872428
0.50049394
0.50227618
0.50407267
0.50588053
0.50770146
0.50953549
0.51138288
0.51324368
0.51511955
0.51700771
0.51890975
0.52082586
0.52275616
0.52470082
0.52666152
0.52863538
0.53062415
0.53262788
0.53464681
0.53668112
0.53873259
0.54079813
0.54287964
0.11616921
0.11599109
0.11581352
0.03219511
0.03114456
0.03071855
0.03030395
0.03007556
0.03008483
0.03009413
0.03010342
0.02967466
0.02959514
0.02951606
0.02981174
0.02936892
0.02936917
0.02936941
0.02936965
0.02936989
0.02937584
0.02938638
0.02939694
0.02940750
0.02941808
0.02942865
0.02943924
0.02944983
0.02946044
0.02947104
0.02948166
0.02950080
0.02952247
0.02954415
0.02954712
0.02952206
0.02949704
0.02947205
0.02944712
0.02942223
0.02939738
0.02943890
0.02948189
0.02952500
0.02956822
0.02961157
0.02965505
0.02969867
0.02974239
0.02978627
0.02983026
0.02987439
0.02991866
0.02996304
0.03001955
0.03007020
0.03004666
0.03000189
0.02995731
0.02991291
0.02986865
0.02982452
0.02978051
0.02973665
0.02969290
0.02964928
0.02960580
0.02956244
0.02951920
0.02947609
0.02943312
0.02939827
0.02940715
0.02941604
0.02942494
0.02943383
0.02944273
0.02945163
0.02946055
0.02946947
0.02947839
0.02948714
0.02949555
0.02950012
0.02948461
0.02946912
0.02945364
0.02943819
0.02942275
0.02940732
0.02939191
0.02937651
0.02936986
0.02936962
0.02936937
0.02936914
0.02944815
0.02983942
0.02950033
0.02957679
0.02965365
0.03010224
0.03009295
0.03008367
0.03007441
0.03035272
0.03098523
0.03189649
0.03286298
0.11725361
0.11743323
1.90182459
1.91479504
1.92792273
1.94123161
1.95474696
1.96843016
1.98230624
1.99640179
2.01067638
2.02515674
2.03987050
2.05477571
2.06990051
2.08527422
2.10085297
2.11666632
2.13274503
2.14904404
2.16559410
2.18242764
2.19949794
2.21683741
2.23448038
2.25237799
2.27056456
2.28907657
0.06213127
0.06137704
0.06064088
0.05992215
0.05922029
0.05853467
0.05786476
0.05767949
0.05771452
0.05774959
0.05778468
0.05781986
0.05786036
0.05792492
0.05798963
0.05805448
0.05811948
0.05818464
0.05844885
0.05874593
2.42395544
2.41687942
2.40981197
2.40281820
2.39586473
2.38891959
2.38204622
2.37521243
2.36838627
2.36166167
2.35494423
2.34823394
2.34159231
2.33498836
2.32842159
2.32186127
2.31536794
2.30891085
2.30245996
2.29607439
2.28972435
2.28338003
2.27709985
2.27085423
2.26464248
2.25843620
2.25229239
0.42737344
0.42867231
0.42997909
0.43129387
0.43261671
0.43394876
0.43528795
0.43663543
0.43799132
0.43935561
0.44072846
0.44211099
0.44350114
0.44490004
0.44630781
0.44772449
0.44915134
0.45058620
0.45203021
0.45348355
0.45494622
0.45641840
0.45790130
0.45939267
0.05863690
0.05825361
0.05797911
0.05790323
0.05782754
0.05775204
0.05767551
0.05759878
0.05752229
0.05747184
0.05744020
0.05742666
0.05741312
0.05739960
0.05738609
0.05737257
0.05782718
0.05849474
0.05917786
0.05987718
0.06059320
0.06132654
0.06207786
0.49835148
0.50011849
0.50189805
0.50369036
0.50549698
0.50731510
0.50914639
0.51099092
0.51284885
0.51472187
0.51660711
0.51850617
0.52041930
0.52234656
0.52428818
0.52624583
0.52821654
0.53020215
0.53220266
0.53421837
0.02996089
0.02958296
0.02935167
0.02922747
0.02916073
0.02908347
0.02898469
0.02888658
0.02879947
0.02872457
0.02865005
0.02857592
0.02850218
0.02842881
0.02835582
0.02828321
0.02821096
0.02880844
0.02948429
0.02808642
0.02807954
0.02807265
0.02806577
0.02805889
0.02805201
0.02804514
0.02805247
0.02806209
0.02807172
0.02808135
0.02809099
0.02810064
0.02811028
0.02811995
0.02812961
0.02814898
0.02816869
0.02818844
0.02820821
0.02822801
0.02824784
0.02826770
0.02828758
0.02830749
0.02832744
0.02834741
0.02836740
0.02838232
0.02835920
0.02833611
0.02831306
0.02829004
0.02826707
0.02824413
0.02822123
0.02819837
0.02817554
0.02815275
0.02813000
0.02810729
0.02808460
0.02806692
0.02805290
0.02803889
0.02802490
0.02801091
0.02799694
0.02798299
0.02797785
0.02798589
0.02799395
0.02800200
0.02801005
0.02801811
0.02802618
0.02803425
0.02804233
0.02805040
0.02805849
0.02806658
0.02807467
0.02808277
0.02809087
0.02809899
0.02810710
0.02811521
0.02812333
0.02813138
0.02813903
0.02814669
0.02815435
0.02816202
0.02816970
0.02817738
0.02818506
0.02819274
0.02818289
0.02816875
0.02815460
0.02814048
0.02812636
0.02811226
0.02809819
0.02939056
0.02871296
0.02806591
0.02813418
0.02820371
0.02827360
0.02834383
0.02841441
0.02850461
0.02859926
0.02869454
0.02879045
0.02888701
0.02898422
0.02911131
0.02931217
0.02951580
0.02996893
0.03019112
1.99340594
2.00763750
2.02207398
2.03674269
2.05160236
2.06668019
2.08200574
2.09753561
2.11329889
2.12932634
2.14557290
2.16206932
2.17884803
2.19586205
2.21314406
2.23072791
2.24856520
2.26669002
2.28513885
2.30386043
0.06213127
0.06137704
0.06064088
0.05992215
0.05922029
0.05853467
0.05786474
0.05737180
0.05738395
0.05739609
0.05740825
0.05742041
0.05743259
0.05746512
0.05752924
0.05759351
0.05765791
0.05772247
0.05779594
0.05789365
0.05798899
0.05824553
0.05853852
2.39676809
2.38984966
2.38293910
2.37610030
2.36930037
2.36257076
2.35581684
2.34913254
2.34248614
2.33584642
2.32927465
2.32273984
2.31621146
2.30974960
2.30332398
2.29693365
2.29054928
2.28422976
2.27794480
2.27166557
2.26544952
2.25926757
2.25309062
2.24697566
0.42839685
0.42970195
0.43101501
0.43233615
0.43366647
0.43500394
0.43634966
0.43770376
0.43906626
0.44043729
0.44181800
0.44320631
0.44460335
0.44600922
0.44742402
0.44884783
0.45028186
0.45172393
0.45317528
0.45463598
0.45610613
0.05860216
0.05822863
0.05784945
0.05769035
0.05759405
0.05751532
0.05744063
0.05736486
0.05728898
0.05723729
0.05720981
0.05718884
0.05717809
0.05716735
0.05715533
0.05714193
0.05712853
0.05711513
0.05717468
0.05782718
0.05849474
0.05913748
0.05986330
0.06059320
0.06132654
0.06207786
0.49974361
0.50152051
0.50331014
0.50511396
0.50692934
0.50875783
0.51059955
0.51245463
0.51432329
0.51620710
0.51810324
0.52001333
0.52193761
0.02989228
0.02990141
0.02932207
0.02909262
0.02886673
0.02864433
0.02843609
0.02823146
0.02808480
0.02802318
0.02794071
0.02784953
0.02775895
0.02766895
0.02757953
0.02749070
0.02740243
0.02731473
0.02722759
0.02714923
0.02708265
0.02701640
0.02754559
0.02816286
0.02697331
0.02696696
0.02696061
0.02695427
0.02694792
0.02694158
0.02693524
0.02692890
0.02692257
0.02691625
0.02690992
0.02690360
0.02689728
0.02689097
0.02688466
0.02688730
0.02689761
0.02691561
0.02693364
0.02695169
0.02696977
0.02698787
0.02700599
0.02702414
0.02704231
0.02706051
0.02707873
0.02709698
0.02711525
0.02713354
0.02715187
0.02717021
0.02718858
0.02720697
0.02722540
0.02724384
0.02726231
0.02728081
0.02729933
0.02728448
0.02726311
0.02724177
0.02722047
0.02719919
0.02718265
0.02716950
0.02715636
0.02714323
0.02713011
0.02711701
0.02710392
0.02709084
0.02707778
0.02706472
0.02705169
0.02703865
0.02702564
0.02701264
0.02699965
0.02698666
0.02697370
0.02696075
0.02694780
0.02693488
0.02692196
0.02690906
0.02689617
0.02688329
0.02687254
0.02687996
0.02688738
0.02689481
0.02690180
0.02690880
0.02691581
0.02692282
0.02692983
0.02693685
0.02694387
0.02695090
0.02695792
0.02696495
0.02697198
0.02697902
0.02698607
0.02699311
0.02699125
0.02697826
0.02806591
0.02744737
0.02702711
0.02706321
0.02709942
0.02717398
0.02725999
0.02734653
0.02743364
0.02752130
0.02760952
0.02769830
0.02778766
0.02787760
0.02797486
0.02816029
0.02834819
0.02853861
0.02873161
0.02892724
0.02912554
0.02932659
0.02953043
2.09422898
2.10994220
2.12591863
2.14211321
2.15858221
2.17528009
2.19223833
2.20949030
2.22698832
2.24476552
2.26285768
2.28121448
2.29987168
2.31886673
0.06213127
0.06137704
0.06064088
0.05991352
0.05915902
0.05853467
0.05786474
0.05720998
0.05711393
0.05712598
0.05713801
0.05714905
0.05715953
0.05716994
0.05718514
0.05721196
0.05723880
0.05726779
0.05733146
0.05742053
0.05751764
0.05761309
0.05770754
0.05780230
0.05812147
0.05855718
2.37018371
2.36344910
2.35672140
2.35000086
2.34334946
2.33673573
2.33015895
2.32358885
2.31708598
2.31061912
2.30415869
2.29776382
2.29140449
2.28505087
2.27876139
2.27250671
2.26628613
2.26007080
2.25391793
2.24779868
2.24168420
0.42942515
0.43073654
0.43205598
0.43338457
0.43472028
0.43606424
0.43741655
0.43877730
0.44014651
0.44152540
0.44291186
0.44430703
0.44571105
0.44712394
0.44854584
0.44997793
0.45141807
0.45286745
0.45432615
0.05819436
0.05782568
0.05756511
0.05741832
0.05731650
0.05722143
0.05713258
0.05707068
0.05703106
0.05700156
0.05697441
0.05694729
0.05692251
0.05691188
0.05690124
0.05689060
0.05687996
0.05686931
0.05685869
0.05866249
0.05717468
0.05782718
0.05849474
0.05865217
0.05863932
0.05863878
0.05863824
0.05863770
0.05863716
0.05863661
0.05863607
0.05861837
0.05860764
0.05859967
0.05859170
0.05858372
0.02930085
0.02906830
0.02884026
0.02861826
0.02839966
0.02818436
0.02797231
0.02777111
0.02757590
0.02738342
0.02719360
0.02702812
0.02696933
0.02688437
0.02679995
0.02671605
0.02663268
0.02654982
0.02646748
0.02638565
0.02630433
0.02622351
0.02619180
0.02616285
0.02613396
0.02638883
0.02695480
0.02754559
0.02605135
0.02605254
0.02605411
0.02605568
0.02605724
0.02605881
0.02606038
0.02606195
0.02606351
0.02606509
0.02606665
0.02606823
0.02606980
0.02607136
0.02607294
0.02607450
0.02607608
0.02607787
0.02607966
0.02608145
0.02609086
0.02610236
0.02611388
0.02612539
0.02613692
0.02614846
0.02616001
0.02617157
0.02618314
0.02619473
0.02620632
0.02621792
0.02622953
0.02624115
0.02625278
0.02626443
0.02627608
0.02628775
0.02629942
0.02631111
0.02632280
0.02633451
0.02634622
0.02635794
0.02636096
0.02636175
0.02635583
0.02634411
0.02633239
0.02632068
0.02630899
0.02629731
0.02628564
0.02627397
0.02626232
0.02625068
0.02623904
0.02622742
0.02621581
0.02620420
0.02619261
0.02618103
0.02616946
0.02615790
0.02614635
0.02613481
0.02612328
0.02611176
0.02610025
0.02608875
0.02608112
0.02607933
0.02607754
0.02607587
0.02607478
0.02607370
0.02607260
0.02607106
0.02606944
0.02606781
0.02606619
0.02606457
0.02606295
0.02606132
0.02605971
0.02605808
0.02605646
0.02605484
0.02605322
0.02605160
0.02744737
0.02685552
0.02628865
0.02622671
0.02626072
0.02629481
0.02632898
0.02636324
0.02639760
0.02644023
0.02652164
0.02660356
0.02668599
0.02676893
0.02685238
0.02693636
0.02709552
0.02726944
0.02744560
0.02762405
0.02780484
0.02798800
0.02817360
0.02836973
0.02857389
0.02878101
0.02900136
0.02946429
0.05859600
0.05860661
0.05861445
0.05861528
0.05861613
0.05861696
0.05861779
0.05861862
0.05861945
0.05862028
0.05862111
0.05862182
0.05864550
0.05853467
0.05786626
0.05721027
0.05866249
0.05685760
0.05686797
0.05687837
0.05688874
0.05689913
0.05690928
0.05692009
0.05694665
0.05697341
0.05700069
0.05702788
0.05706239
0.05714582
0.05724199
0.05733524
0.05742560
0.05753017
0.05778645
0.05820904
2.35090113
2.34424448
2.33759475
2.33101344
2.32446885
2.31793070
2.31145930
2.30502391
2.29859471
2.29223061
2.28590178
2.27960777
2.27331924
2.26709414
2.26090312
2.25471735
2.24859357
2.24250317
2.23641753
0.43045843
0.43177614
0.43310302
0.43443698
0.43577921
0.43712977
0.43848869
0.43985611
0.44123319
0.44261780
0.44401112
0.44541326
0.44682428
0.44824424
0.44967443
0.45111260
0.45256004
0.05786927
0.05744951
0.05729866
0.05715430
0.05704162
0.05695815
0.05688285
0.05682839
0.05678523
0.05675602
0.05672683
0.05669769
0.05666857
0.05663900
0.05662012
0.05283644
0.05266868
0.05249078
0.05229635
0.05210332
0.05191175
0.05171911
0.05163408
0.05154936
0.05146488
0.05138068
0.05129675
0.05121315
0.05112977
0.05104666
0.05096382
0.05089591
0.05083342
0.02938690
0.02897380
0.02850892
0.02816255
0.02794764
0.02773894
0.02753351
0.02733110
0.02713652
0.02695010
0.02676623
0.02658484
0.02640590
0.02622936
0.02605516
0.02598386
0.02590499
0.02582660
0.02574867
0.02568078
0.02565295
0.02562518
0.02559747
0.02556982
0.02554223
0.02551470
0.02548723
0.02545982
0.02543246
0.02584613
0.02638883
0.02535393
0.02535490
0.02535587
0.02535684
0.02535781
0.02535879
0.02536003
0.02536152
0.02536300
0.02536449
0.02536597
0.02536746
0.02536894
0.02537043
0.02537192
0.02537340
0.02537489
0.02537637
0.02537802
0.02537972
0.02538142
0.02538311
0.02538481
0.02538651
0.02538820
0.02539509
0.02540598
0.02541688
0.02542780
0.02543872
0.02544965
0.02546060
0.02547155
0.02548251
0.02549348
0.02550445
0.02551544
0.02552644
0.02553745
0.02169091
0.02170353
0.02171616
0.02172881
0.02174147
0.02175415
0.02176684
0.02177562
0.02177053
0.02175855
0.02174659
0.02173463
0.02172270
0.02171078
0.02169886
0.02168696
0.02193857
0.02552433
0.02551333
0.02550233
0.02549135
0.02548039
0.02546943
0.02545848
0.02544754
0.02543660
0.02542568
0.02541477
0.02540386
0.02539297
0.02538787
0.02538617
0.02538448
0.02538278
0.02538108
0.02537939
0.02537769
0.02537627
0.02537524
0.02537421
0.02537318
0.02537216
0.02537112
0.02537010
0.02536907
0.02536753
0.02536599
0.02536446
0.02536292
0.02536139
0.02535985
0.02535832
0.02535678
0.02535524
0.02685552
0.02628865
0.02574521
0.02544038
0.02547237
0.02550444
0.02553659
0.02556882
0.02560114
0.02563353
0.02566601
0.02569858
0.02573122
0.02576394
0.02582225
0.02589989
0.02597801
0.02610835
0.02626978
0.02643322
0.02660187
0.02678130
0.02696317
0.02714751
0.02733441
0.02752389
0.02771601
0.02790866
0.02823917
0.02867792
0.02913052
0.02979134
0.05079750
0.05087927
0.05096146
0.05104426
0.05112733
0.05121067
0.05129426
0.05137814
0.05146230
0.05154674
0.05163146
0.05171645
0.05182548
0.05193517
0.05206240
0.05231450
0.05256905
0.05282656
0.05661932
0.05663730
0.05666485
0.05669241
0.05672001
0.05674763
0.05678135
0.05682569
0.05688054
0.05696565
0.05704892
0.05713929
0.05728083
0.05746377
0.05787960
2.33186841
2.32531905
2.31880641
2.31233001
2.30586004
2.29945588
2.29308701
2.28672409
2.28042555
2.27416158
2.26790309
2.26170754
2.25554585
2.24941778
2.24329448
2.23723269
2.23120332
0.43149668
0.43282184
0.43415406
0.43549454
0.43684334
0.43820047
0.43956611
0.44094133
0.44232413
0.05271561
0.05260533
0.05249552
0.05234898
0.05220322
0.05206376
0.05196425
0.05186511
0.05176634
0.05166797
0.05156995
0.05147231
0.05137504
0.05127815
0.05118162
0.05108544
0.05098963
0.05039271
0.05032595
0.05025936
0.05019295
0.05012673
0.05006067
0.04999478
0.04992908
0.04986354
0.04979819
0.04973299
0.04966798
0.04961625
0.04956845
0.04952076
0.04947314
0.04942561
0.04937820
0.04933085
0.02974256
0.02910840
0.02870304
0.02830880
0.02784486
0.02738077
0.02710938
0.02691204
0.02671863
0.02653029
0.02635208
0.02617624
0.02600275
0.02583153
0.02566256
0.02549578
0.02533115
0.02519706
0.02513711
0.02510905
0.02508242
0.02505585
0.02502932
0.02500287
0.02497646
0.02495011
0.02492381
0.02489758
0.02487139
0.02484526
0.02481919
0.02479317
0.02482505
0.02532530
0.02584613
0.02469379
0.02469471
0.02469564
0.02469656
0.02469748
0.02469840
0.02469932
0.02470024
0.02470117
0.02470209
0.02470337
0.02470478
0.02470619
0.02470760
0.02470901
0.02471042
0.02471183
0.02471324
0.02471476
0.02471637
0.02471798
0.02471959
0.02472119
0.02472281
0.02472441
0.02472602
0.02472763
0.02472924
0.02473085
0.02473545
0.02156851
0.02158131
0.02159387
0.02160644
0.02161902
0.02163162
0.02164420
0.02165676
0.02166934
0.02168193
0.02169454
0.02170716
0.02171980
0.02173245
0.02174512
0.02175780
0.02176535
0.02177226
0.02176717
0.02175519
0.02174324
0.02173129
0.02171936
0.02170743
0.02169553
0.02168364
0.02167175
0.02165989
0.02164803
0.02163619
0.02162433
0.02161246
0.02160061
0.02158877
0.02157694
0.02474368
0.02473334
0.02473052
0.02472891
0.02472730
0.02472569
0.02472408
0.02472247
0.02472086
0.02471925
0.02471764
0.02471603
0.02471443
0.02471323
0.02471225
0.02471128
0.02471031
0.02470932
0.02470835
0.02470738
0.02470639
0.02470542
0.02470445
0.02470347
0.02470242
0.02470096
0.02469951
0.02469805
0.02469659
0.02469513
0.02469368
0.02574521
0.02522380
0.02472308
0.02472920
0.02475947
0.02478982
0.02482024
0.02485074
0.02488131
0.02491195
0.02494267
0.02497348
0.02500435
0.02503530
0.02506872
0.02510803
0.02514745
0.02521612
0.02536131
0.02552435
0.02568949
0.02585678
0.02602626
0.02619799
0.02637199
0.02654832
0.02672702
0.02690814
0.02711186
0.02751604
0.02793244
0.02836164
0.02880424
0.02926087
0.04928251
0.04932976
0.04937708
0.04942450
0.04947201
0.04951961
0.04956730
0.04961508
0.04966433
0.04971913
0.04977405
0.04982909
0.04988425
0.04993953
0.04999495
0.05006312
0.05014255
0.05022222
0.05030215
0.05038234
0.05098849
0.05108358
0.05117904
0.05127484
0.05137098
0.05146753
0.05156441
0.05166166
0.05175930
0.05185728
0.05195563
0.05205438
0.05218966
0.05233565
0.05248246
0.05259701
0.05270851
2.27497530
2.26874137
2.26254129
2.25634646
2.25021386
2.24411464
2.23802018
2.23198676
2.22598577
0.05058385
0.05052849
0.05047323
0.05041809
0.05036308
0.05030818
0.05025150
0.05019125
0.05013116
0.05007120
0.05001139
0.04995171
0.04989219
0.04983621
0.04978633
0.04973656
0.04968689
0.04963731
0.04958783
0.04953846
0.04948918
0.04944000
0.04901179
0.04896661
0.04892645
0.04888638
0.04884635
0.04880641
0.04876651
0.04872667
0.04868693
0.04864723
0.04860761
0.04856804
0.04852853
0.04848912
0.04844974
0.04841045
0.04837119
0.04833200
0.04829290
0.04825383
0.02883624
0.02843729
0.02805028
0.02766935
0.02721104
0.02676766
0.02633849
0.02613301
0.02595061
0.02578002
0.02561171
0.02544559
0.02528162
0.02516455
0.02506789
0.02497196
0.02487676
0.02478229
0.02468853
0.02463330
0.02458384
0.02453797
0.02449406
0.02445031
0.02440671
0.02436326
0.02433437
0.02430936
0.02428440
0.02425948
0.02423462
0.02420981
0.02418506
0.02416035
0.02434417
0.02482505
0.02532530
0.02406716
0.02406804
0.02406891
0.02406979
0.02407067
0.02407154
0.02407242
0.02407330
0.02407417
0.02407505
0.02407592
0.02407680
0.02407768
0.02407855
0.02407986
0.02408121
0.02408255
0.02408388
0.02408529
0.02408681
0.02408834
0.02408987
0.02409140
0.02409292
0.02409446
0.02409598
0.02409751
0.02409904
0.02146140
0.02149764
0.02153400
0.02156337
0.02158384
0.02159745
0.02161002
0.02162261
0.02163521
0.02164781
0.02166038
0.02167296
0.02168556
0.02169817
0.02171080
0.02172344
0.02173610
0.02174819
0.02175509
0.02176200
0.02176890
0.02176381
0.02175184
0.02173988
0.02172794
0.02171601
0.02170410
0.02169219
0.02168030
0.02166843
0.02165657
0.02164472
0.02163288
0.02162101
0.02160915
0.02159730
0.02158546
0.02157363
0.02155654
0.02152133
0.02148624
0.02145125
0.02409871
0.02409718
0.02409565
0.02409412
0.02409259
0.02409106
0.02408954
0.02408800
0.02408648
0.02408495
0.02408396
0.02408303
0.02408211
0.02408117
0.02408025
0.02407932
0.02407839
0.02407747
0.02407654
0.02407561
0.02407469
0.02407376
0.02407283
0.02407191
0.02407097
0.02406992
0.02406854
0.02406716
0.02522380
0.02472308
0.02424185
0.02410114
0.02413747
0.02417390
0.02421045
0.02424710
0.02428386
0.02432075
0.02435773
0.02439483
0.02443205
0.02446938
0.02450682
0.02454438
0.02458205
0.02464460
0.02471425
0.02480520
0.02489886
0.02499322
0.02508830
0.02518411
0.02531263
0.02547504
0.02563954
0.02580618
0.02597500
0.02614604
0.02644463
0.02682901
0.02722473
0.02763230
0.02807675
0.02854062
0.02897961
0.04816492
0.04820076
0.04823662
0.04827442
0.04831978
0.04836525
0.04841080
0.04845642
0.04850213
0.04854794
0.04859384
0.04863981
0.04868588
0.04873204
0.04877828
0.04882460
0.04887102
0.04891753
0.04896412
0.04901076
0.04943709
0.04948604
0.04953507
0.04958419
0.04963344
0.04968276
0.04973220
0.04978171
0.04983135
0.04988649
0.04994632
0.05000629
0.05006640
0.05012667
0.05018708
0.05024763
0.05030559
0.05036090
0.05041630
0.05047185
0.05052753
0.05058331
0.04904218
0.04899389
0.04894568
0.04889758
0.04884956
0.04880165
0.04875382
0.04870610
0.04865846
0.04861092
0.04856347
0.04851611
0.04846885
0.04842168
0.04837459
0.04832760
0.04828070
0.04823389
0.04818717
0.04783639
0.04779921
0.04776550
0.04773186
0.04769824
0.04766468
0.04763116
0.04759769
0.04756428
0.04753090
0.04749757
0.04746429
0.04743106
0.04739787
0.04736472
0.04733163
0.04729859
0.04726558
0.04723262
0.02931141
0.02839942
0.02779642
0.02742655
0.02704340
0.02660543
0.02618141
0.02577068
0.02539781
0.02523227
0.02513213
0.02503570
0.02494002
0.02484507
0.02475084
0.02465733
0.02456451
0.02447239
0.02438096
0.02429021
0.02420075
0.02415216
0.02410423
0.02405688
0.02400970
0.02396673
0.02392483
0.02388309
0.02384149
0.02380003
0.02375871
0.02371755
0.02367652
0.02363563
0.02360606
0.02358252
0.02355903
0.02388158
0.02434417
0.02482505
0.02349919
0.02349665
0.02349410
0.02349157
0.02348903
0.02348648
0.02348394
0.02348140
0.02347887
0.02347905
0.02347988
0.02348071
0.02348155
0.02348239
0.02348321
0.02348405
0.02348488
0.02348579
0.02348709
0.02348854
0.02348999
0.02349144
0.02349290
0.02349435
0.02349580
0.02349726
0.02135432
0.02139020
0.02142620
0.02146231
0.02149856
0.02153492
0.02155823
0.02157869
0.02159919
0.02161361
0.02162620
0.02163881
0.02165143
0.02166400
0.02167659
0.02168919
0.02170181
0.02171444
0.02172708
0.02173795
0.02174485
0.02175174
0.02175864
0.02176555
0.02176045
0.02174849
0.02173654
0.02172460
0.02171267
0.02170076
0.02168886
0.02167698
0.02166511
0.02165325
0.02164141
0.02162957
0.02161770
0.02160584
0.02159399
0.02158216
0.02157034
0.02155331
0.02151811
0.02148303
0.02144806
0.02141320
0.02137846
0.02134383
0.02349692
0.02349546
0.02349401
0.02349256
0.02349110
0.02348965
0.02348820
0.02348682
0.02348594
0.02348506
0.02348417
0.02348329
0.02348241
0.02348153
0.02348065
0.02347977
0.02347888
0.02347944
0.02348198
0.02348452
0.02348706
0.02348960
0.02349214
0.02349468
0.02349722
0.02349976
0.02472308
0.02424185
0.02377900
0.02360296
0.02362416
0.02365098
0.02368596
0.02372104
0.02375623
0.02379152
0.02382691
0.02386241
0.02389802
0.02393374
0.02396956
0.02400548
0.02404152
0.02410683
0.02417341
0.02424042
0.02431747
0.02440747
0.02449813
0.02458948
0.02468150
0.02477422
0.02486764
0.02496177
0.02505660
0.02515217
0.02526414
0.02545353
0.02582034
0.02621213
0.02661598
0.02703248
0.02746222
0.02790583
0.02829988
0.02966982
0.04723211
0.04726504
0.04729803
0.04733106
0.04736415
0.04739726
0.04743043
0.04746365
0.04749691
0.04753023
0.04756358
0.04759698
0.04763043
0.04766393
0.04769748
0.04773106
0.04776470
0.04779839
0.04783466
0.04819246
0.04823896
0.04828556
0.04833226
0.04837904
0.04842591
0.04847287
0.04851990
0.04856705
0.04861428
0.04866160
0.04870902
0.04875653
0.04880413
0.04885183
0.04889962
0.04894750
0.04899548
0.04904355
0.04779580
0.04776052
0.04772529
0.04769012
0.04765498
0.04761991
0.04758489
0.04755228
0.04752092
0.04748962
0.04745836
0.04742713
0.04739596
0.04736481
0.04733372
0.04730266
0.04729623
0.04690132
0.04687610
0.04685090
0.04682575
0.04680061
0.04677551
0.04675042
0.04672484
0.04669769
0.04667058
0.04664349
0.04661643
0.04658943
0.04656244
0.04653548
0.04650854
0.04648165
0.04645479
0.02896834
0.02816699
0.02718381
0.02682996
0.02644514
0.02602618
0.02562029
0.02522685
0.02502639
0.02484902
0.02471947
0.02462619
0.02453360
0.02444172
0.02435052
0.02425999
0.02417014
0.02408095
0.02399242
0.02390453
0.02381729
0.02373630
0.02368955
0.02364298
0.02359742
0.02355203
0.02350682
0.02346178
0.02342148
0.02338146
0.02334160
0.02330185
0.02326225
0.02322278
0.02318345
0.02314425
0.02310517
0.02306624
0.02303836
0.02343624
0.02388158
0.02434417
0.02304012
0.02303309
0.02302655
0.02302406
0.02302156
0.02301908
0.02301658
0.02301409
0.02301160
0.02300911
0.02300662
0.02300413
0.02300164
0.02299915
0.02299666
0.02299418
0.02299169
0.02298921
0.02298569
0.02298330
0.02298439
0.02298564
0.02298688
0.02121309
0.02124850
0.02128402
0.02131959
0.02135522
0.02139111
0.02142711
0.02146323
0.02149947
0.02153256
0.02155309
0.02157354
0.02159403
0.02161456
0.02162980
0.02164241
0.02165503
0.02166763
0.02168022
0.02169282
0.02170544
0.02171808
0.02172772
0.02173461
0.02174150
0.02174839
0.02175529
0.02176219
0.02175710
0.02174514
0.02173319
0.02172126
0.02170933
0.02169742
0.02168553
0.02167366
0.02166179
0.02164994
0.02163810
0.02162625
0.02161439
0.02160253
0.02159069
0.02157886
0.02156704
0.02155008
0.02151489
0.02147982
0.02144486
0.02141001
0.02137528
0.02134069
0.02130622
0.02127186
0.02123761
0.02298781
0.02298657
0.02298533
0.02298409
0.02298350
0.02298578
0.02298828
0.02299078
0.02299327
0.02299577
0.02299827
0.02300077
0.02300327
0.02300577
0.02300827
0.02301077
0.02301327
0.02301577
0.02301828
0.02302078
0.02302391
0.02302748
0.02303500
0.02303855
0.02424185
0.02377900
0.02333349
0.02312499
0.02314534
0.02316572
0.02318614
0.02321732
0.02325102
0.02328482
0.02331873
0.02335273
0.02338683
0.02342103
0.02345533
0.02348974
0.02352867
0.02359203
0.02365576
0.02371991
0.02378442
0.02384927
0.02393509
0.02402227
0.02411010
0.02419857
0.02428769
0.02437746
0.02446790
0.02455902
0.02465082
0.02474331
0.02488444
0.02506829
0.02529971
0.02567573
0.02606311
0.02646235
0.02687401
0.02728958
0.02796868
0.02902018
0.04644378
0.04647031
0.04649687
0.04652345
0.04655007
0.04657672
0.04660337
0.04663008
0.04665683
0.04668360
0.04671039
0.04673723
0.04676409
0.04679098
0.04681791
0.04684486
0.04687185
0.04689886
0.04729997
0.04730236
0.04733340
0.04736450
0.04739564
0.04742680
0.04745802
0.04748928
0.04752057
0.04755192
0.04758448
0.04761951
0.04765460
0.04768973
0.04772492
0.04776016
0.04779547
0.04683300
0.04680260
0.04677223
0.04674190
0.04671162
0.04668137
0.04665117
0.04662100
0.04659087
0.04656079
0.04653073
0.04650072
0.04647075
0.04644080
0.04657505
0.04614377
0.04611746
0.04609119
0.04606495
0.04603874
0.04601256
0.04598642
0.04596030
0.04593420
0.04590814
0.04588211
0.04585610
0.04583013
0.04580418
0.04577827
0.04575238
0.04572653
0.02863320
0.02788538
0.02664498
0.02625876
0.02587278
0.02547162
0.02514479
0.02495027
0.02475873
0.02457011
0.02440604
0.02428024
0.02415544
0.02405125
0.02396294
0.02387526
0.02378823
0.02370183
0.02361606
0.02353090
0.02344636
0.02336243
0.02328934
0.02324433
0.02319949
0.02315518
0.02311148
0.02306794
0.02302457
0.02298136
0.02293886
0.02290048
0.02286223
0.02282411
0.02278611
0.02274824
0.02271049
0.02267287
0.02263538
0.02261319
0.02259872
0.02300720
0.02343624
0.02388158
0.02259753
0.02259751
0.02259749
0.02258691
0.02257891
0.02257111
0.02256491
0.02256176
0.02255936
0.02255697
0.02255457
0.02255218
0.02254979
0.02254740
0.02254501
0.02254262
0.02254023
0.02253784
0.02253318
0.02252886
0.02252774
0.02110865
0.02114371
0.02117888
0.02121417
0.02124958
0.02128508
0.02132057
0.02135618
0.02139202
0.02142802
0.02146414
0.02150039
0.02152744
0.02154796
0.02156840
0.02158888
0.02160940
0.02162996
0.02164600
0.02165864
0.02167125
0.02168384
0.02169645
0.02170908
0.02171750
0.02172438
0.02173126
0.02173815
0.02174504
0.02175193
0.02175884
0.02175375
0.02174179
0.02172984
0.02171791
0.02170600
0.02169410
0.02168221
0.02167034
0.02165848
0.02164663
0.02163479
0.02162294
0.02161107
0.02159922
0.02158738
0.02157556
0.02156375
0.02154686
0.02151168
0.02147662
0.02144166
0.02140683
0.02137214
0.02133757
0.02130311
0.02126876
0.02123452
0.02120039
0.02116638
0.02113247
0.02109867
0.02252795
0.02252981
0.02253246
0.02253485
0.02253725
0.02253965
0.02254205
0.02254445
0.02254685
0.02254926
0.02255241
0.02255557
0.02255875
0.02256192
0.02256639
0.02257301
0.02258080
0.02258722
0.02259016
0.02259311
0.02259606
0.02377900
0.02333349
0.02290437
0.02266598
0.02268553
0.02270512
0.02272473
0.02274439
0.02276686
0.02279927
0.02283177
0.02286437
0.02289706
0.02292984
0.02296272
0.02299569
0.02303802
0.02309876
0.02315982
0.02322129
0.02328310
0.02334526
0.02340774
0.02348065
0.02356455
0.02364906
0.02373416
0.02381989
0.02390623
0.02399321
0.02408082
0.02416907
0.02429476
0.02445036
0.02461984
0.02480506
0.02499310
0.02518402
0.02553272
0.02591577
0.02631047
0.02670126
0.02765800
0.02868582
0.04572640
0.04575225
0.04577814
0.04580404
0.04582999
0.04585595
0.04588195
0.04590799
0.04593404
0.04596012
0.04598624
0.04601238
0.04603856
0.04606476
0.04609099
0.04611726
0.04614356
0.04657739
0.04644063
0.04647056
0.04650054
0.04653054
0.04656059
0.04659067
0.04662078
0.04665095
0.04668115
0.04671139
0.04674167
0.04677200
0.04680235
0.04683276
0.04592657
0.04590214
0.04587772
0.04585334
0.04582899
0.04580465
0.04578035
0.04575606
0.04573180
0.04570758
0.04568338
0.04565919
0.04587553
0.04541246
0.04538700
0.04536155
0.04533613
0.04531075
0.04528539
0.04526005
0.04523474
0.04520946
0.04518421
0.04515900
0.04513381
0.04510864
0.04508351
0.04505840
0.02907359
0.02830572
0.02757470
0.02644028
0.02571139
0.02532468
0.02506795
0.02487461
0.02468422
0.02449674
0.02431208
0.02413017
0.02397858
0.02385738
0.02373687
0.02361758
0.02350255
0.02341821
0.02333447
0.02325133
0.02316878
0.02308681
0.02300543
0.02292462
0.02285890
0.02281553
0.02277234
0.02272930
0.02268711
0.02264515
0.02260335
0.02256170
0.02252021
0.02247887
0.02243889
0.02240216
0.02236555
0.02232907
0.02229270
0.02225645
0.02222032
0.02220342
0.02218948
0.02219458
0.02259358
0.02300720
0.02343624
0.02217163
0.02217161
0.02217158
0.02217156
0.02217154
0.02215931
0.02214978
0.02214228
0.02213479
0.02212777
0.02212192
0.02211765
0.02211535
0.02211305
0.02211075
0.02210845
0.02210615
0.02210268
0.02209814
0.02100523
0.02103995
0.02107478
0.02110972
0.02114478
0.02117996
0.02121525
0.02125067
0.02128605
0.02132155
0.02135717
0.02139292
0.02142893
0.02146506
0.02150131
0.02152232
0.02154282
0.02156326
0.02158373
0.02160424
0.02162478
0.02164537
0.02166224
0.02167488
0.02168747
0.02170009
0.02170728
0.02171415
0.02172103
0.02172792
0.02173480
0.02174169
0.02174859
0.02175548
0.02175039
0.02173844
0.02172651
0.02171458
0.02170267
0.02169077
0.02167889
0.02166702
0.02165516
0.02164331
0.02163148
0.02161962
0.02160776
0.02159591
0.02158408
0.02157226
0.02156046
0.02154363
0.02150846
0.02147341
0.02143847
0.02140369
0.02136901
0.02133445
0.02130000
0.02126566
0.02123144
0.02119731
0.02116331
0.02112941
0.02109561
0.02106193
0.02102835
0.02099489
0.02209679
0.02209983
0.02210287
0.02210592
0.02210896
0.02211200
0.02211505
0.02211809
0.02212341
0.02212925
0.02213669
0.02214418
0.02215168
0.02215606
0.02215890
0.02216174
0.02216458
0.02216742
0.02217026
0.02333349
0.02290437
0.02249075
0.02222485
0.02224365
0.02226247
0.02228133
0.02230023
0.02231915
0.02233811
0.02236474
0.02239602
0.02242738
0.02245883
0.02249037
0.02252200
0.02256741
0.02262569
0.02268427
0.02274319
0.02280249
0.02286210
0.02292202
0.02298225
0.02304315
0.02312394
0.02320531
0.02328725
0.02336978
0.02345288
0.02353659
0.02362089
0.02373265
0.02388055
0.02403118
0.02418714
0.02436590
0.02454732
0.02473146
0.02491838
0.02510814
0.02539131
0.02577008
0.02641795
0.02735411
0.02842236
0.04503330
0.04505838
0.04508349
0.04510862
0.04513377
0.04515895
0.04518417
0.04520942
0.04523469
0.04525998
0.04528530
0.04531066
0.04533605
0.04536146
0.04538690
0.04541235
0.04587653
0.04565917
0.04568344
0.04570774
0.04573206
0.04575642
0.04578079
0.04580519
0.04582962
0.04585407
0.04587856
0.04590306
0.04592760
0.04522095
0.04519899
0.04517705
0.04515514
0.04513324
0.04511138
0.04508953
0.04506770
0.04504589
0.04502410
0.04519590
0.04472018
0.04469775
0.04467536
0.04465314
0.04463094
0.04460876
0.04458660
0.04456446
0.04454235
0.04452026
0.04449819
0.04447614
0.04445458
0.04443356
0.04441255
0.02798565
0.02727087
0.02623870
0.02518676
0.02499158
0.02479941
0.02461017
0.02442380
0.02424023
0.02405939
0.02388124
0.02370571
0.02356583
0.02344899
0.02333257
0.02321729
0.02310315
0.02299012
0.02289770
0.02281764
0.02273813
0.02265918
0.02258078
0.02250291
0.02244408
0.02240228
0.02236063
0.02231913
0.02227804
0.02223758
0.02219728
0.02215711
0.02211709
0.02207721
0.02203748
0.02199789
0.02196025
0.02192507
0.02189000
0.02185505
0.02182171
0.02180824
0.02179480
0.02178136
0.02180942
0.02219458
0.02259358
0.02300720
0.02176148
0.02176146
0.02176144
0.02176142
0.02176140
0.02176137
0.02175953
0.02174759
0.02173666
0.02172944
0.02172222
0.02171501
0.02170780
0.02170162
0.02169600
0.02169069
0.02168832
0.02087526
0.02092647
0.02097169
0.02100629
0.02104101
0.02107584
0.02111079
0.02114586
0.02118104
0.02121634
0.02125164
0.02128703
0.02132253
0.02135815
0.02139389
0.02142984
0.02146597
0.02149673
0.02151719
0.02153770
0.02155812
0.02157858
0.02159908
0.02161961
0.02164019
0.02166081
0.02167850
0.02169022
0.02169708
0.02170395
0.02171082
0.02171769
0.02172457
0.02173145
0.02173834
0.02174529
0.02175229
0.02174705
0.02173510
0.02172317
0.02171125
0.02169934
0.02168745
0.02167557
0.02166370
0.02165185
0.02164000
0.02162818
0.02161631
0.02160445
0.02159261
0.02158078
0.02156897
0.02155716
0.02154040
0.02150525
0.02147021
0.02143532
0.02140055
0.02136588
0.02133133
0.02129689
0.02126256
0.02122835
0.02119424
0.02116024
0.02112635
0.02109256
0.02105888
0.02102530
0.02099184
0.02095848
0.02091245
0.02166358
0.02168847
0.02169186
0.02169747
0.02170309
0.02170970
0.02171691
0.02172412
0.02173134
0.02173833
0.02174106
0.02174379
0.02174652
0.02174926
0.02175199
0.02175473
0.02175746
0.02176020
0.02290437
0.02249075
0.02209180
0.02180056
0.02181864
0.02183676
0.02185490
0.02187308
0.02189128
0.02190952
0.02192779
0.02194646
0.02197658
0.02200678
0.02203706
0.02206742
0.02211565
0.02217161
0.02222786
0.02228440
0.02234132
0.02239853
0.02245605
0.02251385
0.02257196
0.02263036
0.02269951
0.02277792
0.02285686
0.02293636
0.02301641
0.02309702
0.02319598
0.02333724
0.02348036
0.02362611
0.02377368
0.02394201
0.02411715
0.02429486
0.02447522
0.02465828
0.02484409
0.02503273
0.02528469
0.02619733
0.02717833
0.02820520
0.04441268
0.04443369
0.04445472
0.04447626
0.04449831
0.04452037
0.04454246
0.04456457
0.04458670
0.04460886
0.04463104
0.04465324
0.04467545
0.04469784
0.04472027
0.04519676
0.04502444
0.04504619
0.04506796
0.04508976
0.04511157
0.04513340
0.04515526
0.04517714
0.04519904
0.04522095
0.04455581
0.04453449
0.04451319
0.04449192
0.04447066
0.04444943
0.04442822
0.04440703
0.04453718
0.04415224
0.04413038
0.04410854
0.04408672
0.04406491
0.04404314
0.04402138
0.04399964
0.04397793
0.04395623
0.04393457
0.04391291
0.04389128
0.04386967
0.02767085
0.02697363
0.02604016
0.02510857
0.02475692
0.02453656
0.02435130
0.02416881
0.02398904
0.02381192
0.02363740
0.02346542
0.02329592
0.02316705
0.02305420
0.02294180
0.02283034
0.02271996
0.02261065
0.02250238
0.02239982
0.02232320
0.02224710
0.02217151
0.02209644
0.02204405
0.02200372
0.02196354
0.02192350
0.02188361
0.02184442
0.02180552
0.02176676
0.02172814
0.02168965
0.02165130
0.02161308
0.02157500
0.02153706
0.02150160
0.02146787
0.02143989
0.02142689
0.02141390
0.02140093
0.02138798
0.02143740
0.02180942
0.02219458
0.02259358
0.02136624
0.02136622
0.02136619
0.02136617
0.02136615
0.02136613
0.02136611
0.02136609
0.02136240
0.02135089
0.02133940
0.02133171
0.02132476
0.02131780
0.02131086
0.02126257
0.02076831
0.02082212
0.02087119
0.02092146
0.02096967
0.02100736
0.02104208
0.02107691
0.02111186
0.02114693
0.02118211
0.02121735
0.02125262
0.02128800
0.02132351
0.02135913
0.02139488
0.02143075
0.02146689
0.02149162
0.02151208
0.02153257
0.02155298
0.02157343
0.02159392
0.02161445
0.02163513
0.02165618
0.02167715
0.02168777
0.02169474
0.02170171
0.02170869
0.02171567
0.02172266
0.02172965
0.02173664
0.02174295
0.02174909
0.02174372
0.02173178
0.02171985
0.02170793
0.02169603
0.02168413
0.02167226
0.02166039
0.02164854
0.02163670
0.02162486
0.02161300
0.02160115
0.02158931
0.02157748
0.02156567
0.02155387
0.02153718
0.02150205
0.02146705
0.02143217
0.02139741
0.02136276
0.02132821
0.02129377
0.02125945
0.02122523
0.02119112
0.02115713
0.02112324
0.02108946
0.02105579
0.02102222
0.02098877
0.02095531
0.02090940
0.02085680
0.02080450
0.02075240
0.02128324
0.02131275
0.02131970
0.02132665
0.02133361
0.02133869
0.02134132
0.02134395
0.02134658
0.02134922
0.02135185
0.02135449
0.02135712
0.02135976
0.02136240
0.02136504
0.02249075
0.02209180
0.02170675
0.02139217
0.02140958
0.02142702
0.02144449
0.02146199
0.02147952
0.02149707
0.02151466
0.02153227
0.02154991
0.02157257
0.02160166
0.02163084
0.02168161
0.02173540
0.02178946
0.02184378
0.02189843
0.02195340
0.02200864
0.02206417
0.02211997
0.02217606
0.02223242
0.02229039
0.02236598
0.02244209
0.02251872
0.02259588
0.02268303
0.02281809
0.02295476
0.02309350
0.02323448
0.02337719
0.02353262
0.02370179
0.02387342
0.02404755
0.02422425
0.02440355
0.02458553
0.02482351
0.02516683
0.02603864
0.02700756
0.02792996
0.04386988
0.04389148
0.04391310
0.04393475
0.04395641
0.04397810
0.04399981
0.04402154
0.04404330
0.04406507
0.04408686
0.04410868
0.04413052
0.04415238
0.04453670
0.04440837
0.04442953
0.04445070
0.04447191
0.04449312
0.04451437
0.04453563
0.04455690
0.04390995
0.04388925
0.04386857
0.04384791
0.04382725
0.04380663
0.04389739
0.04359856
0.04357724
0.04355593
0.04353466
0.04351341
0.04349216
0.04347095
0.04344976
0.04342858
0.04340743
0.04338628
0.04336517
0.04334408
0.04332301
0.02668284
0.02584461
0.02505144
0.02474541
0.02436937
0.02412950
0.02391909
0.02374299
0.02356948
0.02339848
0.02322995
0.02306383
0.02290006
0.02278154
0.02267241
0.02256391
0.02245609
0.02234929
0.02224350
0.02213871
0.02203491
0.02193207
0.02184973
0.02177682
0.02170439
0.02165803
0.02161910
0.02158031
0.02154166
0.02150315
0.02146493
0.02142736
0.02138994
0.02135264
0.02131546
0.02127843
0.02124151
0.02120473
0.02116807
0.02113155
0.02109515
0.02107120
0.02105864
0.02104610
0.02103357
0.02102464
0.02101682
0.02107787
0.02143740
0.02180942
0.02219458
0.02098509
0.02098507
0.02098505
0.02098503
0.02098501
0.02098499
0.02098497
0.02098495
0.02098493
0.02098491
0.02097951
0.02096841
0.02095732
0.02093609
0.02072557
0.02066222
0.02071548
0.02076903
0.02082115
0.02086713
0.02091645
0.02096464
0.02100842
0.02104314
0.02107798
0.02111293
0.02114800
0.02118316
0.02121832
0.02125359
0.02128898
0.02132449
0.02136011
0.02139586
0.02143173
0.02146610
0.02148651
0.02150696
0.02152766
0.02154849
0.02156937
0.02159028
0.02161123
0.02163223
0.02165308
0.02167391
0.02168613
0.02169310
0.02170007
0.02170705
0.02171403
0.02172101
0.02172738
0.02173350
0.02173963
0.02174576
0.02174040
0.02172846
0.02171653
0.02170462
0.02169272
0.02168083
0.02166896
0.02166086
0.02165318
0.02164550
0.02163347
0.02160851
0.02159430
0.02158297
0.02157165
0.02156035
0.02154906
0.02153553
0.02149886
0.02146387
0.02142899
0.02139423
0.02135958
0.02132504
0.02129061
0.02125630
0.02122209
0.02118800
0.02115401
0.02112013
0.02108636
0.02105270
0.02101915
0.02098570
0.02095214
0.02090636
0.02085379
0.02080154
0.02074951
0.02069769
0.02064612
0.02083677
0.02095017
0.02095347
0.02095601
0.02095855
0.02096109
0.02096363
0.02096617
0.02096871
0.02097125
0.02097379
0.02097634
0.02097888
0.02098142
0.02098397
0.02209180
0.02170675
0.02133491
0.02101085
0.02102129
0.02103237
0.02104921
0.02106606
0.02108295
0.02109987
0.02111681
0.02113377
0.02115077
0.02116779
0.02118484
0.02121280
0.02126429
0.02131603
0.02136801
0.02142026
0.02147276
0.02152561
0.02157872
0.02163209
0.02168573
0.02173963
0.02179381
0.02184824
0.02190296
0.02196868
0.02204211
0.02211603
0.02219228
0.02232154
0.02245232
0.02258464
0.02271920
0.02285562
0.02299370
0.02313699
0.02330051
0.02346636
0.02363458
0.02380523
0.02397836
0.02416527
0.02443277
0.02475945
0.02510343
0.02588185
0.02683894
0.04332324
0.04334431
0.04336540
0.04338652
0.04340764
0.04342880
0.04344996
0.04347116
0.04349236
0.04351360
0.04353484
0.04355613
0.04357741
0.04359873
0.04389565
0.04380893
0.04382951
0.04385014
0.04387075
0.04389141
0.04391208
0.04330797
0.04329003
0.04327212
0.04325421
0.04327558
0.04305860
0.04303780
0.04301702
0.04299676
0.04297728
0.04295782
0.04293838
0.04291895
0.04289953
0.04288015
0.04286078
0.04284142
0.04282207
0.02639724
0.02565200
0.02499457
0.02468992
0.02439262
0.02399712
0.02374127
0.02353309
0.02333193
0.02316435
0.02299916
0.02283631
0.02267575
0.02251743
0.02240865
0.02230305
0.02219827
0.02209390
0.02199051
0.02188809
0.02178661
0.02168607
0.02158645
0.02148775
0.02139594
0.02132602
0.02128529
0.02124769
0.02121022
0.02117288
0.02113567
0.02109860
0.02106209
0.02102666
0.02100729
0.02098796
0.02096866
0.02094940
0.02093017
0.02091098
0.02089134
0.02087173
0.02085216
0.02083516
0.02082259
0.02081002
0.02079971
0.02079205
0.02078440
0.02077675
0.02107787
0.02143740
0.02180942
0.02063513
0.02063333
0.02063128
0.02062923
0.02062719
0.02062514
0.02062310
0.02062105
0.02061900
0.02061713
0.02061711
0.02061709
0.02060653
0.02053171
0.02055720
0.02060993
0.02066293
0.02071620
0.02076975
0.02081711
0.02086307
0.02091145
0.02095962
0.02100599
0.02104420
0.02107904
0.02111400
0.02114908
0.02118413
0.02121929
0.02125456
0.02128996
0.02132547
0.02136110
0.02139685
0.02143182
0.02146214
0.02148295
0.02150381
0.02152479
0.02154561
0.02156647
0.02158738
0.02160830
0.02162905
0.02164985
0.02167068
0.02168450
0.02169146
0.02169843
0.02170541
0.02171182
0.02171794
0.02172406
0.02173019
0.02173631
0.02174244
0.02173708
0.02172514
0.02171322
0.02170405
0.02169634
0.02168863
0.02168093
0.02167323
0.02166554
0.02165786
0.02164347
0.02161968
0.02159475
0.02157499
0.02156369
0.02155239
0.02154110
0.02152984
0.02150328
0.02146547
0.02142779
0.02139104
0.02135640
0.02132187
0.02128746
0.02125315
0.02121895
0.02118487
0.02115089
0.02111702
0.02108326
0.02104961
0.02101607
0.02098254
0.02094898
0.02090331
0.02085079
0.02079855
0.02074658
0.02069481
0.02064326
0.02059197
0.02054093
0.02054509
0.02061149
0.02061351
0.02061553
0.02061758
0.02061970
0.02062183
0.02062396
0.02062608
0.02062821
0.02063034
0.02063246
0.02063459
0.02063577
0.02170675
0.02133491
0.02097562
0.02077180
0.02078201
0.02079222
0.02080245
0.02081268
0.02082293
0.02083318
0.02084405
0.02085718
0.02087033
0.02088349
0.02089667
0.02091380
0.02094018
0.02096663
0.02099315
0.02101974
0.02106335
0.02111417
0.02116526
0.02121661
0.02126820
0.02132005
0.02137215
0.02142450
0.02147711
0.02152999
0.02158525
0.02165613
0.02172748
0.02184614
0.02197139
0.02209808
0.02222627
0.02235682
0.02248893
0.02262259
0.02275786
0.02291259
0.02307294
0.02323554
0.02340046
0.02356774
0.02379485
0.02405415
0.02436505
0.02469808
0.02504033
0.02572695
0.02810550
0.04281015
0.04283077
0.04285141
0.04287207
0.04289275
0.04291346
0.04293418
0.04295492
0.04297568
0.04299645
0.04301725
0.04303801
0.04305881
0.04327248
0.04325281
0.04327074
0.04328869
0.04330666
0.04279501
0.04277860
0.04276220
0.04297093
0.04253824
0.04251948
0.04250074
0.04248201
0.04246418
0.04245120
0.04243822
0.04242526
0.04241230
0.04239777
0.04237839
0.04235904
0.02546221
0.02493795
0.02463468
0.02433869
0.02402915
0.02363606
0.02336534
0.02316367
0.02296546
0.02277291
0.02261324
0.02245579
0.02230051
0.02215097
0.02204777
0.02194554
0.02184425
0.02174321
0.02164307
0.02154385
0.02144554
0.02134811
0.02125157
0.02115590
0.02106108
0.02099588
0.02097091
0.02095124
0.02093162
0.02091202
0.02089247
0.02087308
0.02085399
0.02083494
0.02081592
0.02079694
0.02077799
0.02075866
0.02073930
0.02071998
0.02070069
0.02068144
0.02066222
0.02064304
0.02062427
0.02061195
0.02059964
0.02058735
0.02057507
0.02056281
0.02055056
0.02073016
0.02107787
0.02143740
0.02180942
0.02059740
0.02030570
0.02030456
0.02030178
0.02029957
0.02029727
0.02029498
0.02029300
0.02029102
0.02031389
0.02036925
0.02042016
0.02045325
0.02050545
0.02055790
0.02061064
0.02066364
0.02071691
0.02076733
0.02081307
0.02085901
0.02090645
0.02095459
0.02100095
0.02104527
0.02108011
0.02111508
0.02115005
0.02118509
0.02122026
0.02125554
0.02129093
0.02132537
0.02135988
0.02139450
0.02143030
0.02145919
0.02148000
0.02150092
0.02152191
0.02154272
0.02156358
0.02158437
0.02160508
0.02162583
0.02164662
0.02166717
0.02168097
0.02168982
0.02169630
0.02170240
0.02170851
0.02171463
0.02172075
0.02173036
0.02175496
0.02177961
0.02177239
0.02174689
0.02172420
0.02171647
0.02170875
0.02170103
0.02169332
0.02168562
0.02167792
0.02166877
0.02165319
0.02163086
0.02160591
0.02158101
0.02155617
0.02154444
0.02153317
0.02152190
0.02150388
0.02147112
0.02143342
0.02139586
0.02135843
0.02132113
0.02128430
0.02125000
0.02121582
0.02118174
0.02114777
0.02111392
0.02108017
0.02104652
0.02101299
0.02097936
0.02094581
0.02090027
0.02084779
0.02079557
0.02074361
0.02069191
0.02064040
0.02058912
0.02053810
0.02048732
0.02043680
0.02040526
0.02035251
0.02029704
0.02029270
0.02029446
0.02029623
0.02029809
0.02030024
0.02030240
0.02030480
0.02031288
0.02059189
0.02170675
0.02133491
0.02097562
0.02062820
0.02055019
0.02055697
0.02056974
0.02058253
0.02059533
0.02060815
0.02062098
0.02063384
0.02064670
0.02065958
0.02067248
0.02068540
0.02070559
0.02073146
0.02075738
0.02078338
0.02080945
0.02083558
0.02086177
0.02088804
0.02091437
0.02094076
0.02096723
0.02099376
0.02102035
0.02106751
0.02111838
0.02116950
0.02122086
0.02128344
0.02139057
0.02151064
0.02163205
0.02175486
0.02187934
0.02200584
0.02213380
0.02226327
0.02239427
0.02253737
0.02269249
0.02284976
0.02300923
0.02318933
0.02343562
0.02368708
0.02398302
0.02430562
0.02463701
0.02497757
0.02557387
0.04235877
0.04237520
0.04239164
0.04240808
0.04242454
0.04244103
0.04245751
0.04247401
0.04249052
0.04250704
0.04252359
0.04254014
0.04296681
0.04276088
0.04277727
0.04279369
0.04229759
0.04237479
0.04209776
0.04207939
0.04206103
0.04204269
0.04202437
0.04200605
0.04198775
0.04196948
0.04195122
0.04193297
0.04191475
0.02808456
0.02488159
0.02457967
0.02428500
0.02399731
0.02366714
0.02328570
0.02300112
0.02280567
0.02261351
0.02242457
0.02224006
0.02208774
0.02193750
0.02179828
0.02169834
0.02159931
0.02150118
0.02140348
0.02130644
0.02121028
0.02111497
0.02102086
0.02097465
0.02092864
0.02088208
0.02083534
0.02078881
0.02076055
0.02074127
0.02072204
0.02070291
0.02068414
0.02066539
0.02064668
0.02062766
0.02060854
0.02058946
0.02057042
0.02055141
0.02053243
0.02051349
0.02049458
0.02047571
0.02045688
0.02043808
0.02041931
0.02041409
0.02041233
0.02041057
0.02040880
0.02040704
0.02040528
0.02040352
0.02073016
0.02107787
0.02143740
0.02180942
0.02058537
0.02027010
0.02019318
0.02014561
0.02013999
0.02013760
0.02017294
0.02020840
0.02025400
0.02030740
0.02035034
0.02040201
0.02045395
0.02050615
0.02055861
0.02061135
0.02066435
0.02071763
0.02076331
0.02080903
0.02085496
0.02090144
0.02094957
0.02099590
0.02104243
0.02108118
0.02111608
0.02115101
0.02118591
0.02121997
0.02125413
0.02128841
0.02132279
0.02135730
0.02139288
0.02142918
0.02145625
0.02147705
0.02149814
0.02151903
0.02153984
0.02156050
0.02158117
0.02160187
0.02162261
0.02164744
0.02171489
0.02176413
0.02179982
0.02182811
0.02185647
0.02188420
0.02190915
0.02193416
0.02195922
0.02198434
0.02200952
0.02200228
0.02197624
0.02195026
0.02192434
0.02189848
0.02187268
0.02184508
0.02181650
0.02178799
0.02175180
0.02170383
0.02164205
0.02161707
0.02159215
0.02156728
0.02154248
0.02152523
0.02151397
0.02149793
0.02147395
0.02143906
0.02140148
0.02136402
0.02132670
0.02128951
0.02125246
0.02121552
0.02117872
0.02114466
0.02111081
0.02107707
0.02104344
0.02100984
0.02097619
0.02094265
0.02089726
0.02084479
0.02079258
0.02074064
0.02068895
0.02063753
0.02058627
0.02053527
0.02048450
0.02043399
0.02038373
0.02033372
0.02029216
0.02023702
0.02019254
0.02015995
0.02013582
0.02014168
0.02015466
0.02021000
0.02030718
0.02057393
0.02170675
0.02133490
0.02097562
0.02062819
0.02040909
0.02041319
0.02041729
0.02042140
0.02042545
0.02042951
0.02043357
0.02043764
0.02044170
0.02044577
0.02045305
0.02046570
0.02047835
0.02050150
0.02052686
0.02055229
0.02057778
0.02060333
0.02062895
0.02065463
0.02068038
0.02070620
0.02073212
0.02075811
0.02078416
0.02081027
0.02083646
0.02086271
0.02088902
0.02091541
0.02094186
0.02098864
0.02106881
0.02118528
0.02130304
0.02142213
0.02154306
0.02166569
0.02178973
0.02191519
0.02204210
0.02217424
0.02232439
0.02247659
0.02263087
0.02284802
0.02308707
0.02333104
0.02361278
0.02392543
0.02424647
0.02457625
0.02491512
0.02903173
0.04193706
0.04195317
0.04196928
0.04198540
0.04200153
0.04201768
0.04203384
0.04205001
0.04206620
0.04208239
0.04209862
0.04236981
0.04229726
0.04208283
0.04164832
0.04163033
0.04161235
0.04159440
0.04157647
0.04155855
0.04154065
0.04152275
0.04150488
0.04148701
0.02486391
0.02452492
0.02423155
0.02394512
0.02366537
0.02331586
0.02294558
0.02264808
0.02245856
0.02227218
0.02208887
0.02190856
0.02173156
0.02158611
0.02145664
0.02135980
0.02126383
0.02116873
0.02107421
0.02099928
0.02095317
0.02090725
0.02086154
0.02081594
0.02076950
0.02072327
0.02067724
0.02063142
0.02058579
0.02055436
0.02053550
0.02051702
0.02049830
0.02047942
0.02046058
0.02044177
0.02042300
0.02040938
0.02039935
0.02038934
0.02037932
0.02036932
0.02035933
0.02034935
0.02033938
0.02032942
0.02031947
0.02030953
0.02029971
0.02029090
0.02028211
0.02027652
0.02027478
0.02027304
0.02027130
0.02039377
0.02073016
0.02107787
0.02143740
0.02180942
0.02057336
0.02026445
0.02018936
0.02014251
0.02013686
0.02013467
0.02017000
0.02020545
0.02024847
0.02029962
0.02035103
0.02040271
0.02045465
0.02050685
0.02055932
0.02061206
0.02066507
0.02071379
0.02075929
0.02080500
0.02085090
0.02089701
0.02094455
0.02099086
0.02103737
0.02108187
0.02111560
0.02114943
0.02118337
0.02121742
0.02125158
0.02128584
0.02132022
0.02135558
0.02139176
0.02142610
0.02145330
0.02147421
0.02149536
0.02151611
0.02153669
0.02156748
0.02163529
0.02170352
0.02177125
0.02183886
0.02190689
0.02197115
0.02200534
0.02203417
0.02206307
0.02209204
0.02212110
0.02215023
0.02217944
0.02219870
0.02221679
0.02221170
0.02219382
0.02217171
0.02214226
0.02211289
0.02208360
0.02205439
0.02202525
0.02199620
0.02195835
0.02189283
0.02182429
0.02175618
0.02168849
0.02162122
0.02155437
0.02152880
0.02150605
0.02149198
0.02147152
0.02144393
0.02140709
0.02136962
0.02133228
0.02129507
0.02125799
0.02122104
0.02118422
0.02114752
0.02111095
0.02107451
0.02104036
0.02100665
0.02097302
0.02093949
0.02089424
0.02084179
0.02078960
0.02073767
0.02068600
0.02063458
0.02058342
0.02053243
0.02048169
0.02043119
0.02038094
0.02033094
0.02028119
0.02023167
0.02018958
0.02015700
0.02013270
0.02013853
0.02015090
0.02020621
0.02030147
0.02055599
0.02170675
0.02133494
0.02097562
0.02062819
0.02029209
0.02027276
0.02027680
0.02028085
0.02028490
0.02028894
0.02029300
0.02029705
0.02030111
0.02030852
0.02031624
0.02032396
0.02033169
0.02034135
0.02035474
0.02036812
0.02038147
0.02039483
0.02040822
0.02042758
0.02045281
0.02047810
0.02050346
0.02052887
0.02055435
0.02057989
0.02060550
0.02063117
0.02065691
0.02068270
0.02070857
0.02073450
0.02078327
0.02083742
0.02089185
0.02094657
0.02100157
0.02109942
0.02121697
0.02133590
0.02145618
0.02157782
0.02170085
0.02182528
0.02196804
0.02211539
0.02228917
0.02251660
0.02274873
0.02298555
0.02325381
0.02355696
0.02386813
0.02418762
0.02451579
0.02501472
0.04150791
0.04152368
0.04153946
0.04155525
0.04157106
0.04158688
0.04160271
0.04161855
0.04163441
0.04165027
0.04207756
0.04120836
0.04119075
0.04117317
0.04115560
0.04113804
0.04112048
0.04110296
0.04108543
0.04106794
0.02455257
0.02417834
0.02389315
0.02361461
0.02334250
0.02297487
0.02261525
0.02230572
0.02212186
0.02194101
0.02176309
0.02158803
0.02141577
0.02124624
0.02112555
0.02103166
0.02097718
0.02093154
0.02088591
0.02084029
0.02079486
0.02074964
0.02070408
0.02065814
0.02061240
0.02056686
0.02052152
0.02047638
0.02043145
0.02039981
0.02038054
0.02037051
0.02036050
0.02035052
0.02034055
0.02033058
0.02032063
0.02031069
0.02030076
0.02029083
0.02028092
0.02027102
0.02026112
0.02025124
0.02024136
0.02023150
0.02022165
0.02021180
0.02020196
0.02019213
0.02018283
0.02017413
0.02016543
0.02015674
0.02014806
0.02014078
0.02013906
0.02039377
0.02073016
0.02107787
0.02143740
0.02180942
0.02040026
0.02025882
0.02018554
0.02013941
0.02013370
0.02013174
0.02016706
0.02020252
0.02024644
0.02030031
0.02035172
0.02040340
0.02045535
0.02050755
0.02056002
0.02061277
0.02066450
0.02070978
0.02075527
0.02080096
0.02084685
0.02089293
0.02093953
0.02098623
0.02103347
0.02107875
0.02111308
0.02114690
0.02118083
0.02121487
0.02124902
0.02128328
0.02131842
0.02135447
0.02139064
0.02142274
0.02145036
0.02148687
0.02155542
0.02162315
0.02169130
0.02175989
0.02182789
0.02189586
0.02196425
0.02203307
0.02208606
0.02212777
0.02215206
0.02217012
0.02218820
0.02220631
0.02222446
0.02224263
0.02226068
0.02227829
0.02229594
0.02229073
0.02227205
0.02225340
0.02223538
0.02221745
0.02219956
0.02218169
0.02216385
0.02214604
0.02211750
0.02207410
0.02201453
0.02194509
0.02187608
0.02180750
0.02173936
0.02167164
0.02160434
0.02153699
0.02146807
0.02144246
0.02141270
0.02137522
0.02133786
0.02130063
0.02126353
0.02122656
0.02118941
0.02115229
0.02111530
0.02107844
0.02104134
0.02100577
0.02097043
0.02093632
0.02089122
0.02083879
0.02078661
0.02073470
0.02068305
0.02063164
0.02058050
0.02052961
0.02047887
0.02042839
0.02037816
0.02032817
0.02027843
0.02022893
0.02018662
0.02015404
0.02012957
0.02013539
0.02014715
0.02020244
0.02029578
0.02053808
0.02170675
0.02133494
0.02097562
0.02062820
0.02029209
0.02013424
0.02013886
0.02014645
0.02015405
0.02016165
0.02016926
0.02017687
0.02018450
0.02019212
0.02019975
0.02020739
0.02021504
0.02022268
0.02023569
0.02024894
0.02026222
0.02027551
0.02028880
0.02030204
0.02031530
0.02032858
0.02034188
0.02035519
0.02036853
0.02038188
0.02039524
0.02040862
0.02042989
0.02045513
0.02048042
0.02050578
0.02053120
0.02058187
0.02063498
0.02068837
0.02074214
0.02079619
0.02085052
0.02090514
0.02096004
0.02101600
0.02113269
0.02125068
0.02137000
0.02149066
0.02162288
0.02176563
0.02197365
0.02219467
0.02242017
0.02265014
0.02290558
0.02319967
0.02350141
0.02381109
0.02416884
0.02470401
0.04106705
0.04108509
0.04110315
0.04112123
0.04113925
0.04115754
0.04118033
0.04119585
0.04121137
0.04077519
0.04076331
0.04075025
0.04073327
0.04071628
0.04069931
0.02499348
0.02424894
0.02384141
0.02356407
0.02329311
0.02300424
0.02264370
0.02229429
0.02197355
0.02179511
0.02161954
0.02144677
0.02127675
0.02110940
0.02098190
0.02090995
0.02086376
0.02081861
0.02077366
0.02072862
0.02068368
0.02063894
0.02059341
0.02054796
0.02050270
0.02045765
0.02041279
0.02038918
0.02036650
0.02034386
0.02032127
0.02029874
0.02027625
0.02026253
0.02025261
0.02024270
0.02023281
0.02022292
0.02021304
0.02020317
0.02019331
0.02018346
0.02017365
0.02016386
0.02015407
0.02014428
0.02013451
0.02012475
0.02011500
0.02010526
0.02009552
0.02008580
0.02007609
0.02006729
0.02005868
0.02005009
0.02004150
0.02003292
0.02002958
0.02006812
0.02039377
0.02073016
0.02107787
0.02143740
0.02180942
0.02039433
0.02025318
0.02018172
0.02013631
0.02013056
0.02012881
0.02016411
0.02019960
0.02024373
0.02029777
0.02035210
0.02040410
0.02045605
0.02050826
0.02056073
0.02061348
0.02066052
0.02070579
0.02075126
0.02079692
0.02084279
0.02089033
0.02093588
0.02098289
0.02103012
0.02107554
0.02111000
0.02114437
0.02117829
0.02121232
0.02124646
0.02128139
0.02131731
0.02135335
0.02141153
0.02150149
0.02158930
0.02167440
0.02174759
0.02181656
0.02188484
0.02194657
0.02199173
0.02203707
0.02208259
0.02212423
0.02216361
0.02220313
0.02223209
0.02225028
0.02226849
0.02228674
0.02230473
0.02232242
0.02234014
0.02235788
0.02237565
0.02237043
0.02235162
0.02233284
0.02231410
0.02229538
0.02227709
0.02225910
0.02224113
0.02222320
0.02219300
0.02215344
0.02211403
0.02207072
0.02202522
0.02197992
0.02193480
0.02186632
0.02179781
0.02172900
0.02165150
0.02156657
0.02147605
0.02138480
0.02134202
0.02130436
0.02126684
0.02122945
0.02119219
0.02115506
0.02111806
0.02108079
0.02104353
0.02100794
0.02097260
0.02093654
0.02088899
0.02083579
0.02078363
0.02073173
0.02068009
0.02062871
0.02057758
0.02052670
0.02047606
0.02042559
0.02037537
0.02032540
0.02027567
0.02022618
0.02018369
0.02015108
0.02012645
0.02013225
0.02014340
0.02019865
0.02029009
0.02052020
0.02170675
0.02133494
0.02097561
0.02062820
0.02029209
0.02003546
0.02003755
0.02003963
0.02004171
0.02004693
0.02005446
0.02006198
0.02006952
0.02007706
0.02008460
0.02009215
0.02009971
0.02010727
0.02011802
0.02013112
0.02014424
0.02015738
0.02017053
0.02018370
0.02019689
0.02021009
0.02022323
0.02023639
0.02024956
0.02026276
0.02027597
0.02028920
0.02030244
0.02031571
0.02032899
0.02034229
0.02035560
0.02037172
0.02039816
0.02043741
0.02048970
0.02054225
0.02059507
0.02064835
0.02070191
0.02075575
0.02080987
0.02086427
0.02091896
0.02097393
0.02104908
0.02116614
0.02128841
0.02145628
0.02166696
0.02188182
0.02210094
0.02232438
0.02256763
0.02285304
0.02314577
0.02344610
0.02387607
0.02440093
0.02544269
0.04068333
0.04069938
0.04071544
0.04073152
0.04074760
0.04076370
0.04035568
0.04034045
0.04032524
0.04031004
0.02467890
0.02395272
0.02351374
0.02324393
0.02298024
0.02267223
0.02232195
0.02198233
0.02165288
0.02147787
0.02130735
0.02113952
0.02099306
0.02092103
0.02084950
0.02077846
0.02070789
0.02066243
0.02061814
0.02057368
0.02052909
0.02048392
0.02043895
0.02040128
0.02037857
0.02035591
0.02033329
0.02031073
0.02028822
0.02026575
0.02024334
0.02022098
0.02019866
0.02017639
0.02015569
0.02014588
0.02013607
0.02012628
0.02011649
0.02010672
0.02009695
0.02008720
0.02007745
0.02006771
0.02005798
0.02004826
0.02003856
0.02002886
0.02001916
0.02000948
0.01999984
0.01999021
0.01998058
0.01997097
0.01996158
0.01995306
0.01994489
0.01994511
0.01994532
0.01994554
0.01994575
0.02006812
0.02039376
0.02073016
0.02107787
0.02143740
0.02180942
0.02038841
0.02024755
0.02017791
0.02013322
0.02012741
0.02012587
0.02016117
0.02019668
0.02024102
0.02029504
0.02034936
0.02040396
0.02045674
0.02050896
0.02056144
0.02061149
0.02065654
0.02070179
0.02074743
0.02079483
0.02084244
0.02089012
0.02093431
0.02097956
0.02102678
0.02107232
0.02110677
0.02114133
0.02117575
0.02120978
0.02124448
0.02128028
0.02136395
0.02145912
0.02154948
0.02164060
0.02173249
0.02182503
0.02189420
0.02194315
0.02198829
0.02203362
0.02207913
0.02212069
0.02216006
0.02219956
0.02223920
0.02227899
0.02231271
0.02233103
0.02234896
0.02236672
0.02238451
0.02240232
0.02242016
0.02243804
0.02245594
0.02245072
0.02243177
0.02241286
0.02239397
0.02237512
0.02235631
0.02233752
0.02231896
0.02230090
0.02226901
0.02222919
0.02218951
0.02214997
0.02211057
0.02206734
0.02202186
0.02197657
0.02193146
0.02187972
0.02179973
0.02170332
0.02160927
0.02151689
0.02142530
0.02133449
0.02126964
0.02123224
0.02119497
0.02115783
0.02112039
0.02108298
0.02104571
0.02101012
0.02097477
0.02093285
0.02088809
0.02083463
0.02078145
0.02072876
0.02067714
0.02062577
0.02057465
0.02052379
0.02047318
0.02042279
0.02037258
0.02032262
0.02027291
0.02022344
0.02018076
0.02014813
0.02012332
0.02012910
0.02013965
0.02019488
0.02028439
0.02050319
0.02170679
0.02133494
0.02097561
0.02062820
0.02029209
0.01996677
0.01995012
0.01995218
0.01995425
0.01995632
0.01995839
0.01996045
0.01996252
0.01996459
0.01997075
0.01997821
0.01998569
0.01999316
0.02000171
0.02001466
0.02002763
0.02004061
0.02005362
0.02006663
0.02007967
0.02009272
0.02010579
0.02011888
0.02013198
0.02014503
0.02015808
0.02017116
0.02018425
0.02019736
0.02021049
0.02022363
0.02023679
0.02024997
0.02027333
0.02029972
0.02032618
0.02035223
0.02037829
0.02040442
0.02045218
0.02050453
0.02055716
0.02061005
0.02066322
0.02071667
0.02077039
0.02082439
0.02087868
0.02093324
0.02098875
0.02116375
0.02136870
0.02157765
0.02179068
0.02200786
0.02223950
0.02251663
0.02280075
0.02314677
0.02359031
0.02410519
0.02483202
0.04031055
0.04032616
0.04034178
0.04035740
0.03997670
0.02512440
0.02437216
0.02366365
0.02319495
0.02293237
0.02267566
0.02234967
0.02200921
0.02167896
0.02135849
0.02116974
0.02100405
0.02093213
0.02086052
0.02078940
0.02071876
0.02064860
0.02057892
0.02050970
0.02046484
0.02042028
0.02039065
0.02036796
0.02034532
0.02032273
0.02030019
0.02027771
0.02025527
0.02023287
0.02021053
0.02018824
0.02016600
0.02014381
0.02012166
0.02009957
0.02007752
0.02005552
0.02004026
0.02003056
0.02002086
0.02001118
0.02000151
0.01999185
0.01998219
0.01997254
0.01996291
0.01995328
0.01994366
0.01993406
0.01992446
0.01991487
0.01990529
0.01989571
0.01988615
0.01988059
0.01987521
0.01986984
0.01986393
0.01986163
0.01986185
0.01986207
0.01986229
0.01986251
0.01986273
0.02006812
0.02039376
0.02073016
0.02107787
0.02143740
0.02180942
0.02038249
0.02024192
0.02017409
0.02013012
0.02012426
0.02012294
0.02015823
0.02019376
0.02023831
0.02029232
0.02034662
0.02040121
0.02045609
0.02050966
0.02056214
0.02060752
0.02065323
0.02070020
0.02074738
0.02079478
0.02084240
0.02088904
0.02093322
0.02097759
0.02102343
0.02106911
0.02110355
0.02113810
0.02117276
0.02122078
0.02131638
0.02141285
0.02150692
0.02159768
0.02168921
0.02177191
0.02184773
0.02191776
0.02197333
0.02202904
0.02207566
0.02211716
0.02215651
0.02219600
0.02223563
0.05508500
0.05508500
0.05508500
0.05508500
0.05508500
0.05508500
0.05508500
0.05508500
0.05508500
0.05508500
0.05508500
0.05508500
0.05508500
0.05508500
0.05508500
0.05508500
0.05508500
0.05508500
0.05508500
0.05508500
0.05508500
0.05508500
0.05508500
0.05508500
0.02222569
0.02218603
0.02214650
0.02210712
0.02206397
0.02201455
0.02195864
0.02190310
0.02182753
0.02175176
0.02166191
0.02156672
0.02147235
0.02137881
0.02128608
0.02119775
0.02116014
0.02112259
0.02108517
0.02104789
0.02101230
0.02097214
0.02092916
0.02088635
0.02083374
0.02078056
0.02072765
0.02067501
0.02062283
0.02057173
0.02052088
0.02047029
0.02041994
0.02036980
0.02031985
0.02027015
0.02022069
0.02017783
0.02014518
0.02012020
0.02012596
0.02013590
0.02019110
0.02027871
0.02048943
0.02170679
0.02133494
0.02097561
0.02062820
0.02029209
0.01996677
0.01986338
0.01986544
0.01986749
0.01986955
0.01987160
0.01987366
0.01987572
0.01987777
0.01987983
0.01988189
0.01988394
0.01988601
0.01988806
0.01989954
0.01991236
0.01992520
0.01993805
0.01995092
0.01996380
0.01997670
0.01998962
0.02000256
0.02001551
0.02002848
0.02004146
0.02005447
0.02006743
0.02008038
0.02009336
0.02010635
0.02011936
0.02013238
0.02014980
0.02017588
0.02020201
0.02022822
0.02025450
0.02028061
0.02030650
0.02033245
0.02035846
0.02038454
0.02041479
0.02046696
0.02051939
0.02057209
0.02062507
0.02067832
0.02073184
0.02078564
0.02086820
0.02095146
0.02107854
0.02128183
0.02148901
0.02170018
0.02192079
0.02218998
0.02246587
0.02287809
0.02331129
0.02381654
0.02452580
0.03996368
0.03997903
0.02407293
0.02338146
0.02288470
0.02262905
0.02237746
0.02203616
0.02170511
0.02138386
0.02107199
0.02094343
0.02087188
0.02080081
0.02073023
0.02066013
0.02059050
0.02052133
0.02045263
0.02039436
0.02036100
0.02033517
0.02031255
0.02028999
0.02026748
0.02024501
0.02022260
0.02020023
0.02017792
0.02015565
0.02013345
0.02011133
0.02008925
0.02006722
0.02004525
0.02002332
0.02000144
0.01997961
0.01995782
0.01993608
0.01992614
0.01991655
0.01990697
0.01989740
0.01988783
0.01988103
0.01987566
0.01987029
0.01986492
0.01985956
0.01985419
0.01984884
0.01984348
0.01983813
0.01983278
0.01982743
0.01982209
0.01981675
0.01981141
0.01980607
0.01980001
0.01979364
0.01978729
0.01978093
0.01978009
0.01978031
0.01978053
0.02006812
0.02039376
0.02073016
0.02107787
0.02143740
0.02180942
0.02037657
0.02023630
0.02017028
0.02012703
0.02012111
0.02012001
0.02015529
0.02019084
0.02023560
0.02028959
0.02034388
0.02039845
0.02045332
0.02050849
0.02055988
0.02060642
0.02065318
0.02070015
0.02074734
0.02079473
0.02084235
0.02088796
0.02093214
0.02097650
0.02102105
0.02106589
0.02110032
0.02117482
0.02127247
0.02136506
0.02146197
0.02155493
0.02164410
0.02171905
0.02179451
0.02187049
0.05442825
0.05442825
0.05442825
0.05442825
0.05442825
0.05442825
0.05442825
0.05442825
0.05442825
0.05442825
0.05442825
0.05442825
0.05442825
0.05442825
0.05442825
0.05442825
0.05442825
0.05442825
0.05442825
0.05442825
0.05442825
0.05442825
0.05442825
0.05442825
0.05442825
0.05442825
0.05442825
0.05442825
0.05442825
0.05442825
0.05442825
0.05442825
0.05442825
0.05442825
0.05442825
0.05442825
0.05442825
0.05442825
0.05442825
0.05442825
0.05442825
0.05442825
0.02185004
0.02177411
0.02169871
0.02162066
0.02152582
0.02143182
0.02133871
0.02124440
0.02114441
0.02108737
0.02105008
0.02101157
0.02096843
0.02092546
0.02088268
0.02083285
0.02077967
0.02072676
0.02067413
0.02062175
0.02056965
0.02051798
0.02046739
0.02041706
0.02036697
0.02031708
0.02026739
0.02021795
0.02017490
0.02014223
0.02011708
0.02012282
0.02013215
0.02018732
0.02027302
0.02047569
0.02170679
0.02133494
0.02097562
0.02062820
0.02029209
0.01996677
0.01977730
0.01977934
0.01978138
0.01978341
0.01978545
0.01978945
0.01979424
0.01979904
0.01980384
0.01980865
0.01981345
0.01981826
0.01982307
0.01982934
0.01983651
0.01984367
0.01985077
0.01985787
0.01986498
0.01987209
0.01987921
0.01988758
0.01990038
0.01991320
0.01992604
0.01993889
0.01995176
0.01996464
0.01997755
0.01999042
0.02000328
0.02001616
0.02002905
0.02005354
0.02007936
0.02010525
0.02013120
0.02015723
0.02018332
0.02020948
0.02023521
0.02026097
0.02028680
0.02031270
0.02033866
0.02036470
0.02039079
0.02042952
0.02048176
0.02053427
0.02058705
0.02066736
0.02074902
0.02083132
0.02091429
0.02099792
0.02119558
0.02140100
0.02161107
0.02187267
0.02220762
0.02261558
0.02303880
0.02353470
0.02422705
0.02258263
0.02233365
0.02206318
0.02173132
0.02140930
0.02109669
0.02092631
0.02082200
0.02074364
0.02067344
0.02060372
0.02053447
0.02046568
0.02039958
0.02036621
0.02033295
0.02029980
0.02026675
0.02023568
0.02021329
0.02019094
0.02016865
0.02014640
0.02012421
0.02010206
0.02007996
0.02005791
0.02003591
0.02001395
0.01999205
0.01997019
0.01994838
0.01992662
0.01990490
0.01988335
0.01987140
0.01985947
0.01984934
0.01984396
0.01983858
0.01983323
0.01982788
0.01982253
0.01981719
0.01981185
0.01980652
0.01980118
0.01979586
0.01979053
0.01978520
0.01977988
0.01977457
0.01976925
0.01976394
0.01975863
0.01975332
0.01974801
0.01974271
0.01973649
0.01973017
0.01972385
0.01971754
0.01971123
0.01970492
0.01975271
0.02006812
0.02039376
0.02073016
0.02107787
0.02143740
0.02180942
0.02037066
0.02023067
0.02016647
0.02012393
0.02011796
0.02011709
0.02015237
0.02018793
0.02023289
0.02028687
0.02034114
0.02039570
0.02045046
0.02050281
0.02055366
0.02060476
0.02065313
0.02070010
0.02074729
0.02079469
0.02084230
0.02088688
0.02093105
0.02097541
0.02101996
0.02112575
0.02122570
0.02132382
0.02141847
0.02151132
0.05378698
0.05378698
0.05378698
0.05378698
0.05378698
0.05378698
0.05378698
0.05378698
0.05378698
0.05378698
0.05378698
0.05378698
0.05378698
0.05378698
0.05378698
0.05378698
0.05378698
0.05378698
0.05378698
0.05378698
0.05378698
0.05378698
0.05378698
0.05378698
0.05378698
0.05378698
0.05378698
0.05378698
0.05378698
0.05378698
0.05378698
0.05378698
0.05378698
0.05378698
0.05378698
0.05378698
0.05378698
0.05378698
0.05378698
0.05378698
0.05378698
0.05378698
0.05378698
0.05378698
0.05378698
0.05378698
0.05378698
0.05378698
0.05378698
0.05378698
0.05378698
0.05378698
0.05378698
0.02157140
0.02148534
0.02139281
0.02129457
0.02119411
0.02109302
0.02100785
0.02096472
0.02092177
0.02087900
0.02083195
0.02077878
0.02072588
0.02067325
0.02062088
0.02056878
0.02051694
0.02046536
0.02041418
0.02036411
0.02031428
0.02026464
0.02021521
0.02017197
0.02013927
0.02011396
0.02011968
0.02012841
0.02018355
0.02026734
0.02046198
0.02170679
0.02133493
0.02097562
0.02062820
0.02029209
0.01996677
0.01970662
0.01970776
0.01971197
0.01971673
0.01972149
0.01972625
0.01973102
0.01973579
0.01974056
0.01974533
0.01975011
0.01975488
0.01975967
0.01976544
0.01977257
0.01977970
0.01978684
0.01979398
0.01980108
0.01980815
0.01981522
0.01982230
0.01982938
0.01983647
0.01984357
0.01985066
0.01985776
0.01986487
0.01987199
0.01987911
0.01988842
0.01990122
0.01991401
0.01993267
0.01995818
0.01998376
0.02000940
0.02003511
0.02006089
0.02008673
0.02011264
0.02013861
0.02016441
0.02019000
0.02021565
0.02024136
0.02026715
0.02029300
0.02031891
0.02034489
0.02037093
0.02039705
0.02047075
0.02055121
0.02063230
0.02071403
0.02079641
0.02087945
0.02096146
0.02110994
0.02131370
0.02157533
0.02196018
0.02235902
0.02277254
0.02175759
0.02143480
0.02112145
0.02093246
0.02082810
0.02072477
0.02062246
0.02054762
0.02047874
0.02041032
0.02037143
0.02033815
0.02030498
0.02027191
0.02023896
0.02020611
0.02017337
0.02014074
0.02011499
0.02009286
0.02007078
0.02004875
0.02002677
0.02000483
0.01998295
0.01996111
0.01993932
0.01991758
0.01989588
0.01987791
0.01986597
0.01985405
0.01984214
0.01983024
0.01981836
0.01980649
0.01979463
0.01978580
0.01978046
0.01977511
0.01976978
0.01976445
0.01975912
0.01975379
0.01974846
0.01974316
0.01973786
0.01973256
0.01972727
0.01972198
0.01971669
0.01971141
0.01970612
0.01970085
0.01969557
0.01969030
0.01968502
0.01967967
0.01967338
0.01966710
0.01966082
0.01965455
0.01965064
0.01965148
0.01975271
0.02006812
0.02039377
0.02073016
0.02107787
0.02143740
0.02180942
0.02036475
0.02022505
0.02016266
0.02012084
0.02011482
0.02011416
0.02014947
0.02018501
0.02023018
0.02028414
0.02033833
0.02039270
0.02044459
0.02049515
0.02054596
0.02059702
0.02064833
0.02069991
0.02074724
0.02079464
0.02084182
0.02088580
0.02092997
0.02102753
0.02114507
0.05316063
0.05316063
0.05316063
0.05316063
0.05316063
0.05316063
0.05316063
0.05316063
0.05316063
0.05316063
0.05316063
0.05316063
0.05316063
0.05316063
0.05316063
0.05316063
0.05316063
0.05316063
0.05316063
0.05316063
0.05316063
0.05316063
0.05316063
0.05316063
0.05316063
0.05316063
0.05316063
0.05316063
0.05316063
0.05316063
0.05316063
0.05316063
0.05316063
0.05316063
0.05316063
0.05316063
0.05316063
0.05316063
0.05316063
0.05316063
0.05316063
0.05316063
0.05316063
0.05316063
0.05316063
0.05316063
0.05316063
0.05316063
0.05316063
0.05316063
0.05316063
0.05316063
0.05316063
0.05316063
0.05316063
0.05316063
0.05316063
0.05316063
0.05316063
0.05316063
0.05316063
0.05316063
0.05316063
0.02123095
0.02111191
0.02099426
0.02091809
0.02087533
0.02083106
0.02077789
0.02072500
0.02067237
0.02062000
0.02056791
0.02051607
0.02046449
0.02041318
0.02036212
0.02031143
0.02026186
0.02021246
0.02016905
0.02013635
0.02011084
0.02011655
0.02012467
0.02017978
0.02026166
0.02044827
0.02170679
0.02133494
0.02097562
0.02062820
0.02029209
0.01996677
0.01965537
0.01965651
0.01965765
0.01965878
0.01965992
0.01966346
0.01966819
0.01967293
0.01967767
0.01968241
0.01968716
0.01969191
0.01969666
0.01970195
0.01970903
0.01971612
0.01972321
0.01973031
0.01973741
0.01974452
0.01975163
0.01975868
0.01976571
0.01977276
0.01977980
0.01978686
0.01979391
0.01980098
0.01980804
0.01981512
0.01982220
0.01982928
0.01983637
0.01984476
0.01985860
0.01987228
0.01988907
0.01991447
0.01993994
0.01996547
0.01999107
0.02001672
0.02004245
0.02006825
0.02009411
0.02011952
0.02014499
0.02017053
0.02019613
0.02022180
0.02024753
0.02027333
0.02030498
0.02034296
0.02038031
0.02043840
0.02051860
0.02059943
0.02068090
0.02076302
0.02084409
0.02092505
0.02102501
0.02134171
0.02171819
0.02093862
0.02083419
0.02073081
0.02062844
0.02052708
0.02042671
0.02037664
0.02034334
0.02031016
0.02027708
0.02024411
0.02021124
0.02017849
0.02014583
0.02011328
0.02008085
0.02004851
0.02001764
0.01999572
0.01997386
0.01995204
0.01993027
0.01990855
0.01988687
0.01987248
0.01986054
0.01984862
0.01983672
0.01982483
0.01981295
0.01980109
0.01978924
0.01977741
0.01976559
0.01975379
0.01974200
0.01973022
0.01972267
0.01971736
0.01971205
0.01970675
0.01970145
0.01969615
0.01969086
0.01968557
0.01968028
0.01967499
0.01966971
0.01966443
0.01965916
0.01965390
0.01964865
0.01964340
0.01963816
0.01963291
0.01962767
0.01962244
0.01961692
0.01961068
0.01960444
0.01960118
0.01960201
0.01960285
0.01960368
0.01975271
0.02006812
0.02039377
0.02073016
0.02107787
0.02143740
0.02180942
0.02035884
0.02021944
0.02015885
0.02011775
0.02011167
0.02011123
0.02014656
0.02018210
0.02022742
0.02028120
0.02033526
0.02038669
0.02043696
0.02048749
0.02053826
0.02058928
0.02064056
0.02069210
0.02074389
0.02079459
0.02084074
0.02092944
0.05254872
0.05254872
0.05254872
0.05254872
0.05254872
0.05254872
0.05254872
0.05254872
0.05254872
0.05254872
0.05254872
0.05254872
0.05254872
0.05254872
0.05254872
0.05254872
0.05254872
0.05254872
0.05254872
0.05254872
0.05254872
0.05254872
0.05254872
0.05254872
0.05254872
0.05254872
0.05254872
0.05254872
0.05254872
0.05254872
0.05254872
0.05254872
0.05254872
0.05254872
0.05254872
0.05254872
0.05254872
0.05254872
0.05254872
0.05254872
0.05254872
0.05254872
0.05254872
0.05254872
0.05254872
0.05254872
0.05254872
0.05254872
0.05254872
0.05254872
0.05254872
0.05254872
0.05254872
0.05254872
0.05254872
0.05254872
0.05254872
0.05254872
0.05254872
0.05254872
0.05254872
0.05254872
0.05254872
0.05254872
0.05254872
0.05254872
0.05254872
0.05254872
0.05254872
0.05254872
0.02089649
0.02082908
0.02077701
0.02072411
0.02067149
0.02061913
0.02056704
0.02051521
0.02046363
0.02041232
0.02036127
0.02031047
0.02025992
0.02020971
0.02016612
0.02013343
0.02010772
0.02011342
0.02012092
0.02017602
0.02025586
0.02043459
0.02170679
0.02133494
0.02097562
0.02062820
0.02029209
0.01996677
0.01965171
0.01960552
0.01960666
0.01960779
0.01960892
0.01961005
0.01961118
0.01961231
0.01961519
0.01961990
0.01962462
0.01962934
0.01963405
0.01963887
0.01964591
0.01965295
0.01966000
0.01966705
0.01967410
0.01968116
0.01968823
0.01969531
0.01970238
0.01970945
0.01971645
0.01972346
0.01973047
0.01973748
0.01974451
0.01975154
0.01975857
0.01976561
0.01977265
0.01977975
0.01979350
0.01980727
0.01982106
0.01983471
0.01984834
0.01986199
0.01987565
0.01989630
0.01992172
0.01994721
0.01997276
0.01999837
0.02002405
0.02004953
0.02007483
0.02010019
0.02012561
0.02015110
0.02017665
0.02021409
0.02025175
0.02028945
0.02032661
0.02036390
0.02040614
0.02048609
0.02056666
0.02064787
0.02072803
0.02080808
0.02090894
0.02063442
0.02053320
0.02043454
0.02036788
0.02032264
0.02028303
0.02024994
0.02021697
0.02018410
0.02015134
0.02011868
0.02008613
0.02005369
0.02002135
0.01998916
0.01995712
0.01992518
0.01989953
0.01987898
0.01986704
0.01985512
0.01984320
0.01983131
0.01981942
0.01980755
0.01979570
0.01978386
0.01977203
0.01976022
0.01974842
0.01973663
0.01972486
0.01971311
0.01970137
0.01968964
0.01967792
0.01966622
0.01965993
0.01965466
0.01964939
0.01964412
0.01963886
0.01963359
0.01962833
0.01962307
0.01961782
0.01961257
0.01960732
0.01960207
0.01959683
0.01959159
0.01958635
0.01958112
0.01957588
0.01957065
0.01956545
0.01956024
0.01955457
0.01955196
0.01955279
0.01955362
0.01955445
0.01955529
0.01955612
0.01975271
0.02006812
0.02039377
0.02073016
0.02107787
0.02143740
0.02180942
0.02035294
0.02021382
0.02015505
0.02011461
0.02010853
0.02010830
0.02014366
0.02017918
0.02022438
0.02027814
0.02032913
0.02037912
0.02042935
0.02047984
0.02053057
0.02058155
0.02063280
0.05195072
0.05195072
0.05195072
0.05195072
0.05195072
0.05195072
0.05195072
0.05195072
0.05195072
0.05195072
0.05195072
0.05195072
0.05195072
0.05195072
0.05195072
0.05195072
0.05195072
0.05195072
0.05195072
0.05195072
0.05195072
0.05195072
0.05195072
0.05195072
0.05195072
0.05195072
0.05195072
0.05195072
0.05195072
0.05195072
0.05195072
0.05195072
0.05195072
0.05195072
0.05195072
0.05195072
0.05195072
0.05195072
0.05195072
0.05195072
0.05195072
0.05195072
0.05195072
0.05195072
0.05195072
0.05195072
0.05195072
0.05195072
0.05195072
0.05195072
0.05195072
0.05195072
0.05195072
0.05195072
0.05195072
0.05195072
0.05195072
0.05195072
0.05195072
0.05195072
0.05195072
0.05195072
0.05195072
0.05195072
0.05195072
0.05195072
0.05195072
0.05195072
0.05195072
0.05195072
0.05195072
0.05195072
0.05195072
0.05195072
0.05195072
0.05195072
0.05195072
0.05195072
0.05195072
0.05195072
0.02061645
0.02056429
0.02051240
0.02046077
0.02040940
0.02035829
0.02030743
0.02025683
0.02020648
0.02016319
0.02013051
0.02010459
0.02011033
0.02011718
0.02017226
0.02024988
0.02042093
0.02170679
0.02133494
0.02097562
0.02062820
0.02029209
0.01996677
0.01965171
0.01955480
0.01955593
0.01955705
0.01955818
0.01955931
0.01956043
0.01956156
0.01956268
0.01956381
0.01956494
0.01956716
0.01957185
0.01957654
0.01958318
0.01959017
0.01959718
0.01960419
0.01961120
0.01961822
0.01962524
0.01963227
0.01963930
0.01964633
0.01965338
0.01966043
0.01966743
0.01967440
0.01968138
0.01968836
0.01969535
0.01970234
0.01970934
0.01971634
0.01972883
0.01974251
0.01975621
0.01976993
0.01978366
0.01979729
0.01981087
0.01982446
0.01983808
0.01985171
0.01986536
0.01987903
0.01990354
0.01992898
0.01995448
0.01998003
0.02000515
0.02003034
0.02005558
0.02008682
0.02012401
0.02016134
0.02019880
0.02023622
0.02027319
0.02031029
0.02034752
0.02038489
0.02045368
0.02053400
0.02061325
0.02037062
0.02032537
0.02028032
0.02023547
0.02019082
0.02015767
0.02012499
0.02009242
0.02005995
0.02002760
0.01999534
0.01996318
0.01993114
0.01989919
0.01987284
0.01985569
0.01983858
0.01982606
0.01981416
0.01980227
0.01979039
0.01977853
0.01976668
0.01975485
0.01974305
0.01973128
0.01971951
0.01970776
0.01969603
0.01968430
0.01967259
0.01966090
0.01964922
0.01963756
0.01962590
0.01961426
0.01960285
0.01959760
0.01959236
0.01958712
0.01958189
0.01957666
0.01957143
0.01956620
0.01956098
0.01955575
0.01955054
0.01954532
0.01954011
0.01953490
0.01952969
0.01952595
0.01952410
0.01952226
0.01952042
0.01951857
0.01951673
0.01951360
0.01950951
0.01950543
0.01950622
0.01950704
0.01950786
0.01950869
0.01975271
0.02006812
0.02039377
0.02073016
0.02107787
0.02143740
0.02180942
0.02034704
0.02020822
0.02015124
0.02011147
0.02010538
0.02010538
0.02014076
0.02017627
0.02022135
0.02027188
0.02032159
0.02037155
0.02304726
0.02360515
0.02419072
0.02480608
0.05136618
0.05136618
0.05136618
0.05136618
0.05136618
0.05136618
0.05136618
0.05136618
0.05136618
0.05136618
0.05136618
0.05136618
0.05136618
0.05136618
0.05136618
0.05136618
0.05136618
0.05136618
0.05136618
0.05136618
0.05136618
0.05136618
0.05136618
0.05136618
0.05136618
0.05136618
0.05136618
0.05136618
0.05136618
0.05136618
0.05136618
0.05136618
0.05136618
0.05136618
0.05136618
0.05136618
0.05136618
0.05136618
0.05136618
0.05136618
0.05136618
0.05136618
0.05136618
0.05136618
0.05136618
0.05136618
0.05136618
0.05136618
0.05136618
0.05136618
0.05136618
0.05136618
0.05136618
0.05136618
0.05136618
0.05136618
0.05136618
0.05136618
0.05136618
0.05136618
0.05136618
0.05136618
0.05136618
0.05136618
0.05136618
0.05136618
0.05136618
0.05136618
0.05136618
0.05136618
0.05136618
0.05136618
0.05136618
0.05136618
0.05136618
0.05136618
0.05136618
0.05136618
0.05136618
0.05136618
0.05136618
0.02532285
0.02467457
0.02405865
0.02347273
0.02291465
0.02035465
0.02030381
0.02025322
0.02020289
0.02016027
0.02012759
0.02010146
0.02010724
0.02011344
0.02016852
0.02024392
0.02040729
0.02170679
0.02133494
0.02097562
0.02062819
0.02029209
0.01996677
0.01965171
0.01950490
0.01950599
0.01950707
0.01950816
0.01950924
0.01951033
0.01951142
0.01951250
0.01951359
0.01951548
0.01951778
0.01952008
0.01952239
0.01952481
0.01952781
0.01953477
0.01954173
0.01954869
0.01955567
0.01956264
0.01956963
0.01957661
0.01958361
0.01959061
0.01959761
0.01960462
0.01961163
0.01961865
0.01962559
0.01963254
0.01963948
0.01964644
0.01965339
0.01966459
0.01967818
0.01969179
0.01970541
0.01971906
0.01973273
0.01974641
0.01976001
0.01977354
0.01978708
0.01980065
0.01981422
0.01982783
0.01984144
0.01985508
0.01986874
0.01988539
0.01991078
0.01993596
0.01996114
0.01999787
0.02003473
0.02007173
0.02010886
0.02014613
0.02018327
0.02022005
0.02025695
0.02029399
0.02033116
0.02036848
0.02023818
0.02019351
0.02014905
0.02010478
0.02006623
0.02003385
0.02000158
0.01996940
0.01993733
0.01990537
0.01987565
0.01985850
0.01984138
0.01982430
0.01980724
0.01979021
0.01977356
0.01976172
0.01974989
0.01973807
0.01972627
0.01971449
0.01970272
0.01969096
0.01967922
0.01966749
0.01965578
0.01964407
0.01963238
0.01962071
0.01960905
0.01959741
0.01958578
0.01957416
0.01956258
0.01955102
0.01954088
0.01953567
0.01953046
0.01952586
0.01952401
0.01952217
0.01952032
0.01951848
0.01951664
0.01951480
0.01951295
0.01951111
0.01950927
0.01950743
0.01950559
0.01950375
0.01950191
0.01950007
0.01949823
0.01949639
0.01949455
0.01949133
0.01948725
0.01948318
0.01947910
0.01947503
0.01947096
0.01946769
0.01975271
0.02006812
0.02039377
0.02073016
0.02107787
0.02143740
0.02180942
0.02096888
0.02096212
0.02095513
0.02010832
0.02010225
0.02010248
0.02096354
0.02099930
0.02109572
0.02145417
0.02201906
0.02252840
0.02306154
0.02362013
0.02420645
0.02482263
0.05079466
0.05079466
0.05079466
0.05079466
0.05079466
0.05079466
0.05079466
0.05079466
0.05079466
0.05079466
0.05079466
0.05079466
0.05079466
0.05079466
0.05079466
0.05079466
0.05079466
0.05079466
0.05079466
0.05079466
0.05079466
0.05079466
0.05079466
0.05079466
0.05079466
0.05079466
0.05079466
0.05079466
0.05079466
0.05079466
0.05079466
0.05079466
0.05079466
0.05079466
0.05079466
0.05079466
0.05079466
0.05079466
0.05079466
0.05079466
0.05079466
0.05079466
0.05079466
0.05079466
0.05079466
0.05079466
0.05079466
0.05079466
0.05079466
0.05079466
0.05079466
0.05079466
0.05079466
0.05079466
0.05079466
0.05079466
0.05079466
0.05079466
0.05079466
0.05079466
0.05079466
0.05079466
0.05079466
0.05079466
0.05079466
0.05079466
0.05079466
0.05079466
0.05079466
0.05079466
0.05079466
0.05079466
0.05079466
0.05079466
0.05079466
0.05079466
0.05079466
0.05079466
0.05079466
0.05079466
0.05079466
0.02534030
0.02469113
0.02407440
0.02348772
0.02292892
0.02239657
0.02188866
0.02127338
0.02106528
0.02099055
0.02012468
0.02009833
0.02010415
0.02011023
0.02095825
0.02096149
0.02209184
0.02170679
0.02133494
0.02097562
0.02062820
0.02029209
0.01996677
0.01965171
0.01947422
0.01947500
0.01947721
0.01947951
0.01948180
0.01948410
0.01948640
0.01948869
0.01949099
0.01949329
0.01949559
0.01949789
0.01950019
0.01950261
0.01950509
0.01950757
0.01951003
0.01951247
0.01951491
0.01951735
0.01951980
0.01952224
0.01952468
0.01952823
0.01953519
0.01954215
0.01954912
0.01955609
0.01956307
0.01957005
0.01957702
0.01958393
0.01959084
0.01960076
0.01961426
0.01962778
0.01964132
0.01965488
0.01966845
0.01968205
0.01969566
0.01970930
0.01972288
0.01973635
0.01974984
0.01976335
0.01977688
0.01979043
0.01980400
0.01981759
0.01983119
0.01984481
0.01985845
0.01987543
0.01990970
0.01994624
0.01998291
0.02001971
0.02005665
0.02009373
0.02013060
0.02016718
0.02020389
0.02024074
0.02010745
0.02006336
0.02001946
0.01997576
0.01994353
0.01991154
0.01987966
0.01986132
0.01984419
0.01982710
0.01981004
0.01979300
0.01977599
0.01975902
0.01974207
0.01972515
0.01970955
0.01969778
0.01968603
0.01967429
0.01966257
0.01965086
0.01963916
0.01962748
0.01961582
0.01960416
0.01959252
0.01958090
0.01956929
0.01955769
0.01954610
0.01953453
0.01952484
0.01952079
0.01951674
0.01951270
0.01950923
0.01950738
0.01950552
0.01950367
0.01950182
0.01949998
0.01949814
0.01949630
0.01949446
0.01949262
0.01949079
0.01948895
0.01948711
0.01948527
0.01948344
0.01948160
0.01947977
0.01947793
0.01947610
0.01947426
0.01947243
0.01946911
0.01946504
0.01946098
0.01945691
0.01945285
0.01945147
0.01945091
0.01975271
0.02006812
0.02039377
0.02073016
0.02107787
0.02143740
0.02180942
0.02100324
0.02100328
0.02100125
0.02099568
0.02099616
0.02099664
0.02100429
0.02104377
0.02115565
0.02154472
0.02203211
0.02254207
0.02307584
0.02363513
0.02422220
0.02483919
0.05023571
0.05023571
0.05023571
0.05023571
0.05023571
0.05023571
0.05023571
0.05023571
0.05023571
0.05023571
0.05023571
0.05023571
0.05023571
0.05023571
0.05023571
0.05023571
0.05023571
0.05023571
0.05023571
0.05023571
0.05023571
0.05023571
0.05023571
0.05023571
0.05023571
0.05023571
0.05023571
0.05023571
0.05023571
0.05023571
0.05023571
0.05023571
0.05023571
0.05023571
0.05023571
0.05023571
0.05023571
0.05023571
0.05023571
0.05023571
0.05023571
0.05023571
0.05023571
0.05023571
0.05023571
0.05023571
0.05023571
0.05023571
0.05023571
0.05023571
0.05023571
0.05023571
0.05023571
0.05023571
0.05023571
0.05023571
0.05023571
0.05023571
0.05023571
0.05023571
0.05023571
0.05023571
0.05023571
0.05023571
0.05023571
0.05023571
0.05023571
0.05023571
0.05023571
0.05023571
0.05023571
0.05023571
0.05023571
0.05023571
0.05023571
0.05023571
0.05023571
0.05023571
0.05023571
0.05023571
0.05023571
0.02535777
0.02470771
0.02409016
0.02350273
0.02294320
0.02241014
0.02190163
0.02141567
0.02111853
0.02103063
0.02099698
0.02099650
0.02099602
0.02099636
0.02100456
0.02100741
0.02209184
0.02170679
0.02133494
0.02097562
0.02062820
0.02029209
0.01996677
0.01965171
0.01945587
0.01945665
0.01945744
0.01945822
0.01945969
0.01946198
0.01946427
0.01946657
0.01946886
0.01947115
0.01947345
0.01947574
0.01947804
0.01948045
0.01948293
0.01948540
0.01948788
0.01949036
0.01949283
0.01949527
0.01949770
0.01950014
0.01950258
0.01950502
0.01950746
0.01950989
0.01951234
0.01951478
0.01951722
0.01951966
0.01952211
0.01952455
0.01952866
0.01953734
0.01955076
0.01956419
0.01957764
0.01959111
0.01960460
0.01961810
0.01963163
0.01964518
0.01965874
0.01967232
0.01968587
0.01969930
0.01971274
0.01972620
0.01973968
0.01975318
0.01976670
0.01978023
0.01979378
0.01980968
0.01982892
0.01984804
0.01986713
0.01989487
0.01993135
0.01996797
0.02000472
0.02004161
0.02007820
0.02011459
0.01997839
0.01993487
0.01989153
0.01986413
0.01984700
0.01982990
0.01981283
0.01979579
0.01977878
0.01976180
0.01974485
0.01972792
0.01971103
0.01969416
0.01967733
0.01966052
0.01964595
0.01963426
0.01962258
0.01961092
0.01959928
0.01958764
0.01957602
0.01956441
0.01955283
0.01954124
0.01952968
0.01952297
0.01951892
0.01951488
0.01951084
0.01950680
0.01950276
0.01949872
0.01949468
0.01949065
0.01948715
0.01948530
0.01948345
0.01948159
0.01947974
0.01947789
0.01947604
0.01947419
0.01947234
0.01947050
0.01946867
0.01946683
0.01946500
0.01946317
0.01946133
0.01945950
0.01945767
0.01945584
0.01945401
0.01945218
0.01945035
0.01944694
0.01944289
0.01943883
0.01943584
0.01943528
0.01943472
0.01944706
0.01975271
0.02006812
0.02039377
0.02073016
0.02107787
0.02143740
0.02180942
0.02102646
0.02102620
0.02102595
0.02102573
0.02102581
0.02102588
0.02103028
0.02106928
0.02118720
0.02155722
0.02204519
0.02255575
0.02309014
0.02365015
0.02423798
0.02485578
0.04968892
0.04968892
0.04968892
0.04968892
0.04968892
0.04968892
0.04968892
0.04968892
0.04968892
0.04968892
0.04968892
0.04968892
0.04968892
0.04968892
0.04968892
0.04968892
0.04968892
0.04968892
0.04968892
0.04968892
0.04968892
0.04968892
0.04968892
0.04968892
0.04968892
0.04968892
0.04968892
0.04968892
0.04968892
0.04968892
0.04968892
0.04968892
0.04968892
0.04968892
0.04968892
0.04968892
0.04968892
0.04968892
0.04968892
0.04968892
0.04968892
0.04968892
0.04968892
0.04968892
0.04968892
0.04968892
0.04968892
0.04968892
0.04968892
0.04968892
0.04968892
0.04968892
0.04968892
0.04968892
0.04968892
0.04968892
0.04968892
0.04968892
0.04968892
0.04968892
0.04968892
0.04968892
0.04968892
0.04968892
0.04968892
0.04968892
0.04968892
0.04968892
0.04968892
0.04968892
0.04968892
0.04968892
0.04968892
0.04968892
0.04968892
0.04968892
0.04968892
0.04968892
0.04968892
0.04968892
0.04968892
0.02537526
0.02472433
0.02410595
0.02351775
0.02295751
0.02242373
0.02191461
0.02142808
0.02114241
0.02105401
0.02102593
0.02102586
0.02102579
0.02102577
0.02102602
0.02102628
0.02209183
0.02170679
0.02133494
0.02097561
0.02062820
0.02029209
0.01996677
0.01965171
0.01943756
0.01943834
0.01943913
0.01943991
0.01944069
0.01944147
0.01944226
0.01944449
0.01944678
0.01944907
0.01945136
0.01945364
0.01945593
0.01945834
0.01946081
0.01946328
0.01946575
0.01946822
0.01947069
0.01947317
0.01947564
0.01947809
0.01948052
0.01948296
0.01948539
0.01948782
0.01949026
0.01949270
0.01949513
0.01949757
0.01950001
0.01950245
0.01950489
0.01950794
0.01951259
0.01951723
0.01952186
0.01952775
0.01954116
0.01955458
0.01956801
0.01958147
0.01959495
0.01960844
0.01962195
0.01963549
0.01964901
0.01966239
0.01967578
0.01968919
0.01970262
0.01971606
0.01972953
0.01974431
0.01976342
0.01978256
0.01980172
0.01982073
0.01983976
0.01985884
0.01988006
0.01991649
0.01995305
0.01998975
0.01986277
0.01984021
0.01981770
0.01979880
0.01978175
0.01976473
0.01974773
0.01973076
0.01971383
0.01969693
0.01968009
0.01966327
0.01964649
0.01962973
0.01961301
0.01959631
0.01958276
0.01957115
0.01955955
0.01954796
0.01953639
0.01952514
0.01952110
0.01951705
0.01951301
0.01950897
0.01950493
0.01950089
0.01949685
0.01949282
0.01948879
0.01948475
0.01948072
0.01947669
0.01947266
0.01946864
0.01946512
0.01946327
0.01946142
0.01945958
0.01945773
0.01945588
0.01945403
0.01945219
0.01945034
0.01944850
0.01944666
0.01944481
0.01944297
0.01944112
0.01943928
0.01943746
0.01943563
0.01943380
0.01943197
0.01943015
0.01942832
0.01942483
0.01942078
0.01941968
0.01941912
0.01941855
0.01941800
0.01944705
0.01975271
0.02006812
0.02039377
0.02073016
0.02107787
0.02143740
0.02180942
0.02103326
0.02103301
0.02103275
0.02103254
0.02103261
0.02103268
0.02103746
0.02107702
0.02119663
0.02156974
0.02205827
0.02256945
0.02310446
0.02366519
0.02425377
0.02487239
0.04915392
0.04915392
0.04915392
0.04915392
0.04915392
0.04915392
0.04915392
0.04915392
0.04915392
0.04915392
0.04915392
0.04915392
0.04915392
0.04915392
0.04915392
0.04915392
0.04915392
0.04915392
0.04915392
0.04915392
0.04915392
0.04915392
0.04915392
0.04915392
0.04915392
0.04915392
0.04915392
0.04915392
0.04915392
0.04915392
0.04915392
0.04915392
0.04915392
0.04915392
0.04915392
0.04915392
0.04915392
0.04915392
0.04915392
0.04915392
0.04915392
0.04915392
0.04915392
0.04915392
0.04915392
0.04915392
0.04915392
0.04915392
0.04915392
0.04915392
0.04915392
0.04915392
0.04915392
0.04915392
0.04915392
0.04915392
0.04915392
0.04915392
0.04915392
0.04915392
0.04915392
0.04915392
0.04915392
0.04915392
0.04915392
0.04915392
0.04915392
0.04915392
0.04915392
0.04915392
0.04915392
0.04915392
0.04915392
0.04915392
0.04915392
0.04915392
0.04915392
0.04915392
0.04915392
0.04915392
0.04915392
0.04915392
0.02474095
0.02412176
0.02353279
0.02297183
0.02243734
0.02192760
0.02144051
0.02115037
0.02106116
0.02103273
0.02103266
0.02103259
0.02103257
0.02103283
0.02103308
0.02209183
0.02170679
0.02133494
0.02097562
0.02062819
0.02029209
0.01996677
0.01965171
0.01941928
0.01942006
0.01942084
0.01942163
0.01942241
0.01942319
0.01942397
0.01942475
0.01942554
0.01942703
0.01942931
0.01943160
0.01943388
0.01943628
0.01943874
0.01944121
0.01944367
0.01944614
0.01944861
0.01945107
0.01945354
0.01945601
0.01945848
0.01946094
0.01946337
0.01946580
0.01946823
0.01947066
0.01947309
0.01947553
0.01947796
0.01948039
0.01948282
0.01948595
0.01949058
0.01949522
0.01949986
0.01950450
0.01950913
0.01951376
0.01951840
0.01952304
0.01953157
0.01954498
0.01955840
0.01957184
0.01958530
0.01959879
0.01961228
0.01962561
0.01963896
0.01965231
0.01966569
0.01967937
0.01969835
0.01971737
0.01973642
0.01975552
0.01977454
0.01979349
0.01981247
0.01983150
0.01985055
0.01986965
0.01979647
0.01977406
0.01975170
0.01973391
0.01971697
0.01970006
0.01968317
0.01966632
0.01964950
0.01963270
0.01961593
0.01959919
0.01958247
0.01956579
0.01954914
0.01953252
0.01952328
0.01951923
0.01951519
0.01951114
0.01950710
0.01950306
0.01949903
0.01949499
0.01949096
0.01948692
0.01948289
0.01947886
0.01947483
0.01947081
0.01946678
0.01946276
0.01945874
0.01945472
0.01945070
0.01944669
0.01944313
0.01944129
0.01943945
0.01943761
0.01943576
0.01943392
0.01943208
0.01943023
0.01942839
0.01942655
0.01942471
0.01942287
0.01942103
0.01941920
0.01941735
0.01941551
0.01941367
0.01941184
0.01941000
0.01940816
0.01940634
0.01940411
0.01940354
0.01940298
0.01940242
0.01940186
0.01940130
0.01944705
0.01975271
0.02006812
0.02039377
0.02073016
0.02107787
0.02143740
0.02180942
0.02104007
0.02103981
0.02103956
0.02103935
0.02103942
0.02103950
0.02104465
0.02108476
0.02120608
0.02158227
0.02207138
0.02258317
0.02311880
0.02368024
0.02426959
0.02488902
0.04863029
0.04863029
0.04863029
0.04863029
0.04863029
0.04863029
0.04863029
0.04863029
0.04863029
0.04863029
0.04863029
0.04863029
0.04863029
0.04863029
0.04863029
0.04863029
0.04863029
0.04863029
0.04863029
0.04863029
0.04863029
0.04863029
0.04863029
0.04863029
0.04863029
0.04863029
0.04863029
0.04863029
0.04863029
0.04863029
0.04863029
0.04863029
0.04863029
0.04863029
0.04863029
0.04863029
0.04863029
0.04863029
0.04863029
0.04863029
0.04863029
0.04863029
0.04863029
0.04863029
0.04863029
0.04863029
0.04863029
0.04863029
0.04863029
0.04863029
0.04863029
0.04863029
0.04863029
0.04863029
0.04863029
0.04863029
0.04863029
0.04863029
0.04863029
0.04863029
0.04863029
0.04863029
0.04863029
0.04863029
0.04863029
0.04863029
0.04863029
0.04863029
0.04863029
0.04863029
0.04863029
0.04863029
0.04863029
0.04863029
0.04863029
0.04863029
0.04863029
0.04863029
0.04863029
0.04863029
0.04863029
0.04863029
0.02475761
0.02413759
0.02354786
0.02298618
0.02245096
0.02194061
0.02145295
0.02115833
0.02106831
0.02103954
0.02103947
0.02103940
0.02103939
0.02103963
0.02103989
0.02209184
0.02170679
0.02133494
0.02097562
0.02062819
0.02029209
0.01996677
0.01965171
0.01940104
0.01940182
0.01940260
0.01940338
0.01940416
0.01940494
0.01940572
0.01940650
0.01940728
0.01940806
0.01940884
0.01940962
0.01941188
0.01941426
0.01941673
0.01941918
0.01942164
0.01942411
0.01942657
0.01942903
0.01943149
0.01943395
0.01943642
0.01943888
0.01944135
0.01944381
0.01944626
0.01944868
0.01945111
0.01945353
0.01945596
0.01945839
0.01946082
0.01946401
0.01946864
0.01947326
0.01947789
0.01948252
0.01948716
0.01949179
0.01949641
0.01950104
0.01950567
0.01951030
0.01951494
0.01951957
0.01952421
0.01953538
0.01954879
0.01956222
0.01957567
0.01958898
0.01960227
0.01961558
0.01963372
0.01965261
0.01967154
0.01969051
0.01970951
0.01972855
0.01974743
0.01976633
0.01978526
0.01980423
0.01973061
0.01970835
0.01968631
0.01966945
0.01965262
0.01963581
0.01961904
0.01960229
0.01958558
0.01956889
0.01955223
0.01953560
0.01952279
0.01951710
0.01951141
0.01950572
0.01950126
0.01949722
0.01949317
0.01948913
0.01948510
0.01948106
0.01947702
0.01947299
0.01946896
0.01946493
0.01946090
0.01945688
0.01945286
0.01944884
0.01944483
0.01944081
0.01943680
0.01943279
0.01942878
0.01942478
0.01942120
0.01941936
0.01941752
0.01941568
0.01941384
0.01941200
0.01941017
0.01940833
0.01940649
0.01940466
0.01940282
0.01940098
0.01940004
0.01940004
0.01940004
0.01940004
0.01940004
0.01940004
0.01940004
0.01940004
0.01940004
0.01940004
0.01940004
0.01940004
0.01940004
0.01940004
0.01940004
0.01944705
0.01975271
0.02006812
0.02039377
0.02073016
0.02107787
0.02143740
0.02180942
0.02104688
0.02104663
0.02104637
0.02104617
0.02104624
0.02104631
0.02105185
0.02109252
0.02121553
0.02159481
0.02208450
0.02259690
0.02313316
0.02369532
0.02428543
0.02490568
0.04811773
0.04811773
0.04811773
0.04811773
0.04811773
0.04811773
0.04811773
0.04811773
0.04811773
0.04811773
0.04811773
0.04811773
0.04811773
0.04811773
0.04811773
0.04811773
0.04811773
0.04811773
0.04811773
0.04811773
0.04811773
0.04811773
0.04811773
0.04811773
0.04811773
0.04811773
0.04811773
0.04811773
0.04811773
0.04811773
0.04811773
0.04811773
0.04811773
0.04811773
0.04811773
0.04811773
0.04811773
0.04811773
0.04811773
0.04811773
0.04811773
0.04811773
0.04811773
0.04811773
0.04811773
0.04811773
0.04811773
0.04811773
0.04811773
0.04811773
0.04811773
0.04811773
0.04811773
0.04811773
0.04811773
0.04811773
0.04811773
0.04811773
0.04811773
0.04811773
0.04811773
0.04811773
0.04811773
0.04811773
0.04811773
0.04811773
0.04811773
0.04811773
0.04811773
0.04811773
0.04811773
0.04811773
0.04811773
0.04811773
0.04811773
0.04811773
0.04811773
0.04811773
0.04811773
0.04811773
0.04811773
0.04811773
0.02477428
0.02415343
0.02356294
0.02300054
0.02246461
0.02195364
0.02146540
0.02116630
0.02107547
0.02104636
0.02104629
0.02104622
0.02104621
0.02104644
0.02104670
0.02209184
0.02170679
0.02133494
0.02097562
0.02062819
0.02029209
0.01996677
0.01965171
0.01940004
0.01940004
0.01940004
0.01940004
0.01940004
0.01940004
0.01940004
0.01940004
0.01940004
0.01940004
0.01940004
0.01940004
0.01940004
0.01940004
0.01940004
0.01940004
0.01940004
0.01940212
0.01940458
0.01940703
0.01940949
0.01941195
0.01941440
0.01941686
0.01941933
0.01942178
0.01942425
0.01942671
0.01942917
0.01943159
0.01943401
0.01943643
0.01943885
0.01944212
0.01944674
0.01945135
0.01945597
0.01946059
0.01946521
0.01946984
0.01947447
0.01947909
0.01948371
0.01948833
0.01949296
0.01949758
0.01950221
0.01950684
0.01951147
0.01951611
0.01952074
0.01952580
0.01953920
0.01955248
0.01956950
0.01958827
0.01960708
0.01962592
0.01964479
0.01966371
0.01968266
0.01970159
0.01972039
0.01973924
0.01966519
0.01964308
0.01962216
0.01960540
0.01958868
0.01957199
0.01955532
0.01953869
0.01952367
0.01951798
0.01951229
0.01950660
0.01950092
0.01949524
0.01948956
0.01948388
0.01947930
0.01947527
0.01947123
0.01946720
0.01946317
0.01945915
0.01945512
0.01945109
0.01944707
0.01944305
0.01943903
0.01943501
0.01943099
0.01942698
0.01942297
0.01941895
0.01941495
0.01941094
0.01940693
0.01940292
0.01940004
0.01940004
0.01940004
0.01940004
0.01940004
0.01940004
0.01940004
0.01940004
0.01940004
0.01940004
0.01940004
0.01940004
0.01940004
0.01940004
0.01940004
0.01940004
0.01940004
0.01940004
0.01940004
0.01940004
0.01940004
0.01940004
0.01940004
0.01940004
0.01940004
0.01940004
0.01940004
0.01944705
0.01975271
0.02006812
0.02039377
0.02073016
0.02107787
0.02143740
0.02180942
0.02105370
0.02105344
0.02105319
0.02105300
0.02105306
0.02105313
0.02105904
0.02110028
0.02122499
0.02160737
0.02209763
0.02261066
0.02314753
0.02371041
0.02430128
0.02492236
0.04761586
0.04761586
0.04761586
0.04761586
0.04761586
0.04761586
0.04761586
0.04761586
0.04761586
0.04761586
0.04761586
0.04761586
0.04761586
0.04761586
0.04761586
0.04761586
0.04761586
0.04761586
0.04761586
0.04761586
0.04761586
0.04761586
0.04761586
0.04761586
0.04761586
0.04761586
0.04761586
0.04761586
0.04761586
0.04761586
0.04761586
0.04761586
0.04761586
0.04761586
0.04761586
0.04761586
0.04761586
0.04761586
0.04761586
0.04761586
0.04761586
0.04761586
0.04761586
0.04761586
0.04761586
0.04761586
0.04761586
0.04761586
0.04761586
0.04761586
0.04761586
0.04761586
0.04761586
0.04761586
0.04761586
0.04761586
0.04761586
0.04761586
0.04761586
0.04761586
0.04761586
0.04761586
0.04761586
0.04761586
0.04761586
0.04761586
0.04761586
0.04761586
0.04761586
0.04761586
0.04761586
0.04761586
0.04761586
0.04761586
0.04761586
0.04761586
0.04761586
0.04761586
0.04761586
0.04761586
0.04761586
0.04761586
0.02479098
0.02416930
0.02357805
0.02301492
0.02247826
0.02196668
0.02147787
0.02117428
0.02108264
0.02105318
0.02105311
0.02105304
0.02105304
0.02105326
0.02105352
0.02209184
0.02170679
0.02133494
0.02097562
0.02062819
0.02029209
0.01996677
0.01965167
0.01940004
0.01940004
0.01940004
0.01940004
0.01940004
0.01940004
0.01940004
0.01940004
0.01940004
0.01940004
0.01940004
0.01940004
0.01940004
0.01940004
0.01940004
0.01940004
0.01940004
0.01940004
0.01940004
0.01940004
0.01940004
0.01940004
0.01940004
0.01940004
0.01940004
0.01940004
0.01940226
0.01940471
0.01940717
0.01940963
0.01941209
0.01941452
0.01941694
0.01942028
0.01942489
0.01942949
0.01943410
0.01943871
0.01944333
0.01944794
0.01945256
0.01945717
0.01946180
0.01946642
0.01947103
0.01947564
0.01948026
0.01948488
0.01948950
0.01949412
0.01949875
0.01950338
0.01950801
0.01951264
0.01951839
0.01952467
0.01954304
0.01956175
0.01958051
0.01959930
0.01961813
0.01963699
0.01965589
0.01967468
0.01960020
0.01957823
0.01955841
0.01954177
0.01952516
0.01951885
0.01951316
0.01950748
0.01950179
0.01949611
0.01949043
0.01948476
0.01947909
0.01947342
0.01946776
0.01946209
0.01945739
0.01945337
0.01944934
0.01944532
0.01944130
0.01943728
0.01943326
0.01942925
0.01942523
0.01942122
0.01941721
0.01941320
0.01940919
0.01940519
0.01940118
0.01940004
0.01940004
0.01940004
0.01940004
0.01940004
0.01940004
0.01940004
0.01940004
0.01940004
0.01940004
0.01940004
0.01940004
0.01940004
0.01940004
0.01940004
0.01940004
0.01940004
0.01940004
0.01940004
0.01940004
0.01940004
0.01940004
0.01940004
0.01940004
0.01940004
0.01940004
0.01940004
0.01940004
0.01940004
0.01940004
0.01940004
0.01940004
0.01944705
0.01975271
0.02006812
0.02039377
0.02073016
0.02107787
0.02143740
0.02180942
0.02106052
0.02106027
0.02106001
0.02105983
0.02105988
0.02105995
0.02106624
0.02110804
0.02123446
0.02161994
0.02211078
0.02262440
0.02316193
0.02372552
0.02431716
0.02493905
0.04712433
0.04712433
0.04712433
0.04712433
0.04712433
0.04712433
0.04712433
0.04712433
0.04712433
0.04712433
0.04712433
0.04712433
0.04712433
0.04712433
0.04712433
0.04712433
0.04712433
0.04712433
0.04712433
0.04712433
0.04712433
0.04712433
0.04712433
0.04712433
0.04712433
0.04712433
0.04712433
0.04712433
0.04712433
0.04712433
0.04712433
0.04712433
0.04712433
0.04712433
0.04712433
0.04712433
0.04712433
0.04712433
0.04712433
0.04712433
0.04712433
0.04712433
0.04712433
0.04712433
0.04712433
0.04712433
0.04712433
0.04712433
0.04712433
0.04712433
0.04712433
0.04712433
0.04712433
0.04712433
0.04712433
0.04712433
0.04712433
0.04712433
0.04712433
0.04712433
0.04712433
0.04712433
0.04712433
0.04712433
0.04712433
0.04712433
0.04712433
0.04712433
0.04712433
0.04712433
0.04712433
0.04712433
0.04712433
0.04712433
0.04712433
0.04712433
0.04712433
0.04712433
0.04712433
0.04712433
0.04712433
0.04712433
0.02480770
0.02418519
0.02359317
0.02302931
0.02249193
0.02197974
0.02149036
0.02118227
0.02108981
0.02106001
0.02105994
0.02105986
0.02105987
0.02106008
0.02106033
0.02209184
0.02170679
0.02133494
0.02097562
0.02062819
0.02029209
0.01996677
0.01965167
0.01940004
0.01940004
0.01940004
0.01940004
0.01940004
0.01940004
0.01940004
0.01940004
0.01940004
0.01940004
0.01940004
0.01940004
0.01940004
0.01940004
0.01940004
0.01940004
0.01940004
0.01940004
0.01940004
0.01940004
0.01940004
0.01940004
0.01940004
0.01940004
0.01940004
0.01940004
0.01940004
0.01940004
0.01940004
0.01940004
0.01940004
0.01940003
0.01940003
0.01940003
0.01940308
0.01940768
0.01941228
0.01941688
0.01942148
0.01942608
0.01943069
0.01943530
0.01943991
0.01944452
0.01944914
0.01945375
0.01945836
0.01946297
0.01946758
0.01947219
0.01947681
0.01948143
0.01948605
0.01949067
0.01949657
0.01950294
0.01950926
0.01951552
0.01952178
0.01953531
0.01955402
0.01957275
0.01959153
0.01961034
0.01953581
0.01952060
0.01951406
0.01950836
0.01950266
0.01949698
0.01949131
0.01948563
0.01947996
0.01947429
0.01946863
0.01946297
0.01945731
0.01945165
0.01944600
0.01944035
0.01943553
0.01943151
0.01942750
0.01942349
0.01941947
0.01941547
0.01941146
0.01940745
0.01940344
0.01940004
0.01940004
0.01940004
0.01940004
0.01940004
0.01940004
0.01940004
0.01940004
0.01940004
0.01940004
0.01940004
0.01940004
0.01940004
0.01940004
0.01940004
0.01940004
0.01940004
0.01940004
0.01940004
0.01940004
0.01940004
0.01940004
0.01940004
0.01940004
0.01940004
0.01940004
0.01940004
0.01940004
0.01940004
0.01940004
0.01940004
0.01940004
0.01940004
0.01940004
0.01940004
0.01940004
0.01940004
0.01940004
0.01944705
0.01975271
0.02006812
0.02039377
0.02073016
0.02107787
0.02143740
0.02180942
0.02106735
0.02106709
0.02106683
0.02106667
0.02106671
0.02106678
0.02107345
0.02111581
0.02124394
0.02163253
0.02212394
0.02263815
0.02317634
0.02374066
0.02433306
0.02495578
0.04664285
0.04664285
0.04664285
0.04664285
0.04664285
0.04664285
0.04664285
0.04664285
0.04664285
0.04664285
0.04664285
0.04664285
0.04664285
0.04664285
0.04664285
0.04664285
0.04664285
0.04664285
0.04664285
0.04664285
0.04664285
0.04664285
0.04664285
0.04664285
0.04664285
0.04664285
0.04664285
0.04664285
0.04664285
0.04664285
0.04664285
0.04664285
0.04664285
0.04664285
0.04664285
0.04664285
0.04664285
0.04664285
0.04664285
0.04664285
0.04664285
0.04664285
0.04664285
0.04664285
0.04664285
0.04664285
0.04664285
0.04664285
0.04664285
0.04664285
0.04664285
0.04664285
0.04664285
0.04664285
0.04664285
0.04664285
0.04664285
0.04664285
0.04664285
0.04664285
0.04664285
0.04664285
0.04664285
0.04664285
0.04664285
0.04664285
0.04664285
0.04664285
0.04664285
0.04664285
0.04664285
0.04664285
0.04664285
0.04664285
0.04664285
0.04664285
0.04664285
0.04664285
0.04664285
0.04664285
0.04664285
0.04664285
0.02482444
0.02420111
0.02360831
0.02304373
0.02250562
0.02199281
0.02150285
0.02119025
0.02109698
0.02106684
0.02106676
0.02106669
0.02106670
0.02106691
0.02106716
0.02209184
0.02170679
0.02133494
0.02097562
0.02062819
0.02029209
0.01996673
0.01965167
0.01940004
0.01940004
0.01940004
0.01940004
0.01940004
0.01940004
0.01940004
0.01940004
0.01940004
0.01940004
0.01940004
0.01940004
0.01940004
0.01940004
0.01940004
0.01940004
0.01940004
0.01940004
0.01940004
0.01940004
0.01940004
0.01940003
0.01940003
0.01940003
0.01940003
0.01940003
0.01940003
0.01940003
0.01940003
0.01940003
0.01940003
0.01940003
0.01940003
0.01940003
0.01940003
0.01940003
0.01940003
0.01940003
0.01940003
0.01940428
0.01940887
0.01941347
0.01941808
0.01942268
0.01942728
0.01943189
0.01943650
0.01944111
0.01944571
0.01945031
0.01945492
0.01945952
0.01946414
0.01946875
0.01947480
0.01948116
0.01948752
0.01949388
0.01950013
0.01950639
0.01951265
0.01951891
0.01952759
0.01954628
0.01950635
0.01949902
0.01949231
0.01948662
0.01948093
0.01947525
0.01946957
0.01946389
0.01945822
0.01945255
0.01944689
0.01944122
0.01943558
0.01942994
0.01942430
0.01941866
0.01941372
0.01940971
0.01940571
0.01940170
0.01940004
0.01940004
0.01940004
0.01940004
0.01940004
0.01940004
0.01940004
0.01940004
0.01940004
0.01940004
0.01940004
0.01940004
0.01940004
0.01940004
0.01940004
0.01940004
0.01940004
0.01940004
0.01940004
0.01940004
0.01940004
0.01940004
0.02765523
0.02766372
0.02767221
0.02768071
0.01940004
0.01940004
0.01940004
0.01940004
0.01940004
0.01940004
0.01940004
0.01940004
0.01940004
0.01940004
0.01940004
0.01940004
0.01940004
0.01940004
0.01940004
0.01940004
0.01940004
0.01944705
0.01975271
0.02006812
0.02039377
0.02073016
0.02107787
0.02143740
0.02180942
0.02107418
0.02107392
0.02107366
0.02107351
0.02107354
0.02107362
0.02108066
0.02112359
0.02125343
0.02164513
0.02213712
0.02265191
0.02319077
0.02375581
0.02434898
0.02497252
0.04617111
0.04617111
0.04617111
0.04617111
0.04617111
0.04617111
0.04617111
0.04617111
0.04617111
0.04617111
0.04617111
0.04617111
0.04617111
0.04617111
0.04617111
0.04617111
0.04617111
0.04617111
0.04617111
0.04617111
0.04617111
0.04617111
0.04617111
0.04617111
0.04617111
0.04617111
0.04617111
0.04617111
0.04617111
0.04617111
0.04617111
0.04617111
0.04617111
0.04617111
0.04617111
0.04617111
0.04617111
0.04617111
0.04617111
0.04617111
0.04617111
0.04617111
0.04617111
0.04617111
0.04617111
0.04617111
0.04617111
0.04617111
0.04617111
0.04617111
0.04617111
0.04617111
0.04617111
0.04617111
0.04617111
0.04617111
0.04617111
0.04617111
0.04617111
0.04617111
0.04617111
0.04617111
0.04617111
0.04617111
0.04617111
0.04617111
0.04617111
0.04617111
0.04617111
0.04617111
0.04617111
0.04617111
0.04617111
0.04617111
0.04617111
0.04617111
0.04617111
0.04617111
0.04617111
0.04617111
0.04617111
0.04617111
0.02484120
0.02421704
0.02362347
0.02305816
0.02251933
0.02200590
0.02151536
0.02119824
0.02110416
0.02107367
0.02107359
0.02107352
0.02107355
0.02107373
0.02107399
0.02209184
0.02170679
0.02133494
0.02097561
0.02062819
0.02029209
0.01996673
0.01965167
0.01940004
0.01940004
0.01940004
0.01940004
0.01940004
0.01940004
0.01940004
0.01940004
0.01940004
0.01940004
0.01940004
0.01940004
0.01940004
0.01940004
0.01940004
0.01940004
0.01940004
0.01940004
0.02767961
0.02767112
0.02766263
0.02765414
0.02764567
0.02763719
0.01940003
0.01940003
0.01940003
0.01940003
0.01940003
0.01940003
0.01940003
0.01940003
0.01940003
0.01940003
0.01940003
0.01940003
0.01940003
0.01940003
0.01940003
0.01940003
0.01940003
0.01940003
0.01940003
0.01940088
0.01940548
0.01941007
0.01941467
0.01941927
0.01942388
0.01942848
0.01943307
0.01943767
0.01944227
0.01944687
0.01945307
0.01945941
0.01946576
0.01947211
0.01947847
0.01948477
0.01949102
0.01949726
0.01950351
0.01950977
0.01948479
0.01947748
0.01947060
0.01946493
0.01945925
0.01945358
0.01944791
0.01944225
0.01943659
0.01943093
0.01942528
0.01941963
0.01941398
0.01940834
0.01940269
0.01940004
0.01940004
0.01940004
0.01940004
0.01940004
0.01940004
0.01940004
0.01940004
0.01940004
0.01940004
0.01940004
0.01940004
0.01940004
0.01940004
0.01940004
0.01940004
0.01940004
0.01940004
0.01940004
0.01940004
0.01940004
0.01940004
0.02761319
0.02762159
0.02763000
0.02763842
0.02764684
0.02765526
0.02766372
0.02767221
0.02768070
0.01940004
0.01940004
0.01940004
0.01940004
0.01940004
0.01940004
0.01940004
0.01940004
0.01940004
0.01940004
0.01940004
0.01940004
0.01940004
0.01940004
0.01940004
0.01940004
0.01940004
0.01944705
0.01975271
0.02006812
0.02039377
0.02073019
0.02107787
0.02143740
0.02180942
0.02108101
0.02108075
0.02108050
0.02108036
0.02108038
0.02108045
0.02108788
0.02113137
0.02126292
0.02165775
0.02215032
0.02266570
0.02320522
0.02377099
0.02436492
0.02498929
0.04570883
0.04570883
0.04570883
0.04570883
0.04570883
0.04570883
0.04570883
0.04570883
0.04570883
0.04570883
0.04570883
0.04570883
0.04570883
0.04570883
0.04570883
0.04570883
0.04570883
0.04570883
0.04570883
0.04570883
0.04570883
0.04570883
0.04570883
0.04570883
0.04570883
0.04570883
0.04570883
0.04570883
0.04570883
0.04570883
0.04570883
0.04570883
0.04570883
0.04570883
0.04570883
0.04570883
0.04570883
0.04570883
0.04570883
0.04570883
0.04570883
0.04570883
0.04570883
0.04570883
0.04570883
0.04570883
0.04570883
0.04570883
0.04570883
0.04570883
0.04570883
0.04570883
0.04570883
0.04570883
0.04570883
0.04570883
0.04570883
0.04570883
0.04570883
0.04570883
0.04570883
0.04570883
0.04570883
0.04570883
0.04570883
0.04570883
0.04570883
0.04570883
0.04570883
0.04570883
0.04570883
0.04570883
0.04570883
0.04570883
0.04570883
0.04570883
0.04570883
0.04570883
0.04570883
0.04570883
0.04570883
0.04570883
0.02485798
0.02423299
0.02363866
0.02307261
0.02253306
0.02201900
0.02152789
0.02120625
0.02111135
0.02108051
0.02108043
0.02108036
0.02108040
0.02108057
0.02108082
0.02209184
0.02170679
0.02133494
0.02097561
0.02062819
0.02029206
0.01996673
0.01965167
0.01940004
0.01940004
0.01940004
0.01940004
0.01940004
0.01940004
0.01940004
0.01940004
0.01940004
0.01940004
0.01940004
0.01940004
0.01940004
0.01940004
0.01940004
0.01940004
0.01940004
0.01940004
0.02767960
0.02767111
0.02766262
0.02765414
0.02764565
0.02763718
0.02762871
0.02762025
0.02761184
0.02760344
0.02759504
0.02758665
0.01940004
0.01940004
0.01940004
0.01940004
0.01940004
0.01940004
0.01940003
0.01940003
0.01940003
0.01940003
0.01940003
0.01940003
0.01940003
0.01940003
0.01940003
0.01940003
0.01940003
0.01940003
0.01940208
0.01940667
0.01941127
0.01941586
0.01942046
0.01942506
0.01943139
0.01943772
0.01944406
0.01945040
0.01945674
0.01946308
0.01946943
0.01947566
0.01948190
0.01948814
0.01946329
0.01945599
0.01944895
0.01944328
0.01943762
0.01943196
0.01942631
0.01942066
0.01941500
0.01940936
0.01940372
0.01940004
0.01940004
0.01940004
0.01940004
0.01940004
0.01940004
0.01940004
0.01940004
0.01940004
0.01940004
0.01940004
0.01940004
0.01940004
0.01940004
0.01940004
0.01940004
0.01940004
0.01940004
0.01940004
0.01940004
0.02756270
0.02757111
0.02757952
0.02758793
0.02759635
0.02760478
0.02761321
0.02762163
0.02763004
0.02763845
0.02764688
0.02765530
0.02766373
0.02767221
0.02768070
0.01940004
0.01940004
0.01940004
0.01940004
0.01940004
0.01940004
0.01940004
0.01940004
0.01940004
0.01940004
0.01940004
0.01940004
0.01940004
0.01940004
0.01940004
0.01940004
0.01940004
0.01944705
0.01975271
0.02006812
0.02039377
0.02073019
0.02107787
0.02143740
0.02180942
0.02108785
0.02108759
0.02108734
0.02108721
0.02108722
0.02108729
0.02109510
0.02113916
0.02127243
0.02167038
0.02216353
0.02267949
0.02321968
0.02378618
0.02438088
0.02500608
0.04525570
0.04525571
0.04525571
0.04525571
0.04525571
0.04525571
0.04525571
0.04525571
0.04525571
0.04525571
0.04525571
0.04525571
0.04525571
0.04525571
0.04525571
0.04525571
0.04525571
0.04525571
0.04525571
0.04525571
0.04525571
0.04525571
0.04525571
0.04525571
0.04525571
0.04525571
0.04525571
0.04525571
0.04525571
0.04525571
0.04525571
0.04525571
0.04525571
0.04525571
0.04525571
0.04525571
0.04525571
0.04525571
0.04525571
0.04525571
0.04525571
0.04525571
0.04525571
0.04525571
0.04525571
0.04525571
0.04525571
0.04525571
0.04525571
0.04525571
0.04525571
0.04525571
0.04525571
0.04525571
0.04525571
0.04525571
0.04525571
0.04525571
0.04525571
0.04525571
0.04525571
0.04525571
0.04525571
0.04525571
0.04525571
0.04525571
0.04525571
0.04525571
0.04525571
0.04525571
0.04525571
0.04525571
0.04525571
0.04525571
0.04525571
0.04525571
0.04525571
0.04525571
0.04525571
0.04525571
0.04525571
0.04525571
0.02487479
0.02424897
0.02365385
0.02308708
0.02254684
0.02203213
0.02154043
0.02121425
0.02111854
0.02108735
0.02108728
0.02108720
0.02108725
0.02108740
0.02108766
0.02209184
0.02170679
0.02133494
0.02097561
0.02062819
0.02029206
0.01996673
0.01965167
0.01940004
0.01940004
0.01940004
0.01940004
0.01940004
0.01940004
0.01940004
0.01940004
0.01940004
0.01940004
0.01940004
0.01940004
0.01940004
0.01940004
0.01940004
0.01940004
0.01940004
0.01940004
0.02767959
0.02767110
0.02766261
0.02765413
0.02764564
0.02763717
0.02762870
0.02762029
0.02761187
0.02760347
0.02759507
0.02758668
0.02757829
0.02756991
0.02756153
0.02755311
0.01940004
0.01940004
0.01940004
0.01940004
0.01940004
0.01940004
0.01940004
0.01940004
0.01940004
0.01940004
0.01940004
0.01940004
0.01940004
0.01940004
0.01940004
0.01940004
0.01940004
0.01940003
0.01940003
0.01940345
0.01940976
0.01941608
0.01942240
0.01942872
0.01943505
0.01944139
0.01944773
0.01945406
0.01946034
0.01946656
0.01944183
0.01943455
0.01942734
0.01942169
0.01941603
0.01941039
0.01940475
0.01940004
0.01940004
0.01940004
0.01940004
0.01940004
0.01940004
0.01940004
0.01940004
0.01940004
0.01940004
0.01940004
0.01940004
0.01940004
0.01940004
0.01940004
0.01940004
0.01940004
0.01940004
0.01940004
0.02752078
0.02752915
0.02753753
0.02754593
0.02755432
0.02756272
0.02757112
0.02757953
0.02758794
0.02759636
0.02760479
0.02761322
0.02762165
0.02763008
0.02763849
0.02764691
0.02765534
0.02766377
0.02767220
0.02768070
0.01940004
0.01940004
0.01940004
0.01940004
0.01940004
0.01940004
0.01940004
0.01940004
0.01940004
0.01940004
0.01940004
0.01940004
0.01940004
0.01940004
0.01940004
0.01940004
0.01940004
0.01944705
0.01975271
0.02006812
0.02039377
0.02073019
0.02107787
0.02143740
0.02180942
0.02109469
0.02109443
0.02109420
0.02109407
0.02109407
0.02109414
0.02110233
0.02114695
0.02128194
0.02168302
0.02217676
0.02269331
0.02323416
0.02380139
0.02439686
0.02502289
0.04481148
0.04481148
0.04481148
0.04481148
0.04481148
0.04481148
0.04481148
0.04481148
0.04481148
0.04481148
0.04481148
0.04481148
0.04481148
0.04481148
0.04481148
0.04481148
0.04481148
0.04481148
0.04481148
0.04481148
0.04481148
0.04481148
0.04481148
0.04481148
0.04481148
0.04481148
0.04481148
0.04481148
0.04481148
0.04481148
0.04481148
0.04481148
0.04481148
0.04481148
0.04481148
0.04481148
0.04481148
0.04481148
0.04481148
0.04481148
0.04481148
0.04481148
0.04481148
0.04481148
0.04481148
0.04481148
0.04481148
0.04481148
0.04481148
0.04481148
0.04481148
0.04481148
0.04481148
0.04481148
0.04481148
0.04481148
0.04481148
0.04481148
0.04481148
0.04481148
0.04481148
0.04481148
0.04481148
0.04481148
0.04481148
0.04481148
0.04481148
0.04481148
0.04481148
0.04481148
0.04481148
0.04481148
0.04481148
0.04481148
0.04481148
0.04481148
0.04481148
0.04481148
0.04481148
0.04481148
0.04481148
0.04481148
0.02489162
0.02426496
0.02366905
0.02310156
0.02256066
0.02204526
0.02155299
0.02122227
0.02112573
0.02109420
0.02109412
0.02109405
0.02109410
0.02109425
0.02109450
0.02209184
0.02170679
0.02133494
0.02097562
0.02062820
0.02029206
0.01996673
0.01965167
0.01940004
0.01940004
0.01940004
0.01940004
0.01940004
0.01940004
0.01940004
0.01940004
0.01940004
0.01940004
0.01940004
0.01940004
0.01940004
0.01940004
0.01940004
0.01940004
0.01940004
0.01940004
0.02767958
0.02767109
0.02766260
0.02765412
0.02764564
0.02763716
0.02762873
0.02762032
0.02761191
0.02760351
0.02759510
0.02758671
0.02757832
0.02756994
0.02756151
0.02755310
0.02754469
0.02753629
0.02752789
0.02751950
0.02751112
0.01940004
0.01940004
0.01940004
0.01940004
0.01940004
0.01940004
0.01940004
0.01940004
0.01940004
0.01940004
0.01940004
0.01940004
0.01940004
0.01940004
0.01940004
0.01940004
0.01940004
0.01940079
0.01940710
0.01941342
0.01941974
0.01942606
0.01943238
0.01943872
0.01944504
0.01942042
0.01941315
0.01940590
0.01940014
0.01940004
0.01940004
0.01940004
0.01940004
0.01940004
0.01940004
0.01940004
0.01940004
0.01940004
0.01940004
0.01940004
0.01940004
0.01940004
0.01940004
0.01940004
0.01940004
0.02747058
0.02747894
0.02748731
0.02749567
0.02750404
0.02751241
0.02752079
0.02752916
0.02753754
0.02754593
0.02755433
0.02756273
0.02757113
0.02757954
0.02758795
0.02759637
0.02760480
0.02761323
0.02762166
0.02763011
0.02763852
0.02764695
0.02765537
0.02766381
0.02767224
0.02768070
0.01940004
0.01940004
0.01940004
0.01940004
0.01940004
0.01940004
0.01940004
0.01940004
0.01940004
0.01940004
0.01940004
0.01940004
0.01940004
0.01940004
0.01940004
0.01940004
0.01940004
0.01944705
0.01975271
0.02006812
0.02039377
0.02073019
0.02107787
0.02143740
0.02180942
0.02110154
0.02110128
0.02110106
0.02110093
0.02110092
0.02110099
0.02110956
0.02115475
0.02129146
0.02169568
0.02219000
0.02270715
0.02324866
0.02381662
0.02441286
0.02503973
0.04437587
0.04437587
0.04437587
0.04437587
0.04437587
0.04437587
0.04437587
0.04437587
0.04437587
0.04437587
0.04437589
0.04437589
0.04437589
0.04437589
0.04437589
0.04437589
0.04437589
0.04437589
0.04437589
0.04437589
0.04437589
0.04437589
0.04437589
0.04437589
0.04437589
0.04437589
0.04437589
0.04437589
0.04437589
0.04437589
0.04437589
0.04437589
0.04437589
0.04437589
0.04437589
0.04437589
0.04437589
0.04437589
0.04437589
0.04437589
0.04437589
0.04437589
0.04437589
0.04437589
0.04437589
0.04437589
0.04437589
0.04437589
0.04437589
0.04437589
0.04437589
0.04437589
0.04437589
0.04437589
0.04437589
0.04437589
0.04437589
0.04437589
0.04437589
0.04437589
0.04437589
0.04437589
0.04437589
0.04437589
0.04437589
0.04437589
0.04437589
0.04437589
0.04437589
0.04437589
0.04437589
0.04437589
0.04437589
0.04437589
0.04437589
0.04437589
0.04437589
0.04437589
0.04437589
0.04437589
0.04437589
0.04437589
0.02490848
0.02428098
0.02368428
0.02311607
0.02257449
0.02205841
0.02156556
0.02123028
0.02113293
0.02110105
0.02110097
0.02110090
0.02110096
0.02110110
0.02110135
0.02209184
0.02170679
0.02133494
0.02097562
0.02062815
0.02029206
0.01996673
0.01965167
0.01940004
0.01940004
0.01940004
0.01940004
0.01940004
0.01940004
0.01940004
0.01940004
0.01940004
0.01940004
0.01940004
0.01940004
0.01940004
0.01940004
0.01940004
0.01940004
0.01940004
0.01940004
0.02767958
0.02767108
0.02766259
0.02765411
0.02764563
0.02763718
0.02762877
0.02762035
0.02761194
0.02760354
0.02759514
0.02758675
0.02757835
0.02756992
0.02756150
0.02755309
0.02754468
0.02753628
0.02752788
0.02751950
0.02751113
0.02750276
0.02749440
0.02748605
0.02747770
0.01940004
0.01940004
0.01940004
0.01940004
0.01940004
0.01940004
0.01940004
0.01940004
0.01940004
0.01940004
0.01940004
0.01940004
0.01940004
0.01940004
0.01940004
0.01940004
0.01940004
0.01940444
0.01941075
0.01941707
0.01942339
0.01940004
0.01940004
0.01940004
0.01940004
0.01940004
0.01940004
0.01940004
0.01940004
0.01940004
0.01940004
0.01940004
0.01940004
0.01940004
0.01940004
0.01940004
0.02742885
0.02743719
0.02744552
0.02745387
0.02746222
0.02747058
0.02747893
0.02748730
0.02749567
0.02750404
0.02751242
0.02752079
0.02752917
0.02753756
0.02754594
0.02755433
0.02756274
0.02757114
0.02757955
0.02758796
0.02759639
0.02760481
0.02761324
0.02762167
0.02763011
0.02763856
0.02764698
0.02765541
0.02766384
0.02767228
0.02768072
0.01940004
0.01940004
0.01940004
0.01940004
0.01940004
0.01940004
0.01940004
0.01940004
0.01940004
0.01940004
0.01940004
0.01940004
0.01940004
0.01940004
0.01940004
0.01940004
0.01940004
0.01944705
0.01975271
0.02006812
0.02039377
0.02073019
0.02107787
0.02143740
0.02180942
0.02110839
0.02110813
0.02110793
0.02110779
0.02110777
0.02110785
0.02111680
0.02116255
0.02130098
0.02170836
0.02220327
0.02272100
0.02326318
0.02383187
0.02442889
0.02505658
0.04394868
0.04394868
0.04394868
0.04394868
0.04394868
0.04394868
0.04394868
0.04394868
0.04394868
0.04394868
0.04394868
0.04394868
0.04394868
0.04394868
0.04394868
0.04394868
0.04394868
0.04394868
0.04394868
0.04394868
0.04394868
0.04394868
0.04394868
0.04394868
0.04394868
0.04394868
0.04394868
0.04394868
0.04394868
0.04394868
0.04394868
0.04394868
0.04394868
0.04394868
0.04394868
0.04394868
0.04394868
0.04394868
0.04394868
0.04394868
0.04394868
0.04394868
0.04394868
0.04394868
0.04394868
0.04394868
0.04394868
0.04394868
0.04394868
0.04394868
0.04394868
0.04394868
0.04394868
0.04394868
0.04394868
0.04394868
0.04394868
0.04394868
0.04394868
0.04394868
0.04394868
0.04394868
0.04394868
0.04394868
0.04394868
0.04394868
0.04394868
0.04394868
0.04394868
0.04394868
0.04394868
0.04394868
0.04394868
0.04394868
0.04394868
0.04394868
0.04394868
0.04394868
0.04394868
0.04394868
0.04394868
0.04394868
0.02492536
0.02429702
0.02369952
0.02313059
0.02258834
0.02207158
0.02157814
0.02123831
0.02114014
0.02110793
0.02110783
0.02110775
0.02110782
0.02110796
0.02110820
0.02209184
0.02170679
0.02133494
0.02097562
0.02062815
0.02029206
0.01996673
0.01965167
0.01940004
0.01940004
0.01940004
0.01940004
0.01940004
0.01940004
0.01940004
0.01940004
0.01940004
0.01940004
0.01940004
0.01940004
0.01940004
0.01940004
0.01940004
0.01940004
0.01940004
0.01940004
0.02767957
0.02767107
0.02766258
0.02765410
0.02764564
0.02763722
0.02762880
0.02762038
0.02761198
0.02760357
0.02759517
0.02758677
0.02757834
0.02756991
0.02756149
0.02755308
0.02754467
0.02753627
0.02752788
0.02751951
0.02751114
0.02750277
0.02749441
0.02748606
0.02747771
0.02746936
0.02746102
0.02745269
0.02744435
0.01940004
0.01940004
0.01940004
0.01940004
0.01940004
0.01940004
0.01940004
0.01940004
0.01940004
0.01940004
0.01940004
0.01940004
0.01940004
0.01940004
0.01940004
0.01940004
0.01940178
0.01940004
0.01940004
0.01940004
0.01940004
0.01940004
0.01940004
0.01940004
0.01940004
0.01940004
0.01940004
0.02738724
0.02739556
0.02740387
0.02741219
0.02742052
0.02742885
0.02743718
0.02744552
0.02745386
0.02746222
0.02747057
0.02747893
0.02748729
0.02749566
0.02750404
0.02751241
0.02752080
0.02752918
0.02753756
0.02754595
0.02755434
0.02756275
0.02757115
0.02757956
0.02758797
0.02759639
0.02760482
0.02761325
0.02762168
0.02763012
0.02763857
0.02764702
0.02765545
0.02766388
0.02767231
0.02768075
0.01940004
0.01940004
0.01940004
0.01940004
0.01940004
0.01940004
0.01940004
0.01940004
0.01940004
0.01940004
0.01940004
0.01940004
0.01940004
0.01940004
0.01940004
0.01940004
0.01940004
0.01944705
0.01975271
0.02006812
0.02039377
0.02073019
0.02107787
0.02143740
0.02180942
0.02111525
0.02111499
0.02111479
0.02111466
0.02111463
0.02111471
0.02112404
0.02117036
0.02131052
0.02172105
0.02221654
0.02273487
0.02327772
0.02384713
0.02444493
0.02507346
0.04352963
0.04352963
0.04352963
0.04352963
0.04352963
0.04352963
0.04352963
0.04352963
0.04352963
0.04352963
0.04352963
0.04352963
0.04352963
0.04352963
0.04352963
0.04352963
0.04352963
0.04352963
0.04352963
0.04352963
0.04352963
0.04352963
0.04352963
0.04352963
0.04352963
0.04352963
0.04352963
0.04352963
0.04352963
0.04352963
0.04352963
0.04352963
0.04352963
0.04352963
0.04352963
0.04352963
0.04352963
0.04352963
0.04352963
0.04352963
0.04352963
0.04352963
0.04352963
0.04352963
0.04352963
0.04352963
0.04352963
0.04352963
0.04352963
0.04352963
0.04352963
0.04352963
0.04352963
0.04352963
0.04352963
0.04352963
0.04352963
0.04352963
0.04352963
0.04352963
0.04352963
0.04352963
0.04352963
0.04352963
0.04352963
0.04352963
0.04352963
0.04352963
0.04352963
0.04352963
0.04352963
0.04352963
0.04352963
0.04352963
0.04352963
0.04352963
0.04352963
0.04352963
0.04352963
0.04352963
0.04352963
0.04352963
0.02494226
0.02431308
0.02371479
0.02314514
0.02260221
0.02208476
0.02159074
0.02124739
0.02114735
0.02111516
0.02111469
0.02111462
0.02111469
0.02111483
0.02111506
0.02209184
0.02170679
0.02133494
0.02097558
0.02062815
0.02029206
0.01996673
0.01965167
0.01940004
0.01940004
0.01940004
0.01940004
0.01940004
0.01940004
0.01940004
0.01940004
0.01940004
0.01940004
0.01940004
0.01940004
0.01940004
0.01940004
0.01940004
0.01940004
0.01940004
0.01940004
0.02767956
0.02767107
0.02766257
0.02765411
0.02764567
0.02763725
0.02762883
0.02762042
0.02761201
0.02760360
0.02759519
0.02758675
0.02757833
0.02756990
0.02756148
0.02755307
0.02754466
0.02753628
0.02752790
0.02751953
0.02751115
0.02750279
0.02749442
0.02748607
0.02747772
0.02746937
0.02746103
0.02745270
0.02744437
0.02743604
0.02742772
0.02741941
0.02741109
0.02740279
0.01940004
0.01940004
0.01940004
0.01940004
0.01940004
0.01940004
0.01940004
0.01940004
0.01940004
0.01940004
0.01940004
0.01940004
0.01940004
0.01940004
0.01940004
0.01940004
0.01940004
0.01940004
0.01940004
0.02736231
0.02737061
0.02737891
0.02738722
0.02739554
0.02740386
0.02741218
0.02742051
0.02742885
0.02743718
0.02744552
0.02745386
0.02746221
0.02747057
0.02747892
0.02748729
0.02749566
0.02750403
0.02751241
0.02752079
0.02752918
0.02753757
0.02754596
0.02755436
0.02756276
0.02757116
0.02757957
0.02758799
0.02759640
0.02760483
0.02761326
0.02762169
0.02763013
0.02763858
0.02764703
0.02765548
0.02766392
0.02767235
0.02768079
0.01940004
0.01940004
0.01940004
0.01940004
0.01940004
0.01940004
0.01940004
0.01940004
0.01940004
0.01940004
0.01940004
0.01940004
0.01940004
0.01940004
0.01940004
0.01940004
0.01940004
0.01944705
0.01975271
0.02006812
0.02039377
0.02073019
0.02107787
0.02143740
0.02180942
0.02112211
0.02112185
0.02112167
0.02112153
0.02112150
0.02112157
0.02113128
0.02117818
0.02132007
0.02173375
0.02222983
0.02274875
0.02329228
0.02386241
0.02446100
0.02509037
0.04311849
0.04311849
0.04311849
0.04311849
0.04311849
0.04311849
0.04311849
0.04311849
0.04311849
0.04311849
0.04311849
0.04311849
0.04311849
0.04311849
0.04311849
0.04311849
0.04311849
0.04311849
0.04311849
0.04311849
0.04311849
0.04311849
0.04311849
0.04311849
0.04311849
0.04311849
0.04311849
0.04311849
0.04311849
0.04311849
0.04311849
0.04311849
0.04311849
0.04311849
0.04311849
0.04311849
0.04311849
0.04311849
0.04311849
0.04311849
0.04311849
0.04311849
0.04311849
0.04311849
0.04311849
0.04311849
0.04311849
0.04311849
0.04311849
0.04311849
0.04311849
0.04311849
0.04311849
0.04311849
0.04311849
0.04311849
0.04311849
0.04311849
0.04311849
0.04311849
0.04311849
0.04311849
0.04311849
0.04311849
0.04311849
0.04311849
0.04311849
0.04311849
0.04311849
0.04311849
0.04311849
0.04311849
0.04311849
0.04311849
0.04311849
0.04311849
0.04311849
0.04311849
0.04311849
0.04311849
0.04311849
0.04311849
0.02495918
0.02432916
0.02373007
0.02315969
0.02261610
0.02209796
0.02160336
0.02125686
0.02115456
0.02112240
0.02112155
0.02112148
0.02112157
0.02112170
0.02112192
0.02209183
0.02170679
0.02133494
0.02097558
0.02062815
0.02029206
0.01996673
0.01965167
0.01940004
0.01940004
0.01940004
0.01940004
0.01940004
0.01940004
0.01940004
0.01940004
0.01940004
0.01940004
0.01940004
0.01940004
0.01940004
0.01940004
0.01940004
0.01940004
0.01940004
0.01940004
0.02767955
0.02767106
0.02766258
0.02765414
0.02764571
0.02763729
0.02762886
0.02762045
0.02761204
0.02760362
0.02759518
0.02758675
0.02757832
0.02756989
0.02756147
0.02755307
0.02754468
0.02753629
0.02752791
0.02751953
0.02751116
0.02750280
0.02749444
0.02748608
0.02747773
0.02746938
0.02746104
0.02745271
0.02744438
0.02743605
0.02742773
0.02741942
0.02741111
0.02740279
0.02739445
0.02738611
0.02737778
0.02736946
0.01940004
0.01940004
0.01940004
0.01940004
0.01940004
0.01940004
0.01940004
0.01940004
0.01940004
0.01940004
0.01940004
0.01940004
0.02733753
0.02734578
0.02735405
0.02736232
0.02737059
0.02737889
0.02738721
0.02739552
0.02740384
0.02741216
0.02742050
0.02742883
0.02743717
0.02744552
0.02745386
0.02746221
0.02747056
0.02747892
0.02748728
0.02749565
0.02750403
0.02751241
0.02752079
0.02752918
0.02753757
0.02754597
0.02755436
0.02756276
0.02757117
0.02757958
0.02758799
0.02759641
0.02760484
0.02761327
0.02762170
0.02763014
0.02763859
0.02764704
0.02765550
0.02766395
0.02767239
0.02768083
0.01940004
0.01940004
0.01940004
0.01940004
0.01940004
0.01940004
0.01940004
0.01940004
0.01940004
0.01940004
0.01940004
0.01940004
0.01940004
0.01940004
0.01940004
0.01940004
0.01940004
0.01944705
0.01975271
0.02006812
0.02039377
0.02073019
0.02107787
0.02143741
0.02180942
0.02112897
0.02112871
0.02112854
0.02112841
0.02112836
0.02112844
0.02113854
0.02118600
0.02132963
0.02174647
0.02224314
0.02276265
0.02330685
0.02387770
0.02447709
0.02510730
0.04271503
0.04271503
0.04271503
0.04271503
0.04271503
0.04271503
0.04271503
0.04271503
0.04271503
0.04271503
0.04271503
0.04271503
0.04271503
0.04271503
0.04271503
0.04271503
0.04271503
0.04271503
0.04271503
0.04271503
0.04271503
0.04271504
0.04271504
0.04271504
0.04271504
0.04271504
0.04271504
0.04271504
0.04271504
0.04271503
0.04271503
0.04271503
0.04271503
0.04271503
0.04271503
0.04271503
0.04271504
0.04271504
0.04271504
0.04271504
0.04271504
0.04271504
0.04271504
0.04271504
0.04271504
0.04271504
0.04271504
0.04271504
0.04271504
0.04271504
0.04271504
0.04271504
0.04271504
0.04271504
0.04271504
0.04271504
0.04271504
0.04271504
0.04271504
0.04271504
0.04271504
0.04271504
0.04271504
0.04271504
0.04271504
0.04271504
0.04271504
0.04271504
0.04271504
0.04271504
0.04271504
0.04271504
0.04271504
0.04271504
0.04271504
0.04271504
0.04271504
0.04271504
0.04271504
0.04271504
0.04271504
0.04271504
0.02497613
0.02434526
0.02374538
0.02317427
0.02263000
0.02211118
0.02161599
0.02126634
0.02116178
0.02112964
0.02112842
0.02112835
0.02112844
0.02112858
0.02112878
0.02209183
0.02170679
0.02133490
0.02097558
0.02062815
0.02029206
0.01996673
0.01965167
0.01940004
0.01940004
0.01940004
0.01940004
0.01940004
0.01940004
0.01940004
0.01940004
0.01940004
0.01940004
0.01940004
0.01940004
0.01940004
0.01940004
0.01940004
0.01940004
0.01940004
0.01940004
0.02767954
0.02767105
0.02766261
0.02765417
0.02764574
0.02763732
0.02762890
0.02762049
0.02761205
0.02760361
0.02759517
0.02758674
0.02757831
0.02756988
0.02756148
0.02755308
0.02754469
0.02753630
0.02752792
0.02751955
0.02751117
0.02750281
0.02749445
0.02748609
0.02747774
0.02746940
0.02746106
0.02745272
0.02744439
0.02743607
0.02742774
0.02741943
0.02741108
0.02740273
0.02739439
0.02738606
0.02737772
0.02736940
0.02736108
0.02735279
0.02734449
0.02733620
0.01940004
0.01940004
0.01940004
0.01940004
0.01940004
0.02731282
0.02732105
0.02732931
0.02733756
0.02734582
0.02735408
0.02736235
0.02737063
0.02737891
0.02738719
0.02739551
0.02740383
0.02741215
0.02742048
0.02742882
0.02743716
0.02744550
0.02745385
0.02746220
0.02747055
0.02747891
0.02748728
0.02749565
0.02750402
0.02751241
0.02752079
0.02752917
0.02753757
0.02754597
0.02755437
0.02756277
0.02757118
0.02757959
0.02758800
0.02759642
0.02760485
0.02761328
0.02762171
0.02763015
0.02763860
0.02764705
0.02765551
0.02766397
0.02767242
0.02768087
0.01940004
0.01940004
0.01940004
0.01940004
0.01940004
0.01940004
0.01940004
0.01940004
0.01940004
0.01940004
0.01940004
0.01940004
0.01940004
0.01940004
0.01940004
0.01940004
0.01940004
0.01944705
0.01975271
0.02006812
0.02039377
0.02073019
0.02107787
0.02143741
0.02180942
0.02113584
0.02113558
0.02113542
0.02113529
0.02113524
0.02113531
0.02114579
0.02119383
0.02133919
0.02175921
0.02225646
0.02277657
0.02332144
0.02389301
0.02449320
0.02512425
0.04231906
0.04231906
0.04231906
0.04231906
0.04231906
0.04231906
0.04231906
0.04231906
0.04231906
0.04231906
0.04231906
0.04231906
0.04231906
0.04231906
0.04231906
0.04231906
0.04231906
0.04231906
0.04231906
0.04231906
0.04231906
0.04231907
0.04231907
0.04231907
0.04231907
0.04231907
0.04231907
0.04231907
0.04231907
0.04231907
0.04231907
0.04231907
0.04231907
0.04231907
0.04231907
0.04231907
0.04231907
0.04231907
0.04231907
0.04231907
0.04231907
0.04231907
0.04231907
0.04231907
0.04231907
0.04231907
0.04231907
0.04231907
0.04231907
0.04231907
0.04231907
0.04231907
0.04231907
0.04231907
0.04231907
0.04231907
0.04231907
0.04231907
0.04231907
0.04231907
0.04231907
0.04231907
0.04231907
0.04231907
0.04231907
0.04231907
0.04231907
0.04231907
0.04231907
0.04231907
0.04231907
0.04231907
0.04231907
0.04231907
0.04231907
0.04231907
0.04231907
0.04231907
0.04231907
0.04231907
0.04231907
0.04231907
0.02499310
0.02436138
0.02376070
0.02318887
0.02264391
0.02212441
0.02162863
0.02127583
0.02116900
0.02113689
0.02113529
0.02113522
0.02113532
0.02113546
0.02113565
0.02209184
0.02170679
0.02133490
0.02097558
0.02062815
0.02029206
0.01996673
0.01965167
0.01940004
0.01940004
0.01940004
0.01940004
0.01940004
0.01940004
0.01940004
0.01940004
0.01940004
0.01940004
0.01940004
0.01940004
0.01940004
0.01940004
0.01940004
0.01940004
0.01940004
0.01940004
0.02767953
0.02767108
0.02766264
0.02765420
0.02764577
0.02763735
0.02762893
0.02762049
0.02761205
0.02760360
0.02759516
0.02758672
0.02757830
0.02756988
0.02756148
0.02755309
0.02754470
0.02753631
0.02752793
0.02751956
0.02751119
0.02750282
0.02749446
0.02748610
0.02747775
0.02746941
0.02746106
0.02745273
0.02744440
0.02743608
0.02742772
0.02741936
0.02741101
0.02740267
0.02739432
0.02738599
0.02737767
0.02736936
0.02736106
0.02735275
0.02734446
0.02733617
0.02732788
0.02731960
0.02731133
0.02730305
0.02730461
0.02731285
0.02732109
0.02732934
0.02733759
0.02734586
0.02735412
0.02736239
0.02737066
0.02737894
0.02738723
0.02739551
0.02740381
0.02741214
0.02742047
0.02742880
0.02743714
0.02744548
0.02745383
0.02746219
0.02747055
0.02747891
0.02748727
0.02749564
0.02750402
0.02751240
0.02752079
0.02752917
0.02753756
0.02754596
0.02755437
0.02756278
0.02757119
0.02757960
0.02758801
0.02759643
0.02760486
0.02761329
0.02762172
0.02763017
0.02763861
0.02764706
0.02765552
0.02766398
0.02767244
0.02768090
0.01940004
0.01940004
0.01940004
0.01940004
0.01940004
0.01940004
0.01940004
0.01940004
0.01940004
0.01940004
0.01940004
0.01940004
0.01940004
0.01940004
0.01940004
0.01940004
0.01940004
0.01944705
0.01975271
0.02006812
0.02039377
0.02073019
0.02107787
0.02143741
0.02180942
0.02114271
0.02114245
0.02114231
0.02114218
0.02114212
0.02114219
0.02115306
0.02120166
0.02134876
0.02177196
0.02226980
0.02279050
0.02333605
0.02390835
0.02450933
0.02514121
0.04193037
0.04193037
0.04193037
0.04193037
0.04193037
0.04193037
0.04193037
0.04193037
0.04193037
0.04193037
0.04193037
0.04193037
0.04193037
0.04193037
0.04193037
0.04193037
0.04193037
0.04193037
0.04193037
0.04193037
0.04193037
0.04193037
0.04193037
0.04193037
0.04193037
0.04193037
0.04193037
0.04193037
0.04193037
0.04193037
0.04193037
0.04193037
0.04193037
0.04193037
0.04193037
0.04193037
0.04193037
0.04193037
0.04193037
0.04193037
0.04193037
0.04193037
0.04193037
0.04193037
0.04193037
0.04193037
0.04193037
0.04193037
0.04193037
0.04193037
0.04193037
0.04193037
0.04193037
0.04193037
0.04193037
0.04193037
0.04193037
0.04193037
0.04193037
0.04193037
0.04193037
0.04193037
0.04193037
0.04193037
0.04193037
0.04193037
0.04193037
0.04193037
0.04193037
0.04193037
0.04193037
0.04193037
0.04193037
0.04193037
0.04193037
0.04193037
0.04193037
0.04193037
0.04193037
0.04193037
0.04193037
0.04193037
0.02501009
0.02437752
0.02377605
0.02320348
0.02265785
0.02213765
0.02164129
0.02128533
0.02117623
0.02114415
0.02114217
0.02114210
0.02114221
0.02114235
0.02114253
0.02209184
0.02170675
0.02133490
0.02097558
0.02062815
0.02029206
0.01996673
0.01965167
0.01940004
0.01940004
0.01940004
0.01940004
0.01940004
0.01940004
0.01940004
0.01940004
0.01940004
0.01940004
0.01940004
0.01940004
0.01940004
0.01940004
0.01940004
0.01940004
0.01940004
0.01940004
0.02767956
0.02767111
0.02766267
0.02765424
0.02764581
0.02763738
0.02762894
0.02762049
0.02761204
0.02760359
0.02759515
0.02758672
0.02757831
0.02756990
0.02756150
0.02755310
0.02754471
0.02753632
0.02752794
0.02751957
0.02751120
0.02750283
0.02749447
0.02748612
0.02747777
0.02746942
0.02746108
0.02745274
0.02744439
0.02743602
0.02742766
0.02741930
0.02741095
0.02740261
0.02739427
0.02738595
0.02737764
0.02736933
0.02736102
0.02735272
0.02734442
0.02733613
0.02732784
0.02731956
0.02731129
0.02730302
0.02730465
0.02731288
0.02732113
0.02732938
0.02733763
0.02734589
0.02735415
0.02736242
0.02737070
0.02737898
0.02738726
0.02739555
0.02740385
0.02741214
0.02742045
0.02742879
0.02743712
0.02744547
0.02745382
0.02746218
0.02747054
0.02747890
0.02748727
0.02749564
0.02750401
0.02751239
0.02752078
0.02752917
0.02753756
0.02754596
0.02755436
0.02756277
0.02757119
0.02757961
0.02758802
0.02759644
0.02760487
0.02761330
0.02762173
0.02763017
0.02763862
0.02764707
0.02765553
0.02766399
0.02767245
0.02768093
0.01940004
0.01940004
0.01940004
0.01940004
0.01940004
0.01940004
0.01940004
0.01940004
0.01940004
0.01940004
0.01940004
0.01940004
0.01940004
0.01940004
0.01940004
0.01940004
0.01940004
0.01944705
0.01975271
0.02006812
0.02039377
0.02073019
0.02107787
0.02143741
0.02180942
0.02114959
0.02114934
0.02114921
0.02114907
0.02114900
0.02114907
0.02116032
0.02120950
0.02135834
0.02178472
0.02228316
0.02280445
0.02335068
0.02392371
0.02452547
0.02515821
0.04154876
0.04154876
0.04154876
0.04154876
0.04154876
0.04154876
0.04154876
0.04154876
0.04154876
0.04154876
0.04154876
0.04154876
0.04154876
0.04154876
0.04154876
0.04154876
0.04154876
0.04154876
0.04154876
0.04154876
0.04154876
0.04154876
0.04154876
0.04154876
0.04154876
0.04154876
0.04154876
0.04154876
0.04154876
0.04154876
0.04154876
0.04154876
0.04154876
0.04154876
0.04154876
0.04154876
0.04154876
0.04154876
0.04154876
0.04154876
0.04154876
0.04154876
0.04154876
0.04154876
0.04154876
0.04154876
0.04154876
0.04154876
0.04154876
0.04154876
0.04154876
0.04154876
0.04154876
0.04154876
0.04154876
0.04154876
0.04154876
0.04154876
0.04154876
0.04154876
0.04154876
0.04154876
0.04154876
0.04154876
0.04154876
0.04154876
0.04154876
0.04154876
0.04154876
0.04154876
0.04154876
0.04154876
0.04154876
0.04154876
0.04154876
0.04154876
0.04154876
0.04154876
0.04154876
0.04154876
0.04154876
0.04154876
0.02502711
0.02439369
0.02379141
0.02321812
0.02267180
0.02215092
0.02165396
0.02129483
0.02118346
0.02115140
0.02114905
0.02114898
0.02114910
0.02114924
0.02114941
0.02209184
0.02170675
0.02133490
0.02097558
0.02062815
0.02029206
0.01996673
0.01965167
0.01940004
0.01940004
0.01940004
0.01940004
0.01940004
0.01940004
0.01940004
0.01940004
0.01940004
0.01940004
0.01940004
0.01940004
0.01940004
0.01940004
0.01940004
0.01940004
0.01940004
0.01940004
0.02767959
0.02767114
0.02766271
0.02765427
0.02764584
0.02763739
0.02762893
0.02762047
0.02761202
0.02760358
0.02759515
0.02758673
0.02757832
0.02756991
0.02756151
0.02755311
0.02754472
0.02753633
0.02752795
0.02751958
0.02751121
0.02750284
0.02749448
0.02748613
0.02747777
0.02746943
0.02746107
0.02745270
0.02744432
0.02743596
0.02742760
0.02741924
0.02741090
0.02740257
0.02739424
0.02738592
0.02737761
0.02736930
0.02736099
0.02735268
0.02734439
0.02733610
0.02732781
0.02731953
0.02731126
0.02730299
0.02730468
0.02731292
0.02732116
0.02732941
0.02733767
0.02734593
0.02735419
0.02736246
0.02737074
0.02737901
0.02738729
0.02739559
0.02740388
0.02741218
0.02742048
0.02742879
0.02743711
0.02744545
0.02745381
0.02746216
0.02747052
0.02747889
0.02748725
0.02749563
0.02750400
0.02751239
0.02752077
0.02752916
0.02753756
0.02754595
0.02755436
0.02756277
0.02757118
0.02757960
0.02758803
0.02759645
0.02760488
0.02761331
0.02762175
0.02763018
0.02763863
0.02764708
0.02765554
0.02766399
0.02767246
0.02768094
0.01940004
0.01940004
0.01940004
0.01940004
0.01940004
0.01940004
0.01940004
0.01940004
0.01940004
0.01940004
0.01940004
0.01940004
0.01940004
0.01940004
0.01940004
0.01940004
0.01940004
0.01944706
0.01975271
0.02006812
0.02039377
0.02073019
0.02107787
0.02143741
0.02180942
0.02115647
0.02115623
0.02115610
0.02115597
0.02115589
0.02115596
0.02116759
0.02121734
0.02136793
0.02179750
0.02229653
0.02281843
0.02336533
0.02393908
0.02454165
0.02517523
0.04117402
0.04117402
0.04117402
0.04117402
0.04117402
0.04117402
0.04117402
0.04117402
0.04117402
0.04117402
0.04117402
0.04117402
0.04117402
0.04117402
0.04117402
0.04117402
0.04117402
0.04117402
0.04117402
0.04117402
0.04117402
0.04117402
0.04117402
0.04117402
0.04117402
0.04117402
0.04117402
0.04117402
0.04117402
0.04117402
0.04117402
0.04117402
0.04117402
0.04117402
0.04117402
0.04117402
0.04117402
0.04117402
0.04117402
0.04117402
0.04117402
0.04117402
0.04117402
0.04117402
0.04117402
0.04117402
0.04117402
0.04117402
0.04117402
0.04117402
0.04117402
0.04117402
0.04117402
0.04117402
0.04117402
0.04117402
0.04117402
0.04117402
0.04117402
0.04117402
0.04117402
0.04117402
0.04117402
0.04117402
0.04117402
0.04117402
0.04117402
0.04117402
0.04117402
0.04117402
0.04117402
0.04117402
0.04117402
0.04117402
0.04117402
0.04117402
0.04117402
0.04117402
0.04117402
0.04117402
0.04117402
0.04117402
0.02504415
0.02440988
0.02380680
0.02323277
0.02268577
0.02216419
0.02166665
0.02130435
0.02119070
0.02115867
0.02115594
0.02115587
0.02115600
0.02115613
0.02115629
0.02209179
0.02170675
0.02133490
0.02097558
0.02062815
0.02029206
0.01996673
0.01965167
0.01940004
0.01940004
0.01940004
0.01940004
0.01940004
0.01940004
0.01940004
0.01940004
0.01940004
0.01940004
0.01940004
0.01940004
0.01940004
0.01940004
0.01940004
0.01940004
0.01940004
0.01940004
0.02767962
0.02767118
0.02766274
0.02765431
0.02764585
0.02763738
0.02762892
0.02762046
0.02761201
0.02760358
0.02759516
0.02758674
0.02757833
0.02756992
0.02756152
0.02755312
0.02754473
0.02753635
0.02752797
0.02751959
0.02751122
0.02750286
0.02749449
0.02748614
0.02747777
0.02746939
0.02746101
0.02745263
0.02744426
0.02743589
0.02742754
0.02741920
0.02741087
0.02740254
0.02739421
0.02738589
0.02737757
0.02736926
0.02736095
0.02735265
0.02734436
0.02733607
0.02732778
0.02731949
0.02731122
0.02730295
0.02730472
0.02731296
0.02732120
0.02732945
0.02733770
0.02734596
0.02735422
0.02736250
0.02737077
0.02737905
0.02738733
0.02739562
0.02740392
0.02741222
0.02742052
0.02742883
0.02743714
0.02744547
0.02745379
0.02746215
0.02747051
0.02747887
0.02748724
0.02749562
0.02750400
0.02751238
0.02752077
0.02752915
0.02753755
0.02754595
0.02755435
0.02756276
0.02757118
0.02757960
0.02758802
0.02759645
0.02760489
0.02761332
0.02762175
0.02763019
0.02763863
0.02764709
0.02765555
0.02766400
0.02767247
0.02768094
0.01940004
0.01940004
0.01940004
0.01940004
0.01940004
0.01940004
0.01940004
0.01940004
0.01940004
0.01940004
0.01940004
0.01940004
0.01940004
0.01940004
0.01940004
0.01940004
0.01940004
0.01944706
0.01975271
0.02006812
0.02039377
0.02073019
0.02107787
0.02143741
0.02180942
0.02116337
0.02116313
0.02116300
0.02116287
0.02116278
0.02116285
0.02117487
0.02122520
0.02137753
0.02181030
0.02230990
0.02283241
0.02337999
0.02395448
0.02455784
0.02519227
0.04080598
0.04080598
0.04080598
0.04080598
0.04080598
0.04080598
0.04080598
0.04080598
0.04080598
0.04080598
0.04080598
0.04080598
0.04080598
0.04080598
0.04080598
0.04080598
0.04080598
0.04080598
0.04080598
0.04080598
0.04080598
0.04080598
0.04080598
0.04080598
0.04080598
0.04080598
0.04080598
0.04080598
0.04080598
0.04080598
0.04080598
0.04080598
0.04080598
0.04080598
0.04080598
0.04080598
0.04080598
0.04080598
0.04080598
0.04080598
0.04080598
0.04080598
0.04080598
0.04080598
0.04080598
0.04080598
0.04080598
0.04080598
0.04080598
0.04080598
0.04080598
0.04080598
0.04080598
0.04080598
0.04080598
0.04080598
0.04080598
0.04080598
0.04080598
0.04080598
0.04080598
0.04080598
0.04080598
0.04080598
0.04080598
0.04080598
0.04080598
0.04080598
0.04080598
0.04080598
0.04080598
0.04080598
0.04080598
0.04080598
0.04080598
0.04080598
0.04080598
0.04080598
0.04080598
0.04080598
0.04080598
0.04080598
0.02506121
0.02442609
0.02382220
0.02324744
0.02269976
0.02217749
0.02167935
0.02131387
0.02119795
0.02116593
0.02116283
0.02116276
0.02116290
0.02116304
0.02116317
0.02209179
0.02170675
0.02133490
0.02097558
0.02062815
0.02029206
0.01996673
0.01965167
0.01940004
0.01940004
0.01940004
0.01940004
0.01940004
0.01940004
0.01940004
0.01940004
0.01940004
0.01940004
0.01940004
0.01940004
0.01940004
0.01940004
0.01940004
0.01940004
0.01940004
0.01940004
0.02767966
0.02767121
0.02766277
0.02765431
0.02764584
0.02763737
0.02762891
0.02762045
0.02761202
0.02760359
0.02759517
0.02758675
0.02757834
0.02756993
0.02756153
0.02755313
0.02754474
0.02753635
0.02752797
0.02751960
0.02751123
0.02750287
0.02749450
0.02748610
0.02747772
0.02746933
0.02746095
0.02745257
0.02744421
0.02743586
0.02742751
0.02741917
0.02741084
0.02740250
0.02739418
0.02738585
0.02737754
0.02736923
0.02736092
0.02735262
0.02734432
0.02733603
0.02732774
0.02731946
0.02731119
0.02730293
0.02730476
0.02731299
0.02732123
0.02732949
0.02733774
0.02734599
0.02735426
0.02736253
0.02737080
0.02737908
0.02738737
0.02739566
0.02740395
0.02741225
0.02742056
0.02742886
0.02743718
0.02744550
0.02745382
0.02746215
0.02747049
0.02747885
0.02748722
0.02749560
0.02750398
0.02751237
0.02752076
0.02752915
0.02753755
0.02754594
0.02755435
0.02756276
0.02757118
0.02757959
0.02758802
0.02759645
0.02760489
0.02761333
0.02762176
0.02763020
0.02763865
0.02764710
0.02765555
0.02766402
0.02767248
0.02768095
0.01940004
0.01940004
0.01940004
0.01940004
0.01940004
0.01940004
0.01940004
0.01940004
0.01940004
0.01940004
0.01940004
0.01940004
0.01940004
0.01940004
0.01940004
0.01940004
0.01940004
0.01944706
0.01975271
0.02006812
0.02039377
0.02073019
0.02107787
0.02143741
0.02180942
0.02117026
0.02117004
0.02116991
0.02116977
0.02116967
0.02116974
0.02118215
0.02123305
0.02138713
0.02182311
0.02232327
0.02284641
0.02339467
0.02396989
0.02457406
0.02520933
0.04044446
0.04044446
0.04044446
0.04044446
0.04044446
0.04044446
0.04044446
0.04044446
0.04044446
0.04044446
0.04044446
0.04044446
0.04044446
0.04044446
0.04044446
0.04044446
0.04044446
0.04044446
0.04044446
0.04044446
0.04044446
0.04044447
0.04044447
0.04044447
0.04044447
0.04044447
0.04044447
0.04044447
0.04044447
0.04044447
0.04044447
0.04044447
0.04044447
0.04044447
0.04044447
0.04044447
0.04044447
0.04044447
0.04044447
0.04044447
0.04044447
0.04044447
0.04044447
0.04044447
0.04044447
0.04044447
0.04044447
0.04044447
0.04044447
0.04044447
0.04044447
0.04044447
0.04044447
0.04044447
0.04044447
0.04044447
0.04044447
0.04044447
0.04044447
0.04044447
0.04044447
0.04044447
0.04044447
0.04044447
0.04044447
0.04044447
0.04044447
0.04044447
0.04044447
0.04044447
0.04044447
0.04044447
0.04044447
0.04044447
0.04044447
0.04044447
0.04044447
0.04044447
0.04044447
0.04044447
0.04044447
0.04044447
0.02507829
0.02444232
0.02383762
0.02326212
0.02271377
0.02219080
0.02169207
0.02132341
0.02120533
0.02117321
0.02116973
0.02116967
0.02116980
0.02116994
0.02117007
0.02209179
0.02170675
0.02133490
0.02097558
0.02062815
0.02029206
0.01996673
0.01965167
0.01940004
0.01940004
0.01940004
0.01940004
0.01940004
0.01940004
0.01940004
0.01940004
0.01940004
0.01940004
0.01940004
0.01940004
0.01940004
0.01940004
0.01940004
0.01940004
0.01940004
0.01940004
0.02767969
0.02767125
0.02766277
0.02765430
0.02764582
0.02763736
0.02762890
0.02762046
0.02761203
0.02760361
0.02759518
0.02758676
0.02757835
0.02756995
0.02756154
0.02755315
0.02754476
0.02753637
0.02752799
0.02751962
0.02751124
0.02750284
0.02749444
0.02748604
0.02747765
0.02746926
0.02746090
0.02745254
0.02744418
0.02743583
0.02742748
0.02741914
0.02741080
0.02740247
0.02739414
0.02738582
0.02737750
0.02736920
0.02736089
0.02735258
0.02734429
0.02733600
0.02732771
0.02731946
0.02731122
0.02730297
0.02730479
0.02731303
0.02732126
0.02732952
0.02733777
0.02734603
0.02735429
0.02736256
0.02737084
0.02737912
0.02738740
0.02739569
0.02740399
0.02741229
0.02742059
0.02742890
0.02743722
0.02744553
0.02745386
0.02746219
0.02747052
0.02747886
0.02748721
0.02749559
0.02750397
0.02751235
0.02752074
0.02752913
0.02753754
0.02754594
0.02755434
0.02756275
0.02757117
0.02757959
0.02758802
0.02759645
0.02760489
0.02761332
0.02762177
0.02763021
0.02763866
0.02764711
0.02765556
0.02766402
0.02767249
0.02768096
0.01940004
0.01940004
0.01940004
0.01940004
0.01940004
0.01940004
0.01940004
0.01940004
0.01940004
0.01940004
0.01940004
0.01940004
0.01940004
0.01940004
0.01940004
0.01940004
0.01940004
0.01944706
0.01975271
0.02006812
0.02039377
0.02073019
0.02107787
0.02143741
0.02180942
0.02117715
0.02117695
0.02117681
0.02117668
0.02117657
0.02117665
0.02118943
0.02124092
0.02139675
0.02183593
0.02233665
0.02286044
0.02340938
0.02398533
0.02459029
0.02522642
0.04008930
0.04008930
0.04008930
0.04008930
0.04008930
0.04008930
0.04008930
0.04008930
0.04008930
0.04008930
0.04008930
0.04008930
0.04008930
0.04008930
0.04008930
0.04008930
0.04008930
0.04008930
0.04008930
0.04008930
0.04008930
0.04008931
0.04008931
0.04008931
0.04008931
0.04008931
0.04008931
0.04008931
0.04008931
0.04008931
0.04008931
0.04008931
0.04008931
0.04008931
0.04008931
0.04008931
0.04008931
0.04008931
0.04008931
0.04008931
0.04008931
0.04008931
0.04008931
0.04008931
0.04008931
0.04008931
0.04008931
0.04008931
0.04008931
0.04008931
0.04008931
0.04008931
0.04008931
0.04008931
0.04008931
0.04008931
0.04008931
0.04008931
0.04008931
0.04008931
0.04008931
0.04008931
0.04008930
0.04008930
0.04008930
0.04008930
0.04008930
0.04008931
0.04008931
0.04008931
0.04008931
0.04008931
0.04008931
0.04008931
0.04008931
0.04008931
0.04008931
0.04008931
0.04008931
0.04008931
0.04008931
0.04008931
0.02509541
0.02445856
0.02385307
0.02327683
0.02272779
0.02220413
0.02170481
0.02133295
0.02121335
0.02118049
0.02117663
0.02117658
0.02117671
0.02117685
0.02117698
0.02209179
0.02170675
0.02133490
0.02097558
0.02062815
0.02029206
0.01996673
0.01965167
0.01940004
0.01940004
0.01940004
0.01940004
0.01940004
0.01940004
0.01940004
0.01940004
0.01940004
0.01940004
0.01940004
0.01940004
0.01940004
0.01940004
0.01940004
0.01940004
0.01940004
0.01940004
0.02767972
0.02767125
0.02766276
0.02765429
0.02764581
0.02763736
0.02762891
0.02762048
0.02761205
0.02760361
0.02759519
0.02758677
0.02757836
0.02756995
0.02756155
0.02755316
0.02754476
0.02753638
0.02752800
0.02751960
0.02751119
0.02750278
0.02749438
0.02748598
0.02747760
0.02746923
0.02746086
0.02745250
0.02744414
0.02743579
0.02742744
0.02741910
0.02741076
0.02740243
0.02739410
0.02738579
0.02737747
0.02736916
0.02736085
0.02735255
0.02734427
0.02733601
0.02732775
0.02731950
0.02731126
0.02730301
0.02730482
0.02731306
0.02732130
0.02732955
0.02733780
0.02734607
0.02735433
0.02736260
0.02737087
0.02737916
0.02738744
0.02739573
0.02740403
0.02741232
0.02742062
0.02742893
0.02743725
0.02744557
0.02745389
0.02746223
0.02747056
0.02747890
0.02748725
0.02749559
0.02750395
0.02751234
0.02752073
0.02752912
0.02753752
0.02754593
0.02755434
0.02756275
0.02757117
0.02757958
0.02758801
0.02759644
0.02760488
0.02761332
0.02762176
0.02763022
0.02763867
0.02764712
0.02765558
0.02766404
0.02767250
0.02768097
0.01940004
0.01940004
0.01940004
0.01940004
0.01940004
0.01940004
0.01940004
0.01940004
0.01940004
0.01940004
0.01940004
0.01940004
0.01940004
0.01940004
0.01940004
0.01940004
0.01940004
0.01944706
0.01975271
0.02006812
0.02039377
0.02073019
0.02107787
0.02143741
0.02180942
0.02118406
0.02118386
0.02118373
0.02118360
0.02118347
0.02118355
0.02119673
0.02124878
0.02140637
0.02184877
0.02235005
0.02287447
0.02342410
0.02400078
0.02460655
0.03974032
0.03974032
0.03974032
0.03974032
0.03974032
0.03974032
0.03974032
0.03974032
0.03974032
0.03974032
0.03974032
0.03974032
0.03974032
0.03974032
0.03974032
0.03974032
0.03974032
0.03974032
0.03974032
0.03974032
0.03974032
0.03974032
0.03974032
0.03974032
0.03974032
0.03974032
0.03974032
0.03974032
0.03974032
0.03974032
0.03974032
0.03974032
0.03974032
0.03974032
0.03974032
0.03974032
0.03974032
0.03974032
0.03974032
0.03974032
0.03974032
0.03974032
0.03974032
0.03974032
0.03974032
0.03974032
0.03974032
0.03974032
0.03974032
0.03974032
0.03974032
0.03974032
0.03974032
0.03974032
0.03974032
0.03974032
0.03974032
0.03974032
0.03974032
0.03974032
0.03974032
0.03974032
0.03974032
0.03974032
0.03974032
0.03974032
0.03974032
0.03974032
0.03974032
0.03974032
0.03974032
0.03974032
0.03974032
0.03974032
0.03974032
0.03974032
0.03974032
0.03974032
0.03974032
0.03974032
0.03974032
0.03974032
0.03974032
0.02511253
0.02447482
0.02386853
0.02329156
0.02274183
0.02221747
0.02171755
0.02134250
0.02122138
0.02118777
0.02118354
0.02118349
0.02118363
0.02118376
0.02118390
0.02209179
0.02170675
0.02133490
0.02097558
0.02062815
0.02029206
0.01996673
0.01965167
0.01940004
0.01940004
0.01940004
0.01940004
0.01940004
0.01940004
0.01940004
0.01940004
0.01940004
0.01940004
0.01940004
0.01940004
0.01940004
0.01940004
0.01940004
0.01940004
0.01940004
0.01940004
0.02767972
0.02767123
0.02766275
0.02765427
0.02764582
0.02763737
0.02762892
0.02762049
0.02761205
0.02760363
0.02759521
0.02758678
0.02757837
0.02756997
0.02756157
0.02755317
0.02754477
0.02753637
0.02752795
0.02751953
0.02751112
0.02750271
0.02749433
0.02748594
0.02747756
0.02746919
0.02746083
0.02745247
0.02744411
0.02743575
0.02742741
0.02741907
0.02741073
0.02740240
0.02739407
0.02738575
0.02737744
0.02736914
0.02736086
0.02735258
0.02734431
0.02733605
0.02732779
0.02731954
0.02731130
0.02730305
0.02730486
0.02731310
0.02732134
0.02732959
0.02733784
0.02734610
0.02735437
0.02736264
0.02737091
0.02737919
0.02738747
0.02739576
0.02740406
0.02741235
0.02742066
0.02742897
0.02743728
0.02744561
0.02745393
0.02746226
0.02747060
0.02747894
0.02748728
0.02749563
0.02750398
0.02751235
0.02752071
0.02752911
0.02753750
0.02754591
0.02755432
0.02756274
0.02757116
0.02757958
0.02758801
0.02759644
0.02760487
0.02761331
0.02762176
0.02763021
0.02763867
0.02764713
0.02765559
0.02766405
0.02767251
0.02768098
0.01940004
0.01940004
0.01940004
0.01940004
0.01940004
0.01940004
0.01940004
0.01940004
0.01940004
0.01940004
0.01940004
0.01940004
0.01940004
0.01940004
0.01940004
0.01940004
0.01940004
0.01944706
0.01975271
0.02006812
0.02039377
0.02073019
0.02107787
0.02143741
0.02180942
0.02119096
0.02119078
0.02119065
0.02119051
0.02119038
0.02119046
0.02120402
0.02125666
0.02141600
0.02186163
0.02236347
0.02288853
0.02343884
0.02401625
0.02462283
0.03939736
0.03939736
0.03939736
0.03939736
0.03939736
0.03939736
0.03939736
0.03939736
0.03939736
0.03939736
0.03939736
0.03939736
0.03939736
0.03939736
0.03939736
0.03939736
0.03939736
0.03939736
0.03939736
0.03939736
0.03939736
0.03939736
0.03939736
0.03939736
0.03939736
0.03939736
0.03939736
0.03939736
0.03939736
0.03939736
0.03939736
0.03939736
0.03939736
0.03939736
0.03939736
0.03939736
0.03939736
0.03939736
0.03939736
0.03939736
0.03939736
0.03939736
0.03939736
0.03939736
0.03939736
0.03939736
0.03939736
0.03939736
0.03939736
0.03939736
0.03939736
0.03939736
0.03939736
0.03939736
0.03939736
0.03939736
0.03939736
0.03939736
0.03939736
0.03939736
0.03939736
0.03939736
0.03939736
0.03939736
0.03939736
0.03939736
0.03939736
0.03939736
0.03939736
0.03939736
0.03939736
0.03939736
0.03939736
0.03939736
0.03939736
0.03939736
0.03939736
0.03939736
0.03939736
0.03939736
0.03939736
0.03939736
0.03939736
0.02512969
0.02449110
0.02388401
0.02330630
0.02275588
0.02223086
0.02173032
0.02135205
0.02122942
0.02119506
0.02119044
0.02119041
0.02119054
0.02119068
0.02119081
0.02119103
0.02170675
0.02133490
0.02097558
0.02062815
0.02029206
0.01996673
0.01965167
0.01940004
0.01940004
0.01940004
0.01940004
0.01940004
0.01940004
0.01940004
0.01940004
0.01940004
0.01940004
0.01940004
0.01940004
0.01940004
0.01940004
0.01940004
0.01940004
0.01940004
0.01940004
0.02767970
0.02767122
0.02766274
0.02765428
0.02764583
0.02763738
0.02762894
0.02762050
0.02761206
0.02760364
0.02759521
0.02758680
0.02757839
0.02756998
0.02756158
0.02755317
0.02754473
0.02753631
0.02752788
0.02751947
0.02751107
0.02750268
0.02749429
0.02748591
0.02747753
0.02746916
0.02746079
0.02745243
0.02744407
0.02743572
0.02742738
0.02741904
0.02741070
0.02740236
0.02739404
0.02738575
0.02737746
0.02736918
0.02736090
0.02735263
0.02734436
0.02733609
0.02732783
0.02731958
0.02731134
0.02730309
0.02730489
0.02731314
0.02732137
0.02732962
0.02733788
0.02734614
0.02735440
0.02736267
0.02737095
0.02737922
0.02738751
0.02739580
0.02740409
0.02741239
0.02742070
0.02742901
0.02743732
0.02744564
0.02745397
0.02746229
0.02747063
0.02747897
0.02748731
0.02749567
0.02750402
0.02751238
0.02752075
0.02752911
0.02753749
0.02754590
0.02755431
0.02756272
0.02757114
0.02757957
0.02758800
0.02759643
0.02760487
0.02761330
0.02762175
0.02763021
0.02763866
0.02764713
0.02765559
0.02766405
0.02767252
0.02768099
0.01940004
0.01940004
0.01940004
0.01940004
0.01940004
0.01940004
0.01940004
0.01940004
0.01940004
0.01940004
0.01940004
0.01940004
0.01940004
0.01940004
0.01940004
0.01940004
0.01940004
0.01944706
0.01975271
0.02006812
0.02039377
0.02073019
0.02107787
0.02143741
0.02180942
0.02119787
0.02119770
0.02119757
0.02119743
0.02119730
0.02119737
0.02121132
0.02126454
0.02142564
0.02187450
0.02237691
0.02290261
0.02345360
0.02403175
0.02463913
0.03906026
0.03906026
0.03906026
0.03906026
0.03906026
0.03906026
0.03906026
0.03906026
0.03906026
0.03906026
0.03906026
0.03906026
0.03906026
0.03906026
0.03906026
0.03906026
0.03906026
0.03906026
0.03906026
0.03906026
0.03906026
0.03906026
0.03906027
0.03906027
0.03906027
0.03906027
0.03906027
0.03906027
0.03906027
0.03906027
0.03906027
0.03906027
0.03906027
0.03906027
0.03906027
0.03906027
0.03906027
0.03906027
0.03906027
0.03906027
0.03906027
0.03906027
0.03906027
0.03906027
0.03906027
0.03906027
0.03906027
0.03906027
0.03906027
0.03906027
0.03906027
0.03906027
0.03906027
0.03906027
0.03906027
0.03906027
0.03906027
0.03906027
0.03906027
0.03906027
0.03906027
0.03906027
0.03906027
0.03906027
0.03906027
0.03906027
0.03906027
0.03906027
0.03906027
0.03906027
0.03906027
0.03906027
0.03906027
0.03906027
0.03906027
0.03906027
0.03906027
0.03906027
0.03906027
0.03906027
0.03906027
0.03906027
0.03906027
0.02514687
0.02450740
0.02389952
0.02332107
0.02276996
0.02224429
0.02174310
0.02136162
0.02123746
0.02120235
0.02119735
0.02119733
0.02119747
0.02119760
0.02119774
0.02119794
0.02170675
0.02133490
0.02097558
0.02062815
0.02029206
0.01996673
0.01965167
0.01940004
0.01940004
0.01940004
0.01940004
0.01940004
0.01940004
0.01940004
0.01940004
0.01940004
0.01940004
0.01940004
0.01940004
0.01940004
0.01940004
0.01940004
0.01940004
0.01940004
0.01940004
0.02767970
0.02767121
0.02766275
0.02765429
0.02764584
0.02763739
0.02762895
0.02762051
0.02761208
0.02760365
0.02759523
0.02758681
0.02757839
0.02756999
0.02756154
0.02755311
0.02754467
0.02753624
0.02752784
0.02751944
0.02751104
0.02750264
0.02749426
0.02748588
0.02747750
0.02746912
0.02746076
0.02745240
0.02744404
0.02743569
0.02742734
0.02741900
0.02741068
0.02740238
0.02739408
0.02738579
0.02737750
0.02736922
0.02736094
0.02735267
0.02734440
0.02733613
0.02732787
0.02731962
0.02731138
0.02730314
0.02730493
0.02731317
0.02732141
0.02732966
0.02733791
0.02734617
0.02735443
0.02736271
0.02737098
0.02737926
0.02738754
0.02739583
0.02740413
0.02741243
0.02742073
0.02742904
0.02743736
0.02744568
0.02745400
0.02746233
0.02747067
0.02747901
0.02748735
0.02749570
0.02750406
0.02751241
0.02752078
0.02752915
0.02753752
0.02754590
0.02755429
0.02756271
0.02757113
0.02757956
0.02758799
0.02759642
0.02760486
0.02761330
0.02762175
0.02763020
0.02763866
0.02764712
0.02765559
0.02766406
0.02767253
0.02768100
0.01940004
0.01940004
0.01940004
0.01940004
0.01940004
0.01940004
0.01940004
0.01940004
0.01940004
0.01940004
0.01940004
0.01940004
0.01940004
0.01940004
0.01940004
0.01940004
0.01940004
0.01944706
0.01975271
0.02006812
0.02039377
0.02073019
0.02107787
0.02143741
0.02180942
0.02120478
0.02120463
0.02120450
0.02120436
0.02120423
0.02120429
0.02121863
0.02127242
0.02143529
0.02188738
0.02239036
0.02291669
0.02346837
0.02404726
0.02465544
0.03872890
0.03872890
0.03872890
0.03872890
0.03872890
0.03872890
0.03872890
0.03872890
0.03872890
0.03872890
0.03872890
0.03872890
0.03872890
0.03872890
0.03872890
0.03872890
0.03872890
0.03872890
0.03872890
0.03872890
0.03872890
0.03872890
0.03872891
0.03872891
0.03872891
0.03872891
0.03872891
0.03872891
0.03872891
0.03872891
0.03872891
0.03872891
0.03872891
0.03872891
0.03872891
0.03872891
0.03872891
0.03872891
0.03872891
0.03872891
0.03872891
0.03872891
0.03872891
0.03872891
0.03872891
0.03872891
0.03872891
0.03872891
0.03872891
0.03872891
0.03872891
0.03872891
0.03872891
0.03872891
0.03872891
0.03872891
0.03872891
0.03872891
0.03872891
0.03872891
0.03872891
0.03872891
0.03872891
0.03872891
0.03872891
0.03872891
0.03872891
0.03872891
0.03872891
0.03872891
0.03872891
0.03872891
0.03872891
0.03872891
0.03872891
0.03872891
0.03872891
0.03872891
0.03872891
0.03872891
0.03872891
0.03872891
0.03872890
0.02516408
0.02452372
0.02391504
0.02333585
0.02278404
0.02225774
0.02175589
0.02137120
0.02124551
0.02120965
0.02120427
0.02120426
0.02120439
0.02120453
0.02120467
0.02120485
0.02170675
0.02133490
0.02097558
0.02062815
0.02029206
0.01996673
0.01965167
0.01940004
0.01940004
0.01940004
0.01940004
0.01940004
0.01940004
0.01940004
0.01940004
0.01940004
0.01940004
0.01940004
0.01940004
0.01940004
0.01940004
0.01940004
0.01940004
0.01940004
0.01940004
0.02767970
0.02767123
0.02766277
0.02765430
0.02764585
0.02763740
0.02762896
0.02762052
0.02761209
0.02760366
0.02759524
0.02758682
0.02757837
0.02756992
0.02756148
0.02755304
0.02754462
0.02753621
0.02752780
0.02751940
0.02751101
0.02750261
0.02749423
0.02748585
0.02747747
0.02746909
0.02746073
0.02745237
0.02744401
0.02743567
0.02742735
0.02741904
0.02741073
0.02740242
0.02739412
0.02738583
0.02737754
0.02736926
0.02736098
0.02735271
0.02734444
0.02733618
0.02732792
0.02731966
0.02731142
0.02730317
0.02730493
0.02731319
0.02732144
0.02732970
0.02733795
0.02734620
0.02735447
0.02736274
0.02737101
0.02737929
0.02738758
0.02739587
0.02740416
0.02741246
0.02742077
0.02742907
0.02743739
0.02744571
0.02745403
0.02746237
0.02747070
0.02747904
0.02748739
0.02749574
0.02750409
0.02751245
0.02752082
0.02752918
0.02753756
0.02754594
0.02755433
0.02756271
0.02757112
0.02757954
0.02758797
0.02759641
0.02760485
0.02761330
0.02762175
0.02763020
0.02763865
0.02764711
0.02765558
0.02766405
0.02767253
0.02768101
0.01940004
0.01940004
0.01940004
0.01940004
0.01940004
0.01940004
0.01940004
0.01940004
0.01940004
0.01940004
0.01940004
0.01940004
0.01940004
0.01940004
0.01940004
0.01940004
0.01940004
0.01944706
0.01975271
0.02006812
0.02039377
0.02073019
0.02107787
0.02143741
0.02180943
0.02121170
0.02121156
0.02121143
0.02121129
0.02121116
0.02121121
0.02122594
0.02128032
0.02144495
0.02190028
0.02240383
0.02293080
0.02348317
0.02406279
0.02467176
0.03840310
0.03840310
0.03840310
0.03840310
0.03840310
0.03840310
0.03840310
0.03840310
0.03840310
0.03840310
0.03840310
0.03840310
0.03840310
0.03840310
0.03840310
0.03840310
0.03840310
0.03840310
0.03840310
0.03840310
0.03840310
0.03840310
0.03840311
0.03840311
0.03840311
0.03840311
0.03840311
0.03840311
0.03840311
0.03840311
0.03840311
0.03840311
0.03840311
0.03840311
0.03840311
0.03840311
0.03840311
0.03840311
0.03840311
0.03840311
0.03840311
0.03840311
0.03840311
0.03840311
0.03840311
0.03840311
0.03840311
0.03840311
0.03840311
0.03840311
0.03840311
0.03840311
0.03840311
0.03840311
0.03840311
0.03840311
0.03840311
0.03840311
0.03840311
0.03840311
0.03840311
0.03840311
0.03840311
0.03840311
0.03840311
0.03840311
0.03840311
0.03840311
0.03840311
0.03840311
0.03840311
0.03840311
0.03840311
0.03840311
0.03840311
0.03840311
0.03840311
0.03840311
0.03840311
0.03840311
0.03840311
0.03840311
0.03840311
0.02518130
0.02454007
0.02393058
0.02335065
0.02279815
0.02227120
0.02176870
0.02138078
0.02125356
0.02121695
0.02121120
0.02121119
0.02121132
0.02121146
0.02121160
0.02121177
0.02170675
0.02133490
0.02097558
0.02062815
0.02029206
0.01996673
0.01965167
0.01940004
0.01940004
0.01940004
0.01940004
0.01940004
0.01940004
0.01940004
0.01940004
0.01940004
0.01940004
0.01940004
0.01940004
0.01940004
0.01940004
0.01940004
0.01940004
0.01940004
0.01940004
0.02767970
0.02767124
0.02766277
0.02765432
0.02764586
0.02763741
0.02762897
0.02762053
0.02761210
0.02760367
0.02759522
0.02758676
0.02757831
0.02756986
0.02756143
0.02755300
0.02754459
0.02753618
0.02752777
0.02751937
0.02751097
0.02750258
0.02749419
0.02748581
0.02747743
0.02746906
0.02746069
0.02745236
0.02744403
0.02743571
0.02742739
0.02741907
0.02741077
0.02740246
0.02739416
0.02738587
0.02737758
0.02736930
0.02736102
0.02735275
0.02734448
0.02733622
0.02732796
0.02731971
0.02731146
0.02730322
0.02730491
0.02731316
0.02732142
0.02732969
0.02733796
0.02734624
0.02735450
0.02736278
0.02737105
0.02737933
0.02738762
0.02739590
0.02740420
0.02741250
0.02742080
0.02742911
0.02743743
0.02744575
0.02745407
0.02746240
0.02747074
0.02747908
0.02748743
0.02749577
0.02750412
0.02751249
0.02752085
0.02752922
0.02753759
0.02754598
0.02755436
0.02756275
0.02757115
0.02757955
0.02758796
0.02759639
0.02760483
0.02761329
0.02762174
0.02763019
0.02763865
0.02764711
0.02765558
0.02766405
0.02767253
0.02768101
0.01940004
0.01940004
0.01940004
0.01940004
0.01940004
0.01940004
0.01940004
0.01940004
0.01940004
0.01940004
0.01940004
0.01940004
0.01940004
0.01940004
0.01940004
0.01940004
0.01940004
0.01944706
0.01975271
0.02006812
0.02039377
0.02073019
0.02107787
0.02143741
0.02180943
0.02121863
0.02121850
0.02121837
0.02121823
0.02121810
0.02121814
0.02123326
0.02128821
0.02145462
0.02191320
0.02241731
0.02294493
0.02349798
0.02407835
0.02468812
0.03808274
0.03808274
0.03808274
0.03808274
0.03808274
0.03808274
0.03808274
0.03808274
0.03808274
0.03808274
0.03808274
0.03808274
0.03808274
0.03808274
0.03808274
0.03808274
0.03808274
0.03808274
0.03808274
0.03808274
0.03808274
0.03808274
0.03808274
0.03808274
0.03808274
0.03808274
0.03808274
0.03808274
0.03808274
0.03808274
0.03808274
0.03808274
0.03808274
0.03808274
0.03808274
0.03808274
0.03808274
0.03808274
0.03808274
0.03808274
0.03808274
0.03808274
0.03808274
0.03808274
0.03808274
0.03808274
0.03808274
0.03808274
0.03808274
0.03808274
0.03808274
0.03808274
0.03808274
0.03808274
0.03808274
0.03808274
0.03808274
0.03808274
0.03808274
0.03808274
0.03808274
0.03808274
0.03808274
0.03808274
0.03808274
0.03808274
0.03808274
0.03808274
0.03808274
0.03808274
0.03808274
0.03808274
0.03808274
0.03808274
0.03808274
0.03808274
0.03808274
0.03808274
0.03808274
0.03808274
0.03808274
0.03808274
0.03808274
0.03808274
0.02455644
0.02394615
0.02336547
0.02281228
0.02228468
0.02178152
0.02139037
0.02126162
0.02122426
0.02121812
0.02121812
0.02121826
0.02121840
0.02121853
0.02121870
0.02170675
0.02133490
0.02097558
0.02062815
0.02029206
0.01996673
0.01965167
0.01940004
0.01940004
0.01940004
0.01940004
0.01940004
0.01940004
0.01940004
0.01940004
0.01940004
0.01940004
0.01940004
0.01940004
0.01940004
0.01940004
0.01940004
0.01940004
0.01940004
0.01940004
0.02767971
0.02767125
0.02766278
0.02765432
0.02764587
0.02763742
0.02762898
0.02762054
0.02761209
0.02760362
0.02759515
0.02758670
0.02757826
0.02756982
0.02756139
0.02755297
0.02754455
0.02753614
0.02752773
0.02751933
0.02751093
0.02750254
0.02749416
0.02748577
0.02747742
0.02746907
0.02746074
0.02745240
0.02744407
0.02743575
0.02742743
0.02741912
0.02741081
0.02740251
0.02739421
0.02738591
0.02737762
0.02736934
0.02736106
0.02735279
0.02734452
0.02733625
0.02732800
0.02731975
0.02731150
0.02730326
0.02730487
0.02731314
0.02732139
0.02732966
0.02733793
0.02734621
0.02735449
0.02736278
0.02737107
0.02737937
0.02738765
0.02739594
0.02740424
0.02741253
0.02742084
0.02742915
0.02743746
0.02744578
0.02745411
0.02746244
0.02747077
0.02747912
0.02748746
0.02749581
0.02750416
0.02751252
0.02752089
0.02752925
0.02753763
0.02754601
0.02755440
0.02756279
0.02757118
0.02757958
0.02758799
0.02759640
0.02760482
0.02761327
0.02762172
0.02763017
0.02763864
0.02764711
0.02765557
0.02766405
0.02767252
0.02768100
0.01940004
0.01940004
0.01940004
0.01940004
0.01940004
0.01940004
0.01940004
0.01940004
0.01940004
0.01940004
0.01940004
0.01940004
0.01940004
0.01940004
0.01940004
0.01940004
0.01940004
0.01944706
0.01975271
0.02006812
0.02039377
0.02073019
0.02107787
0.02143741
0.02180943
0.02122557
0.02122544
0.02122531
0.02122517
0.02122504
0.02122507
0.02124058
0.02129612
0.02146429
0.02192613
0.02243081
0.02295906
0.02351281
0.02409393
0.02470449
0.03776768
0.03776768
0.03776768
0.03776768
0.03776768
0.03776768
0.03776768
0.03776768
0.03776768
0.03776768
0.03776768
0.03776768
0.03776768
0.03776768
0.03776768
0.03776768
0.03776768
0.03776768
0.03776768
0.03776768
0.03776768
0.03776768
0.03776768
0.03776768
0.03776768
0.03776768
0.03776768
0.03776768
0.03776768
0.03776768
0.03776768
0.03776768
0.03776768
0.03776768
0.03776768
0.03776768
0.03776768
0.03776768
0.03776768
0.03776768
0.03776768
0.03776768
0.03776768
0.03776768
0.03776768
0.03776768
0.03776768
0.03776768
0.03776768
0.03776768
0.03776768
0.03776768
0.03776768
0.03776768
0.03776768
0.03776768
0.03776768
0.03776768
0.03776768
0.03776768
0.03776768
0.03776768
0.03776768
0.03776768
0.03776768
0.03776768
0.03776768
0.03776768
0.03776768
0.03776768
0.03776768
0.03776768
0.03776768
0.03776768
0.03776768
0.03776768
0.03776768
0.03776768
0.03776768
0.03776768
0.03776768
0.03776768
0.03776768
0.03776768
0.02457283
0.02396173
0.02338030
0.02282642
0.02229818
0.02179436
0.02139997
0.02126968
0.02123157
0.02122506
0.02122507
0.02122520
0.02122534
0.02122547
0.02122563
0.02170675
0.02133490
0.02097558
0.02062815
0.02029206
0.01996673
0.01965167
0.01940004
0.01940004
0.01940004
0.01940004
0.01940004
0.01940004
0.01940004
0.01940004
0.01940004
0.01940004
0.01940004
0.01940004
0.01940004
0.01940004
0.01940004
0.01940004
0.01940004
0.01940004
0.02767973
0.02767126
0.02766280
0.02765433
0.02764588
0.02763744
0.02762898
0.02762050
0.02761202
0.02760356
0.02759510
0.02758666
0.02757822
0.02756979
0.02756136
0.02755293
0.02754452
0.02753611
0.02752770
0.02751929
0.02751090
0.02750252
0.02749416
0.02748581
0.02747746
0.02746912
0.02746078
0.02745244
0.02744411
0.02743579
0.02742747
0.02741915
0.02741085
0.02740254
0.02739425
0.02738595
0.02737767
0.02736938
0.02736110
0.02735283
0.02734456
0.02733630
0.02732804
0.02731979
0.02731154
0.02730330
0.02730485
0.02731311
0.02732136
0.02732963
0.02733791
0.02734618
0.02735447
0.02736275
0.02737104
0.02737934
0.02738764
0.02739595
0.02740426
0.02741257
0.02742087
0.02742918
0.02743750
0.02744581
0.02745414
0.02746247
0.02747081
0.02747915
0.02748749
0.02749584
0.02750420
0.02751256
0.02752092
0.02752929
0.02753767
0.02754604
0.02755443
0.02756283
0.02757122
0.02757962
0.02758803
0.02759644
0.02760485
0.02761327
0.02762170
0.02763016
0.02763863
0.02764709
0.02765557
0.02766404
0.02767252
0.02768100
0.01940004
0.01940004
0.01940004
0.01940004
0.01940004
0.01940004
0.01940004
0.01940004
0.01940004
0.01940004
0.01940004
0.01940004
0.01940004
0.01940004
0.01940004
0.01940004
0.01940004
0.01944706
0.01975271
0.02006812
0.02039377
0.02073019
0.02107787
0.02143741
0.02180942
0.02123252
0.02123238
0.02123225
0.02123212
0.02123198
0.02123201
0.02124791
0.02130403
0.02147398
0.02193907
0.02244432
0.02297323
0.02352766
0.02410952
0.02472088
0.03745780
0.03745780
0.03745780
0.03745780
0.03745780
0.03745780
0.03745780
0.03745780
0.03745780
0.03745780
0.03745780
0.03745780
0.03745780
0.03745780
0.03745780
0.03745780
0.03745780
0.03745780
0.03745780
0.03745780
0.03745780
0.03745780
0.03745780
0.03745780
0.03745780
0.03745780
0.03745780
0.03745780
0.03745780
0.03745780
0.03745780
0.03745780
0.03745780
0.03745780
0.03745780
0.03745780
0.03745780
0.03745780
0.03745780
0.03745780
0.03745780
0.03745780
0.03745780
0.03745780
0.03745780
0.03745780
0.03745780
0.03745780
0.03745780
0.03745780
0.03745780
0.03745780
0.03745780
0.03745780
0.03745780
0.03745780
0.03745780
0.03745780
0.03745780
0.03745780
0.03745780
0.03745780
0.03745780
0.03745780
0.03745780
0.03745780
0.03745780
0.03745780
0.03745780
0.03745780
0.03745780
0.03745780
0.03745780
0.03745780
0.03745780
0.03745780
0.03745780
0.03745780
0.03745780
0.03745780
0.03745780
0.03745780
0.03745780
0.03745780
0.02458924
0.02397734
0.02339516
0.02284059
0.02231169
0.02180721
0.02140959
0.02127776
0.02123889
0.02123199
0.02123201
0.02123214
0.02123228
0.02123242
0.02123256
0.02170675
0.02133490
0.02097558
0.02062815
0.02029206
0.01996673
0.01965167
0.01940004
0.01940004
0.01940004
0.01940004
0.01940004
0.01940004
0.01940004
0.01940004
0.01940004
0.01940004
0.01940004
0.01940004
0.01940004
0.01940004
0.01940004
0.01940004
0.01940004
0.01940004
0.02767974
0.02767127
0.02766281
0.02765435
0.02764589
0.02763740
0.02762891
0.02762043
0.02761198
0.02760352
0.02759507
0.02758663
0.02757819
0.02756976
0.02756133
0.02755290
0.02754448
0.02753607
0.02752767
0.02751929
0.02751093
0.02750256
0.02749421
0.02748585
0.02747750
0.02746916
0.02746082
0.02745248
0.02744415
0.02743583
0.02742751
0.02741920
0.02741089
0.02740259
0.02739429
0.02738600
0.02737771
0.02736942
0.02736114
0.02735287
0.02734460
0.02733633
0.02732808
0.02731983
0.02731158
0.02730334
0.02730482
0.02731308
0.02732133
0.02732960
0.02733787
0.02734615
0.02735443
0.02736272
0.02737101
0.02737931
0.02738762
0.02739592
0.02740424
0.02741255
0.02742088
0.02742920
0.02743753
0.02744585
0.02745418
0.02746250
0.02747084
0.02747918
0.02748753
0.02749588
0.02750424
0.02751259
0.02752096
0.02752933
0.02753770
0.02754608
0.02755447
0.02756286
0.02757125
0.02757965
0.02758806
0.02759647
0.02760489
0.02761331
0.02762174
0.02763017
0.02763861
0.02764707
0.02765555
0.02766403
0.02767251
0.02768100
0.01940004
0.01940004
0.01940004
0.01940004
0.01940004
0.01940004
0.01940004
0.01940004
0.01940004
0.01940004
0.01940004
0.01940004
0.01940004
0.01940004
0.01940004
0.01940004
0.01940004
0.01944706
0.01975271
0.02006812
0.02039377
0.02073019
0.02107787
0.02143741
0.02180942
0.02123947
0.02123933
0.02123920
0.02123907
0.02123893
0.02123895
0.02125524
0.02131220
0.02148367
0.02195203
0.02245785
0.02298740
0.02354253
0.02412513
0.02473730
0.03715295
0.03715295
0.03715295
0.03715295
0.03715295
0.03715295
0.03715295
0.03715295
0.03715295
0.03715295
0.03715295
0.03715295
0.03715295
0.03715295
0.03715295
0.03715295
0.03715295
0.03715295
0.03715295
0.03715295
0.03715295
0.03715295
0.03715296
0.03715296
0.03715296
0.03715296
0.03715296
0.03715296
0.03715296
0.03715296
0.03715296
0.03715296
0.03715296
0.03715296
0.03715296
0.03715296
0.03715296
0.03715296
0.03715296
0.03715296
0.03715296
0.03715296
0.03715296
0.03715296
0.03715296
0.03715296
0.03715296
0.03715296
0.03715296
0.03715296
0.03715296
0.03715296
0.03715296
0.03715296
0.03715296
0.03715296
0.03715296
0.03715296
0.03715296
0.03715296
0.03715296
0.03715296
0.03715296
0.03715296
0.03715296
0.03715296
0.03715296
0.03715296
0.03715296
0.03715296
0.03715296
0.03715296
0.03715296
0.03715296
0.03715296
0.03715296
0.03715296
0.03715296
0.03715296
0.03715296
0.03715296
0.03715296
0.03715296
0.03715296
0.02460567
0.02399297
0.02341004
0.02285477
0.02232522
0.02182008
0.02141920
0.02128583
0.02124622
0.02123893
0.02123896
0.02123910
0.02123923
0.02123937
0.02123950
0.02170675
0.02133490
0.02097558
0.02062815
0.02029206
0.01996673
0.01965167
0.01940004
0.01940004
0.01940004
0.01940004
0.01940004
0.01940004
0.01940004
0.01940004
0.01940004
0.01940004
0.01940004
0.01940004
0.01940004
0.01940004
0.01940004
0.01940004
0.01940004
0.01940004
0.02767975
0.02767128
0.02766282
0.02765432
0.02764582
0.02763733
0.02762886
0.02762040
0.02761194
0.02760348
0.02759503
0.02758659
0.02757815
0.02756972
0.02756129
0.02755287
0.02754447
0.02753609
0.02752771
0.02751934
0.02751097
0.02750260
0.02749424
0.02748589
0.02747754
0.02746920
0.02746086
0.02745253
0.02744420
0.02743587
0.02742755
0.02741924
0.02741093
0.02740263
0.02739433
0.02738604
0.02737775
0.02736947
0.02736119
0.02735291
0.02734464
0.02733638
0.02732812
0.02731987
0.02731163
0.02730338
0.02730480
0.02731306
0.02732131
0.02732958
0.02733785
0.02734613
0.02735441
0.02736269
0.02737099
0.02737928
0.02738759
0.02739589
0.02740420
0.02741252
0.02742084
0.02742917
0.02743750
0.02744584
0.02745419
0.02746253
0.02747088
0.02747922
0.02748756
0.02749591
0.02750427
0.02751263
0.02752099
0.02752936
0.02753774
0.02754612
0.02755450
0.02756289
0.02757129
0.02757969
0.02758810
0.02759651
0.02760493
0.02761335
0.02762178
0.02763021
0.02763864
0.02764708
0.02765554
0.02766401
0.02767250
0.02768099
0.01940004
0.01940004
0.01940004
0.01940004
0.01940004
0.01940004
0.01940004
0.01940004
0.01940004
0.01940004
0.01940004
0.01940004
0.01940004
0.01940004
0.01940004
0.01940004
0.01940004
0.01944706
0.01975271
0.02006812
0.02039377
0.02073019
0.02107787
0.02143741
0.02124638
0.02124642
0.02124629
0.02124615
0.02124602
0.02124589
0.02124589
0.02126246
0.02132038
0.02149337
0.02196501
0.02247140
0.02300160
0.02355742
0.02414077
0.02475374
0.03685303
0.03685303
0.03685303
0.03685303
0.03685303
0.03685303
0.03685303
0.03685303
0.03685303
0.03685303
0.03685303
0.03685303
0.03685303
0.03685303
0.03685303
0.03685303
0.03685303
0.03685303
0.03685303
0.03685303
0.03685303
0.03685303
0.03685303
0.03685303
0.03685303
0.03685303
0.03685303
0.03685303
0.03685303
0.03685303
0.03685303
0.03685303
0.03685303
0.03685303
0.03685303
0.03685303
0.03685303
0.03685303
0.03685303
0.03685303
0.03685303
0.03685303
0.03685303
0.03685303
0.03685303
0.03685303
0.03685303
0.03685303
0.03685303
0.03685303
0.03685303
0.03685303
0.03685303
0.03685303
0.03685303
0.03685303
0.03685303
0.03685303
0.03685303
0.03685303
0.03685303
0.03685303
0.03685303
0.03685303
0.03685303
0.03685303
0.03685303
0.03685303
0.03685303
0.03685303
0.03685303
0.03685303
0.03685303
0.03685303
0.03685303
0.03685303
0.03685303
0.03685303
0.03685303
0.03685303
0.03685303
0.03685303
0.03685303
0.03685303
0.02462213
0.02400861
0.02342493
0.02286896
0.02233877
0.02183297
0.02142883
0.02129392
0.02125355
0.02124588
0.02124592
0.02124605
0.02124619
0.02124632
0.02124645
0.02124630
0.02133490
0.02097558
0.02062815
0.02029206
0.01996673
0.01965167
0.01940004
0.01940004
0.01940004
0.01940004
0.01940004
0.01940004
0.01940004
0.01940004
0.01940004
0.01940004
0.01940004
0.01940004
0.01940004
0.01940004
0.01940004
0.01940004
0.01940004
0.01940004
0.02767977
0.02767126
0.02766276
0.02765426
0.02764578
0.02763730
0.02762883
0.02762037
0.02761191
0.02760345
0.02759500
0.02758656
0.02757812
0.02756970
0.02756130
0.02755290
0.02754451
0.02753613
0.02752775
0.02751938
0.02751101
0.02750264
0.02749429
0.02748593
0.02747758
0.02746924
0.02746090
0.02745257
0.02744424
0.02743592
0.02742760
0.02741928
0.02741097
0.02740267
0.02739437
0.02738608
0.02737779
0.02736951
0.02736123
0.02735295
0.02734468
0.02733642
0.02732816
0.02731991
0.02731166
0.02730342
0.02730477
0.02731303
0.02732129
0.02732955
0.02733782
0.02734610
0.02735438
0.02736267
0.02737096
0.02737926
0.02738756
0.02739587
0.02740418
0.02741249
0.02742082
0.02742915
0.02743748
0.02744581
0.02745416
0.02746250
0.02747086
0.02747922
0.02748758
0.02749595
0.02750430
0.02751266
0.02752103
0.02752940
0.02753777
0.02754615
0.02755454
0.02756293
0.02757132
0.02757973
0.02758813
0.02759655
0.02760496
0.02761338
0.02762181
0.02763024
0.02763868
0.02764712
0.02765557
0.02766402
0.02767248
0.02768097
0.01940004
0.01940004
0.01940004
0.01940004
0.01940004
0.01940004
0.01940004
0.01940004
0.01940004
0.01940004
0.01940004
0.01940004
0.01940004
0.01940004
0.01940004
0.01940004
0.01940004
0.01944706
0.01975271
0.02006812
0.02039377
0.02073019
0.02107787
0.02125319
0.02125331
0.02125332
0.02125325
0.02125311
0.02125298
0.02125285
0.02125284
0.02126969
0.02132857
0.02150309
0.02197800
0.02248497
0.02301581
0.02357233
0.02415642
0.02477020
0.03655791
0.03655791
0.03655791
0.03655791
0.03655791
0.03655791
0.03655791
0.03655791
0.03655791
0.03655791
0.03655791
0.03655791
0.03655791
0.03655791
0.03655791
0.03655791
0.03655791
0.03655791
0.03655791
0.03655791
0.03655791
0.03655791
0.03655791
0.03655791
0.03655791
0.03655791
0.03655791
0.03655791
0.03655791
0.03655791
0.03655791
0.03655791
0.03655791
0.03655791
0.03655791
0.03655791
0.03655791
0.03655791
0.03655791
0.03655791
0.03655791
0.03655791
0.03655791
0.03655791
0.03655791
0.03655791
0.03655791
0.03655791
0.03655791
0.03655791
0.03655791
0.03655791
0.03655791
0.03655791
0.03655791
0.03655791
0.03655791
0.03655791
0.03655791
0.03655791
0.03655791
0.03655791
0.03655791
0.03655791
0.03655791
0.03655791
0.03655791
0.03655791
0.03655791
0.03655791
0.03655791
0.03655791
0.03655791
0.03655791
0.03655791
0.03655791
0.03655791
0.03655791
0.03655791
0.03655791
0.03655791
0.03655791
0.03655791
0.03655791
0.02463861
0.02402428
0.02343985
0.02288318
0.02235233
0.02184587
0.02143846
0.02130201
0.02126088
0.02125283
0.02125287
0.02125301
0.02125315
0.02125328
0.02125339
0.02125324
0.02125309
0.02097558
0.02062815
0.02029206
0.01996673
0.01965167
0.01940004
0.01940004
0.01940004
0.01940004
0.01940004
0.01940004
0.01940004
0.01940004
0.01940004
0.01940004
0.01940004
0.01940004
0.01940004
0.01940004
0.01940004
0.01940004
0.01940004
0.01940004
0.02767970
0.02767120
0.02766271
0.02765422
0.02764574
0.02763726
0.02762879
0.02762033
0.02761187
0.02760342
0.02759497
0.02758656
0.02757815
0.02756974
0.02756134
0.02755294
0.02754455
0.02753617
0.02752779
0.02751942
0.02751105
0.02750269
0.02749433
0.02748597
0.02747762
0.02746928
0.02746094
0.02745261
0.02744428
0.02743596
0.02742764
0.02741932
0.02741101
0.02740271
0.02739441
0.02738612
0.02737783
0.02736955
0.02736127
0.02735299
0.02734473
0.02733647
0.02732822
0.02731997
0.02731173
0.02730350
0.02730475
0.02731301
0.02732126
0.02732953
0.02733780
0.02734608
0.02735436
0.02736265
0.02737094
0.02737923
0.02738754
0.02739584
0.02740415
0.02741247
0.02742079
0.02742912
0.02743745
0.02744579
0.02745413
0.02746248
0.02747083
0.02747919
0.02748755
0.02749592
0.02750430
0.02751267
0.02752106
0.02752943
0.02753781
0.02754619
0.02755457
0.02756296
0.02757136
0.02757976
0.02758817
0.02759658
0.02760500
0.02761341
0.02762185
0.02763028
0.02763871
0.02764716
0.02765561
0.02766405
0.02767251
0.02768098
0.01940004
0.01940004
0.01940004
0.01940004
0.01940004
0.01940004
0.01940004
0.01940004
0.01940004
0.01940004
0.01940004
0.01940004
0.01940004
0.01940004
0.01940004
0.01940004
0.01940004
0.01944706
0.01975271
0.02006812
0.02039377
0.02073019
0.02107787
0.02126016
0.02126025
0.02126029
0.02126021
0.02126008
0.02125994
0.02125981
0.02125980
0.02127692
0.02133676
0.02151281
0.02199101
0.02249854
0.02303004
0.02358725
0.02417210
0.02478669
0.03626748
0.03626748
0.03626748
0.03626748
0.03626748
0.03626748
0.03626748
0.03626748
0.03626748
0.03626748
0.03626748
0.03626748
0.03626748
0.03626748
0.03626748
0.03626748
0.03626748
0.03626748
0.03626748
0.03626748
0.03626748
0.03626748
0.03626748
0.03626748
0.03626748
0.03626748
0.03626748
0.03626748
0.03626748
0.03626748
0.03626748
0.03626748
0.03626748
0.03626748
0.03626748
0.03626748
0.03626748
0.03626748
0.03626748
0.03626748
0.03626748
0.03626748
0.03626748
0.03626748
0.03626748
0.03626748
0.03626748
0.03626748
0.03626748
0.03626748
0.03626748
0.03626748
0.03626748
0.03626748
0.03626748
0.03626748
0.03626748
0.03626748
0.03626748
0.03626748
0.03626748
0.03626748
0.03626748
0.03626748
0.03626748
0.03626748
0.03626748
0.03626748
0.03626748
0.03626748
0.03626748
0.03626748
0.03626748
0.03626748
0.03626748
0.03626748
0.03626748
0.03626748
0.03626748
0.03626748
0.03626748
0.03626748
0.03626748
0.03626748
0.02465511
0.02403997
0.02345478
0.02289741
0.02236591
0.02185878
0.02144811
0.02131010
0.02126822
0.02125978
0.02125984
0.02125997
0.02126011
0.02126025
0.02126033
0.02126018
0.02126003
0.02097558
0.02062815
0.02029206
0.01996673
0.01965167
0.01940004
0.01940004
0.01940004
0.01940004
0.01940004
0.01940004
0.01940004
0.01940004
0.01940004
0.01940004
0.01940004
0.01940004
0.01940004
0.01940004
0.01940004
0.01940004
0.01940004
0.01940004
0.02767965
0.02767116
0.02766267
0.02765419
0.02764571
0.02763723
0.02762876
0.02762030
0.02761186
0.02760343
0.02759502
0.02758660
0.02757819
0.02756978
0.02756138
0.02755299
0.02754460
0.02753621
0.02752783
0.02751946
0.02751110
0.02750273
0.02749437
0.02748602
0.02747766
0.02746932
0.02746098
0.02745265
0.02744432
0.02743600
0.02742768
0.02741936
0.02741105
0.02740275
0.02739445
0.02738616
0.02737788
0.02736960
0.02736133
0.02735307
0.02734481
0.02733655
0.02732830
0.02732006
0.02731182
0.02730358
0.02730473
0.02731298
0.02732124
0.02732951
0.02733778
0.02734605
0.02735434
0.02736262
0.02737091
0.02737921
0.02738751
0.02739582
0.02740413
0.02741245
0.02742077
0.02742909
0.02743743
0.02744576
0.02745410
0.02746245
0.02747080
0.02747916
0.02748753
0.02749589
0.02750427
0.02751264
0.02752102
0.02752941
0.02753780
0.02754620
0.02755461
0.02756300
0.02757140
0.02757980
0.02758820
0.02759662
0.02760503
0.02761345
0.02762188
0.02763031
0.02763875
0.02764719
0.02765564
0.02766409
0.02767255
0.02768101
0.01940004
0.01940004
0.01940004
0.01940004
0.01940004
0.01940004
0.01940004
0.01940004
0.01940004
0.01940004
0.01940004
0.01940004
0.01940004
0.01940004
0.01940004
0.01940004
0.01940004
0.01944706
0.01975271
0.02006812
0.02039377
0.02073019
0.02107787
0.02126710
0.02126720
0.02126726
0.02126718
0.02126705
0.02126691
0.02126678
0.02126676
0.02128415
0.02134496
0.02152253
0.02200402
0.02251214
0.02304429
0.02360220
0.02418779
0.02948429
0.03598163
0.03598163
0.03598163
0.03598163
0.03598163
0.03598163
0.03598163
0.03598163
0.03598163
0.03598163
0.03598163
0.03598163
0.03598163
0.03598163
0.03598163
0.03598163
0.03598163
0.03598163
0.03598163
0.03598163
0.03598163
0.03598163
0.03598163
0.03598163
0.03598163
0.03598163
0.03598163
0.03598163
0.03598163
0.03598163
0.03598163
0.03598163
0.03598163
0.03598163
0.03598163
0.03598163
0.03598163
0.03598163
0.03598163
0.03598163
0.03598163
0.03598163
0.03598163
0.03598163
0.03598163
0.03598163
0.03598163
0.03598163
0.03598163
0.03598163
0.03598163
0.03598163
0.03598163
0.03598163
0.03598163
0.03598163
0.03598163
0.03598163
0.03598163
0.03598163
0.03598163
0.03598163
0.03598163
0.03598163
0.03598163
0.03598163
0.03598163
0.03598163
0.03598163
0.03598163
0.03598163
0.03598163
0.03598163
0.03598163
0.03598163
0.03598163
0.03598163
0.03598163
0.03598163
0.03598163
0.03598163
0.03598163
0.03598163
0.03598163
0.02939055
0.02405567
0.02346973
0.02291165
0.02237950
0.02187171
0.02145776
0.02131821
0.02127557
0.02126674
0.02126681
0.02126694
0.02126708
0.02126721
0.02126727
0.02126712
0.02126697
0.02097558
0.02062815
0.02029206
0.01996673
0.01965167
0.01940004
0.01940004
0.01940004
0.01940004
0.01940004
0.01940004
0.01940004
0.01940004
0.01940004
0.01940004
0.01940004
0.01940004
0.01940004
0.01940004
0.01940004
0.01940004
0.01940004
0.01940004
0.02767962
0.02767112
0.02766264
0.02765415
0.02764567
0.02763721
0.02762877
0.02762033
0.02761190
0.02760347
0.02759505
0.02758664
0.02757823
0.02756982
0.02756142
0.02755303
0.02754464
0.02753625
0.02752787
0.02751950
0.02751113
0.02750277
0.02749441
0.02748606
0.02747771
0.02746936
0.02746102
0.02745269
0.02744436
0.02743604
0.02742772
0.02741941
0.02741111
0.02740282
0.02739453
0.02738624
0.02737796
0.02736968
0.02736141
0.02735315
0.02734489
0.02733659
0.02732825
0.02731992
0.02731160
0.02730329
0.02730471
0.02731296
0.02732121
0.02732949
0.02733775
0.02734603
0.02735431
0.02736260
0.02737089
0.02737918
0.02738749
0.02739579
0.02740411
0.02741242
0.02742074
0.02742907
0.02743740
0.02744574
0.02745408
0.02746243
0.02747078
0.02747913
0.02748750
0.02749586
0.02750424
0.02751261
0.02752100
0.02752938
0.02753778
0.02754617
0.02755458
0.02756299
0.02757140
0.02757982
0.02758824
0.02759665
0.02760506
0.02761349
0.02762192
0.02763035
0.02763879
0.02764723
0.02765567
0.02766413
0.02767259
0.02768105
0.01940004
0.01940004
0.01940004
0.01940004
0.01940004
0.01940004
0.01940004
0.01940004
0.01940004
0.01940004
0.01940004
0.01940004
0.01940004
0.01940004
0.01940004
0.01940004
0.01940004
0.01944706
0.01975271
0.02006812
0.02039380
0.02073019
0.02107787
0.02127405
0.02127415
0.02127422
0.02127416
0.02127402
0.02127388
0.02127375
0.02127372
0.02129139
0.02135317
0.02153227
0.02201703
0.02252576
0.02305855
0.02361716
0.02420351
0.02948429
0.03570025
0.03570025
0.03570025
0.03570025
0.03570025
0.03570025
0.03570025
0.03570025
0.03570025
0.03570025
0.03570025
0.03570025
0.03570025
0.03570025
0.03570025
0.03570025
0.03570025
0.03570025
0.03570025
0.03570025
0.03570025
0.03570025
0.03570025
0.03570025
0.03570025
0.03570025
0.03570025
0.03570025
0.03570025
0.03570025
0.03570025
0.03570025
0.03570025
0.03570025
0.03570025
0.03570025
0.03570025
0.03570025
0.03570025
0.03570025
0.03570025
0.03570025
0.03570025
0.03570025
0.03570025
0.03570025
0.03570025
0.03570025
0.03570025
0.03570025
0.03570025
0.03570025
0.03570025
0.03570025
0.03570025
0.03570025
0.03570025
0.03570025
0.03570025
0.03570025
0.03570025
0.03570025
0.03570025
0.03570025
0.03570025
0.03570025
0.03570025
0.03570025
0.03570025
0.03570025
0.03570025
0.03570025
0.03570025
0.03570025
0.03570025
0.03570025
0.03570025
0.03570025
0.03570025
0.03570025
0.03570025
0.03570025
0.03570025
0.03570025
0.02939055
0.02407140
0.02348470
0.02292592
0.02239312
0.02188466
0.02146742
0.02132631
0.02128291
0.02127370
0.02127378
0.02127391
0.02127405
0.02127420
0.02127422
0.02127407
0.02127392
0.02097558
0.02062815
0.02029206
0.01996673
0.01965167
0.01940004
0.01940004
0.01940004
0.01940004
0.01940004
0.01940004
0.01940004
0.01940004
0.01940004
0.01940004
0.01940004
0.01940004
0.01940004
0.01940004
0.01940004
0.01940004
0.01940004
0.01940004
0.02767958
0.02767109
0.02766261
0.02765415
0.02764570
0.02763725
0.02762881
0.02762037
0.02761194
0.02760351
0.02759510
0.02758668
0.02757827
0.02756987
0.02756147
0.02755307
0.02754468
0.02753630
0.02752791
0.02751954
0.02751118
0.02750281
0.02749445
0.02748610
0.02747775
0.02746940
0.02746107
0.02745275
0.02744443
0.02743611
0.02742780
0.02741949
0.02741119
0.02740289
0.02739460
0.02738629
0.02737793
0.02736957
0.02736121
0.02735286
0.02734452
0.02733625
0.02732799
0.02731974
0.02731149
0.02730325
