0.20387280
0.20483349
0.20581828
0.20682363
0.20787357
0.20895310
0.21005729
0.21127120
0.29665664
0.29728585
0.29791725
0.29855183
0.29918861
0.29982814
0.30047092
0.30111593
0.30176371
0.30241480
0.30306822
0.30372494
0.30438402
0.30504650
0.30571133
0.30637905
0.30705026
0.30772385
0.30840042
0.30908051
0.30976304
0.31044862
0.31113723
0.31182948
0.31252423
0.31322208
0.31392363
0.31462777
0.31533507
0.31604612
0.31675979
0.31747729
0.31819749
0.31892151
0.31964827
0.32037836
0.32111233
0.32184914
0.32258990
0.32333350
0.32408053
0.32483160
0.32558557
0.32634366
0.32710469
0.32786927
0.32863802
0.32940981
0.33018580
0.33096489
0.33174762
0.33253470
0.33332491
0.33411950
0.33491728
0.33571884
0.33652490
0.33733422
0.33814806
0.33896521
0.33978567
0.34061140
0.34144050
0.34227431
0.34311152
0.34395286
0.34479901
0.34564865
0.34650314
0.34736121
0.34822354
0.34909084
0.34996182
0.35083780
0.35171750
0.35260162
0.35349089
0.35438398
0.35528228
0.35618442
0.35709119
0.35800329
0.35891932
0.35984081
0.36076629
0.36169654
0.36263236
0.36357227
0.36451784
0.36546758
0.36642227
0.36738271
0.36834747
0.36931804
0.37029299
0.37127310
0.37225917
0.37324974
0.37424636
0.37524673
0.37625328
0.37726605
0.37828347
0.37930718
0.38033566
0.38136971
0.38241023
0.38345563
0.38450760
0.38556448
0.38662723
0.38769668
0.38877121
0.38985255
0.39093909
0.39203170
0.39313132
0.39412972
0.39511481
0.39610571
0.39710072
0.39792985
0.39868116
0.39943534
0.40019238
0.40081868
0.40132836
0.40183935
0.40234524
0.40275490
0.40301207
0.40326953
0.40352735
0.40372503
0.40374243
0.40375799
0.40377358
0.40377906
0.40357217
0.40336457
0.40313619
0.40286702
0.40259731
0.40240073
0.40255544
0.40325582
0.40460691
0.86135846
0.86401337
0.86668050
0.86936837
0.87206870
0.87479013
0.87752432
0.88027996
0.88304859
0.88583910
0.88864291
0.89146894
0.89430857
0.89717078
0.90004689
0.90294605
0.90585935
0.90879613
0.91174734
0.91472250
0.91771239
0.92072672
0.92375606
0.92681020
0.92987978
0.93297470
0.93608528
0.93922168
0.94237417
0.94555289
0.94874811
0.95197010
0.95520884
0.95847493
0.96175820
0.96506929
0.96839797
0.97175503
0.97513008
0.97853404
0.98195642
0.98540831
0.98887902
0.99237984
0.99589992
0.99945074
1.00302684
1.00662303
1.01025081
1.01389909
1.01757383
1.02127528
1.02500963
1.02876544
1.03255486
1.03636634
1.04021204
1.04408038
1.04798365
1.05191004
1.05587232
1.05985808
1.06388056
1.06792724
1.07201123
1.07612002
1.08026707
1.08443964
1.08865118
1.09288883
1.09716630
1.10147071
1.10581577
1.11018848
1.11460268
1.11904526
1.12353039
1.12804449
1.13260233
1.13718975
1.14182186
1.14648438
1.15119267
1.15593231
1.16071868
1.16553724
1.17040360
1.17530310
1.18025148
1.18523395
1.19026649
1.19533408
1.20045304
1.20560777
1.21081531
1.21605968
1.22135806
1.22669446
1.23208606
1.23751676
1.24300420
0.20361742
0.20457055
0.20553428
0.20653158
0.20754926
0.20860463
0.20969452
0.21079209
0.21200116
0.29778367
0.29841769
0.29905391
0.29969338
0.30033505
0.30097947
0.30162719
0.30227718
0.30293050
0.30358613
0.30424461
0.30490646
0.30557069
0.30623832
0.30690837
0.30758187
0.30825782
0.30893674
0.30961919
0.31030360
0.31099156
0.31168312
0.31237724
0.31307501
0.31377533
0.31447935
0.31518596
0.31589580
0.31660938
0.31732562
0.31804511
0.31876844
0.31949452
0.32022446
0.32095718
0.32169384
0.32243329
0.32317618
0.32392305
0.32467282
0.32542607
0.32618341
0.32694367
0.32770810
0.32847551
0.32924712
0.33002174
0.33080006
0.33158264
0.33236831
0.33315772
0.33395150
0.33474848
0.33554989
0.33635449
0.33716363
0.33797601
0.33879229
0.33961257
0.34043682
0.34126505
0.34209800
0.34293437
0.34377551
0.34462011
0.34546953
0.34632248
0.34717965
0.34804174
0.34890747
0.34977821
0.35065258
0.35153136
0.35241523
0.35330287
0.35419568
0.35509235
0.35599354
0.35690001
0.35781044
0.35872620
0.35964596
0.36057043
0.36150044
0.36243448
0.36337411
0.36431789
0.36526659
0.36622098
0.36717963
0.36814329
0.36911279
0.37008667
0.37106645
0.37205064
0.37304088
0.37403560
0.37503487
0.37604105
0.37705186
0.37806892
0.37909070
0.38011798
0.38115168
0.38219020
0.38323522
0.38428512
0.38534081
0.38640314
0.38747048
0.38854462
0.38962388
0.39070913
0.39180130
0.39289874
0.39400321
0.39506921
0.39605987
0.39705554
0.39805532
0.39901364
0.39976907
0.40052736
0.40128854
0.40204081
0.40254998
0.40305677
0.40356395
0.40407330
0.40434590
0.40460509
0.40486458
0.40512446
0.40518346
0.40520006
0.40521574
0.40523234
0.40510324
0.40489405
0.40468603
0.40441754
0.40414575
0.40390459
0.40390551
0.40435967
0.40543357
0.86345178
0.86611539
0.86879975
0.87149656
0.87421441
0.87694502
0.87969702
0.88246197
0.88524878
0.88804883
0.89087111
0.89370686
0.89656526
0.89943749
0.90233272
0.90524203
0.90817481
0.91112202
0.91409308
0.91707885
0.92008895
0.92311889
0.92616403
0.92923421
0.93231988
0.93543106
0.93855810
0.94171107
0.94488031
0.94807601
0.95128834
0.95452762
0.95778388
0.96106756
0.96436870
0.96769780
0.97104466
0.97442013
0.97781378
0.98123652
0.98467785
0.98814893
0.99163902
0.99515945
0.99869931
1.00227010
1.00586081
1.00948310
1.01312590
1.01679492
1.02049065
1.02421927
1.02796936
1.03175294
1.03555846
1.03939819
1.04326034
1.04715753
1.05107772
1.05503368
1.05901313
1.06302917
1.06706929
1.07114673
1.07524896
1.07938933
1.08355510
1.08775973
1.09199035
1.09626091
1.10055816
1.10489607
1.10926139
1.11366832
1.11810338
1.12258101
1.12708747
1.13163745
1.13621700
1.14084125
1.14550316
1.15019596
1.15493476
1.15970528
1.16452301
1.16937327
1.17427182
1.17920375
1.18418527
1.18920100
1.19426739
1.19936919
1.20452273
1.20971262
1.21495581
1.22023618
1.22557116
1.23094440
1.23637354
1.24184215
1.24736810
0.20338222
0.20432773
0.20528468
0.20624778
0.20726843
0.20829926
0.20934777
0.21043001
0.21153358
0.21271966
0.29891983
0.29955819
0.30019930
0.30084366
0.30149028
0.30214018
0.30279240
0.30344743
0.30410582
0.30476657
0.30543068
0.30609721
0.30676663
0.30743951
0.30811483
0.30879363
0.30947495
0.31015870
0.31084657
0.31153694
0.31223094
0.31292748
0.31362715
0.31433052
0.31503648
0.31574619
0.31645852
0.31717408
0.31789348
0.31861553
0.31934148
0.32007015
0.32080215
0.32153809
0.32227686
0.32301959
0.32376516
0.32451418
0.32526729
0.32602328
0.32678342
0.32754648
0.32831314
0.32908398
0.32985786
0.33063599
0.33141717
0.33220208
0.33299130
0.33378369
0.33458048
0.33538043
0.33618423
0.33699256
0.33780411
0.33862022
0.33943900
0.34026241
0.34109047
0.34192190
0.34275806
0.34359765
0.34444138
0.34528992
0.34614199
0.34699896
0.34785947
0.34872428
0.34959409
0.35046756
0.35134608
0.35222834
0.35311505
0.35400692
0.35490260
0.35580355
0.35670835
0.35761777
0.35853258
0.35945132
0.36037552
0.36130378
0.36223683
0.36317542
0.36411816
0.36506656
0.36601916
0.36697674
0.36794013
0.36890778
0.36988133
0.37085927
0.37184235
0.37283149
0.37382510
0.37482479
0.37582827
0.37683794
0.37785384
0.37887445
0.37990138
0.38093308
0.38197041
0.38301420
0.38406292
0.38511819
0.38617846
0.38724458
0.38831747
0.38939545
0.39048028
0.39157033
0.39266646
0.39376965
0.39487815
0.39599380
0.39700860
0.39800903
0.39901453
0.40002421
0.40086290
0.40162537
0.40239072
0.40315446
0.40377080
0.40427977
0.40479094
0.40530246
0.40568674
0.40594950
0.40621075
0.40647233
0.40663388
0.40665248
0.40666828
0.40668499
0.40664595
0.40643519
0.40622556
0.40598005
0.40570709
0.40543264
0.40528032
0.40558690
0.40639901
0.40841684
0.86823189
0.87092942
0.87363946
0.87637079
0.87911481
0.88188052
0.88465923
0.88745999
0.89027405
0.89311051
0.89596057
0.89883339
0.90172017
0.90463018
0.90755433
0.91050214
0.91346449
0.91645086
0.91945213
0.92247784
0.92551875
0.92858464
0.93166602
0.93477279
0.93789542
0.94104397
0.94420874
0.94739985
0.95060760
0.95384222
0.95709378
0.96037275
0.96366906
0.96699339
0.97033536
0.97370589
0.97709453
0.98051226
0.98394853
0.98741442
0.99089932
0.99441445
0.99794906
1.00151443
1.00509977
1.00871658
1.01235378
1.01602304
1.01970732
1.02343023
1.02717447
1.03095222
1.03475177
1.03858554
1.04244781
1.04633272
1.05025291
1.05419636
1.05817592
1.06217921
1.06621921
1.07028377
1.07438588
1.07851291
1.08267856
1.08686972
1.09110022
1.09535694
1.09965384
1.10397780
1.10834277
1.11273539
1.11717010
1.12163305
1.12613904
1.13067424
1.13525331
1.13986230
1.14451623
1.14920092
1.15393150
1.15869379
1.16350305
1.16834486
1.17323470
1.17815793
1.18313050
1.18813729
1.19319475
1.19828725
1.20343161
1.20861208
1.21384561
1.21911633
1.22444141
1.22980475
1.23522389
1.24068236
1.24619794
1.25175393
0.20316100
0.20409955
0.20504206
0.20599429
0.20697923
0.20800717
0.20903578
0.21008083
0.21117195
0.21228255
0.21344867
0.30006418
0.30070746
0.30135399
0.30200282
0.30265442
0.30330938
0.30396664
0.30462730
0.30529031
0.30595618
0.30662552
0.30729726
0.30797249
0.30865017
0.30933079
0.31001446
0.31070113
0.31139141
0.31208423
0.31278014
0.31347969
0.31418183
0.31488767
0.31559616
0.31630781
0.31702325
0.31774139
0.31846333
0.31918800
0.31991598
0.32064787
0.32138252
0.32212114
0.32286257
0.32360741
0.32435632
0.32510808
0.32586393
0.32662272
0.32738504
0.32815152
0.32892102
0.32969472
0.33047149
0.33125189
0.33203661
0.33282447
0.33361667
0.33441201
0.33521119
0.33601481
0.33682165
0.33763304
0.33844769
0.33926627
0.34008881
0.34091538
0.34174663
0.34258127
0.34342000
0.34426352
0.34511051
0.34596238
0.34681776
0.34767738
0.34854198
0.34941018
0.35028341
0.35116032
0.35204166
0.35292810
0.35381833
0.35471377
0.35561302
0.35651687
0.35742605
0.35833913
0.35925764
0.36018011
0.36110735
0.36204010
0.36297694
0.36391941
0.36486602
0.36581758
0.36677486
0.36773640
0.36870375
0.36967546
0.37065229
0.37163508
0.37262231
0.37361559
0.37461340
0.37561575
0.37662506
0.37763903
0.37865925
0.37968421
0.38071474
0.38175169
0.38279346
0.38384178
0.38489503
0.38595405
0.38701978
0.38809058
0.38916814
0.39025086
0.39133960
0.39243534
0.39353633
0.39464441
0.39575785
0.39687759
0.39796188
0.39896712
0.39997748
0.40099293
0.40196276
0.40272939
0.40349349
0.40426049
0.40499631
0.40551022
0.40602452
0.40653917
0.40703651
0.40730196
0.40756494
0.40782827
0.40809193
0.40811345
0.40813124
0.40814713
0.40816399
0.40798810
0.40777689
0.40755469
0.40727958
0.40700302
0.40678349
0.40686625
0.40747443
0.40876669
0.87035882
0.87306529
0.87579298
0.87853342
0.88129544
0.88407046
0.88686746
0.88967776
0.89251041
0.89535666
0.89822567
0.90110850
0.90401453
0.90693474
0.90987849
0.91283679
0.91581905
0.91881615
0.92183769
0.92487437
0.92793596
0.93101299
0.93411547
0.93723369
0.94037777
0.94354308
0.94672465
0.94993287
0.95315778
0.95640981
0.95967895
0.96297574
0.96628994
0.96963239
0.97299266
0.97638172
0.97978902
0.98322564
0.98668098
0.99016625
0.99367058
0.99720550
1.00075996
1.00434554
1.00795114
1.01158857
1.01524651
1.01893103
1.02264237
1.02638674
1.03015268
1.03395236
1.03777409
1.04163039
1.04550922
1.04942322
1.05336046
1.05733359
1.06133056
1.06536412
1.06942213
1.07351756
1.07763803
1.08179677
1.08598113
1.09020472
1.09445453
1.09874427
1.10306108
1.10741878
1.11180413
1.11623132
1.12068689
1.12518513
1.12971258
1.13428390
1.13888502
1.14353096
1.14820755
1.15293002
1.15768397
1.16248488
1.16731811
1.17219937
1.17712176
1.18207777
1.18708348
1.19212389
1.19721532
1.20234227
1.20752156
1.21273744
1.21800685
1.22331381
1.22867572
1.23407638
1.23953331
1.24502993
1.25058436
1.25617969
0.20296203
0.20386486
0.20479956
0.20574905
0.20672563
0.20771590
0.20874432
0.20977730
0.21082030
0.21191862
0.21303356
0.21419404
0.30121732
0.30186555
0.30251709
0.30317092
0.30382812
0.30448765
0.30515003
0.30581585
0.30648404
0.30715516
0.30782977
0.30850679
0.30918735
0.30986983
0.31055641
0.31124550
0.31193766
0.31263345
0.31333181
0.31403327
0.31473845
0.31544626
0.31615782
0.31687203
0.31759003
0.31831071
0.31903470
0.31976253
0.32049313
0.32122707
0.32196498
0.32270569
0.32345042
0.32419798
0.32494962
0.32570413
0.32646218
0.32722434
0.32798949
0.32875821
0.32953116
0.33030713
0.33108738
0.33187070
0.33265838
0.33344918
0.33424374
0.33504272
0.33584490
0.33665156
0.33746147
0.33827531
0.33909371
0.33991477
0.34074113
0.34157088
0.34240466
0.34324318
0.34408516
0.34493196
0.34578225
0.34663674
0.34749615
0.34835917
0.34922716
0.35009879
0.35097477
0.35185584
0.35274068
0.35363066
0.35452443
0.35542274
0.35632631
0.35723379
0.35814664
0.35906342
0.35998490
0.36091185
0.36184287
0.36277944
0.36372012
0.36466569
0.36561695
0.36657244
0.36753368
0.36849919
0.36946982
0.37044635
0.37142727
0.37241417
0.37340555
0.37440223
0.37540424
0.37641162
0.37742522
0.37844351
0.37946728
0.38049746
0.38153240
0.38257381
0.38362008
0.38467211
0.38573074
0.38679442
0.38786477
0.38894024
0.39002168
0.39111003
0.39220360
0.39330417
0.39441004
0.39552218
0.39664146
0.39776623
0.39889827
0.39993075
0.40094507
0.40196547
0.40299109
0.40383220
0.40460047
0.40537170
0.40614587
0.40674725
0.40726560
0.40778342
0.40830350
0.40866157
0.40892914
0.40919423
0.40945965
0.40958497
0.40960288
0.40962079
0.40963775
0.40955389
0.40934008
0.40912652
0.40886527
0.40858653
0.40831941
0.40826136
0.40866438
0.40961042
0.87249613
0.87521595
0.87795711
0.88071114
0.88348687
0.88627577
0.88908678
0.89191115
0.89475811
0.89761871
0.90050220
0.90339971
0.90632057
0.90925568
0.91221458
0.91518813
0.91818577
0.92119843
0.92423570
0.92728823
0.93036580
0.93345904
0.93657780
0.93971258
0.94287336
0.94605041
0.94925404
0.95247436
0.95572174
0.95898616
0.96227813
0.96558756
0.96892512
0.97228050
0.97566456
0.97906691
0.98249847
0.98594868
0.98942870
0.99292785
0.99645746
1.00000656
1.00358677
1.00718701
1.01081884
1.01447117
1.01815009
1.02185571
1.02559435
1.02935445
1.03314817
1.03696406
1.04081428
1.04468703
1.04859483
1.05252588
1.05649269
1.06048322
1.06451035
1.06856823
1.07265079
1.07677102
1.08091652
1.08510065
1.08931065
1.09356022
1.09783626
1.10215271
1.10649633
1.11088133
1.11529410
1.11974919
1.12423289
1.12875986
1.13331616
1.13791668
1.14254737
1.14722335
1.15193021
1.15668344
1.16146851
1.16630089
1.17116594
1.17607963
1.18102682
1.18602359
1.19105506
1.19613731
1.20125508
1.20642495
1.21163130
1.21689105
1.22218835
1.22754037
1.23293090
1.23837769
1.24386406
1.24940813
1.25499284
1.26063681
0.20275766
0.20365517
0.20457195
0.20550510
0.20647529
0.20745952
0.20844829
0.20946921
0.21050641
0.21155645
0.21265663
0.21378192
0.21495605
0.30237937
0.30303261
0.30368921
0.30434811
0.30501044
0.30567509
0.30634269
0.30701372
0.30768716
0.30836409
0.30904347
0.30972588
0.31041127
0.31109971
0.31179178
0.31248638
0.31318405
0.31388542
0.31458938
0.31529707
0.31600741
0.31672090
0.31743824
0.31815824
0.31888208
0.31960866
0.32033914
0.32107237
0.32180899
0.32254958
0.32329297
0.32403982
0.32479072
0.32554451
0.32630238
0.32706320
0.32782820
0.32859617
0.32936773
0.33014357
0.33092242
0.33170497
0.33249184
0.33328184
0.33407626
0.33487380
0.33567581
0.33648103
0.33729011
0.33810374
0.33892068
0.33974090
0.34056643
0.34139532
0.34222889
0.34306589
0.34390700
0.34475291
0.34560233
0.34645662
0.34731445
0.34817654
0.34904361
0.34991434
0.35079008
0.35166955
0.35255414
0.35344246
0.35433531
0.35523334
0.35613528
0.35704178
0.35795361
0.35886940
0.35979062
0.36071584
0.36164585
0.36258140
0.36352104
0.36446634
0.36541581
0.36637023
0.36733040
0.36829486
0.36926517
0.37023985
0.37121966
0.37220547
0.37319574
0.37419209
0.37519217
0.37619841
0.37721089
0.37822801
0.37925142
0.38027960
0.38131416
0.38235357
0.38339865
0.38445029
0.38550687
0.38656929
0.38763842
0.38871261
0.38979366
0.39087987
0.39197299
0.39307141
0.39417598
0.39528766
0.39640474
0.39752904
0.39865884
0.39979511
0.40089810
0.40191826
0.40294272
0.40397149
0.40494105
0.40571448
0.40648997
0.40726840
0.40799090
0.40851432
0.40903625
0.40955859
0.41003031
0.41029966
0.41056937
0.41083661
0.41106716
0.41108519
0.41110417
0.41112220
0.41113076
0.41091532
0.41070008
0.41046238
0.41018146
0.40990093
0.40970376
0.40991792
0.41068399
0.41234124
0.87737721
0.88012761
0.88289970
0.88568485
0.88849211
0.89131272
0.89415580
0.89701253
0.89989215
0.90278578
0.90570265
0.90863377
0.91158861
0.91455805
0.91755158
0.92056006
0.92359310
0.92664135
0.92971468
0.93280357
0.93591797
0.93904829
0.94220459
0.94537717
0.94857621
0.95179194
0.95503461
0.95829433
0.96158159
0.96488619
0.96821892
0.97156942
0.97494853
0.97835118
0.98177230
0.98522288
0.98869228
0.99219179
0.99571055
0.99925995
1.00282907
1.00642955
1.01005018
1.01370275
1.01737022
1.02107608
1.02480304
1.02856338
1.03234529
1.03616118
1.03999937
1.04387224
1.04776776
1.05169880
1.05565310
1.05964363
1.06365800
1.06770945
1.07178533
1.07589889
1.08003771
1.08421504
1.08841813
1.09266067
1.09692967
1.10123897
1.10557544
1.10995305
1.11435854
1.11880612
1.12328231
1.12780154
1.13235009
1.13694274
1.14156556
1.14623344
1.15093219
1.15567720
1.16045380
1.16527772
1.17013431
1.17503929
1.17997766
1.18496561
1.18998802
1.19506121
1.20016968
1.20533025
1.21053541
1.21577728
1.22107327
1.22640705
1.23179615
1.23722434
1.24270916
1.24823403
1.25381720
1.25944149
1.26512563
0.20256613
0.20345080
0.20435917
0.20528397
0.20622292
0.20719461
0.20818305
0.20917211
0.21018700
0.21123335
0.21229066
0.21339954
0.21453661
0.21572272
0.30355039
0.30420923
0.30487043
0.30553448
0.30620196
0.30687186
0.30754521
0.30822098
0.30889976
0.30958205
0.31026626
0.31095463
0.31164548
0.31233943
0.31303701
0.31373715
0.31444103
0.31514746
0.31585711
0.31657052
0.31728658
0.31800649
0.31872907
0.31945494
0.32018471
0.32091725
0.32165372
0.32239300
0.32313570
0.32388240
0.32463196
0.32538560
0.32614216
0.32690224
0.32766646
0.32843369
0.32920510
0.32997954
0.33075762
0.33154002
0.33232549
0.33311534
0.33390829
0.33470505
0.33550623
0.33631065
0.33711955
0.33793172
0.33874783
0.33956787
0.34039187
0.34122059
0.34205264
0.34288880
0.34372970
0.34457406
0.34542325
0.34627599
0.34713292
0.34799480
0.34886029
0.34973076
0.35060492
0.35148346
0.35236710
0.35325450
0.35414708
0.35504347
0.35594440
0.35685065
0.35776082
0.35867634
0.35959584
0.36052006
0.36144978
0.36238357
0.36332294
0.36426646
0.36521488
0.36616901
0.36712736
0.36809152
0.36906001
0.37003356
0.37101308
0.37199700
0.37298694
0.37398139
0.37498114
0.37598625
0.37699676
0.37801352
0.37903500
0.38006198
0.38109538
0.38213357
0.38317829
0.38422787
0.38528326
0.38634527
0.38741231
0.38848612
0.38956502
0.39064997
0.39174181
0.39283893
0.39394307
0.39505255
0.39616829
0.39729127
0.39841971
0.39955550
0.40069687
0.40184477
0.40289438
0.40392292
0.40495577
0.40599486
0.40683371
0.40761346
0.40839621
0.40918201
0.40976790
0.41029587
0.41082144
0.41134927
0.41167939
0.41195187
0.41222283
0.41249222
0.41257825
0.41259739
0.41261649
0.41263372
0.41250366
0.41228583
0.41207013
0.41178986
0.41150713
0.41126183
0.41128653
0.41178891
0.41301286
0.87954485
0.88231325
0.88509476
0.88789821
0.89071953
0.89355433
0.89640725
0.89928299
0.90217721
0.90508550
0.90801728
0.91096348
0.91393352
0.91691822
0.91992730
0.92295140
0.92600024
0.92906445
0.93215388
0.93525898
0.93838984
0.94153672
0.94470984
0.94789934
0.95111555
0.95434850
0.95760864
0.96088600
0.96419108
0.96751368
0.97086459
0.97423345
0.97763115
0.98104721
0.98449272
0.98795700
0.99145126
0.99496472
0.99850881
1.00207257
1.00566769
1.00928283
1.01292980
1.01659751
1.02029181
1.02401304
1.02776754
1.03154361
1.03535366
1.03918576
1.04305255
1.04694200
1.05086684
1.05481482
1.05879903
1.06280708
1.06685185
1.07092118
1.07502818
1.07916033
1.08333087
1.08752704
1.09176266
1.09603143
1.10032678
1.10466290
1.10902643
1.11343145
1.11786461
1.12234032
1.12684488
1.13139284
1.13597047
1.14059269
1.14524519
1.14994323
1.15467262
1.15944850
1.16425645
1.16911221
1.17400074
1.17893827
1.18390954
1.18893099
1.19398701
1.19909441
1.20423758
1.20943320
1.21466565
1.21995187
1.22527587
1.23065495
1.23607302
1.24154770
1.24706221
1.25263488
1.25824857
1.26392186
1.26963747
0.20238511
0.20326145
0.20415573
0.20507184
0.20600264
0.20694891
0.20791751
0.20890503
0.20990123
0.21091348
0.21196683
0.21303050
0.21414998
0.21529742
0.21649620
0.30473056
0.30539453
0.30606088
0.30673069
0.30740288
0.30807802
0.30875668
0.30943781
0.31012195
0.31080911
0.31149933
0.31219316
0.31288955
0.31358960
0.31429222
0.31499800
0.31570753
0.31641972
0.31713566
0.31785429
0.31857619
0.31930193
0.32003045
0.32076284
0.32149804
0.32223660
0.32297915
0.32372454
0.32447398
0.32522628
0.32598209
0.32674202
0.32750490
0.32827196
0.32904202
0.32981569
0.33059362
0.33137462
0.33215991
0.33294833
0.33374050
0.33453709
0.33533686
0.33614108
0.33694854
0.33775988
0.33857578
0.33939436
0.34021819
0.34104538
0.34187660
0.34271252
0.34355190
0.34439605
0.34524372
0.34609556
0.34695229
0.34781256
0.34867784
0.34954673
0.35041994
0.35129824
0.35218024
0.35306740
0.35395834
0.35485378
0.35575446
0.35665902
0.35756892
0.35848275
0.35940126
0.36032519
0.36125317
0.36218670
0.36312431
0.36406678
0.36501491
0.36596724
0.36692530
0.36788765
0.36885503
0.36982831
0.37080595
0.37178954
0.37277761
0.37377092
0.37477034
0.37577355
0.37678370
0.37779853
0.37881881
0.37984544
0.38087684
0.38191468
0.38295734
0.38400573
0.38506073
0.38612068
0.38718730
0.38825902
0.38933668
0.39042118
0.39151090
0.39260757
0.39370954
0.39481771
0.39593303
0.39705375
0.39818177
0.39931527
0.40045527
0.40160272
0.40275583
0.40387434
0.40490788
0.40594581
0.40698999
0.40795726
0.40874416
0.40953127
0.41032141
0.41102919
0.41156042
0.41209209
0.41262320
0.41306940
0.41334277
0.41361651
0.41388866
0.41408315
0.41410148
0.41412073
0.41413903
0.41410339
0.41388482
0.41366649
0.41340998
0.41312501
0.41284043
0.41271120
0.41306174
0.41394258
0.88172764
0.88450980
0.88730514
0.89012265
0.89295369
0.89580727
0.89867461
0.90156490
0.90446925
0.90739703
0.91033918
0.91330516
0.91628575
0.91929066
0.92231059
0.92535520
0.92841512
0.93150020
0.93460101
0.93772745
0.94086987
0.94403845
0.94722342
0.95043504
0.95366335
0.95691884
0.96019143
0.96349174
0.96680957
0.97015554
0.97351950
0.97691220
0.98032326
0.98376364
0.98722273
0.99071181
0.99422008
0.99775887
1.00132287
1.00490689
1.00852227
1.01215804
1.01582587
1.01950872
1.02323020
1.02697301
1.03074920
1.03454733
1.03837955
1.04223418
1.04612362
1.05003607
1.05398417
1.05795574
1.06196368
1.06599581
1.07006502
1.07415891
1.07829082
1.08244801
1.08664405
1.09086609
1.09512782
1.09941614
1.10374510
1.10810125
1.11249900
1.11692464
1.12139285
1.12588978
1.13043010
1.13499987
1.13961411
1.14425874
1.14894867
1.15366983
1.15843737
1.16323698
1.16808414
1.17296410
1.17789292
1.18285537
1.18786776
1.19291484
1.19801307
1.20314682
1.20833313
1.21355593
1.21883249
1.22414672
1.22951591
1.23492396
1.24038839
1.24589264
1.25145471
1.25705791
1.26272047
1.26843417
1.27419078
0.20220923
0.20307966
0.20396391
0.20487075
0.20579091
0.20673116
0.20768268
0.20864376
0.20963253
0.21063520
0.21165606
0.21270441
0.21377552
0.21490830
0.21606496
0.21727921
0.30591992
0.30658910
0.30726066
0.30793571
0.30861324
0.30929425
0.30997720
0.31066373
0.31135383
0.31204650
0.31274220
0.31344160
0.31414357
0.31484926
0.31555754
0.31626961
0.31698430
0.31770226
0.31842402
0.31914851
0.31987631
0.32060802
0.32134250
0.32208091
0.32282215
0.32356742
0.32431552
0.32506710
0.32582277
0.32658136
0.32734349
0.32810980
0.32887909
0.32965261
0.33042914
0.33120999
0.33199388
0.33278152
0.33357352
0.33436868
0.33516762
0.33597106
0.33677769
0.33758885
0.33840328
0.33922231
0.34004399
0.34087035
0.34170136
0.34253579
0.34337428
0.34421757
0.34506434
0.34591597
0.34677112
0.34763053
0.34849489
0.34936285
0.35023585
0.35111254
0.35199362
0.35287982
0.35376981
0.35466501
0.35556403
0.35646832
0.35737652
0.35828936
0.35920760
0.36012983
0.36105680
0.36198929
0.36292589
0.36386809
0.36481443
0.36576647
0.36672270
0.36768398
0.36865106
0.36962250
0.37059906
0.37158155
0.37256852
0.37356150
0.37455902
0.37556186
0.37657008
0.37758374
0.37860370
0.37962833
0.38065937
0.38169518
0.38273668
0.38378468
0.38483760
0.38589716
0.38696173
0.38803220
0.38910943
0.39019182
0.39128113
0.39237565
0.39347631
0.39458403
0.39569715
0.39681742
0.39794320
0.39907536
0.40021488
0.40136003
0.40251267
0.40367100
0.40483606
0.40589765
0.40694067
0.40798998
0.40904471
0.40987828
0.41067168
0.41146624
0.41226387
0.41283277
0.41336870
0.41390502
0.41444084
0.41474310
0.41501868
0.41529465
0.41556901
0.41561657
0.41563597
0.41565537
0.41567382
0.41549531
0.41527525
0.41504383
0.41475469
0.41446015
0.41423059
0.41433764
0.41505447
0.41649079
0.88671285
0.88952661
0.89235383
0.89520359
0.89806706
0.90095341
0.90385383
0.90677762
0.90971577
0.91267765
0.91565418
0.91865492
0.92167538
0.92471099
0.92777151
0.93084747
0.93394881
0.93706596
0.94020891
0.94336802
0.94655353
0.94975549
0.95298427
0.95622998
0.95950305
0.96279341
0.96611166
0.96944755
0.97281188
0.97619426
0.97960567
0.98303562
0.98649508
0.98997349
0.99348205
0.99700999
1.00056875
1.00414729
1.00775719
1.01138735
1.01504970
1.01872694
1.02244258
1.02617967
1.02995002
1.03374219
1.03756845
1.04141712
1.04530048
1.04920673
1.05314863
1.05711389
1.06111538
1.06514096
1.06920373
1.07329106
1.07741630
1.08156669
1.08575594
1.08997107
1.09422576
1.09850705
1.10282874
1.10717773
1.11156809
1.11598635
1.12044704
1.12493634
1.12946892
1.13403094
1.13863730
1.14328122
1.14795578
1.15267622
1.15742803
1.16222680
1.16705787
1.17193699
1.17684937
1.18181086
1.18680644
1.19185245
1.19693351
1.20206630
1.20723498
1.21245658
1.21771514
1.22302806
1.22837901
1.23378551
1.23923123
1.24473393
1.25027692
1.25587833
1.26152122
1.26722407
1.27296972
1.27877676
0.20204261
0.20291251
0.20379157
0.20468275
0.20559055
0.20651601
0.20745783
0.20841071
0.20938224
0.21037306
0.21137933
0.21240719
0.21345200
0.21452601
0.21567333
0.21681924
0.21803586
0.30711913
0.30779302
0.30846989
0.30915028
0.30983260
0.31051904
0.31120795
0.31189996
0.31259558
0.31329376
0.31399560
0.31470007
0.31540769
0.31611907
0.31683311
0.31755093
0.31827146
0.31899524
0.31972292
0.32045332
0.32118767
0.32192481
0.32266533
0.32340986
0.32415724
0.32490867
0.32566303
0.32642087
0.32718283
0.32794780
0.32871693
0.32948905
0.33026484
0.33104488
0.33182803
0.33261549
0.33340609
0.33420044
0.33499920
0.33580118
0.33660764
0.33741733
0.33823097
0.33904913
0.33987001
0.34069613
0.34152564
0.34235922
0.34319752
0.34403929
0.34488586
0.34573591
0.34659019
0.34744936
0.34831214
0.34917986
0.35005128
0.35092703
0.35180786
0.35269246
0.35358217
0.35447571
0.35537377
0.35627711
0.35718435
0.35809693
0.35901344
0.35993466
0.36086136
0.36179212
0.36272842
0.36366886
0.36461416
0.36556515
0.36652035
0.36748132
0.36844659
0.36941692
0.37039316
0.37137380
0.37236041
0.37335151
0.37434790
0.37534961
0.37635669
0.37737003
0.37838799
0.37941149
0.38044134
0.38147596
0.38251707
0.38356304
0.38461477
0.38567308
0.38673642
0.38780648
0.38888162
0.38996273
0.39105076
0.39214399
0.39324421
0.39434975
0.39546153
0.39658049
0.39770490
0.39883661
0.39997387
0.40111855
0.40226889
0.40342581
0.40459037
0.40576074
0.40689138
0.40794042
0.40899491
0.41005391
0.41101873
0.41181749
0.41261843
0.41342053
0.41411400
0.41465324
0.41519389
0.41573402
0.41615292
0.41643038
0.41670823
0.41698742
0.41714278
0.41716233
0.41718093
0.41720048
0.41711053
0.41687998
0.41665068
0.41636807
0.41607121
0.41579521
0.41576412
0.41622397
0.41737363
0.88893133
0.89175928
0.89460069
0.89746481
0.90034276
0.90324384
0.90615910
0.90909785
0.91205102
0.91502815
0.91802007
0.92103636
0.92406774
0.92712402
0.93019569
0.93329263
0.93640536
0.93954390
0.94269860
0.94587952
0.94907689
0.95230108
0.95554215
0.95881051
0.96209610
0.96540952
0.96874058
0.97209996
0.97547746
0.97888380
0.98230869
0.98576301
0.98923624
0.99273962
0.99626225
0.99981558
1.00338876
1.00699317
1.01061797
1.01427460
1.01794624
1.02165627
1.02538753
1.02915204
1.03293836
1.03675866
1.04060733
1.04447854
1.04838490
1.05231428
1.05627954
1.06026852
1.06429398
1.06834376
1.07243097
1.07654309
1.08069336
1.08486927
1.08908415
1.09332514
1.09760606
1.10191393
1.10626256
1.11063874
1.11505663
1.11950266
1.12399161
1.12850940
1.13307095
1.13766217
1.14229810
1.14696455
1.15167689
1.15642047
1.16121089
1.16603351
1.17090404
1.17580771
1.18076038
1.18574715
1.19078410
1.19585609
1.20097947
1.20613885
1.21135092
1.21659994
1.22190309
1.22724414
1.23264062
1.23807621
1.24356866
1.24910128
1.25469208
1.26032436
1.26601636
1.27175105
1.27754700
1.28338671
0.20189640
0.20275258
0.20362628
0.20451155
0.20541048
0.20632116
0.20724672
0.20819400
0.20915122
0.21013118
0.21112362
0.21213229
0.21316519
0.21421698
0.21528389
0.21641776
0.21756896
0.21878758
0.30832723
0.30900645
0.30968922
0.31037393
0.31106222
0.31175411
0.31244853
0.31314659
0.31384724
0.31455103
0.31525853
0.31596869
0.31668261
0.31739917
0.31811902
0.31884268
0.31956908
0.32029936
0.32103243
0.32176885
0.32250923
0.32325247
0.32399970
0.32474983
0.32550341
0.32626110
0.32702175
0.32778654
0.32855430
0.32932571
0.33010131
0.33087999
0.33166295
0.33244902
0.33323881
0.33403298
0.33483034
0.33563215
0.33643714
0.33724603
0.33805946
0.33887616
0.33969682
0.34052148
0.34135014
0.34218350
0.34302029
0.34386182
0.34470686
0.34555605
0.34641010
0.34726769
0.34813026
0.34899640
0.34986687
0.35074240
0.35162163
0.35250595
0.35339406
0.35428664
0.35518444
0.35608611
0.35699308
0.35790396
0.35881948
0.35974044
0.36066541
0.36159590
0.36253044
0.36346984
0.36441484
0.36536404
0.36631894
0.36727810
0.36824229
0.36921233
0.37018672
0.37116703
0.37215176
0.37314177
0.37413782
0.37513760
0.37614435
0.37715572
0.37817255
0.37919569
0.38022354
0.38125780
0.38229689
0.38334167
0.38439301
0.38544926
0.38651222
0.38758019
0.38865405
0.38973477
0.39082065
0.39191344
0.39301151
0.39411578
0.39522710
0.39634383
0.39746779
0.39859727
0.39973316
0.40087643
0.40202537
0.40318185
0.40434405
0.40551299
0.40668964
0.40787220
0.40894511
0.41000479
0.41106904
0.41213977
0.41296878
0.41377515
0.41458273
0.41539350
0.41594481
0.41648886
0.41703430
0.41757336
0.41785273
0.41813245
0.41841257
0.41868028
0.41869307
0.41870490
0.41871572
0.41871670
0.41848439
0.41825330
0.41799402
0.41769487
0.41739613
0.41719949
0.41751164
0.41837522
0.89116102
0.89399862
0.89685887
0.89973295
0.90263009
0.90554136
0.90847611
0.91142523
0.91439831
0.91738605
0.92039818
0.92342538
0.92647737
0.92954475
0.93263739
0.93574578
0.93887985
0.94203007
0.94520646
0.94839931
0.95161891
0.95486045
0.95811898
0.96140498
0.96470839
0.96803987
0.97138911
0.97476697
0.97816300
0.98158824
0.98503202
0.98850560
0.99199826
0.99552119
0.99906367
1.00263703
1.00623047
1.00985539
1.01350081
1.01717257
1.02087116
1.02460253
1.02835536
1.03214180
1.03595018
1.03979278
1.04365802
1.04755807
1.05148137
1.05544031
1.05942285
1.06344199
1.06748533
1.07156587
1.07567132
1.07981491
1.08398390
1.08819199
1.09242606
1.09669995
1.10100055
1.10534203
1.10971081
1.11412132
1.11856008
1.12304127
1.12755144
1.13210523
1.13668871
1.14131665
1.14597511
1.15067923
1.15541458
1.16019666
1.16501081
1.16987288
1.17477560
1.17971182
1.18469751
1.18971765
1.19478846
1.19989467
1.20505285
1.21024728
1.21549499
1.22078013
1.22611988
1.23149788
1.23693204
1.24240553
1.24793649
1.25350821
1.25913870
1.26481092
1.27054369
1.27631950
1.28215718
1.28803933
0.20175521
0.20260902
0.20347196
0.20435002
0.20523664
0.20614173
0.20705362
0.20798238
0.20893642
0.20990370
0.21088675
0.21188508
0.21289419
0.21393353
0.21499577
0.21606837
0.21717344
0.21832415
0.21989816
0.30954489
0.31022894
0.31091714
0.31160784
0.31230214
0.31299904
0.31369901
0.31440270
0.31510898
0.31581846
0.31653169
0.31724757
0.31796730
0.31868970
0.31941596
0.32014498
0.32087734
0.32161364
0.32235271
0.32309523
0.32384172
0.32459113
0.32534456
0.32610095
0.32686141
0.32762486
0.32839188
0.32916310
0.32993734
0.33071524
0.33149740
0.33228269
0.33307230
0.33386508
0.33466226
0.33546260
0.33626682
0.33707550
0.33788747
0.33870333
0.33952317
0.34034699
0.34117544
0.34200731
0.34284389
0.34368390
0.34452805
0.34537703
0.34622952
0.34708691
0.34794787
0.34881312
0.34968337
0.35055727
0.35143626
0.35231897
0.35320613
0.35409847
0.35499460
0.35589603
0.35680130
0.35771120
0.35862646
0.35954571
0.36047041
0.36139914
0.36233267
0.36327177
0.36421502
0.36516392
0.36611703
0.36707512
0.36803901
0.36900720
0.36998129
0.37095973
0.37194338
0.37293303
0.37392718
0.37492743
0.37593147
0.37694168
0.37795815
0.37897933
0.38000682
0.38103908
0.38207698
0.38312137
0.38417065
0.38522655
0.38628742
0.38735414
0.38842762
0.38950622
0.39059168
0.39168233
0.39277911
0.39388290
0.39499205
0.39610836
0.39723009
0.39835820
0.39949363
0.40063465
0.40178311
0.40293726
0.40409806
0.40526649
0.40644076
0.40762281
0.40881079
0.40995380
0.41101873
0.41208920
0.41316527
0.41412652
0.41493741
0.41575149
0.41656682
0.41724449
0.41779193
0.41834080
0.41889110
0.41928282
0.41956449
0.41983861
0.42011309
0.42021820
0.42022911
0.42024004
0.42025095
0.42010018
0.41986734
0.41963175
0.41933024
0.41903016
0.41878074
0.41885269
0.41951010
0.42092571
0.89625376
0.89912856
0.90201718
0.90492910
0.90785521
0.91080499
0.91376930
0.91675770
0.91976094
0.92278868
0.92583168
0.92889959
0.93198305
0.93509197
0.93821675
0.94136745
0.94453436
0.94772774
0.95093769
0.95417458
0.95742840
0.96070969
0.96400833
0.96733493
0.97067928
0.97405219
0.97744328
0.98086345
0.98430216
0.98777056
0.99125797
0.99477571
0.99831283
1.00188088
1.00546885
1.00908828
1.01272810
1.01640010
1.02008712
1.02381289
1.02755988
1.03134048
1.03514290
1.03897953
1.04283869
1.04673266
1.05064964
1.05460238
1.05857861
1.06259131
1.06663454
1.07070220
1.07480097
1.07893789
1.08310676
1.08730125
1.09153509
1.09579527
1.10009563
1.10442305
1.10879147
1.11318779
1.11762595
1.12209272
1.12660241
1.13114119
1.13572407
1.14033687
1.14499474
1.14968336
1.15441799
1.15918422
1.16399765
1.16884351
1.17373753
1.17866504
1.18364191
1.18865311
1.19371486
1.19881177
1.20396066
1.20914567
1.21438384
1.21965921
1.22498918
1.23035729
1.23578131
1.24124467
1.24676526
1.25232637
1.25794625
1.26360786
1.26932967
1.27509439
1.28092086
1.28679156
1.29272580
0.20161238
0.20246591
0.20332624
0.20419624
0.20508081
0.20596212
0.20687026
0.20779082
0.20872425
0.20968537
0.21066162
0.21165732
0.21266527
0.21369082
0.21472786
0.21578993
0.21686837
0.22055154
0.22142315
0.31008467
0.31077167
0.31146172
0.31215537
0.31285161
0.31355149
0.31425393
0.31495956
0.31566891
0.31638089
0.31709668
0.31781512
0.31853685
0.31926244
0.31999075
0.32072297
0.32145798
0.32219633
0.32293871
0.32368392
0.32443315
0.32518527
0.32594091
0.32670063
0.32746333
0.32823020
0.32900006
0.32977352
0.33055127
0.33133206
0.33211717
0.33290538
0.33369735
0.33449373
0.33529326
0.33609727
0.33690453
0.33771566
0.33853135
0.33934972
0.34017330
0.34100029
0.34183130
0.34266701
0.34350616
0.34435010
0.34519753
0.34604913
0.34690562
0.34776568
0.34863073
0.34949937
0.35037234
0.35125041
0.35213217
0.35301909
0.35390979
0.35480496
0.35570541
0.35660973
0.35751936
0.35843295
0.35935119
0.36027488
0.36120260
0.36213586
0.36307320
0.36401540
0.36496326
0.36591533
0.36687312
0.36783519
0.36880231
0.36977530
0.37075266
0.37173599
0.37272376
0.37371758
0.37471589
0.37571880
0.37672868
0.37774318
0.37876320
0.37978953
0.38082060
0.38185814
0.38290051
0.38394943
0.38500324
0.38606289
0.38712922
0.38820058
0.38927794
0.39036211
0.39145151
0.39254785
0.39364946
0.39475816
0.39587227
0.39699265
0.39812031
0.39925349
0.40039402
0.40154019
0.40269294
0.40385327
0.40501934
0.40619314
0.40737280
0.40855932
0.40975374
0.41095421
0.41203770
0.41311446
0.41419590
0.41528302
0.41610622
0.41692492
0.41774681
0.41855326
0.41910318
0.41965449
0.42020828
0.42071480
0.42099044
0.42126641
0.42154175
0.42175350
0.42176548
0.42177647
0.42178747
0.42173052
0.42149484
0.42126042
0.42097947
0.42067602
0.42037898
0.42030948
0.42074165
0.42182747
0.89852035
0.90140510
0.90431303
0.90723521
0.91018093
0.91314113
0.91612542
0.91912454
0.92214811
0.92518681
0.92825049
0.93132967
0.93443418
0.93755454
0.94070083
0.94386327
0.94705206
0.95025742
0.95348966
0.95673883
0.96001536
0.96330923
0.96663105
0.96997052
0.97333848
0.97672993
0.98013973
0.98357880
0.98703665
0.99052435
0.99403131
0.99756873
1.00112581
1.00471401
1.00832236
1.01196241
1.01562309
1.01931024
1.02302432
1.02677155
1.03054035
1.03434289
1.03816760
1.04202676
1.04590857
1.04982555
1.05376577
1.05774200
1.06174207
1.06577873
1.06983995
1.07393861
1.07806230
1.08222425
1.08641195
1.09063888
1.09489202
1.09918535
1.10350561
1.10786676
1.11225569
1.11668646
1.12114561
1.12564766
1.13017893
1.13475394
1.13935888
1.14400864
1.14868915
1.15341556
1.15817356
1.16297853
1.16781592
1.17270136
1.17762017
1.18258822
1.18759036
1.19264305
1.19773090
1.20287049
1.20804608
1.21327472
1.21854043
1.22386050
1.22922730
1.23463273
1.24009454
1.24559617
1.25115573
1.25675619
1.26241589
1.26811790
1.27388072
1.27968693
1.28555560
1.29146898
1.29744649
0.20148641
0.20232208
0.20318142
0.20404761
0.20492592
0.20580091
0.20669010
0.20760445
0.20853353
0.20947884
0.21044345
0.21143231
0.21243964
0.21346454
0.21450146
0.21555188
0.22048870
0.22124371
0.22634389
0.31062633
0.31131628
0.31200874
0.31270486
0.31340352
0.31410533
0.31481084
0.31551895
0.31623083
0.31694537
0.31766313
0.31838474
0.31910905
0.31983724
0.32056817
0.32130247
0.32204071
0.32278177
0.32352683
0.32427475
0.32502615
0.32578161
0.32654002
0.32730258
0.32806808
0.32883716
0.32961047
0.33038682
0.33116746
0.33195117
0.33273861
0.33353040
0.33432534
0.33512473
0.33592731
0.33673373
0.33754468
0.33835891
0.33917770
0.33999917
0.34082529
0.34165612
0.34249032
0.34332925
0.34417164
0.34501821
0.34586960
0.34672454
0.34758437
0.34844780
0.34931555
0.35018831
0.35106474
0.35194629
0.35283157
0.35372129
0.35461625
0.35551503
0.35641909
0.35732701
0.35823962
0.35915759
0.36007956
0.36100700
0.36193851
0.36287484
0.36381677
0.36476284
0.36571461
0.36667058
0.36763158
0.36859840
0.36956954
0.37054658
0.37152803
0.37251469
0.37350741
0.37450463
0.37550718
0.37651512
0.37752849
0.37854812
0.37957248
0.38060319
0.38163874
0.38267991
0.38372758
0.38478020
0.38583946
0.38690370
0.38797385
0.38905075
0.39013281
0.39122179
0.39231598
0.39341629
0.39452368
0.39563647
0.39675641
0.39788181
0.39901364
0.40015280
0.40129760
0.40244988
0.40360785
0.40477252
0.40594488
0.40712309
0.40830910
0.40950111
0.41070104
0.41190708
0.41306269
0.41414386
0.41523167
0.41632423
0.41728166
0.41810498
0.41893154
0.41976041
0.42042267
0.42097351
0.42152378
0.42207551
0.42242509
0.42270294
0.42298117
0.42325979
0.42331314
0.42332420
0.42333528
0.42334735
0.42313501
0.42289877
0.42264172
0.42233589
0.42202947
0.42180946
0.42205751
0.42290181
0.42508727
0.90369785
0.90662062
0.90955770
0.91251856
0.91549408
0.91849375
0.92150843
0.92454773
0.92760229
0.93068200
0.93377733
0.93689823
0.94003510
0.94319808
0.94637734
0.94958323
0.95280576
0.95605540
0.95932209
0.96261638
0.96592814
0.96926808
0.97262585
0.97601229
0.97941703
0.98285103
0.98630375
0.98978633
0.99328804
0.99682015
1.00037193
1.00395465
1.00755751
1.01119208
1.01484716
1.01852870
1.02223706
1.02597857
1.02974153
1.03353810
1.03735685
1.04120994
1.04508567
1.04899657
1.05293059
1.05690038
1.06089401
1.06492436
1.06897902
1.07307100
1.07718801
1.08134329
1.08552420
1.08974421
1.09399033
1.09827650
1.10258961
1.10694361
1.11133206
1.11574852
1.12020719
1.12469459
1.12922525
1.13378537
1.13838971
1.14302433
1.14770412
1.15241504
1.15717220
1.16196132
1.16679776
1.17166710
1.17658484
1.18153632
1.18653750
1.19157326
1.19665992
1.20178223
1.20695662
1.21216762
1.21743202
1.22273397
1.22809088
1.23348629
1.23893797
1.24442935
1.24997842
1.25556827
1.26121736
1.26690841
1.27266026
1.27845538
1.28431273
1.29021466
1.29618049
1.30219221
0.20136948
0.20219201
0.20303680
0.20389709
0.20476469
0.20564090
0.20652176
0.20742302
0.20834558
0.20928550
0.21025528
0.21123636
0.21223725
0.21326327
0.21430132
0.22035851
0.22111645
0.22479887
0.23355643
0.31117043
0.31186223
0.31255770
0.31325570
0.31395739
0.31466168
0.31536970
0.31608033
0.31679419
0.31751186
0.31823218
0.31895581
0.31968328
0.32041353
0.32114768
0.32188463
0.32262558
0.32336932
0.32411653
0.32486776
0.32562190
0.32637957
0.32714134
0.32790610
0.32867503
0.32944700
0.33022317
0.33100241
0.33178535
0.33257261
0.33336300
0.33415776
0.33495572
0.33575749
0.33656374
0.33737323
0.33818725
0.33900458
0.33982521
0.34065115
0.34148043
0.34231445
0.34315187
0.34399340
0.34483975
0.34568959
0.34654430
0.34740257
0.34826511
0.34913263
0.35000378
0.35088000
0.35175991
0.35264423
0.35353372
0.35442701
0.35532555
0.35622790
0.35713488
0.35804722
0.35896349
0.35988519
0.36081091
0.36174139
0.36267743
0.36361760
0.36456338
0.36551335
0.36646828
0.36742899
0.36839396
0.36936480
0.37033999
0.37132034
0.37230667
0.37329748
0.37429437
0.37529501
0.37630180
0.37731484
0.37833250
0.37935650
0.38038522
0.38141957
0.38246036
0.38350603
0.38455826
0.38561544
0.38667846
0.38774818
0.38882300
0.38990465
0.39099148
0.39208439
0.39318427
0.39428949
0.39540181
0.39651954
0.39764360
0.39877495
0.39991188
0.40105617
0.40220615
0.40336275
0.40452692
0.40569690
0.40687463
0.40805826
0.40924880
0.41044724
0.41165179
0.41286439
0.41408315
0.41517839
0.41627166
0.41736969
0.41846374
0.41929072
0.42012200
0.42095557
0.42174152
0.42229381
0.42284656
0.42340174
0.42386854
0.42415035
0.42442948
0.42470998
0.42487013
0.42488334
0.42489550
0.42490667
0.42478803
0.42454892
0.42431110
0.42400888
0.42370006
0.42343196
0.42346621
0.42406243
0.42545813
0.90600228
0.90893537
0.91189218
0.91486353
0.91785914
0.92086959
0.92390466
0.92695504
0.93003041
0.93312138
0.93623793
0.93937039
0.94252884
0.94570363
0.94890487
0.95212281
0.95536780
0.95862979
0.96191931
0.96522629
0.96856135
0.97191423
0.97529572
0.97869545
0.98212439
0.98557198
0.98904938
0.99254584
0.99607271
0.99961907
1.00319648
1.00679386
1.01042295
1.01407814
1.01774836
1.02145696
1.02518678
1.02894986
1.03273463
1.03655338
1.04039443
1.04427028
1.04816878
1.05210280
1.05606019
1.06005383
1.06407130
1.06812584
1.07220495
1.07632172
1.08046377
1.08464444
1.08885098
1.09309685
1.09736931
1.10168207
1.10602200
1.11040306
1.11481214
1.11926341
1.12374318
1.12826622
1.13281846
1.13741505
1.14204156
1.14671338
1.15141606
1.15616500
1.16094577
1.16577387
1.17063451
1.17554367
1.18048632
1.18547857
1.19050539
1.19558299
1.20069587
1.20586097
1.21106243
1.21631730
1.22160959
1.22695649
1.23234200
1.23778355
1.24326468
1.24880326
1.25438261
1.26002109
1.26571035
1.27144217
1.27723527
1.28307223
1.28897202
1.29491699
1.30092645
1.30698252
0.20126042
0.20207517
0.20289840
0.20373769
0.20460087
0.20547426
0.20635800
0.20724817
0.20817064
0.20910946
0.21006769
0.21104476
0.21204358
0.21307181
0.22018950
0.22098359
0.22362348
0.23180394
0.24130298
0.31171644
0.31241068
0.31310859
0.31380907
0.31451270
0.31522003
0.31592998
0.31664371
0.31736013
0.31808037
0.31880328
0.31952950
0.32025960
0.32099247
0.32172874
0.32246894
0.32321197
0.32395902
0.32470894
0.32546294
0.32621986
0.32698029
0.32774490
0.32851249
0.32928365
0.33005908
0.33083755
0.33162031
0.33240616
0.33319637
0.33398974
0.33478689
0.33558846
0.33639327
0.33720195
0.33801514
0.33883163
0.33965209
0.34047654
0.34130499
0.34213811
0.34297469
0.34381601
0.34466079
0.34550977
0.34636357
0.34722096
0.34808326
0.34894919
0.34982014
0.35069472
0.35157371
0.35245779
0.35334566
0.35423797
0.35513556
0.35603696
0.35694367
0.35785431
0.35877031
0.35969028
0.36061502
0.36154521
0.36247951
0.36341938
0.36436337
0.36531231
0.36626694
0.36722583
0.36819050
0.36915949
0.37013361
0.37111363
0.37209809
0.37308857
0.37408355
0.37508306
0.37608951
0.37710059
0.37811792
0.37913996
0.38016751
0.38120148
0.38224027
0.38328555
0.38433573
0.38539168
0.38645431
0.38752195
0.38859636
0.38967589
0.39076144
0.39185393
0.39295167
0.39405644
0.39516655
0.39628297
0.39740658
0.39853567
0.39967212
0.40081415
0.40196276
0.40311885
0.40428069
0.40545020
0.40662554
0.40780771
0.40899771
0.41019377
0.41139776
0.41260791
0.41382515
0.41505063
0.41621813
0.41731685
0.41842043
0.41952989
0.42048424
0.42131725
0.42215160
0.42298922
0.42362142
0.42417863
0.42473733
0.42529649
0.42560562
0.42588872
0.42617115
0.42643866
0.42645296
0.42646626
0.42647749
0.42645499
0.42621401
0.42597333
0.42569521
0.42538491
0.42507306
0.42495534
0.42535952
0.42637941
0.90831387
0.91126662
0.91423392
0.91722536
0.92023164
0.92326254
0.92630863
0.92937976
0.93247128
0.93557853
0.93871152
0.94186056
0.94503587
0.94822752
0.95144600
0.95468122
0.95794362
0.96122330
0.96453071
0.96785563
0.97120893
0.97458017
0.97798032
0.98139882
0.98484677
0.98831350
0.99181032
0.99532634
0.99887305
1.00243950
1.00603712
1.00965488
1.01330459
1.01696920
1.02067208
1.02439618
1.02815342
1.03193235
1.03574526
1.03958023
1.04345000
1.04734242
1.05127025
1.05522132
1.05920851
1.06321967
1.06726766
1.07134020
1.07545042
1.07958567
1.08375955
1.08795917
1.09219813
1.09646344
1.10076916
1.10510182
1.10947573
1.11387742
1.11832106
1.12279344
1.12730873
1.13185334
1.13644195
1.14106786
1.14572430
1.15042639
1.15515971
1.15993965
1.16475165
1.16961145
1.17450428
1.17944598
1.18442166
1.18944728
1.19450784
1.19961977
1.20476735
1.20996761
1.21520460
1.22049558
1.22582424
1.23120832
1.23663127
1.24211085
1.24763036
1.25320804
1.25882697
1.26450551
1.27022636
1.27600837
1.28183413
1.28772247
1.29365587
1.29965377
1.30569780
1.31180811
0.20114511
0.20195092
0.20276943
0.20359950
0.20444648
0.20531073
0.20619115
0.20708446
0.20799817
0.20893764
0.20989282
0.21085677
0.21185029
0.21997426
0.22083500
0.22272781
0.23007666
0.23969714
0.25047302
0.31226435
0.31296104
0.31366086
0.31436437
0.31507048
0.31578034
0.31649286
0.31720856
0.31792811
0.31865034
0.31937641
0.32010525
0.32083744
0.32157353
0.32231244
0.32305536
0.32380110
0.32455027
0.32530355
0.32605973
0.32682002
0.32758325
0.32835007
0.32912111
0.32989514
0.33067346
0.33145481
0.33223990
0.33302933
0.33382186
0.33461884
0.33541900
0.33622298
0.33703148
0.33784321
0.33865952
0.33947849
0.34030208
0.34113035
0.34196198
0.34279832
0.34363812
0.34448203
0.34533077
0.34618306
0.34704021
0.34790096
0.34876597
0.34963599
0.35050964
0.35138839
0.35227087
0.35315776
0.35404986
0.35494578
0.35584691
0.35675195
0.35766160
0.35857663
0.35949561
0.36042005
0.36134851
0.36228251
0.36322063
0.36416361
0.36511225
0.36606508
0.36702290
0.36798650
0.36895442
0.36992821
0.37090638
0.37189054
0.37287912
0.37387300
0.37487295
0.37587669
0.37688661
0.37790278
0.37892365
0.37995085
0.38098282
0.38202041
0.38306448
0.38411346
0.38516903
0.38622957
0.38729599
0.38836914
0.38944742
0.39053255
0.39162287
0.39272019
0.39382279
0.39493158
0.39604753
0.39716893
0.39829668
0.39943177
0.40057242
0.40172052
0.40287432
0.40403569
0.40520284
0.40637675
0.40755841
0.40874603
0.40994060
0.41114309
0.41235173
0.41356847
0.41479141
0.41602260
0.41726014
0.41836736
0.41947648
0.42059153
0.42168057
0.42251632
0.42335543
0.42419684
0.42495534
0.42551813
0.42608038
0.42664409
0.42706993
0.42735702
0.42764142
0.42792618
0.42803320
0.42804763
0.42805997
0.42807129
0.42789122
0.42764860
0.42739499
0.42708221
0.42676789
0.42652857
0.42670342
0.42752945
0.42952776
0.91360986
0.91659248
0.91959935
0.92262131
0.92566794
0.92872995
0.93181717
0.93492007
0.93804866
0.94119322
0.94436401
0.94755119
0.95076501
0.95399559
0.95725334
0.96052825
0.96383083
0.96715099
0.97049940
0.97386569
0.97726083
0.98067427
0.98411715
0.98757875
0.99107033
0.99458116
0.99812251
1.00168359
1.00527573
1.00888813
1.01253223
1.01619709
1.01988840
1.02360678
1.02735829
1.03113139
1.03493822
1.03877342
1.04263091
1.04652345
1.05043888
1.05438995
1.05836463
1.06237566
1.06641090
1.07048333
1.07458043
1.07871556
1.08287609
1.08707547
1.09130085
1.09556592
1.09985769
1.10419011
1.10854983
1.11295104
1.11738038
1.12185228
1.12635279
1.13089693
1.13547051
1.14008856
1.14473701
1.14943087
1.15415597
1.15892768
1.16373122
1.16858256
1.17346680
1.17839968
1.18336654
1.18838322
1.19343472
1.19853735
1.20367575
1.20886648
1.21409392
1.21937525
1.22469413
1.23006821
1.23548102
1.24095047
1.24645972
1.25202692
1.25763524
1.26330292
1.26901293
1.27478385
1.28059840
1.28647542
1.29239726
1.29838336
1.30442524
1.31051385
1.31666946
0.20102972
0.20183298
0.20264524
0.20346777
0.20430593
0.20515999
0.20602934
0.20692436
0.20782988
0.20876734
0.20972194
0.21068555
0.21974452
0.22062479
0.22211803
0.22847369
0.23791713
0.24888483
0.26074594
0.31281367
0.31351337
0.31421566
0.31492168
0.31563029
0.31634212
0.31705770
0.31777599
0.31849810
0.31922293
0.31995106
0.32068309
0.32141793
0.32215670
0.32289830
0.32364330
0.32439235
0.32514429
0.32590032
0.32665926
0.32742175
0.32818845
0.32895809
0.32973197
0.33050892
0.33128950
0.33207440
0.33286241
0.33365482
0.33445036
0.33524969
0.33605349
0.33686054
0.33767208
0.33848694
0.33930507
0.34012848
0.34095523
0.34178665
0.34262151
0.34346041
0.34430414
0.34515134
0.34600338
0.34685898
0.34771881
0.34858361
0.34945202
0.35032547
0.35120261
0.35208413
0.35297081
0.35386124
0.35475689
0.35565639
0.35656044
0.35746983
0.35838315
0.35930187
0.36022457
0.36115205
0.36208501
0.36302212
0.36396480
0.36491165
0.36586344
0.36682096
0.36778274
0.36875036
0.36972231
0.37069938
0.37168244
0.37266991
0.37366343
0.37466148
0.37566409
0.37667367
0.37768790
0.37870839
0.37973362
0.38076439
0.38180164
0.38284367
0.38389227
0.38494581
0.38600510
0.38707113
0.38814220
0.38922006
0.39030305
0.39139211
0.39248812
0.39358941
0.39469779
0.39581153
0.39693159
0.39805886
0.39919171
0.40033188
0.40147769
0.40263009
0.40379006
0.40495577
0.40612918
0.40730849
0.40849465
0.40968868
0.41088876
0.41209686
0.41331109
0.41453254
0.41576219
0.41699818
0.41824251
0.41942212
0.42053789
0.42165658
0.42278227
0.42372122
0.42456511
0.42541239
0.42626300
0.42686510
0.42743194
0.42799923
0.42854330
0.42883340
0.42912287
0.42940858
0.42962521
0.42963973
0.42965424
0.42966565
0.42958269
0.42933711
0.42909390
0.42879313
0.42847729
0.42818764
0.42818353
0.42871463
0.43008816
0.91596043
0.91896319
0.92198092
0.92502338
0.92808110
0.93116397
0.93426251
0.93738669
0.94052684
0.94369310
0.94687575
0.95008498
0.95331603
0.95656401
0.95983940
0.96313202
0.96645260
0.96979088
0.97315758
0.97654241
0.97995627
0.98338860
0.98685056
0.99033147
0.99384260
0.99737310
1.00093436
1.00451553
1.00812817
1.01176107
1.01542604
1.01910603
1.02282453
1.02656436
1.03033757
1.03413260
1.03796172
1.04181325
1.04569960
1.04960895
1.05355370
1.05752206
1.06152678
1.06555545
1.06962132
1.07371187
1.07784033
1.08199406
1.08618665
1.09040499
1.09466314
1.09894776
1.10327303
1.10762548
1.11201942
1.11644137
1.12090564
1.12539864
1.12993491
1.13450074
1.13911092
1.14375138
1.14843714
1.15315413
1.15791738
1.16271269
1.16755545
1.17243099
1.17735529
1.18231320
1.18732107
1.19237149
1.19745696
1.20259416
1.20776737
1.21299362
1.21825695
1.22357452
1.22893023
1.23434162
1.23979223
1.24529994
1.25084794
1.25645459
1.26210260
1.26781082
1.27356172
1.27937424
1.28523076
1.29115045
1.29711556
1.30314565
1.30922234
1.31536567
1.32155716
0.20090607
0.20172046
0.20252788
0.20334040
0.20417094
0.20501302
0.20587374
0.20676430
0.20766596
0.20861687
0.20957576
0.21950904
0.22039014
0.22155902
0.22716279
0.23616743
0.24702969
0.25946471
0.27105498
0.31336546
0.31406763
0.31477243
0.31548038
0.31619206
0.31690642
0.31762403
0.31834543
0.31906956
0.31979758
0.32052836
0.32126305
0.32200050
0.32274139
0.32348627
0.32423401
0.32498521
0.32574049
0.32649869
0.32726103
0.32802635
0.32879585
0.32956836
0.33034453
0.33112496
0.33190846
0.33269569
0.33348727
0.33428201
0.33508119
0.33588356
0.33669043
0.33750051
0.33831453
0.33913311
0.33995438
0.34078094
0.34161085
0.34244484
0.34328356
0.34412575
0.34497273
0.34582323
0.34667793
0.34753755
0.34840074
0.34926894
0.35014078
0.35101700
0.35189828
0.35278332
0.35367352
0.35456750
0.35546604
0.35636985
0.35727754
0.35819060
0.35910758
0.36002931
0.36095649
0.36188775
0.36282453
0.36376545
0.36471128
0.36566275
0.36661848
0.36757997
0.36854574
0.36951661
0.37049338
0.37147453
0.37246171
0.37345335
0.37445027
0.37545252
0.37646016
0.37747404
0.37849259
0.37951663
0.38054708
0.38158229
0.38262397
0.38367051
0.38472283
0.38578176
0.38684568
0.38791636
0.38899210
0.39007384
0.39116246
0.39225632
0.39335719
0.39446336
0.39557579
0.39669538
0.39782044
0.39895281
0.40009075
0.40123516
0.40238708
0.40354472
0.40470994
0.40588099
0.40705886
0.40824449
0.40943611
0.41063568
0.41184133
0.41305408
0.41427493
0.41550210
0.41673750
0.41797930
0.41922754
0.42048323
0.42160267
0.42272806
0.42385846
0.42493099
0.42578176
0.42663386
0.42748940
0.42821854
0.42879209
0.42936301
0.42993546
0.43032002
0.43061152
0.43090233
0.43119147
0.43124372
0.43125835
0.43127295
0.43128446
0.43104008
0.43079388
0.43051776
0.43019938
0.42988044
0.42970401
0.43007985
0.43105260
0.91832793
0.92134625
0.92437965
0.92743796
0.93051171
0.93361080
0.93672568
0.93986636
0.94302320
0.94620633
0.94940597
0.95263237
0.95587569
0.95914632
0.96243423
0.96574998
0.96908337
0.97244519
0.97582501
0.97923386
0.98266113
0.98611796
0.98959374
0.99309957
0.99662483
1.00018072
1.00375652
1.00736368
1.01099110
1.01465046
1.01832473
1.02203751
1.02577162
1.02953899
1.03332818
1.03715134
1.04099679
1.04487705
1.04878020
1.05271876
1.05668080
1.06067908
1.06470776
1.06876075
1.07285118
1.07696652
1.08112001
1.08529913
1.08951735
1.09376180
1.09804618
1.10235751
1.10670960
1.11108935
1.11551082
1.11996055
1.12445307
1.12897468
1.13353992
1.13813496
1.14277482
1.14744520
1.15216136
1.15690899
1.16170347
1.16653013
1.17140484
1.17631269
1.18126976
1.18626070
1.19130218
1.19637847
1.20150638
1.20667028
1.21188700
1.21714067
1.22244847
1.22779441
1.23319578
1.23863626
1.24413359
1.24967122
1.25526726
1.26090467
1.26660192
1.27234185
1.27814317
1.28398848
1.28989673
1.29585028
1.30186844
1.30793321
1.31406450
1.32024372
1.32649112
0.20078595
0.20160599
0.20241503
0.20321643
0.20404105
0.20487900
0.20572408
0.20660758
0.20750450
0.20844854
0.21928054
0.22015682
0.22127616
0.22611474
0.23434883
0.24492501
0.25789452
0.26994514
0.28225484
0.31391919
0.31462330
0.31533116
0.31604162
0.31675529
0.31747276
0.31819293
0.31891695
0.31964368
0.32037374
0.32110772
0.32184449
0.32258523
0.32332879
0.32407579
0.32482687
0.32558081
0.32633889
0.32709986
0.32786444
0.32863316
0.32940492
0.33018091
0.33095995
0.33174267
0.33252975
0.33331993
0.33411449
0.33491224
0.33571377
0.33651984
0.33732912
0.33814293
0.33896005
0.33978111
0.34060618
0.34143525
0.34226903
0.34310624
0.34394753
0.34479365
0.34564328
0.34649774
0.34735578
0.34821877
0.34908539
0.34995630
0.35083228
0.35171193
0.35259673
0.35348529
0.35437834
0.35527661
0.35617873
0.35708618
0.35799754
0.35891354
0.35983500
0.36076045
0.36169067
0.36262646
0.36356634
0.36451188
0.36546156
0.36641699
0.36737666
0.36834136
0.36931190
0.37028682
0.37126690
0.37225294
0.37324348
0.37424007
0.37524042
0.37624770
0.37725964
0.37827703
0.37930071
0.38032916
0.38136399
0.38240367
0.38344902
0.38450095
0.38555780
0.38662136
0.38768992
0.38876441
0.38984573
0.39093223
0.39202565
0.39312437
0.39422923
0.39534122
0.39645860
0.39758322
0.39871332
0.39984989
0.40099385
0.40214345
0.40330061
0.40446350
0.40563312
0.40681046
0.40799373
0.40918481
0.41038194
0.41158611
0.41279832
0.41401672
0.41524330
0.41647619
0.41771641
0.41896507
0.42021921
0.42148286
0.42267284
0.42380396
0.42494014
0.42608345
0.42700437
0.42786241
0.42872289
0.42958063
0.43015781
0.43073550
0.43131164
0.43181595
0.43211052
0.43240443
0.43269664
0.43285972
0.43287447
0.43288919
0.43290287
0.43275553
0.43250740
0.43225637
0.43193540
0.43161491
0.43135554
0.43146113
0.43225846
0.43410856
0.92373687
0.92679095
0.92986035
0.93295515
0.93606561
0.93920183
0.94235420
0.94553280
0.94872791
0.95194972
0.95518833
0.95845431
0.96173745
0.96504837
0.96837693
0.97173381
0.97510874
0.97851253
0.98194021
0.98538649
0.98886257
0.99235773
0.99588323
0.99942827
1.00300431
1.00660026
1.01022792
1.01387608
1.01755059
1.02125180
1.02498603
1.02874172
1.03253090
1.03634214
1.04018772
1.04405582
1.04795897
1.05188525
1.05584717
1.05983293
1.06385505
1.06790161
1.07198536
1.07609403
1.08024085
1.08441317
1.08862448
1.09286201
1.09713936
1.10144341
1.10578835
1.11016071
1.11457479
1.11901712
1.12350202
1.12801600
1.13257349
1.13716066
1.14179254
1.14645493
1.15116298
1.15590227
1.16068840
1.16550672
1.17037284
1.17527199
1.18022025
1.18520236
1.19023466
1.19530201
1.20042062
1.20557511
1.21078241
1.21602643
1.22132456
1.22666907
1.23205197
1.23749089
1.24296951
1.24850547
1.25408220
1.25971782
1.26539540
1.27113342
1.27691460
1.28275788
1.28864539
1.29459679
1.30059385
1.30665624
1.31276584
1.31894255
1.32516789
1.33146214
0.20004335
0.20147820
0.20230208
0.20310397
0.20390689
0.20474137
0.20557819
0.20644535
0.20734280
0.20855966
0.21993214
0.22109778
0.22523551
0.23256928
0.24291854
0.25620815
0.26858228
0.28079045
0.29496899
0.31447491
0.31518152
0.31589130
0.31660488
0.31732109
0.31804115
0.31876388
0.31948993
0.32021984
0.32095253
0.32168919
0.32242861
0.32317147
0.32391834
0.32466808
0.32542190
0.32617861
0.32693887
0.32770327
0.32847065
0.32924223
0.33001685
0.33079511
0.33157769
0.33236334
0.33315337
0.33394650
0.33474344
0.33554482
0.33634940
0.33715850
0.33797085
0.33878714
0.33960739
0.34043160
0.34126049
0.34209275
0.34292910
0.34377018
0.34461474
0.34546417
0.34631708
0.34717423
0.34803632
0.34890199
0.34977269
0.35064706
0.35152578
0.35240966
0.35329726
0.35419005
0.35508665
0.35598785
0.35689428
0.35780466
0.35872042
0.35964015
0.36056459
0.36149454
0.36242858
0.36336818
0.36431193
0.36526057
0.36621496
0.36717355
0.36813796
0.36910668
0.37008050
0.37106025
0.37204444
0.37303463
0.37402931
0.37502855
0.37603471
0.37704548
0.37806252
0.37908423
0.38011149
0.38114515
0.38218364
0.38322860
0.38427848
0.38533413
0.38639641
0.38746375
0.38853785
0.38961706
0.39070311
0.39179441
0.39289182
0.39399624
0.39510605
0.39622208
0.39734536
0.39847413
0.39961022
0.40075189
0.40190104
0.40305585
0.40421733
0.40538648
0.40656143
0.40774325
0.40893289
0.41012853
0.41133216
0.41254193
0.41375977
0.41498384
0.41621521
0.41745487
0.41870096
0.41995451
0.42121556
0.42248425
0.42374745
0.42488536
0.42602736
0.42717651
0.42823297
0.42909804
0.42996454
0.43083352
0.43153226
0.43211472
0.43269768
0.43327907
0.43361893
0.43391594
0.43421233
0.43448895
0.43450275
0.43451759
0.43453243
0.43448576
0.43423563
0.43398473
0.43368655
0.43336239
0.43305033
0.43299764
0.43349645
0.43483496
0.92614478
0.92921478
0.93230033
0.93541139
0.93853831
0.94169116
0.94486028
0.94805586
0.95126802
0.95450711
0.95776325
0.96104681
0.96434778
0.96767676
0.97102350
0.97439879
0.97779226
0.98121488
0.98465610
0.98812699
0.99161690
0.99513716
0.99867690
1.00224757
1.00583816
1.00946021
1.01310277
1.01677167
1.02046728
1.02419579
1.02794564
1.03172898
1.03553426
1.03937387
1.04323590
1.04713297
1.05105293
1.05500865
1.05898798
1.06300378
1.06704378
1.07112098
1.07522297
1.07936311
1.08352864
1.08773315
1.09196365
1.09623384
1.10053086
1.10486865
1.10924065
1.11364043
1.11808228
1.12255263
1.12706602
1.13160861
1.13619530
1.14081192
1.14547372
1.15016615
1.15490484
1.15967512
1.16449261
1.16934252
1.17424083
1.17917252
1.18415368
1.18916917
1.19423532
1.19933677
1.20449018
1.20967984
1.21492267
1.22020268
1.22553730
1.23091030
1.23633921
1.24180746
1.24733317
1.25289941
1.25852442
1.26419115
1.26991820
1.27568829
1.28152037
1.28739655
1.29333627
1.29932165
1.30537224
1.31146979
1.31763434
1.32384717
1.33012891
1.33646047
0.19899094
0.19398543
0.20216216
0.20299141
0.20379040
0.20459664
0.20543015
0.20628889
0.20746823
0.21972662
0.22096138
0.22457312
0.23084109
0.24086446
0.25436729
0.26719379
0.27944377
0.29326662
0.31432608
0.31503201
0.31574169
0.31645402
0.31717014
0.31788892
0.31861097
0.31933689
0.32006556
0.32079753
0.32153344
0.32227218
0.32301489
0.32376045
0.32451004
0.32526252
0.32601851
0.32677862
0.32754165
0.32830888
0.32907912
0.32985297
0.33063108
0.33141226
0.33219773
0.33298633
0.33377868
0.33457544
0.33537540
0.33617979
0.33698744
0.33779898
0.33861506
0.33943382
0.34025785
0.34108523
0.34191665
0.34275278
0.34359235
0.34443671
0.34528458
0.34613660
0.34699354
0.34785405
0.34871951
0.34958860
0.35046205
0.35134053
0.35222277
0.35311013
0.35400128
0.35489693
0.35579786
0.35670263
0.35761273
0.35852680
0.35944551
0.36036971
0.36129791
0.36223167
0.36316949
0.36411220
0.36506057
0.36601314
0.36697146
0.36793402
0.36890167
0.36987519
0.37085307
0.37183693
0.37282524
0.37381881
0.37481847
0.37582192
0.37683237
0.37784743
0.37886798
0.37989488
0.38092655
0.38196465
0.38300762
0.38405627
0.38511154
0.38617176
0.38723868
0.38831070
0.38938862
0.39047343
0.39156345
0.39266041
0.39376268
0.39487115
0.39598674
0.39710778
0.39823610
0.39936993
0.40051025
0.40165800
0.40281141
0.40397242
0.40513921
0.40631273
0.40749404
0.40868127
0.40987641
0.41107759
0.41228583
0.41350216
0.41472474
0.41595551
0.41719264
0.41843718
0.41968912
0.42094862
0.42221668
0.42349139
0.42477384
0.42597127
0.42712015
0.42827523
0.42943656
0.43033877
0.43121132
0.43208638
0.43291658
0.43350172
0.43408948
0.43467674
0.43513897
0.43543702
0.43573654
0.43603542
0.43614438
0.43615827
0.43617323
0.43618608
0.43596599
0.43570560
0.43542317
0.43509007
0.43475744
0.43452713
0.43487746
0.43584856
0.92856526
0.93164647
0.93475312
0.93787563
0.94102407
0.94418871
0.94737971
0.95058727
0.95382178
0.95707321
0.96035206
0.96364820
0.96697235
0.97031420
0.97368455
0.97707307
0.98049062
0.98392677
0.98739249
0.99087727
0.99439222
0.99792665
1.00149190
1.00507712
1.00869370
1.01233649
1.01599979
1.01968980
1.02340674
1.02715671
1.03092825
1.03473377
1.03856122
1.04242337
1.04630816
1.05022812
1.05417144
1.05815077
1.06215382
1.06619370
1.07025802
1.07435989
1.07848680
1.08265221
1.08684313
1.09107339
1.09533000
1.09962666
1.10395038
1.10831511
1.11270761
1.11714196
1.12160480
1.12611055
1.13064551
1.13522434
1.13983309
1.14448678
1.14917123
1.15390158
1.15866363
1.16347265
1.16831410
1.17320383
1.17812681
1.18309903
1.18810558
1.19316268
1.19825494
1.20339906
1.20857918
1.21381247
1.21908295
1.22440779
1.22977078
1.23518956
1.24064767
1.24616301
1.25171876
1.25733316
1.26299810
1.26870537
1.27447355
1.28028524
1.28615940
1.29207838
1.29806149
1.30409074
1.31018591
1.31632864
1.32253897
1.32879841
1.33512723
1.34150660
0.20158407
0.20076443
0.19473650
0.20286001
0.20367405
0.20447256
0.20528847
0.20637092
0.21954559
0.22072875
0.22402707
0.22951360
0.23889644
0.25252473
0.26570454
0.27796796
0.29148927
0.31417739
0.31488323
0.31559166
0.31630331
0.31701875
0.31773683
0.31845877
0.31918344
0.31991196
0.32064325
0.32137787
0.32211646
0.32285789
0.32360271
0.32435158
0.32510331
0.32585916
0.32661793
0.32738081
0.32814670
0.32891616
0.32968983
0.33046657
0.33124697
0.33203167
0.33281946
0.33361167
0.33440700
0.33520678
0.33600974
0.33681655
0.33762792
0.33844253
0.33926108
0.34008363
0.34091017
0.34174138
0.34257600
0.34341535
0.34425819
0.34510517
0.34595698
0.34681234
0.32414603
0.34853652
0.34940469
0.35027790
0.35115477
0.35203677
0.35292250
0.35381269
0.35470811
0.35560736
0.35651189
0.35742030
0.35833335
0.35925183
0.36017427
0.36110222
0.36203420
0.36297104
0.36391345
0.36486003
0.36581230
0.36676881
0.36773032
0.36869764
0.36966932
0.37064689
0.37162888
0.37261608
0.37360933
0.37460709
0.37561020
0.37661868
0.37763262
0.37865281
0.37967774
0.38070902
0.38174513
0.38278687
0.38383517
0.38488838
0.38594821
0.38701305
0.38808379
0.38916132
0.39024401
0.39133358
0.39242840
0.39352936
0.39463741
0.39575079
0.39687139
0.39799747
0.39912993
0.40026978
0.40141523
0.40256819
0.40372685
0.40489221
0.40606526
0.40724418
0.40843090
0.40962362
0.41082332
0.41203102
0.41324490
0.41446689
0.41569519
0.41693076
0.41817471
0.41942412
0.42068300
0.42194843
0.42322153
0.42450336
0.42579195
0.42706275
0.42821854
0.42937958
0.43054694
0.43158665
0.43246534
0.43334657
0.43422928
0.43489766
0.43548924
0.43608135
0.43666971
0.43696988
0.43727151
0.43757248
0.43779203
0.43779847
0.43780386
0.43780926
0.43768331
0.43742087
0.43715873
0.43682724
0.43649089
0.43621066
0.43628976
0.43707502
0.43897098
0.93409586
0.93721890
0.94035792
0.94352305
0.94670451
0.94991261
0.95313740
0.95638925
0.95965827
0.96295488
0.96626896
0.96961123
0.97297138
0.97636026
0.97976744
0.98320395
0.98665911
0.99014419
0.99364841
0.99718314
1.00073743
1.00432289
1.00792837
1.01156557
1.01522338
1.01890767
1.02261889
1.02636302
1.03012884
1.03392839
1.03774989
1.04160595
1.04548466
1.04939854
1.05333555
1.05730855
1.06130517
1.06533861
1.06939638
1.07349169
1.07761192
1.08177054
1.08595467
1.09017801
1.09442759
1.09871721
1.10303378
1.10739124
1.11177635
1.11620331
1.12065864
1.12515676
1.12968397
1.13425493
1.13885581
1.14350152
1.14817798
1.15290010
1.15766144
1.16245449
1.16729510
1.17216849
1.17709064
1.18204629
1.18705189
1.19209194
1.19718313
1.20230985
1.20748878
1.21270442
1.21797347
1.22328019
1.22864187
1.23404217
1.23949873
1.24499512
1.25054920
1.25614417
1.26179850
1.26749480
1.27325201
1.27905250
1.28491533
1.29082274
1.29679430
1.30281174
1.30889499
1.31502557
1.32122362
1.32747054
1.33378673
1.34015322
1.34659100
0.20242539
0.20243368
0.20215113
0.19557500
0.20356759
0.20436597
0.20536213
0.21939297
0.22052339
0.22358949
0.22847487
0.23697862
0.24999532
0.26377639
0.27623644
0.28949535
0.31402940
0.31473401
0.31544179
0.31615332
0.31686750
0.31758550
0.31830615
0.31903011
0.31975794
0.32048851
0.32122302
0.32196033
0.32270101
0.32344571
0.32419327
0.32494485
0.32569936
0.32645738
0.32721955
0.32798466
0.32875395
0.32952628
0.33030224
0.33108246
0.33186576
0.33265340
0.33344418
0.33423871
0.33503768
0.33583984
0.33664647
0.33745638
0.33827081
0.33908853
0.33990958
0.34073591
0.34156564
0.34239939
0.34323791
0.34407985
0.34492663
0.34577689
0.34663135
0.32395136
0.32399264
0.32485294
0.35009328
0.35096923
0.35185030
0.35273507
0.35362503
0.35451877
0.35541707
0.35632062
0.35722807
0.35814086
0.35905761
0.35997906
0.36090600
0.36183700
0.36277351
0.36371419
0.36465973
0.36561096
0.36656639
0.36752760
0.36849311
0.36946368
0.37044019
0.37142107
0.37240794
0.37339929
0.37439671
0.37539789
0.37640524
0.37741882
0.37843707
0.37946081
0.38049093
0.38152584
0.38256723
0.38361347
0.38466629
0.38572407
0.38678768
0.38785803
0.38893345
0.39001486
0.39110315
0.39219669
0.39329723
0.39440307
0.39551601
0.39663440
0.39775911
0.39889112
0.40002871
0.40117368
0.40232435
0.40348160
0.40464646
0.40581715
0.40699556
0.40817991
0.40937114
0.41057032
0.41177559
0.41298890
0.41420841
0.41543517
0.41667020
0.41791159
0.41916040
0.42041671
0.42168057
0.42295304
0.42423221
0.42552018
0.42681494
0.42811763
0.42932159
0.43048966
0.43166307
0.43284184
0.43372566
0.43461201
0.43550307
0.43630368
0.43689802
0.43749505
0.43809265
0.43851355
0.43880865
0.43910310
0.43939683
0.43943372
0.43944022
0.43944564
0.43941528
0.43914968
0.43888655
0.43857729
0.43823934
0.43790942
0.43784371
0.43834618
0.43970725
0.93655813
0.93969274
0.94285339
0.94603032
0.94923383
0.95245397
0.95570123
0.95896548
0.96225733
0.96556664
0.96890402
0.97225928
0.97564316
0.97904533
0.98247677
0.98592681
0.98940670
0.99290574
0.99643511
0.99998409
1.00356412
1.00716412
1.01079583
1.01444805
1.01812673
1.02183223
1.02557063
1.02933061
1.03312421
1.03694594
1.04078984
1.04466856
1.04857016
1.05250716
1.05646765
1.06046426
1.06448495
1.06854260
1.07262492
1.07674491
1.08089030
1.08507419
1.08928406
1.09353340
1.09780920
1.10212541
1.10646880
1.11085355
1.11526620
1.11972106
1.12420452
1.12873125
1.13328731
1.13788760
1.14251804
1.14719379
1.15190041
1.15665340
1.16143811
1.16627026
1.17113519
1.17604852
1.18099546
1.18599200
1.19102311
1.19610512
1.20122266
1.20639217
1.21159828
1.21685779
1.22215474
1.22750652
1.23289680
1.23834324
1.24382937
1.24937308
1.25495756
1.26060104
1.26628661
1.27203274
1.27782214
1.28367364
1.28956974
1.29552960
1.30153525
1.30760658
1.31373477
1.31991076
1.32615519
1.33244884
1.33881259
1.34522736
1.35171413
0.20327446
0.20328282
0.20327887
0.20309424
0.20026301
0.20447208
0.21924327
0.22027206
0.22314635
0.22762787
0.23522213
0.24739087
0.26195389
0.27426878
0.28732342
0.30400923
0.31458494
0.31529260
0.31600291
0.31671697
0.31743371
0.31815368
0.31887752
0.31960407
0.32033452
0.32106775
0.32180434
0.32254490
0.32328829
0.32403567
0.32478598
0.32553974
0.32629761
0.32705840
0.32782337
0.32859132
0.32936287
0.33013865
0.33091751
0.33170065
0.33248690
0.33327687
0.33407122
0.33486876
0.33567074
0.33647594
0.33728501
0.33809862
0.33891553
0.33973637
0.34056121
0.34139007
0.34222361
0.34306061
0.34390235
0.34474757
0.34559697
0.33540890
0.32388061
0.32378694
0.32460946
0.32545224
0.32739225
0.35166401
0.35254854
0.35343686
0.35432965
0.35522768
0.35612956
0.35703674
0.35794786
0.35886362
0.35978481
0.36071000
0.36164069
0.36257550
0.36351511
0.36446038
0.36540979
0.36636496
0.36732435
0.36828879
0.36925906
0.37023368
0.37121424
0.37219924
0.37318948
0.37418580
0.37518585
0.37619284
0.37720448
0.37822157
0.37924495
0.38027310
0.38130763
0.38234699
0.38339204
0.38444364
0.38550019
0.38656342
0.38763165
0.38870582
0.38978684
0.39087299
0.39196610
0.39306447
0.39416900
0.39528063
0.39639768
0.39752194
0.39865172
0.39978793
0.40093154
0.40208077
0.40323755
0.40440008
0.40556934
0.40674633
0.40792921
0.40911993
0.41031668
0.41152045
0.41273227
0.41395026
0.41517645
0.41640896
0.41764879
0.41889703
0.42015076
0.42141402
0.42268389
0.42396143
0.42524773
0.42654085
0.42784289
0.42915183
0.43043032
0.43160444
0.43278500
0.43396991
0.43499330
0.43588486
0.43678117
0.43768007
0.43831703
0.43891686
0.43951184
0.44004640
0.44034252
0.44063899
0.44093481
0.44108120
0.44108775
0.44109431
0.44109979
0.44089329
0.44062701
0.44034252
0.44000182
0.43965948
0.43941635
0.43975830
0.44074592
0.93902844
0.94218463
0.94535708
0.94855601
0.95177662
0.95501411
0.95827883
0.96156079
0.96487051
0.96819782
0.97155350
0.97492713
0.97832966
0.98175067
0.98520106
0.98867035
0.99216962
0.99568826
0.99923754
1.00280654
1.00640678
1.01002729
1.01367974
1.01734698
1.02105260
1.02477944
1.02853954
1.03232133
1.03613710
1.03997505
1.04384768
1.04774308
1.05167389
1.05562806
1.05961835
1.06363261
1.06768382
1.07175946
1.07587290
1.08001149
1.08418858
1.08839154
1.09263384
1.09690273
1.10121179
1.10554790
1.10992539
1.11433065
1.11877799
1.12325394
1.12777293
1.13232124
1.13691378
1.14153624
1.14620388
1.15090239
1.15564716
1.16042352
1.16524732
1.17010355
1.17500818
1.17994642
1.18493414
1.18996418
1.19502914
1.20014548
1.20529759
1.21050239
1.21574414
1.22103977
1.22637320
1.23176205
1.23718989
1.24267447
1.24819911
1.25378191
1.25940585
1.26508963
1.27081585
1.27660322
1.28243434
1.28832829
1.29426730
1.30027080
1.30632067
1.31243670
1.31860065
1.32483256
1.33111370
1.33746469
1.34386647
1.35034001
1.35686588
0.20414191
0.20412832
0.20411265
0.20411359
0.21829015
0.21910509
0.22004850
0.22271192
0.22688656
0.23368399
0.24521282
0.26065582
0.27225021
0.28510842
0.30129534
0.31443658
0.31514302
0.31585318
0.31656602
0.31728208
0.31800193
0.31872451
0.31945035
0.32018012
0.32091263
0.32164907
0.32238832
0.32313159
0.32387769
0.32462722
0.32538086
0.32613736
0.32689744
0.32766163
0.32842883
0.32920024
0.32997465
0.33075333
0.33153507
0.33232054
0.33311033
0.33390328
0.33470064
0.33550119
0.33630556
0.33711445
0.33792660
0.33874330
0.33956268
0.34038669
0.34121534
0.34204739
0.34288415
0.34372437
0.34456873
0.34541792
0.34627059
0.32388297
0.32364979
0.32441837
0.32524469
0.32608479
0.32693705
0.32890338
0.35324889
0.35414144
0.35503781
0.35593942
0.35684493
0.35775506
0.35867056
0.35959002
0.36051494
0.36144391
0.36237767
0.36331701
0.36426049
0.36520964
0.36616299
0.36712131
0.36808544
0.36905387
0.37002820
0.37100691
0.37199080
0.37298068
0.37397510
0.37497562
0.37597990
0.37699038
0.37800711
0.37902853
0.38005632
0.38108885
0.38212702
0.38317168
0.38422126
0.38527742
0.38633856
0.38740557
0.38847932
0.38955823
0.39064395
0.39173493
0.39283198
0.39393610
0.39504552
0.39616212
0.39728418
0.39841259
0.39954832
0.40068966
0.40183842
0.40299290
0.40415403
0.40532279
0.40649739
0.40767977
0.40886807
0.41006336
0.41126660
0.41247594
0.41369340
0.41491711
0.41614807
0.41738734
0.41863301
0.41988614
0.42114681
0.42241505
0.42369199
0.42497563
0.42626813
0.42756745
0.42887473
0.43019107
0.43151447
0.43272504
0.43391171
0.43510386
0.43626839
0.43716627
0.43806675
0.43897206
0.43973875
0.44033378
0.44093153
0.44153088
0.44188711
0.44218567
0.44248465
0.44273999
0.44274881
0.44275430
0.44276091
0.44265082
0.44238129
0.44211319
0.44177744
0.44143343
0.44114134
0.44121021
0.44200012
0.44394469
0.94468975
0.94787914
0.95109516
0.95432800
0.95758808
0.96086526
0.96417022
0.96749270
0.97084343
0.97421217
0.97760969
0.98102558
0.98447090
0.98793507
0.99142915
0.99494249
0.99848646
1.00205004
1.00564492
1.00925994
1.01290679
1.01657426
1.02026844
1.02398956
1.02774382
1.03151977
1.03532958
1.03916156
1.04302812
1.04691732
1.05084193
1.05478990
1.05877388
1.06278169
1.06682634
1.07089543
1.07500219
1.07914066
1.08330441
1.08750713
1.09173596
1.09600437
1.10029960
1.10463548
1.10899878
1.11340356
1.11783648
1.12231195
1.12681627
1.13136411
1.13594151
1.14056337
1.14521575
1.14991355
1.15464258
1.15941834
1.16422606
1.16908145
1.17396986
1.17890704
1.18387806
1.18889916
1.19395506
1.19906211
1.20420504
1.20940030
1.21463251
1.21991837
1.22524214
1.23062098
1.23603868
1.24151301
1.24702728
1.25259960
1.25821304
1.26388597
1.26960123
1.27537751
1.28119743
1.28708005
1.29300749
1.29899931
1.30503726
1.31114137
1.31729305
1.32351255
1.32978117
1.33611941
1.34250832
1.34896874
1.35548139
1.36206770
0.20501374
0.20499720
0.20495425
0.21816787
0.21897464
0.21988568
0.22218291
0.22625096
0.23246661
0.24333894
0.25906631
0.27014917
0.28260168
0.29850528
0.31428778
0.31499356
0.31570306
0.31641522
0.31713113
0.31784976
0.31857163
0.31929737
0.32002583
0.32075822
0.32149339
0.32223192
0.32297444
0.32371983
0.32446924
0.32522154
0.32597733
0.32673723
0.32750008
0.32826713
0.32903713
0.32981080
0.33058870
0.33136967
0.33215496
0.33294335
0.33373612
0.33453205
0.33533180
0.33613601
0.33694342
0.33775476
0.33857062
0.33938918
0.34021297
0.34104013
0.34187132
0.34270725
0.34354660
0.34439072
0.34523836
0.34609017
0.32453430
0.32352272
0.32426059
0.32505760
0.32588303
0.32672521
0.32757783
0.32845125
0.33042055
0.35484812
0.35574877
0.35665330
0.35756317
0.35847697
0.35939616
0.36031938
0.36124733
0.36218080
0.36311838
0.36406082
0.36500892
0.36596122
0.36691925
0.36788157
0.36884969
0.36982217
0.37079978
0.37178335
0.37277135
0.37376544
0.37476403
0.37576720
0.37677732
0.37779209
0.37881318
0.37983897
0.38087031
0.38190812
0.38295075
0.38399994
0.38505405
0.38611397
0.38718057
0.38825226
0.38933071
0.39041433
0.39150402
0.39260066
0.39370257
0.39481157
0.39592597
0.39704669
0.39817464
0.39930812
0.40044898
0.40159547
0.40274853
0.40390918
0.40507558
0.40624967
0.40742967
0.40861654
0.40981129
0.41101208
0.41222090
0.41343591
0.41465807
0.41588846
0.41712520
0.41837031
0.41962087
0.42087993
0.42214757
0.42342189
0.42470491
0.42599472
0.42729238
0.42859903
0.42991263
0.43123534
0.43256518
0.43385145
0.43504432
0.43624273
0.43744880
0.43845415
0.43935996
0.44026408
0.44115883
0.44175988
0.44236150
0.44296366
0.44344038
0.44374326
0.44404435
0.44434476
0.44442019
0.44442794
0.44443351
0.44442239
0.44414961
0.44388047
0.44356856
0.44322175
0.44287768
0.44279948
0.44330564
0.44468999
0.94720328
0.95041472
0.95364290
0.95689827
0.96017075
0.96347088
0.96678853
0.97013444
0.97349823
0.97689074
0.98030162
0.98374188
0.98720634
0.99068975
0.99420339
0.99773645
1.00130033
1.00488412
1.00849938
1.01213503
1.01580274
1.01948535
1.02320671
1.02694929
1.03072536
1.03452325
1.03835535
1.04220974
1.04609907
1.05001140
1.05395925
1.05793059
1.06193841
1.06597018
1.07003927
1.07413304
1.07826471
1.08242178
1.08661759
1.09083939
1.09510088
1.09938896
1.10371768
1.10807371
1.11247110
1.11689663
1.12136459
1.12586129
1.13040137
1.13497102
1.13958502
1.14422929
1.14891899
1.15363991
1.15840721
1.16320658
1.16805351
1.17293322
1.17786169
1.18282390
1.18783605
1.19288290
1.19798076
1.20311439
1.20830023
1.21352279
1.21879911
1.22412145
1.22948194
1.23489821
1.24035382
1.24586642
1.25141954
1.25703132
1.26268458
1.26839805
1.27415431
1.27997220
1.28583419
1.29175949
1.29773021
1.30376601
1.30984855
1.31599772
1.32219517
1.32846117
1.33477688
1.34116292
1.34760022
1.35411000
1.36067247
1.36730933
0.20588851
0.20586969
0.20608182
0.21887259
0.21974507
0.22167656
0.22567384
0.23149133
0.24158888
0.25711074
0.26866132
0.28021538
0.29559696
0.31413913
0.31484479
0.31555307
0.31626511
0.31697980
0.31769770
0.31841949
0.31914395
0.31987229
0.32060340
0.32133785
0.32207626
0.32281747
0.32356271
0.32431081
0.32506236
0.32581800
0.32657656
0.32733929
0.32810494
0.32887423
0.32964772
0.33042425
0.33120504
0.33198893
0.33277655
0.33356851
0.33436364
0.33516321
0.33596596
0.33677259
0.33758372
0.33839813
0.33921713
0.34003881
0.34086511
0.34169611
0.34253052
0.34336966
0.34421226
0.34505901
0.34591061
0.32560346
0.32351860
0.32409409
0.32488555
0.32568982
0.32652265
0.32736939
0.32822657
0.32909191
0.32999301
0.33190662
0.35646263
0.35737079
0.35828361
0.35920179
0.36012399
0.36105168
0.36198342
0.36291996
0.36386213
0.36480844
0.36576045
0.36671668
0.36767790
0.36864498
0.36961636
0.37059364
0.37157536
0.37256226
0.37355521
0.37455270
0.37555552
0.37656370
0.37757733
0.37859723
0.37962186
0.38065284
0.38168865
0.38273090
0.38377807
0.38483095
0.38589048
0.38695499
0.38802543
0.38910264
0.39018500
0.39127424
0.39236873
0.39347023
0.39457703
0.39569011
0.39681035
0.39793608
0.39906821
0.40020767
0.40135279
0.40250537
0.40366369
0.40482959
0.40600136
0.40717989
0.40836623
0.40955859
0.41075790
0.41196522
0.41317871
0.41440031
0.41562822
0.41686437
0.41810694
0.41935593
0.42061439
0.42187944
0.42315212
0.42443353
0.42572168
0.42701870
0.42832261
0.42963555
0.43095556
0.43228367
0.43362105
0.43496567
0.43618286
0.43738756
0.43859997
0.43974635
0.44065207
0.44156155
0.44247475
0.44319415
0.44379967
0.44440687
0.44500348
0.44531074
0.44561508
0.44591871
0.44610313
0.44611207
0.44611987
0.44612548
0.44593325
0.44566083
0.44537425
0.44502461
0.44467443
0.44442129
0.44474885
0.44575456
0.94973522
0.95296389
0.95620948
0.95948237
0.96277261
0.96609068
0.96942645
0.97279060
0.97617286
0.97958416
0.98301387
0.98647320
0.98995143
0.99345988
0.99698764
1.00054622
1.00412452
1.00773430
1.01136446
1.01502657
1.01870358
1.02241910
1.02615595
1.02992618
1.03371823
1.03754425
1.04139268
1.04527593
1.04918206
1.05312359
1.05708873
1.06109011
1.06511557
1.06917799
1.07326519
1.07739019
1.08154047
1.08572948
1.08994436
1.09419882
1.09847987
1.10280144
1.10715699
1.11154032
1.11596537
1.12041879
1.12491500
1.12944031
1.13400924
1.13860822
1.14325190
1.14792621
1.15264630
1.15739799
1.16219652
1.16702724
1.17190611
1.17681825
1.18177950
1.18677485
1.19182062
1.19690132
1.20203376
1.20720220
1.21242356
1.21768188
1.22299445
1.22834504
1.23375130
1.23919666
1.24469912
1.25024176
1.25584292
1.26148546
1.26718807
1.27293324
1.27874005
1.28459072
1.29050457
1.29646373
1.30248761
1.30855823
1.31469536
1.32088041
1.32713401
1.33343697
1.33981025
1.34623456
1.35273099
1.35928011
1.36590350
1.37258101
0.20677607
0.20679119
0.21878463
0.21960030
0.22103025
0.22516371
0.23060542
0.24014340
0.25495240
0.26750982
0.27815211
0.29274815
0.31399119
0.31469563
0.31540379
0.31611457
0.31682858
0.31754640
0.31826690
0.31899124
0.31971830
0.32044873
0.32118303
0.32192016
0.32266125
0.32340518
0.32415253
0.32490394
0.32565826
0.32641667
0.32717803
0.32794297
0.32871208
0.32948419
0.33026055
0.33103997
0.33182308
0.33261052
0.33340108
0.33419603
0.33499417
0.33579612
0.33660254
0.33741224
0.33822647
0.33904397
0.33986479
0.34069091
0.34152043
0.34235463
0.34319222
0.34403396
0.34488049
0.34573054
0.32701334
0.32348096
0.32394722
0.32471606
0.32550699
0.32632452
0.32716301
0.32801789
0.32887968
0.32974663
0.33062801
0.33152211
0.33339483
0.35809115
0.35900766
0.35992956
0.36085552
0.36178625
0.36272252
0.36366290
0.36460891
0.36555913
0.36651430
0.36747524
0.36844048
0.36941156
0.37038699
0.37136760
0.37235418
0.37334526
0.37434238
0.37534329
0.37635034
0.37736362
0.37838155
0.37940583
0.38043481
0.38146943
0.38251048
0.38355643
0.38460895
0.38566640
0.38672969
0.38779971
0.38887483
0.38995677
0.39104387
0.39213708
0.39323726
0.39434278
0.39545539
0.39657342
0.39769781
0.39882946
0.39996669
0.40111130
0.40226161
0.40341851
0.40458301
0.40575331
0.40693137
0.40811533
0.40930620
0.41050500
0.41170987
0.41292280
0.41414192
0.41536829
0.41660291
0.41784391
0.41909230
0.42034820
0.42161164
0.42288372
0.42416248
0.42545000
0.42674434
0.42804658
0.42935783
0.43067610
0.43200356
0.43333814
0.43468100
0.43603328
0.43732736
0.43853840
0.43975616
0.44097957
0.44195184
0.44286668
0.44378531
0.44463444
0.44524726
0.44585842
0.44647124
0.44688708
0.44719696
0.44750276
0.44779995
0.44780898
0.44781798
0.44782475
0.44773239
0.44745553
0.44718122
0.44684222
0.44648916
0.44618362
0.44624403
0.44703749
0.44903126
0.95552164
0.95878989
0.96207529
0.96538860
0.96871948
0.97207874
0.97545606
0.97886229
0.98228699
0.98574120
0.98921424
0.99271744
0.99623996
0.99979317
1.00336611
1.00697041
1.01060069
1.01425147
1.01792884
1.02163279
1.02536976
1.02912831
1.03292036
1.03673458
1.04058301
1.04445410
1.04836023
1.05228937
1.05625451
1.06024325
1.06426859
1.06831813
1.07240522
1.07651711
1.08066714
1.08484280
1.08905745
1.09329832
1.09757900
1.10188663
1.10623503
1.11061096
1.11502862
1.11947453
1.12396312
1.12848079
1.13304210
1.13763309
1.14226878
1.14693499
1.15164709
1.15639043
1.16118050
1.16600287
1.17087317
1.17577660
1.18072903
1.18571556
1.19075227
1.19582391
1.20094705
1.20610607
1.21131790
1.21656668
1.22186947
1.22721028
1.23260653
1.23804176
1.24353385
1.24906623
1.25465679
1.26029754
1.26598036
1.27172375
1.27751029
1.28335893
1.28925216
1.29520905
1.30121183
1.30728006
1.31339550
1.31957817
1.32580936
1.33210981
1.33846033
1.34488177
1.35135496
1.35790098
1.36450040
1.37117481
1.37790418
0.20767614
0.21869807
0.21951255
0.22061194
0.22450288
0.22984433
0.23885348
0.25257060
0.26616541
0.27626774
0.28998208
0.31384280
0.31454715
0.31525409
0.31596419
0.31667808
0.31739464
0.31811446
0.31883812
0.31956449
0.32029477
0.32102779
0.32176477
0.32250458
0.32324776
0.32399499
0.32474509
0.32549867
0.32625633
0.32701695
0.32778171
0.32854947
0.32932141
0.33009642
0.33087507
0.33165801
0.33244404
0.33323380
0.33402798
0.33482531
0.33562708
0.33643204
0.33724156
0.33805430
0.33887100
0.33969164
0.34051627
0.34134489
0.34217823
0.34301499
0.34385651
0.34470150
0.34555134
0.32893437
0.32346982
0.32381698
0.32456923
0.32534635
0.32614574
0.32696229
0.32780465
0.32866350
0.32953298
0.33040276
0.33127284
0.33214566
0.33305052
0.33489522
0.35973462
0.36065957
0.36159003
0.36252454
0.36346462
0.36440888
0.36535805
0.36631292
0.36727205
0.36823696
0.36920619
0.37018055
0.37116084
0.37214556
0.37313628
0.37413153
0.37513128
0.37613800
0.37714934
0.37816691
0.37918922
0.38021705
0.38125128
0.38229033
0.38333589
0.38438636
0.38544258
0.38650548
0.38757342
0.38864812
0.38972795
0.39081377
0.39190656
0.39300457
0.39410967
0.39522007
0.39633679
0.39746070
0.39859012
0.39972687
0.40086922
0.40201813
0.40317455
0.40433672
0.40550652
0.40668219
0.40786472
0.40905505
0.41025144
0.41145578
0.41266623
0.41388386
0.41510966
0.41634175
0.41758218
0.41882902
0.42008233
0.42134517
0.42261463
0.42389277
0.42517763
0.42647034
0.42777193
0.42908046
0.43039808
0.43172273
0.43305561
0.43439776
0.43574721
0.43710613
0.43847251
0.43969423
0.44091624
0.44214615
0.44325817
0.44417953
0.44510362
0.44603157
0.44670203
0.44731945
0.44793633
0.44847465
0.44878671
0.44909808
0.44940650
0.44951886
0.44952792
0.44953701
0.44954270
0.44926584
0.44898820
0.44867474
0.44831875
0.44796225
0.44786870
0.44837862
0.44978577
0.95809835
0.96138424
0.96468747
0.96801883
0.97136790
0.97474563
0.97814155
0.98156655
0.98501027
0.98848367
0.99197614
0.99549896
0.99904120
1.00261450
1.00620770
1.00983250
1.01347768
1.01714933
1.02084768
1.02457893
1.02833164
1.03211784
1.03592598
1.03976858
1.04363346
1.04753351
1.05145645
1.05541527
1.05939770
1.06341660
1.06745970
1.07154012
1.07564533
1.07978868
1.08395755
1.08816528
1.09239924
1.09667289
1.10097337
1.10531461
1.10968316
1.11409342
1.11853194
1.12301302
1.12752295
1.13207650
1.13665962
1.14128745
1.14594567
1.15064943
1.15539205
1.16016638
1.16498792
1.16984212
1.17474461
1.17968047
1.18466604
1.18968582
1.19475639
1.19986224
1.20502019
1.21021438
1.21546185
1.22074664
1.22608602
1.23146379
1.23689759
1.24237084
1.24790156
1.25347281
1.25910306
1.26477504
1.27050745
1.27628291
1.28212035
1.28800201
1.29394746
1.29993844
1.30599475
1.31209815
1.31826854
1.32448745
1.33077526
1.33711302
1.34352160
1.34998155
1.35651433
1.36310029
1.36976087
1.37647641
1.38326871
0.21861669
0.21943165
0.22037868
0.22378767
0.22911774
0.23786625
0.25089633
0.26465055
0.27475899
0.28743151
0.31369460
0.31439826
0.31510451
0.31581452
0.31652719
0.31724304
0.31796274
0.31868511
0.31941137
0.32014039
0.32087269
0.32160899
0.32234806
0.32309112
0.32383701
0.32458639
0.32533982
0.32609615
0.32685661
0.32762003
0.32838702
0.32915822
0.32993245
0.33071092
0.33149248
0.33227772
0.33306733
0.33386007
0.33465722
0.33545756
0.33626172
0.33707041
0.33788234
0.33869883
0.33951798
0.34034178
0.34117022
0.34200203
0.34283859
0.34367859
0.34452271
0.34537166
0.33265156
0.32343632
0.32367215
0.32442725
0.32519537
0.32598209
0.32678762
0.32760859
0.32845187
0.32931352
0.33019194
0.33107322
0.33193570
0.33279085
0.33366480
0.33457544
0.33646131
0.36139327
0.36232677
0.36326584
0.36420906
0.36515793
0.36611101
0.36706984
0.36803293
0.36900109
0.36997512
0.37095356
0.37193716
0.37292677
0.37392089
0.37492111
0.37592512
0.37693611
0.37795174
0.37897286
0.38000032
0.38103256
0.38207042
0.38311478
0.38416404
0.38521987
0.38628072
0.38734823
0.38842085
0.38949940
0.39058483
0.39167544
0.39277217
0.39387593
0.39498505
0.39610130
0.39722300
0.39835197
0.39948645
0.40062743
0.40177584
0.40292996
0.40409070
0.40525910
0.40643334
0.40761533
0.40880328
0.40999913
0.41120103
0.41241002
0.41362709
0.41485038
0.41608095
0.41731980
0.41856509
0.41981781
0.42107806
0.42234692
0.42362240
0.42490566
0.42619771
0.42749661
0.42880344
0.43011934
0.43144229
0.43277448
0.43411383
0.43546259
0.43681866
0.43818322
0.43955740
0.44085398
0.44208354
0.44331998
0.44456336
0.44550020
0.44642982
0.44736329
0.44816527
0.44878897
0.44941217
0.45003369
0.45038781
0.45070255
0.45101544
0.45124069
0.45124984
0.45126015
0.45126700
0.45109090
0.45081100
0.45052117
0.45016229
0.44980398
0.44954041
0.44985399
0.45087835
0.96068895
0.96398741
0.96731389
0.97065812
0.97403091
0.97742182
0.98084182
0.98428041
0.98774862
0.99123591
0.99475342
0.99829042
1.00185835
1.00544608
1.00906539
1.01270509
1.01637697
1.02006376
1.02378929
1.02753615
1.03131652
1.03511882
1.03895533
1.04281425
1.04670811
1.05063105
1.05457735
1.05855978
1.06256592
1.06660903
1.07067645
1.07478154
1.07891178
1.08308029
1.08727467
1.09150827
1.09576821
1.10006845
1.10439563
1.10876393
1.11315989
1.11759794
1.12206435
1.12657380
1.13111246
1.13569510
1.14030766
1.14496529
1.14965367
1.15438807
1.15915406
1.16396713
1.16881275
1.17370665
1.17863381
1.18361044
1.18862128
1.19368279
1.19877946
1.20392811
1.20911288
1.21435070
1.21962583
1.22495544
1.23032331
1.23574698
1.24120998
1.24673033
1.25229120
1.25791073
1.26357198
1.26929343
1.27505779
1.28088403
1.28675437
1.29268825
1.29866755
1.30471206
1.31080341
1.31696165
1.32317805
1.32944345
1.33577847
1.34216416
1.34862125
1.35513055
1.36171341
1.36834991
1.37506211
1.38182986
1.38867521
0.21935675
0.22022137
0.22300433
0.22841917
0.23689000
0.24947397
0.26305562
0.27337787
0.28514954
0.31354704
0.31424949
0.31495565
0.31566444
0.31637639
0.31709215
0.31781060
0.31853285
0.31925786
0.31998613
0.32071835
0.32145333
0.32219225
0.32293403
0.32367921
0.32442844
0.32518053
0.32593673
0.32669586
0.32745850
0.32822534
0.32899517
0.32976925
0.33054635
0.33132711
0.33211219
0.33290040
0.33369297
0.33448869
0.33528823
0.33609220
0.33689943
0.33771119
0.33852622
0.33934453
0.34016812
0.34099507
0.34182668
0.34266174
0.34350085
0.34434476
0.34519216
0.34604442
0.32341692
0.32353860
0.32428008
0.32504931
0.32582814
0.32662511
0.32743320
0.32826287
0.32910770
0.32996485
0.33084124
0.33172414
0.33260307
0.33345541
0.33430147
0.33518973
0.33610681
0.33808899
0.36306727
0.36401021
0.36495727
0.36590931
0.36686707
0.36782911
0.36879697
0.36976916
0.37074649
0.37172976
0.37271750
0.37371129
0.37470961
0.37571245
0.37672231
0.37773678
0.37875757
0.37978303
0.38081411
0.38185158
0.38289392
0.38394278
0.38499659
0.38605618
0.38712248
0.38819382
0.38927197
0.39035526
0.39144459
0.39254090
0.39364251
0.39475116
0.39586523
0.39698559
0.39811319
0.39924631
0.40038681
0.40153295
0.40268567
0.40384594
0.40501198
0.40618572
0.40736532
0.40855184
0.40974620
0.41094661
0.41215506
0.41336966
0.41459143
0.41582143
0.41705775
0.41830245
0.41955262
0.42081130
0.42207852
0.42335239
0.42463499
0.42592439
0.42722163
0.42852783
0.42984098
0.43116328
0.43249267
0.43383029
0.43517727
0.43653157
0.43789542
0.43926671
0.44064662
0.44201988
0.44325596
0.44449899
0.44574898
0.44682652
0.44776392
0.44870299
0.44963920
0.45026591
0.45089549
0.45152342
0.45200038
0.45231739
0.45263484
0.45294926
0.45298615
0.45299536
0.45300460
0.45293197
0.45264864
0.45236680
0.45202219
0.45166090
0.45134366
0.45139289
0.45218870
0.45432732
0.96661001
0.96995467
0.97331721
0.97670853
0.98011810
0.98355705
0.98701471
0.99050230
0.99400908
0.99754637
1.00110328
1.00469136
1.00829947
1.01193941
1.01559985
1.01928687
1.02300084
1.02674782
1.03051651
1.03431880
1.03814340
1.04200232
1.04588389
1.04980075
1.05374086
1.05771685
1.06171668
1.06575322
1.06981421
1.07391262
1.07803619
1.08219802
1.08638549
1.09061217
1.09486508
1.09915817
1.10347819
1.10783923
1.11222792
1.11665845
1.12111735
1.12561917
1.13015020
1.13472497
1.13932967
1.14397931
1.14865947
1.15338576
1.15814340
1.16294813
1.16778529
1.17267048
1.17758894
1.18255675
1.18756664
1.19261110
1.19770670
1.20283794
1.20802152
1.21324158
1.21851540
1.22382689
1.22919333
1.23459852
1.24005997
1.24556136
1.25112057
1.25672066
1.26238012
1.26808178
1.27384424
1.27965009
1.28551853
1.29143155
1.29740870
1.30343187
1.30952084
1.31565726
1.32186139
1.32811427
1.33443666
1.34080935
1.34725344
1.35374951
1.36031890
1.36694193
1.37364030
1.38039386
1.38722503
1.39411330
0.22013558
0.22229500
0.22775806
0.23593611
0.24819528
0.26149863
0.27202013
0.28307629
0.30264875
0.31410089
0.31480637
0.31551448
0.31622633
0.31694084
0.31765917
0.31838018
0.31910446
0.31983262
0.32056355
0.32129782
0.32203606
0.32277709
0.32352212
0.32427004
0.32502198
0.32577685
0.32653522
0.32729775
0.32806322
0.32883289
0.32960561
0.33038193
0.33116254
0.33194622
0.33273426
0.33352539
0.33432034
0.33511966
0.33592221
0.33672926
0.33753955
0.33835375
0.33917254
0.33999398
0.34082073
0.34165084
0.34248504
0.34332395
0.34416634
0.34501353
0.34586421
0.32367039
0.32340518
0.32413954
0.32489979
0.32567552
0.32646757
0.32727188
0.32808864
0.32892162
0.32976925
0.33062431
0.33147952
0.33235341
0.33322820
0.33410761
0.33495760
0.33581385
0.33670506
0.33763942
0.33972275
0.36475685
0.36570859
0.36666456
0.36762628
0.36859229
0.36956340
0.37054041
0.37152183
0.37250924
0.37350115
0.37449831
0.37550086
0.37650874
0.37752289
0.37854168
0.37956601
0.38059670
0.38163218
0.38267413
0.38372096
0.38477355
0.38583276
0.38689697
0.38796791
0.38904396
0.39012599
0.39121491
0.39230904
0.39341021
0.39451671
0.39562944
0.39674932
0.39787471
0.39900738
0.40014559
0.40129036
0.40244257
0.40360054
0.40476608
0.40593746
0.40711564
0.40830162
0.40949357
0.41069347
0.41189945
0.41311255
0.41433376
0.41556126
0.41679701
0.41803917
0.41928777
0.42054582
0.42181048
0.42308372
0.42436370
0.42565143
0.42694804
0.42825150
0.42956403
0.43088356
0.43221125
0.43354818
0.43489233
0.43624592
0.43760690
0.43897641
0.44035557
0.44174236
0.44313899
0.44443461
0.44568536
0.44694206
0.44816074
0.44910374
0.45005187
0.45100060
0.45175374
0.45238635
0.45302188
0.45362568
0.45394382
0.45426354
0.45458373
0.45473471
0.45474517
0.45475444
0.45476374
0.45450133
0.45421138
0.45388478
0.45351356
0.45314413
0.45303112
0.45354477
0.45502415
0.96924692
0.97260457
0.97599089
0.97939551
0.98282933
0.98628193
0.98976433
0.99326587
0.99679780
1.00034940
1.00393200
1.00753474
1.01116908
1.01482403
1.01850545
1.02221370
1.02595484
1.02971768
1.03351414
1.03733265
1.04118562
1.04506111
1.04897177
1.05290568
1.05687535
1.06086874
1.06489885
1.06895328
1.07304513
1.07716846
1.08131707
1.08550429
1.08971751
1.09397018
1.09824944
1.10256910
1.10691607
1.11130428
1.11572051
1.12017906
1.12466621
1.12919664
1.13375652
1.13836062
1.14299488
1.14767456
1.15238512
1.15714216
1.16193092
1.16676724
1.17163622
1.17655373
1.18150496
1.18650591
1.19154131
1.19662786
1.20174980
1.20692396
1.21213460
1.21739876
1.22270036
1.22805691
1.23345208
1.23890352
1.24439454
1.24994326
1.25553286
1.26118159
1.26687241
1.27262390
1.27841866
1.28427565
1.29017723
1.29614270
1.30215418
1.30823123
1.31435549
1.32054734
1.32678771
1.33309746
1.33945739
1.34588850
1.35237134
1.35892737
1.36554718
1.37222123
1.37897158
1.38577795
1.39266264
1.39960504
0.22157446
0.22711381
0.23527747
0.24705884
0.25990039
0.27066797
0.28134564
0.29828569
0.31395298
0.31465724
0.31536523
0.31607586
0.31678969
0.31750733
0.31822762
0.31895179
0.31967869
0.32040891
0.32114306
0.32187998
0.32262090
0.32336462
0.32411179
0.32486302
0.32561713
0.32637537
0.32713655
0.32790127
0.32867017
0.32944211
0.33021829
0.33099750
0.33178040
0.33256763
0.33335799
0.33415276
0.33495069
0.33575305
0.33655864
0.33736810
0.33818212
0.33899942
0.33982003
0.34064594
0.34147522
0.34230918
0.34314659
0.34398875
0.34483439
0.34568420
0.32452366
0.32327595
0.32397965
0.32474270
0.32552245
0.32630837
0.32711309
0.32793328
0.32874972
0.32958058
0.33042669
0.33128455
0.33214134
0.33298260
0.33385381
0.33473212
0.33560303
0.33645687
0.33732718
0.33823481
0.33919385
0.34137633
0.36646223
0.36742291
0.36838785
0.36935866
0.37033382
0.37131491
0.37230045
0.37329122
0.37428808
0.37528867
0.37629545
0.37730843
0.37832606
0.37935004
0.38037872
0.38141385
0.38245380
0.38349941
0.38455161
0.38560876
0.38667172
0.38774142
0.38881621
0.38989782
0.39098459
0.39207834
0.39317733
0.39428249
0.39539477
0.39651248
0.39763650
0.39876780
0.39990467
0.40104896
0.40219888
0.40335634
0.40451956
0.40568951
0.40686718
0.40805078
0.40924126
0.41043967
0.41164416
0.41285673
0.41407546
0.41530240
0.41653565
0.41777623
0.41902521
0.42027971
0.42154276
0.42281440
0.42409274
0.42537984
0.42667377
0.42797661
0.42928639
0.43060422
0.43193120
0.43326536
0.43460882
0.43595958
0.43731877
0.43868753
0.44006380
0.44144985
0.44284353
0.44424605
0.44561955
0.44687700
0.44814044
0.44941103
0.45045164
0.45140547
0.45236221
0.45325029
0.45388827
0.45452687
0.45516726
0.45558199
0.45590404
0.45622653
0.45649680
0.45649680
0.45649680
0.45649680
0.45632362
0.45602900
0.45572662
0.45535240
0.45497879
0.45470101
0.45503578
0.45610264
0.97189301
0.97527432
0.97867393
0.98210269
0.98555565
0.98902738
0.99252921
0.99605042
0.99960226
1.00317383
1.00677681
1.01039994
1.01405513
1.01772511
1.02143347
1.02516305
1.02892601
1.03271067
1.03652930
1.04037011
1.04424572
1.04814410
1.05207789
1.05603516
1.06002855
1.06404591
1.06810021
1.07217908
1.07629573
1.08043754
1.08461797
1.08882427
1.09307003
1.09734225
1.10165477
1.10599446
1.11037540
1.11478424
1.11923528
1.12371480
1.12823761
1.13278973
1.13738596
1.14201224
1.14668381
1.15138626
1.15613496
1.16091549
1.16574323
1.17060375
1.17551255
1.18045497
1.18544710
1.19047356
1.19555080
1.20066357
1.20582831
1.21102953
1.21628404
1.22157598
1.22692275
1.23231637
1.23774910
1.24323857
1.24876821
1.25435615
1.25998533
1.26567435
1.27140582
1.27719867
1.28303516
1.28893471
1.29487932
1.30088842
1.30694413
1.31306601
1.31923580
1.32547379
1.33176100
1.33811820
1.34452617
1.35100615
1.35753858
1.36414492
1.37080526
1.37754166
1.38433373
1.39120412
1.39813197
1.40514028
0.22654410
0.23468995
0.24603167
0.25826269
0.26927257
0.27980044
0.29525766
0.31380463
0.31450880
0.31521556
0.31592551
0.31663921
0.31735560
0.31807581
0.31879872
0.31952491
0.32025501
0.32098785
0.32172465
0.32246426
0.32320726
0.32395431
0.32470420
0.32545820
0.32621509
0.32697549
0.32774007
0.32850763
0.32927939
0.33005419
0.33083263
0.33161536
0.33240122
0.33319139
0.33398473
0.33478186
0.33558342
0.33638817
0.33719748
0.33801001
0.33882648
0.33964691
0.34047133
0.34130040
0.34213287
0.34296939
0.34381068
0.34465545
0.34550506
0.32606867
0.32322371
0.32381818
0.32457811
0.32535705
0.32615352
0.32695988
0.32777810
0.32860708
0.32943600
0.33026299
0.33109415
0.33193570
0.33279893
0.33364481
0.33448869
0.33535707
0.33623633
0.33710361
0.33796638
0.33886132
0.33977982
0.34075028
0.34306327
0.36818442
0.36915338
0.37012744
0.37110746
0.37209189
0.37308231
0.37407726
0.37507674
0.37608317
0.37709421
0.37811151
0.37913349
0.38016102
0.38119495
0.38223368
0.38327894
0.38432908
0.38538501
0.38644761
0.38751522
0.38858959
0.38966909
0.39075458
0.39184701
0.39294472
0.39404947
0.39515954
0.39627591
0.39739949
0.39852855
0.39966494
0.40080693
0.40195549
0.40311155
0.40427336
0.40544280
0.40661809
0.40780023
0.40899020
0.41018620
0.41139016
0.41260025
0.41381747
0.41504288
0.41627458
0.41751459
0.41876104
0.42001396
0.42127639
0.42254540
0.42382312
0.42510757
0.42639983
0.42770100
0.42900911
0.43032628
0.43165052
0.43298396
0.43432462
0.43567362
0.43703210
0.43839797
0.43977243
0.44115663
0.44254845
0.44395021
0.44535977
0.44677830
0.44807386
0.44934523
0.45062384
0.45180765
0.45276722
0.45373091
0.45469639
0.45539901
0.45604303
0.45668772
0.45723319
0.45754817
0.45786241
0.45817709
0.45823607
0.45823607
0.45823607
0.45815822
0.45786124
0.45756581
0.45720503
0.45682955
0.45650032
0.45656237
0.45743883
0.45996007
0.97795880
0.98137718
0.98482496
0.98829156
0.99178821
0.99530411
0.99885064
1.00241685
1.00601435
1.00963199
1.01328158
1.01694596
1.02064872
1.02437258
1.02812970
1.03190839
1.03572106
1.03955603
1.04342544
1.04731774
1.05124533
1.05519629
1.05918336
1.06319427
1.06724203
1.07131433
1.07542443
1.07955956
1.08373320
1.08793259
1.09217131
1.09643650
1.10074186
1.10508120
1.10944808
1.11385643
1.11829305
1.12277210
1.12728012
1.13183165
1.13641286
1.14103866
1.14569485
1.15039659
1.15512967
1.15990937
1.16472113
1.16958070
1.17447329
1.17941475
1.18439007
1.18941557
1.19447577
1.19958735
1.20473468
1.20993471
1.21517146
1.22046208
1.22579050
1.23117423
1.23659682
1.24207616
1.24759543
1.25317276
1.25879133
1.26446950
1.27019012
1.27597177
1.28179717
1.28768528
1.29361832
1.29961574
1.30565953
1.31176937
1.31792700
1.32415247
1.33042717
1.33677161
1.34316671
1.34963357
1.35615265
1.36274540
1.36939216
1.37611461
1.38289261
1.38974857
1.39666200
1.40365553
1.41070831
0.23434883
0.24526452
0.25688478
0.26794955
0.27844888
0.29290470
0.31365702
0.31435993
0.31506604
0.31577587
0.31648836
0.31720403
0.31792355
0.31864578
0.31937185
0.32010067
0.32083338
0.32156888
0.32230777
0.32305065
0.32379636
0.32454613
0.32529879
0.32605493
0.32681522
0.32757843
0.32834584
0.32911623
0.32989025
0.33066854
0.33144990
0.33223554
0.33302432
0.33381686
0.33461380
0.33541393
0.33621854
0.33702636
0.33783808
0.33865437
0.33947331
0.34029752
0.34112510
0.34195670
0.34279305
0.34363282
0.34447739
0.34532544
0.32837552
0.32324719
0.32364801
0.32441482
0.32518825
0.32598567
0.32680142
0.32762727
0.32845187
0.32927635
0.33010620
0.33093041
0.33175445
0.33258131
0.33344418
0.33428454
0.33513609
0.33599833
0.33687010
0.33774769
0.33861700
0.33950052
0.34040880
0.34134293
0.34232301
0.34477964
0.36992207
0.37090021
0.37188432
0.37287289
0.37386671
0.37486663
0.37587035
0.37688103
0.37789637
0.37891719
0.37994435
0.38097629
0.38201466
0.38305789
0.38410684
0.38516235
0.38622287
0.38729009
0.38836238
0.38944060
0.39052570
0.39161599
0.39271325
0.39381582
0.39492458
0.39604050
0.39716184
0.39829046
0.39942458
0.40056521
0.40171328
0.40286702
0.40402836
0.40519544
0.40636933
0.40755093
0.40873852
0.40993398
0.41113549
0.41234410
0.41356078
0.41478369
0.41601482
0.41725230
0.41849717
0.41974950
0.42100933
0.42227778
0.42355287
0.42483568
0.42612728
0.42742577
0.42873323
0.43004766
0.43137017
0.43270189
0.43404081
0.43538910
0.43674472
0.43810880
0.43948254
0.44086382
0.44225490
0.44365367
0.44506133
0.44647908
0.44790477
0.44927832
0.45055655
0.45184204
0.45313376
0.45413724
0.45510674
0.45607924
0.45692101
0.45756817
0.45820892
0.45885149
0.45918408
0.45950058
0.45981750
0.45998624
0.45998743
0.45998743
0.45998743
0.45970824
0.45941046
0.45907396
0.45869422
0.45831394
0.45823017
0.45878762
0.46040621
0.98065269
0.98409539
0.98755687
0.99104828
0.99455893
0.99810010
1.00166094
1.00525308
1.00886524
1.01250923
1.01617384
1.01986504
1.02358913
1.02733457
1.03111339
1.03491426
1.03874910
1.04260659
1.04649878
1.05041409
1.05436504
1.05833948
1.06235027
1.06638539
1.07045758
1.07455444
1.07868946
1.08284974
1.08704889
1.09127402
1.09553897
1.09983051
1.10416269
1.10852218
1.11292326
1.11735237
1.12182391
1.12632430
1.13086820
1.13544154
1.14005935
1.14470756
1.14940119
1.15412605
1.15889740
1.16370082
1.16855192
1.17343581
1.17836857
1.18333507
1.18835151
1.19340265
1.19850504
1.20364308
1.20883369
1.21406078
1.21934175
1.22466040
1.23003423
1.23544681
1.24091578
1.24642479
1.25199175
1.25759971
1.26326704
1.26897669
1.27474737
1.28057075
1.28643823
1.29236913
1.29834557
1.30438697
1.31047535
1.31663048
1.32283390
1.32910597
1.33542776
1.34182012
1.34826374
1.35477984
1.36134887
1.36799240
1.37469053
1.38146520
1.38829613
1.39520597
1.40217388
1.40922284
1.41633189
0.24466680
0.25588587
0.26670539
0.27716768
0.29100558
0.31350896
0.31421122
0.31491721
0.31562582
0.31633818
0.31705320
0.31777143
0.31849355
0.31921834
0.31994647
0.32067847
0.32141328
0.32215202
0.32289359
0.32363918
0.32438764
0.32513955
0.32589555
0.32665446
0.32741696
0.32818359
0.32895324
0.32972708
0.33050400
0.33128518
0.33206946
0.33285743
0.33364981
0.33444533
0.33524466
0.33604842
0.33685544
0.33766699
0.33848178
0.33930120
0.34012327
0.34094998
0.34178141
0.34261623
0.34345579
0.34429881
0.34514597
0.33456790
0.32329533
0.32346863
0.32424465
0.32502496
0.32581323
0.32661852
0.32744285
0.32827741
0.32910711
0.32993001
0.33075762
0.33157954
0.33240244
0.33322945
0.33407688
0.33493617
0.33578154
0.33664775
0.33751652
0.33839107
0.33927014
0.34015381
0.34105387
0.34197378
0.34292248
0.34391034
0.34652203
0.37167621
0.37266368
0.37365717
0.37465519
0.37565854
0.37666729
0.37768149
0.37870196
0.37972713
0.38075870
0.38179508
0.38283709
0.38388565
0.38493913
0.38599926
0.38706440
0.38813540
0.38921323
0.39029622
0.39138609
0.39248118
0.39358243
0.39469078
0.39580449
0.39692539
0.39805177
0.39918453
0.40032470
0.40147045
0.40262374
0.40378273
0.40494841
0.40612176
0.40730101
0.40848807
0.40968111
0.41088116
0.41208920
0.41330343
0.41452578
0.41575441
0.41699034
0.41823465
0.41948441
0.42074364
0.42200947
0.42328292
0.42456511
0.42585409
0.42715192
0.42845666
0.42976937
0.43109122
0.43242016
0.43375841
0.43510386
0.43645772
0.43782109
0.43919194
0.44057247
0.44196060
0.44335753
0.44476444
0.44617915
0.44760403
0.44903693
0.45047900
0.45177323
0.45306569
0.45436558
0.45551553
0.45649096
0.45746940
0.45844260
0.45908579
0.45972961
0.46037525
0.46083173
0.46115050
0.46146971
0.46174982
0.46175221
0.46175221
0.46175221
0.46157143
0.46127000
0.46095705
0.46057418
0.46019077
0.45991373
0.46031335
0.46150559
0.98336691
0.98682868
0.99030948
0.99382043
0.99735075
1.00091195
1.00449288
1.00810528
1.01173806
1.01540291
1.01908267
1.02280104
1.02654064
1.03031373
1.03410852
1.03793752
1.04178882
1.04567504
1.04958415
1.05352879
1.05749691
1.06150138
1.06552994
1.06959558
1.07368600
1.07781422
1.08196771
1.08616006
1.09037828
1.09463620
1.09892070
1.10324562
1.10759795
1.11199164
1.11641335
1.12087739
1.12537014
1.12990630
1.13447189
1.13908184
1.14372194
1.14840758
1.15313172
1.15788734
1.16268992
1.16752481
1.17240787
1.17732418
1.18228972
1.18728936
1.19233954
1.19742477
1.20256162
1.20773458
1.21296048
1.21822357
1.22354090
1.22889626
1.23430741
1.23975766
1.24526513
1.25081277
1.25641906
1.26206684
1.26777470
1.27352524
1.27933741
1.28519356
1.29111302
1.29707778
1.30310738
1.30918372
1.31532681
1.32151783
1.32777739
1.33408654
1.34046602
1.34689665
1.35339952
1.35995519
1.36658502
1.37326932
1.38003004
1.38684678
1.39374220
1.40069544
1.40772951
1.41482341
1.42200041
0.25488704
0.26561573
0.27608219
0.28940499
0.31336105
0.31406319
0.31476796
0.31547588
0.31618759
0.31690192
0.31762007
0.31834090
0.31906500
0.31979299
0.32052374
0.32125840
0.32199585
0.32273671
0.32348156
0.32422927
0.32498106
0.32573572
0.32649392
0.32725623
0.32802153
0.32879099
0.32956350
0.33033961
0.33112001
0.33190352
0.33269134
0.33348230
0.33427700
0.33507615
0.33587849
0.33668533
0.33749539
0.33830938
0.33912796
0.33994919
0.34077573
0.34160560
0.34243956
0.34327826
0.34412041
0.34496740
0.34581786
0.32334405
0.32329708
0.32406873
0.32485592
0.32564634
0.32644659
0.32725984
0.32808983
0.32893437
0.32976374
0.33058500
0.33140236
0.33222193
0.33304864
0.33388701
0.33472770
0.33557391
0.33643904
0.33730161
0.33817506
0.33904526
0.33992258
0.34081030
0.34171185
0.34262282
0.34355390
0.34450337
0.34547690
0.37245548
0.37344706
0.37444398
0.37544620
0.37645382
0.37746763
0.37848616
0.37951016
0.38054055
0.38157573
0.38261738
0.38366389
0.38471618
0.38577506
0.38683894
0.38790959
0.38898531
0.39006698
0.39115557
0.39224941
0.39335021
0.39445639
0.39556876
0.39668831
0.39781335
0.39894566
0.40008354
0.40122885
0.40237981
0.40353739
0.40470257
0.40587360
0.40705141
0.40823701
0.40942860
0.41062808
0.41183370
0.41304734
0.41426724
0.41549432
0.41672969
0.41797143
0.41921964
0.42047727
0.42174152
0.42301434
0.42429391
0.42558223
0.42687738
0.42818043
0.42949250
0.43081161
0.43213987
0.43347532
0.43481904
0.43617216
0.43753269
0.43890280
0.44028041
0.44166672
0.44306287
0.44446680
0.44588074
0.44730258
0.44873354
0.45017481
0.45162421
0.45299768
0.45429718
0.45560414
0.45690224
0.45788127
0.45885858
0.45984125
0.46061233
0.46126044
0.46191159
0.46248764
0.46281233
0.46313384
0.46345580
0.46352941
0.46353182
0.46353182
0.46344855
0.46314469
0.46284121
0.46247083
0.46208426
0.46175462
0.46184805
0.46281233
0.98609614
0.98957175
0.99307746
0.99660248
1.00015831
1.00373387
1.00734079
1.01096809
1.01462734
1.01830149
1.02201414
1.02574801
1.02951515
1.03330410
1.03712714
1.04097247
1.04485261
1.04876173
1.05269396
1.05666208
1.06065381
1.06468236
1.06873512
1.07282531
1.07694042
1.08109379
1.08527267
1.08949077
1.09373498
1.09801912
1.10233021
1.10668206
1.11106157
1.11548281
1.11993241
1.12442470
1.12894595
1.13351107
1.13810587
1.14274549
1.14741564
1.15213156
1.15687895
1.16167307
1.16649961
1.17137408
1.17628169
1.18123841
1.18622911
1.19127023
1.19634628
1.20147395
1.20663750
1.21185398
1.21710742
1.22241497
1.22776043
1.23316157
1.23860168
1.24409878
1.24963617
1.25523186
1.26086891
1.26656592
1.27230549
1.27810657
1.28395140
1.28985941
1.29581249
1.30183041
1.30789483
1.31402564
1.32021427
1.32645154
1.33275807
1.33911479
1.34554255
1.35202205
1.35857463
1.36518061
1.37186170
1.37859786
1.38541114
1.39228141
1.39923096
1.40623927
1.41332924
1.42047989
1.42770314
0.26466945
0.27530465
0.28831980
0.31321383
0.31391478
0.31461886
0.31532669
0.31603712
0.31675136
0.31746823
0.31818837
0.31891236
0.31963909
0.32036969
0.32110307
0.32183984
0.32258055
0.32332408
0.32407168
0.32482213
0.32557607
0.32633409
0.32709506
0.32786021
0.32862833
0.32940003
0.33017603
0.33095503
0.33173835
0.33252478
0.33331493
0.33410949
0.33490720
0.33570936
0.33651474
0.33732399
0.33813778
0.33895487
0.33977592
0.34060097
0.34143001
0.34226376
0.34310094
0.34394288
0.34478831
0.34563789
0.32366449
0.32314155
0.32390183
0.32468584
0.32547426
0.32627666
0.32708725
0.32791153
0.32875091
0.32958117
0.33041933
0.33123216
0.33204654
0.33286554
0.33369422
0.33453459
0.33539119
0.33623189
0.33709401
0.33795932
0.33883101
0.33970135
0.34057686
0.34146145
0.34235922
0.34327099
0.34419361
0.34512991
0.34607670
0.34703818
0.37423378
0.37523410
0.37624136
0.37725323
0.37827060
0.37929425
0.38032266
0.38135746
0.38239709
0.38344240
0.38449430
0.38555112
0.38661462
0.38768315
0.38875762
0.38983890
0.39092535
0.39201877
0.39311743
0.39422226
0.39533418
0.39645153
0.39757609
0.39870617
0.39984271
0.40098661
0.40213618
0.40329328
0.40445614
0.40562573
0.40680301
0.40798622
0.40917730
0.41037437
0.41157851
0.41279066
0.41400900
0.41523555
0.41646838
0.41770858
0.41895717
0.42021126
0.42147487
0.42274511
0.42402303
0.42530972
0.42660320
0.42790562
0.42921495
0.43053237
0.43185890
0.43319261
0.43453562
0.43588594
0.43724465
0.43861297
0.43998876
0.44137430
0.44276753
0.44417065
0.44558161
0.44700155
0.44843170
0.44986990
0.45131734
0.45277530
0.45422763
0.45553419
0.45684829
0.45816883
0.45927057
0.46025503
0.46124372
0.46214545
0.46280149
0.46345580
0.46411315
0.46448374
0.46480998
0.46513429
0.46531910
0.46532276
0.46532398
0.46532398
0.46503463
0.46472868
0.46438193
0.46399218
0.46361029
0.46354991
0.46418819
0.46591714
0.99233556
0.99586093
0.99940580
1.00298166
1.00657749
1.01020503
1.01385295
1.01752734
1.02122843
1.02496243
1.02871788
1.03250694
1.03631806
1.04016340
1.04403138
1.04793429
1.05186033
1.05582213
1.05980766
1.06382966
1.06787598
1.07195950
1.07606804
1.08021462
1.08438671
1.08859789
1.09283519
1.09711230
1.10141623
1.10576081
1.11013305
1.11454690
1.11898899
1.12347364
1.12798738
1.13254464
1.13713157
1.14176321
1.14642537
1.15113318
1.15587223
1.16065812
1.16547620
1.17034209
1.17524099
1.18018889
1.18517864
1.19020283
1.19527793
1.20038819
1.20555067
1.21074939
1.21600151
1.22129107
1.22663522
1.23201787
1.23745656
1.24293470
1.24847043
1.25404680
1.25968218
1.26535940
1.27109718
1.27687800
1.28272080
1.28860807
1.29455912
1.30055583
1.30661786
1.31272709
1.31890345
1.32512844
1.33142233
1.33776617
1.34418106
1.35064745
1.35718668
1.36377907
1.37044644
1.37716854
1.38396776
1.39082360
1.39775872
1.40475214
1.41182721
1.41896248
1.42617035
1.43345177
0.27457973
0.28724921
0.31306618
0.31376648
0.31447047
0.31517705
0.31588683
0.31660035
0.31731656
0.31803659
0.31875932
0.31948590
0.32021526
0.32094792
0.32168454
0.32242396
0.32316735
0.32391363
0.32466334
0.32541713
0.32617384
0.32693467
0.32769844
0.32846579
0.32923737
0.33001196
0.33079082
0.33157274
0.33235839
0.33314836
0.33394149
0.33473903
0.33553976
0.33634433
0.33715340
0.33796573
0.33878264
0.33960220
0.34042639
0.34125525
0.34208748
0.34292448
0.34376487
0.34460941
0.34545881
0.32452071
0.32299086
0.32374042
0.32452661
0.32531127
0.32609853
0.32691064
0.32773525
0.32856402
0.32940188
0.33022687
0.33105290
0.33187070
0.33268884
0.33351478
0.33434418
0.33519161
0.33603892
0.33689433
0.33775410
0.33862475
0.33949015
0.34035674
0.34123236
0.34211773
0.34300971
0.34391963
0.34484041
0.34576547
0.34670225
0.34763867
0.34857950
0.37602836
0.37703910
0.37805608
0.37907776
0.38010582
0.38113862
0.38217705
0.38322201
0.38427183
0.38532829
0.38638970
0.38745701
0.38853106
0.38961023
0.39069626
0.39178750
0.39288488
0.39398926
0.39509901
0.39621592
0.39733827
0.39846697
0.39960304
0.40074468
0.40189376
0.40304855
0.40421000
0.40537909
0.40655401
0.40773672
0.40892538
0.41012099
0.41132456
0.41253427
0.41375208
0.41497612
0.41620740
0.41744703
0.41869307
0.41994658
0.42120761
0.42247620
0.42375350
0.42503753
0.42633039
0.42763010
0.42893776
0.43025449
0.43157828
0.43291131
0.43425152
0.43560007
0.43695807
0.43832350
0.43969858
0.44108120
0.44247255
0.44387382
0.44528291
0.44670203
0.44812915
0.44956541
0.45101202
0.45246685
0.45393223
0.45540598
0.45677912
0.45809808
0.45942348
0.46066836
0.46166000
0.46265355
0.46365255
0.46435165
0.46501157
0.46567336
0.46616727
0.46649835
0.46682501
0.46712267
0.46712637
0.46713126
0.46713126
0.46694133
0.46663165
0.46631014
0.46591714
0.46552354
0.46526802
0.46571478
0.46704301
0.99511492
0.99865448
1.00222492
1.00581539
1.00943732
1.01307976
1.01674843
1.02044392
1.02417219
1.02792192
1.03170502
1.03551018
1.03934956
1.04321146
1.04710829
1.05102813
1.05498362
1.05896282
1.06297839
1.06701815
1.07109523
1.07520354
1.07933700
1.08350885
1.08770657
1.09194350
1.09620690
1.10051048
1.10484123
1.10921299
1.11361253
1.11805415
1.12252438
1.12703753
1.13157988
1.13616633
1.14078271
1.14544415
1.15013647
1.15487480
1.15964484
1.16446209
1.16931188
1.17420983
1.17914128
1.18412220
1.18913746
1.19420338
1.19930446
1.20445752
1.20964694
1.21488941
1.22016931
1.22550356
1.23087633
1.23630488
1.24177289
1.24729824
1.25286412
1.25848877
1.26415527
1.26988196
1.27565181
1.28148341
1.28735936
1.29329872
1.29928374
1.30533397
1.31143117
1.31759524
1.32380784
1.33008921
1.33642030
1.34282219
1.34927547
1.35580146
1.36238039
1.36903405
1.37574232
1.38252747
1.38937986
1.39628947
1.40327930
1.41032827
1.41745973
1.42464077
1.43191814
1.43925846
0.28683218
0.30226177
0.31361887
0.31432164
0.31502756
0.31573722
0.31644952
0.31716561
0.31788439
0.31860641
0.31933230
0.32006094
0.32079348
0.32152882
0.32226810
0.32301021
0.32375574
0.32450533
0.32525778
0.32601374
0.32677382
0.32753685
0.32830405
0.32907426
0.32984868
0.33062616
0.33140731
0.33219278
0.33298135
0.33377367
0.33457041
0.33537033
0.33617473
0.33698234
0.33779448
0.33860993
0.33942866
0.34025264
0.34108001
0.34191138
0.34274751
0.34358704
0.34443137
0.34527922
0.32608959
0.32296741
0.32358155
0.32436991
0.32515559
0.32594031
0.32673842
0.32755914
0.32838520
0.32921728
0.33005050
0.33087137
0.33168891
0.33250800
0.33332929
0.33416530
0.33500236
0.33584934
0.33670762
0.33755618
0.33841872
0.33928695
0.34015316
0.34101728
0.34189168
0.34277323
0.34366730
0.34457406
0.34548831
0.34641212
0.34734359
0.34828213
0.34974384
0.37682599
0.37784103
0.37886155
0.37988842
0.38092005
0.38195810
0.38300103
0.38405049
0.38510486
0.38616505
0.38723195
0.38830391
0.38938183
0.39046657
0.39155653
0.39265347
0.39375570
0.39486501
0.39597970
0.39710072
0.39822897
0.39936277
0.40050304
0.40165073
0.40280414
0.40396509
0.40513182
0.40630624
0.40748656
0.40867376
0.40986884
0.41106999
0.41227916
0.41349447
0.41471699
0.41594774
0.41718483
0.41843030
0.41968122
0.42094064
0.42220867
0.42348334
0.42476672
0.42605692
0.42735496
0.42866197
0.42997596
0.43129909
0.43262932
0.43396780
0.43531564
0.43667078
0.43803549
0.43940768
0.44078848
0.44217908
0.44357738
0.44498569
0.44640180
0.44782701
0.44926244
0.45070598
0.45215997
0.45362222
0.45509395
0.45657644
0.45802736
0.45935234
0.46068624
0.46202788
0.46307239
0.46407321
0.46507716
0.46590981
0.46657783
0.46724409
0.46786180
0.46819529
0.46852928
0.46885753
0.46894524
0.46894896
0.46895140
0.46886373
0.46855146
0.46823964
0.46785811
0.46746126
0.46713126
0.46728456
0.46831354
0.99790990
1.00146937
1.00506008
1.00867081
1.01231349
1.01597667
1.01966643
1.02338314
1.02713299
1.03090441
1.03470969
1.03853703
1.04239893
1.04628348
1.05020332
1.05414641
1.05812562
1.06212842
1.06616819
1.07023227
1.07433403
1.07846069
1.08262587
1.08681667
1.09104669
1.09530306
1.09959948
1.10392308
1.10828757
1.11267972
1.11711395
1.12157655
1.12608206
1.13061678
1.13519537
1.13980389
1.14445734
1.14914155
1.15387166
1.15863347
1.16344225
1.16828346
1.17317283
1.17809558
1.18306768
1.18807387
1.19313073
1.19822276
1.20336652
1.20854640
1.21377933
1.21904957
1.22437406
1.22973680
1.23515534
1.24062181
1.24612808
1.25169241
1.25729764
1.26296234
1.26866925
1.27443707
1.28024840
1.28612220
1.29204082
1.29802358
1.30405259
1.31014740
1.31628966
1.32249975
1.32875872
1.33508718
1.34146619
1.34791660
1.35441911
1.36099494
1.36762452
1.37432957
1.38109004
1.38792813
1.39482331
1.40179849
1.40883255
1.41594875
1.42311454
1.43037629
1.43770075
1.44511247
0.30108792
0.31347087
0.31417295
0.31487876
0.31558719
0.31629938
0.31701422
0.31773230
0.31845424
0.31917885
0.31990737
0.32063863
0.32137322
0.32211182
0.32285321
0.32359859
0.32434684
0.32509857
0.32585439
0.32661313
0.32737601
0.32814184
0.32891127
0.32968494
0.33046165
0.33124265
0.33202672
0.33281448
0.33360666
0.33440197
0.33520171
0.33600464
0.33681145
0.33762279
0.33843738
0.33925655
0.34007844
0.34090495
0.34173614
0.34257072
0.34341007
0.34425285
0.34509981
0.32952079
0.32300258
0.32343337
0.32421392
0.32499886
0.32578400
0.32657957
0.32739288
0.32821628
0.32903713
0.32985786
0.33069372
0.33151162
0.33232737
0.33314773
0.33397281
0.33481207
0.33565935
0.33650392
0.33736235
0.33822069
0.33908337
0.33994985
0.34081617
0.34167972
0.34255159
0.34343326
0.34432879
0.34523502
0.34614938
0.34707403
0.34800842
0.34928539
0.37661231
0.37762621
0.37864637
0.37967125
0.38070253
0.38173857
0.38278028
0.38382855
0.38488171
0.38594151
0.38700631
0.38807702
0.38915452
0.39023718
0.39132670
0.39242148
0.39352241
0.39463040
0.39574376
0.39686432
0.39799035
0.39912277
0.40026256
0.40140799
0.40256089
0.40371954
0.40488485
0.40605783
0.40723673
0.40842339
0.40961608
0.41081575
0.41202340
0.41323721
0.41445917
0.41568741
0.41692296
0.41816685
0.41941619
0.42067504
0.42194045
0.42321450
0.42449525
0.42578378
0.42708120
0.42838550
0.42969781
0.43101919
0.43234771
0.43368548
0.43503049
0.43638498
0.43774679
0.43911716
0.44049725
0.44188491
0.44328135
0.44468775
0.44610199
0.44752640
0.44895875
0.45040148
0.45185235
0.45331261
0.45478350
0.45626280
0.45775175
0.45925161
0.46061471
0.46195474
0.46330380
0.46449101
0.46550041
0.46651179
0.46747845
0.46815097
0.46882543
0.46949688
0.46990466
0.47024107
0.47057670
0.47077709
0.47078082
0.47078457
0.47078580
0.47048593
0.47017151
0.46981412
0.46941516
0.46903050
0.46899343
0.46972236
0.47175902
1.00430024
1.00790548
1.01154256
1.01520014
1.01888430
1.02259541
1.02633941
1.03010499
1.03390431
1.03772569
1.04158163
1.04546010
1.04937375
1.05331063
1.05728340
1.06127989
1.06531310
1.06937075
1.07346582
1.07758582
1.08174419
1.08592820
1.09015131
1.09440064
1.09869003
1.10300636
1.10736370
1.11174858
1.11617529
1.12063742
1.12512827
1.12966239
1.13422608
1.13883400
1.14347219
1.14815569
1.15287030
1.15763128
1.16242409
1.16726458
1.17213762
1.17705941
1.18201494
1.18702018
1.19205999
1.19715095
1.20227730
1.20745611
1.21267128
1.21794021
1.22324657
1.22860789
1.23400795
1.23946416
1.24496031
1.25051403
1.25610876
1.26176274
1.26745868
1.27321553
1.27901566
1.28487825
1.29078531
1.29675651
1.30277359
1.30885649
1.31498671
1.32118440
1.32743084
1.33374667
1.34011292
1.34655023
1.35303950
1.35960197
1.36621797
1.37290919
1.37965560
1.38647950
1.39336026
1.40032077
1.40733993
1.41444111
1.42160296
1.42883766
1.43614650
1.44354212
1.45100236
0.31332299
0.31402498
0.31472957
0.31543788
0.31614882
0.31686300
0.31758097
0.31830162
0.31902611
0.31975335
0.32048389
0.32121840
0.32195568
0.32269692
0.32344100
0.32418853
0.32494012
0.32569459
0.32645318
0.32721472
0.32797980
0.32874909
0.32952139
0.33029795
0.33107752
0.33186081
0.33264843
0.33343917
0.33423433
0.33503264
0.33583477
0.33664137
0.33745125
0.33826566
0.33908337
0.33990440
0.34073070
0.34156039
0.34239477
0.34323260
0.34407452
0.34492126
0.34577152
0.32303014
0.32327887
0.32405868
0.32484582
0.32563025
0.32642385
0.32723877
0.32805416
0.32887846
0.32969227
0.33051258
0.33133328
0.33214939
0.33296639
0.33379307
0.33462450
0.33546010
0.33631191
0.33716425
0.33801901
0.33888066
0.33974674
0.34061399
0.34147915
0.34234539
0.34321472
0.34409848
0.34499481
0.34590322
0.34682721
0.34776095
0.34892732
0.37639889
0.37741241
0.37843063
0.37945515
0.38048443
0.38151929
0.38256064
0.38360685
0.38465965
0.38571739
0.38678095
0.38785127
0.38892666
0.39000887
0.39109629
0.39218977
0.39329025
0.39439607
0.39550900
0.39662734
0.39775202
0.39888397
0.40002152
0.40116644
0.40231705
0.40347430
0.40463910
0.40580976
0.40698811
0.40817240
0.40936363
0.41056275
0.41176796
0.41298124
0.41420072
0.41542742
0.41666240
0.41790375
0.41915250
0.42040876
0.42167258
0.42294499
0.42422414
0.42551205
0.42680675
0.42810938
0.42942101
0.43073967
0.43206751
0.43340251
0.43474576
0.43609843
0.43745849
0.43882814
0.44020528
0.44159111
0.44298682
0.44439024
0.44580370
0.44722503
0.44865549
0.45009628
0.45154518
0.45300460
0.45447230
0.45594957
0.45743766
0.45893428
0.46044195
0.46188283
0.46323144
0.46458799
0.46591833
0.46693522
0.46795529
0.46897614
0.46973476
0.47041380
0.47109357
0.47162652
0.47196540
0.47230479
0.47262332
0.47262707
0.47263083
0.47263461
0.47243765
0.47212064
0.47178778
0.47138423
0.47098139
0.47075218
0.47123948
0.47272748
1.00714135
1.01077294
1.01442492
1.01810348
1.02181458
1.02554703
1.02931273
1.03310025
1.03692174
1.04076552
1.04464412
1.04854548
1.05248225
1.05644250
1.06043899
1.06445944
1.06851697
1.07259905
1.07671893
1.08086407
1.08504772
1.08925736
1.09350646
1.09778214
1.10209811
1.10644126
1.11082578
1.11523819
1.11969280
1.12417614
1.12870264
1.13325846
1.13785851
1.14248872
1.14716423
1.15187061
1.15662336
1.16140783
1.16623974
1.17110431
1.17601740
1.18096411
1.18596041
1.19099128
1.19607306
1.20119023
1.20635951
1.21156526
1.21682453
1.22212124
1.22747266
1.23286259
1.23830879
1.24379456
1.24933791
1.25492215
1.26056540
1.26625061
1.27199638
1.27778542
1.28363657
1.28954160
1.29549181
1.30150676
1.30756807
1.31369591
1.31987166
1.32611561
1.33240891
1.33877230
1.34518671
1.35167301
1.35821187
1.36482477
1.37149179
1.37823486
1.38503385
1.39191115
1.39884615
1.40586162
1.41293669
1.42009461
1.42730248
1.43460703
1.44197512
1.44943094
1.45695245
0.31387657
0.31458050
0.31528816
0.31599841
0.31671247
0.31742918
0.31814972
0.31887296
0.31959948
0.32032990
0.32106313
0.32179970
0.32254022
0.32328358
0.32403097
0.32478124
0.32553557
0.32629281
0.32705361
0.32781854
0.32858646
0.32935798
0.33013377
0.33091259
0.33169571
0.33248192
0.33327249
0.33406621
0.33486372
0.33566567
0.33647084
0.33727989
0.33809349
0.33891034
0.33973119
0.34055600
0.34138548
0.34221837
0.34305531
0.34389704
0.34474224
0.34559160
0.32303774
0.32312632
0.32389301
0.32468170
0.32547605
0.32626590
0.32708064
0.32790792
0.32872298
0.32954091
0.33035064
0.33115759
0.33196974
0.33278650
0.33360979
0.33444092
0.33528000
0.33611888
0.33696768
0.33782271
0.33868015
0.33954260
0.34041142
0.34128010
0.34214339
0.34300971
0.34388110
0.34476560
0.34566608
0.34658748
0.34752059
0.34861979
0.37618649
0.37719810
0.37821594
0.37923849
0.38026658
0.38130111
0.38234043
0.38338625
0.38443699
0.38549352
0.38655668
0.38762492
0.38869989
0.38978001
0.39086613
0.39195919
0.39305753
0.39416289
0.39527363
0.39639062
0.39751485
0.39864457
0.39978164
0.40092430
0.40207350
0.40323025
0.40439275
0.40556288
0.40673888
0.40792173
0.40911239
0.41030911
0.41151381
0.41272461
0.41394258
0.41516870
0.41640118
0.41764194
0.41888914
0.42014283
0.42140603
0.42267585
0.42395437
0.42523959
0.42653266
0.42783466
0.42914358
0.43046156
0.43178663
0.43311986
0.43446243
0.43581229
0.43717164
0.43853840
0.43991372
0.44129881
0.44269153
0.44409421
0.44550467
0.44692412
0.44835377
0.44979146
0.45123956
0.45269585
0.45416155
0.45563796
0.45712283
0.45861858
0.46012297
0.46163726
0.46315673
0.46451405
0.46587810
0.46725020
0.46837762
0.46940526
0.47043493
0.47132930
0.47201297
0.47269988
0.47336107
0.47370246
0.47404432
0.47438669
0.47448912
0.47449291
0.47448912
0.47438669
0.47406074
0.47373396
0.47333214
0.47292215
0.47258818
0.47282293
0.47393200
1.01000440
1.01365662
1.01732373
1.02102923
1.02475584
1.02851582
1.03229737
1.03611302
1.03995073
1.04382324
1.04771841
1.05164909
1.05560303
1.05959320
1.06360722
1.06765819
1.07173371
1.07584691
1.07998526
1.08416224
1.08836496
1.09260702
1.09687567
1.10118449
1.10552049
1.10989773
1.11430275
1.11874986
1.12322557
1.12774432
1.13229251
1.13688469
1.14150691
1.14617431
1.15088010
1.15561712
1.16040087
1.16521680
1.17008042
1.17497718
1.17992294
1.18490255
1.18993235
1.19499707
1.20011306
1.20526493
1.21046948
1.21571088
1.22100627
1.22633946
1.23172796
1.23715556
1.24263978
1.24816406
1.25374651
1.25937033
1.26505363
1.27077949
1.27656662
1.28239739
1.28829098
1.29422963
1.30023277
1.30628228
1.31239808
1.31856155
1.32479310
1.33107388
1.33742452
1.34382582
1.35029900
1.35682452
1.36342394
1.37007725
1.37680638
1.38359129
1.39045429
1.39737463
1.40437531
1.41143537
1.41857803
1.42577052
1.43305933
1.44041145
1.44785118
1.45535624
1.46295154
0.31443211
0.31513855
0.31584871
0.31656152
0.31727755
0.31799740
0.31871992
0.31944636
0.32017550
0.32090798
0.32164443
0.32238367
0.32312688
0.32387295
0.32462248
0.32537609
0.32613260
0.32689324
0.32765681
0.32842398
0.32919535
0.32996976
0.33074841
0.33153012
0.33231556
0.33310536
0.33389828
0.33469561
0.33549613
0.33630049
0.33710936
0.33792147
0.33873814
0.33955750
0.34038147
0.34121010
0.34204212
0.34287888
0.34371907
0.34456339
0.34541255
0.32301137
0.32297915
0.32374042
0.32451183
0.32530415
0.32610452
0.32691425
0.32774672
0.32857373
0.32939029
0.33019254
0.33099565
0.33179834
0.33260617
0.33342543
0.33425379
0.33509317
0.33593491
0.33678216
0.33763048
0.33848438
0.33934259
0.34020779
0.34107673
0.34194753
0.34281087
0.34367460
0.34455004
0.34544203
0.34635416
0.34731174
0.34827670
0.37597355
0.37698400
0.37800071
0.37902209
0.38004982
0.38108233
0.38212046
0.38316509
0.38421461
0.38527074
0.38633186
0.38739881
0.38847256
0.38955140
0.39063710
0.39172801
0.39282593
0.39392912
0.39503852
0.39615509
0.39727709
0.39840546
0.39954114
0.40068245
0.40183118
0.40298560
0.40414760
0.40531540
0.40648997
0.40767229
0.40886056
0.41005579
0.41125900
0.41246831
0.41368571
0.41490936
0.41614124
0.41737950
0.41862512
0.41987821
0.42113882
0.42240804
0.42368391
0.42496753
0.42625996
0.42755923
0.42886749
0.43018275
0.43150610
0.43283868
0.43417844
0.43552652
0.43688408
0.43824902
0.43962365
0.44100580
0.44239777
0.44379747
0.44520605
0.44662470
0.44805130
0.44948706
0.45093319
0.45238751
0.45385239
0.45532560
0.45680961
0.45830214
0.45980445
0.46131781
0.46283999
0.46437347
0.46580374
0.46717539
0.46855518
0.46982899
0.47086301
0.47190160
0.47293472
0.47362432
0.47431466
0.47500572
0.47545233
0.47579166
0.47612381
0.47632894
0.47632256
0.47631618
0.47630855
0.47597995
0.47565180
0.47527206
0.47485873
0.47447520
0.47448280
0.47536600
1.01288366
1.01655102
1.02024508
1.02396595
1.02772009
1.03149581
1.03530550
1.03913724
1.04300368
1.04689276
1.05081713
1.05477107
1.05874860
1.06276262
1.06680071
1.07087612
1.07497633
1.07911444
1.08327806
1.08748055
1.09170914
1.09597743
1.10027242
1.10460806
1.10897112
1.11337578
1.11780846
1.12228370
1.12678778
1.13133538
1.13591254
1.14053416
1.14518631
1.14988387
1.15461266
1.15938807
1.16419554
1.16905069
1.17393887
1.17887580
1.18384659
1.18886745
1.19392300
1.19902980
1.20417237
1.20936751
1.21459925
1.21988499
1.22520840
1.23058701
1.23600435
1.24147844
1.24699235
1.25256431
1.25817740
1.26385009
1.26956499
1.27534103
1.28116059
1.28704286
1.29296994
1.29896140
1.30499899
1.31110275
1.31725407
1.32347322
1.32974136
1.33607924
1.34247792
1.34892786
1.35545039
1.36202598
1.36867607
1.37538087
1.38216245
1.38900030
1.39591718
1.40289223
1.40994847
1.41706479
1.42425323
1.43151510
1.43886292
1.44627488
1.45377541
1.46134222
1.46900034
0.31498966
0.31569859
0.31641072
0.31712663
0.31784523
0.31856763
0.31929278
0.32002124
0.32075360
0.32148874
0.32222784
0.32296976
0.32371512
0.32446450
0.32521677
0.32597312
0.32673243
0.32749525
0.32826227
0.32903227
0.32980651
0.33058378
0.33136475
0.33215001
0.33293837
0.33373111
0.33452705
0.33532673
0.33613092
0.33693832
0.33775026
0.33856547
0.33938399
0.34020779
0.34103492
0.34186673
0.34270197
0.34354129
0.34438542
0.34523299
0.32295981
0.32284674
0.32360211
0.32436517
0.32513124
0.32593256
0.32674381
0.32756940
0.32840884
0.32923311
0.33004805
0.33084309
0.33163822
0.33243784
0.33324692
0.33407247
0.33490783
0.33574417
0.33659172
0.33744293
0.33829716
0.33915249
0.34001088
0.34087360
0.34174401
0.34261227
0.34347567
0.34434542
0.34522498
0.34612986
0.34706458
0.34811527
0.37576085
0.37677094
0.37778568
0.37880671
0.37983248
0.38086379
0.38190156
0.38294417
0.38399330
0.38504738
0.38610727
0.38717383
0.38824546
0.38932389
0.39040750
0.39149714
0.39259371
0.39369562
0.39480457
0.39591894
0.39703959
0.39816749
0.39930096
0.40044177
0.40158820
0.40274125
0.40390185
0.40506822
0.40624225
0.40742221
0.40860999
0.40980375
0.41100451
0.41221327
0.41342822
0.41465035
0.41588068
0.41711739
0.41836244
0.41961294
0.42087296
0.42213959
0.42341381
0.42469680
0.42598656
0.42728418
0.42859077
0.42990431
0.43122700
0.43255678
0.43389481
0.43524218
0.43659690
0.43796113
0.43933284
0.44071317
0.44210330
0.44350114
0.44490895
0.44632459
0.44774929
0.44918421
0.45062724
0.45208073
0.45354247
0.45501369
0.45649564
0.45798612
0.45948753
0.46099764
0.46251768
0.46404901
0.46558931
0.46709940
0.46847993
0.46986869
0.47126317
0.47232985
0.47337493
0.47442338
0.47524416
0.47593921
0.47662613
0.47718576
0.47752115
0.47785702
0.47816893
0.47816509
0.47815868
0.47815225
0.47791603
0.47758520
0.47722799
0.47680995
0.47639269
0.47624099
0.47681636
0.47859320
1.01946211
1.02318311
1.02692556
1.03070140
1.03449917
1.03833103
1.04218531
1.04607451
1.04998660
1.05393422
1.05790544
1.06191301
1.06594467
1.07001352
1.07410705
1.07823861
1.08239543
1.08659101
1.09081268
1.09507394
1.09936190
1.10369027
1.10804605
1.11244333
1.11686862
1.12133634
1.12583280
1.13037264
1.13494205
1.13955581
1.14419985
1.14888930
1.15360999
1.15837705
1.16317618
1.16802275
1.17290235
1.17783058
1.18279243
1.18780434
1.19285083
1.19794858
1.20308995
1.20826745
1.21349800
1.21876574
1.22408772
1.22944796
1.23486400
1.24031925
1.24583161
1.25138438
1.25699580
1.26264882
1.26836181
1.27411783
1.27993536
1.28579700
1.29172206
1.29769242
1.30372775
1.30980992
1.31595886
1.32215595
1.32842159
1.33473682
1.34112251
1.34755945
1.35406876
1.36063087
1.36726737
1.37395835
1.38072586
1.38754952
1.39445186
1.40141213
1.40845346
1.41555464
1.42272782
1.42997408
1.43730605
1.44470191
1.45218623
1.45973635
1.46737754
1.47508693
0.31554860
0.31626061
0.31697527
0.31769317
0.31841493
0.31913936
0.31986770
0.32059878
0.32133380
0.32207158
0.32281280
0.32355800
0.32430607
0.32505760
0.32581323
0.32657176
0.32733446
0.32810012
0.32886997
0.32964283
0.33041933
0.33120012
0.33198398
0.33277157
0.33356354
0.33435863
0.33515817
0.33596089
0.33676812
0.33757859
0.33839300
0.33921197
0.34003359
0.34085989
0.34169087
0.34252524
0.34336436
0.34420693
0.34505364
0.32287136
0.32277358
0.32346511
0.32422516
0.32498640
0.32575956
0.32657537
0.32739106
0.32822353
0.32906148
0.32988596
0.33069494
0.33149001
0.33228579
0.33308354
0.33389139
0.33472392
0.33557519
0.33641043
0.33725241
0.33810630
0.33896393
0.33982328
0.34068310
0.34154335
0.34241125
0.34327695
0.34414238
0.34502020
0.34591395
0.34682789
0.34778267
0.37554917
0.37655735
0.37757173
0.37859079
0.37961540
0.38064635
0.38168210
0.38272431
0.38377145
0.38482431
0.38588378
0.38694829
0.38801950
0.38909584
0.39017814
0.39126736
0.39236179
0.39346325
0.39457005
0.39568308
0.39680329
0.39792895
0.39906195
0.40020049
0.40134555
0.40249810
0.40365636
0.40482223
0.40599394
0.40717244
0.40835875
0.40955105
0.41075128
0.41195759
0.41317102
0.41439259
0.41562045
0.41685656
0.41809908
0.41934803
0.42060643
0.42187145
0.42314509
0.42442542
0.42571354
0.42701051
0.42831439
0.42962727
0.43094721
0.43227527
0.43361259
0.43495715
0.43631116
0.43767253
0.43904245
0.44042203
0.44180924
0.44320631
0.44461110
0.44602486
0.44744876
0.44888064
0.45032287
0.45177323
0.45323297
0.45470333
0.45618212
0.45767170
0.45916986
0.46067789
0.46219704
0.46372503
0.46526438
0.46681276
0.46837148
0.46979180
0.47118708
0.47259194
0.47380584
0.47485748
0.47591251
0.47686362
0.47755191
0.47824347
0.47892284
0.47926328
0.47960159
0.47993910
0.48002064
0.48001546
0.48000899
0.47986922
0.47953442
0.47920135
0.47877985
0.47835785
0.47803923
0.47843885
0.47979552
1.02239561
1.02613235
1.02990234
1.03369415
1.03752005
1.04136837
1.04525137
1.04915726
1.05309868
1.05706358
1.06106484
1.06509006
1.06915236
1.07323933
1.07736409
1.08151412
1.08570302
1.08992434
1.09417188
1.09845960
1.10277402
1.10712945
1.11151254
1.11593735
1.12039053
1.12488651
1.12941158
1.13398039
1.13857901
1.14322245
1.14789653
1.15261650
1.15736783
1.16216612
1.16699672
1.17187536
1.17678714
1.18174815
1.18674314
1.19178867
1.19686913
1.20200133
1.20716941
1.21239054
1.21764851
1.22296083
1.22831118
1.23371708
1.23916221
1.24466431
1.25020659
1.25580740
1.26144969
1.26715195
1.27289689
1.27870333
1.28455365
1.29046714
1.29642594
1.30244958
1.30851972
1.31465650
1.32084131
1.32709444
1.33339703
1.33976996
1.34619379
1.35268986
1.35923862
1.36586154
1.37253869
1.37929213
1.38610160
1.39298952
1.39993525
1.40696180
1.41405904
1.42121708
1.42844784
1.43575263
1.44314420
1.45060039
1.45814598
1.46575844
1.47346306
1.48123670
0.31611007
0.31682408
0.31754187
0.31826234
0.31898665
0.31971371
0.32044411
0.32117841
0.32191551
0.32265657
0.32340047
0.32414779
0.32489920
0.32565349
0.32641187
0.32717323
0.32793811
0.32870722
0.32947931
0.33025566
0.33103505
0.33181813
0.33260554
0.33339608
0.33419102
0.33498913
0.33579105
0.33659747
0.33740711
0.33822131
0.33903882
0.33985960
0.34068570
0.34151518
0.34234935
0.34318694
0.34402865
0.34487516
0.32308409
0.32264897
0.32334524
0.32408997
0.32484820
0.32561356
0.32639691
0.32722375
0.32804146
0.32887360
0.32970816
0.33052608
0.33132958
0.33212769
0.33292967
0.33373237
0.33454716
0.33537477
0.33622617
0.33708510
0.33792019
0.33877295
0.33963135
0.34049475
0.34135798
0.34222165
0.34308112
0.34394822
0.34482172
0.34571308
0.34662056
0.34755927
0.34939030
0.37634477
0.37735721
0.37837511
0.37939936
0.38042831
0.38146371
0.38250393
0.38354981
0.38460231
0.38565972
0.38672382
0.38779294
0.38886803
0.38994992
0.39103702
0.39213103
0.39323032
0.39433578
0.39544836
0.39656636
0.39769158
0.39882231
0.39995950
0.40110409
0.40225434
0.40341210
0.40457565
0.40574592
0.40692392
0.40810785
0.40929961
0.41049743
0.41170225
0.41291514
0.41413423
0.41536149
0.41659510
0.41783604
0.41908443
0.42034027
0.42160466
0.42287567
0.42415437
0.42544186
0.42673615
0.42803937
0.42934954
0.43066776
0.43199515
0.43332970
0.43467358
0.43602473
0.43738431
0.43875349
0.44013017
0.44151664
0.44291076
0.44431368
0.44572666
0.44714752
0.44857863
0.45001775
0.45146614
0.45292506
0.45439225
0.45587018
0.45735654
0.45885265
0.46035978
0.46187562
0.46340269
0.46493870
0.46648490
0.46804264
0.46960959
0.47110978
0.47251415
0.47392696
0.47528982
0.47634295
0.47739694
0.47845557
0.47917554
0.47987181
0.48056883
0.48101684
0.48135895
0.48170024
0.48188934
0.48188671
0.48188019
0.48183846
0.48150089
0.48116377
0.48076481
0.48034057
0.47997016
0.48006982
0.48114166
1.02534616
1.02910447
1.03289640
1.03671038
1.04055870
1.04442954
1.04833543
1.05226457
1.05622935
1.06021798
1.06424308
1.06829250
1.07237935
1.07649100
1.08064091
1.08481634
1.08903074
1.09327137
1.09755194
1.10185933
1.10620749
1.11058319
1.11500072
1.11944640
1.12393475
1.12845218
1.13301325
1.13760400
1.14223945
1.14690554
1.15161729
1.15636039
1.16115022
1.16597235
1.17084241
1.17574549
1.18069780
1.18568397
1.19072044
1.19579172
1.20091462
1.20607340
1.21128500
1.21653342
1.22183597
1.22717643
1.23257232
1.23800731
1.24349916
1.24903989
1.25462139
1.26026189
1.26594436
1.27168739
1.27747357
1.28332198
1.28921473
1.29517138
1.30117381
1.30724168
1.31335664
1.31953895
1.32576990
1.33206987
1.33842003
1.34484112
1.35131383
1.35785961
1.36445856
1.37113261
1.37786150
1.38466763
1.39153039
1.39847243
1.40547311
1.41255546
1.41969812
1.42691350
1.43420243
1.44157803
1.44901800
1.45654714
1.46414292
1.47183037
1.47958684
1.48743784
0.31667358
0.31739011
0.31811047
0.31883353
0.31955990
0.32029015
0.32102317
0.32176012
0.32249990
0.32324308
0.32399029
0.32474035
0.32549450
0.32625154
0.32701215
0.32777688
0.32854462
0.32931656
0.33009151
0.33087015
0.33165306
0.33243906
0.33322945
0.33402297
0.33482027
0.33562201
0.33642697
0.33723643
0.33804917
0.33886585
0.33968645
0.34051105
0.34134030
0.34217298
0.34300971
0.34385121
0.34469616
0.32353801
0.32259691
0.32322487
0.32396021
0.32471192
0.32547307
0.32624975
0.32704580
0.32787710
0.32869387
0.32951102
0.33033839
0.33115330
0.33195984
0.33276036
0.33356538
0.33438313
0.33521119
0.33603385
0.33687583
0.33774194
0.33859059
0.33943966
0.34029949
0.34116432
0.34203163
0.34289539
0.34375757
0.34462610
0.34551513
0.34642020
0.34734902
0.34889242
0.37613165
0.37714294
0.37816051
0.37918276
0.38021135
0.38124475
0.38228378
0.38332930
0.38437971
0.38543591
0.38649878
0.38756669
0.38864133
0.38972113
0.39080778
0.39189965
0.39299765
0.39410266
0.39521307
0.39632973
0.39745361
0.39858297
0.39971969
0.40086201
0.40201086
0.40316725
0.40432936
0.40549913
0.40667477
0.40785724
0.40904754
0.41024387
0.41144815
0.41265860
0.41387618
0.41510192
0.41633397
0.41757435
0.41882113
0.42007440
0.42133722
0.42260662
0.42388469
0.42516953
0.42646214
0.42776370
0.42907220
0.43038973
0.43171436
0.43304718
0.43438929
0.43573868
0.43709755
0.43846387
0.43983874
0.44122332
0.44261560
0.44401777
0.44542775
0.44684669
0.44827586
0.44971305
0.45116064
0.45261642
0.45408162
0.45555750
0.45704183
0.45853707
0.46004093
0.46155468
0.46307960
0.46461347
0.46615872
0.46771306
0.46927905
0.47085431
0.47243640
0.47384873
0.47526699
0.47669250
0.47783008
0.47889063
0.47995591
0.48080897
0.48151129
0.48221308
0.48278201
0.48312923
0.48347303
0.48377264
0.48377001
0.48376605
0.48375949
0.48348224
0.48314366
0.48276761
0.48233852
0.48191541
0.48185280
0.48262098
0.48507380
1.03209388
1.03590190
1.03974426
1.04360902
1.04750884
1.05143166
1.05539024
1.05937243
1.06339121
1.06743407
1.07151437
1.07561934
1.07976258
1.08393109
1.08813870
1.09237242
1.09664583
1.10094607
1.10528708
1.10965550
1.11406565
1.11851084
1.12298465
1.12750149
1.13204765
1.13663781
1.14125812
1.14592350
1.15061975
1.15536213
1.16013610
1.16495752
1.16981137
1.17471361
1.17964923
1.18463445
1.18965399
1.19472432
1.19982994
1.20498753
1.21018147
1.21542859
1.22071314
1.22605228
1.23142982
1.23686326
1.24233615
1.24786651
1.25343752
1.25906742
1.26473904
1.27047110
1.27624631
1.28208339
1.28796482
1.29390979
1.29990053
1.30595648
1.31205952
1.31822956
1.32444811
1.33073545
1.33707285
1.34348094
1.34994066
1.35647297
1.36305845
1.36971879
1.37643385
1.38322580
1.39007425
1.39700174
1.40398765
1.41105497
1.41818249
1.42538238
1.43265569
1.44001532
1.44743919
1.45495188
1.46254289
1.47020149
1.47795296
1.48577416
1.49369109
0.31723911
0.31795821
0.31868055
0.31940681
0.32013577
0.32086807
0.32160434
0.32234338
0.32308641
0.32383230
0.32458225
0.32533506
0.32609138
0.32685181
0.32761520
0.32838216
0.32915336
0.32992756
0.33070600
0.33148754
0.33227339
0.33306235
0.33385506
0.33465219
0.33545250
0.33625665
0.33706531
0.33787721
0.33869368
0.33951283
0.34033722
0.34116498
0.34199679
0.34283331
0.34367329
0.34451804
0.32401326
0.32259107
0.32310167
0.32383290
0.32457453
0.32533327
0.32610452
0.32688782
0.32770145
0.32853916
0.32934338
0.33015335
0.33096364
0.33177793
0.33258504
0.33339047
0.33420733
0.33502445
0.33585948
0.33669615
0.33754084
0.33839941
0.33926046
0.34010768
0.34096959
0.34183392
0.34270132
0.34356913
0.34444070
0.34531939
0.34622008
0.34714106
0.34839463
0.37591875
0.37692970
0.37794530
0.37896639
0.37999383
0.38102603
0.38206467
0.38310817
0.38415739
0.38521320
0.38627401
0.38734150
0.38841406
0.38949257
0.39057797
0.39166856
0.39276612
0.39386895
0.39497805
0.39609426
0.39721590
0.39834481
0.39947927
0.40062022
0.40176859
0.40292266
0.40408430
0.40525171
0.40642592
0.40760788
0.40879577
0.40999156
0.41119343
0.41240236
0.41361940
0.41484264
0.41607413
0.41731197
0.41855720
0.41980988
0.42107010
0.42233890
0.42361435
0.42489752
0.42618954
0.42748839
0.42879620
0.43011102
0.43143395
0.43276605
0.43410537
0.43545407
0.43681011
0.43817461
0.43954873
0.44093043
0.44232193
0.44372115
0.44512922
0.44654739
0.44797352
0.44940990
0.45085439
0.45230818
0.45377254
0.45524526
0.45672873
0.45822072
0.45972249
0.46123534
0.46275696
0.46428990
0.46583179
0.46738392
0.46894771
0.47052073
0.47210562
0.47369993
0.47518706
0.47661209
0.47804567
0.47932521
0.48039374
0.48146573
0.48245096
0.48316070
0.48386863
0.48455882
0.48490995
0.48525894
0.48560578
0.48566806
0.48566672
0.48566011
0.48548129
0.48513860
0.48478583
0.48435447
0.48392126
0.48366615
0.48418978
0.48584038
1.03510070
1.03893101
1.04279590
1.04668343
1.05060625
1.05455244
1.05853450
1.06254053
1.06658340
1.07065070
1.07475555
1.07888556
1.08305395
1.08724809
1.09148157
1.09574127
1.10004127
1.10436821
1.10873628
1.11313200
1.11756980
1.12203610
1.12654531
1.13108373
1.13566613
1.14027846
1.14493585
1.14962399
1.15435815
1.15912390
1.16393673
1.16878211
1.17367566
1.17860258
1.18357897
1.18858957
1.19365072
1.19874716
1.20389545
1.20907998
1.21431756
1.21959245
1.22492170
1.23028922
1.23571265
1.24117541
1.24669540
1.25225592
1.25787520
1.26353610
1.26925719
1.27502131
1.28084719
1.28671718
1.29265070
1.29863918
1.30467379
1.31077445
1.31692266
1.32313871
1.32940376
1.33573842
1.34212363
1.34858036
1.35508931
1.36167169
1.36830783
1.37501967
1.38178694
1.38863194
1.39553416
1.40251637
1.40955770
1.41668129
1.42385447
1.43112373
1.43845594
1.44587541
1.45335996
1.46093440
1.46857607
1.47631037
1.48411417
1.49201345
1.49998462
0.31780607
0.31852829
0.31925327
0.31998155
0.32071373
0.32144868
0.32218760
0.32292932
0.32367450
0.32442370
0.32517579
0.32593194
0.32669106
0.32745370
0.32822052
0.32899031
0.32976437
0.33054143
0.33132219
0.33210725
0.33289540
0.33368796
0.33448365
0.33528316
0.33608714
0.33689433
0.33770606
0.33852106
0.33933935
0.34016290
0.34098983
0.34182143
0.34265646
0.34349620
0.34433943
0.32415548
0.32258931
0.32299498
0.32370982
0.32444972
0.32519776
0.32595941
0.32674083
0.32753021
0.32834888
0.32919294
0.32999238
0.33079267
0.33159685
0.33240432
0.33320636
0.33402106
0.33484986
0.33568150
0.33651283
0.33735722
0.33820847
0.33906722
0.33992711
0.34077898
0.34163904
0.34250414
0.34337232
0.34424356
0.34512457
0.34602624
0.34693807
0.34799278
0.37570691
0.37671593
0.37773037
0.37875110
0.37977657
0.38080838
0.38184503
0.38288733
0.38393617
0.38498992
0.38605031
0.38711575
0.38818705
0.38926515
0.39034840
0.39143857
0.39253399
0.39363554
0.39474416
0.39585817
0.39697939
0.39810607
0.39923915
0.40037963
0.40152571
0.40267929
0.40383860
0.40500462
0.40617830
0.40735787
0.40854526
0.40973866
0.41093904
0.41214740
0.41336197
0.41458467
0.41581365
0.41704994
0.41829458
0.41954473
0.42080432
0.42207050
0.42334434
0.42462689
0.42591622
0.42721444
0.42851958
0.42983270
0.43115494
0.43248427
0.43382290
0.43516877
0.43652302
0.43788680
0.43925804
0.44063899
0.44202757
0.44342491
0.44483224
0.44624737
0.44767269
0.44910601
0.45054856
0.45200151
0.45346275
0.45493460
0.45641488
0.45790482
0.45940569
0.46091527
0.46243599
0.46396556
0.46550530
0.46705651
0.46861684
0.47018889
0.47177029
0.47336233
0.47496518
0.47653297
0.47796607
0.47940785
0.48082843
0.48190629
0.48298505
0.48406994
0.48481882
0.48553559
0.48624915
0.48670253
0.48705676
0.48740751
0.48758107
0.48757839
0.48757574
0.48749694
0.48715138
0.48680633
0.48638600
0.48594916
0.48559520
0.48586029
0.48708075
1.03811908
1.04197788
1.04585934
1.04977608
1.05371594
1.05769169
1.06169140
1.06572771
1.06978846
1.07388675
1.07801008
1.08217168
1.08635890
1.09058547
1.09483814
1.09913099
1.10345089
1.10781157
1.11220002
1.11663043
1.12108910
1.12559080
1.13012147
1.13469601
1.13930047
1.14394987
1.14862990
1.15335584
1.15811324
1.16291773
1.16776228
1.17263961
1.17756557
1.18252528
1.18753493
1.19257915
1.19767451
1.20280540
1.20798874
1.21320856
1.21848202
1.22379327
1.22915936
1.23456419
1.24002540
1.24552643
1.25108540
1.25668514
1.26234436
1.26804566
1.27380776
1.27961338
1.28548133
1.29139400
1.29737079
1.30339372
1.30948234
1.31561840
1.32182205
1.32807469
1.33439660
1.34076893
1.34721267
1.35370839
1.36027730
1.36689985
1.37359786
1.38035107
1.38718188
1.39406955
1.40103722
1.40806353
1.41517210
1.42232990
1.42958355
1.43690002
1.44430339
1.45177162
1.45932949
1.46695435
1.47467148
1.48245800
1.49033952
1.49829280
1.50634408
0.31837562
0.31909990
0.31982803
0.32055894
0.32129377
0.32203138
0.32277241
0.32351744
0.32426530
0.32501724
0.32577208
0.32653043
0.32729295
0.32805839
0.32882804
0.32960072
0.33037701
0.33115759
0.33194128
0.33272928
0.33352041
0.33431530
0.33511463
0.33591715
0.33672416
0.33753443
0.33834860
0.33916736
0.33998880
0.34081551
0.34164560
0.34247977
0.34331867
0.34416100
0.32435393
0.32253671
0.32290941
0.32361743
0.32434213
0.32508075
0.32583350
0.32660234
0.32738623
0.32817876
0.32898545
0.32983586
0.33063659
0.33143261
0.33223122
0.33303055
0.33383504
0.33466226
0.33549297
0.33633542
0.33717766
0.33803055
0.33887872
0.33973703
0.34059641
0.34145096
0.34231117
0.34317636
0.34404659
0.34492326
0.34581986
0.34673601
0.34768555
0.37549451
0.37650239
0.37751648
0.37853524
0.37955952
0.38059020
0.38162562
0.38266757
0.38371435
0.38476691
0.38582608
0.38689023
0.38796115
0.38903716
0.39011914
0.39120802
0.39230213
0.39340326
0.39450970
0.39562237
0.39674225
0.39786759
0.39900023
0.40013841
0.40128312
0.40243530
0.40359321
0.40475872
0.40593007
0.40710819
0.40829411
0.40948603
0.41068590
0.41189182
0.41310486
0.41432604
0.41555351
0.41678920
0.41803133
0.41927987
0.42053789
0.42180246
0.42307568
0.42435560
0.42564330
0.42693985
0.42824328
0.42955574
0.43087521
0.43220285
0.43353972
0.43488383
0.43623737
0.43759829
0.43896773
0.44034687
0.44173357
0.44313017
0.44453451
0.44594777
0.44737116
0.44880256
0.45024428
0.45169413
0.45315337
0.45462322
0.45610145
0.45759052
0.45908818
0.46059683
0.46211424
0.46364170
0.46518049
0.46672830
0.46828645
0.46985629
0.47143543
0.47302648
0.47462702
0.47623846
0.47786087
0.47932652
0.48077649
0.48223528
0.48342577
0.48451400
0.48560578
0.48648837
0.48721141
0.48793259
0.48850971
0.48886526
0.48922265
0.48950922
0.48950651
0.48950383
0.48949978
0.48918098
0.48883170
0.48843598
0.48799545
0.48758507
0.48759842
0.48857409
1.04116118
1.04503655
1.04894710
1.05288696
1.05685019
1.06084979
1.06487334
1.06893408
1.07301927
1.07714248
1.08129084
1.08547783
1.08969080
1.09394336
1.09822237
1.10254180
1.10688853
1.11127663
1.11569262
1.12015080
1.12463784
1.12916803
1.13372767
1.13833153
1.14296556
1.14764488
1.15235531
1.15711200
1.16190064
1.16673660
1.17160535
1.17652261
1.18147361
1.18647420
1.19150949
1.19659567
1.20171726
1.20689118
1.21210158
1.21736538
1.22266686
1.22802305
1.23341787
1.23886895
1.24435973
1.24990821
1.25549746
1.26114583
1.26683629
1.27258742
1.27838182
1.28423858
1.29013979
1.29610503
1.30211604
1.30819273
1.31431675
1.32050812
1.32674825
1.33305752
1.33942711
1.34584773
1.35234046
1.35888577
1.36550534
1.37217891
1.37892890
1.38573480
1.39261901
1.39956105
1.40658379
1.41366601
1.42083132
1.42804670
1.43535900
1.44273472
1.45019853
1.45772803
1.46534824
1.47303629
1.48081768
1.48866940
1.49661732
1.50463784
1.51275766
0.31894723
0.31967410
0.32040489
0.32113841
0.32187533
0.32261622
0.32335994
0.32410768
0.32485828
0.32561240
0.32637060
0.32713175
0.32789704
0.32866535
0.32943723
0.33021337
0.33099258
0.33177608
0.33256269
0.33335301
0.33414772
0.33494562
0.33574799
0.33655354
0.33736300
0.33817697
0.33899426
0.33981550
0.34064072
0.34146997
0.34230393
0.34314129
0.34398344
0.34482905
0.32254022
0.32282451
0.32353330
0.32425115
0.32498106
0.32572559
0.32648253
0.32725504
0.32804087
0.32883593
0.32963917
0.33046901
0.33127654
0.33206636
0.33286926
0.33367106
0.33449182
0.33531791
0.33615631
0.33699319
0.33784643
0.33870593
0.33955362
0.34040621
0.34126702
0.34212694
0.34298921
0.34385651
0.34473023
0.34562045
0.34652811
0.34746701
0.37528235
0.37628987
0.37730202
0.37831962
0.37934357
0.38037223
0.38140732
0.38244721
0.38349280
0.38454497
0.38560209
0.38666585
0.38773468
0.38880941
0.38989100
0.39097774
0.39207143
0.39317039
0.39427552
0.39538777
0.39650542
0.39763027
0.39876068
0.39989749
0.40104172
0.40219161
0.40334904
0.40451223
0.40568212
0.40685976
0.40804330
0.40923467
0.41043210
0.41163656
0.41284904
0.41406775
0.41529465
0.41652784
0.41776839
0.41901734
0.42027178
0.42153576
0.42280638
0.42408466
0.42537171
0.42666557
0.42796838
0.42927811
0.43059587
0.43192282
0.43325692
0.43460032
0.43595105
0.43731019
0.43867889
0.44005510
0.44144109
0.44283471
0.44423717
0.44564965
0.44707003
0.44850063
0.44993925
0.45138717
0.45284554
0.45431224
0.45578963
0.45727548
0.45877105
0.46027765
0.46179295
0.46331948
0.46485490
0.46640056
0.46795774
0.46952415
0.47110230
0.47268984
0.47428811
0.47589722
0.47751731
0.47914976
0.48069340
0.48215300
0.48362017
0.48495486
0.48605132
0.48715138
0.48816943
0.48889613
0.48962635
0.49032906
0.49068859
0.49104729
0.49140653
0.49144995
0.49144724
0.49144587
0.49122754
0.49087533
0.49050200
0.49005771
0.48961559
0.48945537
0.49009818
0.49223819
1.04811943
1.05205309
1.05601013
1.06000328
1.06402040
1.06807458
1.07215321
1.07626975
1.08041131
1.08459163
1.08879769
1.09304321
1.09731519
1.10162747
1.10596693
1.11034775
1.11475635
1.11920714
1.12368643
1.12820899
1.13276088
1.13735688
1.14198303
1.14665425
1.15135658
1.15610504
1.16088521
1.16571271
1.17057288
1.17548156
1.18042374
1.18541551
1.19044173
1.19551873
1.20063925
1.20579565
1.21100473
1.21625078
1.22155082
1.22688890
1.23228228
1.23771465
1.24320388
1.24873316
1.25432074
1.25994968
1.26563835
1.27136946
1.27716196
1.28299820
1.28889740
1.29484165
1.30085039
1.30690575
1.31302726
1.31919670
1.32543433
1.33172107
1.33807790
1.34448564
1.35096514
1.35749710
1.36410308
1.37076306
1.37749898
1.38429070
1.39116061
1.39808810
1.40509593
1.41216326
1.41931331
1.42651320
1.43380964
1.44116950
1.44861710
1.45613015
1.46373355
1.47140455
1.47916877
1.48700297
1.49493301
1.50293553
1.51103687
1.51921320
0.31952032
0.32025039
0.32098323
0.32172000
0.32245958
0.32320318
0.32394958
0.32469946
0.32545343
0.32621029
0.32697070
0.32773525
0.32850277
0.32927454
0.33004928
0.33082831
0.33161044
0.33239624
0.33318642
0.33397973
0.33477682
0.33557835
0.33638310
0.33719236
0.33800489
0.33882198
0.33964172
0.34046611
0.34129515
0.34212759
0.34296477
0.34380537
0.34465012
0.32997343
0.32365036
0.32343984
0.32415962
0.32488912
0.32562965
0.32637838
0.32714257
0.32791880
0.32870659
0.32950553
0.33030713
0.33111447
0.33191773
0.33270687
0.33352163
0.33433226
0.33515185
0.33598435
0.33681336
0.33766121
0.33851591
0.33937559
0.34022599
0.34108132
0.34194356
0.34280822
0.34367329
0.34454340
0.34542662
0.34632787
0.34725821
0.37507123
0.37607682
0.37708780
0.37810507
0.37912703
0.38015452
0.38118842
0.38222712
0.38327235
0.38432246
0.38537917
0.38644087
0.38750845
0.38858280
0.38966227
0.39074859
0.39184013
0.39293778
0.39404246
0.39515251
0.39626974
0.39739236
0.39852139
0.39965776
0.40079972
0.40194914
0.40310425
0.40426600
0.40543541
0.40661067
0.40779370
0.40898269
0.41017863
0.41138256
0.41259259
0.41381073
0.41503513
0.41626680
0.41750675
0.41875315
0.42000702
0.42126840
0.42253739
0.42381507
0.42509946
0.42639270
0.42769280
0.42900082
0.43031794
0.43164214
0.43297553
0.43431616
0.43566510
0.43702352
0.43838936
0.43976483
0.44114789
0.44253966
0.44394135
0.44535086
0.44677043
0.44819799
0.44963467
0.45108175
0.45253700
0.45400286
0.45547706
0.45696089
0.45845559
0.45995888
0.46147329
0.46299651
0.46452978
0.46607450
0.46762827
0.46919370
0.47076836
0.47235367
0.47395092
0.47555649
0.47717553
0.47880432
0.48044431
0.48206812
0.48353741
0.48501301
0.48649368
0.48759711
0.48870555
0.48981634
0.49059391
0.49132922
0.49206537
0.49252421
0.49288696
0.49324891
0.49340886
0.49339792
0.49338424
0.49325711
0.49289790
0.49253920
0.49209121
0.49164134
0.49130073
0.49175951
0.49334598
1.05122054
1.05517125
1.05915809
1.06316888
1.06721652
1.07128859
1.07539845
1.07953334
1.08370674
1.08791256
1.09214449
1.09641623
1.10071468
1.10505378
1.10942042
1.11382854
1.11826491
1.12274384
1.12725163
1.13180292
1.13638389
1.14100945
1.14566541
1.15036690
1.15509963
1.15987909
1.16469073
1.16955006
1.17444229
1.17938352
1.18435860
1.18938375
1.19444370
1.19955504
1.20470214
1.20990181
1.21513820
1.22042859
1.22575676
1.23114014
1.23656249
1.24204147
1.24756050
1.25313747
1.25875580
1.26443362
1.27015388
1.27593517
1.28176022
1.28764796
1.29358065
1.29957783
1.30562115
1.31173074
1.31788790
1.32411313
1.33038735
1.33673143
1.34312618
1.34959269
1.35611129
1.36270368
1.36934996
1.37607205
1.38284969
1.38970518
1.39661813
1.40361130
1.41067469
1.41779840
1.42499435
1.43226373
1.43961930
1.44703913
1.45454764
1.46212244
1.46978867
1.47752357
1.48535264
1.49325252
1.50124967
1.50932002
1.51749063
1.52573717
0.32009605
0.32082877
0.32156423
0.32230312
0.32304597
0.32379165
0.32454142
0.32529405
0.32605016
0.32681042
0.32757360
0.32834098
0.32911137
0.32988536
0.33066362
0.33144495
0.33223060
0.33301935
0.33381185
0.33460879
0.33540890
0.33621347
0.33702126
0.33783296
0.33864921
0.33946812
0.34029233
0.34111989
0.34195146
0.34278777
0.34362751
0.34447205
0.34532008
0.34617227
0.32970145
0.32526609
0.32481679
0.32554391
0.32628804
0.32704639
0.32781371
0.32859555
0.32938299
0.33017233
0.33097041
0.33177298
0.33256951
0.33335799
0.33416969
0.33498913
0.33581007
0.33664456
0.33747619
0.33833188
0.33918545
0.34003749
0.34089580
0.34176105
0.34262544
0.34349424
0.34436676
0.34524506
0.34613660
0.34705848
0.34889996
0.37586400
0.37687466
0.37788996
0.37891075
0.37993786
0.38096976
0.38200811
0.38305131
0.38410020
0.38515571
0.38621616
0.38728335
0.38835558
0.38943377
0.39051884
0.39160910
0.39270633
0.39380884
0.39491758
0.39603344
0.39715475
0.39828333
0.39941743
0.40055799
0.40170604
0.40285975
0.40402099
0.40518808
0.40636191
0.40754348
0.40873101
0.40992641
0.41112790
0.41233739
0.41355309
0.41477594
0.41600704
0.41724449
0.41848931
0.41974157
0.42100137
0.42226976
0.42354479
0.42482856
0.42611912
0.42741755
0.42872494
0.43003935
0.43136284
0.43269348
0.43403235
0.43538058
0.43673614
0.43810126
0.43947387
0.44085509
0.44224611
0.44364482
0.44505355
0.44647011
0.44789574
0.44933161
0.45077559
0.45223004
0.45369273
0.45516494
0.45664787
0.45813936
0.45964178
0.46115288
0.46267399
0.46420634
0.46574768
0.46730050
0.46886247
0.47043493
0.47201923
0.47361296
0.47521752
0.47683296
0.47845942
0.48009831
0.48174718
0.48340872
0.48492846
0.48641393
0.48790851
0.48915273
0.49026826
0.49138889
0.49230352
0.49304396
0.49378526
0.49436674
0.49471849
0.49507073
0.49532419
0.49531180
0.49529940
0.49526355
0.49490005
0.49453843
0.49411151
0.49365792
0.49326804
0.49345127
0.49464974
1.05434000
1.05831432
1.06232500
1.06635976
1.07043183
1.07452857
1.07866323
1.08282340
1.08702230
1.09124732
1.09551203
1.09980333
1.10413527
1.10849464
1.11289537
1.11732435
1.12179565
1.12629580
1.13083947
1.13541257
1.14003015
1.14467812
1.14937150
1.15409613
1.15886724
1.16367042
1.16852117
1.17340481
1.17833734
1.18330359
1.18831980
1.19337070
1.19847274
1.20361054
1.20880079
1.21402776
1.21930838
1.22462678
1.23000026
1.23541248
1.24088120
1.24638987
1.25195646
1.25757301
1.26323116
1.26894963
1.27471089
1.28053391
1.28640103
1.29233158
1.29830766
1.30434883
1.31043673
1.31659150
1.32279456
1.32906628
1.33538771
1.34177971
1.34822285
1.35473859
1.36130726
1.36795032
1.37464797
1.38142228
1.38825285
1.39516222
1.40212977
1.40917826
1.41628683
1.42346740
1.43072116
1.43806088
1.44546449
1.45295668
1.46051490
1.46816432
1.47588193
1.48369360
1.49157584
1.49955499
1.50760710
1.51575911
1.52398670
1.53231728
0.32067385
0.32140863
0.32214737
0.32288891
0.32363448
0.32438290
0.32513478
0.32589078
0.32664970
0.32741272
0.32817876
0.32894838
0.32972220
0.33049908
0.33128026
0.33206448
0.33285245
0.33364481
0.33444029
0.33524022
0.33604336
0.33685035
0.33766186
0.33847663
0.33929601
0.34011808
0.34094477
0.34177616
0.34261096
0.34345049
0.34429348
0.34514064
0.34599262
0.34684816
0.34770861
0.33401731
0.32680142
0.32623541
0.32697791
0.32773283
0.32850036
0.32928732
0.33006704
0.33085108
0.33163637
0.33243597
0.33323380
0.33402485
0.33483917
0.33564669
0.33646831
0.33730546
0.33815065
0.33900201
0.33985573
0.34070659
0.34157220
0.34244156
0.34331006
0.34417963
0.34506434
0.34595361
0.34687588
0.34842598
0.37565219
0.37666091
0.37767509
0.37869552
0.37972066
0.38075218
0.38178852
0.38283050
0.38387904
0.38493249
0.38599256
0.38705766
0.38812864
0.38920644
0.39028937
0.39137921
0.39247426
0.39357549
0.39468378
0.39579743
0.39691830
0.39804465
0.39917737
0.40031749
0.40146321
0.40261644
0.40377539
0.40494105
0.40611437
0.40729356
0.40848058
0.40967357
0.41087359
0.41208157
0.41329575
0.41451806
0.41574663
0.41698253
0.41822678
0.41947648
0.42073569
0.42200145
0.42327487
0.42455703
0.42584592
0.42714372
0.42844841
0.42976108
0.43108287
0.43241176
0.43374994
0.43509537
0.43644917
0.43781248
0.43918326
0.44056374
0.44195184
0.44334981
0.44475552
0.44617021
0.44759503
0.44902787
0.45046988
0.45192233
0.45338306
0.45485440
0.45633414
0.45782474
0.45932391
0.46083292
0.46235311
0.46388215
0.46542132
0.46697196
0.46853173
0.47010320
0.47168401
0.47327676
0.47487900
0.47649089
0.47811627
0.47975153
0.48139930
0.48305714
0.48472640
0.48632753
0.48782158
0.48932621
0.49071833
0.49184102
0.49296886
0.49402374
0.49475697
0.49549103
0.49618301
0.49653873
0.49689496
0.49725029
0.49724194
0.49722946
0.49721694
0.49691853
0.49655396
0.49614704
0.49569112
0.49525115
0.49523187
0.49620238
1.05747175
1.06147611
1.06550443
1.06956995
1.07366002
1.07778811
1.08194149
1.08613360
1.09035158
1.09460926
1.09889352
1.10321832
1.10757041
1.11196387
1.11639225
1.12084913
1.12534881
1.12987757
1.13445020
1.13905263
1.14369988
1.14837790
1.15310180
1.15785718
1.16265953
1.16749418
1.17237699
1.17729306
1.18225825
1.18725765
1.19230759
1.19739246
1.20252907
1.20770180
1.21292746
1.21819019
1.22350717
1.22886240
1.23427320
1.23972321
1.24523020
1.25077760
1.25638366
1.26203108
1.26773858
1.27348876
1.27930069
1.28515649
1.29107559
1.29703999
1.30306923
1.30914521
1.31528795
1.32147861
1.32773781
1.33404660
1.34042573
1.34685588
1.35335839
1.35991359
1.36654305
1.37322700
1.37998724
1.38680351
1.39369845
1.40065134
1.40768492
1.41477835
1.42195499
1.42918181
1.43650579
1.44389331
1.45136917
1.45891082
1.46654344
1.47425628
1.48203826
1.48991537
1.49786413
1.50591075
1.51403153
1.52225339
1.53055179
1.53895450
0.32125375
0.32199121
0.32273203
0.32347685
0.32422456
0.32497630
0.32573095
0.32648972
0.32725140
0.32801667
0.32878613
0.32955861
0.33033472
0.33111510
0.33189857
0.33268636
0.33347729
0.33427259
0.33507109
0.33587343
0.33668023
0.33749029
0.33830422
0.33912277
0.33994401
0.34077048
0.34160036
0.34243497
0.34327298
0.34411511
0.34496203
0.34581247
0.34666714
0.34752670
0.34838983
0.34925798
0.35012975
0.32839793
0.32771233
0.32844460
0.32920450
0.32998076
0.33076069
0.33154312
0.33233356
0.33309975
0.33390954
0.33470252
0.33549613
0.33631128
0.33714446
0.33798498
0.33882841
0.33967933
0.34053451
0.34138876
0.34225062
0.34311947
0.34399274
0.34487247
0.34577286
0.34668875
0.34802610
0.37543985
0.37644744
0.37746125
0.37847972
0.37950450
0.38053405
0.38156918
0.38261080
0.38365731
0.38471034
0.38576838
0.38683224
0.38790283
0.38897848
0.39006102
0.39114872
0.39224249
0.39334327
0.39444938
0.39556262
0.39668125
0.39780623
0.39893851
0.40007636
0.40122160
0.40237254
0.40353009
0.40469521
0.40586621
0.40704489
0.40822950
0.40942106
0.41062051
0.41182607
0.41303968
0.41425952
0.41548657
0.41672188
0.41796359
0.41921273
0.42046934
0.42173350
0.42300633
0.42428580
0.42557409
0.42686918
0.42817220
0.42948422
0.43080327
0.43213150
0.43346688
0.43481055
0.43616363
0.43752408
0.43889412
0.44027171
0.44165796
0.44305405
0.44445792
0.44587180
0.44729361
0.44872448
0.45016569
0.45161507
0.45307493
0.45454311
0.45602083
0.45750937
0.45900649
0.46051461
0.46203148
0.46355838
0.46509662
0.46664387
0.46820268
0.46977073
0.47134930
0.47293976
0.47453973
0.47615054
0.47777236
0.47940525
0.48105064
0.48270607
0.48437423
0.48605263
0.48773471
0.48923880
0.49075082
0.49227223
0.49342391
0.49455079
0.49568143
0.49646392
0.49720445
0.49794579
0.49837381
0.49873126
0.49908924
0.49918440
0.49917322
0.49916062
0.49895495
0.49858737
0.49820083
0.49773973
0.49727806
0.49709615
0.49776340
0.50013816
1.06465685
1.06870937
1.07279944
1.07691431
1.08106756
1.08524621
1.08946407
1.09370804
1.09799206
1.10230291
1.10665452
1.11103380
1.11545491
1.11990416
1.12439620
1.12891734
1.13348222
1.13807678
1.14271605
1.14738607
1.15210176
1.15684879
1.16164279
1.16646898
1.17134321
1.17625058
1.18120706
1.18619752
1.19123828
1.19631410
1.20144153
1.20660484
1.21182096
1.21707404
1.22238135
1.22772658
1.23312736
1.23856723
1.24406409
1.24960101
1.25519645
1.26083326
1.26652980
1.27226913
1.27806985
1.28391433
1.28982198
1.29578424
1.30179226
1.30786598
1.31398690
1.32017517
1.32641208
1.33271813
1.33907449
1.34550190
1.35198104
1.35853326
1.36513877
1.37181938
1.37855506
1.38536811
1.39223778
1.39918697
1.40619481
1.41328442
1.42043447
1.42765737
1.43495393
1.44233727
1.44978511
1.45732224
1.46492612
1.47262192
1.48038661
1.48824620
1.49617696
1.50420558
1.51230788
1.52051091
1.52879035
1.53717363
1.54563606
0.32183516
0.32257587
0.32331941
0.32406697
0.32481739
0.32557130
0.32632929
0.32709026
0.32785538
0.32862347
0.32939517
0.33017111
0.33095011
0.33173341
0.33251980
0.33330995
0.33410445
0.33490214
0.33570430
0.33650964
0.33731887
0.33813265
0.33894971
0.33977073
0.34059575
0.34142476
0.34225851
0.34309566
0.34393758
0.34478298
0.34563252
0.34648696
0.34734496
0.34820789
0.34907442
0.34994528
0.35082120
0.35170081
0.33057705
0.32925504
0.32993549
0.33069435
0.33146840
0.33224794
0.33302808
0.33379120
0.33458489
0.33538550
0.33617917
0.33698809
0.33782589
0.33866856
0.33951151
0.34036195
0.34121862
0.34206843
0.34292910
0.34380141
0.34468818
0.34558356
0.34649977
0.34759387
0.37522775
0.37623501
0.37724686
0.37826416
0.37928778
0.38031614
0.38135093
0.38239053
0.38343662
0.38448766
0.38554445
0.38660792
0.38767642
0.38875082
0.38983208
0.39091849
0.39201185
0.39311045
0.39421615
0.39532715
0.39644447
0.39756900
0.39869905
0.39983553
0.40097940
0.40212893
0.40328598
0.40444881
0.40561926
0.40679559
0.40797874
0.40916976
0.41036680
0.41157183
0.41278300
0.41400132
0.41522780
0.41646060
0.41770172
0.41894928
0.42020333
0.42146689
0.42273709
0.42401597
0.42530158
0.42659503
0.42789739
0.42920670
0.43052506
0.43185052
0.43318418
0.43452713
0.43587738
0.43723714
0.43860430
0.43998006
0.44136557
0.44275871
0.44416180
0.44557270
0.44699258
0.44842267
0.44986081
0.45130932
0.45276609
0.45423225
0.45570913
0.45719445
0.45869067
0.46019554
0.46171030
0.46323627
0.46477115
0.46631747
0.46787289
0.46943870
0.47101626
0.47260323
0.47420219
0.47580945
0.47742894
0.47906077
0.48070249
0.48235682
0.48402125
0.48569721
0.48738617
0.48908556
0.49066287
0.49218374
0.49371269
0.49500051
0.49613321
0.49727112
0.49818271
0.49892837
0.49967486
0.50021827
0.50058264
0.50094324
0.50114208
0.50113362
0.50112092
0.50100809
0.50063610
0.50026608
0.49980673
0.49934125
0.49898711
0.49946454
0.50114208
1.06785035
1.07193375
1.07604206
1.08018839
1.08436036
1.08857131
1.09280825
1.09708524
1.10138893
1.10573339
1.11010540
1.11451900
1.11896086
1.12344527
1.12795877
1.13251579
1.13710260
1.14173388
1.14639580
1.15110338
1.15584219
1.16062784
1.16545320
1.17031121
1.17521763
1.18015766
1.18514717
1.19017100
1.19524574
1.20035589
1.20551801
1.21071649
1.21596837
1.22125757
1.22660148
1.23198378
1.23742211
1.24290001
1.24843538
1.25401151
1.25964653
1.26532340
1.27106082
1.27684128
1.28268385
1.28857076
1.29452145
1.30051780
1.30657959
1.31268835
1.31886435
1.32508898
1.33138251
1.33772600
1.34414041
1.35060644
1.35714531
1.36373723
1.37040424
1.37712598
1.38392472
1.39078021
1.39771473
1.40470779
1.41178238
1.41891730
1.42612457
1.43340564
1.44077289
1.44820464
1.45572519
1.46331239
1.47099113
1.47873867
1.48658073
1.49449372
1.50250423
1.51058817
1.51877248
1.52704597
1.53539693
1.54385304
1.55238938
0.32241929
0.32316267
0.32390893
0.32465860
0.32541236
0.32616904
0.32692987
0.32769361
0.32846096
0.32923248
0.33000708
0.33078590
0.33156779
0.33235341
0.33314338
0.33393648
0.33473399
0.33553469
0.33633924
0.33714828
0.33796060
0.33877748
0.33959702
0.34042117
0.34125000
0.34208223
0.34291917
0.34375957
0.34460407
0.34545344
0.34630629
0.34716406
0.34802541
0.34889105
0.34976169
0.35063601
0.35151538
0.35239848
0.35328603
0.33325440
0.33181629
0.33143324
0.33219588
0.33296517
0.33373237
0.33450127
0.33528569
0.33607760
0.33687329
0.33767915
0.33850497
0.33934066
0.34018633
0.34103623
0.34189036
0.34274817
0.34361690
0.34449670
0.34539109
0.34630966
0.34727582
0.37501669
0.37602198
0.37703270
0.37804967
0.37907133
0.38009933
0.38113210
0.38217050
0.38321540
0.38426521
0.38532162
0.38638300
0.38745025
0.38852426
0.38960341
0.39068940
0.39178061
0.39287794
0.39398229
0.39509201
0.39620885
0.39733118
0.39845985
0.39959586
0.40073746
0.40188652
0.40304127
0.40420267
0.40537170
0.40654659
0.40772924
0.40891787
0.41011342
0.41131696
0.41252661
0.41374436
0.41496837
0.41619962
0.41743919
0.41868520
0.41993865
0.42119962
0.42246819
0.42374545
0.42502943
0.42632222
0.42762190
0.42892951
0.43024617
0.43156993
0.43290287
0.43424305
0.43559259
0.43694949
0.43831486
0.43968987
0.44107246
0.44246376
0.44386497
0.44527400
0.44669309
0.44812012
0.44955745
0.45100290
0.45245764
0.45392299
0.45539665
0.45688114
0.45837411
0.45987689
0.46139076
0.46291342
0.46444738
0.46599030
0.46754354
0.46910837
0.47068247
0.47226843
0.47386387
0.47546884
0.47708729
0.47871548
0.48035613
0.48200676
0.48366877
0.48534364
0.48702878
0.48872700
0.49043578
0.49209529
0.49362233
0.49515748
0.49658442
0.49772581
0.49887103
0.49990922
0.50066429
0.50141597
0.50207645
0.50244492
0.50280964
0.50311381
0.50310671
0.50309533
0.50307828
0.50270176
0.50232863
0.50189102
0.50142163
0.50101656
0.50120986
0.50248039
1.07106948
1.07517755
1.07931077
1.08348250
1.08767998
1.09191668
1.09617984
1.10048330
1.10481369
1.10918534
1.11358464
1.11802614
1.12249601
1.12700891
1.13155115
1.13613725
1.14075351
1.14541471
1.15010679
1.15484488
1.15961468
1.16443169
1.16928113
1.17417884
1.17911005
1.18409073
1.18910563
1.19417131
1.19927216
1.20442498
1.20961404
1.21485627
1.22013581
1.22546983
1.23084223
1.23627055
1.24173820
1.24726319
1.25282884
1.25845325
1.26411939
1.26984572
1.27561522
1.28144646
1.28732204
1.29326117
1.29924583
1.30529571
1.31139255
1.31755626
1.32376850
1.33004940
1.33638024
1.34278166
1.34923458
1.35576010
1.36234915
1.36899185
1.37571037
1.38248444
1.38933647
1.39624572
1.40323508
1.41028357
1.41741455
1.42459524
1.43187201
1.43921196
1.44663918
1.45413172
1.46171427
1.46936405
1.47710669
1.48491895
1.49282682
1.50080669
1.50888503
1.51703799
1.52529263
1.53362429
1.54206085
1.55057728
1.55920196
0.32300553
0.32375103
0.32450059
0.32525301
0.32600954
0.32676902
0.32753202
0.32829919
0.32906938
0.32984379
0.33062124
0.33140236
0.33218780
0.33297637
0.33376867
0.33456540
0.33536530
0.33616966
0.33697724
0.33778936
0.33860478
0.33942348
0.34024745
0.34107476
0.34190679
0.34274223
0.34358174
0.34442607
0.34527385
0.34612650
0.34698272
0.34784317
0.34870857
0.34957761
0.35045168
0.35132945
0.35221162
0.35309893
0.35399002
0.35488632
0.33616519
0.33333427
0.33295271
0.33369672
0.33445853
0.33522570
0.33599705
0.33678088
0.33757347
0.33837691
0.33919451
0.34002775
0.34087035
0.34171972
0.34257862
0.34344253
0.34431678
0.34520087
0.34610701
0.34704021
0.37480587
0.37580922
0.37681961
0.37783462
0.37885591
0.37988192
0.38091353
0.38195154
0.38299444
0.38404384
0.38509819
0.38615835
0.38722521
0.38829714
0.38937587
0.39045972
0.39154965
0.39264655
0.39374873
0.39485800
0.39597267
0.39709362
0.39822185
0.39935559
0.40049672
0.40164348
0.40279683
0.40395775
0.40512446
0.40629882
0.40747911
0.40866625
0.40986130
0.41106239
0.41227150
0.41348681
0.41470927
0.41593996
0.41717702
0.41842240
0.41967329
0.42093268
0.42220065
0.42347527
0.42475861
0.42604876
0.42734677
0.42865372
0.42996767
0.43129072
0.43262091
0.43395934
0.43530712
0.43666223
0.43802688
0.43939900
0.44077975
0.44217029
0.44356856
0.44497678
0.44639286
0.44781798
0.44925338
0.45069686
0.45215079
0.45361295
0.45508465
0.45656708
0.45805800
0.45955989
0.46107048
0.46259102
0.46412283
0.46566361
0.46721587
0.46877727
0.47034916
0.47193289
0.47352603
0.47512999
0.47674483
0.47837070
0.48000899
0.48165724
0.48331815
0.48498923
0.48667324
0.48836765
0.49007389
0.49179348
0.49352378
0.49506658
0.49661076
0.49816459
0.49932864
0.50047988
0.50163782
0.50240946
0.50316924
0.50392991
0.50431973
0.50469148
0.50505805
0.50509387
0.50508529
0.50507385
0.50478595
0.50440830
0.50399274
0.50351942
0.50306261
0.50304270
0.50406122
1.07430804
1.07843459
1.08259952
1.08679008
1.09101987
1.09527612
1.09957230
1.10389566
1.10825992
1.11265194
1.11708593
1.12154830
1.12605357
1.13058805
1.13516641
1.13977468
1.14442790
1.14911187
1.15384173
1.15860331
1.16341186
1.16825283
1.17314196
1.17806435
1.18303621
1.18804216
1.19309878
1.19819856
1.20333397
1.20852172
1.21374631
1.21902442
1.22434032
1.22971129
1.23512101
1.24058723
1.24609327
1.25165713
1.25726211
1.26292646
1.26863301
1.27440059
1.28021157
1.28608501
1.29200327
1.29798579
1.30401433
1.31010878
1.31625080
1.32246041
1.32871902
1.33504713
1.34142578
1.34787583
1.35437787
1.36095333
1.36758256
1.37428713
1.38104713
1.38788486
1.39477968
1.40175426
1.40878797
1.41590381
1.42306912
1.43033028
1.43765438
1.44506550
1.45254171
1.46010756
1.46774054
1.47546601
1.48326087
1.49115098
1.49911296
1.50717306
1.51530755
1.52354324
1.53185582
1.54027283
1.54876947
1.55737400
1.56606078
0.32359388
0.32434213
0.32509384
0.32584962
0.32660833
0.32737118
0.32813701
0.32890642
0.32968009
0.33045676
0.33123770
0.33202174
0.33280951
0.33360165
0.33439696
0.33519667
0.33599958
0.33680636
0.33761767
0.33843222
0.33925140
0.34007323
0.34089971
0.34173089
0.34256545
0.34340477
0.34424755
0.34509444
0.34594622
0.34680155
0.34766176
0.34852558
0.34939373
0.35026687
0.35114372
0.35202563
0.35291132
0.35380146
0.35469681
0.35559598
0.35650045
0.34034699
0.33484986
0.33444595
0.33519036
0.33595014
0.33671525
0.33749092
0.33827916
0.33908337
0.33989790
0.34072679
0.34156892
0.34241587
0.34327760
0.34414902
0.34502691
0.34592137
0.34683600
0.37459448
0.37559751
0.37660593
0.37762058
0.37863994
0.37966478
0.38069600
0.38173202
0.38277453
0.38382190
0.38487506
0.38593483
0.38699961
0.38807112
0.38914773
0.39023033
0.39131984
0.39241457
0.39351633
0.39462340
0.39573672
0.39685723
0.39798322
0.39911652
0.40025538
0.40140074
0.40255362
0.40371221
0.40487841
0.40605044
0.40722927
0.40841591
0.40960854
0.41080910
0.41201577
0.41322955
0.41445145
0.41567966
0.41691613
0.41815898
0.41940829
0.42066708
0.42193246
0.42320645
0.42448717
0.42577565
0.42707300
0.42837724
0.42969054
0.43101084
0.43233931
0.43367705
0.43502200
0.43637639
0.43773818
0.43910852
0.44048852
0.44187614
0.44327363
0.44467887
0.44609305
0.44751740
0.44894969
0.45039237
0.45184320
0.45330337
0.45477420
0.45625344
0.45774350
0.45924214
0.46075064
0.46227026
0.46379873
0.46533856
0.46688744
0.46844667
0.47001755
0.47159779
0.47318995
0.47479162
0.47640288
0.47802770
0.47966233
0.48130950
0.48296669
0.48463535
0.48631689
0.48800883
0.48971391
0.49142960
0.49315736
0.49489868
0.49651933
0.49807259
0.49963558
0.50093764
0.50210053
0.50326598
0.50416547
0.50493485
0.50570089
0.50620854
0.50658309
0.50695676
0.50709832
0.50708967
0.50708097
0.50688750
0.50650668
0.50611067
0.50563335
0.50515699
0.50496352
0.50567216
0.50829583
1.08171785
1.08590829
1.09012461
1.09438050
1.09866297
1.10298586
1.10733616
1.11172771
1.11614728
1.12060916
1.12509990
1.12963378
1.13419712
1.13880491
1.14344275
1.14812613
1.15284038
1.15760112
1.16239381
1.16723394
1.17210686
1.17702830
1.18198347
1.18698847
1.19202805
1.19711876
1.20224488
1.20742333
1.21263826
1.21790683
1.22321296
1.22857404
1.23397374
1.23942971
1.24492538
1.25047886
1.25607336
1.26172698
1.26742268
1.27317905
1.27897894
1.28484106
1.29074788
1.29671872
1.30273545
1.30881798
1.31494784
1.32114518
1.32739127
1.33370674
1.34007251
1.34650946
1.35299838
1.35956049
1.36617601
1.37286687
1.37961292
1.38643634
1.39331663
1.40027666
1.40730655
1.41439617
1.42156887
1.42879188
1.43611169
1.44349527
1.45096695
1.45850444
1.46613276
1.47382903
1.48161888
1.48947906
1.49743569
1.50546503
1.51359379
1.52179790
1.53010440
1.53848898
1.54697931
1.55555022
1.56423044
1.57299423
0.32418382
0.32493538
0.32568982
0.32644841
0.32720992
0.32797498
0.32874423
0.32951650
0.33029303
0.33107260
0.33185586
0.33264345
0.33343419
0.33422929
0.33502758
0.33582970
0.33663630
0.33744612
0.33826053
0.33907822
0.33989921
0.34072548
0.34155515
0.34238952
0.34322730
0.34406921
0.34491593
0.34576613
0.34662122
0.34747988
0.34834281
0.34921071
0.35008225
0.35095885
0.35183915
0.35272390
0.35361379
0.35450748
0.35540640
0.35630921
0.35721660
0.35812932
0.35904604
0.33638754
0.33593935
0.33668533
0.33744228
0.33821040
0.33899426
0.33979473
0.34061074
0.34143919
0.34227759
0.34312674
0.34399009
0.34486446
0.34575135
0.34665969
0.34843212
0.37538522
0.37639251
0.37740603
0.37842420
0.37944868
0.38047794
0.38151276
0.38255405
0.38360023
0.38465300
0.38571069
0.38677424
0.38784450
0.38891986
0.39000204
0.39108941
0.39218286
0.39328331
0.39438906
0.39550197
0.39662024
0.39774489
0.39887682
0.40001431
0.40115923
0.40230978
0.40346789
0.40463176
0.40580234
0.40698066
0.40816492
0.40935609
0.41055515
0.41176033
0.41297358
0.41419300
0.41542062
0.41665459
0.41789588
0.41914460
0.42040083
0.42166457
0.42293698
0.42421603
0.42550391
0.42679858
0.42810217
0.42941272
0.43073133
0.43205911
0.43339404
0.43473834
0.43608990
0.43744990
0.43881947
0.44019657
0.44158345
0.44297799
0.44438136
0.44579476
0.44721606
0.44864759
0.45008716
0.45153600
0.45299536
0.45446303
0.45594141
0.45742825
0.45892483
0.46043241
0.46194875
0.46347630
0.46501279
0.46655947
0.46811774
0.46968520
0.47126442
0.47285306
0.47445244
0.47606269
0.47768390
0.47931749
0.48096097
0.48261577
0.48428330
0.48596108
0.48765185
0.48935312
0.49106625
0.49279281
0.49453017
0.49628124
0.49797922
0.49954304
0.50111532
0.50255698
0.50373030
0.50490481
0.50593519
0.50670856
0.50748432
0.50811160
0.50848895
0.50886691
0.50911725
0.50910848
0.50910121
0.50900662
0.50862265
0.50823927
0.50776660
0.50728619
0.50691777
0.50741631
0.50919151
1.08502126
1.08923066
1.09347963
1.09775507
1.10207081
1.10641384
1.11079812
1.11521029
1.11966467
1.12414777
1.12867391
1.13322961
1.13782942
1.14245939
1.14713466
1.15184081
1.15659320
1.16137755
1.16620922
1.17107356
1.17598629
1.18093276
1.18592882
1.19095933
1.19604087
1.20115781
1.20632684
1.21153235
1.21679127
1.22208762
1.22743881
1.23282850
1.23827434
1.24375975
1.24930286
1.25489557
1.26052964
1.26622355
1.27196002
1.27775788
1.28359962
1.28950429
1.29545414
1.30146873
1.30752969
1.31365716
1.31983256
1.32607615
1.33236909
1.33873212
1.34514606
1.35163200
1.35817039
1.36478293
1.37144947
1.37819219
1.38499081
1.39186764
1.39880216
1.40581727
1.41289175
1.42004919
1.42725670
1.43456078
1.44192839
1.44938374
1.45690477
1.46451628
1.47219563
1.47996819
1.48781085
1.49574959
1.50376081
1.51187110
1.52005649
1.52834404
1.53670919
1.54517984
1.55373085
1.56239069
1.57113373
1.57998931
0.32477650
0.32553080
0.32628804
0.32704878
0.32781371
0.32858160
0.32935372
0.33012885
0.33090767
0.33169076
0.33247694
0.33326751
0.33406121
0.33485869
0.33566061
0.33646575
0.33727542
0.33808833
0.33890519
0.33972600
0.34055078
0.34138024
0.34221309
0.34305003
0.34389174
0.34473690
0.34558690
0.34644043
0.34729818
0.34816089
0.34902719
0.34989852
0.35077351
0.35165289
0.35253736
0.35342562
0.35431907
0.35521635
0.35611817
0.35702530
0.35793632
0.35885277
0.35977316
0.36069831
0.33800039
0.33751714
0.33818984
0.33893809
0.33971626
0.34051627
0.34133247
0.34216246
0.34300244
0.34385386
0.34471554
0.34559160
0.34649304
0.34797779
0.37517318
0.37618014
0.37719169
0.37820950
0.37923202
0.38026008
0.38129455
0.38233384
0.38337964
0.38443035
0.38548684
0.38654998
0.38761815
0.38869309
0.38977316
0.39085928
0.39195228
0.39305058
0.39415592
0.39526659
0.39638355
0.39750776
0.39863741
0.39977446
0.40091708
0.40206626
0.40322295
0.40438539
0.40555549
0.40673146
0.40791425
0.40910488
0.41030154
0.41150618
0.41271695
0.41393489
0.41516098
0.41639337
0.41763410
0.41888127
0.42013490
0.42139804
0.42266783
0.42394629
0.42523149
0.42652449
0.42782643
0.42913529
0.43045324
0.43177825
0.43311143
0.43445396
0.43580374
0.43716303
0.43852976
0.43990502
0.44129005
0.44268274
0.44408533
0.44549575
0.44691515
0.44834474
0.44978237
0.45123041
0.45268664
0.45415229
0.45562863
0.45711344
0.45860913
0.46011347
0.46162888
0.46315312
0.46468744
0.46623319
0.46778804
0.46935451
0.47093028
0.47251666
0.47411504
0.47572172
0.47734186
0.47897181
0.48061293
0.48226663
0.48393047
0.48560712
0.48729411
0.48899284
0.49070480
0.49242747
0.49416363
0.49591067
0.49767014
0.49944353
0.50102079
0.50260383
0.50418687
0.50536782
0.50655282
0.50771594
0.50849479
0.50927746
0.51002896
0.51040924
0.51079005
0.51115233
0.51114500
0.51113027
0.51111269
0.51073581
0.51034629
0.50989312
0.50940865
0.50898916
0.50919878
0.51059514
1.08833826
1.09258020
1.09684861
1.10115731
1.10549307
1.10986996
1.11427486
1.11872172
1.12319720
1.12771583
1.13227093
1.13685560
1.14148498
1.14614487
1.15085030
1.15558708
1.16037059
1.16518629
1.17004967
1.17494619
1.17989159
1.18487096
1.18990052
1.19496489
1.20008075
1.20523226
1.21043658
1.21567762
1.22097278
1.22630560
1.23169386
1.23712111
1.24260509
1.24812901
1.25371122
1.25933468
1.26501775
1.27074325
1.27653003
1.28236043
1.28825378
1.29419208
1.30019486
1.30624402
1.31235933
1.31852245
1.32475364
1.33103406
1.33738422
1.34378529
1.35025811
1.35678315
1.36338210
1.37003505
1.37676382
1.38354826
1.39041078
1.39733076
1.40433109
1.41139066
1.41853285
1.42572486
1.43301320
1.44036484
1.44780409
1.45530868
1.46290350
1.47056580
1.47832119
1.48615873
1.49406719
1.50207305
1.51015234
1.51833200
1.52658761
1.53494680
1.54338455
1.55192912
1.56055522
1.56929159
1.57811224
1.58704686
0.32537133
0.32612783
0.32688844
0.32765201
0.32841974
0.32919049
0.32996485
0.33074349
0.33152521
0.33231062
0.33310038
0.33389327
0.33469057
0.33549106
0.33629602
0.33710423
0.33791634
0.33873299
0.33955231
0.34037626
0.34120488
0.34203687
0.34287360
0.34371376
0.34455872
0.34540719
0.34625983
0.34711736
0.34797847
0.34884387
0.34971428
0.35058835
0.35146749
0.35235035
0.35323837
0.35413015
0.35502648
0.35592803
0.35683349
0.35774428
0.35865900
0.35957840
0.36050326
0.36143216
0.36236662
0.33961645
0.34021363
0.33968839
0.34045440
0.34124738
0.34206316
0.34289604
0.34373897
0.34459075
0.34545141
0.34633124
0.34756267
0.37496299
0.37596720
0.37697840
0.37799427
0.37901562
0.38004333
0.38107580
0.38211471
0.38315848
0.38420796
0.38526407
0.38632515
0.38739291
0.38846576
0.38954458
0.39063025
0.39172113
0.39281899
0.39392215
0.39503151
0.39614803
0.39726999
0.39839920
0.39953396
0.40067521
0.40182391
0.40297830
0.40414026
0.40530801
0.40648252
0.40766481
0.40885305
0.41004920
0.41125140
0.41246065
0.41367802
0.41490164
0.41613346
0.41737166
0.41861725
0.41987029
0.42113087
0.42240003
0.42367586
0.42495942
0.42625180
0.42755103
0.42885923
0.43017444
0.43149772
0.43283024
0.43416995
0.43551907
0.43687549
0.43824041
0.43961495
0.44099706
0.44238898
0.44378862
0.44519714
0.44661576
0.44804230
0.44947913
0.45092404
0.45237830
0.45384312
0.45531631
0.45680022
0.45829269
0.45979494
0.46130827
0.46283036
0.46436378
0.46590614
0.46745881
0.46902308
0.47059661
0.47218201
0.47377685
0.47538123
0.47699907
0.47862667
0.48026672
0.48191673
0.48357812
0.48525232
0.48693684
0.48863444
0.49034256
0.49206266
0.49379623
0.49554068
0.49729890
0.49906826
0.50085020
0.50250733
0.50410122
0.50570232
0.50701600
0.50821024
0.50940716
0.51029509
0.51108187
0.51186961
0.51232779
0.51269817
0.51307058
0.51313126
0.51311350
0.51309574
0.51279861
0.51240599
0.51197267
0.51148278
0.51101732
0.51101583
0.51214945
1.09168231
1.09595037
1.10024524
1.10458064
1.10894346
1.11334789
1.11778033
1.12225544
1.12675929
1.13130653
1.13588357
1.14050496
1.14515674
1.14985418
1.15458274
1.15935791
1.16416514
1.16902006
1.17390788
1.17884457
1.18381512
1.18883562
1.19389093
1.19899750
1.20413983
1.20933461
1.21456611
1.21985149
1.22517467
1.23055291
1.23597002
1.24144375
1.24695742
1.25252914
1.25814188
1.26381421
1.26952875
1.27530444
1.28112376
1.28700566
1.29294181
1.29892349
1.30497026
1.31106412
1.31722474
1.32343388
1.32971156
1.33603919
1.34243739
1.34888697
1.35540915
1.36198425
1.36863399
1.37533844
1.38211954
1.38895702
1.39587343
1.40284801
1.40990376
1.41701961
1.42420769
1.43146896
1.43881643
1.44622791
1.45372796
1.46129417
1.46895182
1.47667778
1.48449790
1.49238873
1.50037658
1.50843751
1.51659858
1.52483523
1.53317523
1.54159343
1.55011821
1.55872405
1.56743979
1.57623971
1.58515298
1.59415340
0.32596835
0.32672763
0.32749045
0.32825744
0.32902741
0.32980162
0.33057886
0.33135980
0.33214504
0.33293340
0.33372611
0.33452201
0.33532169
0.33612585
0.33693323
0.33774513
0.33856034
0.33937880
0.34020257
0.34102967
0.34186149
0.34269670
0.34353599
0.34438008
0.34522766
0.34608006
0.34693605
0.34779626
0.34866145
0.34953025
0.35040408
0.35128161
0.35216352
0.35305059
0.35394144
0.35483751
0.35573742
0.35664189
0.35755169
0.35846540
0.35938457
0.36030769
0.36123559
0.36216900
0.36310652
0.36404964
0.34175384
0.34181553
0.34122187
0.34199482
0.34280163
0.34363547
0.34448069
0.34533480
0.34619585
0.34721893
0.37475142
0.37575528
0.37676457
0.37777928
0.37880027
0.37982598
0.38085729
0.38189501
0.38293758
0.38398668
0.38504073
0.38610056
0.38716710
0.38823870
0.38931710
0.39040065
0.39149022
0.39258680
0.39368865
0.39479756
0.39591187
0.39703250
0.39816037
0.39929378
0.40043455
0.40158096
0.40273395
0.40389448
0.40506083
0.40623483
0.40741476
0.40860248
0.40979618
0.41099691
0.41220564
0.41342053
0.41464260
0.41587290
0.41710955
0.41835457
0.41960505
0.42086500
0.42213157
0.42340577
0.42468870
0.42597842
0.42727599
0.42858252
0.42989600
0.43121862
0.43254837
0.43388739
0.43523368
0.43658832
0.43795252
0.43932417
0.44070554
0.44209453
0.44349229
0.44490004
0.44631565
0.44774139
0.44917515
0.45061812
0.45207155
0.45353323
0.45500553
0.45648628
0.45797670
0.45947805
0.46098807
0.46250927
0.46403936
0.46557957
0.46713126
0.46869212
0.47026467
0.47184655
0.47343913
0.47504249
0.47665673
0.47828329
0.47991970
0.48156732
0.48322761
0.48489806
0.48658144
0.48827523
0.48998082
0.49169973
0.49342939
0.49517262
0.49692684
0.49869353
0.50047421
0.50226629
0.50400269
0.50560606
0.50721824
0.50867498
0.50987703
0.51108336
0.51209641
0.51287544
0.51365691
0.51422375
0.51459688
0.51497203
0.51512849
0.51511061
0.51509273
0.51487970
0.51448381
0.51406777
0.51357538
0.51308244
0.51293904
0.51380068
1.09504700
1.09933472
1.10366297
1.10801852
1.11241555
1.11684060
1.12130809
1.12580431
1.13034391
1.13491309
1.13952661
1.14417040
1.14885974
1.15358007
1.15834689
1.16315329
1.16799212
1.17287910
1.17779934
1.18276894
1.18777263
1.19282687
1.19791627
1.20305741
1.20823467
1.21346498
1.21873236
1.22405410
1.22941411
1.23482966
1.24028468
1.24579668
1.25134921
1.25696027
1.26261294
1.26832569
1.27408135
1.27989852
1.28575993
1.29168451
1.29765463
1.30368960
1.30977142
1.31591988
1.32211661
1.32838190
1.33469677
1.34108210
1.34751868
1.35402751
1.36058927
1.36722541
1.37391591
1.38068295
1.38750625
1.39440811
1.40136802
1.40840888
1.41550970
1.42268240
1.42992806
1.43725967
1.44465506
1.45213878
1.45968843
1.46732914
1.47503805
1.48284078
1.49071395
1.49868381
1.50672662
1.51486909
1.52308691
1.53140771
1.53981984
1.54831147
1.55691087
1.56559253
1.57438552
1.58326375
1.59225690
1.60133839
0.32656699
0.32732964
0.32809529
0.32886511
0.32963794
0.33041441
0.33119518
0.33197904
0.33276722
0.33355853
0.33435360
0.33515310
0.33595583
0.33676302
0.33757347
0.33838785
0.33920678
0.34002841
0.34085533
0.34168562
0.34251997
0.34335905
0.34420159
0.34504896
0.34589985
0.34675491
0.34761491
0.34847850
0.34934708
0.35021931
0.35109591
0.35197762
0.35286304
0.35375363
0.35464805
0.35554698
0.35645118
0.35735932
0.35827279
0.35919020
0.36011234
0.36103997
0.36197165
0.36290887
0.36385024
0.36479649
0.36574841
0.34468082
0.34340012
0.34276664
0.34355587
0.34438273
0.34522766
0.34608614
0.34698811
0.37454009
0.37554282
0.37655097
0.37756532
0.37858436
0.37960890
0.38063982
0.38167554
0.38271776
0.38376483
0.38481763
0.38587710
0.38694155
0.38801274
0.38908902
0.39017129
0.39126047
0.39235488
0.39345631
0.39456305
0.39567602
0.39679620
0.39792183
0.39905477
0.40019327
0.40133831
0.40249082
0.40364903
0.40481487
0.40598655
0.40716499
0.40835127
0.40954351
0.41074368
0.41194996
0.41316336
0.41438487
0.41561270
0.41684875
0.41809121
0.41934013
0.42059851
0.42186344
0.42313704
0.42441732
0.42570639
0.42700231
0.42830613
0.42961898
0.43093884
0.43226686
0.43360415
0.43494865
0.43630260
0.43766394
0.43903485
0.44041333
0.44180045
0.44319746
0.44460222
0.44601706
0.44743976
0.44887158
0.45031375
0.45176405
0.45322490
0.45469406
0.45617276
0.45766228
0.45916039
0.46066955
0.46218744
0.46371537
0.46525463
0.46680295
0.46836284
0.46993196
0.47151160
0.47310317
0.47470424
0.47631618
0.47793913
0.47957316
0.48121971
0.48287630
0.48454565
0.48622525
0.48791653
0.48962095
0.49133599
0.49306446
0.49480373
0.49655533
0.49832079
0.50009739
0.50188816
0.50369036
0.50550556
0.50712001
0.50874186
0.51034629
0.51154745
0.51275134
0.51388228
0.51466829
0.51545519
0.51613075
0.51650965
0.51688761
0.51713991
0.51712489
0.51710683
0.51697767
0.51657861
0.51618016
0.51568365
0.51518667
0.51487523
0.51548207
0.51786810
1.10274673
1.10710192
1.11148477
1.11590946
1.12036240
1.12485814
1.12938297
1.13395154
1.13854992
1.14319313
1.14786696
1.15258658
1.15733778
1.16213572
1.16696608
1.17184448
1.17675602
1.18171668
1.18671155
1.19175673
1.19683695
1.20196879
1.20713675
1.21235740
1.21761525
1.22292721
1.22827733
1.23368287
1.23912776
1.24462950
1.25017154
1.25577199
1.26141393
1.26711583
1.27286041
1.27866662
1.28451657
1.29042971
1.29638815
1.30241144
1.30848122
1.31461763
1.32080209
1.32705486
1.33335710
1.33972955
1.34615314
1.35264885
1.35920751
1.36581957
1.37250698
1.37924945
1.38606930
1.39294600
1.39990222
1.40691721
1.41401410
1.42117167
1.42840195
1.43570626
1.44309735
1.45055306
1.45809817
1.46571016
1.47341418
1.48118734
1.48905540
1.49699485
1.50503218
1.51314342
1.52135563
1.52964425
1.53803694
1.54650891
1.55508816
1.56374955
1.57252181
1.58137894
1.59035063
1.59941030
1.60858834
0.32716841
0.32793328
0.32870236
0.32947442
0.33025074
0.33103013
0.33181381
0.33260056
0.33339110
0.33418602
0.33498409
0.33578598
0.33659238
0.33740199
0.33821619
0.33903363
0.33985507
0.34068048
0.34150994
0.34234408
0.34318164
0.34402332
0.34486982
0.34571978
0.34657466
0.34743309
0.34829646
0.34916344
0.35003474
0.35091111
0.35179117
0.35267636
0.35356534
0.35445878
0.35535747
0.35626000
0.35716784
0.35807961
0.35899606
0.35991794
0.36084381
0.36177522
0.36271068
0.36365101
0.36459696
0.36554712
0.36650300
0.36746311
0.34856313
0.34500617
0.34433877
0.34514064
0.34598053
0.34684885
0.37432978
0.37533063
0.37633839
0.37735081
0.37836868
0.37939289
0.38042182
0.38145718
0.38249734
0.38354322
0.38459563
0.38565305
0.38671708
0.38778621
0.38886124
0.38994309
0.39103013
0.39212412
0.39322338
0.39432880
0.39544132
0.39655930
0.39768448
0.39881516
0.39995229
0.40109685
0.40224704
0.40340480
0.40456828
0.40573853
0.40691647
0.40810037
0.40929207
0.41048983
0.41169462
0.41290748
0.41412652
0.41535375
0.41658729
0.41782820
0.41907653
0.42033231
0.42159668
0.42286763
0.42414629
0.42543373
0.42672798
0.42803115
0.42934126
0.43065944
0.43198678
0.43332127
0.43466508
0.43601617
0.43737572
0.43874484
0.44012147
0.44150788
0.44290194
0.44430482
0.44571772
0.44713855
0.44856957
0.45000866
0.45145699
0.45291585
0.45438299
0.45586082
0.45734715
0.45884320
0.46035025
0.46186605
0.46339306
0.46492898
0.46647513
0.46803281
0.46959969
0.47117835
0.47276640
0.47436520
0.47597486
0.47759545
0.47922844
0.48087132
0.48252550
0.48419240
0.48586956
0.48755971
0.48926029
0.49097416
0.49269870
0.49443540
0.49618578
0.49794719
0.49972114
0.50150919
0.50330871
0.50512254
0.50694811
0.50864297
0.51027459
0.51191229
0.51321554
0.51442730
0.51564485
0.51647520
0.51726764
0.51805198
0.51843673
0.51881748
0.51916552
0.51915342
0.51913679
0.51909286
0.51868898
0.51828879
0.51781082
0.51730824
0.51690114
0.51730371
0.51906109
1.10618007
1.11055553
1.11497271
1.11941826
1.12390637
1.12842357
1.13298440
1.13757491
1.14221013
1.14687598
1.15158749
1.15633035
1.16111994
1.16594183
1.17081165
1.17571449
1.18066645
1.18565238
1.19068849
1.19575965
1.20088220
1.20604897
1.21125197
1.21650851
1.22180247
1.22715104
1.23253822
1.23798156
1.24346435
1.24900484
1.25458598
1.26022625
1.26590836
1.27165103
1.27743697
1.28328490
1.28917742
1.29513371
1.30113566
1.30720329
1.31331789
1.31949985
1.32573044
1.33203006
1.33837974
1.34480047
1.35127282
1.35781813
1.36441672
1.37109029
1.37781882
1.38462448
1.39148688
1.39842856
1.40542877
1.41251063
1.41965282
1.42686772
1.43415630
1.44153130
1.44897091
1.45649946
1.46409476
1.47178173
1.47953761
1.48738813
1.49530983
1.50332904
1.51142180
1.51961529
1.52788484
1.53625822
1.54471052
1.55326986
1.56191087
1.57066238
1.57949853
1.58844888
1.59748685
1.60664284
1.61590433
0.32777205
0.32853976
0.32931167
0.33008662
0.33086520
0.33164811
0.33243412
0.33322445
0.33401793
0.33481520
0.33561695
0.33642188
0.33723134
0.33804405
0.33886066
0.33968127
0.34050584
0.34133509
0.34216771
0.34300441
0.34384590
0.34469083
0.34554061
0.34639391
0.34725145
0.34811389
0.34897998
0.34985107
0.35072583
0.35160494
0.35248920
0.35337722
0.35427043
0.35516745
0.35606900
0.35697588
0.35788667
0.35880286
0.35972300
0.36064789
0.36157826
0.36251271
0.36345276
0.36439696
0.36534604
0.36630085
0.36725992
0.36822477
0.36919394
0.37016901
0.34659559
0.34591666
0.34673938
0.34826648
0.37511864
0.37612528
0.37713656
0.37815407
0.37917629
0.38020486
0.38123822
0.38227719
0.38332269
0.38437307
0.38542923
0.38649207
0.38755992
0.38863453
0.38971430
0.39080092
0.39189276
0.39299071
0.39409569
0.39520603
0.39632353
0.39744651
0.39857584
0.39971250
0.40085477
0.40200451
0.40315992
0.40432203
0.40549174
0.40666732
0.40785068
0.40904000
0.41023630
0.41144055
0.41265094
0.41386944
0.41509417
0.41632617
0.41756651
0.41881326
0.42006746
0.42132923
0.42259857
0.42387661
0.42516139
0.42645499
0.42775548
0.42906392
0.43038142
0.43170598
0.43303978
0.43438080
0.43573016
0.43708897
0.43845522
0.43983111
0.44121459
0.44260678
0.44400892
0.44541883
0.44683886
0.44826683
0.44970396
0.45115149
0.45260721
0.45407352
0.45554817
0.45703244
0.45852762
0.46003142
0.46154630
0.46306998
0.46460375
0.46614894
0.46770322
0.46926916
0.47084433
0.47243014
0.47402793
0.47563401
0.47725356
0.47888291
0.48052341
0.48217651
0.48383969
0.48551571
0.48720208
0.48890015
0.49061149
0.49233347
0.49406898
0.49581537
0.49757415
0.49934685
0.50113082
0.50292903
0.50473869
0.50656146
0.50839889
0.51017225
0.51180929
0.51345837
0.51489455
0.51611429
0.51733977
0.51829028
0.51909137
0.51989186
0.52037519
0.52076185
0.52114457
0.52119488
0.52118117
0.52116287
0.52081978
0.52041322
0.51995414
0.51944882
0.51899451
0.51913679
0.52051818
1.10963476
1.11403775
1.11848271
1.12295628
1.12747288
1.13201880
1.13660884
1.14122891
1.14589393
1.15058994
1.15533209
1.16010594
1.16492701
1.16978061
1.17468250
1.17961800
1.18460286
1.18962216
1.19469225
1.19979763
1.20495498
1.21014857
1.21539545
1.22067964
1.22601843
1.23139572
1.23682880
1.24230146
1.24783158
1.25340223
1.25903177
1.26470315
1.27043486
1.27620971
1.28204644
1.28792751
1.29387224
1.29986250
1.30591810
1.31202078
1.31819046
1.32440865
1.33069575
1.33703268
1.34344041
1.34989965
1.35643172
1.36301672
1.36967659
1.37639117
1.38318276
1.39003074
1.39695787
1.40395439
1.41101027
1.41814852
1.42533672
1.43262112
1.43996871
1.44740379
1.45490432
1.46249485
1.47015285
1.47790384
1.48572457
1.49364102
1.50162959
1.50971687
1.51787889
1.52614260
1.53448367
1.54292977
1.55145574
1.56009018
1.56880748
1.57763672
1.58655179
1.59558237
1.60470200
1.61394107
1.62327230
0.32837793
0.32914847
0.32992265
0.33070108
0.33148259
0.33226842
0.33305737
0.33385006
0.33464715
0.33544743
0.33625221
0.33706018
0.33787209
0.33868852
0.33950764
0.34033200
0.34115976
0.34199154
0.34282804
0.34366798
0.34451270
0.34536093
0.34621334
0.34707066
0.34793153
0.34879741
0.34966689
0.35054073
0.35141963
0.35230222
0.35319000
0.35408157
0.35497761
0.35587895
0.35678414
0.35769466
0.35860914
0.35952827
0.36045289
0.36138153
0.36231571
0.36325398
0.36419713
0.36514595
0.36609897
0.36705771
0.36802074
0.36898884
0.36996281
0.37094119
0.37192550
0.34824058
0.34792405
0.37490848
0.37591240
0.37692332
0.37793890
0.37895995
0.37998736
0.38101950
0.38205811
0.38310158
0.38415077
0.38520655
0.38626730
0.38733476
0.38840729
0.38948575
0.39057112
0.39166164
0.39275917
0.39386201
0.39497101
0.39608720
0.39720881
0.39833769
0.39947212
0.40061301
0.40176132
0.40291536
0.40407696
0.40524435
0.40641943
0.40760040
0.40878826
0.40998402
0.41118583
0.41239473
0.41361171
0.41483492
0.41606635
0.41730416
0.41855031
0.41980198
0.42106211
0.42233089
0.42360628
0.42489043
0.42618138
0.42748016
0.42878795
0.43010271
0.43142661
0.43275765
0.43409690
0.43544555
0.43680152
0.43816704
0.43954006
0.44092169
0.44231313
0.44371229
0.44512144
0.44653845
0.44796449
0.44940081
0.45084524
0.45230013
0.45376331
0.45523596
0.45671937
0.45821130
0.45971417
0.46122578
0.46274734
0.46428019
0.46582201
0.46737534
0.46893781
0.47051078
0.47209561
0.47368985
0.47529492
0.47691089
0.47853789
0.48017731
0.48182672
0.48348880
0.48516107
0.48684496
0.48854190
0.49024937
0.49197018
0.49370173
0.49544552
0.49720305
0.49897173
0.50075442
0.50254846
0.50435543
0.50617689
0.50801009
0.50985807
0.51170629
0.51335472
0.51501226
0.51658010
0.51781237
0.51904595
0.52011669
0.52092797
0.52173418
0.52232665
0.52271932
0.52310640
0.52325404
0.52324021
0.52322483
0.52296656
0.52255666
0.52211523
0.52160573
0.52110332
0.52106214
0.52217495
1.11310422
1.11754179
1.12200785
1.12651682
1.13105500
1.13563716
1.14024925
1.14490640
1.14959419
1.15432811
1.15909362
1.16390634
1.16875136
1.17364466
1.17857134
1.18354750
1.18855786
1.19361877
1.19871497
1.20386291
1.20904708
1.21428442
1.21955895
1.22488797
1.23025525
1.23567832
1.24114084
1.24666047
1.25222945
1.25783956
1.26350915
1.26922107
1.27499390
1.28081024
1.28668928
1.29261315
1.29860127
1.30463552
1.31073582
1.31688368
1.32309937
1.32936406
1.33569837
1.34208310
1.34853947
1.35504806
1.36163008
1.36826575
1.37497723
1.38174403
1.38858855
1.39549041
1.40247214
1.40951300
1.41663623
1.42380893
1.43107772
1.43840945
1.44582844
1.45331252
1.46088648
1.46852767
1.47626138
1.48406470
1.49196339
1.49993408
1.50800300
1.51614642
1.52439129
1.53271317
1.54113960
1.54964590
1.55826008
1.56695688
1.57576525
1.58465910
1.59366822
1.60276580
1.61198258
1.62129116
1.63072276
0.32898545
0.32975948
0.33053651
0.33131725
0.33210230
0.33289042
0.33368295
0.33447862
0.33527875
0.33608204
0.33688924
0.33770093
0.33851591
0.33933482
0.34015772
0.34098461
0.34181619
0.34265116
0.34349090
0.34433410
0.34518147
0.34603366
0.34688941
0.34775007
0.34861434
0.34948289
0.35035649
0.35123378
0.35211617
0.35300228
0.35389289
0.35478872
0.35568836
0.35659331
0.35750213
0.35841560
0.35933450
0.36025739
0.36118576
0.36211818
0.36305544
0.36399829
0.36494532
0.36589804
0.36685497
0.36781695
0.36878473
0.36975685
0.37073490
0.37171736
0.37270501
0.37369874
0.37469697
0.37570056
0.37670955
0.37772396
0.37874466
0.37977007
0.38080189
0.38183847
0.38288075
0.38392955
0.38498327
0.38604364
0.38710901
0.38818029
0.38925835
0.39034158
0.39143169
0.39252707
0.39362857
0.39473715
0.39585114
0.39697230
0.39809895
0.39923200
0.40037242
0.40151846
0.40267199
0.40383127
0.40499723
0.40617087
0.40735042
0.40853778
0.40973112
0.41093144
0.41213977
0.41335428
0.41457695
0.41580588
0.41704214
0.41828674
0.41953680
0.42079636
0.42206252
0.42333630
0.42461881
0.42590809
0.42720625
0.42851132
0.42982438
0.43114656
0.43247586
0.43381444
0.43516025
0.43651444
0.43787819
0.43924937
0.44063026
0.44201878
0.44341606
0.44482332
0.44623843
0.44766369
0.44909695
0.45053944
0.45199233
0.45345351
0.45492530
0.45640552
0.45789540
0.45939621
0.46090573
0.46242636
0.46395588
0.46549678
0.46704671
0.46860698
0.47017896
0.47176027
0.47335225
0.47495502
0.47656870
0.47819462
0.47983041
0.48147875
0.48313710
0.48480695
0.48648968
0.48818281
0.48988777
0.49160603
0.49333504
0.49507761
0.49683115
0.49859855
0.50037718
0.50216854
0.50397414
0.50579143
0.50762182
0.50946695
0.51132411
0.51319635
0.51490796
0.51657712
0.51825559
0.51951855
0.52076340
0.52195752
0.52277303
0.52359110
0.52429432
0.52468842
0.52508312
0.52532947
0.52531552
0.52530158
0.52513111
0.52471781
0.52429587
0.52378213
0.52326787
0.52306032
0.52389008
1.11660242
1.12106085
1.12556231
1.13009989
1.13466716
1.13927865
1.14392042
1.14860761
1.15332592
1.15809071
1.16288733
1.16773164
1.17260873
1.17753446
1.18249393
1.18750322
1.19254720
1.19764221
1.20277286
1.20795584
1.21317554
1.21844876
1.22375953
1.22912538
1.23452997
1.23999083
1.24549162
1.25105011
1.25664973
1.26230848
1.26800954
1.27377129
1.27957654
1.28544426
1.29135656
1.29733300
1.30335546
1.30944383
1.31557953
1.32178283
1.32803500
1.33435667
1.34072864
1.34717190
1.35366714
1.36023581
1.36685789
1.37355542
1.38030827
1.38713861
1.39402592
1.40099311
1.40801907
1.41512704
1.42228448
1.42953765
1.43685365
1.44425654
1.45172429
1.45928156
1.46691811
1.47462261
1.48242092
1.49028957
1.49825490
1.50629306
1.51443088
1.52264392
1.53095984
1.53935373
1.54785371
1.55643439
1.56512451
1.57389832
1.58278501
1.59175849
1.60084867
1.61002874
1.61932945
1.62872326
1.63824189
0.32959583
0.33037212
0.33115268
0.33193630
0.33272430
0.33351541
0.33431026
0.33510959
0.33591208
0.33671907
0.33752930
0.33834347
0.33916220
0.33998358
0.34081030
0.34164035
0.34247449
0.34331337
0.34415570
0.34500283
0.34585348
0.34670833
0.34756809
0.34843144
0.34929979
0.35017177
0.35104814
0.35192961
0.35281479
0.35370514
0.35459930
0.35549870
0.35640195
0.35730982
0.35822302
0.35914019
0.36006209
0.36098945
0.36192086
0.36285782
0.36379892
0.36474565
0.36569658
0.36665246
0.36761412
0.36858007
0.36955112
0.37052807
0.37150943
0.37249678
0.37348861
0.37448651
0.37548816
0.37649602
0.37751007
0.37852880
0.37955385
0.38058367
0.38161910
0.38266098
0.38370773
0.38476107
0.38581938
0.38688353
0.38795438
0.38903037
0.39011315
0.39120114
0.39229521
0.39339629
0.39450270
0.39561623
0.39673519
0.39786047
0.39899305
0.40013123
0.40127680
0.40242803
0.40358588
0.40475136
0.40592265
0.40710166
0.40828663
0.40947852
0.41067830
0.41188419
0.41309816
0.41431832
0.41554573
0.41678140
0.41802347
0.41927296
0.42052993
0.42179447
0.42306763
0.42434752
0.42563617
0.42693165
0.42823502
0.42954743
0.43086687
0.43219548
0.43353128
0.43487534
0.43622881
0.43758970
0.43896016
0.44033813
0.44172481
0.44312134
0.44452563
0.44593996
0.44736218
0.44879350
0.45023516
0.45168495
0.45314530
0.45461392
0.45609212
0.45758110
0.45907870
0.46058729
0.46210465
0.46363202
0.46517077
0.46671849
0.46827781
0.46984637
0.47142544
0.47301641
0.47461691
0.47622827
0.47785062
0.47948402
0.48112997
0.48278594
0.48445466
0.48613361
0.48782426
0.48952806
0.49124244
0.49297023
0.49470887
0.49645978
0.49822453
0.50000048
0.50179052
0.50359207
0.50540656
0.50723559
0.50907648
0.51093227
0.51280010
0.51468170
0.51647067
0.51814997
0.51984024
0.52123612
0.52249068
0.52374667
0.52463275
0.52545667
0.52627540
0.52667397
0.52707165
0.52741992
0.52740586
0.52739334
0.52731371
0.52689695
0.52648240
0.52597523
0.52545667
0.52507538
0.52567083
0.52800190
1.12460935
1.12913930
1.13369870
1.13830233
1.14293623
1.14761531
1.15232551
1.15708196
1.16187024
1.16670609
1.17157447
1.17649150
1.18144226
1.18644261
1.19147754
1.19656348
1.20168483
1.20685840
1.21206856
1.21733212
1.22263324
1.22798920
1.23338377
1.23883450
1.24432492
1.24987304
1.25546205
1.26111007
1.26680028
1.27255106
1.27834511
1.28420150
1.29010248
1.29606724
1.30207801
1.30815434
1.31428766
1.32046890
1.32671857
1.33301759
1.33938682
1.34580708
1.35229945
1.35884428
1.36546338
1.37213671
1.37888610
1.38569164
1.39257550
1.39951706
1.40653932
1.41362107
1.42078602
1.42800093
1.43531263
1.44268799
1.45015132
1.45768034
1.46529996
1.47298753
1.48076844
1.48861957
1.49656701
1.50458694
1.51270628
1.52090061
1.52919745
1.53757203
1.54605222
1.55461287
1.56328261
1.57203567
1.58090138
1.58985341
1.59892190
1.60807979
1.61735785
1.62672877
1.63622403
1.64581549
0.33020848
0.33098766
0.33177114
0.33255771
0.33334801
0.33414271
0.33494058
0.33574292
0.33654845
0.33735788
0.33817184
0.33898908
0.33981031
0.34063551
0.34146473
0.34229866
0.34313601
0.34397811
0.34482372
0.34567347
0.34652811
0.34738630
0.34824944
0.34911618
0.34998727
0.35086340
0.35174322
0.35262817
0.35351688
0.35441008
0.35530853
0.35621080
0.35711840
0.35802993
0.35894611
0.35986772
0.36079335
0.36172450
0.36265969
0.36359975
0.36454546
0.36549532
0.36645094
0.36741078
0.36837566
0.36934641
0.37032148
0.37130252
0.37228799
0.37327871
0.37427548
0.37527603
0.37628350
0.37729561
0.37831321
0.37933710
0.38036573
0.38140076
0.38244063
0.38348621
0.38453832
0.38559538
0.38665915
0.38772792
0.38880348
0.38988414
0.39097086
0.39206451
0.39316344
0.39426851
0.39538074
0.39649835
0.39762318
0.39875352
0.39989120
0.40103450
0.40218434
0.40334171
0.40450487
0.40567473
0.40685230
0.40803581
0.40922716
0.41042453
0.41162989
0.41284138
0.41406006
0.41528690
0.41652003
0.41776153
0.41900945
0.42026386
0.42152777
0.42279834
0.42407757
0.42536357
0.42665741
0.42796013
0.42926982
0.43058860
0.43191445
0.43324849
0.43459186
0.43594250
0.43730265
0.43867025
0.44004640
0.44143233
0.44282591
0.44422942
0.44564074
0.44706106
0.44849157
0.44993016
0.45137915
0.45283633
0.45430297
0.45578030
0.45726609
0.45876279
0.46026811
0.46178338
0.46330982
0.46484521
0.46639201
0.46794790
0.46951422
0.47109231
0.47267979
0.47427925
0.47588706
0.47750705
0.47913942
0.48078170
0.48243657
0.48410156
0.48577806
0.48746759
0.48916754
0.49088073
0.49260461
0.49434066
0.49609035
0.49785110
0.49962577
0.50141174
0.50321054
0.50502366
0.50684851
0.50868803
0.51053953
0.51240450
0.51428467
0.51617712
0.51804143
0.51973248
0.52143306
0.52296501
0.52422792
0.52549541
0.52650577
0.52733558
0.52816796
0.52867311
0.52907538
0.52946407
0.52948928
0.52946877
0.52944672
0.52904707
0.52862757
0.52814132
0.52762163
0.52718562
0.52753872
0.52935225
1.12818038
1.13273203
1.13732779
1.14195371
1.14662480
1.15132678
1.15607500
1.16085494
1.16568220
1.17054212
1.17545056
1.18040025
1.18538392
1.19041777
1.19548655
1.20060682
1.20576298
1.21097183
1.21621752
1.22151732
1.22685504
1.23224819
1.23768020
1.24316919
1.24869812
1.25428545
1.25991404
1.26560235
1.27133322
1.27712536
1.28296125
1.28886008
1.29480398
1.30081236
1.30686736
1.31298852
1.31915760
1.32539475
1.33168125
1.33803773
1.34444499
1.35092413
1.35745573
1.36406124
1.37072074
1.37745631
1.38424766
1.39111710
1.39804411
1.40505159
1.41211843
1.41926801
1.42646754
1.43376350
1.44112289
1.44856989
1.45608246
1.46368539
1.47135592
1.47911966
1.48695326
1.49488282
1.50288475
1.51098561
1.51916134
1.52743912
1.53580761
1.54425490
1.55280912
1.56144500
1.57019138
1.57902217
1.58796716
1.59699965
1.60614991
1.61539102
1.62475395
1.63421106
1.64379406
1.65347481
0.33082339
0.33160549
0.33239126
0.33318141
0.33397469
0.33477241
0.33557329
0.33637801
0.33718726
0.33799973
0.33881682
0.33963653
0.34046090
0.34128991
0.34212235
0.34295949
0.34380007
0.34464478
0.34549433
0.34634742
0.34720537
0.34806693
0.34893277
0.34980363
0.35067815
0.35155773
0.35244104
0.35332882
0.35422176
0.35511854
0.35602057
0.35692650
0.35783705
0.35875297
0.35967284
0.36059821
0.36152759
0.36246178
0.36340156
0.36434549
0.36529505
0.36624885
0.36720765
0.36817223
0.36914113
0.37011591
0.37109506
0.37207943
0.37306982
0.37406468
0.37506488
0.37607044
0.37708142
0.37809864
0.37912056
0.38014883
0.38118190
0.38222057
0.38326573
0.38431582
0.38537249
0.38643417
0.38750172
0.38857600
0.38965544
0.39074171
0.39183322
0.39293084
0.39403549
0.39514551
0.39626268
0.39738527
0.39851427
0.39965057
0.40079251
0.40194187
0.40309694
0.40425867
0.40542802
0.40660325
0.40778622
0.40897518
0.41017106
0.41137496
0.41258493
0.41380304
0.41502738
0.41625899
0.41749892
0.41874528
0.41999909
0.42126042
0.42252937
0.42380700
0.42509133
0.42638451
0.42768458
0.42899257
0.43030962
0.43163377
0.43296713
0.43430766
0.43565655
0.43701494
0.43838072
0.43975616
0.44113913
0.44253197
0.44393250
0.44534194
0.44676146
0.44818896
0.44962558
0.45107260
0.45252782
0.45399359
0.45546776
0.45695266
0.45844615
0.45994937
0.46146372
0.46298686
0.46452010
0.46606472
0.46761847
0.46918380
0.47075841
0.47234488
0.47394082
0.47554633
0.47716528
0.47879404
0.48043394
0.48208639
0.48374897
0.48542437
0.48711008
0.48880887
0.49051821
0.49223953
0.49397439
0.49572009
0.49747959
0.49925020
0.50103348
0.50283098
0.50463998
0.50646347
0.50829875
0.51014739
0.51201099
0.51388675
0.51577783
0.51768130
0.51959896
0.52132463
0.52303571
0.52470541
0.52597678
0.52725279
0.52839059
0.52921849
0.53004265
0.53064156
0.53103256
0.53142416
0.53153521
0.53151298
0.53149235
0.53116405
0.53074121
0.53027004
0.52974612
0.52926886
0.52940422
0.53089637
1.13177419
1.13635492
1.14098012
1.14563584
1.15033710
1.15506971
1.15984893
1.16466022
1.16951931
1.17441130
1.17935228
1.18432701
1.18935192
1.19441164
1.19952273
1.20466948
1.20986891
1.21510506
1.22039509
1.22572303
1.23110616
1.23652816
1.24200678
1.24752545
1.25310218
1.25872016
1.26439774
1.27011764
1.27589869
1.28172338
1.28761077
1.29354310
1.29953980
1.30558288
1.31169212
1.31784892
1.32407367
1.33034766
1.33669126
1.34308565
1.34955168
1.35608029
1.36266196
1.36931837
1.37602949
1.38281739
1.38966179
1.39658523
1.40356696
1.41062999
1.41775322
1.42494869
1.43221772
1.43957281
1.44699204
1.45450008
1.46207440
1.46974015
1.47747445
1.48530304
1.49320245
1.50119901
1.50926888
1.51743889
1.52568483
1.53403401
1.54246175
1.55099607
1.55961180
1.56833756
1.57714748
1.58607113
1.59508193
1.60421026
1.61342907
1.62276912
1.63220310
1.64176250
1.65141916
1.66120565
0.33144000
0.33222562
0.33301437
0.33380747
0.33460376
0.33540383
0.33620837
0.33701617
0.33782783
0.33864406
0.33946297
0.34028712
0.34111464
0.34194687
0.34278247
0.34362221
0.34446672
0.34531471
0.34616756
0.34702396
0.34788463
0.34875023
0.34961951
0.35049379
0.35137177
0.35225412
0.35314167
0.35403296
0.35492948
0.35582986
0.35673478
0.35764506
0.35855928
0.35947892
0.36040252
0.36133093
0.36226484
0.36320284
0.36414647
0.36509427
0.36604702
0.36700550
0.36796826
0.36893684
0.36990976
0.37088785
0.37187189
0.37286037
0.37385494
0.37485400
0.37585765
0.37686828
0.37788352
0.37890509
0.37993139
0.38096324
0.38200155
0.38304469
0.38409439
0.38514903
0.38620946
0.38727662
0.38834882
0.38942781
0.39051199
0.39160219
0.39269939
0.39380187
0.39491144
0.39602640
0.39714766
0.39827618
0.39941025
0.40055171
0.40169877
0.40285245
0.40401366
0.40518069
0.40635541
0.40753600
0.40872350
0.40991887
0.41112030
0.41232976
0.41354540
0.41476822
0.41599926
0.41723666
0.41848242
0.41973367
0.42099342
0.42226174
0.42353675
0.42482045
0.42611098
0.42740935
0.42871669
0.43003103
0.43135449
0.43268505
0.43402386
0.43537205
0.43672758
0.43809265
0.43946517
0.44084635
0.44223732
0.44363600
0.44504464
0.44646117
0.44788674
0.44932255
0.45076647
0.45222086
0.45368350
0.45515561
0.45663851
0.45812991
0.45963228
0.46114334
0.46266437
0.46419665
0.46573794
0.46729070
0.46885261
0.47042498
0.47200921
0.47360289
0.47520736
0.47682273
0.47844914
0.48008797
0.48173675
0.48339820
0.48506984
0.48675311
0.48844939
0.49015623
0.49187636
0.49360725
0.49535039
0.49710727
0.49887523
0.50065726
0.50245059
0.50425684
0.50607759
0.50791007
0.50975728
0.51161659
0.51348943
0.51537758
0.51727813
0.51919430
0.52112317
0.52292508
0.52464819
0.52638274
0.52773738
0.52901244
0.53025270
0.53108168
0.53191167
0.53260875
0.53300428
0.53339875
0.53359544
0.53357464
0.53355384
0.53329808
0.53287184
0.53241599
0.53188783
0.53136861
0.53133690
0.53255457
1.13538361
1.14000094
1.14464867
1.14934182
1.15406621
1.15883708
1.16364002
1.16849053
1.17337394
1.17830610
1.18327212
1.18828809
1.19333863
1.19844055
1.20357800
1.20876801
1.21400285
1.21927500
1.22460151
1.22996628
1.23538673
1.24084663
1.24636376
1.25192130
1.25753748
1.26319540
1.26891339
1.27467430
1.28049707
1.28636384
1.29229414
1.29826975
1.30431056
1.31039810
1.31655252
1.32275522
1.32902658
1.33534765
1.34173918
1.34818208
1.35469735
1.36126554
1.36790836
1.37460554
1.38137949
1.38820958
1.39511847
1.40208554
1.40913367
1.41624177
1.42342186
1.43067515
1.43801439
1.44541752
1.45290923
1.46046698
1.46811581
1.47583306
1.48364413
1.49152589
1.49950445
1.50755608
1.51570749
1.52393448
1.53226459
1.54067278
1.54918730
1.55778289
1.56648803
1.57527721
1.58417964
1.59316897
1.60227525
1.61147177
1.62078917
1.63021493
1.63973594
1.64938402
1.65913081
1.66900921
0.33205953
0.33284748
0.33363980
0.33443525
0.33523518
0.33603829
0.33684525
0.33765674
0.33847150
0.33929083
0.34011286
0.34093955
0.34177089
0.34260568
0.34344518
0.34428814
0.34513527
0.34598723
0.34684277
0.34770319
0.34856722
0.34943557
0.35030892
0.35118598
0.35206810
0.35295400
0.35384506
0.35473993
0.35563934
0.35654402
0.35745260
0.35836583
0.35928446
0.36020708
0.36113518
0.36206734
0.36300507
0.36394694
0.36489370
0.36584613
0.36680281
0.36776450
0.36873204
0.36970386
0.37068164
0.37166381
0.37265196
0.37364462
0.37464255
0.37564585
0.37665454
0.37766945
0.37868905
0.37971419
0.38074568
0.38178197
0.38282475
0.38387242
0.38492581
0.38598585
0.38705093
0.38812274
0.38919961
0.39028251
0.39137232
0.39246735
0.39356938
0.39467677
0.39579040
0.39691123
0.39803752
0.39917111
0.40031028
0.40145597
0.40260917
0.40376806
0.40493459
0.40610695
0.40728611
0.40847307
0.40966603
0.41086695
0.41207394
0.41328806
0.41451034
0.41573888
0.41697571
0.41821891
0.41946858
0.42072773
0.42199346
0.42326784
0.42454892
0.42583779
0.42713550
0.42844015
0.42975381
0.43107453
0.43240339
0.43374148
0.43508688
0.43644166
0.43780386
0.43917459
0.44055501
0.44194305
0.44334096
0.44474664
0.44616127
0.44758603
0.44901878
0.45046189
0.45191315
0.45337382
0.45484510
0.45632479
0.45781532
0.45931444
0.46082339
0.46234351
0.46387246
0.46541280
0.46696216
0.46852186
0.47009328
0.47167403
0.47326669
0.47486886
0.47648066
0.47810602
0.47974119
0.48138890
0.48304665
0.48471585
0.48639795
0.48809046
0.48979610
0.49151236
0.49324071
0.49498260
0.49673548
0.49850219
0.50028014
0.50207078
0.50387573
0.50569224
0.50752342
0.50936639
0.51122278
0.51309425
0.51497799
0.51687711
0.51878875
0.52071464
0.52265638
0.52453691
0.52626914
0.52801132
0.52948612
0.53076810
0.53205633
0.53295797
0.53379387
0.53458899
0.53499228
0.53538972
0.53567010
0.53565234
0.53563142
0.53544933
0.53502125
0.53457940
0.53404689
0.53351545
0.53334606
0.53432423
1.13902342
1.14367056
1.14834833
1.15307188
1.15782702
1.16262913
1.16746354
1.17234612
1.17726183
1.18222690
1.18722606
1.19227564
1.19736028
1.20249665
1.20766902
1.21289444
1.21815681
1.22347355
1.22882843
1.23423898
1.23968863
1.24519539
1.25074255
1.25634813
1.26199532
1.26770246
1.27345240
1.27926385
1.28511941
1.29103816
1.29700220
1.30303109
1.30910671
1.31524897
1.32143939
1.32769823
1.33400667
1.34038532
1.34681511
1.35331726
1.35987210
1.36650109
1.37318456
1.37994444
1.38676035
1.39365482
1.40061820
1.40764046
1.41474462
1.42190957
1.42914748
1.43645942
1.44385827
1.45132184
1.45887494
1.46649504
1.47420740
1.48198891
1.48986554
1.49781370
1.50585985
1.51398003
1.52220130
1.53049910
1.53890133
1.54738271
1.55597174
1.56464303
1.57342529
1.58229256
1.59127474
1.60034502
1.60953379
1.61881399
1.62821674
1.63771439
1.64733863
1.65706122
1.66691482
1.67687058
0.33268139
0.33347228
0.33426759
0.33506605
0.33586836
0.33667514
0.33748516
0.33829972
0.33911762
0.33993879
0.34076527
0.34159514
0.34242970
0.34326768
0.34410977
0.34495670
0.34580711
0.34666240
0.34752128
0.34838438
0.34925249
0.35012427
0.35100105
0.35188159
0.35276654
0.35365665
0.35455057
0.35544971
0.35635272
0.35726032
0.35817328
0.35909021
0.36001256
0.36093894
0.36187008
0.36280680
0.36374763
0.36469409
0.36564475
0.36660036
0.36756176
0.36852744
0.36949897
0.37047487
0.37145594
0.37244299
0.37343454
0.37443215
0.37543353
0.37644106
0.37745485
0.37847328
0.37949803
0.38052753
0.38156265
0.38260421
0.38365069
0.38470370
0.38576168
0.38682550
0.38789606
0.38897169
0.39005417
0.39114183
0.39223558
0.39333633
0.39444238
0.39555559
0.39667419
0.39779910
0.39893135
0.40006915
0.40121439
0.40236527
0.40352276
0.40468785
0.40585878
0.40703744
0.40822202
0.40941447
0.41061294
0.41181844
0.41303203
0.41425180
0.41547883
0.41671407
0.41795576
0.41920483
0.42046139
0.42172652
0.42299828
0.42427772
0.42556596
0.42686099
0.42816395
0.42947593
0.43079492
0.43212309
0.43345842
0.43480310
0.43615508
0.43751547
0.43888548
0.44026300
0.44165027
0.44304523
0.44444904
0.44586286
0.44728461
0.44871658
0.45015660
0.45160589
0.45306569
0.45453382
0.45601267
0.45749998
0.45899701
0.46050507
0.46202189
0.46354991
0.46508691
0.46663409
0.46819285
0.46976081
0.47134054
0.47292969
0.47452959
0.47614038
0.47776210
0.47939622
0.48104024
0.48269561
0.48436370
0.48604202
0.48773336
0.48943520
0.49114892
0.49287605
0.49461401
0.49636564
0.49812832
0.49990359
0.50169295
0.50349379
0.50530899
0.50713587
0.50897604
0.51083106
0.51269817
0.51458049
0.51647520
0.51838386
0.52030826
0.52224541
0.52419859
0.52615559
0.52789545
0.52964526
0.53124332
0.53253543
0.53383231
0.53484440
0.53568941
0.53653389
0.53699034
0.53739405
0.53776091
0.53774470
0.53772360
0.53761798
0.53718644
0.53675395
0.53622359
0.53568619
0.53537041
0.53610569
1.14268672
1.14735639
1.15207183
1.15681875
1.16161251
1.16643846
1.17131233
1.17621946
1.18117571
1.18616593
1.19120646
1.19628203
1.20140910
1.20657218
1.21178794
1.21704078
1.22234774
1.22769272
1.23309326
1.23853278
1.24402928
1.24957478
1.25516105
1.26080644
1.26649380
1.27224183
1.27803314
1.28388655
1.28978455
1.29574645
1.30175424
1.30782747
1.31394804
1.32013595
1.32637250
1.33267832
1.33903420
1.34546125
1.35193992
1.35849178
1.36509693
1.37177718
1.37851238
1.38532495
1.39219427
1.39914298
1.40615034
1.41323948
1.42038918
1.42761159
1.43490767
1.44229054
1.44973791
1.45727456
1.46487784
1.47257316
1.48033738
1.48819637
1.49612677
1.50415468
1.51225650
1.52045894
1.52873778
1.53712058
1.54558229
1.55415142
1.56280220
1.57156384
1.58041012
1.58937085
1.59841931
1.60758603
1.61684370
1.62622344
1.63569772
1.64529824
1.65499675
1.66482580
1.67475653
1.68482244
0.33330557
0.33409944
0.33489710
0.33569923
0.33650455
0.33731440
0.33812752
0.33894455
0.33976555
0.34059054
0.34142020
0.34225324
0.34309036
0.34393227
0.34477761
0.34562784
0.34648156
0.34733954
0.34820244
0.34906894
0.34994048
0.35081568
0.35169527
0.35257998
0.35346845
0.35436210
0.35525960
0.35616162
0.35706899
0.35798025
0.35889691
0.35981753
0.36074290
0.36167377
0.36260873
0.36354926
0.36449394
0.36544356
0.36639887
0.36735845
0.36832383
0.36929351
0.37026834
0.37124908
0.37223426
0.37322548
0.37422118
0.37522143
0.37622863
0.37724045
0.37825853
0.37928131
0.38030964
0.38134438
0.38238394
0.38343003
0.38448101
0.38553777
0.38660118
0.38766965
0.38874489
0.38982525
0.39091164
0.39200494
0.39310351
0.39420915
0.39532015
0.39643741
0.39756191
0.39869189
0.39982924
0.40097216
0.40212166
0.40327868
0.40444145
0.40561187
0.40678814
0.40797126
0.40916225
0.41035923
0.41156423
0.41277534
0.41399360
0.41522005
0.41645280
0.41769388
0.41894141
0.42019540
0.42145890
0.42272905
0.42400789
0.42529345
0.42658684
0.42788917
0.42919841
0.43051675
0.43184215
0.43317574
0.43451864
0.43586886
0.43722853
0.43859565
0.43997136
0.44135681
0.44274992
0.44415292
0.44556376
0.44698361
0.44841364
0.44985172
0.45130017
0.45275685
0.45422298
0.45569977
0.45718506
0.45868123
0.46018600
0.46170071
0.46322665
0.46476147
0.46630770
0.46786305
0.46943003
0.47100630
0.47259319
0.47419208
0.47579929
0.47741869
0.47905046
0.48069212
0.48234636
0.48401073
0.48568794
0.48737547
0.48907480
0.49078736
0.49251059
0.49424595
0.49599499
0.49775502
0.49952903
0.50131428
0.50311381
0.50492483
0.50674897
0.50858778
0.51043850
0.51230276
0.51418215
0.51607388
0.51798111
0.51990098
0.52183664
0.52378523
0.52574843
0.52772796
0.52952862
0.53129089
0.53301066
0.53431463
0.53562176
0.53674424
0.53759855
0.53844905
0.53900337
0.53941333
0.53981906
0.53985178
0.53983378
0.53980595
0.53936923
0.53893322
0.53841805
0.53787631
0.53744596
0.53798687
0.54035491
1.15107358
1.15581977
1.16059756
1.16542268
1.17028046
1.17518663
1.18012631
1.18511558
1.19013917
1.19521368
1.20032346
1.20548534
1.21068358
1.21593511
1.22122407
1.22656763
1.23194969
1.23738766
1.24286532
1.24840045
1.25397623
1.25961089
1.26528752
1.27102458
1.27680469
1.28264689
1.28853345
1.29448378
1.30047977
1.30654120
1.31264973
1.31882536
1.32504952
1.33134258
1.33768582
1.34409988
1.35056543
1.35710382
1.36369550
1.37036204
1.37708330
1.38388169
1.39073670
1.39767087
1.40466344
1.41173756
1.41887200
1.42607892
1.43335938
1.44072628
1.44815743
1.45567763
1.46326423
1.47094262
1.47870183
1.48653102
1.49445605
1.50245345
1.51054966
1.51872063
1.52699363
1.53534400
1.54379952
1.55233514
1.56097949
1.56970668
1.57854605
1.58747149
1.59651256
1.60564280
1.61489284
1.62423503
1.63370109
1.64326298
1.65295267
1.66274190
1.67266345
1.68268824
1.69284999
0.33393148
0.33472896
0.33552966
0.33633417
0.33714318
0.33795547
0.33877233
0.33959183
0.34041661
0.34124479
0.34207696
0.34291390
0.34375426
0.34459943
0.34544808
0.34630090
0.34715867
0.34801999
0.34888628
0.34975621
0.35063049
0.35150984
0.35239291
0.35328043
0.35417315
0.35506967
0.35597146
0.35687712
0.35778812
0.35870308
0.35962272
0.36054781
0.36147693
0.36241087
0.36335039
0.36429402
0.36524335
0.36619687
0.36715615
0.36811969
0.36908832
0.37006280
0.37104169
0.37202656
0.37301588
0.37401047
0.37501037
0.37601563
0.37702712
0.37804323
0.37906486
0.38009283
0.38112557
0.38216475
0.38320881
0.38425857
0.38531494
0.38637629
0.38744435
0.38851750
0.38959658
0.39068255
0.39177373
0.39287186
0.39397532
0.39508498
0.39620182
0.39732409
0.39845359
0.39958867
0.40073025
0.40187925
0.40303397
0.40419623
0.40536430
0.40653917
0.40772179
0.40891033
0.41010681
0.41130936
0.41251898
0.41373667
0.41496062
0.41619283
0.41743138
0.41867730
0.41993073
0.42119166
0.42246118
0.42373738
0.42502129
0.42631406
0.42761368
0.42892227
0.43023786
0.43156156
0.43289447
0.43423456
0.43558407
0.43694091
0.43830624
0.43968120
0.44106373
0.44245607
0.44385612
0.44526508
0.44668412
0.44811109
0.44954836
0.45099375
0.45244846
0.45391372
0.45538735
0.45687175
0.45836467
0.45986739
0.46138120
0.46290380
0.46443769
0.46598056
0.46753371
0.46909848
0.47067252
0.47225842
0.47385377
0.47545868
0.47707704
0.47870520
0.48034576
0.48199633
0.48365828
0.48533303
0.48701811
0.48871627
0.49042496
0.49214563
0.49387980
0.49562487
0.49738368
0.49915361
0.50093621
0.50273299
0.50454128
0.50636405
0.50819862
0.51004648
0.51190937
0.51378441
0.51567471
0.51757747
0.51949430
0.52142698
0.52337247
0.52533412
0.52730900
0.52929878
0.53117198
0.53294522
0.53473032
0.53610408
0.53742158
0.53865594
0.53951633
0.54037786
0.54103154
0.54144466
0.54185671
0.54197550
0.54195899
0.54193920
0.54156983
0.54113024
0.54063064
0.54008436
0.53961122
0.53992546
0.54179233
1.15481496
1.15958440
1.16440117
1.16925037
1.17414796
1.17907882
1.18405914
1.18907392
1.19413924
1.19923985
1.20439243
1.20958114
1.21482313
1.22010231
1.22543609
1.23080814
1.23623621
1.24170351
1.24722826
1.25279355
1.25841761
1.26408339
1.26980960
1.27557862
1.28140962
1.28728485
1.29322362
1.29920793
1.30525744
1.31136346
1.31751728
1.32373893
1.33000970
1.33635008
1.34274125
1.34920394
1.35571885
1.36230743
1.36894977
1.37566793
1.38244152
1.38929307
1.39620185
1.40319085
1.41023886
1.41736937
1.42454958
1.43182600
1.43916535
1.44659221
1.45408416
1.46166623
1.46931553
1.47705770
1.48486936
1.49277675
1.50075603
1.50883389
1.51698625
1.52524030
1.53357148
1.54200745
1.55052328
1.55914736
1.56785405
1.57667255
1.58557665
1.59459615
1.60370445
1.61293197
1.62225151
1.63169444
1.64123273
1.65089846
1.66066325
1.67055988
1.68055940
1.69069541
1.70093811
0.33456036
0.33536023
0.33616456
0.33697215
0.33778423
0.33859962
0.33941829
0.34024224
0.34106955
0.34190154
0.34273693
0.34357643
0.34442073
0.34526849
0.34612113
0.34697729
0.34783772
0.34870312
0.34957212
0.35044616
0.35132390
0.35220605
0.35309333
0.35398439
0.35488066
0.35578078
0.35668546
0.35759550
0.35850945
0.35942882
0.36035219
0.36128032
0.36221397
0.36315173
0.36409509
0.36504260
0.36599508
0.36695328
0.36791578
0.36888409
0.36985675
0.37083530
0.37181827
0.37280649
0.37380075
0.37479955
0.37580287
0.37681320
0.37782818
0.37884945
0.37987545
0.38090780
0.38194498
0.38298783
0.38403723
0.38509154
0.38615251
0.38721848
0.38829035
0.38936904
0.39045289
0.39154363
0.39263961
0.39374176
0.39485100
0.39596561
0.39708742
0.39821473
0.39934844
0.40048951
0.40163624
0.40279046
0.40395042
0.40511706
0.40629140
0.40747166
0.40865970
0.40985376
0.41105479
0.41226387
0.41347912
0.41470250
0.41593218
0.41716918
0.41841453
0.41966540
0.42092571
0.42219263
0.42346722
0.42475051
0.42604059
0.42733958
0.42864546
0.42995936
0.43128237
0.43261251
0.43395191
0.43529859
0.43665364
0.43801826
0.43939033
0.44077212
0.44216150
0.44355971
0.44496790
0.44638389
0.44781011
0.44924429
0.45068774
0.45214158
0.45360371
0.45507649
0.45655769
0.45804858
0.45955041
0.46106091
0.46258259
0.46411315
0.46565387
0.46720606
0.46876740
0.47034046
0.47192287
0.47351596
0.47511983
0.47673461
0.47836170
0.47999862
0.48164681
0.48330763
0.48497865
0.48666260
0.48835692
0.49006310
0.49178261
0.49351284
0.49525666
0.49701148
0.49877879
0.50056010
0.50235277
0.50415975
0.50597835
0.50781006
0.50965661
0.51151514
0.51338875
0.51527464
0.51717448
0.51908982
0.52101791
0.52296197
0.52491897
0.52689070
0.52887887
0.53088051
0.53282559
0.53461146
0.53640616
0.53790396
0.53923362
0.54056329
0.54144955
0.54231894
0.54307508
0.54349291
0.54390979
0.54411590
0.54409927
0.54408097
0.54379010
0.54334694
0.54286140
0.54231066
0.54179400
0.54187810
0.54340833
1.15857315
1.16338146
1.16822207
1.17311096
1.17804098
1.18300474
1.18801844
1.19306672
1.19816625
1.20330143
1.20848894
1.21371317
1.21899104
1.22430670
1.22967732
1.23508680
1.24055266
1.24605834
1.25162196
1.25722659
1.26289058
1.26859689
1.27436411
1.28017473
1.28604782
1.29196584
1.29794788
1.30397606
1.31007028
1.31621182
1.32242107
1.32867932
1.33500707
1.34138536
1.34783494
1.35433662
1.36091173
1.36754048
1.37424469
1.38100433
1.38784158
1.39473593
1.40171015
1.40874338
1.41585875
1.42302358
1.43028426
1.43760788
1.44501865
1.45249426
1.46005964
1.46769214
1.47541714
1.48321140
1.49110103
1.49906242
1.50712204
1.51525593
1.52349102
1.53181624
1.54021955
1.54871559
1.55731952
1.56601954
1.57480335
1.58370042
1.59268427
1.60178506
1.61097586
1.62028754
1.62969255
1.63922250
1.64884925
1.65860522
1.66846168
1.67845178
1.68854630
1.69877911
1.70912027
0.33519161
0.33599451
0.33680189
0.33761254
0.33842710
0.33924621
0.34006804
0.34089515
0.34172562
0.34256017
0.34339947
0.34424222
0.34508976
0.34594086
0.34679613
0.34765634
0.34852013
0.34938893
0.35026136
0.35113817
0.35202006
0.35290572
0.35379654
0.35469115
0.35559031
0.35649475
0.35740307
0.35831678
0.35923442
0.36015680
0.36108464
0.36201653
0.36295402
0.36389560
0.36484209
0.36579427
0.36675066
0.36771286
0.36867931
0.36965090
0.37062839
0.37161025
0.37259814
0.37359050
0.37458816
0.37559116
0.37659955
0.37761417
0.37863347
0.37965828
0.38068950
0.38172549
0.38276795
0.38381529
0.38486838
0.38592812
0.38699287
0.38806432
0.38914090
0.39022347
0.39131296
0.39240766
0.39350936
0.39461640
0.39572969
0.39685017
0.39797610
0.39910936
0.40024817
0.40139350
0.40254635
0.40370488
0.40487105
0.40604302
0.40722182
0.40840840
0.40960100
0.41080150
0.41200814
0.41322187
0.41444373
0.41567189
0.41690832
0.41815114
0.41940039
0.42065912
0.42192444
0.42319840
0.42447907
0.42576751
0.42706481
0.42836902
0.42968222
0.43100250
0.43233195
0.43366858
0.43501350
0.43636784
0.43772957
0.43909985
0.44047979
0.44186735
0.44326478
0.44466999
0.44608521
0.44750839
0.44894066
0.45038325
0.45183402
0.45329416
0.45476490
0.45624408
0.45773408
0.45923266
0.46074226
0.46226066
0.46378908
0.46532884
0.46687764
0.46843803
0.47000763
0.47158781
0.47317988
0.47478148
0.47639397
0.47801742
0.47965199
0.48129907
0.48295620
0.48462611
0.48630628
0.48799813
0.48970315
0.49141875
0.49314779
0.49488765
0.49663985
0.49840590
0.50018311
0.50197452
0.50377733
0.50559318
0.50742358
0.50926584
0.51112294
0.51299220
0.51487523
0.51677358
0.51868445
0.52061105
0.52255052
0.52450442
0.52647460
0.52845806
0.53045809
0.53247172
0.53448951
0.53628498
0.53809416
0.53971595
0.54105461
0.54239827
0.54339504
0.54427230
0.54513407
0.54555511
0.54597509
0.54627001
0.54624653
0.54622304
0.54600692
0.54556513
0.54510069
0.54455203
0.54400116
0.54392970
0.54515743
1.16236341
1.16720331
1.17207599
1.17699718
1.18195212
1.18695688
1.19199622
1.19708645
1.20221233
1.20739055
1.21260524
1.21787345
1.22317934
1.22854006
1.23393941
1.23939514
1.24489057
1.25044382
1.25603783
1.26169109
1.26738656
1.27314270
1.27894223
1.28480399
1.29071045
1.29668093
1.30269730
1.30877948
1.31490898
1.32110596
1.32735169
1.33366680
1.34003210
1.34646881
1.35296750
1.35951889
1.36614454
1.37282455
1.37958086
1.38639307
1.39328396
1.40023267
1.40726209
1.41435122
1.42152345
1.42874599
1.43606532
1.44344842
1.45091963
1.45845664
1.46608436
1.47378016
1.48156953
1.48942924
1.49738526
1.50541413
1.51354229
1.52174580
1.53005183
1.53843582
1.54692554
1.55549586
1.56417549
1.57293856
1.58181453
1.59077704
1.59985590
1.60902464
1.61831367
1.62769568
1.63720214
1.64680517
1.65653694
1.66636872
1.67633367
1.68640268
1.69660938
1.70692420
1.71738160
0.33582526
0.33663121
0.33744103
0.33825538
0.33907303
0.33989465
0.34072027
0.34154990
0.34238425
0.34322202
0.34406456
0.34491056
0.34576076
0.34661582
0.34747446
0.34833804
0.34920523
0.35007674
0.35095331
0.35183361
0.35271901
0.35360816
0.35450184
0.35540074
0.35630351
0.35721159
0.35812357
0.35904023
0.35996234
0.36088845
0.36182007
0.36275578
0.36369634
0.36464253
0.36559293
0.36654902
0.36750939
0.36847478
0.36944604
0.37042168
0.37140325
0.37238923
0.37338048
0.37437782
0.37537891
0.37638694
0.37739962
0.37841776
0.37944221
0.38047141
0.38150704
0.38254750
0.38359362
0.38464633
0.38570401
0.38676834
0.38783774
0.38891307
0.38999522
0.39108253
0.39217681
0.39327636
0.39438209
0.39549494
0.39661318
0.39773867
0.39886966
0.40000713
0.40115198
0.40230250
0.40346056
0.40462440
0.40579495
0.40697324
0.40815744
0.40934950
0.41054758
0.41175273
0.41296589
0.41418529
0.41541287
0.41664678
0.41788805
0.41913670
0.42039287
0.42165759
0.42292893
0.42420796
0.42549574
0.42679039
0.42809394
0.42940444
0.43072301
0.43205073
0.43338561
0.43472984
0.43608135
0.43744129
0.43881083
0.44018787
0.44157469
0.44296917
0.44437248
0.44578582
0.44720706
0.44863853
0.45007807
0.45152685
0.45298615
0.45445374
0.45593205
0.45741886
0.45891535
0.46042287
0.46193916
0.46346664
0.46500307
0.46654969
0.46810788
0.46967527
0.47125444
0.47284302
0.47444233
0.47605249
0.47767365
0.47930714
0.48095056
0.48260531
0.48427278
0.48595047
0.48764119
0.48934233
0.49105543
0.49278191
0.49451920
0.49627015
0.49803218
0.49980673
0.50159544
0.50339550
0.50521004
0.50703621
0.50887567
0.51072991
0.51259631
0.51447785
0.51637179
0.51827973
0.52020329
0.52213973
0.52409214
0.52605760
0.52803791
0.53003478
0.53204519
0.53407252
0.53611374
0.53797060
0.53979123
0.54154015
0.54288793
0.54424071
0.54535621
0.54622644
0.54709774
0.54758245
0.54799378
0.54835504
0.54833305
0.54830945
0.54815406
0.54771048
0.54725581
0.54670453
0.54615432
0.54596001
0.54699516
1.16617858
1.17104268
1.17595530
1.18090141
1.18589723
1.19092751
1.19600868
1.20112538
1.20629406
1.21150756
1.21675801
1.22206247
1.22740495
1.23280287
1.23823988
1.24373376
1.24926782
1.25486016
1.26049387
1.26618755
1.27192366
1.27772117
1.28356254
1.28946698
1.29541647
1.30143058
1.30749130
1.31361842
1.31979334
1.32603657
1.33232915
1.33869183
1.34510541
1.35159087
1.35812891
1.36474097
1.37140727
1.37814951
1.38494766
1.39182413
1.39875817
1.40577281
1.41284692
1.42000389
1.42721093
1.43451452
1.44188166
1.44933665
1.45685709
1.46446812
1.47214687
1.47991896
1.48776102
1.49569929
1.50371003
1.51181972
1.52000451
1.52829158
1.53665614
1.54512620
1.55367661
1.56233585
1.57107830
1.57993317
1.58887422
1.59793150
1.60707796
1.61634445
1.62571847
1.63518691
1.64478135
1.65447366
1.66429651
1.67422092
1.68428040
1.69444525
1.70474994
1.71516418
1.72572327
0.33646068
0.33727029
0.33808321
0.33890003
0.33972082
0.34054556
0.34137502
0.34220785
0.34304473
0.34388641
0.34473154
0.34558153
0.34643504
0.34729344
0.34815544
0.34902173
0.34989300
0.35076797
0.35164732
0.35253179
0.35342002
0.35431343
0.35521066
0.35611317
0.35701957
0.35793057
0.35884696
0.35976735
0.36069247
0.36162308
0.36255777
0.36349803
0.36444247
0.36539254
0.36634684
0.36730614
0.36827126
0.36924067
0.37021598
0.37119567
0.37218058
0.37317148
0.37416691
0.37516767
0.37617376
0.37718529
0.37820309
0.37922555
0.38025442
0.38128802
0.38232729
0.38337305
0.38442370
0.38548100
0.38654327
0.38761139
0.38868630
0.38976634
0.39085326
0.39194539
0.39304364
0.39414892
0.39525956
0.39637738
0.39750063
0.39863029
0.39976728
0.40090984
0.40205988
0.40321565
0.40437806
0.40554810
0.40672401
0.40790769
0.40909737
0.41029400
0.41149858
0.41270930
0.41392812
0.41515324
0.41638559
0.41762626
0.41887337
0.42012796
0.42139006
0.42265978
0.42393821
0.42522335
0.42651734
0.42781821
0.42912701
0.43044490
0.43176988
0.43310407
0.43444547
0.43579522
0.43715444
0.43852112
0.43989742
0.44128132
0.44267392
0.44407648
0.44548681
0.44690728
0.44833571
0.44977328
0.45122126
0.45267743
0.45414418
0.45561931
0.45710406
0.45859969
0.46010393
0.46161929
0.46314347
0.46467775
0.46622342
0.46777821
0.46934462
0.47092032
0.47250664
0.47410494
0.47571155
0.47733164
0.47896150
0.48060256
0.48225620
0.48391992
0.48559651
0.48728341
0.48898208
0.49069399
0.49241656
0.49415264
0.49589962
0.49765900
0.49943233
0.50121689
0.50301570
0.50482601
0.50664943
0.50848752
0.51033753
0.51220250
0.51407969
0.51597065
0.51787710
0.51979619
0.52173108
0.52367890
0.52564132
0.52762002
0.52961212
0.53162092
0.53364342
0.53568137
0.53773659
0.53966683
0.54149735
0.54334193
0.54472870
0.54608065
0.54728442
0.54815745
0.54903495
0.54960793
0.55002230
0.55043733
0.55043560
0.55041349
0.55031818
0.54986942
0.54942131
0.54887241
0.54831618
0.54800391
0.54884535
1.17001891
1.17491519
1.17986035
1.18483949
1.18986869
1.19493282
1.20004833
1.20519972
1.21040368
1.21564448
1.22093928
1.22627187
1.23165977
1.23708677
1.24257040
1.24809408
1.25367594
1.25929904
1.26498175
1.27070701
1.27649343
1.28232348
1.28821647
1.29415441
1.30015683
1.30620563
1.31232059
1.31848347
1.32471418
1.33099425
1.33734405
1.34374464
1.35021710
1.35674179
1.36334038
1.36999285
1.37672126
1.38350523
1.39036739
1.39728689
1.40428674
1.41134584
1.41848755
1.42569053
1.43296707
1.44032991
1.44775701
1.45527303
1.46285546
1.47052944
1.47827208
1.48610902
1.49401712
1.50202239
1.51010120
1.51828027
1.52653527
1.53489387
1.54333103
1.55187500
1.56050050
1.56923616
1.57805634
1.58699024
1.59601164
1.60515058
1.61438012
1.62373137
1.63317645
1.64274728
1.65241563
1.66221404
1.67211354
1.68214750
1.69228661
1.70256495
1.71295249
1.72348416
1.73412931
0.33709913
0.33791119
0.33872783
0.33954713
0.34037170
0.34119964
0.34203163
0.34286833
0.34370846
0.34455338
0.34540182
0.34625444
0.34711194
0.34797305
0.34883910
0.34970880
0.35058284
0.35146195
0.35234478
0.35323277
0.35412452
0.35502079
0.35592234
0.35682777
0.35773852
0.35865322
0.35957259
0.36049742
0.36142629
0.36236072
0.36329922
0.36424258
0.36519164
0.36614490
0.36710390
0.36806718
0.36903551
0.37000972
0.37098834
0.37197292
0.37296194
0.37395623
0.37495667
0.37596083
0.37697202
0.37798786
0.37900916
0.38003683
0.38106927
0.38210815
0.38315189
0.38420135
0.38525739
0.38631845
0.38738617
0.38845900
0.38953862
0.39062339
0.39171422
0.39281204
0.39391518
0.39502448
0.39614096
0.39726290
0.39839208
0.39952680
0.40066892
0.40181667
0.40297100
0.40413290
0.40530062
0.40647510
0.40765736
0.40884554
0.41004163
0.41124380
0.41245398
0.41367033
0.41489390
0.41612568
0.41736382
0.41860938
0.41986236
0.42112288
0.42239201
0.42366779
0.42495230
0.42624363
0.42754281
0.42885098
0.43016613
0.43149042
0.43282184
0.43416148
0.43551055
0.43686691
0.43823284
0.43960628
0.44098833
0.44238019
0.44377977
0.44518936
0.44660679
0.44803327
0.44947004
0.45091492
0.45237026
0.45383388
0.45530698
0.45679086
0.45828325
0.45978662
0.46129870
0.46282074
0.46435407
0.46589640
0.46745020
0.46901318
0.47058666
0.47217199
0.47376674
0.47537234
0.47698885
0.47861636
0.48025635
0.48190629
0.48356894
0.48524174
0.48692620
0.48862371
0.49033174
0.49205312
0.49378526
0.49552965
0.49728781
0.49905705
0.50084037
0.50263506
0.50444263
0.50626469
0.50809854
0.50994712
0.51180780
0.51368207
0.51557165
0.51747364
0.51939124
0.52132159
0.52326632
0.52522719
0.52720124
0.52919173
0.53119576
0.53321505
0.53525132
0.53730154
0.53936923
0.54137218
0.54321426
0.54506564
0.54656017
0.54791784
0.54921961
0.55010563
0.55098766
0.55164504
0.55206591
0.55248404
0.55255437
0.55253208
0.55250120
0.55204880
0.55159551
0.55105931
0.55049860
0.55006313
0.55071831
1.17387688
1.17881334
1.18378365
1.18880391
1.19385898
1.19896519
1.20410728
1.20930171
1.21453297
1.21981812
1.22514093
1.23051894
1.23593569
1.24140918
1.24692249
1.25249386
1.25810635
1.26377833
1.26950169
1.27526796
1.28109610
1.28696835
1.29290426
1.29888558
1.30493200
1.31102550
1.31718576
1.32339442
1.32967186
1.33599901
1.34239686
1.34884608
1.35536790
1.36194253
1.36859190
1.37529588
1.38207662
1.38891363
1.39582956
1.40280378
1.40985906
1.41697454
1.42416215
1.43142295
1.43876994
1.44618082
1.45368052
1.46124625
1.46890330
1.47662878
1.48444831
1.49233866
1.50032592
1.50838637
1.51654685
1.52478302
1.53312242
1.54154003
1.55006421
1.55866945
1.56738460
1.57618392
1.58509660
1.59409630
1.60321331
1.61242056
1.62174904
1.63117111
1.64071834
1.65036273
1.66013670
1.67001140
1.68002009
1.69013357
1.70038569
1.71076298
1.72125101
1.73188531
1.74263477
0.33774000
0.33855519
0.33937427
0.34019738
0.34102446
0.34185624
0.34269142
0.34353134
0.34437475
0.34522229
0.34607470
0.34693065
0.34779152
0.34865597
0.34952477
0.35039857
0.35127607
0.35215867
0.35304502
0.35393581
0.35483184
0.35573173
0.35663688
0.35754594
0.35845965
0.35937876
0.36030185
0.36123046
0.36216313
0.36310062
0.36404371
0.36499095
0.36594391
0.36690110
0.36786333
0.36883134
0.36980373
0.37078202
0.37176472
0.37275264
0.37374660
0.37474510
0.37574893
0.37675819
0.37777287
0.37879384
0.37981951
0.38085157
0.38188845
0.38293099
0.38398007
0.38503405
0.38609469
0.38716036
0.38823193
0.38931027
0.39039379
0.39148420
0.39257988
0.39368168
0.39479056
0.39590484
0.39702630
0.39815325
0.39928663
0.40042734
0.40157372
0.40272757
0.40388715
0.40505347
0.40622744
0.40740728
0.40859497
0.40978864
0.41098931
0.41219801
0.41341284
0.41463587
0.41586515
0.41710174
0.41834670
0.41959712
0.42085704
0.42212355
0.42339772
0.42468059
0.42597026
0.42726880
0.42857426
0.42988771
0.43121028
0.43253997
0.43387893
0.43522516
0.43657976
0.43794391
0.43931550
0.44069681
0.44208574
0.44348344
0.44489115
0.44630668
0.44773239
0.44916609
0.45060900
0.45206237
0.45352396
0.45499623
0.45647693
0.45796844
0.45946854
0.46097854
0.46249968
0.46402967
0.46556982
0.46712145
0.46868223
0.47025472
0.47183657
0.47343031
0.47503236
0.47664654
0.47827300
0.47990933
0.48155689
0.48321712
0.48488751
0.48657081
0.48826450
0.48997137
0.49168888
0.49341846
0.49516162
0.49691576
0.49868375
0.50046301
0.50225496
0.50406122
0.50587910
0.50771159
0.50955594
0.51141369
0.51328659
0.51517177
0.51707232
0.51898539
0.52091271
0.52285594
0.52481216
0.52678466
0.52877045
0.53077126
0.53278887
0.53482032
0.53686887
0.53893155
0.54101020
0.54308504
0.54493546
0.54679692
0.54840064
0.54977089
0.55114633
0.55206424
0.55295599
0.55369735
0.55412477
0.55454773
0.55468774
0.55466872
0.55464453
0.55424386
0.55378860
0.55326194
0.55269676
0.55222690
0.55270362
0.55523270
1.18273747
1.18774092
1.19279492
1.19788408
1.20302486
1.20820189
1.21343184
1.21869898
1.22402048
1.22938013
1.23479545
1.24025011
1.24576187
1.25131404
1.25692475
1.26257706
1.26828957
1.27404487
1.27986169
1.28572273
1.29164708
1.29761672
1.30365145
1.30973279
1.31588101
1.32207739
1.32834220
1.33465672
1.34104168
1.34747779
1.35398638
1.36054766
1.36718333
1.37387347
1.38064015
1.38746297
1.39436448
1.40132391
1.40836442
1.41546464
1.42263687
1.42988217
1.43721330
1.44460821
1.45209146
1.45964062
1.46728086
1.47500145
1.48279130
1.49067652
1.49863338
1.50668836
1.51481748
1.52304780
1.53135502
1.53976655
1.54825759
1.55685639
1.56553745
1.57432973
1.58320737
1.59219992
1.60128069
1.61048031
1.61977148
1.62918544
1.63869429
1.64833009
1.65806448
1.66793013
1.67789805
1.68800187
1.69821191
1.70856249
1.71902359
1.72963035
1.74035168
1.75122404
0.33838269
0.33920163
0.34002322
0.34085011
0.34168038
0.34251469
0.34335375
0.34419629
0.34504363
0.34589446
0.34674951
0.34760949
0.34847304
0.34934160
0.35021380
0.35109037
0.35197204
0.35285744
0.35374802
0.35464239
0.35554129
0.35644549
0.35735357
0.35826701
0.35918441
0.36010724
0.36103410
0.36196575
0.36290294
0.36384428
0.36479050
0.36574242
0.36669853
0.36766043
0.36862665
0.36959872
0.37057513
0.37155673
0.37254432
0.37353641
0.37453377
0.37553650
0.37654459
0.37755892
0.37857792
0.37960324
0.38063332
0.38166901
0.38271117
0.38375819
0.38481182
0.38587040
0.38693482
0.38800597
0.38908222
0.39016533
0.39125359
0.39234796
0.39344934
0.39455605
0.39566988
0.39678913
0.39791471
0.39904761
0.40018609
0.40133196
0.40248352
0.40364173
0.40480751
0.40597913
0.40715846
0.40834376
0.40953597
0.41073611
0.41194233
0.41315666
0.41437718
0.41560492
0.41684094
0.41808337
0.41933322
0.42059055
0.42185545
0.42312899
0.42440924
0.42569825
0.42699412
0.42829788
0.42961067
0.43093050
0.43225953
0.43359569
0.43494016
0.43629405
0.43765533
0.43902621
0.44040459
0.44179168
0.44318864
0.44459334
0.44600812
0.44743076
0.44886252
0.45030463
0.45175490
0.45321566
0.45468476
0.45616341
0.45765287
0.45915094
0.46066001
0.46217784
0.46370569
0.46524492
0.46679318
0.46835297
0.46992201
0.47150162
0.47309309
0.47469410
0.47630599
0.47792888
0.47956282
0.48120931
0.48286581
0.48453510
0.48621461
0.48790583
0.48961020
0.49132514
0.49305353
0.49479273
0.49654427
0.49830961
0.50008619
0.50187683
0.50367898
0.50549412
0.50732380
0.50916529
0.51102173
0.51289022
0.51477247
0.51667005
0.51858020
0.52050602
0.52244467
0.52439785
0.52636719
0.52834982
0.53034908
0.53236187
0.53439158
0.53643525
0.53849465
0.54057151
0.54266280
0.54477036
0.54666591
0.54853755
0.55025184
0.55163479
0.55302125
0.55403513
0.55493671
0.55576491
0.55619735
0.55662519
0.55683935
0.55682021
0.55679756
0.55645818
0.55599928
0.55548400
0.55491424
0.55440784
0.55470157
0.55671573
1.18667996
1.19172478
1.19680476
1.20193636
1.20710397
1.21232438
1.21758187
1.22289360
1.22824335
1.23364866
1.23909318
1.24459469
1.25013638
1.25573659
1.26137817
1.26707983
1.27282405
1.27862978
1.28447950
1.29039240
1.29635036
1.30237329
1.30845237
1.31457877
1.32077265
1.32701528
1.33332717
1.33968925
1.34612262
1.35260773
1.35916603
1.36577773
1.37246466
1.37920666
1.38602602
1.39290237
1.39985824
1.40687275
1.41396928
1.42112625
1.42835617
1.43566000
1.44305050
1.45050585
1.45805049
1.46566188
1.47336543
1.48113811
1.48900557
1.49694455
1.50498128
1.51309204
1.52130365
1.52959168
1.53798378
1.54645514
1.55503392
1.56369460
1.57246614
1.58132267
1.59029377
1.59935284
1.60853028
1.61779881
1.62718976
1.63667536
1.64628732
1.65599751
1.66583848
1.67578137
1.68585956
1.69604361
1.70636785
1.71680188
1.72738111
1.73807454
1.74891841
1.75988114
0.33902848
0.33984989
0.34067526
0.34150469
0.34233880
0.34317636
0.34401867
0.34486446
0.34571442
0.34656927
0.34742767
0.34829101
0.34915796
0.35002923
0.35090557
0.35178563
0.35267079
0.35355970
0.35445312
0.35535178
0.35625431
0.35716212
0.35807386
0.35899028
0.35991210
0.36083797
0.36176932
0.36270478
0.36364508
0.36459100
0.36554113
0.36649695
0.36745703
0.36842218
0.36939314
0.37036848
0.37134978
0.37233549
0.37332645
0.37432349
0.37532428
0.37633204
0.37734443
0.37836227
0.37938643
0.38041532
0.38145062
0.38249078
0.38353661
0.38458899
0.38564634
0.38671038
0.37497562
0.38885444
0.38993627
0.39102325
0.39211720
0.39321640
0.39432266
0.39543432
0.39655223
0.39767736
0.39880800
0.39994511
0.40108961
0.40223977
0.40339747
0.40456092
0.40573207
0.40690905
0.40809286
0.40928456
0.41048226
0.41168702
0.41289982
0.41411880
0.41534600
0.41657951
0.41782135
0.41906962
0.42032439
0.42158869
0.42285961
0.42413923
0.42542559
0.42671978
0.42802292
0.42933297
0.43065214
0.43197837
0.43331280
0.43465659
0.43600765
0.43736821
0.43873620
0.44011277
0.44149911
0.44289312
0.44429705
0.44570881
0.44712955
0.44856054
0.44999954
0.45144898
0.45290661
0.45437372
0.45585150
0.45733777
0.45883492
0.46034074
0.46185645
0.46338341
0.46491927
0.46646655
0.46802297
0.46958977
0.47116837
0.47275636
0.47435635
0.47596467
0.47758520
0.47921813
0.48086092
0.48251635
0.48418188
0.48585895
0.48754901
0.48924956
0.49096331
0.49268779
0.49442440
0.49617469
0.49793604
0.49971133
0.50149792
0.50329733
0.50511110
0.50693655
0.50877672
0.51062882
0.51249450
0.51437527
0.51626849
0.51817715
0.52009845
0.52203405
0.52398568
0.52595037
0.52793145
0.52992588
0.53193551
0.53396201
0.53600240
0.53806001
0.54013193
0.54221982
0.54432559
0.54644608
0.54840571
0.55029267
0.55211729
0.55350965
0.55490732
0.55602014
0.55692995
0.55783755
0.55828196
0.55871826
0.55900604
0.55898672
0.55896568
0.55868846
0.55822593
0.55772394
0.55714786
0.55660605
0.55671400
0.55845535
1.19065666
1.19573557
1.20084989
1.20601618
1.21121907
1.21647525
1.22176886
1.22711718
1.23250413
1.23794711
1.24342966
1.24896979
1.25455070
1.26019049
1.26587236
1.27161467
1.27740026
1.28324795
1.28914011
1.29509592
1.30109763
1.30716479
1.31327915
1.31946075
1.32569087
1.33199012
1.33833957
1.34475982
1.35123181
1.35777676
1.36437488
1.37104809
1.37777615
1.38458145
1.39144337
1.39838457
1.40538430
1.41246581
1.41960752
1.42682195
1.43411005
1.44148469
1.44892371
1.45645177
1.46404660
1.47173309
1.47948849
1.48733842
1.49525952
1.50327826
1.51137054
1.51956332
1.52783239
1.53620517
1.54465687
1.55321562
1.56186974
1.57060695
1.57945657
1.58839226
1.59744394
1.60658479
1.61584568
1.62519896
1.63467634
1.64424956
1.65395105
1.66375208
1.67368567
1.68372273
1.69389701
1.70417869
1.71460247
1.72513783
1.73582041
1.74661887
1.75757003
1.76864171
0.33967608
0.34050062
0.34132984
0.34216246
0.34299979
0.34384057
0.34468549
0.34553525
0.34638852
0.34724671
0.34810847
0.34897450
0.34984556
0.35072029
0.35160008
0.35248363
0.35337159
0.35426477
0.35516176
0.35606402
0.35697016
0.35788092
0.35879707
0.35971719
0.36064276
0.36157238
0.36250681
0.36344683
0.36439097
0.36534080
0.36629483
0.36725387
0.36821869
0.36918783
0.37016284
0.37114227
0.37212688
0.37311751
0.37411264
0.37511310
0.37611893
0.37713015
0.37814763
0.37916982
0.38019836
0.38123170
0.38227063
0.38331607
0.38436642
0.38542339
0.38648534
0.37540343
0.37049568
0.36656865
0.39079404
0.39188585
0.39298376
0.39408872
0.39519903
0.39631650
0.39743939
0.39856869
0.39970532
0.40084755
0.40199724
0.40315261
0.40431467
0.40548435
0.40665990
0.40784320
0.40903249
0.41022873
0.41143295
0.41264328
0.41386172
0.41508642
0.41631839
0.41755867
0.41880536
0.42005953
0.42132124
0.42259055
0.42386854
0.42515329
0.42644683
0.42774725
0.42905563
0.43037310
0.43169761
0.43303135
0.43437234
0.43572161
0.43708038
0.43844658
0.43982244
0.44120583
0.44259799
0.44400004
0.44540992
0.44682989
0.44825780
0.44969600
0.45114234
0.45259801
0.45406425
0.45553884
0.45702305
0.45851818
0.46002188
0.46153671
0.46306035
0.46459526
0.46613920
0.46769339
0.46925926
0.47083437
0.47242135
0.47401783
0.47562385
0.47724333
0.47887260
0.48051435
0.48216605
0.48382917
0.48550513
0.48719141
0.48889077
0.49060068
0.49232259
0.49405801
0.49580431
0.49756441
0.49933565
0.50111955
0.50291765
0.50472724
0.50655138
0.50838733
0.51023656
0.51210082
0.51397723
0.51586896
0.51777321
0.51969147
0.52162558
0.52357262
0.52553576
0.52751213
0.52950346
0.53151143
0.53353310
0.53557175
0.53762448
0.53969300
0.54177916
0.54387987
0.54599857
0.54813045
0.55015659
0.55205739
0.55396789
0.55539733
0.55680627
0.55801940
0.55893582
0.55985349
0.56038398
0.56082362
0.56118959
0.56117016
0.56115067
0.56093848
0.56047219
0.55998206
0.55940127
0.55882001
0.55878317
0.56020409
1.19466019
1.19976521
1.20492232
1.21011567
1.21536231
1.22064614
1.22598469
1.23136163
1.23679447
1.24226677
1.24779654
1.25336695
1.25899613
1.26466715
1.27039862
1.27617311
1.28200948
1.28789020
1.29383457
1.29982460
1.30587983
1.31198215
1.31815147
1.32436919
1.33065593
1.33699250
1.34339988
1.34985876
1.35639036
1.36297500
1.36963451
1.37635934
1.38313973
1.38999820
1.39691412
1.40391016
1.41096544
1.41810334
1.42529106
1.43257499
1.43992209
1.44735682
1.45485675
1.46244681
1.47010434
1.47785473
1.48567498
1.49359083
1.50157893
1.50966573
1.51782703
1.52609026
1.53443074
1.54287624
1.55140162
1.56003547
1.56875217
1.57758081
1.58649516
1.59552515
1.60464406
1.61388254
1.62321305
1.63266718
1.64221692
1.65189433
1.66167092
1.67157960
1.68159139
1.69173980
1.70199525
1.71239221
1.72290039
1.73355508
1.74432540
1.75524759
1.76628995
1.77748990
0.34032682
0.34115452
0.34198627
0.34282276
0.34366268
0.34450737
0.34535557
0.34620863
0.34706524
0.34792611
0.34879193
0.34966138
0.35053587
0.35141405
0.35229665
0.35318440
0.35407591
0.35497266
0.35587326
0.35677841
0.35768890
0.35860336
0.35952321
0.36044705
0.36137566
0.36230981
0.36324805
0.36419192
0.36513996
0.36609295
0.36705166
0.36801466
0.36898351
0.36995667
0.37093499
0.37191927
0.37290803
0.37390283
0.37490216
0.37590605
0.37691694
0.37793249
0.37895429
0.37998086
0.38101298
0.38205156
0.38309500
0.38414496
0.38519987
0.38626060
0.37628669
0.37119800
0.36636418
0.36156872
0.36047772
0.37758535
0.39385504
0.39496490
0.39608014
0.39720172
0.39833057
0.39946494
0.40060669
0.40175408
0.40290806
0.40406960
0.40523696
0.40641201
0.40759292
0.40878075
0.40997645
0.41117823
0.41238803
0.41360402
0.41482717
0.41605857
0.41729632
0.41854244
0.41979405
0.42105415
0.42232287
0.42359823
0.42488232
0.42617321
0.42747197
0.42877969
0.43009442
0.43141824
0.43274921
0.43408844
0.43543702
0.43679294
0.43815842
0.43953136
0.44091296
0.44230434
0.44370344
0.44511253
0.44652948
0.44795549
0.44939175
0.45083612
0.45229095
0.45375404
0.45522663
0.45670998
0.45820186
0.45970470
0.46121621
0.46273774
0.46427050
0.46581227
0.46736553
0.46892795
0.47050083
0.47208557
0.47367975
0.47528476
0.47690067
0.47852761
0.48016694
0.48181629
0.48347831
0.48515049
0.48683429
0.48853117
0.49023858
0.49195930
0.49369079
0.49543449
0.49719197
0.49896052
0.50074315
0.50253713
0.50434542
0.50616539
0.50799847
0.50984639
0.51170629
0.51357985
0.51546860
0.51736987
0.51928669
0.52121627
0.52316177
0.52512026
0.52709353
0.52908319
0.53108644
0.53310484
0.53514028
0.53718966
0.53925645
0.54133761
0.54343653
0.54555011
0.54768014
0.54982692
0.55191875
0.55383170
0.55575627
0.55729789
0.55871654
0.56003314
0.56095618
0.56188226
0.56250191
0.56294489
0.56337786
0.56335646
0.56333327
0.56318355
0.56272244
0.56225318
0.56167126
0.56108701
0.56092435
0.56213421
1.19868267
1.20383036
1.20901430
1.21425128
1.21953392
1.22485423
1.23022974
1.23564398
1.24111485
1.24662554
1.25219429
1.25780404
1.26347327
1.26918483
1.27495742
1.28077340
1.28665209
1.29257560
1.29856336
1.30459726
1.31069720
1.31684470
1.32306004
1.32932436
1.33565819
1.34204268
1.34849870
1.35500669
1.36158836
1.36822379
1.37493467
1.38170111
1.38854527
1.39544666
1.40242803
1.40946841
1.41659105
1.42376339
1.43103170
1.43836296
1.44578147
1.45326507
1.46083856
1.46847916
1.47621238
1.48401523
1.49191344
1.49988353
1.50795197
1.51609480
1.52433908
1.53266037
1.54108632
1.54959190
1.55820560
1.56690180
1.57570946
1.58460271
1.59361112
1.60270810
1.61192417
1.62124681
1.63066304
1.64020431
1.64984262
1.65961039
1.66947877
1.67948115
1.68958807
1.69983351
1.71018767
1.72068524
1.73129570
1.74205494
1.75293136
1.76396203
1.77511466
1.78642714
0.34097937
0.34181094
0.34264588
0.34348559
0.34432879
0.34517610
0.34602827
0.34688398
0.34774461
0.34860885
0.34947741
0.35035098
0.35122824
0.35211059
0.35299671
0.35388726
0.35478306
0.35568267
0.35658759
0.35749638
0.35841057
0.35932869
0.36025155
0.36117989
0.36211228
0.36304951
0.36399233
0.36493933
0.36589202
0.36684895
0.36781162
0.36877862
0.36975071
0.37072873
0.37171113
0.37269956
0.37369245
0.37469068
0.37569422
0.37670317
0.37771836
0.37873822
0.37976360
0.38079536
0.38183191
0.38287497
0.38392290
0.38497660
0.38603693
0.38710228
0.37187576
0.36699492
0.36224565
0.35722807
0.35246128
0.35632846
0.37076965
0.39584410
0.39696521
0.39809182
0.39922571
0.40036520
0.40151122
0.40266472
0.40382394
0.40499079
0.40616348
0.40734297
0.40853027
0.40972355
0.41092479
0.41213214
0.41334662
0.41456923
0.41579810
0.41703528
0.41827887
0.41952890
0.42078841
0.42205450
0.42332923
0.42461070
0.42589992
0.42719805
0.42850307
0.42981711
0.43113822
0.43246746
0.43380597
0.43515176
0.43650696
0.43786955
0.43924069
0.44062155
0.44200999
0.44340834
0.44481444
0.44622949
0.44765469
0.44908789
0.45053145
0.45198315
0.45344427
0.45491600
0.45639616
0.45788714
0.45938674
0.46089616
0.46241677
0.46394622
0.46548703
0.46703690
0.46859711
0.47016904
0.47175026
0.47334346
0.47494489
0.47655848
0.47818437
0.47982007
0.48146832
0.48312661
0.48479638
0.48647904
0.48817211
0.48987833
0.49159518
0.49332410
0.49506658
0.49682006
0.49858737
0.50036591
0.50215721
0.50396276
0.50577992
0.50761169
0.50945532
0.51131237
0.51318449
0.51506889
0.51696867
0.51888102
0.52080756
0.52275002
0.52470541
0.52667713
0.52866209
0.53066212
0.53267890
0.53470945
0.53675717
0.53881902
0.54089677
0.54299223
0.54510236
0.54723060
0.54937214
0.55153227
0.55369389
0.55561924
0.55755800
0.55920976
0.56063992
0.56205434
0.56296980
0.56389004
0.56457323
0.56500870
0.56544489
0.56548077
0.56545740
0.56535506
0.56488860
0.56442469
0.56384897
0.56327266
0.56301612
0.56407231
1.20274043
1.20792305
1.21314240
1.21841538
1.22372591
1.22909153
1.23449576
1.23995638
1.24545681
1.25101495
1.25661421
1.26227272
1.26797330
1.27373481
1.27953970
1.28540707
1.29131913
1.29729521
1.30331731
1.30940533
1.31554067
1.32174361
1.32799542
1.33431661
1.34068823
1.34713113
1.35362601
1.36019421
1.36681592
1.37351310
1.38026547
1.38709533
1.39398229
1.40094900
1.40797448
1.41508210
1.42225039
1.42949176
1.43681884
1.44420969
1.45168877
1.45923376
1.46686971
1.47457373
1.48237157
1.49023974
1.49820447
1.50624204
1.51437926
1.52259183
1.53090715
1.53930056
1.54779983
1.55637991
1.56506944
1.57384264
1.58272874
1.59170163
1.60079110
1.60997057
1.61927056
1.62866366
1.63818157
1.64779603
1.65753949
1.66738331
1.67736053
1.68744183
1.69766116
1.70798874
1.71845937
1.72904229
1.73977339
1.75062132
1.76162279
1.77274573
1.78402793
1.79543662
0.34163511
0.34246987
0.34330806
0.34415036
0.34499747
0.34584808
0.34670359
0.34756267
0.34842598
0.34929430
0.35016626
0.35104328
0.35192403
0.35280919
0.35369951
0.35459363
0.35549301
0.35639623
0.35730407
0.35821727
0.35913441
0.36005700
0.36098358
0.36191496
0.36285192
0.36379296
0.36473966
0.36569056
0.36664641
0.36760804
0.36857399
0.36954576
0.37052190
0.37150323
0.37249053
0.37348232
0.37448019
0.37548184
0.37648964
0.37750366
0.37852237
0.37954739
0.38057718
0.38161254
0.38265440
0.38370112
0.38475442
0.38581270
0.38687679
0.37263402
0.36764222
0.36286670
0.35802704
0.35316479
0.34864232
0.34446004
0.35174114
0.36590630
0.39785334
0.39898589
0.40012401
0.40126956
0.40242076
0.40357947
0.40474400
0.40591526
0.40709424
0.40827915
0.40947098
0.41067073
0.41187659
0.41309050
0.41431063
0.41553894
0.41677359
0.41801563
0.41926506
0.42052197
0.42178649
0.42305961
0.42433941
0.42562804
0.42692345
0.42822781
0.42953914
0.43085852
0.43218711
0.43352282
0.43486685
0.43622026
0.43758109
0.43895149
0.44032943
0.44171715
0.44311252
0.44451675
0.44593102
0.44735318
0.44878557
0.45022604
0.45167580
0.45313606
0.45460463
0.45608392
0.45757172
0.45906922
0.46057776
0.46209505
0.46362358
0.46516103
0.46670872
0.46826798
0.46983644
0.47141668
0.47300637
0.47460678
0.47621807
0.47784033
0.47947499
0.48111957
0.48277545
0.48444411
0.48612300
0.48781490
0.48951730
0.49123159
0.49295932
0.49469787
0.49645010
0.49821338
0.49998924
0.50177926
0.50358063
0.50539649
0.50722402
0.50906485
0.51092052
0.51278830
0.51467127
0.51656663
0.51847595
0.52040100
0.52233893
0.52429283
0.52625984
0.52824163
0.53024006
0.53225201
0.53428096
0.53632373
0.53838223
0.54045826
0.54254872
0.54465699
0.54678011
0.54891813
0.55107635
0.55324990
0.55544239
0.55741656
0.55936790
0.56112593
0.56255347
0.56398654
0.56496745
0.56589425
0.56664908
0.56708956
0.56752890
0.56762123
0.56759769
0.56754160
0.56707329
0.56660396
0.56603640
0.56545562
0.56511098
0.56602204
1.20682573
1.21203554
1.21729887
1.22259963
1.22795534
1.23334956
1.23880005
1.24429011
1.24983799
1.25542665
1.26107442
1.26677322
1.27251470
1.27831757
1.28416443
1.29007435
1.29602945
1.30204940
1.30811584
1.31424880
1.32042968
1.32667899
1.33297765
1.33934653
1.34576643
1.35225832
1.35880280
1.36542153
1.37209439
1.37884343
1.38564849
1.39253187
1.39947307
1.40649486
1.41357625
1.42074060
1.42795515
1.43526638
1.44264126
1.45010400
1.45763254
1.46525168
1.47293878
1.48071921
1.48856974
1.49651659
1.50453615
1.51265490
1.52084863
1.52914488
1.53751886
1.54599845
1.55455852
1.56322765
1.57198012
1.58084524
1.58979666
1.59886444
1.60802162
1.61729908
1.62666929
1.63616383
1.64575458
1.65547383
1.66529298
1.67524517
1.68530095
1.69549441
1.70579553
1.71623909
1.72681141
1.73749781
1.74833441
1.75928974
1.77040076
1.78163517
1.79303122
1.80455565
0.34229338
0.34313071
0.34397280
0.34481835
0.34566876
0.34652272
0.34738088
0.34824398
0.34911072
0.34998244
0.35085785
0.35173765
0.35262257
0.35351127
0.35440513
0.35530284
0.35620511
0.35711268
0.35802418
0.35894105
0.35986191
0.36078751
0.36171860
0.36265379
0.36359456
0.36453947
0.36548933
0.36644489
0.36740470
0.36837032
0.36934027
0.37031531
0.37129632
0.37228176
0.37327322
0.37426919
0.37526968
0.37627715
0.37728924
0.37830758
0.37933064
0.38035923
0.38139424
0.38243407
0.38348040
0.38453168
0.38558871
0.38665241
0.37338206
0.36834061
0.36357155
0.35880646
0.35397735
0.34936902
0.34496740
0.34067789
0.33713999
0.34755045
0.36147621
0.39988402
0.40102726
0.40217707
0.40333441
0.40449750
0.40566826
0.40684485
0.40802833
0.40921962
0.41041696
0.41162229
0.41283372
0.41405234
0.41527912
0.41651225
0.41775367
0.41900155
0.42025590
0.42151979
0.42279029
0.42406949
0.42535543
0.42664921
0.42795190
0.42926154
0.43058026
0.43190604
0.43324006
0.43458337
0.43593398
0.43729407
0.43866161
0.44003770
0.44142357
0.44281709
0.44422054
0.44563180
0.44705206
0.44848254
0.44992107
0.45137000
0.45282713
0.45429370
0.45577097
0.45725670
0.45875332
0.46025860
0.46177378
0.46330017
0.46483549
0.46638224
0.46793807
0.46950433
0.47108233
0.47266975
0.47426915
0.47587687
0.47749680
0.47912911
0.48077130
0.48242611
0.48409101
0.48576745
0.48745689
0.48915678
0.49086991
0.49259371
0.49432966
0.49607930
0.49783996
0.49961454
0.50140041
0.50319916
0.50501221
0.50683695
0.50867641
0.51052779
0.51239419
0.51427275
0.51616520
0.51807308
0.51999360
0.52192843
0.52387929
0.52584314
0.52782345
0.52981704
0.53182745
0.53385150
0.53589106
0.53794783
0.54001886
0.54210585
0.54421073
0.54633033
0.54846656
0.55061948
0.55279112
0.55497825
0.55718273
0.55922377
0.56118256
0.56303394
0.56447119
0.56591582
0.56697935
0.56791276
0.56873655
0.56918395
0.56962657
0.56977427
0.56975418
0.56973231
0.56927311
0.56880200
0.56824094
0.56765562
0.56721783
0.56798524
1.21093893
1.21618438
1.22148383
1.22682118
1.23221397
1.23764586
1.24313438
1.24866307
1.25425005
1.25987840
1.26556635
1.27129686
1.27708864
1.28292429
1.28882277
1.29476631
1.30077446
1.30682898
1.31294978
1.31911850
1.32535529
1.33164144
1.33799744
1.34440434
1.35088313
1.35741436
1.36401939
1.37067854
1.37741375
1.38420463
1.39107358
1.39800024
1.40500724
1.41207361
1.41922271
1.42642176
1.43371725
1.44107616
1.44852281
1.45603490
1.46363723
1.47130728
1.47907043
1.48691595
1.49483263
1.50284672
1.51093435
1.51912248
1.52738667
1.53575456
1.54420125
1.55275500
1.56139028
1.57013595
1.57896614
1.58791041
1.59694231
1.60609198
1.61533248
1.62469471
1.63415110
1.64373338
1.65341330
1.66322351
1.67313516
1.68318141
1.69333303
1.70362413
1.71402466
1.72456956
1.73522818
1.74603641
1.75696278
1.76804435
1.77924883
1.79061425
1.80210757
1.81376779
0.34295419
0.34379476
0.34464011
0.34548897
0.34634203
0.34719998
0.34806150
0.34892800
0.34979811
0.35067260
0.35155219
0.35243547
0.35332391
0.35421613
0.35511288
0.35601488
0.35692078
0.35783201
0.35874718
0.35966703
0.36059237
0.36152172
0.36245662
0.36339563
0.36433953
0.36528906
0.36624283
0.36720234
0.36816615
0.36913499
0.37010974
0.37108889
0.37207398
0.37306356
0.37405840
0.37505856
0.37606409
0.37707582
0.37809223
0.37911412
0.38014233
0.38117534
0.38221481
0.38325915
0.38430917
0.38536581
0.38642746
0.37412208
0.36906460
0.36426869
0.35952321
0.35479367
0.35012496
0.34570369
0.34140447
0.33714062
0.33299381
0.33127841
0.34356847
0.35727754
0.37568471
0.40308964
0.40425223
0.40542063
0.40659580
0.40777874
0.40896764
0.41016445
0.41136733
0.41257730
0.41379535
0.41501966
0.41625220
0.41749108
0.41873738
0.41999117
0.42125246
0.42252234
0.42379892
0.42508322
0.42637634
0.42767635
0.42898533
0.43030131
0.43162540
0.43295869
0.43429920
0.43564910
0.43700635
0.43837208
0.43974745
0.44113040
0.44252315
0.44392365
0.44533303
0.44675249
0.44817993
0.44961762
0.45106345
0.45251861
0.45398432
0.45545843
0.45694327
0.45843670
0.45993987
0.46145415
0.46297723
0.46451160
0.46605498
0.46760863
0.46917391
0.47074845
0.47233486
0.47393075
0.47553617
0.47715506
0.47878373
0.48042485
0.48207596
0.48373845
0.48541376
0.48709941
0.48879814
0.49050739
0.49222866
0.49396342
0.49570906
0.49746847
0.49923903
0.50102222
0.50281960
0.50462854
0.50645196
0.50828713
0.51013565
0.51199919
0.51387489
0.51576585
0.51766926
0.51958680
0.52152014
0.52346641
0.52542871
0.52740431
0.52939481
0.53140193
0.53342277
0.53546059
0.53751248
0.53958017
0.54166543
0.54376519
0.54588300
0.54801399
0.55016339
0.55233145
0.55451494
0.55671746
0.55893582
0.56103575
0.56300545
0.56495315
0.56640387
0.56785661
0.56900197
0.56994575
0.57083952
0.57129204
0.57173979
0.57194549
0.57192713
0.57190508
0.57149196
0.57101530
0.57046264
0.56987095
0.56939149
0.57000047
1.21507192
1.22036171
1.22568929
1.23107207
1.23649383
1.24197209
1.24749053
1.25306690
1.25868452
1.26436174
1.27008140
1.27586210
1.28168643
1.28757346
1.29350555
1.29950190
1.30555415
1.31165338
1.31781960
1.32403433
1.33031774
1.33665121
1.34305525
1.34951079
1.35603905
1.36262023
1.36927629
1.37598693
1.38277447
1.38961840
1.39654148
1.40352273
1.41058528
1.41770804
1.42490315
1.43217158
1.43952620
1.44694495
1.45445251
1.46202636
1.46969163
1.47742546
1.48525345
1.49315238
1.50114834
1.50921774
1.51738715
1.52563250
1.53398108
1.54240835
1.55094206
1.55955708
1.56828225
1.57709157
1.58601451
1.59502482
1.60415244
1.61337054
1.62270999
1.63214326
1.64170194
1.65135789
1.66114366
1.67103040
1.68105137
1.69117725
1.70144212
1.71181583
1.72233355
1.73296440
1.74374437
1.75464201
1.76569426
1.77686894
1.78820384
1.79968429
1.81129467
1.82307446
0.34361690
0.34446138
0.34530935
0.34616217
0.34701857
0.34787920
0.34874478
0.34961399
0.35048825
0.35136619
0.35224855
0.35313606
0.35402733
0.35492381
0.35582417
0.35672909
0.35763931
0.35855350
0.35947311
0.36039668
0.36132506
0.36225894
0.36319691
0.36414051
0.36508828
0.36604100
0.36699945
0.36796218
0.36893073
0.36990362
0.37088168
0.37186566
0.37285414
0.37384865
0.37484768
0.37585130
0.37686187
0.37787712
0.37889865
0.37992489
0.38095671
0.38199499
0.38303810
0.38408777
0.38514236
0.38620275
0.37483504
0.36977068
0.36498871
0.36021438
0.35551998
0.35089797
0.34645998
0.34214470
0.33795291
0.33367044
0.32971975
0.32571545
0.32739708
0.34005114
0.35331619
0.37047026
0.40517330
0.40634799
0.40752855
0.40871692
0.40991133
0.41111273
0.41232213
0.41353771
0.41476047
0.41599149
0.41722885
0.41847456
0.41972575
0.42098644
0.42225373
0.42352867
0.42481235
0.42610282
0.42740113
0.42870843
0.43002272
0.43134612
0.43267664
0.43401647
0.43536353
0.43671900
0.43808401
0.43945649
0.44083869
0.44222853
0.44362715
0.44503576
0.44645220
0.44787884
0.44931346
0.45075732
0.45221165
0.45367423
0.45514748
0.45662913
0.45812050
0.45962277
0.46113378
0.46265593
0.46418697
0.46572816
0.46728086
0.46884272
0.47041628
0.47199920
0.47359282
0.47519720
0.47681251
0.47844014
0.48007759
0.48172632
0.48338771
0.48505926
0.48674378
0.48843867
0.49014542
0.49186549
0.49359632
0.49534073
0.49709615
0.49886405
0.50064600
0.50243926
0.50424683
0.50606608
0.50789845
0.50974560
0.51160479
0.51347905
0.51536566
0.51726615
0.51918221
0.52111095
0.52305567
0.52501339
0.52698582
0.52897471
0.53097713
0.53299630
0.53502929
0.53707784
0.53914380
0.54122400
0.54332203
0.54543471
0.54756391
0.54970980
0.55187255
0.55405408
0.55625123
0.55846584
0.56069994
0.56285769
0.56484199
0.56684035
0.56834614
0.56981254
0.57103914
0.57199329
0.57294333
0.57341582
0.57386869
0.57413340
0.57411486
0.57409453
0.57372630
0.57324588
0.57270181
0.57210547
0.57159841
0.57207233
0.57525969
1.22456777
1.22993219
1.23535252
1.24081206
1.24632883
1.25188601
1.25750196
1.26315951
1.26887727
1.27463782
1.28046024
1.28632665
1.29225659
1.29823184
1.30427229
1.31035960
1.31651366
1.32271588
1.32898688
1.33530760
1.34169877
1.34814119
1.35465610
1.36122394
1.36786628
1.37456310
1.38133657
1.38816631
1.39507473
1.40204132
1.40908909
1.41619658
1.42337632
1.43062913
1.43796790
1.44537055
1.45286179
1.46041906
1.46806741
1.47578406
1.48359466
1.49147594
1.49945390
1.50750494
1.51565588
1.52388239
1.53221178
1.54061949
1.54913342
1.55774200
1.56643295
1.57523537
1.58412325
1.59312618
1.60221756
1.61142802
1.62073016
1.63015521
1.63967550
1.64932287
1.65906894
1.66894662
1.67892671
1.68904293
1.69926560
1.70962918
1.72010326
1.73072338
1.74145842
1.75234473
1.76335037
1.77451301
1.78579986
1.79724932
1.80882823
1.82057595
1.83245838
0.34428284
0.34513059
0.34598187
0.34683734
0.34769776
0.34856176
0.34943077
0.35030341
0.35118043
0.35206255
0.35294840
0.35383943
0.35473427
0.35563365
0.35653830
0.35744685
0.35836077
0.35927865
0.36020124
0.36112931
0.36206147
0.36299917
0.36394098
0.36488771
0.36584014
0.36679676
0.36775920
0.36872593
0.36969772
0.37067544
0.37165758
0.37264571
0.37363833
0.37463626
0.37563953
0.37664816
0.37766305
0.37868261
0.37970769
0.38073915
0.38177541
0.38281816
0.38386577
0.38491917
0.38597918
0.37566409
0.37048027
0.36568981
0.36091185
0.35620296
0.35158759
0.34714985
0.34289739
0.33871624
0.33459622
0.33053160
0.32652804
0.32257119
0.31864178
0.32362685
0.33625412
0.34968543
0.36584163
0.40727866
0.40846556
0.40965849
0.41085935
0.41206631
0.41328040
0.41450262
0.41573110
0.41696787
0.41821104
0.41946068
0.42071977
0.42198545
0.42325979
0.42454082
0.42582962
0.42712730
0.42843190
0.42974553
0.43106619
0.43239498
0.43373305
0.43507835
0.43643311
0.43779525
0.43916592
0.44054630
0.44193429
0.44333214
0.44473776
0.44615230
0.44757703
0.44900972
0.45045277
0.45190400
0.45336458
0.45483580
0.45631543
0.45780590
0.45930496
0.46081385
0.46233389
0.46386281
0.46540305
0.46695235
0.46851325
0.47008336
0.47166401
0.47325662
0.47485873
0.47647047
0.47809574
0.47973084
0.48137850
0.48303616
0.48470661
0.48638734
0.48807976
0.48978534
0.49150151
0.49322978
0.49497160
0.49672440
0.49849102
0.50026888
0.50206089
0.50386435
0.50568080
0.50751179
0.50935471
0.51121253
0.51308244
0.51496607
0.51686507
0.51877666
0.52070397
0.52264410
0.52459872
0.52656960
0.52855378
0.53055453
0.53256893
0.53459865
0.53664553
0.53870648
0.54078501
0.54287797
0.54498720
0.54711455
0.54925519
0.55141604
0.55359226
0.55578578
0.55799842
0.56022704
0.56247526
0.56469148
0.56669056
0.56870204
0.57030183
0.57178015
0.57309085
0.57405192
0.57501251
0.57555354
0.57601357
0.57633621
0.57631946
0.57630080
0.57598001
0.57549584
0.57495862
0.57435757
0.57382059
0.57416117
0.57652289
1.22879446
1.23420465
1.23965406
1.24516058
1.25070739
1.25631261
1.26195943
1.26766634
1.27341592
1.27922714
1.28508222
1.29100072
1.29696441
1.30299294
1.30906820
1.31521010
1.32140017
1.32765865
1.33396661
1.34034491
1.34677434
1.35327613
1.35983050
1.36645913
1.37315285
1.37990165
1.38672793
1.39361119
1.40057421
1.40759587
1.41469967
1.42186415
1.42910159
1.43641305
1.44381142
1.45127451
1.45882714
1.46644676
1.47415853
1.48193955
1.48981559
1.49776328
1.50580883
1.51392853
1.52214921
1.53044653
1.53884804
1.54732895
1.55591738
1.56458795
1.57336962
1.58223641
1.59121776
1.60028744
1.60947561
1.61875510
1.62815726
1.63765407
1.64727759
1.65699947
1.66685247
1.67680740
1.68689811
1.69709468
1.70743167
1.71787882
1.72847140
1.73917842
1.75003612
1.76101279
1.77214563
1.78340232
1.79482102
1.80636859
1.81808424
1.82993400
1.84195840
0.34495133
0.34580174
0.34665701
0.34751585
0.34837961
0.34924701
0.35011876
0.35099554
0.35187602
0.35276094
0.35365102
0.35454491
0.35544404
0.35634702
0.35725531
0.35816753
0.35908443
0.36000675
0.36093307
0.36186492
0.36280087
0.36374167
0.36468810
0.36563873
0.36659509
0.36755568
0.36852133
0.36949283
0.37046871
0.37145051
0.37243676
0.37342826
0.37442586
0.37542719
0.37643549
0.37744844
0.37846684
0.37949157
0.38052103
0.38155693
0.38259766
0.38364407
0.38469705
0.38575500
0.38681963
0.37118638
0.36639661
0.36162233
0.35682061
0.35218024
0.34774870
0.34352073
0.33936977
0.33536148
0.33129814
0.32732663
0.32337815
0.31938446
0.31539989
0.31218386
0.32049084
0.33283815
0.34652272
0.36183256
0.38477439
0.41060537
0.41181082
0.41302437
0.41424409
0.41547203
0.41670629
0.41794789
0.41919693
0.42045346
0.42171854
0.42299023
0.42426962
0.42555782
0.42685282
0.42815676
0.42946765
0.43078658
0.43211472
0.43344998
0.43479460
0.43614653
0.43750688
0.43887681
0.44025427
0.44164151
0.44303641
0.44444016
0.44585395
0.44727561
0.44870752
0.45014748
0.45159674
0.45305648
0.45452455
0.45600331
0.45749056
0.45898753
0.46049553
0.46201229
0.46354026
0.46507716
0.46662429
0.46818298
0.46975088
0.47133055
0.47291964
0.47451949
0.47613019
0.47775185
0.47938588
0.48102984
0.48268512
0.48435315
0.48603141
0.48772269
0.48942441
0.49113807
0.49286515
0.49460301
0.49635458
0.49811718
0.49989235
0.50168163
0.50348240
0.50529748
0.50712430
0.50896442
0.51081932
0.51268637
0.51456863
0.51646322
0.51837182
0.52029610
0.52223313
0.52418625
0.52615249
0.52813351
0.53013110
0.53214222
0.53417033
0.53621227
0.53826994
0.54034507
0.54243463
0.54454207
0.54666424
0.54880136
0.55095863
0.55313128
0.55532283
0.55753005
0.55975491
0.56199932
0.56426007
0.56653726
0.56854945
0.57057601
0.57227099
0.57376140
0.57515740
0.57612544
0.57709670
0.57770729
0.57817078
0.57855791
0.57853907
0.57852215
0.57825154
0.57776356
0.57723331
0.57662749
0.57606202
0.57626343
0.57837743
1.23305905
1.23850691
1.24399447
1.24953961
1.25512564
1.26077068
1.26645780
1.27220547
1.27799642
1.28384960
1.28974724
1.29570878
1.30171609
1.30778909
1.31390929
1.32009685
1.32633305
1.33263838
1.33899391
1.34542048
1.35189891
1.35845029
1.36505497
1.37173486
1.37846971
1.38528180
1.39215064
1.39909899
1.40610600
1.41319466
1.42034388
1.42756569
1.43486142
1.44224381
1.44969070
1.45722687
1.46482968
1.47252440
1.48028815
1.48814666
1.49607646
1.50410390
1.51220512
1.52040696
1.52868533
1.53706741
1.54552865
1.55409706
1.56274736
1.57150829
1.58035398
1.58931398
1.59836185
1.60752785
1.61679959
1.62616408
1.63563764
1.64523745
1.65495050
1.66476345
1.67470920
1.68475866
1.69494545
1.70523989
1.71567667
1.72622526
1.73692131
1.74773359
1.75869870
1.76978469
1.78102911
1.79239929
1.80393386
1.81559932
1.82743537
1.83940780
1.85155737
0.34562245
0.34647617
0.34733412
0.34819698
0.34906349
0.34993497
0.35081014
0.35168970
0.35257438
0.35346282
0.35435647
0.35525391
0.35615593
0.35706326
0.35797450
0.35889110
0.35981172
0.36073777
0.36166790
0.36260280
0.36354333
0.36448798
0.36543757
0.36639285
0.36735240
0.36831772
0.36928740
0.37026295
0.37124288
0.37222806
0.37321922
0.37421489
0.37521511
0.37622228
0.37723407
0.37825212
0.37927485
0.38030395
0.38133785
0.38237739
0.38342342
0.38447437
0.38553110
0.38659447
0.37182760
0.36706150
0.36228105
0.35743323
0.35269105
0.34825149
0.34401467
0.33995372
0.33605286
0.33208928
0.32812914
0.32423991
0.32028669
0.31625500
0.31229231
0.30848593
0.30675340
0.31749654
0.32950005
0.34348893
0.35829657
0.37871808
0.41276768
0.41398686
0.41521230
0.41644502
0.41768605
0.41893351
0.42018846
0.42145094
0.42272103
0.42399979
0.42528531
0.42657968
0.42788091
0.42919013
0.43050840
0.43183377
0.43316835
0.43451017
0.43586031
0.43721995
0.43858701
0.43996376
0.44134805
0.44274110
0.44414407
0.44555485
0.44697574
0.44840458
0.44984260
0.45129102
0.45274764
0.45421487
0.45569044
0.45717567
0.45867175
0.46017650
0.46169233
0.46321699
0.46475175
0.46629792
0.46785319
0.46942014
0.47099632
0.47258314
0.47418198
0.47578910
0.47740972
0.47904015
0.48068172
0.48233590
0.48400021
0.48567733
0.48736480
0.48906404
0.49077651
0.49249968
0.49423635
0.49598393
0.49774390
0.49951780
0.50130302
0.50310242
0.50491339
0.50673741
0.50857615
0.51042676
0.51229244
0.51417023
0.51606190
0.51796907
0.51988882
0.52182442
0.52377290
0.52573603
0.52771544
0.52970827
0.53171784
0.53374106
0.53577971
0.53783566
0.53990585
0.54199362
0.54409599
0.54621470
0.54834998
0.55050200
0.55267274
0.55485892
0.55706245
0.55928528
0.56152421
0.56378287
0.56605804
0.56835157
0.57042062
0.57246238
0.57425380
0.57575458
0.57723892
0.57821399
0.57918477
0.57985836
0.58031583
0.58074749
0.58073044
0.58071339
0.58048993
0.58000946
0.57950157
0.57890785
0.57831919
0.57838118
0.58030444
1.23735332
1.24283063
1.24836540
1.25394082
1.25957525
1.26525152
1.27098823
1.27676809
1.28260994
1.28849614
1.29444611
1.30044174
1.30650282
1.31261098
1.31878626
1.32501006
1.33130276
1.33764553
1.34405923
1.35052443
1.35706246
1.36365366
1.37031984
1.37704074
1.38383865
1.39069319
1.39762700
1.40461910
1.41169286
1.41882682
1.42603326
1.43332481
1.44067967
1.44812214
1.45563006
1.46322823
1.47089398
1.47865272
1.48648143
1.49440587
1.50240266
1.51049840
1.51866877
1.52694118
1.53529096
1.54374599
1.55228102
1.56092477
1.56965137
1.57849014
1.58741486
1.59645534
1.60558486
1.61483419
1.62417579
1.63364112
1.64320230
1.65289128
1.66267979
1.67260063
1.68262458
1.69278550
1.70305371
1.71346366
1.72398496
1.73465323
1.74543715
1.75637341
1.76742995
1.77864432
1.78998399
1.80148745
1.81312120
1.82492483
1.83686435
1.84898019
1.86123753
0.34629554
0.34715325
0.34801453
0.34888080
0.34975070
0.35062495
0.35150427
0.35238734
0.35327554
0.35416749
0.35506400
0.35596576
0.35687140
0.35778236
0.35869730
0.35961691
0.36054197
0.36147106
0.36240572
0.36334446
0.36428806
0.36523736
0.36619085
0.36715007
0.36811361
0.36908218
0.37005666
0.37103552
0.37202033
0.37300962
0.37400419
0.37500405
0.37600929
0.37702072
0.37803683
0.37905839
0.38008633
0.38111904
0.38215819
0.38320220
0.38425192
0.38530827
0.38636959
0.37248975
0.36765513
0.36291626
0.35804504
0.35318580
0.34869832
0.34443137
0.34036717
0.33660701
0.33272803
0.32895687
0.32513005
0.32116392
0.31713849
0.31311354
0.30921850
0.30544063
0.30213097
0.30339468
0.31448212
0.32685903
0.34026760
0.35511076
0.37414330
0.41495290
0.41618502
0.41742355
0.41867042
0.41992280
0.42118368
0.42245317
0.42372930
0.42501318
0.42630589
0.42760545
0.42891401
0.43022954
0.43155318
0.43288603
0.43422610
0.43557554
0.43693233
0.43829760
0.43967250
0.44105497
0.44244727
0.44384727
0.44525728
0.44667515
0.44810209
0.44953927
0.45098460
0.45243925
0.45390445
0.45537803
0.45686236
0.45835525
0.45985907
0.46137163
0.46289417
0.46442798
0.46597078
0.46752387
0.46908858
0.47066256
0.47224841
0.47384369
0.47544980
0.47706681
0.47869489
0.48033538
0.48198590
0.48364908
0.48532245
0.48700744
0.48870555
0.49041414
0.49213612
0.49386886
0.49561381
0.49737257
0.49914241
0.50092632
0.50272161
0.50452983
0.50635254
0.50818700
0.51003629
0.51189756
0.51377255
0.51566273
0.51756543
0.51948369
0.52141476
0.52336019
0.52532172
0.52729648
0.52928776
0.53129250
0.53331250
0.53534949
0.53740048
0.53946894
0.54155171
0.54365063
0.54576755
0.54789764
0.55004781
0.55221325
0.55439574
0.55659735
0.55881476
0.56105167
0.56330472
0.56557602
0.56786746
0.57017577
0.57230413
0.57435942
0.57625037
0.57775044
0.57925642
0.58026665
0.58123863
0.58196455
0.58242536
0.58288693
0.58288312
0.58286399
0.58266938
0.58218724
0.58168310
0.58108306
0.58048612
0.58046722
0.58226913
1.24166894
1.24719334
1.25275826
1.25838208
1.26405644
1.26977336
1.27555120
1.28137267
1.28725696
1.29318595
1.29917943
1.30521905
1.31132483
1.31747830
1.32369959
1.32996988
1.33631003
1.34270072
1.34916306
1.35567749
1.36226571
1.36890769
1.37562537
1.38239861
1.38924968
1.39615810
1.40314651
1.41019416
1.41732430
1.42450404
1.43177986
1.43911886
1.44654524
1.45403671
1.46161819
1.46926701
1.47700858
1.48481989
1.49272668
1.50070536
1.50878274
1.51693463
1.52518809
1.53351855
1.54195404
1.55046928
1.55909264
1.56779885
1.57661664
1.58552015
1.59453905
1.60364664
1.61287355
1.62219238
1.63163459
1.64117217
1.65083718
1.66060126
1.67049718
1.68049598
1.69063115
1.70087314
1.71125638
1.72176707
1.73239100
1.74316382
1.75405419
1.76509893
1.77626598
1.78759325
1.79904771
1.81066823
1.82242119
1.83434677
1.84641016
1.85865271
1.87103903
0.34697190
0.34783298
0.34869763
0.34956664
0.35044065
0.35131836
0.35220116
0.35308772
0.35397875
0.35487500
0.35577509
0.35668048
0.35758975
0.35850367
0.35942301
0.36034635
0.36127517
0.36220807
0.36314580
0.36408913
0.36503661
0.36598980
0.36694723
0.36790970
0.36887798
0.36985061
0.37082914
0.37181208
0.37280026
0.37379447
0.37479323
0.37579733
0.37680683
0.37782177
0.37884301
0.37986895
0.38090128
0.38193843
0.38298124
0.38403058
0.38508487
0.38614580
0.37317461
0.36826211
0.36352995
0.35862935
0.35371569
0.34916824
0.34485644
0.34076592
0.33695173
0.33326814
0.32962513
0.32576314
0.32200927
0.31800419
0.31393635
0.30992541
0.30595618
0.30236292
0.29904538
0.29601726
0.30040449
0.31172243
0.32366213
0.33751523
0.35216564
0.37010437
0.40086108
0.41840667
0.41965747
0.42091775
0.42218462
0.42345914
0.42474240
0.42603245
0.42733136
0.42863721
0.42995104
0.43127400
0.43260407
0.43394345
0.43529007
0.43664509
0.43800962
0.43938166
0.44076338
0.44215274
0.44355085
0.44495898
0.44637495
0.44780108
0.44923523
0.45067859
0.45213240
0.45359448
0.45506719
0.45654833
0.45803913
0.45954090
0.46105137
0.46257299
0.46410346
0.46564412
0.46719626
0.46875754
0.47033054
0.47191286
0.47350588
0.47510970
0.47672442
0.47835141
0.47998828
0.48163638
0.48329714
0.48496810
0.48665196
0.48834622
0.49005231
0.49177173
0.49350190
0.49524564
0.49700040
0.49876758
0.50054884
0.50234139
0.50414830
0.50596678
0.50779849
0.50964493
0.51150334
0.51337689
0.51526272
0.51716393
0.51907772
0.52100575
0.52294964
0.52490658
0.52687824
0.52886629
0.53086782
0.53288621
0.53491837
0.53696769
0.53903115
0.54111052
0.54320765
0.54531944
0.54744774
0.54959267
0.55175447
0.55393511
0.55613130
0.55834675
0.56057811
0.56282741
0.56509662
0.56738240
0.56968671
0.57201171
0.57420009
0.57626343
0.57822710
0.57973748
0.58125383
0.58232629
0.58330524
0.58408231
0.58455032
0.58501524
0.58504987
0.58503252
0.58486724
0.58438146
0.58387923
0.58327657
0.58267319
0.58260268
0.58424908
1.24602342
1.25158679
1.25719106
1.26285481
1.26856077
1.27432752
1.28013790
1.28601074
1.29192829
1.29791009
1.30393791
1.31003165
1.31617296
1.32238185
1.32863963
1.33496702
1.34134483
1.34779418
1.35429537
1.36087012
1.36749852
1.37420225
1.38096142
1.38779831
1.39469218
1.40166605
1.40869868
1.41581368
1.42297804
1.43023837
1.43756151
1.44497168
1.45244682
1.46001172
1.46764374
1.47536814
1.48316205
1.49105108
1.49902463
1.50707102
1.51521719
1.52343893
1.53176343
1.54016626
1.54867518
1.55726492
1.56596434
1.57474756
1.58364403
1.59262729
1.60172737
1.61091757
1.62022853
1.62963295
1.63916218
1.64878821
1.65854347
1.66839910
1.67838848
1.68848217
1.69871426
1.70905471
1.71953833
1.73013461
1.74087930
1.75174105
1.76275671
1.77389407
1.78519094
1.79661453
1.80820358
1.81992447
1.83181715
1.84384727
1.85605574
1.86840737
1.88094437
0.34765092
0.34851468
0.34938344
0.35025585
0.35113332
0.35201451
0.35290012
0.35379091
0.35468549
0.35558534
0.35648903
0.35739735
0.35831100
0.35922861
0.36015168
0.36107877
0.36201066
0.36294809
0.36388963
0.36483684
0.36578825
0.36674464
0.36770678
0.36867321
0.36964554
0.37062219
0.37160406
0.37259191
0.37358424
0.37458265
0.37558484
0.37659317
0.37760776
0.37862703
0.37965262
0.38068298
0.38171893
0.38276136
0.38380867
0.38486257
0.38592142
0.37393269
0.36888486
0.36409211
0.35916919
0.35420415
0.34962225
0.34528458
0.34116891
0.33726454
0.33363354
0.32996729
0.32643223
0.32269108
0.31887239
0.31473845
0.31059653
0.30657640
0.30274400
0.29919568
0.29580277
0.29292929
0.29240912
0.29834366
0.30904132
0.32079753
0.33422929
0.34971154
0.36663812
0.39257640
0.42065117
0.42191646
0.42319036
0.42447096
0.42576036
0.42705661
0.42836076
0.42967394
0.43099415
0.43232355
0.43366012
0.43500498
0.43635929
0.43772098
0.43909225
0.44047108
0.44185859
0.44325596
0.44466108
0.44607627
0.44749939
0.44893160
0.45037413
0.45182484
0.45328605
0.45475560
0.45623472
0.45772466
0.45922318
0.46073273
0.46225104
0.46377939
0.46531910
0.46686786
0.46842816
0.46999770
0.47157779
0.47316980
0.47477135
0.47638375
0.47800717
0.47964165
0.48128867
0.48294574
0.48461556
0.48629564
0.48798743
0.48969236
0.49140790
0.49313685
0.49487665
0.49662876
0.49839473
0.50017190
0.50196320
0.50376594
0.50558168
0.50741202
0.50925416
0.51111120
0.51298040
0.51486331
0.51676154
0.51867235
0.52059889
0.52253824
0.52449208
0.52646214
0.52844554
0.53044546
0.53245902
0.53448790
0.53653389
0.53859401
0.54067165
0.54276377
0.54487211
0.54699856
0.54913825
0.55129820
0.55347353
0.55566603
0.55787778
0.56010538
0.56235266
0.56461620
0.56689811
0.56920034
0.57151949
0.57385945
0.57609749
0.57817453
0.58021367
0.58173633
0.58326316
0.58440065
0.58538848
0.58621550
0.58669084
0.58715916
0.58723277
0.58721727
0.58708173
0.58659029
0.58609390
0.58548665
0.58487874
0.58475387
0.58624256
1.25040865
1.25600243
1.26165533
1.26735044
1.27310622
1.27890539
1.28476691
1.29067302
1.29664314
1.30265927
1.30874097
1.31487012
1.32106674
1.32732201
1.33362687
1.34000194
1.34642804
1.35292637
1.35947740
1.36610258
1.37278211
1.37953806
1.38634992
1.39324033
1.40018857
1.40721762
1.41430628
1.42147803
1.42870009
1.43601906
1.44340158
1.45087230
1.45840883
1.46603608
1.47373140
1.48152018
1.48937929
1.49733484
1.50536311
1.51349080
1.52169383
1.52999926
1.53838253
1.54687178
1.55544150
1.56412053
1.57288301
1.58175826
1.59072018
1.59979844
1.60896635
1.61825478
1.62763619
1.63714194
1.64674425
1.65647519
1.66630626
1.67627060
1.68633878
1.69654477
1.70685863
1.71731532
1.72788417
1.73860085
1.74943411
1.76042068
1.77152836
1.78279507
1.79418790
1.80574548
1.81745303
1.82929468
1.84131050
1.85346603
1.86580265
1.87828481
1.89095509
0.34833258
0.34919974
0.35007194
0.35094780
0.35182804
0.35271341
0.35360256
0.35449690
0.35539508
0.35629779
0.35720584
0.35811782
0.35903516
0.35995650
0.36088258
0.36181417
0.36274987
0.36369115
0.36463657
0.36558691
0.36654299
0.36750332
0.36846945
0.36943993
0.37041551
0.37139705
0.37238300
0.37337500
0.37437150
0.37537256
0.37638056
0.37739322
0.37841213
0.37943575
0.38046491
0.38150048
0.38254091
0.38358784
0.38463968
0.38569734
0.37459525
0.36954576
0.36466944
0.35972083
0.35475901
0.35007605
0.34571376
0.34156367
0.33760229
0.33394900
0.33028015
0.32675400
0.32324073
0.31955531
0.31546584
0.31128523
0.30717635
0.30319262
0.29951334
0.29600987
0.29295582
0.29267740
0.29138479
0.29356700
0.29711267
0.30664191
0.31804967
0.33166790
0.34637302
0.36342233
0.38774058
0.42292088
0.42420086
0.42548761
0.42678219
0.42808571
0.42939615
0.43071571
0.43204233
0.43337718
0.43472135
0.43607280
0.43743375
0.43880218
0.44017917
0.44156593
0.44296035
0.44436473
0.44577691
0.44719809
0.44862950
0.45006895
0.45151883
0.45297691
0.45444447
0.45592272
0.45740944
0.45890707
0.46041337
0.46192956
0.46345699
0.46499336
0.46654114
0.46809804
0.46966535
0.47124445
0.47283298
0.47443348
0.47604233
0.47766340
0.47929683
0.48094016
0.48259613
0.48426223
0.48593986
0.48763049
0.48933157
0.49104595
0.49277100
0.49450821
0.49625909
0.49802104
0.49979693
0.50158411
0.50338411
0.50519854
0.50702465
0.50886548
0.51071823
0.51258451
0.51446599
0.51635981
0.51826918
0.52019113
0.52212745
0.52407980
0.52604520
0.52802700
0.53002214
0.53203249
0.53405970
0.53610086
0.53815925
0.54023188
0.54232055
0.54442716
0.54654843
0.54868633
0.55084103
0.55301267
0.55520332
0.55740958
0.55963522
0.56187695
0.56413668
0.56641644
0.56871295
0.57102996
0.57336408
0.57571733
0.57800746
0.58009833
0.58220249
0.58375090
0.58528841
0.58648789
0.58748472
0.58836436
0.58884513
0.58931887
0.58943009
0.58941835
0.58931303
0.58881783
0.58832353
0.58771169
0.58709913
0.58691907
0.58830214
1.25482476
1.26045823
1.26615143
1.27188730
1.27768445
1.28352559
1.28942955
1.29537868
1.30139256
1.30745292
1.31357956
1.31975424
1.32599711
1.33228922
1.33865154
1.34506464
1.35154986
1.35808754
1.36469913
1.37136495
1.37810683
1.38490462
1.39178061
1.39871418
1.40572846
1.41280210
1.41995859
1.42716515
1.43446827
1.44183493
1.44928944
1.45680940
1.46441996
1.47209823
1.47986972
1.48771131
1.49564898
1.50365913
1.51176846
1.51995265
1.52823901
1.53660309
1.54507256
1.55363595
1.56228101
1.57103670
1.57987714
1.58883166
1.59787405
1.60703444
1.61628580
1.62565911
1.63512683
1.64472055
1.65441215
1.66423428
1.67415798
1.68421662
1.69438076
1.70468462
1.71509814
1.72565627
1.73632836
1.74715030
1.75809073
1.76918662
1.78040564
1.79178584
1.80329418
1.81496990
1.82677901
1.83876181
1.85088348
1.86318564
1.87563276
1.88826716
1.90105271
0.34901625
0.34988752
0.35076246
0.35164246
0.35252622
0.35341442
0.35430780
0.35520500
0.35610747
0.35701385
0.35792482
0.35884118
0.35976154
0.36068735
0.36161721
0.36255187
0.36349210
0.36443648
0.36538655
0.36634082
0.36730009
0.36826515
0.36923453
0.37020981
0.37118948
0.37217513
0.37316522
0.37416062
0.37516132
0.37616742
0.37717891
0.37819666
0.37921911
0.38024792
0.38128150
0.38232070
0.38336644
0.38441706
0.38547432
0.37527761
0.37021676
0.36534980
0.36033103
0.35530213
0.35054141
0.34613594
0.34194422
0.33793557
0.33427387
0.33062679
0.32705301
0.32355389
0.32002699
0.31610054
0.31195077
0.30771482
0.30368349
0.29992566
0.29640025
0.29309377
0.29269329
0.28954905
0.29083726
0.29284593
0.29483610
0.29710475
0.30484641
0.31562972
0.32894471
0.34344983
0.36048281
0.38333589
0.42521521
0.42650917
0.42780998
0.42911977
0.43043658
0.43176147
0.43309563
0.43443698
0.43578669
0.43714586
0.43851247
0.43988872
0.44127256
0.44266623
0.44406763
0.44547790
0.44689831
0.44832668
0.44976419
0.45121211
0.45266822
0.45413491
0.45560998
0.45709583
0.45859024
0.46009442
0.46160972
0.46313384
0.46466804
0.46621364
0.46776837
0.46933472
0.47091034
0.47249785
0.47409484
0.47570136
0.47732139
0.47895122
0.48059216
0.48224574
0.48390940
0.48558593
0.48727274
0.48897269
0.49068317
0.49240568
0.49414167
0.49588859
0.49764788
0.49942112
0.50120562
0.50300431
0.50481457
0.50663936
0.50847590
0.51032579
0.51219070
0.51406777
0.51595873
0.51786506
0.51978409
0.52171886
0.52366656
0.52563041
0.52760750
0.52959955
0.53160822
0.53363061
0.53566849
0.53772360
0.53979284
0.54187977
0.54398125
0.54610074
0.54823345
0.55038458
0.55255437
0.55473959
0.55694216
0.55916405
0.56140202
0.56365973
0.56593382
0.56822824
0.57053941
0.57286954
0.57522064
0.57758921
0.57992822
0.58203304
0.58415323
0.58577377
0.58732575
0.58858812
0.58959603
0.59053099
0.59101337
0.59149450
0.59164590
0.59163409
0.59156132
0.59106243
0.59056628
0.58995557
0.58933836
0.58910239
0.59040368
1.25926340
1.26494575
1.27067065
1.27645671
1.28228652
1.28817916
1.29411674
1.30011880
1.30616724
1.31228197
1.31844437
1.32467473
1.33095443
1.33730388
1.34370410
1.35017610
1.35670042
1.36329865
1.36996126
1.37667859
1.38347304
1.39032388
1.39725399
1.40424240
1.41131222
1.41844237
1.42564487
1.43292093
1.44028330
1.44770992
1.45522535
1.46280730
1.47048080
1.47822297
1.48605943
1.49396694
1.50197172
1.51004994
1.51822841
1.52648294
1.53484094
1.54327750
1.55182087
1.56044579
1.56918085
1.57800031
1.58693361
1.59595430
1.60509264
1.61432159
1.62367213
1.63311660
1.64268672
1.65235436
1.66215193
1.67205071
1.68208396
1.69222236
1.70249987
1.71288657
1.72341740
1.73406172
1.74485540
1.75576699
1.76683342
1.77802253
1.78937221
1.80084956
1.81249344
1.82427025
1.83622003
1.84830821
1.86057603
1.87298810
1.88558686
1.89835632
1.91127932
0.34970328
0.35057798
0.35145640
0.35233921
0.35322714
0.35411888
0.35501584
0.35591665
0.35682204
0.35773277
0.35864744
0.35956749
0.36049157
0.36142042
0.36235479
0.36329329
0.36423737
0.36518565
0.36613888
0.36709782
0.36806107
0.36903015
0.37000358
0.37098214
0.37196669
0.37295568
0.37395075
0.37495035
0.37595448
0.37696564
0.37798142
0.37900352
0.38003033
0.38106275
0.38210160
0.38314530
0.38419554
0.38525072
0.38631174
0.37084845
0.36603194
0.36095211
0.35585830
0.35103568
0.34657466
0.34233156
0.33829010
0.33457357
0.33095625
0.32735795
0.32384586
0.32035011
0.31658348
0.31251490
0.30826262
0.30418429
0.30040094
0.29686591
0.29356167
0.29259610
0.29257396
0.28874025
0.29036331
0.29212549
0.29402766
0.29618570
0.29821971
0.30341020
0.31345981
0.32588124
0.34066027
0.35779315
0.37977898
0.42753458
0.42884269
0.43015781
0.43148205
0.43281341
0.43415302
0.43550202
0.43685833
0.43822423
0.43959758
0.44097957
0.44237140
0.44377092
0.44518045
0.44659781
0.44802424
0.44946095
0.45090577
0.45236105
0.45382461
0.45529765
0.45678148
0.45827380
0.45977712
0.46128914
0.46281111
0.46434438
0.46588665
0.46744040
0.46900332
0.47057670
0.47216198
0.47375667
0.47536218
0.47697860
0.47860608
0.48024598
0.48189586
0.48355842
0.48523116
0.48691553
0.48861298
0.49032095
0.49204224
0.49377432
0.49551862
0.49727669
0.49904585
0.50082910
0.50262368
0.50443119
0.50625318
0.50808692
0.50993544
0.51179606
0.51367021
0.51555967
0.51746160
0.51937914
0.52130938
0.52325404
0.52521479
0.52718872
0.52917916
0.53118306
0.53320223
0.53523844
0.53728861
0.53935617
0.54143804
0.54353607
0.54565209
0.54778296
0.54993057
0.55209506
0.55427665
0.55647731
0.55869371
0.56092966
0.56318176
0.56545204
0.56774253
0.57004976
0.57237768
0.57472289
0.57708734
0.57947326
0.58186185
0.58398265
0.58611709
0.58781260
0.58937937
0.59070539
0.59172064
0.59271169
0.59319758
0.59368628
0.59387642
0.59386450
0.59382689
0.59332412
0.59282219
0.59221476
0.59159279
0.59129995
0.59251833
1.26374245
1.26946545
1.27523136
1.28105915
1.28693116
1.29286659
1.29884768
1.30489373
1.31098688
1.31714678
1.32335508
1.32963216
1.33595896
1.34235644
1.34880519
1.35532653
1.36190093
1.36854982
1.37525344
1.38203371
1.38887024
1.39578581
1.40275955
1.40981448
1.41692936
1.42411649
1.43137693
1.43872333
1.44613385
1.45363295
1.46119821
1.46885478
1.47657979
1.48439884
1.49228859
1.50027537
1.50833523
1.51649523
1.52473080
1.53306949
1.54148662
1.55001020
1.55861485
1.56732941
1.57612801
1.58504009
1.59403920
1.60315561
1.61236215
1.62168992
1.63112617
1.64065778
1.65031683
1.66007471
1.66996431
1.67995667
1.69008541
1.70032072
1.71069717
1.72118437
1.73181796
1.74256659
1.75346673
1.76448655
1.77566361
1.78696513
1.79842961
1.81002378
1.82178712
1.83368540
1.84575915
1.85797369
1.87037063
1.88291419
1.89564729
1.90853322
1.92161644
0.35039306
0.35127053
0.35215309
0.35303941
0.35393089
0.35482618
0.35572603
0.35663116
0.35754019
0.35845459
0.35937294
0.36029604
0.36122459
0.36215723
0.36309543
0.36403775
0.36498496
0.36593789
0.36689505
0.36785799
0.36882523
0.36979759
0.37077582
0.37175849
0.37274715
0.37374032
0.37473878
0.37574261
0.37675181
0.37776724
0.37878737
0.37981302
0.38084507
0.38188189
0.38292521
0.38397342
0.38502741
0.38608801
0.37143502
0.36662376
0.36160472
0.35645333
0.35153344
0.34698272
0.34271780
0.33864599
0.33491790
0.33127040
0.32762244
0.32412124
0.32068947
0.31700972
0.31303480
0.30882955
0.30469665
0.30088434
0.29736283
0.29410005
0.29249129
0.29249415
0.28738976
0.28830999
0.28989753
0.29158619
0.29336184
0.29540026
0.29738420
0.29941964
0.30216995
0.31142685
0.32333350
0.33783230
0.35472366
0.37640128
0.42988044
0.43120193
0.43253157
0.43387046
0.43521664
0.43657225
0.43793526
0.43930683
0.44068807
0.44207695
0.44347572
0.44488224
0.44629773
0.44772336
0.44915703
0.45060101
0.45205319
0.45351472
0.45498693
0.45646754
0.45795900
0.45945907
0.46096897
0.46249005
0.46401998
0.46556130
0.46711165
0.46867236
0.47024480
0.47182655
0.47342023
0.47502220
0.47663632
0.47826272
0.47989899
0.48154777
0.48320663
0.48487693
0.48656017
0.48825380
0.48996058
0.49167800
0.49340752
0.49515060
0.49690464
0.49867257
0.50045174
0.50224364
0.50404978
0.50586760
0.50769997
0.50954425
0.51140195
0.51327473
0.51515985
0.51706028
0.51897329
0.52090055
0.52284366
0.52479982
0.52677220
0.52875787
0.53075862
0.53277612
0.53480744
0.53685594
0.53891850
0.54099703
0.54309332
0.54520422
0.54733324
0.54947561
0.55163652
0.55381620
0.55601144
0.55822593
0.56045634
0.56270462
0.56497288
0.56725764
0.56956273
0.57188487
0.57422602
0.57658827
0.57896811
0.58136964
0.58378923
0.58594346
0.58809417
0.58986568
0.59144342
0.59283799
0.59385860
0.59488463
0.59540004
0.59589034
0.59612381
0.59611386
0.59610188
0.59560323
0.59509748
0.59449130
0.59386450
0.59351403
0.59465015
1.26825345
1.27400839
1.27982497
1.28568566
1.29160953
1.29757893
1.30361319
1.30969429
1.31584215
1.32203805
1.32830262
1.33461678
1.34100127
1.34743702
1.35394514
1.36050606
1.36714137
1.37383103
1.38059735
1.38741970
1.39432073
1.40127981
1.40831983
1.41541958
1.42259145
1.42983627
1.43716681
1.44457293
1.45204401
1.45960474
1.46723247
1.47495258
1.48274195
1.49062657
1.49858284
1.50663733
1.51476586
1.52299571
1.53130233
1.53971326
1.54820371
1.55680192
1.56548238
1.57427406
1.58315110
1.59214294
1.60122311
1.61042202
1.61971259
1.62912583
1.63863397
1.64826906
1.65800273
1.66786766
1.67783475
1.68793786
1.69814706
1.70849693
1.71895719
1.72956312
1.74028361
1.75115514
1.76214600
1.77329326
1.78456450
1.79599810
1.80756092
1.81929207
1.83115768
1.84319806
1.85537863
1.86774087
1.88024902
1.89294589
1.90579510
1.91884065
1.93204498
0.35108554
0.35196647
0.35285184
0.35374239
0.35463673
0.35553631
0.35643977
0.35734853
0.35826123
0.35917860
0.36010143
0.36102825
0.36195984
0.36289704
0.36383832
0.36478525
0.36573640
0.36669326
0.36765438
0.36862054
0.36959258
0.37056896
0.37155053
0.37253809
0.37353015
0.37452826
0.37553015
0.37653902
0.37755251
0.37857148
0.37959677
0.38062680
0.38166326
0.38270459
0.38375157
0.38480517
0.38586369
0.38692892
0.36708647
0.36222872
0.35709119
0.35209247
0.34743714
0.34309763
0.33900845
0.33523327
0.33149123
0.32793811
0.32437345
0.32097280
0.31741050
0.31351668
0.30931735
0.30524161
0.30134889
0.29785144
0.29469407
0.29243314
0.29241487
0.29249129
0.28639975
0.28790665
0.28948313
0.29113266
0.29282618
0.29472822
0.29666948
0.29865953
0.30064496
0.30268684
0.30939910
0.32107180
0.33522570
0.35100177
0.37378821
0.43225113
0.43358725
0.43493271
0.43628550
0.43764672
0.43901753
0.44039589
0.44178402
0.44317982
0.44458446
0.44599918
0.44742176
0.44885463
0.45029554
0.45174572
0.45320642
0.45467547
0.45615521
0.45764348
0.45914146
0.46065047
0.46216825
0.46369725
0.46523520
0.46678337
0.46834314
0.46991208
0.47149286
0.47308305
0.47468400
0.47629580
0.47791860
0.47955379
0.48119891
0.48285535
0.48452455
0.48620400
0.48789647
0.48959941
0.49131429
0.49304262
0.49478173
0.49653456
0.49829847
0.50007492
0.50186551
0.50366759
0.50548404
0.50731224
0.50915366
0.51100999
0.51287842
0.51476204
0.51665807
0.51856810
0.52049387
0.52243239
0.52438700
0.52635473
0.52833730
0.53033638
0.53234911
0.53437877
0.53642237
0.53848159
0.54055840
0.54264957
0.54475868
0.54688257
0.54902142
0.55118042
0.55335480
0.55554813
0.55775714
0.55998379
0.56223011
0.56449270
0.56677538
0.56907475
0.57139289
0.57373184
0.57608813
0.57846576
0.58086121
0.58327657
0.58571398
0.58791745
0.59008271
0.59193313
0.59351403
0.59495622
0.59597212
0.59699351
0.59753460
0.59802246
0.59827769
0.59826767
0.59825963
0.59778947
0.59729803
0.59671533
0.59610587
0.59572285
0.59678739
1.27279675
1.27859306
1.28445172
1.29035497
1.29632211
1.30233514
1.30841386
1.31454003
1.32073343
1.32697570
1.33328724
1.33964896
1.34608185
1.35256660
1.35912442
1.36573577
1.37242234
1.37916398
1.38598287
1.39285874
1.39981425
1.40682828
1.41392434
1.42108095
1.42831028
1.43561363
1.44300377
1.45045853
1.45800269
1.46561360
1.47331667
1.48108876
1.48895574
1.49689424
1.50493038
1.51304054
1.52125156
1.52953911
1.53793073
1.54640138
1.55497956
1.56363964
1.57241058
1.58126652
1.59023690
1.59929538
1.60847211
1.61774004
1.62713027
1.63661516
1.64622641
1.65593588
1.66577613
1.67571831
1.68579578
1.69597900
1.70630240
1.71673572
1.72731411
1.73800671
1.74884975
1.75982893
1.77092910
1.78218818
1.79357314
1.80512297
1.81680381
1.82865572
1.84064412
1.85281014
1.86511838
1.87761116
1.89025235
1.90308523
1.91607285
1.92926002
1.94260859
0.35178006
0.35266519
0.35355410
0.35444820
0.35534611
0.35624859
0.35715640
0.35806811
0.35898522
0.35990629
0.36083212
0.36176345
0.36269885
0.36363986
0.36458504
0.36553511
0.36649093
0.36745098
0.36841685
0.36938703
0.37036234
0.37134358
0.37232926
0.37332097
0.37431720
0.37531796
0.37632567
0.37733802
0.37835664
0.37937993
0.38040879
0.38144410
0.38248420
0.38353083
0.38458234
0.38563967
0.38670364
0.38777268
0.36285338
0.35774857
0.35270292
0.34794447
0.34352472
0.33937946
0.33553344
0.33181009
0.32816061
0.32472140
0.32124621
0.31779754
0.31394133
0.30976036
0.30576280
0.30180568
0.29829118
0.29517296
0.29251435
0.29231739
0.29240960
0.29248887
0.28599802
0.28752249
0.28908727
0.29072231
0.29238942
0.29410395
0.29599658
0.29794917
0.29992414
0.30192137
0.30392772
0.30714351
0.31831527
0.33218411
0.34823307
0.37083608
0.43464810
0.43599910
0.43735960
0.43872756
0.44010517
0.44149035
0.44288430
0.44428819
0.44569987
0.44712171
0.44855148
0.44999045
0.45143983
0.45289740
0.45436558
0.45584217
0.45732835
0.45882547
0.46033120
0.46184805
0.46337375
0.46490955
0.46645677
0.46801311
0.46958110
0.47115839
0.47274631
0.47434625
0.47595450
0.47757626
0.47920778
0.48085052
0.48250589
0.48417133
0.48584968
0.48753834
0.48923880
0.49095249
0.49267688
0.49441481
0.49616364
0.49792489
0.49970010
0.50148660
0.50328737
0.50509965
0.50692505
0.50876510
0.51061714
0.51248270
0.51436341
0.51625651
0.51816505
0.52008629
0.52202332
0.52397335
0.52593797
0.52791893
0.52991331
0.53192276
0.53394920
0.53598946
0.53804702
0.54011881
0.54220825
0.54431224
0.54643267
0.54856968
0.55072343
0.55289418
0.55508381
0.55728918
0.55951381
0.56175458
0.56401509
0.56629211
0.56858760
0.57090360
0.57323670
0.57558888
0.57796240
0.58035368
0.58276671
0.58519793
0.58765155
0.58990669
0.59207880
0.59398341
0.59556937
0.59705162
0.59807867
0.59910530
0.59967852
0.60016984
0.60044312
0.60043705
0.60042697
0.59996551
0.59947050
0.59888560
0.59827167
0.59787381
0.59892589
1.27736354
1.28321099
1.28910267
1.29505825
1.30105960
1.30712640
1.31324041
1.31942165
1.32565141
1.33195031
1.33829927
1.34471917
1.35119081
1.35773528
1.36433303
1.37100589
1.37773347
1.38453829
1.39139986
1.39834070
1.40533996
1.41242087
1.41956222
1.42677617
1.43406379
1.44143796
1.44887650
1.45640421
1.46399844
1.47168446
1.47943926
1.48728871
1.49522185
1.50322747
1.51133204
1.51951146
1.52779305
1.53615224
1.54461670
1.55316138
1.56181490
1.57055151
1.57940042
1.58833551
1.59738660
1.60652685
1.61578703
1.62513971
1.63461626
1.64418888
1.65388954
1.66368985
1.67362273
1.68365908
1.69383264
1.70411348
1.71453643
1.72507095
1.73575270
1.74655032
1.75750053
1.76857138
1.77980030
1.79115474
1.80267334
1.81432247
1.82614183
1.83809721
1.85022938
1.86250341
1.87496102
1.88756633
1.90036273
1.91331315
1.92646205
1.93977189
1.95328844
0.35247803
0.35336670
0.35425913
0.35515609
0.35605833
0.35696444
0.35787588
0.35879129
0.35971138
0.36063692
0.36156651
0.36250165
0.36344090
0.36438501
0.36533481
0.36628881
0.36724856
0.36821258
0.36918169
0.37015671
0.37113607
0.37212142
0.37311125
0.37410635
0.37510678
0.37611258
0.37712458
0.37814122
0.37916335
0.38019186
0.38122514
0.38226488
0.38330948
0.38435981
0.38541672
0.38647863
0.38754725
0.38862097
0.35846180
0.35339475
0.34855151
0.34402001
0.33979604
0.33587343
0.33216673
0.32848278
0.32501546
0.32154506
0.31814232
0.31435660
0.31023273
0.30623779
0.30229002
0.29872218
0.29556507
0.29285508
0.29222429
0.29231307
0.29241008
0.28418803
0.28563732
0.28715098
0.28871638
0.29033017
0.29198414
0.29366145
0.29542869
0.29727492
0.29922485
0.30120510
0.30318746
0.30521229
0.30745915
0.31564820
0.32950920
0.34497139
0.36757389
0.43707180
0.43843794
0.43981373
0.44119710
0.44259027
0.44399118
0.44540098
0.44682091
0.44824877
0.44968691
0.45113319
0.45258880
0.45405498
0.45552951
0.45701486
0.45850873
0.46001238
0.46152714
0.46305069
0.46458557
0.46612942
0.46768355
0.46924934
0.47082442
0.47241133
0.47400773
0.47561368
0.47723308
0.47886229
0.48050395
0.48215562
0.48381865
0.48549452
0.48718074
0.48888001
0.49058986
0.49231169
0.49404705
0.49579328
0.49755329
0.49932444
0.50110823
0.50290626
0.50471580
0.50653988
0.50837570
0.51022488
0.51208901
0.51396537
0.51585704
0.51776111
0.51967937
0.52161336
0.52356029
0.52552336
0.52749962
0.52949244
0.53149873
0.53352028
0.53555888
0.53761148
0.53967994
0.54176599
0.54386657
0.54598516
0.54811692
0.55026889
0.55243599
0.55462033
0.55682367
0.55904287
0.56127983
0.56353658
0.56580973
0.56810308
0.57041329
0.57274234
0.57509238
0.57745993
0.57984889
0.58225584
0.58468282
0.58713204
0.58959997
0.59189379
0.59408253
0.59603798
0.59763694
0.59916174
0.60019815
0.60123408
0.60183579
0.60233271
0.60262638
0.60262024
0.60261208
0.60215747
0.60165882
0.60107166
0.60045326
0.60003835
0.60108185
1.28197253
1.28785300
1.29379690
1.29978657
1.30584145
1.31194341
1.31811237
1.32433963
1.33061612
1.33696234
1.34335935
1.34982800
1.35634899
1.36294365
1.36959231
1.37631679
1.38309681
1.38995481
1.39687026
1.40386581
1.41092074
1.41805816
1.42524540
1.43252885
1.43987548
1.44730973
1.45480919
1.46239877
1.47005582
1.47780573
1.48562539
1.49354076
1.50152826
1.50961447
1.51777530
1.52603793
1.53437781
1.54282272
1.55134761
1.55998087
1.56869686
1.57752490
1.58643866
1.59546793
1.60458624
1.61382401
1.62315392
1.63260734
1.64215624
1.65183294
1.66160882
1.67151690
1.68152785
1.69167554
1.70193017
1.71232629
1.72283363
1.73348761
1.74425697
1.75517845
1.76621985
1.77741897
1.78874290
1.80023026
1.81184781
1.82363486
1.83557630
1.84765589
1.85991502
1.87231827
1.88490796
1.89764798
1.91058183
1.92367232
1.93696463
1.95042050
1.96408629
0.35317880
0.35407028
0.35496700
0.35586756
0.35677269
0.35768315
0.35859758
0.35951740
0.36044121
0.36137053
0.36230391
0.36324212
0.36418596
0.36513397
0.36608690
0.36704561
0.36800858
0.36897737
0.36995053
0.37092957
0.37191308
0.37290177
0.37389654
0.37489584
0.37590051
0.37691057
0.37792605
0.37894785
0.37997437
0.38100728
0.38204500
0.38308838
0.38413832
0.38519320
0.38625473
0.38732126
0.38839373
0.38947299
0.35437691
0.34921071
0.34460810
0.34028909
0.33624774
0.33237141
0.32881287
0.32533625
0.32186368
0.31845820
0.31477129
0.31071255
0.30670056
0.30273625
0.29914185
0.29596165
0.29320240
0.29214278
0.29223007
0.29232699
0.29242399
0.28380787
0.28528664
0.28680491
0.28835437
0.28996646
0.29162920
0.29328114
0.29500663
0.29676741
0.29859090
0.30050439
0.30246723
0.30444753
0.30649406
0.30860841
0.31328657
0.32647115
0.34184900
0.43814978
0.43952268
0.44090530
0.44229555
0.44369459
0.44510362
0.44652051
0.44794759
0.44938266
0.45082697
0.45228174
0.45374480
0.45521849
0.45670059
0.45819241
0.45969519
0.46120667
0.46272931
0.46426082
0.46580252
0.46735570
0.46891806
0.47049212
0.47207555
0.47366968
0.47527459
0.47689044
0.47851858
0.48015660
0.48180586
0.48346779
0.48513991
0.48682499
0.48852044
0.49022776
0.49194843
0.49367982
0.49542484
0.49718085
0.49894935
0.50073189
0.50252575
0.50433397
0.50615382
0.50798684
0.50983471
0.51169449
0.51356947
0.51545668
0.51735783
0.51927459
0.52120405
0.52314943
0.52510786
0.52708101
0.52907062
0.53107375
0.53309363
0.53512740
0.53717673
0.53924340
0.54132444
0.54342324
0.54553670
0.54766667
0.54981333
0.55197692
0.55415928
0.55635726
0.55857277
0.56080770
0.56305885
0.56532991
0.56761760
0.56992382
0.57225072
0.57459486
0.57696015
0.57934314
0.58174586
0.58417046
0.58661348
0.58907896
0.59156328
0.59389621
0.59609789
0.59810680
0.59972095
0.60128689
0.60233271
0.60337603
0.60400665
0.60451126
0.60482347
0.60482138
0.60481113
0.60436553
0.60386527
0.60327584
0.60265082
0.60221863
0.60325128
1.28661489
1.29253805
1.29852545
1.30455911
1.31065869
1.31680584
1.32302070
1.32928455
1.33561814
1.34200215
1.34845781
1.35496545
1.36154675
1.36818171
1.37489223
1.38165820
1.38850188
1.39540291
1.40238380
1.40942371
1.41654599
1.42371786
1.43098569
1.43831646
1.44573450
1.45321763
1.46079051
1.46843076
1.47616351
1.48396575
1.49186337
1.49983299
1.50790083
1.51604319
1.52428687
1.53260756
1.54103291
1.54953790
1.55815101
1.56684661
1.57565367
1.58456039
1.59355402
1.60266483
1.61186576
1.62118769
1.63060319
1.64014387
1.64978147
1.65954852
1.66941619
1.67941785
1.68952394
1.69976866
1.71012199
1.72061872
1.73122835
1.74198675
1.75286233
1.76389205
1.77504385
1.78635538
1.79779387
1.80939829
1.82113469
1.83304334
1.84508955
1.85731459
1.86968303
1.88223720
1.89494097
1.90783775
1.92089057
1.93414438
1.94756091
1.96118653
1.97498226
0.35388234
0.35477740
0.35567698
0.35658187
0.35749066
0.35840479
0.35932291
0.36024570
0.36117402
0.36210638
0.36304432
0.36398637
0.36493334
0.36588600
0.36684290
0.36780554
0.36877251
0.36974457
0.37072253
0.37170494
0.37269330
0.37368619
0.37468436
0.37568787
0.37669680
0.37771195
0.37873176
0.37975711
0.38078883
0.38182539
0.38286838
0.38391629
0.38496995
0.38603023
0.38709554
0.38816759
0.38924474
0.39032787
0.39141792
0.34549299
0.34096697
0.33672163
0.33273485
0.32908580
0.32557428
0.32211646
0.31872508
0.31516978
0.31119055
0.30719438
0.30318537
0.29953805
0.29630110
0.29352149
0.29207277
0.29214901
0.29224733
0.29234573
0.28206745
0.28347117
0.28495461
0.28647026
0.28802449
0.28961688
0.29127273
0.29293218
0.29461896
0.29636472
0.29813030
0.29993576
0.30179697
0.30375552
0.30574545
0.30781060
0.30995131
0.31236026
0.32357329
0.33884519
0.44061282
0.44200122
0.44339949
0.44480553
0.44622165
0.44764569
0.44907883
0.45052233
0.45197397
0.45343617
0.45490670
0.45638680
0.45787773
0.45937726
0.46088782
0.46240714
0.46393654
0.46547729
0.46702710
0.46858847
0.47015908
0.47174028
0.47333339
0.47493476
0.47654957
0.47817409
0.47980973
0.48145789
0.48311612
0.48478714
0.48646840
0.48816139
0.48986754
0.49158430
0.49331453
0.49505559
0.49680895
0.49857619
0.50035465
0.50214726
0.50395131
0.50576842
0.50760007
0.50944364
0.51130205
0.51317263
0.51505697
0.51695669
0.51886892
0.52079690
0.52273774
0.52469307
0.52666467
0.52864951
0.53065103
0.53266615
0.53469658
0.53674424
0.53880596
0.54088527
0.54297900
0.54508901
0.54721713
0.54935861
0.55152029
0.55369735
0.55589163
0.55810517
0.56033462
0.56258368
0.56484914
0.56713289
0.56943703
0.57175815
0.57410008
0.57645941
0.57883823
0.58123863
0.58365715
0.58609778
0.58855700
0.59103692
0.59353977
0.59591031
0.59812891
0.60019010
0.60181749
0.60342717
0.60448045
0.60553533
0.60619527
0.60670561
0.60703868
0.60703456
0.60702837
0.60659188
0.60608584
0.60549414
0.60486454
0.60441476
0.60543650
1.29128158
1.29725742
1.30327916
1.30936670
1.31550169
1.32170427
1.32795572
1.33427656
1.34064782
1.34709036
1.35358477
1.36015260
1.36677396
1.37347066
1.38023329
1.38705206
1.39394951
1.40090489
1.40794110
1.41503704
1.42220497
1.42944586
1.43677247
1.44416273
1.45164144
1.45918596
1.46682131
1.47452486
1.48232210
1.49018979
1.49815404
1.50619113
1.51432776
1.52253973
1.53085458
1.53924727
1.54774594
1.55632544
1.56501436
1.57378697
1.58267248
1.59164464
1.60073352
1.60991228
1.61921167
1.62860405
1.63812125
1.64773512
1.65747786
1.66732085
1.67729723
1.68737781
1.69759643
1.70792317
1.71839297
1.72897506
1.73970532
1.75055242
1.76155305
1.77267516
1.78395641
1.79536414
1.80693698
1.81864142
1.83051741
1.84253037
1.85472131
1.86705518
1.87957394
1.89224160
1.90510166
1.91813767
1.93133235
1.94473100
1.95829535
1.97207212
1.98602188
0.35458800
0.35548735
0.35639054
0.35729906
0.35821149
0.35912859
0.36005116
0.36097774
0.36190981
0.36284599
0.36378703
0.36473370
0.36568454
0.36664113
0.36760199
0.36856788
0.36953962
0.37051573
0.37149781
0.37248430
0.37347606
0.37447390
0.37547550
0.37648407
0.37749726
0.37851593
0.37954092
0.38057065
0.38160682
0.38264781
0.38369450
0.38474777
0.38580599
0.38687089
0.38794085
0.38901675
0.39009947
0.39118740
0.39228225
0.34184834
0.33735597
0.33321199
0.32939333
0.32581264
0.32234570
0.31896037
0.31546637
0.31165639
0.30765417
0.30364671
0.29991454
0.29664180
0.29382914
0.29202199
0.29208380
0.29217443
0.29227179
0.29238126
0.28168714
0.28315371
0.28464386
0.28616264
0.28771630
0.28931046
0.29094660
0.29261100
0.29426974
0.29598674
0.29773188
0.29951081
0.30132186
0.30318022
0.30511448
0.30710217
0.30916908
0.31129286
0.31354704
0.32111177
0.33554673
0.44310370
0.44450787
0.44592208
0.44734418
0.44877654
0.45021695
0.45166662
0.45312682
0.45459536
0.45607457
0.45756230
0.45905975
0.46056822
0.46208546
0.46361393
0.46515131
0.46669891
0.46825811
0.46982652
0.47140670
0.47299629
0.47459665
0.47620788
0.47783008
0.47946465
0.48110917
0.48276499
0.48443356
0.48611239
0.48780420
0.48950651
0.49122074
0.49294838
0.49468687
0.49643901
0.49820223
0.49997941
0.50176793
0.50356925
0.50538504
0.50721246
0.50905317
0.51090878
0.51277649
0.51465935
0.51655459
0.51846540
0.52038884
0.52232665
0.52428043
0.52624738
0.52822912
0.53022742
0.53223926
0.53426808
0.53631085
0.53837085
0.54044515
0.54253548
0.54464370
0.54676670
0.54890627
0.55106270
0.55323613
0.55542850
0.55763656
0.55986404
0.56210756
0.56436920
0.56665087
0.56894928
0.57126820
0.57360429
0.57595950
0.57833606
0.58073044
0.58314663
0.58558106
0.58803588
0.59051341
0.59300983
0.59552753
0.59793806
0.60017186
0.60228789
0.60392672
0.60556829
0.60664356
0.60770810
0.60839772
0.60891175
0.60926813
0.60926396
0.60925978
0.60883260
0.60832286
0.60772884
0.60709459
0.60662699
0.60763967
1.29599178
1.30201125
1.30807734
1.31420994
1.32039058
1.32663941
1.33293772
1.33930624
1.34572566
1.35221720
1.35876131
1.36537957
1.37205207
1.37880075
1.38560534
1.39248824
1.39942896
1.40645039
1.41353130
1.42069530
1.42790926
1.43522012
1.44259441
1.45005679
1.45758486
1.46520340
1.47289002
1.48066986
1.48852003
1.49646628
1.50448525
1.51260340
1.52079666
1.52909231
1.53746569
1.54594481
1.55450428
1.56317282
1.57192457
1.58078909
1.58973980
1.59880698
1.60796356
1.61724031
1.62660992
1.63610363
1.64570892
1.65541232
1.66524625
1.67518210
1.68525314
1.69542980
1.70574641
1.71617293
1.72674441
1.73742998
1.74826574
1.75922012
1.77033031
1.78156388
1.79295897
1.80448246
1.81617355
1.82799840
1.83999717
1.85213530
1.86445415
1.87691820
1.88957012
1.90237331
1.91537189
1.92852843
1.94188809
1.95541263
1.96914876
1.98305714
1.99718571
0.35529718
0.35620013
0.35710695
0.35801840
0.35893527
0.35985610
0.36078238
0.36171272
0.36264789
0.36358863
0.36453351
0.36548409
0.36643887
0.36739865
0.36836421
0.36933413
0.37030995
0.37129012
0.37227553
0.37326697
0.37426290
0.37526414
0.37627077
0.37728283
0.37830114
0.37932417
0.38035354
0.38138768
0.38242748
0.38347381
0.38452503
0.38558286
0.38664570
0.38771442
0.38878989
0.38987049
0.39095798
0.39205071
0.39314952
0.33819240
0.33373362
0.32984012
0.32611048
0.32260510
0.31922406
0.31569633
0.31203991
0.30815536
0.30411932
0.30030313
0.29698330
0.29413357
0.29199421
0.29202294
0.29210824
0.29220656
0.29231259
0.27997166
0.28137767
0.28284192
0.28434420
0.28587264
0.28742734
0.28900889
0.29063547
0.29231212
0.29395387
0.29564163
0.29736182
0.29911473
0.30089450
0.30272186
0.30459133
0.30651623
0.30849555
0.31053635
0.31262851
0.31475794
0.31903583
0.33251050
0.44562289
0.44704422
0.44847351
0.44991198
0.45136082
0.45281792
0.45428556
0.45576161
0.45724729
0.45874387
0.46024907
0.46176541
0.46329054
0.46482578
0.46637246
0.46792823
0.46949565
0.47107238
0.47265971
0.47425905
0.47586671
0.47748783
0.47911879
0.48076093
0.48241565
0.48408049
0.48575819
0.48744622
0.48914602
0.49085906
0.49258280
0.49432006
0.49606824
0.49782881
0.49960333
0.50138915
0.50318921
0.50500077
0.50682545
0.50866479
0.51051605
0.51238239
0.51426089
0.51615322
0.51806098
0.51998144
0.52191770
0.52386695
0.52583075
0.52781093
0.52980447
0.53181469
0.53383869
0.53587812
0.53793484
0.54000574
0.54209429
0.54419744
0.54631692
0.54845303
0.55060589
0.55277741
0.55496442
0.55716878
0.55939251
0.56163228
0.56389183
0.56616783
0.56846231
0.57077730
0.57310933
0.57546240
0.57783294
0.58022314
0.58263505
0.58506525
0.58751768
0.58998883
0.59248084
0.59499604
0.59753060
0.59997970
0.60223085
0.60440040
0.60605079
0.60770810
0.60882217
0.60989648
0.61061829
0.61113614
0.61151403
0.61151195
0.61150771
0.61108994
0.61057639
0.60998011
0.60934114
0.60885757
0.60985678
1.30073643
1.30679059
1.31291103
1.31907940
1.32531583
1.33160162
1.33795726
1.34436381
1.35084212
1.35737288
1.36397767
1.37063634
1.37737107
1.38416147
1.39103019
1.39795625
1.40496290
1.41202879
1.41917741
1.42637599
1.43367112
1.44104123
1.44847560
1.45599914
1.46358907
1.47127080
1.47902131
1.48686624
1.49478245
1.50279593
1.51088297
1.51907063
1.52733421
1.53570163
1.54414773
1.55270076
1.56133544
1.57008052
1.57891011
1.58785379
1.59688497
1.60603404
1.61527383
1.62463534
1.63409102
1.64367259
1.65335190
1.66316140
1.67307222
1.68311775
1.69326866
1.70355892
1.71395862
1.72450268
1.73516047
1.74596786
1.75689340
1.76797414
1.77917767
1.79054224
1.80203462
1.81369388
1.82548630
1.83745205
1.84955657
1.86184096
1.87426996
1.88688612
1.89965284
1.91261411
1.92573261
1.93905354
1.95253849
1.96623409
1.98010111
1.99418747
2.00847578
0.35600919
0.35691506
0.35782626
0.35874140
0.35966122
0.36058652
0.36151585
0.36245072
0.36338970
0.36433354
0.36528307
0.36623681
0.36719629
0.36816004
0.36912888
0.37010360
0.37108269
0.37206778
0.37305731
0.37405211
0.37505224
0.37605774
0.37706944
0.37808579
0.37910846
0.38013583
0.38116881
0.38220826
0.38325253
0.38430253
0.38535914
0.38642076
0.38748905
0.38856244
0.38964263
0.39072800
0.39181942
0.39291784
0.39402154
0.39513147
0.33037457
0.32651666
0.32290298
0.31941137
0.31599897
0.31239313
0.30858380
0.30457360
0.30070797
0.29732558
0.29445568
0.29199997
0.29196498
0.29204452
0.29214516
0.29225165
0.29236349
0.27963167
0.28107819
0.28256175
0.28407738
0.28561118
0.28716117
0.28872901
0.29034343
0.29202726
0.29365465
0.29532281
0.29701945
0.29875025
0.30048612
0.30228591
0.30412713
0.30599460
0.30790269
0.30987144
0.31189504
0.31398287
0.31610054
0.31860927
0.32968131
0.44817090
0.44960853
0.45105430
0.45251057
0.45397508
0.45544910
0.45693392
0.45842725
0.45993155
0.46144459
0.46296760
0.46450192
0.46604520
0.46760002
0.46916401
0.47073850
0.47232485
0.47392064
0.47552726
0.47714484
0.47877342
0.48041448
0.48206550
0.48372924
0.48540318
0.48708874
0.48878738
0.49049658
0.49221912
0.49395245
0.49569800
0.49745736
0.49922782
0.50101233
0.50280827
0.50461709
0.50644040
0.50827551
0.51012546
0.51198739
0.51386303
0.51575387
0.51765722
0.51957619
0.52150792
0.52345407
0.52541631
0.52739179
0.52938378
0.53138924
0.53340995
0.53544772
0.53749949
0.53956866
0.54165220
0.54375190
0.54586965
0.54800051
0.55015153
0.55231774
0.55450112
0.55670351
0.55892175
0.56115955
0.56341350
0.56568563
0.56797802
0.57028717
0.57261705
0.57496423
0.57733065
0.57971859
0.58212441
0.58455223
0.58699846
0.58946520
0.59195477
0.59446347
0.59699553
0.59954721
0.60203528
0.60430193
0.60652781
0.60818565
0.60984427
0.61097878
0.61204809
0.61277711
0.61329436
0.61367708
0.61368132
0.61368555
0.61328381
0.61279190
0.61221862
0.61160439
0.61110252
0.61209017
1.30551589
1.31161475
1.31778061
1.32399487
1.33027804
1.33661103
1.34301472
1.34946990
1.35599768
1.36257851
1.36923409
1.37594438
1.38273144
1.38957500
1.39649761
1.40347850
1.41054058
1.41766286
1.42485750
1.43212545
1.43947959
1.44689798
1.45440495
1.46197832
1.46964312
1.47737634
1.48520386
1.49310231
1.50109768
1.50916648
1.51733541
1.52558017
1.53392828
1.54235482
1.55088806
1.55950248
1.56822693
1.57703567
1.58595800
1.59496760
1.60409462
1.61331201
1.62265086
1.63208342
1.64164138
1.65129662
1.66108167
1.67096770
1.68098795
1.69111300
1.70137703
1.71175003
1.72226691
1.73289692
1.74367607
1.75459015
1.76562417
1.77681565
1.78813195
1.79961145
1.81122088
1.82299984
1.83491397
1.84700406
1.85923517
1.87164891
1.88420963
1.89696038
1.90986431
1.92296576
1.93622720
1.94969416
1.96332800
1.97717595
1.99119830
2.00544357
2.01987123
0.35672408
0.35763359
0.35854772
0.35946730
0.36039087
0.36131990
0.36225304
0.36319098
0.36413455
0.36508229
0.36603573
0.36699340
0.36795607
0.36892462
0.36989748
0.37087625
0.37185946
0.37284788
0.37384236
0.37484136
0.37584573
0.37685549
0.37787071
0.37889218
0.37991840
0.38095102
0.38198844
0.38303152
0.38408113
0.38513571
0.38619691
0.38726312
0.38833526
0.38941419
0.39049828
0.39158928
0.39268553
0.39378792
0.39489743
0.39601231
0.32706922
0.32325423
0.31969076
0.31621960
0.31275046
0.30901933
0.30505380
0.30114496
0.29768607
0.29472676
0.29210201
0.29191184
0.29199660
0.29209819
0.29220128
0.29231164
0.27795407
0.27933371
0.28080595
0.28230318
0.28382057
0.28535205
0.28690523
0.28847119
0.29007089
0.29171953
0.29335120
0.29500175
0.29669619
0.29839468
0.30012691
0.30186710
0.30366847
0.30551508
0.30740127
0.30933404
0.31129450
0.31328988
0.31536579
0.31747729
0.31975392
0.32707343
0.45074821
0.45220247
0.45366499
0.45513818
0.45661977
0.45811224
0.45961329
0.46112421
0.46264634
0.46417728
0.46571842
0.46727106
0.46883285
0.47040635
0.47198918
0.47358400
0.47518706
0.47680229
0.47842985
0.48006725
0.48171589
0.48337722
0.48504871
0.48673314
0.48842797
0.49013597
0.49185464
0.49358538
0.49532971
0.49708503
0.49885425
0.50063473
0.50242788
0.50423545
0.50605458
0.50788832
0.50973397
0.51159304
0.51346725
0.51535374
0.51725560
0.51917011
0.52109879
0.52304339
0.52500105
0.52697492
0.52896214
0.53096443
0.53298354
0.53501642
0.53706652
0.53913075
0.54121089
0.54330879
0.54542136
0.54755211
0.54969621
0.55185884
0.55404031
0.55623734
0.55845356
0.56068581
0.56293601
0.56520605
0.56749272
0.56979978
0.57212383
0.57446694
0.57683116
0.57921302
0.58161658
0.58403826
0.58648014
0.58894449
0.59142768
0.59393388
0.59645939
0.59900653
0.60157752
0.60410506
0.60638112
0.60863483
0.61029589
0.61196601
0.61311692
0.61419374
0.61492997
0.61545092
0.61582989
0.61583632
0.61584055
0.61542535
0.61492997
0.61435062
0.61373210
0.61327326
0.61431670
1.31032097
1.31647468
1.32267666
1.32894719
1.33526742
1.34165823
1.34810030
1.35461485
1.36118233
1.36782420
1.37452066
1.38129365
1.38812292
1.39503109
1.40199721
1.40904438
1.41615152
1.42333078
1.43058312
1.43792140
1.44532371
1.45281434
1.46037114
1.46801901
1.47573519
1.48354518
1.49142587
1.49940336
1.50745392
1.51560426
1.52384317
1.53215909
1.54057944
1.54907942
1.55768740
1.56637776
1.57517958
1.58406687
1.59306908
1.60215998
1.61136961
1.62067115
1.63009548
1.63961506
1.64926171
1.65900719
1.66888404
1.67886341
1.68897891
1.69920075
1.70956349
1.72003686
1.73065615
1.74139023
1.75227571
1.76328051
1.77444220
1.78572822
1.79717684
1.80875480
1.82050145
1.83238292
1.84443951
1.85663652
1.86901557
1.88154089
1.89425528
1.90712237
1.92018604
1.93340909
1.94683671
1.96043050
1.97423744
1.98821807
2.00242043
2.01680470
2.03141999
0.35744110
0.35835502
0.35927284
0.36019543
0.36112347
0.36205557
0.36299324
0.36393502
0.36488172
0.36583412
0.36679071
0.36775312
0.36871982
0.36969236
0.37066928
0.37165138
0.37263948
0.37363207
0.37462994
0.37563318
0.37664178
0.37765664
0.37867618
0.37970203
0.38073266
0.38176888
0.38281158
0.38385916
0.38491333
0.38597247
0.38703746
0.38810918
0.38918599
0.39026967
0.39135855
0.39245349
0.39355546
0.39466277
0.39577720
0.39689705
0.32382643
0.32008338
0.31652606
0.31305298
0.30946901
0.30558851
0.30165070
0.29803947
0.29497927
0.29235148
0.29186255
0.29195255
0.29205456
0.29215714
0.29226315
0.27669203
0.27761421
0.27907184
0.28055146
0.28205091
0.28356826
0.28510797
0.28665942
0.28822362
0.28980973
0.29143870
0.29306531
0.29469600
0.29637113
0.29806492
0.29977360
0.30149385
0.30325770
0.30506584
0.30691049
0.30880919
0.31073910
0.31269607
0.31469172
0.31675136
0.31887010
0.32101449
0.32501844
0.45335647
0.45482650
0.45630607
0.45779648
0.45929545
0.46080551
0.46232429
0.46385312
0.46539333
0.46694255
0.46850339
0.47007343
0.47165403
0.47324654
0.47484860
0.47646153
0.47808546
0.47972050
0.48136806
0.48302567
0.48469606
0.48637670
0.48806903
0.48977455
0.49149066
0.49322021
0.49496058
0.49671331
0.49847987
0.50025761
0.50204957
0.50385290
0.50566930
0.50750023
0.50934303
0.51120079
0.51307058
0.51495415
0.51685309
0.51876456
0.52069175
0.52263182
0.52458638
0.52655715
0.52854121
0.53054190
0.53255618
0.53458577
0.53663260
0.53869343
0.54077184
0.54286474
0.54497385
0.54710108
0.54924166
0.55140239
0.55357850
0.55577362
0.55798441
0.56021291
0.56246102
0.56472552
0.56700826
0.56931138
0.57163143
0.57397234
0.57633060
0.57871026
0.58110774
0.58352512
0.58596468
0.58842272
0.59090149
0.59340322
0.59592426
0.59846878
0.60103315
0.60361952
0.60617459
0.60846633
0.61074609
0.61242080
0.61410260
0.61526793
0.61635232
0.61709380
0.61762267
0.61799788
0.61800647
0.61801076
0.61758196
0.61708093
0.61649537
0.61587250
0.61544240
0.61655945
1.31517124
1.32137072
1.32761896
1.33393657
1.34030461
1.34674382
1.35323501
1.35979939
1.36641717
1.37311041
1.37985885
1.38668478
1.39356756
1.40053010
1.40755141
1.41465473
1.42181873
1.42905569
1.43636668
1.44376457
1.45122719
1.45877934
1.46639848
1.47410977
1.48189020
1.48976576
1.49771285
1.50575793
1.51387703
1.52209711
1.53039384
1.53879488
1.54727507
1.55586302
1.56453300
1.57331395
1.58218014
1.59116089
1.60022986
1.60941744
1.61869621
1.62809765
1.63759387
1.64721668
1.65693784
1.66679001
1.67674422
1.68683410
1.69702995
1.70736623
1.71781254
1.72840428
1.73911047
1.74996734
1.76094306
1.77207506
1.78333092
1.79474866
1.80629528
1.81800997
1.82985878
1.84188211
1.85406446
1.86638951
1.87889946
1.89155793
1.90440869
1.91741443
1.93062007
1.94398761
1.95756316
1.97130775
1.98526883
1.99940658
2.01377010
2.02831817
2.04310155
0.35816175
0.35907862
0.36000091
0.36092722
0.36185905
0.36279497
0.36373574
0.36468214
0.36563271
0.36658904
0.36754960
0.36851522
0.36948669
0.37046254
0.37144431
0.37243053
0.37342200
0.37441954
0.37542087
0.37642914
0.37744203
0.37846041
0.37948510
0.38051453
0.38155037
0.38259107
0.38363746
0.38469040
0.38574830
0.38681290
0.38788253
0.38895810
0.39004049
0.39112809
0.39222261
0.39332241
0.39442840
0.39554152
0.39666003
0.39778578
0.39891705
0.31695777
0.31339690
0.30990058
0.30615142
0.30218688
0.29844171
0.29527286
0.29256049
0.29181758
0.29191664
0.29202342
0.29213029
0.29223773
0.27628833
0.27479932
0.27729502
0.27879778
0.28029567
0.28180131
0.28331956
0.28485748
0.28641173
0.28797790
0.28955799
0.29117411
0.29279533
0.29438752
0.29604876
0.29773587
0.29942515
0.30113935
0.30287948
0.30465963
0.30646241
0.30831015
0.31020680
0.31214496
0.31408703
0.31609213
0.31815311
0.32025501
0.32238483
0.32500479
0.45599395
0.45748115
0.45897925
0.46048602
0.46200269
0.46353060
0.46506745
0.46661574
0.46817315
0.46974096
0.47132057
0.47290960
0.47451064
0.47612000
0.47774160
0.47937557
0.48101944
0.48267597
0.48434260
0.48602080
0.48771200
0.48941365
0.49112859
0.49285421
0.49459201
0.49634349
0.49810603
0.49988255
0.50167036
0.50347096
0.50528604
0.50711274
0.50895423
0.51080763
0.51267457
0.51455671
0.51645118
0.51836121
0.52028388
0.52222091
0.52417392
0.52614003
0.52812254
0.53011847
0.53212953
0.53415745
0.53619933
0.53825855
0.54033196
0.54242140
0.54452872
0.54665083
0.54878950
0.55094504
0.55311751
0.55530894
0.55751604
0.55974257
0.56198514
0.56424576
0.56652641
0.56882381
0.57114172
0.57347673
0.57583100
0.57820648
0.58059973
0.58301485
0.58544815
0.58790189
0.59037822
0.59287357
0.59539205
0.59793001
0.60048974
0.60307348
0.60567755
0.60825843
0.61056596
0.61286992
0.61456060
0.61625421
0.61743414
0.61852831
0.61927503
0.61980760
0.62018120
0.62019199
0.62019634
0.61975366
0.61924917
0.61865515
0.61802793
0.61762697
0.61881644
1.32005763
1.32629347
1.33259845
1.33895361
1.34537983
1.35185778
1.35840881
1.36501312
1.37169254
1.37842703
1.38523865
1.39210713
1.39905500
1.40606153
1.41314983
1.42029846
1.42751992
1.43481517
1.44219708
1.44964349
1.45717907
1.46478140
1.47247577
1.48023891
1.48809683
1.49602616
1.50405300
1.51215374
1.52035511
1.52863276
1.53701437
1.54547501
1.55404282
1.56269240
1.57145274
1.58031189
1.58925724
1.59831882
1.60746980
1.61674094
1.62610459
1.63559258
1.64517665
1.65488899
1.66470122
1.67464626
1.68469489
1.69488084
1.70517457
1.71561050
1.72615826
1.73685348
1.74766493
1.75862920
1.76971424
1.78095782
1.79232705
1.80386066
1.81552529
1.82736039
1.83933175
1.85148036
1.86377096
1.87624562
1.88886833
1.90168238
1.91465080
1.92781830
1.94114697
1.95468259
1.96838665
1.98230624
1.99640179
2.01072192
2.02522588
2.03996396
2.05489445
0.35888532
0.35980588
0.36073193
0.36166200
0.36259690
0.36353737
0.36448202
0.36543229
0.36638680
0.36734632
0.36831164
0.36928126
0.37025678
0.37123671
0.37222183
0.37321296
0.37420860
0.37520957
0.37621590
0.37722766
0.37824568
0.37926838
0.38029745
0.38133132
0.38237080
0.38341680
0.38446772
0.38552523
0.38658777
0.38765615
0.38873130
0.38981158
0.39089873
0.39199114
0.39308962
0.39419520
0.39530608
0.39642417
0.39754769
0.39867762
0.39981484
0.31383395
0.31029871
0.30667889
0.30279961
0.29892737
0.29557291
0.29279244
0.29177883
0.29188791
0.29199997
0.29210871
0.27747917
0.27555397
0.27333674
0.27225769
0.27493003
0.27807868
0.28001437
0.28153789
0.28306502
0.28460518
0.28615758
0.28772652
0.28930670
0.29091713
0.29254463
0.29410830
0.29573792
0.29741302
0.29908809
0.30078721
0.30251247
0.30426750
0.30605245
0.30786756
0.30972263
0.31161383
0.31354320
0.31550160
0.31750676
0.31957251
0.32165372
0.32377872
0.45716625
0.45866230
0.46016699
0.46168277
0.46320733
0.46474326
0.46628815
0.46784335
0.46941021
0.47098637
0.47257313
0.47417188
0.47577894
0.47739950
0.47902983
0.48067263
0.48232546
0.48398966
0.48566672
0.48735413
0.48905328
0.49076569
0.49248877
0.49422535
0.49597287
0.49773416
0.49950659
0.50129169
0.50309104
0.50490195
0.50672585
0.50856453
0.51041508
0.51228064
0.51415837
0.51605147
0.51795697
0.51987666
0.52181214
0.52376056
0.52572513
0.52770293
0.52969569
0.53170508
0.53372824
0.53576845
0.53782266
0.53989273
0.54198045
0.54408264
0.54620296
0.54833645
0.55048841
0.55265898
0.55484504
0.55705023
0.55927122
0.56151003
0.56376863
0.56604362
0.56833887
0.57065099
0.57298201
0.57533401
0.57770354
0.58009458
0.58250350
0.58493257
0.58738393
0.58985394
0.59234679
0.59485883
0.59739226
0.59994936
0.60252643
0.60512775
0.60774958
0.61035448
0.61268008
0.61501074
0.61671323
0.61842090
0.61961347
0.62071973
0.62146956
0.62201029
0.62238002
0.62239087
0.62239742
0.62194073
0.62143266
0.62083226
0.62020063
0.61982703
0.62109226
1.32497060
1.33126295
1.33760536
1.34401858
1.35048342
1.35702109
1.36361194
1.37027764
1.37699819
1.38379562
1.39066064
1.39758313
1.40458596
1.41164804
1.41879284
1.42598748
1.43327868
1.44063294
1.44807506
1.45558238
1.46318007
1.47084534
1.47860360
1.48643172
1.49435568
1.50235200
1.51044714
1.51861703
1.52688885
1.53523803
1.54369247
1.55222690
1.56086993
1.56959593
1.57843411
1.58735824
1.59639800
1.60552704
1.61477554
1.62411654
1.63358116
1.64314163
1.65282989
1.66261768
1.67253768
1.68256092
1.69272113
1.70298851
1.71339774
1.72391820
1.73458552
1.74536872
1.75630403
1.76735973
1.77857327
1.78991199
1.80141449
1.81304729
1.82485008
1.83678854
1.84890342
1.86115968
1.87359929
1.88618624
1.89896381
1.91189516
1.92502463
1.93833554
1.95181060
1.96549594
1.97935247
1.99342823
2.00768280
2.02216578
2.03683591
2.05174422
2.06684828
0.35961181
0.36053613
0.36146519
0.36239979
0.36333850
0.36428285
0.36523136
0.36618483
0.36714402
0.36810750
0.36907682
0.37005049
0.37102932
0.37201411
0.37300336
0.37399867
0.37499774
0.37600294
0.37701434
0.37803039
0.37905276
0.38007984
0.38111252
0.38215163
0.38319561
0.38424614
0.38530159
0.38636288
0.38743085
0.38850391
0.38958380
0.39066884
0.39175993
0.39285800
0.39396137
0.39507183
0.39618769
0.39730990
0.39843935
0.39957434
0.40071672
0.31079555
0.30727288
0.30349916
0.29952392
0.29594541
0.29296064
0.29175156
0.29186398
0.29198557
0.29210490
0.27863324
0.27724710
0.27702317
0.27697316
0.26953882
0.27200764
0.27504134
0.27834481
0.28113148
0.28280327
0.28434238
0.28589788
0.28746632
0.28904924
0.29066250
0.29229099
0.29384467
0.29544830
0.29710919
0.29877582
0.30044556
0.30215198
0.30389762
0.30566093
0.30745596
0.30927813
0.31113181
0.31302601
0.31496513
0.31693915
0.31895638
0.32099944
0.32312864
0.45834580
0.45984957
0.46136206
0.46288452
0.46441829
0.46596104
0.46751529
0.46907869
0.47065261
0.47223836
0.47383359
0.47543964
0.47705659
0.47868457
0.48032501
0.48197544
0.48363855
0.48531187
0.48699680
0.48869479
0.49040335
0.49212524
0.49385789
0.49560279
0.49736145
0.49913123
0.50091505
0.50271028
0.50451839
0.50634104
0.50817537
0.51002461
0.51188582
0.51376069
0.51565081
0.51755339
0.51947159
0.52140254
0.52334785
0.52530932
0.52728403
0.52927518
0.53127980
0.53329968
0.53533661
0.53738755
0.53945589
0.54153854
0.54363734
0.54575413
0.54788584
0.55003422
0.55219954
0.55438197
0.55658340
0.55880070
0.56103748
0.56329048
0.56556165
0.56785297
0.57016116
0.57248998
0.57483608
0.57720149
0.57958835
0.58199310
0.58441979
0.58686489
0.58933252
0.59181899
0.59432656
0.59685743
0.59940791
0.60198033
0.60457695
0.60719401
0.60983592
0.61246717
0.61480892
0.61716652
0.61888099
0.62060285
0.62180823
0.62292451
0.62368184
0.62422431
0.62459445
0.62460542
0.62461418
0.62414330
0.62363160
0.62302262
0.62238652
0.62204289
0.62338263
1.32993019
1.33626986
1.34266019
1.34912217
1.35563624
1.36222398
1.36886561
1.37558281
1.38235569
1.38920629
1.39611423
1.40310228
1.41014946
1.41727912
1.42445838
1.43173385
1.43907237
1.44649816
1.45398915
1.46157014
1.46921849
1.47695959
1.48477030
1.49267650
1.50065482
1.50873160
1.51688290
1.52513576
1.53346574
1.54190063
1.55041528
1.55903804
1.56774354
1.57656074
1.58546364
1.59448183
1.60358882
1.61281502
1.62213326
1.63157475
1.64111161
1.65077591
1.66053927
1.67043447
1.68044829
1.69056690
1.70082438
1.71119058
1.72170055
1.73232353
1.74309552
1.75398505
1.76502895
1.77619517
1.78752148
1.79897487
1.81059456
1.82234657
1.83427107
1.84633350
1.85857511
1.87096035
1.88353181
1.89625311
1.90916789
1.92223895
1.93551135
1.94894695
1.96259201
1.97640753
1.99044132
2.00465322
2.01909232
2.03371763
2.04858017
2.06363750
2.07894206
0.36034051
0.36126933
0.36220217
0.36313987
0.36408317
0.36503062
0.36598378
0.36694118
0.36790362
0.36887187
0.36984444
0.37082294
0.37180588
0.37279400
0.37378821
0.37478691
0.37579098
0.37680045
0.37781617
0.37883654
0.37986246
0.38089478
0.38193187
0.38297465
0.38402396
0.38507822
0.38613909
0.38720500
0.38827765
0.38935542
0.39043918
0.39152986
0.39262575
0.39372784
0.39483699
0.39595151
0.39707324
0.39820045
0.39933500
0.40047508
0.40162173
0.30838546
0.30417806
0.30023474
0.29641357
0.29312080
0.29176065
0.29185298
0.29197553
0.29209673
0.27991134
0.27938807
0.27927193
0.27924651
0.27923074
0.27926052
0.26913741
0.27199268
0.27507362
0.27843884
0.28189993
0.28402618
0.28561896
0.28718990
0.28877351
0.29038987
0.29203683
0.29360574
0.29516661
0.29680601
0.29845372
0.30011880
0.30180925
0.30353022
0.30528402
0.30705872
0.30886707
0.31069410
0.31256044
0.31447658
0.31643716
0.31843370
0.32046947
0.32263842
0.45953143
0.46104181
0.46256337
0.46409377
0.46563560
0.46718645
0.46874765
0.47032058
0.47190285
0.47349581
0.47509953
0.47671419
0.47834113
0.47997794
0.48162726
0.48328665
0.48495752
0.48664132
0.48833549
0.49004287
0.49176085
0.49349093
0.49523464
0.49698928
0.49875781
0.50053757
0.50233006
0.50413686
0.50595528
0.50778836
0.50963324
0.51149160
0.51336503
0.51525080
0.51715189
0.51906562
0.52099353
0.52293736
0.52489418
0.52686733
0.52885371
0.53085518
0.53287345
0.53490549
0.53695470
0.53901809
0.54109734
0.54319441
0.54530609
0.54743594
0.54957908
0.55174083
0.55392134
0.55611742
0.55833274
0.56056398
0.56281316
0.56508225
0.56736791
0.56967396
0.57199699
0.57433903
0.57670218
0.57908303
0.58148545
0.58390605
0.58634681
0.58881009
0.59129214
0.59379715
0.59632152
0.59886748
0.60143727
0.60402715
0.60664147
0.60927647
0.61193448
0.61459243
0.61695051
0.61932671
0.62106407
0.62280029
0.62402076
0.62514502
0.62590778
0.62645632
0.62682468
0.62683576
0.62684679
0.62636149
0.62584621
0.62522846
0.62458789
0.62427461
0.62568998
1.33492696
1.34130442
1.34775329
1.35425425
1.36082852
1.36745644
1.37415981
1.38091862
1.38775504
1.39464855
1.40162182
1.40865409
1.41576862
1.42293251
1.43019235
1.43751502
1.44492471
1.45239949
1.45996380
1.46760750
1.47531927
1.48312497
1.49100113
1.49897408
1.50702000
1.51516557
1.52338672
1.53171074
1.54011297
1.54862130
1.55721045
1.56590927
1.57469189
1.58358765
1.59257030
1.60166979
1.61085927
1.62016964
1.62957323
1.63910174
1.64872706
1.65848160
1.66833663
1.67832518
1.68841815
1.69864941
1.70898902
1.71947193
1.73006737
1.74081123
1.75167215
1.76268685
1.77382338
1.78511930
1.79654193
1.80813003
1.81985009
1.83174181
1.84377086
1.85597837
1.86832893
1.88086486
1.89355004
1.90642786
1.91946137
1.93269527
1.94609177
1.95969677
1.97347140
1.98746324
2.00163245
2.01602793
2.03060889
2.04542565
2.06046033
2.07569361
2.09117818
0.36107293
0.36200476
0.36294216
0.36388370
0.36483088
0.36578223
0.36673859
0.36770070
0.36866710
0.36963940
0.37061602
0.37159786
0.37258565
0.37357795
0.37457633
0.37557849
0.37658682
0.37760136
0.37862059
0.37964615
0.38067645
0.38171238
0.38275477
0.38380206
0.38485593
0.38591474
0.38697940
0.38805079
0.38912731
0.39021066
0.39129919
0.39239380
0.39349544
0.39460242
0.39571649
0.39683601
0.39796188
0.39909503
0.40023378
0.40137994
0.40253177
0.40369025
0.30107009
0.29709283
0.29342473
0.29175922
0.29180992
0.29195303
0.29208332
0.28179550
0.28163499
0.28151697
0.28146219
0.28145596
0.28146577
0.28153566
0.28160068
0.27000943
0.27188966
0.27509275
0.27841491
0.28198746
0.28513446
0.28688720
0.28847727
0.29009834
0.29174680
0.29333138
0.29489082
0.29650244
0.29813731
0.29979482
0.30147955
0.30318642
0.30492526
0.30667570
0.30846187
0.31027275
0.31212473
0.31401056
0.31595466
0.31795308
0.32001778
0.45921370
0.46072319
0.46224144
0.46376973
0.46530938
0.46685806
0.46841830
0.46998778
0.47156781
0.47315976
0.47476122
0.47637355
0.47799689
0.47963130
0.48127827
0.48293525
0.48460501
0.48628503
0.48797673
0.48968157
0.49139705
0.49312592
0.49486566
0.49661767
0.49838355
0.50016063
0.50195187
0.50375450
0.50557017
0.50740039
0.50924253
0.51109946
0.51296860
0.51485139
0.51674956
0.51866031
0.52058673
0.52252597
0.52448124
0.52644968
0.52843297
0.53043282
0.53244627
0.53447664
0.53652096
0.53858101
0.54065853
0.54275054
0.54486042
0.54698509
0.54912472
0.55128455
0.55345976
0.55565393
0.55786377
0.56009126
0.56233841
0.56460190
0.56688547
0.56918579
0.57150483
0.57384467
0.57620192
0.57858044
0.58097684
0.58339316
0.58583158
0.58828855
0.59076816
0.59326679
0.59578663
0.59832996
0.60089314
0.60348034
0.60608792
0.60871810
0.61137331
0.61404967
0.61673456
0.61910915
0.62149990
0.62324733
0.62498260
0.62619185
0.62731290
0.62805659
0.62860662
0.62895757
0.62898201
0.62900651
0.62852007
0.62803441
0.62744337
0.62680483
0.62652242
0.62801671
1.33996153
1.34638727
1.35288525
1.35943592
1.36606073
1.37273979
1.37949526
1.38630676
1.39319670
1.40014446
1.40717304
1.41426134
1.42143273
1.42865419
1.43597269
1.44335473
1.45082498
1.45836103
1.46598780
1.47368264
1.48147094
1.48932946
1.49728453
1.50531220
1.51343942
1.52164173
1.52994668
1.53832936
1.54681802
1.55538714
1.56406558
1.57282746
1.58170211
1.59066331
1.59974086
1.60890830
1.61819589
1.62757659
1.63708174
1.64668334
1.65641356
1.66624391
1.67620742
1.68627489
1.69648004
1.70679319
1.71724904
1.72781706
1.73853290
1.74938250
1.76035094
1.77147543
1.78272367
1.79413366
1.80567229
1.81737888
1.82921946
1.84123433
1.85338891
1.86572444
1.87820554
1.89087474
1.90369582
1.91671252
1.92988753
1.94326603
1.95680988
1.97056568
1.98449421
1.99864328
2.01297283
2.02753258
2.04228091
2.05726933
2.07245517
2.08789134
2.10353422
0.36180830
0.36274394
0.36368519
0.36463058
0.36558092
0.36653695
0.36749724
0.36846337
0.36943379
0.37040934
0.37139085
0.37237677
0.37336874
0.37436521
0.37536624
0.37637421
0.37738681
0.37840569
0.37942928
0.38045841
0.38149396
0.38253433
0.38358122
0.38463303
0.38569063
0.38675490
0.38782421
0.38890031
0.38998154
0.39106879
0.39216298
0.39326245
0.39436898
0.39548087
0.39659905
0.39772445
0.39885539
0.39999366
0.40113753
0.40228796
0.40344593
0.40460968
0.29807988
0.29399657
0.29179603
0.29176256
0.29190466
0.28433877
0.28400621
0.28388935
0.28377894
0.28371289
0.28367764
0.28368756
0.28373596
0.28380516
0.28389072
0.28398040
0.28406286
0.27246231
0.27497801
0.27838051
0.28190932
0.28569782
0.28810468
0.28975502
0.29139623
0.29306048
0.29461262
0.29622367
0.29785195
0.29950073
0.30116636
0.30286297
0.30458298
0.30631685
0.30808443
0.30988494
0.31171644
0.31359455
0.31551838
0.31751525
0.31959662
0.46040383
0.46191996
0.46344733
0.46498361
0.46653137
0.46808818
0.46965545
0.47123447
0.47282293
0.47442338
0.47603214
0.47765315
0.47928649
0.48092979
0.48258567
0.48425168
0.48592925
0.48761982
0.48932081
0.49103510
0.49276006
0.49449721
0.49624801
0.49800989
0.49978569
0.50157279
0.50337273
0.50518709
0.50701308
0.50885379
0.51070648
0.51257271
0.51445407
0.51634783
0.51825708
0.52017897
0.52211523
0.52406746
0.52603275
0.52801442
0.53000951
0.53201973
0.53404689
0.53608793
0.53814626
0.54021877
0.54230738
0.54441381
0.54653502
0.54867280
0.55082738
0.55299896
0.55518943
0.55739558
0.55962116
0.56186277
0.56412238
0.56640208
0.56869841
0.57101530
0.57334930
0.57570434
0.57807690
0.58046907
0.58288312
0.58531535
0.58776987
0.59024316
0.59273732
0.59525466
0.59779149
0.60035199
0.60293257
0.60553533
0.60816282
0.61081105
0.61348248
0.61617953
0.61888528
0.62127000
0.62367094
0.62541080
0.62715816
0.62835145
0.62948251
0.63020456
0.63075840
0.63108039
0.63110727
0.63109607
0.63060641
0.63011760
0.62951368
0.62889981
0.62870657
0.63045233
1.34502399
1.35150886
1.35804605
1.36465728
1.37132275
1.37806416
1.38486147
1.39173710
1.39867032
1.40568399
1.41275728
1.41991329
1.42711937
1.43442202
1.44178820
1.44924223
1.45676172
1.46437180
1.47204947
1.47982049
1.48766160
1.49559879
1.50360835
1.51171708
1.51991367
1.52818656
1.53656328
1.54501891
1.55358171
1.56222618
1.57098126
1.57982099
1.58877504
1.59781671
1.60697639
1.61622715
1.62559974
1.63506675
1.64465976
1.65435064
1.66417205
1.67409503
1.68415284
1.69431627
1.70461941
1.71503198
1.72558939
1.73626053
1.74708176
1.75802124
1.76911628
1.78033435
1.79171371
1.80322111
1.81489587
1.82670403
1.83868575
1.85080659
1.86310768
1.87555361
1.88818705
1.90097153
1.91395080
1.92708778
1.94042742
1.95393169
1.96764684
1.98153389
1.99564075
2.00992727
2.02444267
2.03914595
2.05408812
2.06922698
2.08461475
2.10020852
2.11606240
0.36254668
0.36348617
0.36443052
0.36538056
0.36633480
0.36729479
0.36825907
0.36922842
0.37020364
0.37118328
0.37216890
0.37315896
0.37415433
0.37515500
0.37616104
0.37717330
0.37819022
0.37921265
0.38024142
0.38127497
0.38231498
0.38335985
0.38441044
0.38546765
0.38652983
0.38759875
0.38867274
0.38975269
0.39083952
0.39193156
0.39303061
0.39413497
0.39524552
0.39636326
0.39748645
0.39861691
0.39975291
0.40089542
0.40204537
0.40320101
0.40436426
0.40553331
0.29538456
0.29188982
0.29171139
0.28711393
0.28648549
0.28634998
0.28621510
0.28609225
0.28600353
0.28595805
0.28593877
0.28594521
0.28599942
0.28608122
0.28617090
0.28626987
0.28637072
0.28646335
0.28653437
0.27502391
0.27814257
0.28171211
0.28561074
0.28926674
0.29103032
0.29274479
0.29430720
0.29592967
0.29756913
0.29920521
0.30087161
0.30255359
0.30425915
0.30598459
0.30773023
0.30951259
0.31132826
0.31319124
0.31510785
0.31710008
0.31918973
0.46160015
0.46312419
0.46465954
0.46620390
0.46775854
0.46932483
0.47090039
0.47248781
0.47408473
0.47569120
0.47731116
0.47894090
0.48058310
0.48223528
0.48389888
0.48557532
0.48726207
0.48896194
0.49067235
0.49239478
0.49413070
0.49587753
0.49763814
0.49940988
0.50119430
0.50299299
0.50480312
0.50662780
0.50846428
0.51031411
0.51217890
0.51405591
0.51594824
0.51785302
0.51977193
0.52170664
0.52365428
0.52561802
0.52759504
0.52958691
0.53159553
0.53361785
0.53565717
0.53771061
0.53977978
0.54186660
0.54396796
0.54608732
0.54821992
0.55037093
0.55254060
0.55472577
0.55692995
0.55915004
0.56138784
0.56364542
0.56591946
0.56821370
0.57052481
0.57285482
0.57520574
0.57757419
0.57996416
0.58237201
0.58480000
0.58725023
0.58971912
0.59221083
0.59472167
0.59725392
0.59980989
0.60238570
0.60498583
0.60760647
0.61024988
0.61291850
0.61560839
0.61832422
0.62103808
0.62344158
0.62583518
0.62758934
0.62935120
0.63052827
0.63166714
0.63236505
0.63292491
0.63321763
0.63324690
0.63320184
0.63270670
0.63221455
0.63159770
0.63097972
0.63086569
0.63294744
1.35013521
1.35666943
1.36325681
1.36991906
1.37663603
1.38343000
1.39028049
1.39721012
1.40419805
1.41126752
1.41839719
1.42559922
1.43287480
1.44023669
1.44766283
1.45517778
1.46275926
1.47043216
1.47817385
1.48600984
1.49391675
1.50192106
1.50999868
1.51817667
1.52643061
1.53478789
1.54322398
1.55176687
1.56039107
1.56912553
1.57794440
1.58687699
1.59589708
1.60503483
1.61426306
1.62361288
1.63305664
1.64262605
1.65229297
1.66208982
1.67198789
1.68202043
1.69215798
1.70243478
1.71282065
1.72335076
1.73399413
1.74478698
1.75569773
1.76676333
1.77795148
1.78930032
1.80077672
1.81241965
1.82421422
1.83614433
1.84825063
1.86049831
1.87292898
1.88550699
1.89827526
1.91119719
1.92431700
1.93759716
1.95108318
1.96473658
1.97860444
1.99264717
2.00691319
2.02136207
2.03604388
2.05091691
2.06603265
2.08134866
2.09691787
2.11269689
2.12874079
0.36328736
0.36423141
0.36517966
0.36613360
0.36709177
0.36805499
0.36902404
0.36999741
0.37097597
0.37196046
0.37294945
0.37394446
0.37494400
0.37594894
0.37695923
0.37797502
0.37899706
0.38002384
0.38105622
0.38209504
0.38313869
0.38418889
0.38524404
0.38630587
0.38737267
0.38844541
0.38952497
0.39060968
0.39170045
0.39279819
0.39390123
0.39501134
0.39612687
0.39724958
0.39837781
0.39951244
0.40065446
0.40180215
0.40295732
0.40411824
0.40528587
0.40646118
0.40764239
0.29044104
0.28931984
0.28905722
0.28885177
0.28868312
0.28853199
0.28841183
0.28832355
0.28827313
0.28825536
0.28824791
0.28829646
0.28837165
0.28846607
0.28856707
0.28866816
0.28877634
0.28888366
0.28896150
0.28902391
0.27776667
0.28147021
0.28533831
0.28946993
0.29227132
0.29394075
0.29558617
0.29724416
0.29889673
0.30057341
0.30225357
0.30395108
0.30566198
0.30739439
0.30915728
0.31095463
0.31280488
0.31471398
0.31669331
0.46127957
0.46280268
0.46433470
0.46587688
0.46743056
0.46899343
0.47056800
0.47215194
0.47374657
0.47535202
0.47696838
0.47859707
0.48023561
0.48188540
0.48354790
0.48522058
0.48690620
0.48860225
0.49031013
0.49203137
0.49376336
0.49550897
0.49726558
0.49903467
0.50081784
0.50261235
0.50441974
0.50624168
0.50807530
0.50992376
0.51178426
0.51365983
0.51554775
0.51744956
0.51936698
0.52129716
0.52324170
0.52520239
0.52717626
0.52916658
0.53117043
0.53319108
0.53522557
0.53727561
0.53934306
0.54142487
0.54352444
0.54563874
0.54776949
0.54991698
0.55208135
0.55426455
0.55646336
0.55867970
0.56091553
0.56316751
0.56543946
0.56772804
0.57003516
0.57236296
0.57470804
0.57707423
0.57945818
0.58186185
0.58428746
0.58673143
0.58919793
0.59168327
0.59418964
0.59671932
0.59926867
0.60184193
0.60443527
0.60705113
0.60969180
0.61235338
0.61504048
0.61774909
0.62048173
0.62320584
0.62562621
0.62801450
0.62978315
0.63155735
0.63271797
0.63386476
0.63454038
0.63510638
0.63537163
0.63539886
0.63531947
0.63482100
0.63431877
0.63369554
0.63307351
0.63303971
0.63546234
1.35528529
1.36185920
1.36850774
1.37521088
1.38199079
1.38882697
1.39574206
1.40271533
1.40976977
1.41688430
1.42407095
1.43133092
1.43867683
1.44608688
1.45358551
1.46115029
1.46880639
1.47653079
1.48434937
1.49223864
1.50022483
1.50828421
1.51644349
1.52467859
1.53301668
1.54143322
1.54995620
1.55856025
1.56727421
1.57607222
1.58498359
1.59399641
1.60309780
1.61231840
1.62163079
1.63106644
1.64059734
1.65025556
1.66001284
1.66990173
1.67989326
1.69002116
1.70025575
1.71063137
1.72111785
1.73175049
1.74249828
1.75339758
1.76441658
1.77559268
1.78689337
1.79835701
1.80995023
1.82171249
1.83360982
1.84568262
1.85789609
1.87029207
1.88283443
1.89556646
1.90845144
1.92153347
1.93477499
1.94822168
1.96183491
1.97566175
1.98966253
2.00388575
2.01829100
2.03292799
2.04775524
2.06282425
2.07809258
2.09361315
2.10934234
2.12533498
2.14154601
0.36403179
0.36497900
0.36593187
0.36688900
0.36785191
0.36881912
0.36979142
0.37076965
0.37175229
0.37274092
0.37373406
0.37473246
0.37573627
0.37674543
0.37776083
0.37878093
0.37980655
0.38083854
0.38187534
0.38291863
0.38396680
0.38502073
0.38608131
0.38714689
0.38821921
0.38929665
0.39038008
0.39147043
0.39256603
0.39366862
0.39477655
0.39589074
0.39701214
0.39813900
0.39927319
0.40041295
0.40155923
0.40271300
0.40387252
0.40503964
0.40621260
0.40739238
0.40857998
0.40977356
0.29248935
0.29197025
0.29160628
0.29130706
0.29108983
0.29092711
0.29079926
0.29071519
0.29068387
0.29067010
0.29069337
0.29075080
0.29081970
0.29090905
0.29100940
0.29112220
0.29123414
0.29134756
0.29144204
0.29150361
0.27887812
0.28108177
0.28503585
0.28928506
0.29344261
0.29520333
0.29688373
0.29858488
0.30026412
0.30194798
0.30364308
0.30534792
0.30706933
0.30881187
0.31059921
0.31242165
0.31432107
0.31631625
0.46248046
0.46401030
0.46555156
0.46710184
0.46866250
0.47023484
0.47181654
0.47341016
0.47501206
0.47662613
0.47825244
0.47988865
0.48153734
0.48319614
0.48486769
0.48654953
0.48824307
0.48994979
0.49166715
0.49339655
0.49513957
0.49689355
0.49866140
0.50044048
0.50223368
0.50403839
0.50585610
0.50768840
0.50953257
0.51139021
0.51326293
0.51514786
0.51704824
0.51896119
0.52088833
0.52283138
0.52478743
0.52675974
0.52874535
0.53074598
0.53276336
0.53479457
0.53684300
0.53890550
0.54098386
0.54308003
0.54519081
0.54731977
0.54946202
0.55162281
0.55380243
0.55599755
0.55821192
0.56044221
0.56269217
0.56495851
0.56724316
0.56954819
0.57187021
0.57421118
0.57657331
0.57895309
0.58135444
0.58377391
0.58621550
0.58867574
0.59115660
0.59366053
0.59618372
0.59872848
0.60129708
0.60388571
0.60649884
0.60913265
0.61179143
0.61447150
0.61717510
0.61990476
0.62265652
0.62538880
0.62782842
0.63020903
0.63199234
0.63376319
0.63492060
0.63608003
0.63673073
0.63730294
0.63753802
0.63757002
0.63745129
0.63694948
0.63643479
0.63580734
0.63518119
0.63529903
0.63845271
1.36046445
1.36709940
1.37378871
1.38055444
1.38737643
1.39427710
1.40124667
1.40827525
1.41538584
1.42254591
1.42980182
1.43712044
1.44452608
1.45199668
1.45955682
1.46718407
1.47490370
1.48269260
1.49057662
1.49853241
1.50658631
1.51471436
1.52294362
1.53124964
1.53965998
1.54814982
1.55674744
1.56542730
1.57421839
1.58309472
1.59208596
1.60116553
1.61036384
1.61965358
1.62906611
1.63857365
1.64820802
1.65794098
1.66780508
1.67777157
1.68787384
1.69808233
1.70843136
1.71889079
1.72949588
1.74021554
1.75108624
1.76207614
1.77322257
1.78449297
1.79592562
1.80748749
1.81921768
1.83108234
1.84312177
1.85530126
1.86766243
1.88016951
1.89286542
1.90571356
1.91875792
1.93196118
1.94536865
1.95896339
1.97272778
1.98670912
2.00086737
2.01525187
2.02982163
2.04462695
2.05962586
2.07487082
2.09031868
2.10602307
2.12193990
2.13812494
2.15453267
0.36477929
0.36573038
0.36668721
0.36764830
0.36861444
0.36958644
0.37056279
0.37154511
0.37253186
0.37352386
0.37452197
0.37552381
0.37653264
0.37754610
0.37856504
0.37959030
0.38062030
0.38165674
0.38269800
0.38374496
0.38479850
0.38585702
0.38692221
0.38799244
0.38906860
0.39015162
0.39123985
0.39233500
0.39343542
0.39454207
0.39565581
0.39677498
0.39790139
0.39903331
0.40017170
0.40131751
0.40246898
0.40362799
0.40479279
0.40596431
0.40714356
0.40832877
0.40952185
0.41072094
0.41192710
0.41314131
0.29486737
0.29431012
0.29394996
0.29364544
0.29343826
0.29329613
0.29318210
0.29312757
0.29312032
0.29313236
0.29316521
0.29321399
0.29327726
0.29336089
0.29345617
0.29355198
0.29367015
0.29376855
0.29384518
0.29391065
0.28135720
0.28470305
0.28912529
0.29376659
0.29649898
0.29823121
0.29994333
0.30163944
0.30333418
0.30503342
0.30674493
0.30848166
0.31024408
0.31205031
0.31394854
0.31606686
0.46368760
0.46522546
0.46677357
0.46833327
0.46990216
0.47148287
0.47307298
0.47467387
0.47628561
0.47790834
0.47954345
0.48118851
0.48284486
0.48451400
0.48619336
0.48788577
0.48958865
0.49130344
0.49303168
0.49477074
0.49652347
0.49828729
0.50006372
0.50185418
0.50365615
0.50547254
0.50730062
0.50914198
0.51099825
0.51286662
0.51475012
0.51664609
0.51855600
0.52048171
0.52242017
0.52437466
0.52634227
0.52832472
0.53032374
0.53233635
0.53436595
0.53640944
0.53846860
0.54054523
0.54263633
0.54474539
0.54686916
0.54900783
0.55116677
0.55334103
0.55553424
0.55774313
0.55996972
0.56221586
0.56447834
0.56676096
0.56906021
0.57137823
0.57371706
0.57607323
0.57845074
0.58084601
0.58326125
0.58569860
0.58815444
0.59063292
0.59313035
0.59564906
0.59819126
0.60075319
0.60333925
0.60594553
0.60857451
0.61122847
0.61390352
0.61660427
0.61932671
0.62207550
0.62484658
0.62758934
0.63004398
0.63242120
0.63421482
0.63597322
0.63714099
0.63831079
0.63893628
0.63951474
0.63971931
0.63975149
0.63959748
0.63909453
0.63856494
0.63793331
0.63731891
0.63757688
1.35908294
1.36569381
1.37238002
1.37912118
1.38593972
1.39281511
1.39977014
1.40678382
1.41387939
1.42103553
1.42826450
1.43556738
1.44295692
1.45041120
1.45795488
1.46556532
1.47326791
1.48103952
1.48890591
1.49684381
1.50487959
1.51298916
1.52119958
1.52948654
1.53787756
1.54634762
1.55492520
1.56358469
1.57235503
1.58121037
1.59018016
1.59923792
1.60841393
1.61768126
1.62707078
1.63655496
1.64616549
1.65587425
1.66571379
1.67567098
1.68573189
1.69593048
1.70623696
1.71668601
1.72724700
1.73795581
1.74878097
1.75975931
1.77085865
1.78211677
1.79350090
1.80504966
1.81672966
1.82858050
1.84056795
1.85273302
1.86504030
1.87753201
1.89017200
1.90300381
1.91599035
1.92917633
1.94252384
1.95607877
1.96980250
1.98374224
1.99785817
2.01219916
2.02672458
2.04148459
2.05643749
2.07163501
2.08703446
2.10268950
2.11855578
2.13468885
2.15104365
2.16767740
0.36552912
0.36648488
0.36744490
0.36841074
0.36938089
0.37035617
0.37133738
0.37232304
0.37331471
0.37431088
0.37531161
0.37631932
0.37733161
0.37835020
0.37937346
0.38040313
0.38143754
0.38247761
0.38352421
0.38457569
0.38563299
0.38669693
0.38776591
0.38884169
0.38992259
0.39101037
0.39210337
0.39320251
0.39430872
0.39542025
0.39653897
0.39766315
0.39879373
0.39993164
0.40107515
0.40222615
0.40338287
0.40454623
0.40571725
0.40689415
0.40807885
0.40926948
0.41046712
0.41167274
0.41288447
0.41410434
0.41533050
0.29787236
0.29707450
0.29662448
0.29625967
0.29600298
0.29584408
0.29569763
0.29558420
0.29553708
0.29553464
0.29557046
0.29560876
0.29564410
0.29571089
0.29578656
0.29587802
0.29598281
0.29608521
0.29620445
0.29632378
0.29641801
0.28430197
0.28904080
0.29353505
0.29771146
0.29959297
0.30131420
0.30302384
0.30472431
0.30642760
0.30814630
0.30989355
0.31169024
0.31357908
0.46336409
0.46489984
0.46644700
0.46800327
0.46957120
0.47114843
0.47273627
0.47433615
0.47594431
0.47756600
0.47919747
0.48084015
0.48249540
0.48416081
0.48583907
0.48752767
0.48922804
0.49094167
0.49266598
0.49440381
0.49615258
0.49791375
0.49968889
0.50147527
0.50327599
0.50508815
0.50691348
0.50875348
0.51060539
0.51247233
0.51435149
0.51624453
0.51815301
0.52007413
0.52201110
0.52396101
0.52592552
0.52790642
0.52990067
0.53191167
0.53393638
0.53597653
0.53803402
0.54010570
0.54219502
0.54429895
0.54641926
0.54855615
0.55070978
0.55288213
0.55506998
0.55727518
0.55949974
0.56174040
0.56400084
0.56627774
0.56857306
0.57088894
0.57322192
0.57557589
0.57794738
0.58033854
0.58275145
0.58518255
0.58763599
0.59010816
0.59260118
0.59511733
0.59765297
0.60021234
0.60279167
0.60539323
0.60801947
0.61066645
0.61333877
0.61603236
0.61874980
0.62149340
0.62425929
0.62705213
0.62980324
0.63227743
0.63464671
0.63645297
0.63819861
0.63936543
0.64053649
0.64113635
0.64172113
0.64190859
0.64194793
0.64176047
0.64125180
0.64070940
0.64007354
0.63947570
0.63987339
1.36429119
1.37096357
1.37769091
1.38449526
1.39135635
1.39829671
1.40529561
1.41237605
1.41951704
1.42673051
1.43401766
1.44139123
1.44882929
1.45635653
1.46396232
1.47163570
1.47940242
1.48723900
1.49517167
1.50317669
1.51128066
1.51945961
1.52774060
1.53609920
1.54456306
1.55310726
1.56176007
1.57049608
1.57934439
1.58827877
1.59732926
1.60646880
1.61572826
1.62508035
1.63455617
1.64412808
1.65382814
1.66362774
1.67355978
1.68359542
1.69376814
1.70404816
1.71447039
1.72500408
1.73568499
1.74648178
1.75743115
1.76850104
1.77972913
1.79108274
1.80260026
1.81424844
1.82606685
1.83802128
1.85015249
1.86242545
1.87488198
1.88748634
1.90028155
1.91323090
1.92637873
1.93968737
1.95320272
1.96688592
1.98078418
1.99485803
2.00915575
2.02363706
2.03835201
2.05328250
2.06840944
2.08378506
2.09936643
2.11520743
2.13126397
2.14759207
2.16414595
2.18098378
0.36628276
0.36724249
0.36820650
0.36917558
0.37015054
0.37112990
0.37211522
0.37310499
0.37410006
0.37510046
0.37610620
0.37711817
0.37813479
0.37915692
0.38018537
0.38121861
0.38225833
0.38330287
0.38435316
0.38541004
0.38647193
0.38754052
0.38861418
0.38969383
0.39078033
0.39187205
0.39297074
0.39407477
0.39518499
0.39630237
0.39742520
0.39855531
0.39969096
0.40083310
0.40198272
0.40313801
0.40430090
0.40546957
0.40664503
0.40782827
0.40901747
0.41021454
0.41141772
0.41262800
0.41384634
0.41507095
0.41630378
0.41754299
0.41878960
0.29990444
0.29935768
0.29893839
0.29863548
0.29840368
0.29824221
0.29811832
0.29801849
0.29798958
0.29798159
0.29800901
0.29804644
0.29810384
0.29818475
0.29826069
0.29832718
0.29842469
0.29855585
0.29869211
0.29882851
0.28580883
0.28876883
0.29335895
0.29764676
0.30093163
0.30271670
0.30441993
0.30611825
0.30781806
0.30955136
0.31133205
0.31321105
0.46457586
0.46611965
0.46767497
0.46923944
0.47081444
0.47240129
0.47399762
0.47560477
0.47722286
0.47885200
0.48049358
0.48214516
0.48380813
0.48548394
0.48717007
0.48886928
0.49057904
0.49230218
0.49403608
0.49578223
0.49754217
0.49931324
0.50109696
0.50289488
0.50470436
0.50652832
0.50836408
0.51021463
0.51207727
0.51395351
0.51584506
0.51774907
0.51966876
0.52160114
0.52354801
0.52551097
0.52748716
0.52947980
0.53148603
0.53350747
0.53554600
0.53759855
0.53966850
0.54175282
0.54385328
0.54597175
0.54810345
0.55025524
0.55242229
0.55460650
0.55680978
0.55902886
0.56126750
0.56352228
0.56579530
0.56808859
0.57039869
0.57272947
0.57507753
0.57744491
0.57983381
0.58224058
0.58466935
0.58711654
0.58958435
0.59207487
0.59458458
0.59711766
0.59967041
0.60224509
0.60484403
0.60746336
0.61010760
0.61277288
0.61546153
0.61817604
0.62091243
0.62367529
0.62646073
0.62927109
0.63203275
0.63451779
0.63685375
0.63866115
0.64035213
0.64152688
0.64266407
0.64325398
0.64384264
0.64397538
0.64402431
0.64380538
0.64333302
0.64281493
0.64221889
0.64164943
0.64218414
1.36955011
1.37627411
1.38305378
1.38991141
1.39682639
1.40382159
1.41087604
1.41801298
1.42519975
1.43248272
1.43982899
1.44726264
1.45476162
1.46235061
1.47000718
1.47775662
1.48557580
1.49349058
1.50147760
1.50956333
1.51772356
1.52598560
1.53432488
1.54276919
1.55129349
1.55992615
1.56864154
1.57746899
1.58638203
1.59541082
1.60452843
1.61376548
1.62309468
1.63254738
1.64209569
1.65177166
1.66154683
1.67145407
1.68146431
1.69161117
1.70186508
1.71226048
1.72276700
1.73342001
1.74420571
1.75510919
1.76616728
1.77734792
1.78868902
1.80015743
1.81179249
1.82356012
1.83550060
1.84757924
1.85983729
1.87223947
1.88482821
1.89756703
1.91049969
1.92358923
1.93688023
1.95033503
1.96399951
1.97783494
1.99188900
2.00612164
2.02058196
2.03522921
2.05011368
2.06519365
2.08052135
2.09605384
2.11184478
2.12785006
2.14412570
2.16062593
2.17740893
2.19442749
0.36703956
0.36800247
0.36897126
0.36994436
0.37092340
0.37190685
0.37289554
0.37389025
0.37488952
0.37589416
0.37690416
0.37791964
0.37894139
0.37996787
0.38100076
0.38203844
0.38308179
0.38413170
0.38518652
0.38624802
0.38731453
0.38838693
0.38946617
0.39055055
0.39164183
0.39273837
0.39384109
0.39495087
0.39606604
0.39718843
0.39831629
0.39945060
0.40059227
0.40173957
0.40289438
0.40405494
0.40522221
0.40639716
0.40757799
0.40876669
0.40996137
0.41116303
0.41237274
0.41358864
0.41481268
0.41604301
0.41728067
0.41852671
0.41977820
0.42103922
0.42230684
0.30210069
0.30161849
0.30127034
0.30099475
0.30078721
0.30063483
0.30052772
0.30045924
0.30042627
0.30042425
0.30045974
0.30049375
0.30055308
0.30060130
0.30067292
0.30076995
0.30090570
0.30103955
0.30117604
0.30133206
0.28851843
0.29323909
0.29720545
0.30181795
0.30411154
0.30580270
0.30749899
0.30920720
0.31097853
0.46425113
0.46579400
0.46734589
0.46890819
0.47048220
0.47206554
0.47365960
0.47526446
0.47688022
0.47850829
0.48014623
0.48179671
0.48345730
0.48512933
0.48681432
0.48850971
0.49021697
0.49193755
0.49366888
0.49541381
0.49716973
0.49893814
0.50072062
0.50251442
0.50432259
0.50614232
0.50797528
0.50982302
0.51168275
0.51355761
0.51544476
0.51734734
0.51926243
0.52119184
0.52313715
0.52509552
0.52706856
0.52905804
0.53106105
0.53308088
0.53511453
0.53716534
0.53923035
0.54131126
0.54340994
0.54552335
0.54765320
0.54979974
0.55196321
0.55414551
0.55634338
0.55856049
0.56079358
0.56304461
0.56531554
0.56760311
0.56990921
0.57223600
0.57458001
0.57694519
0.57932800
0.58173251
0.58415514
0.58659804
0.58906341
0.59154755
0.59405279
0.59658134
0.59912950
0.60170156
0.60429370
0.60691035
0.60954773
0.61220807
0.61489391
0.61760122
0.62033248
0.62309021
0.62587041
0.62867767
0.63150805
0.63426000
0.63676262
0.63905329
0.64087552
0.64251792
0.64370525
0.64478952
0.64538568
0.64597821
0.64605558
0.64610481
0.64582115
0.64534587
0.64481056
0.64421082
0.64370292
0.64448833
1.37484980
1.38161528
1.38845861
1.39535916
1.40233958
1.40937912
1.41650093
1.42367232
1.43093967
1.43826997
1.44568753
1.45317018
1.46074259
1.46838224
1.47611451
1.48391628
1.49181342
1.49978232
1.50784981
1.51599145
1.52423465
1.53256798
1.54097950
1.54949749
1.55809641
1.56680524
1.57559788
1.58450389
1.59349692
1.60260713
1.61180735
1.62112868
1.63054347
1.64008343
1.64972031
1.65948665
1.66935360
1.67935443
1.68945980
1.69970369
1.71005619
1.72055221
1.73116100
1.74191856
1.75279331
1.76382220
1.77497303
1.78628373
1.79772127
1.80932474
1.82106018
1.83296788
1.84501302
1.85723710
1.86960447
1.88215756
1.89486027
1.90775597
1.92080772
1.93406034
1.94747567
1.96110010
1.97489452
1.98890674
2.00309658
2.01751328
2.03211570
2.04695463
2.06198788
2.07726789
2.09275150
2.10849261
2.12444711
2.14067054
2.15711737
2.17384553
2.19080830
2.20806503
0.36779946
0.36876640
0.36973843
0.37071636
0.37169871
0.37268707
0.37367991
0.37467885
0.37568155
0.37669042
0.37770551
0.37872532
0.37975064
0.38078234
0.38181883
0.38286179
0.38390967
0.38496411
0.38602352
0.38708881
0.38816079
0.38923791
0.39032102
0.39141104
0.39250630
0.39360857
0.39471614
0.39583090
0.39695105
0.39807758
0.39921141
0.40035081
0.40149763
0.40265015
0.40380928
0.40497604
0.40614864
0.40732899
0.40851527
0.40970847
0.41090962
0.41211689
0.41333222
0.41455376
0.41578257
0.41701967
0.41826314
0.41951406
0.42077249
0.42203850
0.42331314
0.42459449
0.42588463
0.30427372
0.30388361
0.30358663
0.30333883
0.30318847
0.30303520
0.30294338
0.30289185
0.30286297
0.30288410
0.30289546
0.30290884
0.30296761
0.30303416
0.30310535
0.30324787
0.30338484
0.30352816
0.30369177
0.29023927
0.29303923
0.29701847
0.30136725
0.30533585
0.30717370
0.30887294
0.31062254
0.46546754
0.46701729
0.46857861
0.47014916
0.47173026
0.47332332
0.47492462
0.47653934
0.47816381
0.47979939
0.48144749
0.48310563
0.48477659
0.48645779
0.48815069
0.48985678
0.49157345
0.49330360
0.49504456
0.49679786
0.49856502
0.50034338
0.50213593
0.50393993
0.50575691
0.50758851
0.50943196
0.51129031
0.51316082
0.51504505
0.51694465
0.51885682
0.52078474
0.52272546
0.52468067
0.52665216
0.52863699
0.53063840
0.53265339
0.53468376
0.53673130
0.53879291
0.54087210
0.54296571
0.54507565
0.54720372
0.54934502
0.55150664
0.55368358
0.55587775
0.55809116
0.56032050
0.56256950
0.56483483
0.56711847
0.56942248
0.57174343
0.57408524
0.57644445
0.57882315
0.58122349
0.58364183
0.58608234
0.58854139
0.59102118
0.59352392
0.59604597
0.59859157
0.60115695
0.60374439
0.60635632
0.60898882
0.61164641
0.61432517
0.61702746
0.61975580
0.62250626
0.62528336
0.62808317
0.63090819
0.63376093
0.63650304
0.63902342
0.64127034
0.64310759
0.64470077
0.64589620
0.64692903
0.64752913
0.64809024
0.64814454
0.64819646
0.64784968
0.64737374
0.64681858
0.64621508
0.64573920
0.64689380
1.38019049
1.38700891
1.39390588
1.40086079
1.40789652
1.41499209
1.42215955
1.42939997
1.43672597
1.44411588
1.45159400
1.45913804
1.46677303
1.47447610
1.48227274
1.49013996
1.49810362
1.50614011
1.51427627
1.52248764
1.53080189
1.53919399
1.54769218
1.55627108
1.56495941
1.57373130
1.58261621
1.59158778
1.60067594
1.60985410
1.61915267
1.62854445
1.63806093
1.64767408
1.65741611
1.66725838
1.67723405
1.68731380
1.69753170
1.70785761
1.71832657
1.72890794
1.73963737
1.75048351
1.76148331
1.77260447
1.78388488
1.79529166
1.80686367
1.81856716
1.83044207
1.84247315
1.85464406
1.86699641
1.87949455
1.89218128
1.90502012
1.91805494
1.93124843
1.94464600
1.95820916
1.97198474
1.98593330
2.00010300
2.01445365
2.02903485
2.04380512
2.05881596
2.07402468
2.08948445
2.10515118
2.12108016
2.13722634
2.15364623
2.17029405
2.18722796
2.20440102
2.22187352
0.36856252
0.36953348
0.37050956
0.37149161
0.37247807
0.37346980
0.37446758
0.37546918
0.37647769
0.37749085
0.37851030
0.37953445
0.38056415
0.38160026
0.38264123
0.38368788
0.38474113
0.38579932
0.38686419
0.38793409
0.38900995
0.39009264
0.39118052
0.39227533
0.39337543
0.39448172
0.39559513
0.39671394
0.39784002
0.39897159
0.40010962
0.40125507
0.40240619
0.40356484
0.40472928
0.40590045
0.40707934
0.40826416
0.40945685
0.41065556
0.41186228
0.41307515
0.41429520
0.41552344
0.41675800
0.41799992
0.41924927
0.42050609
0.42177150
0.42304352
0.42432424
0.42561173
0.42690706
0.42821133
0.30714032
0.30652466
0.30616194
0.30590624
0.30569610
0.30554289
0.30542597
0.30535051
0.30530548
0.30527249
0.30528086
0.30529711
0.30532852
0.30538353
0.30546632
0.30559063
0.30573180
0.30588102
0.30604509
0.30621198
0.29283774
0.29677236
0.30099270
0.30573285
0.30851212
0.31023815
0.46669036
0.46824825
0.46981660
0.47139671
0.47298625
0.47458780
0.47619769
0.47781983
0.47945434
0.48109874
0.48275581
0.48442301
0.48610175
0.48779351
0.48949575
0.49121127
0.49293748
0.49467584
0.49642792
0.49819106
0.49996817
0.50175661
0.50355786
0.50537354
0.50720090
0.50904298
0.51089704
0.51276463
0.51464742
0.51654261
0.51845330
0.52037668
0.52231437
0.52426809
0.52623492
0.52821815
0.53021479
0.53222656
0.53425527
0.53629792
0.53835785
0.54043204
0.54252225
0.54463035
0.54675323
0.54889274
0.55104905
0.55322236
0.55541462
0.55762261
0.55984998
0.56209338
0.56435490
0.56663644
0.56893474
0.57125354
0.57358950
0.57594460
0.57832104
0.58071530
0.58313131
0.58556563
0.58802038
0.59049773
0.59299403
0.59551358
0.59805256
0.60061336
0.60319817
0.60580325
0.60843307
0.61108369
0.61375749
0.61645693
0.61917806
0.62192553
0.62469530
0.62748981
0.63031167
0.63315678
0.63603002
0.63875973
0.64130032
0.64350283
0.64535290
0.64689845
0.64810205
0.64908284
0.64968932
0.65019476
0.65025175
0.65030402
0.64989090
0.64940959
0.64883673
0.64822948
0.64787561
0.64931250
1.38556218
1.39244473
1.39938498
1.40640593
1.41348636
1.42064989
1.42786348
1.43517375
1.44254768
1.45000958
1.45753706
1.46515524
1.47284126
1.48062062
1.48847020
1.49641597
1.50443435
1.51255202
1.52074468
1.52903986
1.53741264
1.54589105
1.55444992
1.56311786
1.57186913
1.58073294
1.58969724
1.59874952
1.60791993
1.61718154
1.62656534
1.63604355
1.64564812
1.65535069
1.66518402
1.67511904
1.68518925
1.69536519
1.70568109
1.71610677
1.72667742
1.73736215
1.74819708
1.75915062
1.77025986
1.78149259
1.79288673
1.80440927
1.81609941
1.82792330
1.83992112
1.85205829
1.86437607
1.87683904
1.88948989
1.90229201
1.91528940
1.92844486
1.94180334
1.95532680
1.96906161
1.98296869
1.99709606
2.01140356
2.02594042
2.04066563
2.05562997
2.07079148
2.08620286
2.10182047
2.11769891
2.13379335
2.15016031
2.16675401
2.18363261
2.20074892
2.21816325
2.23582745
0.36932799
0.37030378
0.37128395
0.37226930
0.37326071
0.37425658
0.37525782
0.37626442
0.37727642
0.37829471
0.37931770
0.38034704
0.38138115
0.38242093
0.38346720
0.38451838
0.38557619
0.38663897
0.38770765
0.38878310
0.38986367
0.39095113
0.39204380
0.39314258
0.39424846
0.39535967
0.39647803
0.39760187
0.39873210
0.39986965
0.40101281
0.40216345
0.40331978
0.40448281
0.40565345
0.40682998
0.40801430
0.40920457
0.41040182
0.41160706
0.41281840
0.41403788
0.41526362
0.41649666
0.41773799
0.41898578
0.42024103
0.42150381
0.42277423
0.42405334
0.42533919
0.42663386
0.42793545
0.42924500
0.43056360
0.43188930
0.30915403
0.30875242
0.30846936
0.30825570
0.30807003
0.30793095
0.30782551
0.30774513
0.30770099
0.30769619
0.30770311
0.30771536
0.30776748
0.30785957
0.30798420
0.30812070
0.30825943
0.30842286
0.30858970
0.30876312
0.29614037
0.30088484
0.30525523
0.46636268
0.46791840
0.46948573
0.47106239
0.47265092
0.47424895
0.47585651
0.47747761
0.47910848
0.48075053
0.48240519
0.48406994
0.48574758
0.48743555
0.48913661
0.49084824
0.49257189
0.49430907
0.49605718
0.49781767
0.49959213
0.50137782
0.50317782
0.50498927
0.50681531
0.50865316
0.51050436
0.51237059
0.51424897
0.51614273
0.51804894
0.51996928
0.52190548
0.52385461
0.52581990
0.52779835
0.52979183
0.53180200
0.53382587
0.53586686
0.53792185
0.53999263
0.54208112
0.54418415
0.54630518
0.54843950
0.55059224
0.55276370
0.55495059
0.55715656
0.55937845
0.56161809
0.56387752
0.56615347
0.56844962
0.57076263
0.57309455
0.57544750
0.57781792
0.58020991
0.58261985
0.58504987
0.58750218
0.58997321
0.59246707
0.59498012
0.59751457
0.60007274
0.60265082
0.60525328
0.60787618
0.61052197
0.61319298
0.61588532
0.61860353
0.62134373
0.62410825
0.62689978
0.62971407
0.63255608
0.63542151
0.63831306
0.64103478
0.64359355
0.64574856
0.64761162
0.64910650
0.65032303
0.65125096
0.65186387
0.65231538
0.65237039
0.65242535
0.65194744
0.65146309
0.65086997
0.65025651
0.65003806
0.65191168
1.39098668
1.39791238
1.40491843
1.41199517
1.41913223
1.42634177
1.43362498
1.44099450
1.44842851
1.45595145
1.46354103
1.47122216
1.47897220
1.48681664
1.49473214
1.50274515
1.51083171
1.51901877
1.52728188
1.53564858
1.54409409
1.55264664
1.56128073
1.57002521
1.57885408
1.58779716
1.59682763
1.60597599
1.61521518
1.62457609
1.63403106
1.64361191
1.65329051
1.66309917
1.67300928
1.68305409
1.69320416
1.70349371
1.71389258
1.72443593
1.73509276
1.74589944
1.75682402
1.76790392
1.77910662
1.79047012
1.80196154
1.81361997
1.82541144
1.83737624
1.84947968
1.86176312
1.87419105
1.88680613
1.89957178
1.91253197
1.92564929
1.93896902
1.95247424
1.96614718
1.98003507
1.99409819
2.00838518
2.02285528
2.03755879
2.05245399
2.06759238
2.08293152
2.09852481
2.11432815
2.13039684
2.14668560
2.16325188
2.18004894
2.19713593
2.21446562
2.23209858
2.24998641
0.37009743
0.37107649
0.37206155
0.37305105
0.37404662
0.37504593
0.37605140
0.37706307
0.37807938
0.37910199
0.38012937
0.38116229
0.38220167
0.38324594
0.38429675
0.38535246
0.38641405
0.38748232
0.38855565
0.38963580
0.39072114
0.39181253
0.39291090
0.39401457
0.39512533
0.39624149
0.39736399
0.39849374
0.39962906
0.40077174
0.40192008
0.40307504
0.40423754
0.40540585
0.40658188
0.40776381
0.40895262
0.41014934
0.41135213
0.41256294
0.41377994
0.41500416
0.41623661
0.41747543
0.41872263
0.41997531
0.42123652
0.42250630
0.42378277
0.42506799
0.42636001
0.42765990
0.42896879
0.43028468
0.43160969
0.43294185
0.43428224
0.43563205
0.31139362
0.31108287
0.31083408
0.31063718
0.31046325
0.31032795
0.31023273
0.31015491
0.31009492
0.31009278
0.31011871
0.31018734
0.31028900
0.31041670
0.31055966
0.31070712
0.31087697
0.31105676
0.31129503
0.29778069
0.30050945
0.30502194
0.46915412
0.47072855
0.47231480
0.47391054
0.47551709
0.47713459
0.47876313
0.48040411
0.48205507
0.48371872
0.48539260
0.48707807
0.48877665
0.49048576
0.49220824
0.49394149
0.49568698
0.49744621
0.49921662
0.50100106
0.50279689
0.50460565
0.50642890
0.50826389
0.51011378
0.51197565
0.51385111
0.51574194
0.51764518
0.51956409
0.52149570
0.52344173
0.52540392
0.52737927
0.52937114
0.53137654
0.53339720
0.53543484
0.53748649
0.53955561
0.54163903
0.54373860
0.54585624
0.54798704
0.55013794
0.55230403
0.55448729
0.55668962
0.55890775
0.56114537
0.56339926
0.56567127
0.56796348
0.57027256
0.57260233
0.57494938
0.57731760
0.57970351
0.58210921
0.58453691
0.58698297
0.58944958
0.59193903
0.59444761
0.59697950
0.59953105
0.60210657
0.60470223
0.60732037
0.60996336
0.61262739
0.61531472
0.61802793
0.62076300
0.62352455
0.62630862
0.62911987
0.63195419
0.63481420
0.63770247
0.64061487
0.64332372
0.64590085
0.64801002
0.64988852
0.65133440
0.65255690
0.65343368
0.65405071
0.65444750
0.65450525
0.65450281
0.65401465
0.65352720
0.65291595
0.65229863
0.65221500
0.65465450
1.39645374
1.40343416
1.41049588
1.41761780
1.42481184
1.43207943
1.43943310
1.44685090
1.45435750
1.46193027
1.46959460
1.47732735
1.48515427
1.49305212
1.50104713
1.50911534
1.51728368
1.52552795
1.53387535
1.54230142
1.55083394
1.55944777
1.56817174
1.57697976
1.58590150
1.59491050
1.60403681
1.61325359
1.62259161
1.63202345
1.64158082
1.65123534
1.66101968
1.67092061
1.68092442
1.69106483
1.70131207
1.71170068
1.72220027
1.73284626
1.74360776
1.75452101
1.76555419
1.77674472
1.78806007
1.79953873
1.81114721
1.82292509
1.83483839
1.84692740
1.85915744
1.87157023
1.88412988
1.89687955
1.90978229
1.92288268
1.93614292
1.94960868
1.96324146
1.97708809
1.99110925
2.00535321
2.01977944
2.03443813
2.04928756
2.06437922
2.07967067
2.09521484
2.11096811
2.12698555
2.14322209
2.15973473
2.17647696
2.19350791
2.21078014
2.22835422
2.24618173
2.26432562
0.37087008
0.37185323
0.37284240
0.37383607
0.37483504
0.37583938
0.37684911
0.37786427
0.37888575
0.37991193
0.38094449
0.38198188
0.38302574
0.38407451
0.38512903
0.38619021
0.38725638
0.38832933
0.38940737
0.39049143
0.39158240
0.39267859
0.39378184
0.39489043
0.39600524
0.39712730
0.39825481
0.39938965
0.40053007
0.40167701
0.40283147
0.40399167
0.40515947
0.40633315
0.40751362
0.40870193
0.40989622
0.41109848
0.41230685
0.41352233
0.41474599
0.41597593
0.41721416
0.41845882
0.41970992
0.42097050
0.42223769
0.42351356
0.42479613
0.42608649
0.42738575
0.42869192
0.43000713
0.43132940
0.43265980
0.43399954
0.43534651
0.43670294
0.43806675
0.43943915
0.31376150
0.31345928
0.31322649
0.31299406
0.31283346
0.31270981
0.31261533
0.31256318
0.31256101
0.31259942
0.31268564
0.31280926
0.31297755
0.31316203
0.31335884
0.46263671
0.46416759
0.46570989
0.46726125
0.30022460
0.47039640
0.47197917
0.47357389
0.47517690
0.47679207
0.47841954
0.48005688
0.48170677
0.48336670
0.48503813
0.48672247
0.48841724
0.49012518
0.49184376
0.49357441
0.49531868
0.49707395
0.49884307
0.50062346
0.50241655
0.50422400
0.50604302
0.50787669
0.50972229
0.51158130
0.51345539
0.51534176
0.51724356
0.51915795
0.52108657
0.52303112
0.52498865
0.52696246
0.52894956
0.53095174
0.53297073
0.53500354
0.53705353
0.53911763
0.54119772
0.54329550
0.54540801
0.54753864
0.54968262
0.55184513
0.55402648
0.55622339
0.55843955
0.56067169
0.56292176
0.56519169
0.56747824
0.56978518
0.57210910
0.57445210
0.57681620
0.57919794
0.58160138
0.58402288
0.58646470
0.58892888
0.59141195
0.59391803
0.59644341
0.59899038
0.60156125
0.60415220
0.60676765
0.60940373
0.61206281
0.61474735
0.61745340
0.62018555
0.62293977
0.62571859
0.62852454
0.63135350
0.63421029
0.63709080
0.63999760
0.64293337
0.64563143
0.64822006
0.65026128
0.65214568
0.65351284
0.65474117
0.65554410
0.65617001
0.65651125
0.65659112
0.65654999
0.65609741
0.65559483
0.65497243
0.65435368
0.65447396
1.39498734
1.40195298
1.40899980
1.41610646
1.42328525
1.43053722
1.43787503
1.44527674
1.45276690
1.46032321
1.46797049
1.47569847
1.48349571
1.49138844
1.49935281
1.50741565
1.51555264
1.52379107
1.53210628
1.54052615
1.54902554
1.55763292
1.56632268
1.57512391
1.58401048
1.59301209
1.60210228
1.61131132
1.62061214
1.63003588
1.63955462
1.64920068
1.65894532
1.66882145
1.67880011
1.68891478
1.69913590
1.70949781
1.71997035
1.73058879
1.74132216
1.75220668
1.76321065
1.77437150
1.78565657
1.79710424
1.80868125
1.82042694
1.83230746
1.84436309
1.85655904
1.86893702
1.88146126
1.89417470
1.90704060
1.92010319
1.93332505
1.94675148
1.96034420
1.97414982
1.98812926
2.00233054
2.01671314
2.03132725
2.04615450
2.06117606
2.07641983
2.09191537
2.10764384
2.12358546
2.13979554
2.15622902
2.17294335
2.18989182
2.20713425
2.22462249
2.24241829
2.26047254
2.27884889
0.37164518
0.37263325
0.37362579
0.37462443
0.37562683
0.37663543
0.37765023
0.37866974
0.37969553
0.38072613
0.38176233
0.38280499
0.38385254
0.38490668
0.38596579
0.38703072
0.38810241
0.38917920
0.39026284
0.39135167
0.39244658
0.39354852
0.39465576
0.39577016
0.39688998
0.39801705
0.39914963
0.40028867
0.40143517
0.40258729
0.40374610
0.40491247
0.40608472
0.40726468
0.40845057
0.40964437
0.41084418
0.41205105
0.41326600
0.41448715
0.41571558
0.41695225
0.41819534
0.41944584
0.42070386
0.42197046
0.42324367
0.42452461
0.42581436
0.42711091
0.42841539
0.42972893
0.43104947
0.43237922
0.43371612
0.43506134
0.43641600
0.43777803
0.43914968
0.44052884
0.44191673
0.44331446
0.31618419
0.31586608
0.31559166
0.31536689
0.31521946
0.31512794
0.31508443
0.31511122
0.31520385
0.31536689
0.31557265
0.46079594
0.46231467
0.46384346
0.46538359
0.46693274
0.46849352
0.47006348
0.47164401
0.47323647
0.47483847
0.47645134
0.47807521
0.47971016
0.48135766
0.48301518
0.48468551
0.48636606
0.48805833
0.48976377
0.49147981
0.49320927
0.49494958
0.49670359
0.49846870
0.50024641
0.50203824
0.50384152
0.50565922
0.50748867
0.50933141
0.51118904
0.51305878
0.51494372
0.51684111
0.51875252
0.52067959
0.52261955
0.52457553
0.52654469
0.52852869
0.53052926
0.53254342
0.53457457
0.53661966
0.53868043
0.54075873
0.54285151
0.54496217
0.54708767
0.54922807
0.55138874
0.55356473
0.55575973
0.55797046
0.56019878
0.56244683
0.56471115
0.56699562
0.56929684
0.57161677
0.57395756
0.57631570
0.57869518
0.58109254
0.58350980
0.58594924
0.58840716
0.59088778
0.59338742
0.59590828
0.59845269
0.60101688
0.60360521
0.60621381
0.60884511
0.61150140
0.61417890
0.61688209
0.61960697
0.62235606
0.62513185
0.62793028
0.63075614
0.63360530
0.63648027
0.63938379
0.64231157
0.64526868
0.64793217
0.65054172
0.65249711
0.65439212
0.65567452
0.65691102
0.65762937
0.65826166
0.65851736
0.65860021
0.65846866
0.65802079
0.65753949
0.65696675
0.65641922
0.65680194
1.40048599
1.40750682
1.41460979
1.42177331
1.42900980
1.43632030
1.44371772
1.45117986
1.45873153
1.46635008
1.47406089
1.48184085
1.48971593
1.49766243
1.50570703
1.51382554
1.52204514
1.53034127
1.53874159
1.54722130
1.55580854
1.56447792
1.57325840
1.58212388
1.59110403
1.60017240
1.60935915
1.61863744
1.62803805
1.63753355
1.64715564
1.65687609
1.66672754
1.67668104
1.68677020
1.69696522
1.70730066
1.71774626
1.72833717
1.73904252
1.74989843
1.76089084
1.77200449
1.78327727
1.79467630
1.80624032
1.81793571
1.82980239
1.84180593
1.85398722
1.86631131
1.87882006
1.89147758
1.90432715
1.91733181
1.93053639
1.94390273
1.95747697
1.97122037
1.98518026
1.99931681
2.01367879
2.02822566
2.04300761
2.05798292
2.07320333
2.08862615
2.10430503
2.12019587
2.13635421
2.15273476
2.16939473
2.18628764
2.20347309
2.22090316
2.23863935
2.25663257
2.27494621
2.29353023
0.37242430
0.37341651
0.37441325
0.37541452
0.37642276
0.37743562
0.37845477
0.37947860
0.38050801
0.38154384
0.38258448
0.38363165
0.38468376
0.38574162
0.38680616
0.38787577
0.38895214
0.39003366
0.39112121
0.39221570
0.39331546
0.39442229
0.39553449
0.39665297
0.39777866
0.39890990
0.40004849
0.40119267
0.40234342
0.40350172
0.40466580
0.40583751
0.40701512
0.40819955
0.40939185
0.41059020
0.41179654
0.41300902
0.41422868
0.41545650
0.41669068
0.41793317
0.41918114
0.42043754
0.42170253
0.42297414
0.42425445
0.42554152
0.42683643
0.42814028
0.42945108
0.43077096
0.43209791
0.43343309
0.43477762
0.43612942
0.43749073
0.43885952
0.44023687
0.44162399
0.44301876
0.44442353
0.44583607
0.31896210
0.31858873
0.31825095
0.31799966
0.31780550
0.31773287
0.31773061
0.31786394
0.45896980
0.46047649
0.46199310
0.46352094
0.46505773
0.46660596
0.46816328
0.46973106
0.47131059
0.47289956
0.47450051
0.47610980
0.47773132
0.47936523
0.48100907
0.48266548
0.48433205
0.48601016
0.48770130
0.48940289
0.49111775
0.49284330
0.49458101
0.49633244
0.49809489
0.49987131
0.50165904
0.50345957
0.50527453
0.50710118
0.50894254
0.51079589
0.51266277
0.51454479
0.51643920
0.51834917
0.52027172
0.52220863
0.52416158
0.52612758
0.52811003
0.53010583
0.53211677
0.53414464
0.53618646
0.53824550
0.54031885
0.54240984
0.54451537
0.54663736
0.54877597
0.55093139
0.55310374
0.55529511
0.55750209
0.55972850
0.56197095
0.56423324
0.56651199
0.56880927
0.57112706
0.57346195
0.57581609
0.57819146
0.58058459
0.58299953
0.58543277
0.58788830
0.59036255
0.59285778
0.59537613
0.59791398
0.60047555
0.60305715
0.60566103
0.60828960
0.61093897
0.61361361
0.61630964
0.61902952
0.62177563
0.62454402
0.62733942
0.63015771
0.63300145
0.63587320
0.63876891
0.64169335
0.64464241
0.64761633
0.65025175
0.65284413
0.65474838
0.65660566
0.65785295
0.65908796
0.65972793
0.66036427
0.66053581
0.66061914
0.66039610
0.65994561
0.65944195
0.65886593
0.65836394
0.65905619
1.40601707
1.41310489
1.42025316
1.42747414
1.43476892
1.44215035
1.44959629
1.45713139
1.46473324
1.47242701
1.48018968
1.48804712
1.49597585
1.50400221
1.51210237
1.52030313
1.52858031
1.53696132
1.54543471
1.55398858
1.56265128
1.57139730
1.58025575
1.58920050
1.59826148
1.60741174
1.61668217
1.62604523
1.63553238
1.64511573
1.65482748
1.66463900
1.67458320
1.68463111
1.69481635
1.70510924
1.71554446
1.72609138
1.73678577
1.74759638
1.75855970
1.76964390
1.78088653
1.79225492
1.80378759
1.81545115
1.82728529
1.83925581
1.85140336
1.86369288
1.87616646
1.88878810
1.90160108
1.91456842
1.92773473
1.94106221
1.95459676
1.96829963
1.98221791
1.99631214
2.01063108
2.02513361
2.03987050
2.05479956
2.06997275
2.08534741
2.10097694
2.11681747
2.13292408
2.14925170
2.16585755
2.18269539
2.19982409
2.21719623
2.23487306
2.25283408
2.27105689
2.28960657
2.30843186
0.37320670
0.37420231
0.37520325
0.37620956
0.37722206
0.37823924
0.37926194
0.38029096
0.38132480
0.38236424
0.38341022
0.38446108
0.38551855
0.38658103
0.38765022
0.38872451
0.38980475
0.39089188
0.39198422
0.39308354
0.39418820
0.39529908
0.39641711
0.39754060
0.39867136
0.39980766
0.40095049
0.40210077
0.40325674
0.40442032
0.40558967
0.40676585
0.40794978
0.40913966
0.41033748
0.41154137
0.41275236
0.41397145
0.41519681
0.41643038
0.41767037
0.41891775
0.42017257
0.42143497
0.42270595
0.42398363
0.42526907
0.42656332
0.42786446
0.42917460
0.43049175
0.43181700
0.43315148
0.43449318
0.43584430
0.43720278
0.43856972
0.43994635
0.44133055
0.44272459
0.44412634
0.44553700
0.44695780
0.44838652
0.44982556
0.32139704
0.32092419
0.32060742
0.32045448
0.32070911
0.45865285
0.46015745
0.46167317
0.46319771
0.46473354
0.46627837
0.46783352
0.46940032
0.47097638
0.47256434
0.47416177
0.47576874
0.47738925
0.47901952
0.48066226
0.48231500
0.48397914
0.48565614
0.48734346
0.48904389
0.49075487
0.49247786
0.49421439
0.49596182
0.49772301
0.49949539
0.50128043
0.50307965
0.50489044
0.50671577
0.50855291
0.51040334
0.51226884
0.51414651
0.51603949
0.51794493
0.51986450
0.52179992
0.52374822
0.52571273
0.52769041
0.52968305
0.53169239
0.53371543
0.53575552
0.53780967
0.53987962
0.54196721
0.54406935
0.54618955
0.54832292
0.55047476
0.55264527
0.55483121
0.55703628
0.55925721
0.56149584
0.56375432
0.56602925
0.56832439
0.57063639
0.57296729
0.57531917
0.57768857
0.58007944
0.58248824
0.58491719
0.58736843
0.58983833
0.59233099
0.59484291
0.59737617
0.59993315
0.60251009
0.60511130
0.60773301
0.61037749
0.61304724
0.61573833
0.61845523
0.62119412
0.62395734
0.62674743
0.62956041
0.63240099
0.63526505
0.63815516
0.64107400
0.64401734
0.64699018
0.64995974
0.65258801
0.65509540
0.65701282
0.65878791
0.66004348
0.66119581
0.66183990
0.66247791
0.66256666
0.66265053
0.66233736
0.66188425
0.66135550
0.66077363
0.66032016
0.66153246
1.41160321
1.41874766
1.42594182
1.43323243
1.44058633
1.44802785
1.45553482
1.46313202
1.47079670
1.47855449
1.48638213
1.49430561
1.50230134
1.51039588
1.51856518
1.52683640
1.53518510
1.54363883
1.55217278
1.56081522
1.56954062
1.57837808
1.58730161
1.59634078
1.60546911
1.61471701
1.62405729
1.63352120
1.64308095
1.65276849
1.66255558
1.67247486
1.68249738
1.69265676
1.70292330
1.71333170
1.72385144
1.73451793
1.74530029
1.75623477
1.76728952
1.77850223
1.78983998
1.80134153
1.81297350
1.82477522
1.83671272
1.84882653
1.86110127
1.87352037
1.88612628
1.89888275
1.91183352
1.92494130
1.93825114
1.95172501
1.96540916
1.97926450
1.99333894
2.00759220
2.02207398
2.03674269
2.05164957
2.06675220
2.08210325
2.09765935
2.11347461
2.12950468
2.14580584
2.16233206
2.17914152
2.19618726
2.21352935
2.23111939
2.24901986
2.26718092
2.28566694
2.30442715
2.32352829
0.37399238
0.37499219
0.37599659
0.37700796
0.37802398
0.37904629
0.38007334
0.38110599
0.38214508
0.38318899
0.38423949
0.38529491
0.38635617
0.38742411
0.38849714
0.38957697
0.39066195
0.39175388
0.39285105
0.39395440
0.39506483
0.39618066
0.39730278
0.39843220
0.39956716
0.40070951
0.40185747
0.40301207
0.40417421
0.40534216
0.40651780
0.40769935
0.40888780
0.41008413
0.41128653
0.41249698
0.41371360
0.41493839
0.41616946
0.41740787
0.41865465
0.41990694
0.42116773
0.42243710
0.42371318
0.42499796
0.42628956
0.42759004
0.42889747
0.43021291
0.43153748
0.43286920
0.43421021
0.43555850
0.43691516
0.43828142
0.43965513
0.44103858
0.44242966
0.44382957
0.44523945
0.44665721
0.44808516
0.44952112
0.45096633
0.45242199
0.45388594
0.32383114
0.45684361
0.45833635
0.45984006
0.46135250
0.46287611
0.46440861
0.46595126
0.46750546
0.46906883
0.47064391
0.47222835
0.47382352
0.47542948
0.47704637
0.47867557
0.48031467
0.48196501
0.48362803
0.48530129
0.48698747
0.48868406
0.49039254
0.49211434
0.49384692
0.49559313
0.49735034
0.49912003
0.50090379
0.50269890
0.50450838
0.50632948
0.50816381
0.51001292
0.51187402
0.51375031
0.51563883
0.51754135
0.51945949
0.52139032
0.52333713
0.52529693
0.52727151
0.52926254
0.53126711
0.53328854
0.53532374
0.53737456
0.53944278
0.54152536
0.54362571
0.54574078
0.54787230
0.55002064
0.55218583
0.55436987
0.55656952
0.55878669
0.56102335
0.56327623
0.56554908
0.56783849
0.57014656
0.57247525
0.57482123
0.57718843
0.57957327
0.58197790
0.58440447
0.58684945
0.58931690
0.59180325
0.59431064
0.59684139
0.59939176
0.60196608
0.60456049
0.60717744
0.60981917
0.61248195
0.61517012
0.61787993
0.62061369
0.62337393
0.62615663
0.62896645
0.63179946
0.63465804
0.63754487
0.64045584
0.64339578
0.64636058
0.64935040
0.65229386
0.65493870
0.65736467
0.65929300
0.66098219
0.66224867
0.66331726
0.66396546
0.66451824
0.66460758
0.66469443
0.66428763
0.66383177
0.66327769
0.66269493
0.66240889
0.66405964
1.41723394
1.42441285
1.43168771
1.43902576
1.44645119
1.45394170
1.46152222
1.46916997
1.47691059
1.48472071
1.49262655
1.50060415
1.50868046
1.51683116
1.52508354
1.53341293
1.54184711
1.55036116
1.55898345
1.56768835
1.57650495
1.58540714
1.59442472
1.60354555
1.61275661
1.62208891
1.63151491
1.64106619
1.65071476
1.66049290
1.67037177
1.68038487
1.69050264
1.70075929
1.71112478
1.72163391
1.73225605
1.74302721
1.75391591
1.76495898
1.77612424
1.78744960
1.79890215
1.81052089
1.82227194
1.83419549
1.84625697
1.85849750
1.87088168
1.88345206
1.89617229
1.90908587
1.92215598
1.93542719
1.94886160
1.96250546
1.97631979
1.99035227
2.00456285
2.01900053
2.03362465
2.04848576
2.06354165
2.07884479
2.09435201
2.11011744
2.12609649
2.14234519
2.15881801
2.17557263
2.19256234
2.20984697
2.22737837
2.24521852
2.26331806
2.28174090
2.30043650
2.31947112
2.33882332
0.37478060
0.37578464
0.37679407
0.37780973
0.37883011
0.37985599
0.38088825
0.38192531
0.38296887
0.38401735
0.38507155
0.38613239
0.38719827
0.38827088
0.38934860
0.39043233
0.39152294
0.39261883
0.39372173
0.39482999
0.39594448
0.39706618
0.39819333
0.39932781
0.40046790
0.40161449
0.40276858
0.40392840
0.40509585
0.40626916
0.40744925
0.40863717
0.40983111
0.41103297
0.41224095
0.41345605
0.41467932
0.41590887
0.41714671
0.41839093
0.41964164
0.42090183
0.42216861
0.42344403
0.42472619
0.42601612
0.42731497
0.42862070
0.42993546
0.43125728
0.43258727
0.43392652
0.43527305
0.43662903
0.43799239
0.43936428
0.44074592
0.44213516
0.44353428
0.44494119
0.44635817
0.44778305
0.44921708
0.45066148
0.45211405
0.45357597
0.45504859
0.45652959
0.45802146
0.45952192
0.46103346
0.46255374
0.46408412
0.46562585
0.46717662
0.46873900
0.47031063
0.47189283
0.47348699
0.47508940
0.47670525
0.47833085
0.47996756
0.48161682
0.48327616
0.48494694
0.48663068
0.48832479
0.49003208
0.49175000
0.49348137
0.49522361
0.49697819
0.49874663
0.50052631
0.50231874
0.50412548
0.50594378
0.50777674
0.50962156
0.51147985
0.51335323
0.51523882
0.51713991
0.51905352
0.52098131
0.52292508
0.52488184
0.52685481
0.52884114
0.53084248
0.53286070
0.53489262
0.53694177
0.53900504
0.54108417
0.54318112
0.54529274
0.54742247
0.54956549
0.55172712
0.55390751
0.55610353
0.55831873
0.56054986
0.56279892
0.56506789
0.56735343
0.56965935
0.57198226
0.57432604
0.57668728
0.57906795
0.58147031
0.58389074
0.58633137
0.58879447
0.59127641
0.59378135
0.59630555
0.59885335
0.60142100
0.60401076
0.60662496
0.60925978
0.61191976
0.61460090
0.61730564
0.62003648
0.62278938
0.62556905
0.62837142
0.63119900
0.63405442
0.63693351
0.63984114
0.64277315
0.64573216
0.64871854
0.65173262
0.65464246
0.65730882
0.65964723
0.66159147
0.66319370
0.66446614
0.66544986
0.66610473
0.66657370
0.66666359
0.66671103
0.66625184
0.66579330
0.66521358
0.66462493
0.66452819
0.66699082
1.42289841
1.43014646
1.43748021
1.44487786
1.45236385
1.45991600
1.46755910
1.47527039
1.48307550
1.49095118
1.49892354
1.50696898
1.51511407
1.52333462
1.53165805
1.54005969
1.54856741
1.55715597
1.56585419
1.57463622
1.58353126
1.59251332
1.60161209
1.61080098
1.62011063
1.62951350
1.63904142
1.64866602
1.65841985
1.66827404
1.67826188
1.68835413
1.69858456
1.70892346
1.71940553
1.73000014
1.74074316
1.75160325
1.76261711
1.77375269
1.78504765
1.79646945
1.80805659
1.81977558
1.83166635
1.84369445
1.85590100
1.86825049
1.88078535
1.89346945
1.90634620
1.91937864
1.93261135
1.94600666
1.95961046
1.97338390
1.98737454
2.00156498
2.01593661
2.03053927
2.04533172
2.06036496
2.07559657
2.09107995
2.10677075
2.12272429
2.13889551
2.15534139
2.17201543
2.18897629
2.20617676
2.22367764
2.24143004
2.25949693
2.27782822
2.29648924
2.31542826
2.33471274
2.35429025
0.37557214
0.37658122
0.37759495
0.37861416
0.37963969
0.38066995
0.38170666
0.38274819
0.38379544
0.38484925
0.38590804
0.38697350
0.38804403
0.38912049
0.39020380
0.39129230
0.39238775
0.39348850
0.39459541
0.39570946
0.39682892
0.39795566
0.39908788
0.40022656
0.40137270
0.40252450
0.40368381
0.40484893
0.40602079
0.40720040
0.40838593
0.40957931
0.41077876
0.41198525
0.41319981
0.41442057
0.41564956
0.41688487
0.41812757
0.41937765
0.42063528
0.42190143
0.42317426
0.42445478
0.42574409
0.42704022
0.42834529
0.42965734
0.43097746
0.43230677
0.43364322
0.43498904
0.43634218
0.43770376
0.43907493
0.44045365
0.44184214
0.44323829
0.44464332
0.44605839
0.44748139
0.44891462
0.45035592
0.45180649
0.45326760
0.45473704
0.45621720
0.45770583
0.45920423
0.46071365
0.46223184
0.46376127
0.46529964
0.46684825
0.46840844
0.46997786
0.47155908
0.47314969
0.47475109
0.47636336
0.47798660
0.47962227
0.48126784
0.48292476
0.48459446
0.48627439
0.48796734
0.48967081
0.49138618
0.49311501
0.49485463
0.49660799
0.49837241
0.50014943
0.50194055
0.50374311
0.50556016
0.50738883
0.50923085
0.51108772
0.51295674
0.51484096
0.51673758
0.51864821
0.52057451
0.52251369
0.52446890
0.52643722
0.52842039
0.53042018
0.53243351
0.53446382
0.53650802
0.53856796
0.54064542
0.54273725
0.54484707
0.54697168
0.54911119
0.55127090
0.55344599
0.55564004
0.55784976
0.56007719
0.56232423
0.56458759
0.56687105
0.56917119
0.57149011
0.57382989
0.57618695
0.57856542
0.58096170
0.58337784
0.58581614
0.58827299
0.59075248
0.59325099
0.59577066
0.59831393
0.60087693
0.60346401
0.60607141
0.60870147
0.61135650
0.61403269
0.61673456
0.61945820
0.62220597
0.62498039
0.62777752
0.63060200
0.63344973
0.63632560
0.63922536
0.64215171
0.64510733
0.64808553
0.65109378
0.65413243
0.65701038
0.65969127
0.66192609
0.66387635
0.66537523
0.66665608
0.66754609
0.66821522
0.66861427
0.66873235
0.66868961
0.66822523
0.66775143
0.66715831
0.66656619
0.66675097
1.42138731
1.42860830
1.43592632
1.44330800
1.45077777
1.45831323
1.46593952
1.47363377
1.48142159
1.48927963
1.49723411
1.50526130
1.51338792
1.52158976
1.52989399
1.53827620
1.54676425
1.55533278
1.56401062
1.57277179
1.58164585
1.59060645
1.59968340
1.60885012
1.61813712
1.62751710
1.63702154
1.64662242
1.65635192
1.66619718
1.67614424
1.68622696
1.69641542
1.70674407
1.71718287
1.72776675
1.73846507
1.74931371
1.76028132
1.77140498
1.78265226
1.79406130
1.80559897
1.81730461
1.82914424
1.84115815
1.85331166
1.86564624
1.87812626
1.89079452
1.90361440
1.91662991
1.92980385
1.94318116
1.95672393
1.97047842
1.98440564
1.99855351
2.01288199
2.02744031
2.04218721
2.05717421
2.07235861
2.08779335
2.10343480
2.11933780
2.13545728
2.15184975
2.16846967
2.18537498
2.20251894
2.21996140
2.23765445
2.25566030
2.27392912
2.29252577
2.31139922
2.33061647
2.35012507
2.36996293
0.37636784
0.37738040
0.37839925
0.37942281
0.38045272
0.38148740
0.38252777
0.38357460
0.38462639
0.38568479
0.38674819
0.38781747
0.38889351
0.38997471
0.39106277
0.39215606
0.39325550
0.39436200
0.39547384
0.39659286
0.39771736
0.39884824
0.39998645
0.40113029
0.40228069
0.40343863
0.40460232
0.40577367
0.40695089
0.40813592
0.40932691
0.41052487
0.41173083
0.41294292
0.41416216
0.41538960
0.41662338
0.41786548
0.41911304
0.42037004
0.42163363
0.42290482
0.42418471
0.42547134
0.42676684
0.42806923
0.42937958
0.43069902
0.43202555
0.43336135
0.43470436
0.43605572
0.43741655
0.43878487
0.44016284
0.44154841
0.44294271
0.44434696
0.44575903
0.44718122
0.44861141
0.45005074
0.45150051
0.45295849
0.45442706
0.45590404
0.45739064
0.45888814
0.46039429
0.46191159
0.46343768
0.46497390
0.46652156
0.46807835
0.46964678
0.47122452
0.47281286
0.47441325
0.47602195
0.47764418
0.47927618
0.48091939
0.48257521
0.48424116
0.48591995
0.48760912
0.48931006
0.49102426
0.49274915
0.49448758
0.49623695
0.49799874
0.49977446
0.50156152
0.50336277
0.50517559
0.50700152
0.50884217
0.51069474
0.51256239
0.51444221
0.51633584
0.51824504
0.52016681
0.52210450
0.52405506
0.52602035
0.52800190
0.52999693
0.53200865
0.53403407
0.53607500
0.53813320
0.54020566
0.54229581
0.54440051
0.54652160
0.54865927
0.55081373
0.55298692
0.55517560
0.55738163
0.55960709
0.56184852
0.56410986
0.56638765
0.56868386
0.57100064
0.57333452
0.57568944
0.57806188
0.58045393
0.58286780
0.58529991
0.58775437
0.59022748
0.59272152
0.59523875
0.59777540
0.60033584
0.60291618
0.60551888
0.60814619
0.61079431
0.61346769
0.61616248
0.61888099
0.62162578
0.62439287
0.62718689
0.63000381
0.63284618
0.63571656
0.63861078
0.64153379
0.64448136
0.64745378
0.65045851
0.65348881
0.65654999
0.65937358
0.66207379
0.66417855
0.66613966
0.66751355
0.66880268
0.66957253
0.67024821
0.67053097
0.67065221
0.67053348
0.67012203
0.66967326
0.66911441
0.66855901
0.66907668
1.42707360
1.43437588
1.44174147
1.44919503
1.45671403
1.46432352
1.47201300
1.47977138
1.48762429
1.49554849
1.50357020
1.51166570
1.51986182
1.52813411
1.53651023
1.54496527
1.55352747
1.56217134
1.57092583
1.57976496
1.58871830
1.59775937
1.60691845
1.61616838
1.62554038
1.63500667
1.64459896
1.65428925
1.66410983
1.67403197
1.68408918
1.69425178
1.70455408
1.71496594
1.72552252
1.73619282
1.74701321
1.75795186
1.76904595
1.78026319
1.79164159
1.80314803
1.81482184
1.82662904
1.83860981
1.85072958
1.86302972
1.87547457
1.88810694
1.90089035
1.91386855
1.92700434
1.94034290
1.95384586
1.96755981
1.98144567
1.99555123
2.00983644
2.02435064
2.03905249
2.05399346
2.06913066
2.08451724
2.10013413
2.11596179
2.13205528
2.14836979
2.16496205
2.18178582
2.19890022
2.21625781
2.23391938
2.25183654
2.27007222
2.28857636
2.30741429
2.32653475
2.34600568
2.36577368
2.38587761
0.37716693
0.37818381
0.37920618
0.38023493
0.38126844
0.38230839
0.38335323
0.38440380
0.38546094
0.38652313
0.38759199
0.38866594
0.38974586
0.39083266
0.39192468
0.39302367
0.39412796
0.39523852
0.39635620
0.39747933
0.39860976
0.39974573
0.40088817
0.40203810
0.40319371
0.40435693
0.40552592
0.40670171
0.40788528
0.40907481
0.41027224
0.41147575
0.41268635
0.41390502
0.41512999
0.41636318
0.41760275
0.41884971
0.42010415
0.42136613
0.42263672
0.42391396
0.42519897
0.42649281
0.42779353
0.42910323
0.43041992
0.43174472
0.43307877
0.43442002
0.43577069
0.43712869
0.43849626
0.43987134
0.44125506
0.44264862
0.44404989
0.44546008
0.44688037
0.44830859
0.44974715
0.45119381
0.45264980
0.45411637
0.45559132
0.45707706
0.45857131
0.46007541
0.46159056
0.46311456
0.46464983
0.46619412
0.46774992
0.46931493
0.47089043
0.47247779
0.47407463
0.47568229
0.47730091
0.47893059
0.48057270
0.48222485
0.48388967
0.48556471
0.48725140
0.48895121
0.49066153
0.49238524
0.49411973
0.49586648
0.49762702
0.49939868
0.50118446
0.50298160
0.50479168
0.50661629
0.50845265
0.51030385
0.51216710
0.51404405
0.51593626
0.51784098
0.51976132
0.52169442
0.52364194
0.52560562
0.52758253
0.52957588
0.53158283
0.53360504
0.53564429
0.53769755
0.53976828
0.54185337
0.54395461
0.54607391
0.54820639
0.55035901
0.55252689
0.55471194
0.55691606
0.55913597
0.56137544
0.56363118
0.56590503
0.56819922
0.57051021
0.57284188
0.57519090
0.57755923
0.57994902
0.58235675
0.58478653
0.58723474
0.58970344
0.59219503
0.59470576
0.59723991
0.59979367
0.60236943
0.60496938
0.60758984
0.61023521
0.61290157
0.61559141
0.61830699
0.62104458
0.62380862
0.62659520
0.62940681
0.63224602
0.63510865
0.63799965
0.64091474
0.64385659
0.64682794
0.64982212
0.65284890
0.65590161
0.65898299
0.66175383
0.66447109
0.66644394
0.66836822
0.66966569
0.67093027
0.67161375
0.67229360
0.67246121
0.67258316
0.67234439
0.67193067
0.67145163
0.67091256
0.67047036
0.67148709
1.43282866
1.44019008
1.44761574
1.45513022
1.46271122
1.47038364
1.47812474
1.48596025
1.49386668
1.50187027
1.50994742
1.51812482
1.52637815
1.53473496
1.54317045
1.55171275
1.56033635
1.56907022
1.57788849
1.58682048
1.59583986
1.60497689
1.61420453
1.62355363
1.63299668
1.64256537
1.65223157
1.66202772
1.67192507
1.68195677
1.69209361
1.70236957
1.71275473
1.72328401
1.73392665
1.74471867
1.75562847
1.76669323
1.77789819
1.78922832
1.80072200
1.81234586
1.82413936
1.83606851
1.84817386
1.86042047
1.87285018
1.88542712
1.89819431
1.91111505
1.92423379
1.93751276
1.95099759
1.96464992
1.97851646
1.99255800
2.00682282
2.02127028
2.03595066
2.05082226
2.06593680
2.08125114
2.09681916
2.11259675
2.12863898
2.14490080
2.16143918
2.17820811
2.19526625
2.21256638
2.23016906
2.24802566
2.26619959
2.28464031
2.30341339
2.32246709
2.34186959
2.36156774
2.38160014
2.40197515
0.37796858
0.37899062
0.38001737
0.38105050
0.38208845
0.38313210
0.38418227
0.38523740
0.38629916
0.38736594
0.38843864
0.38951814
0.39060283
0.39169440
0.39279124
0.39389426
0.39500433
0.39611980
0.39724249
0.39837068
0.39950529
0.40064725
0.40179488
0.40295002
0.40411091
0.40527847
0.40645376
0.40763494
0.40882394
0.41001895
0.41122100
0.41243103
0.41364726
0.41487166
0.41610235
0.41734034
0.41858673
0.41983861
0.42109999
0.42236796
0.42364359
0.42492795
0.42621914
0.42751920
0.42882618
0.43014118
0.43146530
0.43279657
0.43413714
0.43548498
0.43684119
0.43820697
0.43958020
0.44096321
0.44235381
0.44375321
0.44516262
0.44657990
0.44800735
0.44944280
0.45088750
0.45234266
0.45380610
0.45528018
0.45676273
0.45825493
0.45975813
0.46127000
0.46279308
0.46432501
0.46586713
0.46742076
0.46898353
0.47055805
0.47214192
0.47373649
0.47534186
0.47695816
0.47858676
0.48022524
0.48187497
0.48353741
0.48521000
0.48689556
0.48859152
0.49029934
0.49202049
0.49375239
0.49549794
0.49725446
0.49902347
0.50080657
0.50260097
0.50440973
0.50623012
0.50806516
0.50991207
0.51177251
0.51364797
0.51553583
0.51743907
0.51935488
0.52128494
0.52323097
0.52519000
0.52716535
0.52915400
0.53115773
0.53317827
0.53521270
0.53726429
0.53933001
0.54141170
0.54351115
0.54562533
0.54775769
0.54990339
0.55206764
0.55425078
0.55644947
0.55866569
0.56090134
0.56315327
0.56542510
0.56771356
0.57002240
0.57234824
0.57469320
0.57705927
0.57944304
0.58184659
0.58427209
0.58671600
0.58918232
0.59166753
0.59417379
0.59670335
0.59925252
0.60182565
0.60441887
0.60703456
0.60967505
0.61233652
0.61502349
0.61773199
0.62046659
0.62322330
0.62600464
0.62881315
0.63164473
0.63450193
0.63738739
0.64029688
0.64323539
0.64619863
0.64918935
0.65220785
0.65525454
0.65833229
0.66142923
0.66414881
0.66674095
0.66872478
0.67052591
0.67183429
0.67297983
0.67366755
0.67427486
0.67440259
0.67452526
0.67416763
0.67375165
0.67323947
0.67269754
0.67240787
0.67402208
1.43863034
1.44603992
1.45353806
1.46110237
1.46875787
1.47648180
1.48429978
1.49218857
1.50017416
1.50823307
1.51639187
1.52462637
1.53296387
1.54139316
1.54990220
1.55851936
1.56721902
1.57603037
1.58492720
1.59393930
1.60304010
1.61225998
1.62157178
1.63100660
1.64053690
1.65019441
1.65995085
1.66983902
1.67982984
1.68995702
1.70019078
1.71056569
1.72105134
1.73168314
1.74243009
1.75332856
1.76434672
1.77552187
1.78682160
1.79828429
1.80987656
1.82163799
1.83353424
1.84560609
1.85781860
1.87021339
1.88275480
1.89548576
1.90836954
1.92145050
1.93469095
1.94813645
1.96174848
1.97557402
1.98957360
2.00379562
2.01819944
2.03283501
2.04766107
2.06272864
2.07799554
2.09351468
2.10924220
2.12523341
2.14144301
2.15792799
2.17464232
2.19164443
2.20891452
2.22643113
2.24422789
2.26234007
2.28074694
2.29942608
2.31844401
2.33774829
2.35740805
2.37733793
2.39767194
2.41832423
0.37877446
0.37980086
0.38083202
0.38186878
0.38291204
0.38396019
0.38501492
0.38607460
0.38714015
0.38821244
0.38928986
0.39037409
0.39146355
0.39255908
0.39366165
0.39476955
0.39588460
0.39700505
0.39813188
0.39926600
0.40040573
0.40155289
0.40270570
0.40386519
0.40503225
0.40620518
0.40738586
0.40857247
0.40976602
0.41096750
0.41217509
0.41339076
0.41461268
0.41584182
0.41707927
0.41832310
0.41957438
0.42083317
0.42209953
0.42337456
0.42465627
0.42594680
0.42724419
0.42854950
0.42986384
0.43118522
0.43251580
0.43385357
0.43519962
0.43655512
0.43791804
0.43929055
0.44067064
0.44205940
0.44345805
0.44486445
0.44628096
0.44770536
0.44913888
0.45058277
0.45203480
0.45349741
0.45496833
0.45644882
0.45794016
0.45944008
0.46095109
0.46247083
0.46400064
0.46554181
0.46709204
0.46865386
0.47022492
0.47180656
0.47340009
0.47500193
0.47661719
0.47824219
0.47987828
0.48152694
0.48318565
0.48485711
0.48653889
0.48823237
0.48993900
0.49165627
0.49338698
0.49512854
0.49688247
0.49865022
0.50042921
0.50222236
0.50402695
0.50584459
0.50767684
0.50952095
0.51137996
0.51325107
0.51513594
0.51703626
0.51894909
0.52087766
0.52281910
0.52477503
0.52674723
0.52873278
0.53073490
0.53275061
0.53478175
0.53683001
0.53889245
0.54097235
0.54306680
0.54517746
0.54730630
0.54944849
0.55161089
0.55378860
0.55598366
0.55819792
0.56042808
0.56267798
0.56494415
0.56722867
0.56953359
0.57185549
0.57419825
0.57655835
0.57893801
0.58133924
0.58375859
0.58620006
0.58866012
0.59114093
0.59364468
0.59616774
0.59871435
0.60128081
0.60386938
0.60648233
0.60911596
0.61177462
0.61445451
0.61715800
0.61988747
0.62263906
0.62541741
0.62821841
0.63104463
0.63389862
0.63677627
0.63968253
0.64261305
0.64557058
0.64855546
0.65156800
0.65461117
0.65768039
0.66077858
0.66382188
0.66656119
0.66902387
0.67102134
0.67269754
0.67401445
0.67503941
0.67573130
0.67622679
0.67635268
0.67641693
0.67599821
0.67558002
0.67503685
0.67449206
0.67445117
0.67712194
1.44447923
1.45194924
1.45950902
1.46713567
1.47485483
1.48264313
1.49052668
1.49848199
1.50653529
1.51466274
1.52289152
1.53119695
1.53960669
1.54809594
1.55669296
1.56537223
1.57416272
1.58303845
1.59202898
1.60110795
1.61030555
1.61959469
1.62900651
1.63851333
1.64814699
1.65787923
1.66774261
1.67770827
1.68780982
1.69801748
1.70836580
1.71882439
1.72942865
1.74014759
1.75101733
1.76200640
1.77315187
1.78442144
1.79585314
1.80741405
1.81914330
1.83100700
1.84304547
1.85522389
1.86758411
1.88011003
1.89278495
1.90565228
1.91867518
1.93189824
1.94528353
1.95887721
1.97264028
1.98662043
2.00077748
2.01516056
2.02972889
2.04453301
2.05953074
2.07477403
2.09022045
2.10592341
2.12183881
2.13802218
2.15442824
2.17111468
2.18803453
2.20524764
2.22270584
2.24047089
2.25849366
2.27683759
2.29545259
2.31440449
2.33364153
2.35323191
2.37309074
2.39335203
2.41392970
2.43489742
0.37958381
0.38061377
0.38165018
0.38269141
0.38373917
0.38479185
0.38585031
0.38691548
0.38798568
0.38906267
0.39014480
0.39123297
0.39232808
0.39342847
0.39453593
0.39564878
0.39676788
0.39789426
0.39902616
0.40016541
0.40131027
0.40246168
0.40362066
0.40478542
0.40595782
0.40713611
0.40832129
0.40951431
0.41071337
0.41192043
0.41313365
0.41435403
0.41558260
0.41681752
0.41806078
0.41930950
0.42056671
0.42183244
0.42310485
0.42438596
0.42567381
0.42696953
0.42827418
0.42958578
0.43090650
0.43223432
0.43357036
0.43491572
0.43626839
0.43763056
0.43900022
0.44037846
0.44176647
0.44316217
0.44456780
0.44598129
0.44740379
0.44883651
0.45027730
0.45172852
0.45318797
0.45465690
0.45613652
0.45762464
0.45912370
0.46063140
0.46214902
0.46367791
0.46521574
0.46676502
0.46832341
0.46989223
0.47147289
0.47306293
0.47466499
0.47627541
0.47789806
0.47953311
0.48117808
0.48283568
0.48450345
0.48618275
0.48787507
0.48957789
0.49129397
0.49302074
0.49475974
0.49651241
0.49827614
0.50005388
0.50184292
0.50364476
0.50546110
0.50728905
0.50913179
0.51098651
0.51285475
0.51473820
0.51663411
0.51854545
0.52046949
0.52240789
0.52436233
0.52632982
0.52831376
0.53031111
0.53232366
0.53435308
0.53639650
0.53845716
0.54053211
0.54262310
0.54473203
0.54685569
0.54899603
0.55115312
0.55332726
0.55552036
0.55772918
0.55995739
0.56220168
0.56446403
0.56674647
0.56904566
0.57136536
0.57370228
0.57605833
0.57843572
0.58083087
0.58324790
0.58568317
0.58813888
0.59061724
0.59311455
0.59563512
0.59817517
0.60073698
0.60332286
0.60592908
0.60855991
0.61121166
0.61388659
0.61658716
0.61930948
0.62205809
0.62482905
0.62762475
0.63044786
0.63329422
0.63616866
0.63906699
0.64199191
0.64494604
0.64792275
0.65093184
0.65396661
0.65702981
0.66012430
0.66324556
0.66623437
0.66899121
0.67131996
0.67333370
0.67488331
0.67620879
0.67711163
0.67781037
0.67818743
0.67831665
0.67826235
0.67783874
0.67739511
0.67684388
0.67630130
0.67666119
1.44291019
1.45036399
1.45790708
1.46551704
1.47321916
1.48099017
1.48885608
1.49679351
1.50482869
1.51293766
1.52114761
1.52943397
1.53782439
1.54629397
1.55487084
1.56352973
1.57229948
1.58115411
1.59012330
1.59919477
1.60835576
1.61763716
1.62701130
1.63650978
1.64610469
1.65582800
1.66565144
1.67560780
1.68566799
1.69586587
1.70617151
1.71661973
1.72718000
1.73788798
1.74871230
1.75968969
1.77078819
1.78204548
1.79342866
1.80497646
1.81665552
1.82850540
1.84049189
1.85265577
1.86496210
1.87745273
1.89009178
1.90292239
1.91590786
1.92909276
1.94243908
1.95599282
1.96971536
1.98365378
1.99776852
2.01210833
2.02663231
2.04139090
2.05634236
2.07153869
2.08693671
2.10259008
2.11845493
2.13458657
2.15093970
2.16757178
2.18443632
2.20159268
2.21899295
2.23669839
2.25466013
2.27294183
2.29149294
2.31037927
2.32954907
2.34907055
2.36889052
2.38904786
2.40958357
2.43044233
2.45169926
0.38039660
0.38143101
0.38247105
0.38351759
0.38456905
0.38562712
0.38669020
0.38775918
0.38883489
0.38991576
0.39100349
0.39209646
0.39319557
0.39430171
0.39541322
0.39653191
0.39765605
0.39878657
0.39992446
0.40106794
0.40221888
0.40337554
0.40453887
0.40570986
0.40688673
0.40807134
0.40926197
0.41045955
0.41166511
0.41287681
0.41409665
0.41532275
0.41655612
0.41779780
0.41904593
0.42030156
0.42156473
0.42283550
0.42411497
0.42540118
0.42669627
0.42799821
0.42930812
0.43062714
0.43195322
0.43328854
0.43463111
0.43598309
0.43734241
0.43871024
0.44008774
0.44147283
0.44286668
0.44427043
0.44568202
0.44710374
0.44853342
0.44997224
0.45142150
0.45287895
0.45434704
0.45582348
0.45730954
0.45880654
0.46031216
0.46182889
0.46335444
0.46489012
0.46643722
0.46799344
0.46956128
0.47113845
0.47272623
0.47432601
0.47593412
0.47755575
0.47918716
0.48082975
0.48248494
0.48415026
0.48582846
0.48751697
0.48921728
0.49093083
0.49265507
0.49439284
0.49614152
0.49790400
0.49967766
0.50146401
0.50326461
0.50507671
0.50690192
0.50874186
0.51059371
0.51246053
0.51433963
0.51623404
0.51814091
0.52006197
0.52199882
0.52394867
0.52591306
0.52789384
0.52988803
0.53189892
0.53392357
0.53596526
0.53802103
0.54009259
0.54218185
0.54428566
0.54640752
0.54854262
0.55069613
0.55286843
0.55505615
0.55726296
0.55948567
0.56172621
0.56398654
0.56626332
0.56856036
0.57087427
0.57320714
0.57556099
0.57793236
0.58032531
0.58273619
0.58516717
0.58762050
0.59009248
0.59258735
0.59510142
0.59763694
0.60019612
0.60277534
0.60537887
0.60800284
0.61064970
0.61332184
0.61601532
0.61873472
0.62147605
0.62424177
0.62703449
0.62985003
0.63269323
0.63555992
0.63845271
0.64137429
0.64432037
0.64729601
0.65029454
0.65332335
0.65638292
0.65946883
0.66258639
0.66573107
0.66865951
0.67143393
0.67361397
0.67563385
0.67704469
0.67838126
0.67916811
0.67988670
0.68016207
0.68029201
0.68011528
0.67968941
0.67921478
0.67866057
0.67817968
0.67897898
1.44879401
1.45630884
1.46391416
1.47158706
1.47935319
1.48718929
1.49512136
1.50312591
1.51122940
1.51940775
1.52768815
1.53604615
1.54450941
1.55305302
1.56170535
1.57044065
1.57928836
1.58822215
1.59727192
1.60641086
1.61566961
1.62502098
1.63449621
1.64406741
1.65376663
1.66356552
1.67349696
1.68353164
1.69370365
1.70398295
1.71440434
1.72493720
1.73561728
1.74641323
1.75736177
1.76843083
1.77965796
1.79101062
1.80252731
1.81417453
1.82599199
1.83794534
1.85007560
1.86234748
1.87480307
1.88740623
1.90020037
1.91314864
1.92629528
1.93960285
1.95311689
1.96679890
1.98069608
1.99479091
2.00906515
2.02356815
2.03825879
2.05318785
2.06831312
2.08368754
2.09926724
2.11510706
2.13116193
2.14748836
2.16404080
2.18087697
2.19794989
2.21531987
2.23293877
2.25086832
2.26905942
2.28757620
2.30636787
2.32550120
2.34492397
2.36470509
2.38475895
2.40522075
2.42600369
2.44718266
2.46870041
0.38121209
0.38225174
0.38329628
0.38434735
0.38540336
0.38646522
0.38753375
0.38860738
0.38968784
0.39077345
0.39186513
0.39296380
0.39406776
0.39517885
0.39629531
0.39741811
0.39854819
0.39968377
0.40082678
0.40197545
0.40313071
0.40429354
0.40546218
0.40663853
0.40782079
0.40900993
0.41020700
0.41141012
0.41262129
0.41383862
0.41506320
0.41629601
0.41753516
0.41878271
0.42003575
0.42129731
0.42256749
0.42384434
0.42512992
0.42642233
0.42772260
0.42903185
0.43034813
0.43167353
0.43300608
0.43434688
0.43569708
0.43705463
0.43842173
0.43979633
0.44117960
0.44257268
0.44397348
0.44538429
0.44680297
0.44823071
0.44966874
0.45111489
0.45257154
0.45403644
0.45551088
0.45699608
0.45848984
0.45999455
0.46150801
0.46303144
0.46456617
0.46610990
0.46766514
0.46922955
0.47080448
0.47239128
0.47398752
0.47559461
0.47721264
0.47884169
0.48048320
0.48213470
0.48379892
0.48547333
0.48715940
0.48885855
0.49056822
0.49229127
0.49402511
0.49577117
0.49753103
0.49930203
0.50108707
0.50288355
0.50469291
0.50651681
0.50835246
0.51020294
0.51206547
0.51394165
0.51583308
0.51773703
0.51965660
0.52158892
0.52353567
0.52549857
0.52747464
0.52946723
0.53147334
0.53349471
0.53553313
0.53758556
0.53965539
0.54173958
0.54383999
0.54595834
0.54808992
0.55024165
0.55240858
0.55459267
0.55679584
0.55901480
0.56125331
0.56350803
0.56578273
0.56807411
0.57038403
0.57271475
0.57506269
0.57743180
0.57981867
0.58222532
0.58465397
0.58710104
0.58957064
0.59205914
0.59456873
0.59710169
0.59965426
0.60223085
0.60482758
0.60744679
0.61009091
0.61275601
0.61544663
0.61815888
0.62089509
0.62365782
0.62644309
0.62925553
0.63209110
0.63495231
0.63784188
0.64075553
0.64369828
0.64666581
0.64965844
0.65268373
0.65573490
0.65881717
0.66192609
0.66506445
0.66823524
0.67108208
0.67384857
0.67587501
0.67780781
0.67914999
0.68040127
0.68112761
0.68182945
0.68199664
0.68216652
0.68190521
0.68153971
0.68104422
0.68048710
0.68009192
0.68157363
1.45471406
1.46230257
1.46995866
1.47770751
1.48552620
1.49344051
1.50142694
1.50951207
1.51767182
1.52593327
1.53427207
1.54271579
1.55123937
1.55987144
1.56858623
1.57741296
1.58632553
1.59535360
1.60447061
1.61370695
1.62303555
1.63248754
1.64203513
1.65171039
1.66148484
1.67139125
1.68140078
1.69154692
1.70181620
1.71219456
1.72271693
1.73335254
1.74413741
1.75503993
1.76609719
1.77727699
1.78861713
1.80008471
1.81171870
1.82348537
1.83542478
1.84750247
1.85975957
1.87216079
1.88474834
1.89748609
1.91041768
1.92350602
1.93679595
1.95024955
1.96391284
1.97774708
1.99179983
2.00603127
2.02049017
2.03513598
2.05001926
2.06509781
2.08042407
2.09595513
2.11174464
2.12774825
2.14402246
2.16052103
2.17730236
2.19431925
2.21163154
2.22919154
2.24706078
2.26519012
2.28364372
2.30237055
2.32143736
2.34079170
2.36050296
2.38048530
2.40087366
2.42158127
2.44268274
2.46412110
2.48597360
0.38203189
0.38307521
0.38412505
0.38517988
0.38624132
0.38730779
0.38838100
0.38945934
0.39054367
0.39163494
0.39273146
0.39383411
0.39494386
0.39605901
0.39718133
0.39830917
0.39944431
0.40058506
0.40173233
0.40288711
0.40404761
0.40521574
0.40638974
0.40757054
0.40875918
0.40995380
0.41115639
0.41236511
0.41358095
0.41480494
0.41603523
0.41727382
0.41851884
0.41977030
0.42103127
0.42229882
0.42357504
0.42485797
0.42614871
0.42744836
0.42875490
0.43007052
0.43139318
0.43272397
0.43406409
0.43541145
0.43676829
0.43813252
0.43950531
0.44088784
0.44227797
0.44367799
0.44508582
0.44650260
0.44792956
0.44936451
0.45080987
0.45226336
0.45372629
0.45519987
0.45668185
0.45817474
0.45967621
0.46118754
0.46271005
0.46424145
0.46578422
0.46733609
0.46889830
0.47047225
0.47205552
0.47365078
0.47525430
0.47687000
0.47849801
0.48013586
0.48178628
0.48344678
0.48511878
0.48680368
0.48849899
0.49020752
0.49192667
0.49365792
0.49540278
0.49715862
0.49892837
0.50070935
0.50250310
0.50431114
0.50613081
0.50796515
0.50981134
0.51167101
0.51354575
0.51543278
0.51733530
0.51925033
0.52117962
0.52312487
0.52508312
0.52705765
0.52904546
0.53104842
0.53306812
0.53510165
0.53715241
0.53921729
0.54129809
0.54339671
0.54550993
0.54764140
0.54978615
0.55194956
0.55413169
0.55632943
0.55854648
0.56077945
0.56303036
0.56530118
0.56758863
0.56989646
0.57222134
0.57456517
0.57693022
0.57931292
0.58171731
0.58413982
0.58658254
0.58904779
0.59153187
0.59403890
0.59656537
0.59911335
0.60168529
0.60427731
0.60689384
0.60953104
0.61219126
0.61487687
0.61758411
0.62031740
0.62307280
0.62585276
0.62865990
0.63149011
0.63434815
0.63722992
0.64013797
0.64307505
0.64603680
0.64902604
0.65204298
0.65508813
0.65816432
0.66126704
0.66440165
0.66756362
0.67072803
0.67351967
0.67611116
0.67815125
0.67991787
0.68127102
0.68236792
0.68309587
0.68365467
0.68382543
0.68395418
0.68358380
0.68321645
0.68273693
0.68224496
0.68216389
0.68458545
1.46069467
1.46833384
1.47606552
1.48387909
1.49176335
1.49974442
1.50779867
1.51595271
1.52418244
1.53251517
1.54092622
1.54944348
1.55804193
1.56675005
1.57554209
1.58444750
1.59343994
1.60254943
1.61174905
1.62106967
1.63048375
1.64002299
1.64965916
1.65942478
1.66929090
1.67929101
1.68939567
1.69963884
1.70999050
1.72048569
1.73109365
1.74185038
1.75272429
1.76375234
1.77490222
1.78621197
1.79764867
1.80925107
1.82098567
1.83289230
1.84493661
1.85715961
1.86952591
1.88207793
1.89477956
1.90767419
1.92072487
1.93397617
1.94739044
1.96101367
1.97480690
1.98881781
2.00300646
2.01742172
2.03202295
2.04686046
2.06189251
2.07717109
2.09265327
2.10839272
2.12437105
2.14056754
2.15703893
2.17373943
2.19072747
2.20795560
2.22548485
2.24326611
2.26136279
2.27972460
2.29841661
2.31738758
2.33670497
2.35631585
2.37625885
2.39654231
2.41720772
2.43819928
2.45959258
2.48132992
2.50349045
0.38285521
0.38390306
0.38495746
0.38601685
0.38708207
0.38815403
0.38923112
0.39031503
0.39140415
0.39249936
0.39360160
0.39470917
0.39582384
0.39694396
0.39807045
0.39920422
0.40034360
0.40149039
0.40264285
0.40380195
0.40496868
0.40614122
0.40732151
0.40850776
0.40970093
0.41090202
0.41210926
0.41332453
0.41454604
0.41577578
0.41701183
0.41825527
0.41950616
0.42076454
0.42203149
0.42330506
0.42458639
0.42587650
0.42717344
0.42847934
0.42979223
0.43111315
0.43244329
0.43378061
0.43512622
0.43648127
0.43784371
0.43921578
0.44059536
0.44198474
0.44338182
0.44478777
0.44620377
0.44762766
0.44906071
0.45050406
0.45195562
0.45341769
0.45488811
0.45636925
0.45785889
0.45935827
0.46086872
0.46238795
0.46391842
0.46545783
0.46700749
0.46856874
0.47013924
0.47172153
0.47331324
0.47491449
0.47652915
0.47815353
0.47979033
0.48143706
0.48309514
0.48476601
0.48644716
0.48814133
0.48984599
0.49156260
0.49329266
0.49503353
0.49678677
0.49855387
0.50033218
0.50212461
0.50392848
0.50574684
0.50757694
0.50942034
0.51127857
0.51314896
0.51503462
0.51693267
0.51884472
0.52077252
0.52271318
0.52466989
0.52663970
0.52862442
0.53062570
0.53264064
0.53467250
0.53671831
0.53877985
0.54085892
0.54295248
0.54506397
0.54719025
0.54933149
0.55149293
0.55366975
0.55586559
0.55807716
0.56030637
0.56255525
0.56482047
0.56710583
0.56940788
0.57172877
0.57407045
0.57642955
0.57880998
0.58120829
0.58362651
0.58606690
0.58852583
0.59100747
0.59350812
0.59603000
0.59857547
0.60114068
0.60373008
0.60633981
0.60897213
0.61162961
0.61430818
0.61701250
0.61973858
0.62248886
0.62526584
0.62806547
0.63089252
0.63374293
0.63661915
0.63952392
0.64245301
0.64541137
0.64839244
0.65140349
0.65444505
0.65751278
0.66061181
0.66373771
0.66689336
0.67008168
0.67316312
0.67597765
0.67838901
0.68044287
0.68204367
0.68340272
0.68434334
0.68507814
0.68548971
0.68566138
0.68564284
0.68527335
0.68488044
0.68438542
0.68389106
0.68425125
1.45909023
1.46672463
1.47442722
1.48222339
1.49009001
1.49805319
1.50608921
1.51422477
1.52243567
1.53074920
1.53914082
1.54763830
1.55621660
1.56490433
1.57367563
1.58255994
1.59153080
1.60061836
1.60979581
1.61909378
1.62848496
1.63800073
1.64761305
1.65735435
1.66719592
1.67717087
1.68724990
1.69746697
1.70779216
1.71826029
1.72884071
1.73956931
1.75041473
1.76141357
1.77253389
1.78381336
1.79521930
1.80679023
1.81851137
1.83036685
1.84239686
1.85456681
1.86691809
1.87941515
1.89210081
1.90493858
1.91797233
1.93116462
1.94456100
1.95812297
1.97189736
1.98584461
2.00001311
2.01436257
2.02894235
2.04371142
2.05872083
2.07392812
2.08938622
2.10505176
2.12097907
2.13712382
2.15354204
2.17018819
2.18712044
2.20429182
2.22176266
2.23948431
2.25751972
2.27581882
2.29444671
2.31335187
2.33260179
2.35214353
2.37201571
2.39222646
2.41281724
2.43373227
2.45504689
2.47670364
2.49878120
2.49846554
0.38368210
0.38473445
0.38579261
0.38685745
0.38792732
0.38900399
0.39008579
0.39117363
0.39226842
0.39336848
0.39447561
0.39558810
0.39670688
0.39783290
0.39896443
0.40010333
0.40124783
0.40239891
0.40355754
0.40472192
0.40589395
0.40707189
0.40825665
0.40944931
0.41064799
0.41185465
0.41306749
0.41428748
0.41551566
0.41675019
0.41799304
0.41924137
0.42049813
0.42176348
0.42303547
0.42431614
0.42560360
0.42689887
0.42820311
0.42951429
0.43083456
0.43216193
0.43349853
0.43484241
0.43619463
0.43755636
0.43892550
0.44030330
0.44169083
0.44308606
0.44449121
0.44590420
0.44732618
0.44875842
0.45019871
0.45164943
0.45310837
0.45457676
0.45605588
0.45754346
0.45904198
0.46054918
0.46206626
0.46359459
0.46513185
0.46668059
0.46823841
0.46980667
0.47138673
0.47297621
0.47457767
0.47618750
0.47781083
0.47944400
0.48108834
0.48274535
0.48441246
0.48609114
0.48778284
0.48948500
0.49120042
0.49292654
0.49466625
0.49641687
0.49817991
0.49995694
0.50174528
0.50354648
0.50536203
0.50718933
0.50903136
0.51088530
0.51275283
0.51463556
0.51653063
0.51844126
0.52036452
0.52230209
0.52425575
0.52622247
0.52820557
0.53020215
0.53221381
0.53424245
0.53628498
0.53834480
0.54041886
0.54250902
0.54461700
0.54673982
0.54887921
0.55103540
0.55321032
0.55540079
0.55760860
0.55983585
0.56207919
0.56434059
0.56662202
0.56892014
0.57123888
0.57357472
0.57593155
0.57830602
0.58070010
0.58311605
0.58555025
0.58800679
0.59048206
0.59297824
0.59549761
0.59803653
0.60059917
0.60318178
0.60578674
0.60841644
0.61106688
0.61374265
0.61643988
0.61916083
0.62190813
0.62467772
0.62747431
0.63029385
0.63313878
0.63601184
0.63890874
0.64183450
0.64478487
0.64776009
0.65076762
0.65380085
0.65686494
0.65995538
0.66307509
0.66622692
0.66940629
0.67261875
0.67561847
0.67845106
0.68068224
0.68275005
0.68418026
0.68554783
0.68633020
0.68706930
0.68733460
0.68750715
0.68733996
0.68696856
0.68653935
0.68604189
0.68562174
0.68656051
1.46510696
1.47279251
1.48057139
1.48842037
1.49636567
1.50438356
1.51250064
1.52069283
1.52898729
1.53737283
1.54583740
1.55440927
1.56306291
1.57182741
1.58067679
1.58964050
1.59869206
1.60786188
1.61712277
1.62650585
1.63598335
1.64558721
1.65528917
1.66512167
1.67505598
1.68512547
1.69530058
1.70561576
1.71604061
1.72661042
1.73729432
1.74812841
1.75908101
1.77018952
1.78142118
1.79281449
1.80433607
1.81602538
1.82784820
1.83984506
1.85198116
1.86429799
1.87675989
1.88940966
1.90221071
1.91520703
1.92836130
1.94171858
1.95524085
1.96897447
1.98288035
1.99700642
2.01131248
2.02584815
2.04057193
2.05553508
2.07069516
2.08610511
2.10172105
2.11759806
2.13369107
2.15005636
2.16664839
2.18352532
2.20063996
2.21805286
2.23574328
2.25368977
2.27195549
2.29049039
2.30936027
2.32851291
2.34801698
2.36778760
2.38795805
2.40844250
2.42931461
2.45051789
2.47212887
2.49408960
2.49944782
2.49188995
0.38451174
0.38556951
0.38663226
0.38770089
0.38877630
0.38985685
0.39094424
0.39203689
0.39313650
0.39424145
0.39535263
0.39647096
0.39759475
0.39872494
0.39986247
0.40100560
0.40215617
0.40331247
0.40447637
0.40564606
0.40682256
0.40800682
0.40919706
0.41039425
0.41159943
0.41281074
0.41403019
0.41525587
0.41648984
0.41773015
0.41897789
0.42023310
0.42149583
0.42276719
0.42404526
0.42533106
0.42662570
0.42792723
0.42923772
0.43055525
0.43188092
0.43321580
0.43455788
0.43590942
0.43726829
0.43863565
0.44001269
0.44139731
0.44279176
0.44419393
0.44560504
0.44702625
0.44845542
0.44989491
0.45134252
0.45279947
0.45426702
0.45574296
0.45722967
0.45872495
0.46023005
0.46174622
0.46327123
0.46480757
0.46635291
0.46790853
0.46947584
0.47105241
0.47264087
0.47423881
0.47584635
0.47746736
0.47909817
0.48074144
0.48239473
0.48405942
0.48573697
0.48742485
0.48912585
0.49083742
0.49256101
0.49429810
0.49604613
0.49780792
0.49958089
0.50136656
0.50316644
0.50497782
0.50680381
0.50864154
0.51049262
0.51235878
0.51423711
0.51613075
0.51803690
0.51995713
0.52189326
0.52384228
0.52580744
0.52778584
0.52977926
0.53178930
0.53381306
0.53585392
0.53790879
0.53997952
0.54206789
0.54417080
0.54629177
0.54842597
0.55057865
0.55274993
0.55493671
0.55714262
0.55936438
0.56160390
0.56386328
0.56613904
0.56843507
0.57074797
0.57307982
0.57543260
0.57780296
0.58019477
0.58260459
0.58503449
0.58748668
0.58995754
0.59245127
0.59496421
0.59749854
0.60005653
0.60263455
0.60523683
0.60785961
0.61050522
0.61317605
0.61586827
0.61858636
0.62132639
0.62409079
0.62688208
0.62969625
0.63253808
0.63540339
0.63829476
0.64121485
0.64415950
0.64713365
0.65013063
0.65316033
0.65621597
0.65930033
0.66241628
0.66555929
0.66873485
0.67193830
0.67517257
0.67808926
0.68091917
0.68299103
0.68495423
0.68633020
0.68758684
0.68833137
0.68901342
0.68918949
0.68936300
0.68904811
0.68867218
0.68820626
0.68770641
0.68745410
0.68921620
1.47117352
1.47892296
1.48676693
1.49468195
1.50269449
1.51078045
1.51896691
1.52722943
1.53559566
1.54404056
1.55259240
1.56122589
1.56996977
1.57879806
1.58774042
1.59677041
1.60591805
1.61515653
1.62451673
1.63397110
1.64355123
1.65322900
1.66303706
1.67294645
1.68299043
1.69313979
1.70342851
1.71382666
1.72436905
1.73502517
1.74583089
1.75675476
1.76783371
1.77903545
1.79039812
1.80188859
1.81354606
1.82533658
1.83730042
1.84940279
1.86168528
1.87411213
1.88672602
1.89951098
1.91244972
1.92558682
1.93888450
1.95238853
1.96606040
1.97994697
1.99400878
2.00829458
2.02276325
2.03746557
2.05235934
2.06749654
2.08283424
2.09842587
2.11422777
2.13029480
2.14658213
2.16314673
2.17994213
2.19702744
2.21435547
2.23198676
2.24987268
2.26807642
2.28654790
2.30535245
2.32443833
2.34387398
2.36360598
2.38367319
2.40408373
2.42488003
2.44600558
2.46753693
2.48941565
2.50046587
2.49286699
2.48531413
0.38534582
0.38640732
0.38747555
0.38854885
0.38962898
0.39071429
0.39180562
0.39290395
0.39400759
0.39511833
0.39623445
0.39735690
0.39848661
0.39962187
0.40076452
0.40191284
0.40306774
0.40423021
0.40539846
0.40657446
0.40775633
0.40894511
0.41014177
0.41134453
0.41255531
0.41377226
0.41499642
0.41622883
0.41746759
0.41871473
0.41996738
0.42122853
0.42249829
0.42377469
0.42505988
0.42635185
0.42765167
0.42896050
0.43027633
0.43160132
0.43293342
0.43427482
0.43562350
0.43698061
0.43834725
0.43972138
0.44110525
0.44249675
0.44389707
0.44530740
0.44672558
0.44815397
0.44959038
0.45103604
0.45249215
0.45395654
0.45543161
0.45691514
0.45840836
0.45991254
0.46142545
0.46294954
0.46448252
0.46602568
0.46758038
0.46914423
0.47071981
0.47230479
0.47390047
0.47550693
0.47712436
0.47875410
0.48039374
0.48204464
0.48370820
0.48538199
0.48706874
0.48876593
0.49047497
0.49219736
0.49393052
0.49567729
0.49743509
0.49920541
0.50098979
0.50278550
0.50459564
0.50641739
0.50825232
0.51010203
0.51196384
0.51384073
0.51572996
0.51763314
0.51955193
0.52148348
0.52343100
0.52539152
0.52736682
0.52935857
0.53136384
0.53338599
0.53542197
0.53747356
0.53954250
0.54162586
0.54372698
0.54584283
0.54797351
0.55012429
0.55229032
0.55447519
0.55667567
0.55889368
0.56113124
0.56338495
0.56565869
0.56794900
0.57025796
0.57258761
0.57493448
0.57730258
0.57968837
0.58209395
0.58452153
0.58696747
0.58943594
0.59192330
0.59443170
0.59696347
0.59951490
0.60209030
0.60468578
0.60730380
0.60994667
0.61261052
0.61529988
0.61801076
0.62074572
0.62350708
0.62629098
0.62910205
0.63193625
0.63479608
0.63768423
0.64059645
0.64353770
0.64650375
0.64949489
0.65251863
0.65556824
0.65864897
0.66175628
0.66489303
0.66806221
0.67125922
0.67448950
0.67772263
0.68057293
0.68320072
0.68528390
0.68706667
0.68845648
0.68956059
0.69033080
0.69087738
0.69105440
0.69113755
0.69076210
0.69038433
0.68988132
0.68937635
0.68943506
1.46954608
1.47727835
1.48510480
1.49300206
1.50099647
1.50906420
1.51723194
1.52547562
1.53382254
1.54224789
1.55077994
1.55939317
1.56811643
1.57692397
1.58584499
1.59485328
1.60397899
1.61319506
1.62253249
1.63197863
1.64152026
1.65118945
1.66095769
1.67085791
1.68086088
1.69100058
1.70124698
1.71163476
1.72213364
1.73277879
1.74353945
1.75445187
1.76548409
1.77667379
1.78798831
1.79946589
1.81107354
1.82285047
1.83476269
1.84685075
1.85907984
1.87149155
1.88405013
1.89679861
1.90970039
1.92279959
1.93605864
1.94952333
1.96315479
1.97700024
1.99102008
2.00526285
2.01968789
2.03434515
2.04919314
2.06428361
2.07957339
2.09511614
2.11086798
2.12688398
2.14311886
2.15962982
2.17637062
2.19339991
2.21067023
2.22824264
2.24606848
2.26421046
2.28261876
2.30135846
2.32037830
2.33974576
2.35940790
2.37940335
2.39977312
2.42046165
2.44154358
2.46296167
2.48479366
2.50144982
2.49384499
2.48628616
2.47877312
0.38618350
0.38724965
0.38832253
0.38940057
0.39048457
0.39157549
0.39267167
0.39377487
0.39488339
0.39599821
0.39712021
0.39824769
0.39938247
0.40052286
0.40166977
0.40282419
0.40398434
0.40515211
0.40632573
0.40750617
0.40869442
0.40988865
0.41109088
0.41229922
0.41351464
0.41473827
0.41596815
0.41720635
0.41845095
0.41970199
0.42096254
0.42222971
0.42350549
0.42478803
0.42607835
0.42737755
0.42868367
0.42999882
0.43132102
0.43265140
0.43399107
0.43533799
0.43669435
0.43805814
0.43943045
0.44081250
0.44220215
0.44360170
0.44500905
0.44642532
0.44785178
0.44928625
0.45073110
0.45218408
0.45364764
0.45511955
0.45660102
0.45809337
0.45959431
0.46110630
0.46262708
0.46415794
0.46570015
0.46725142
0.46881431
0.47038645
0.47196916
0.47356382
0.47516677
0.47678316
0.47840926
0.48004651
0.48169634
0.48335621
0.48502886
0.48671183
0.48840651
0.49011439
0.49183288
0.49356484
0.49530765
0.49706283
0.49883190
0.50061220
0.50240666
0.50421256
0.50603151
0.50786513
0.50971061
0.51157099
0.51344353
0.51532984
0.51723158
0.51914585
0.52107590
0.52301878
0.52497625
0.52694994
0.52893698
0.53094065
0.53295797
0.53499067
0.53704059
0.53910458
0.54118621
0.54328227
0.54539460
0.54752517
0.54966903
0.55183315
0.55401272
0.55620950
0.55842555
0.56065756
0.56290931
0.56517732
0.56746376
0.56977057
0.57209444
0.57443726
0.57680124
0.57918286
0.58158618
0.58400756
0.58645117
0.58891332
0.59139621
0.59390217
0.59642744
0.59897625
0.60154498
0.60413581
0.60675108
0.60938704
0.61204809
0.61473036
0.61743629
0.62016827
0.62292236
0.62570322
0.62850678
0.63133556
0.63419223
0.63707256
0.63998151
0.64291477
0.64587510
0.64886278
0.65187824
0.65492427
0.65799642
0.66109759
0.66423059
0.66739094
0.67058402
0.67380524
0.67705756
0.68018544
0.68305653
0.68546069
0.68755764
0.68913078
0.69053161
0.69144630
0.69222069
0.69261396
0.69283229
0.69280267
0.69248462
0.69207001
0.69156450
0.69109195
0.69169885
1.47564948
1.48344624
1.49133837
1.49930239
1.50736451
1.51550102
1.52373886
1.53205359
1.54047275
1.54897165
1.55757833
1.56626749
1.57506812
1.58395410
1.59295511
1.60204458
1.61125302
1.62055314
1.62997615
1.63949430
1.64913952
1.65888345
1.66875887
1.67873669
1.68885064
1.69907093
1.70943213
1.71990383
1.73052144
1.74125397
1.75213766
1.76314080
1.77430069
1.78558493
1.79703164
1.80860770
1.82035255
1.83223200
1.84428668
1.85648167
1.86885858
1.88138175
1.89409411
1.90695894
1.92002046
1.93324113
1.94666636
1.96025777
1.97406232
1.98806262
2.00224042
2.01664472
2.03123450
2.04606056
2.06108069
2.07634735
2.09181714
2.10754418
2.12348413
2.13969254
2.15612459
2.17283726
2.18978405
2.20702481
2.22451138
2.24230552
2.26035786
2.27873230
2.29737830
2.31636214
2.33563185
2.35525584
2.37514901
2.39544559
2.41605926
2.43706417
2.45840359
2.48015451
2.50225854
2.49482369
2.48725891
2.47977448
2.47230053
0.38702485
0.38809565
0.38917241
0.39025599
0.39134479
0.39244053
0.39354154
0.39464876
0.39576313
0.39688289
0.39800993
0.39914247
0.40028149
0.40142792
0.40258002
0.40373969
0.40490511
0.40607730
0.40725723
0.40844309
0.40963683
0.41083661
0.41204342
0.41325831
0.41447943
0.41570878
0.41694444
0.41818747
0.41943794
0.42069590
0.42196244
0.42323563
0.42451653
0.42580619
0.42710271
0.42840818
0.42972061
0.43104112
0.43237081
0.43370768
0.43505388
0.43640742
0.43776941
0.43914101
0.44052014
0.44190794
0.44330564
0.44471109
0.44612658
0.44755003
0.44898367
0.45042542
0.45187646
0.45333803
0.45480791
0.45628852
0.45777765
0.45927650
0.46078640
0.46230507
0.46383500
0.46537384
0.46692297
0.46848366
0.47005355
0.47163528
0.47322643
0.47482833
0.47644114
0.47806492
0.47970110
0.48134723
0.48300469
0.48467493
0.48635542
0.48804897
0.48975298
0.49147031
0.49319834
0.49493858
0.49669251
0.49845752
0.50023514
0.50202692
0.50383008
0.50564772
0.50747710
0.50931972
0.51117730
0.51304692
0.51493180
0.51682907
0.51874042
0.52066743
0.52260727
0.52456319
0.52653223
0.52851766
0.53051656
0.53253067
0.53456169
0.53660667
0.53866738
0.54074556
0.54283822
0.54494882
0.54707420
0.54921621
0.55137509
0.55355096
0.55574584
0.55795646
0.56018645
0.56243259
0.56469685
0.56698120
0.56928223
0.57160389
0.57394272
0.57630080
0.57868016
0.58107734
0.58349645
0.58593380
0.58839160
0.59087211
0.59337157
0.59589231
0.59843659
0.60100067
0.60358882
0.60619730
0.60882843
0.61148459
0.61416197
0.61686498
0.61958975
0.62233865
0.62511432
0.62791258
0.63073826
0.63358724
0.63646209
0.63936543
0.64229304
0.64524996
0.64822948
0.65124142
0.65427911
0.65734524
0.66044271
0.66356701
0.66672099
0.66990763
0.67312235
0.67637068
0.67964786
0.68266624
0.68555838
0.68773293
0.68980378
0.69121003
0.69256008
0.69334239
0.69411832
0.69434035
0.69455981
0.69435388
0.69403714
0.69364494
0.69320464
0.69286197
0.69423473
1.48179150
1.48966599
1.49761200
1.50565600
1.51377404
1.52199304
1.53028858
1.53868842
1.54716754
1.55575418
1.56442297
1.57320273
1.58206761
1.59104717
1.60011482
1.60930097
1.61857855
1.62797856
1.63747334
1.64709473
1.65681446
1.66666520
1.67661798
1.68670630
1.69691670
1.70723522
1.71769655
1.72827005
1.73899150
1.74982965
1.76082110
1.77193403
1.78320587
1.79460394
1.80616701
1.81786144
1.82972705
1.84172964
1.85391009
1.86623299
1.87874079
1.89139724
1.90424562
1.91724920
1.93045259
1.94381785
1.95739090
1.97113311
1.98509169
1.99922693
2.01358771
2.02813315
2.04291391
2.05788779
2.07310677
2.08852816
2.10420561
2.12009501
2.13625169
2.15263057
2.16928887
2.18618035
2.20336413
2.22079229
2.23852682
2.25651813
2.27483010
2.29341197
2.31233001
2.33153248
2.35108733
2.37090993
2.39113379
2.41167307
2.43260145
2.45386219
2.47553253
2.49755406
2.49583817
2.48826718
2.48074222
2.47326255
2.46582770
0.38786900
0.38894534
0.39002684
0.39111432
0.39220878
0.39330852
0.39441529
0.39552745
0.39664587
0.39777157
0.39890274
0.40004128
0.40118545
0.40233707
0.40349442
0.40465844
0.40583012
0.40700766
0.40819207
0.40938434
0.41058263
0.41178891
0.41300136
0.41422191
0.41544876
0.41668287
0.41792533
0.41917324
0.42043060
0.42169455
0.42296612
0.42424637
0.42553338
0.42682928
0.42813203
0.42944276
0.43076262
0.43208954
0.43342572
0.43476912
0.43612087
0.43748215
0.43885085
0.44022816
0.44161522
0.44300994
0.44441465
0.44582713
0.44724864
0.44868037
0.45012018
0.45157036
0.45302880
0.45449668
0.45597526
0.45746234
0.45896032
0.46046695
0.46198472
0.46351129
0.46504802
0.46659616
0.46815345
0.46972236
0.47130060
0.47288948
0.47449040
0.47609961
0.47772235
0.47935492
0.48099867
0.48265502
0.48432150
0.48600090
0.48769060
0.48939213
0.49110690
0.49283239
0.49457142
0.49632135
0.49808374
0.49986008
0.50164771
0.50344962
0.50526309
0.50708967
0.50893092
0.51078415
0.51265240
0.51453292
0.51642722
0.51833707
0.52025956
0.52219790
0.52414924
0.52611518
0.52809745
0.53009319
0.53210562
0.53413182
0.53617352
0.53823251
0.54030567
0.54239661
0.54450208
0.54662395
0.54876244
0.55091774
0.55309170
0.55528122
0.55748814
0.55971438
0.56195676
0.56421894
0.56649756
0.56879473
0.57111239
0.57344723
0.57580304
0.57817644
0.58057135
0.58298427
0.58541733
0.58787274
0.59034693
0.59284198
0.59536022
0.59789789
0.60045934
0.60304081
0.60564661
0.60827297
0.61092216
0.61359668
0.61629260
0.61901230
0.62175828
0.62452650
0.62732172
0.63013989
0.63298345
0.63585508
0.63875055
0.64167488
0.64462370
0.64759749
0.65060353
0.65363520
0.65669775
0.65978664
0.66290468
0.66605490
0.66923267
0.67244345
0.67568260
0.67895311
0.68225807
0.68516779
0.68790573
0.69002301
0.69188708
0.69330186
0.69446224
0.69524884
0.69584948
0.69607264
0.69623053
0.69591206
0.69559389
0.69515926
0.69471431
0.69470614
0.69739527
1.48799741
1.49593806
1.50395131
1.51206374
1.52025115
1.52854085
1.53690815
1.54538107
1.55393434
1.56259644
1.57134187
1.58019972
1.58914375
1.59820402
1.60735369
1.61662340
1.62598586
1.63547230
1.64505494
1.65476596
1.66457665
1.67452025
1.68456733
1.69475186
1.70504391
1.71547830
1.72602439
1.73671794
1.74752772
1.75849020
1.76957357
1.78081524
1.79218268
1.80371451
1.81537712
1.82721031
1.83917975
1.85132635
1.86361480
1.87608743
1.88870800
1.90151978
1.91448605
1.92765129
1.94097757
1.95451093
1.96821249
1.98212969
1.99622262
2.01054025
2.02504158
2.03977680
2.05470467
2.06987643
2.08524966
2.10087776
2.11674190
2.13282180
2.14917374
2.16575217
2.18261504
2.19971538
2.21711349
2.23476076
2.25271988
2.27094102
2.28948879
2.30831194
2.32747769
2.34693360
2.36671734
2.38683748
2.40733504
2.42815471
2.44937134
2.47092795
2.49290204
2.49681830
2.48924160
2.48171067
2.47422504
2.46678448
2.45942259
0.38871771
0.38979793
0.39088503
0.39197731
0.39307660
0.39418122
0.39529204
0.39641005
0.39753348
0.39866421
0.39980048
0.40094325
0.40209350
0.40324944
0.40441296
0.40558228
0.40675840
0.40794230
0.40913215
0.41032991
0.41153377
0.41274470
0.41396376
0.41518906
0.41642261
0.41766253
0.41891083
0.42016464
0.42142698
0.42269793
0.42397556
0.42526093
0.42655516
0.42785624
0.42916632
0.43048343
0.43180862
0.43314305
0.43448472
0.43583578
0.43719417
0.43856108
0.43993765
0.44132179
0.44271576
0.44411749
0.44552919
0.44694880
0.44837749
0.44981647
0.45126358
0.45272002
0.45418704
0.45566246
0.45714864
0.45864341
0.46014795
0.46166360
0.46318805
0.46472383
0.46626860
0.46782368
0.46939042
0.47096643
0.47255430
0.47415167
0.47575986
0.47737899
0.47900921
0.48065189
0.48230454
0.48396993
0.48564553
0.48733279
0.48903313
0.49074405
0.49246833
0.49420342
0.49595076
0.49771190
0.49948418
0.50127053
0.50306833
0.50487900
0.50670421
0.50854129
0.51039314
0.51225704
0.51413459
0.51602751
0.51793289
0.51985389
0.52178770
0.52373594
0.52570027
0.52767789
0.52967203
0.53167969
0.53370261
0.53574264
0.53779668
0.53986818
0.54195404
0.54405606
0.54617614
0.54830945
0.55046284
0.55263156
0.55481738
0.55702233
0.55924314
0.56148344
0.56374002
0.56601483
0.56830984
0.57062173
0.57295436
0.57530427
0.57767355
0.58006430
0.58247304
0.58490372
0.58735293
0.58982265
0.59231526
0.59482700
0.59736216
0.59991699
0.60249376
0.60509485
0.60771638
0.61036283
0.61303037
0.61572129
0.61843807
0.62117678
0.62394202
0.62672979
0.62954259
0.63238299
0.63524693
0.63813913
0.64105552
0.64399868
0.64697134
0.64996684
0.65299499
0.65604907
0.65913188
0.66224623
0.66538763
0.66856152
0.67176330
0.67499590
0.67826235
0.68155795
0.68477243
0.68768513
0.69019693
0.69232839
0.69398302
0.69540638
0.69637489
0.69716585
0.69758934
0.69781357
0.69779718
0.69747728
0.69712490
0.69667745
0.69625235
0.69679743
1.48633242
1.49425542
1.50225055
1.51034462
1.51851332
1.52678406
1.53513205
1.54358530
1.55211866
1.56076050
1.56948531
1.57832217
1.58724499
1.59628356
1.60541117
1.61465836
1.62399805
1.63346124
1.64302027
1.65270710
1.66249347
1.67241204
1.68243372
1.69259238
1.70285821
1.71326578
1.72378469
1.73445034
1.74523175
1.75616539
1.76721942
1.77843118
1.78976810
1.80126870
1.81291807
1.82470036
1.83665586
1.84874976
1.86102343
1.87344146
1.88604641
1.89880180
1.91175139
1.92485809
1.93816674
1.95163941
1.96532226
1.97917640
1.99324965
2.00750184
2.02198219
2.03664947
2.05155492
2.06665635
2.08200574
2.09756041
2.11337423
2.12940288
2.14570236
2.16222692
2.17903471
2.19607878
2.21341920
2.23100758
2.24890614
2.26706529
2.28554964
2.30430794
2.32340693
2.34279442
2.36253953
2.38255644
2.40298033
2.42372441
2.44486332
2.46634030
2.48823237
2.49779940
2.49021649
2.48267984
2.47522283
2.46777630
2.46037436
2.45301700
0.38957015
0.39065510
0.39174700
0.39284411
0.39394742
0.39505780
0.39617360
0.39729658
0.39842507
0.39955997
0.40070227
0.40185022
0.40300566
0.40416688
0.40533477
0.40651038
0.40769190
0.40888122
0.41007659
0.41127893
0.41248932
0.41370592
0.41493064
0.41616169
0.41740003
0.41864678
0.41989902
0.42116076
0.42242908
0.42370510
0.42498985
0.42628139
0.42758185
0.42888921
0.43020460
0.43152910
0.43286076
0.43420175
0.43554997
0.43690658
0.43827277
0.43964645
0.44102985
0.44242087
0.44382071
0.44523054
0.44664824
0.44807613
0.44951203
0.45095718
0.45241278
0.45387667
0.45535123
0.45683423
0.45832691
0.45983058
0.46134293
0.46286649
0.46439892
0.46594152
0.46749565
0.46905893
0.47063395
0.47221833
0.47381341
0.47541931
0.47703615
0.47866529
0.48030430
0.48195457
0.48361754
0.48529071
0.48697680
0.48867333
0.49038172
0.49210346
0.49383596
0.49558207
0.49733922
0.49911022
0.50089252
0.50268757
0.50449693
0.50631797
0.50815362
0.51000118
0.51186228
0.51373845
0.51562691
0.51753080
0.51944733
0.52137810
0.52332479
0.52528453
0.52726060
0.52924997
0.53125441
0.53327572
0.53531086
0.53736317
0.53942972
0.54151219
0.54361242
0.54572737
0.54786050
0.55000705
0.55217212
0.55435604
0.55655557
0.55877441
0.56100923
0.56326199
0.56553465
0.56782401
0.57013375
0.57246053
0.57480639
0.57717341
0.57955813
0.58196455
0.58438909
0.58683395
0.58930129
0.59178752
0.59429675
0.59682536
0.59937561
0.60194981
0.60454410
0.60716295
0.60980248
0.61246508
0.61515313
0.61786276
0.62059850
0.62335646
0.62613899
0.62894869
0.63178152
0.63464218
0.63752663
0.64043742
0.64337718
0.64634180
0.64933378
0.65235364
0.65540171
0.65848082
0.66158658
0.66472423
0.66788924
0.67108458
0.67431319
0.67757040
0.68086189
0.68418288
0.68728685
0.69022101
0.69250077
0.69464922
0.69608897
0.69750184
0.69829810
0.69909346
0.69934064
0.69956601
0.69937086
0.69904953
0.69865167
0.69820499
0.69787103
0.69926095
1.49257648
1.50055361
1.50862932
1.51677942
1.52503121
1.53336012
1.54179370
1.55032074
1.55892885
1.56764686
1.57644904
1.58536482
1.59436762
1.60348773
1.61269820
1.62202978
1.63145506
1.64100575
1.65065348
1.66043091
1.67030907
1.68032146
1.69043851
1.70069432
1.71105897
1.72156727
1.73218870
1.74295902
1.75384676
1.76488900
1.77605331
1.78737783
1.79882944
1.81044722
1.82219732
1.83411992
1.84618032
1.85841990
1.87080312
1.88337231
1.89609146
1.90900397
1.92207289
1.93534303
1.94877625
1.96241891
1.97623205
1.99026322
2.00447249
2.01890898
2.03353190
2.04839158
2.06344604
2.07874775
2.09425354
2.11001730
2.12599492
2.14224195
2.15871310
2.17546630
2.19245434
2.20973730
2.22726703
2.24510527
2.26323175
2.28162384
2.30034733
2.31935024
2.33870053
2.35834503
2.37832260
2.39864135
2.41934323
2.44037199
2.46180367
2.48358035
2.49878120
2.49119234
2.48368430
2.47618699
2.46873450
2.46132708
2.45396376
2.44664454
0.39042547
0.39151606
0.39261192
0.39371476
0.39482296
0.39593831
0.39705908
0.39818621
0.39932066
0.40046069
0.40160725
0.40276128
0.40392107
0.40508848
0.40626174
0.40744272
0.40862969
0.40982357
0.41102538
0.41223332
0.41344935
0.41467160
0.41590109
0.41713887
0.41838306
0.41963473
0.42089388
0.42216060
0.42343599
0.42471808
0.42600900
0.42730674
0.42861244
0.42992717
0.43124893
0.43257990
0.43391806
0.43526453
0.43662044
0.43798375
0.43935671
0.44073719
0.44212636
0.44352543
0.44493228
0.44634920
0.44777405
0.44920802
0.45065236
0.45210484
0.45356789
0.45503926
0.45652023
0.45801204
0.45951244
0.46102390
0.46254414
0.46407443
0.46561611
0.46716681
0.46872792
0.47030070
0.47188285
0.47347692
0.47507927
0.47669503
0.47832057
0.47995722
0.48160639
0.48326567
0.48493639
0.48662004
0.48831406
0.49002129
0.49173912
0.49346906
0.49521258
0.49696708
0.49873546
0.50051504
0.50230879
0.50411403
0.50593227
0.50776517
0.50960988
0.51146954
0.51334137
0.51522690
0.51712787
0.51904142
0.52097064
0.52291280
0.52487099
0.52684236
0.52882856
0.53083146
0.53284788
0.53487974
0.53692877
0.53899193
0.54107267
0.54316789
0.54528099
0.54740900
0.54955196
0.55171514
0.55389374
0.55609137
0.55830473
0.56053573
0.56278646
0.56505358
0.56733900
0.56964481
0.57196754
0.57431126
0.57667232
0.57905287
0.58145511
0.58387542
0.58631784
0.58877891
0.59126264
0.59376550
0.59628958
0.59883726
0.60140473
0.60399640
0.60660839
0.60924309
0.61190289
0.61458391
0.61729068
0.62001920
0.62277198
0.62555146
0.62835366
0.63118333
0.63403636
0.63691527
0.63982278
0.64275461
0.64571577
0.64869958
0.65171355
0.65475804
0.65782863
0.66093069
0.66405964
0.66721833
0.67040974
0.67362928
0.67688251
0.68016464
0.68347883
0.68682808
0.68980908
0.69263279
0.69478208
0.69671559
0.69816393
0.69938737
0.70021272
0.70087165
0.70109797
0.70127475
0.70095170
0.70062888
0.70018792
0.69973928
0.69972551
0.70247865
1.49887311
1.50691795
1.51506245
1.52328241
1.53160536
1.54000628
1.54851341
1.55710149
1.56579912
1.57458043
1.58347499
1.59245634
1.60155451
1.61074269
1.62005162
1.62945390
1.63898098
1.64860499
1.65835798
1.66821146
1.67819858
1.68829000
1.69851971
1.70885777
1.71933901
1.72993290
1.74067509
1.75153422
1.76254725
1.77368188
1.78497612
1.79639685
1.80798316
1.81970119
1.83159101
1.84361815
1.85582352
1.86817205
1.88070595
1.89340901
1.90626454
1.91931653
1.93252742
1.94594276
1.95952415
1.97331822
1.98728573
2.00147486
2.01584530
2.03044677
2.04523778
2.06026959
2.07549977
2.09098148
2.10667109
2.12262297
2.13879275
2.15523696
2.17190933
2.18886852
2.20606756
2.22356653
2.24131727
2.25938225
2.27771163
2.29637074
2.31530762
2.33459020
2.35416555
2.37407207
2.39431787
2.41494489
2.43589687
2.45724964
2.47894573
2.49976373
2.49220395
2.48465514
2.47715187
2.46969366
2.46228027
2.45494533
2.44762015
2.44033861
0.39128542
0.39238083
0.39348152
0.39458841
0.39570242
0.39682186
0.39794853
0.39908072
0.40021938
0.40136546
0.40251720
0.40367651
0.40484157
0.40601340
0.40719295
0.40837842
0.40957177
0.41077119
0.41197762
0.41319212
0.41441286
0.41564178
0.41687706
0.41811970
0.41936976
0.42062733
0.42189345
0.42316622
0.42444667
0.42573592
0.42703202
0.42833704
0.42964906
0.43096912
0.43229836
0.43363479
0.43498054
0.43633363
0.43769622
0.43906626
0.44044492
0.44183335
0.44322947
0.44463554
0.44604945
0.44747239
0.44890556
0.45034680
0.45179847
0.45325837
0.45472774
0.45620784
0.45769641
0.45919475
0.46070412
0.46222225
0.46375161
0.46528992
0.46683970
0.46839857
0.46996793
0.47154906
0.47313964
0.47474095
0.47635317
0.47797635
0.47961193
0.48125744
0.48291430
0.48458388
0.48626375
0.48795664
0.48966002
0.49137533
0.49310407
0.49484363
0.49659690
0.49836123
0.50013816
0.50192922
0.50373173
0.50554866
0.50737727
0.50922066
0.51107597
0.51294494
0.51482904
0.51672554
0.51863760
0.52056235
0.52250141
0.52445656
0.52642477
0.52840942
0.53040755
0.53242075
0.53445095
0.53649509
0.53855658
0.54063225
0.54272401
0.54483372
0.54695821
0.54909933
0.55125725
0.55343223
0.55562615
0.55783582
0.56006485
0.56231004
0.56457323
0.56685656
0.56915665
0.57147729
0.57381505
0.57617205
0.57855040
0.58094651
0.58336449
0.58580077
0.58825743
0.59073681
0.59323514
0.59575671
0.59829783
0.60086268
0.60344762
0.60605490
0.60868686
0.61133969
0.61401576
0.61671752
0.61944097
0.62219071
0.62496287
0.62776202
0.63058412
0.63343167
0.63630736
0.63920701
0.64213318
0.64508861
0.64806664
0.65107709
0.65411317
0.65718019
0.66027367
0.66339636
0.66655123
0.66973376
0.67294681
0.67619336
0.67946887
0.68277884
0.68611854
0.68938702
0.69233650
0.69489056
0.69705391
0.69874215
0.70019895
0.70120293
0.70203257
0.70250082
0.70277262
0.70281148
0.70253962
0.70218211
0.70173091
0.70129412
0.70184988
1.49718380
1.50521040
1.51333642
1.52153766
1.52984142
1.53822303
1.54671049
1.55527842
1.56395566
1.57271624
1.58158970
1.59054959
1.59962595
1.60879195
1.61807823
1.62747240
1.63696134
1.64657664
1.65629029
1.66613472
1.67608118
1.68616307
1.69635069
1.70667863
1.71711659
1.72769964
1.73839712
1.74924505
1.76021171
1.77133441
1.78258085
1.79398894
1.80552578
1.81723046
1.82906902
1.84108198
1.85323453
1.86556804
1.87804699
1.89071417
1.90353298
1.91654742
1.92972016
1.94309640
1.95663786
1.97039127
1.98431718
1.99846387
2.01279092
2.02734780
2.04209352
2.05707908
2.07226205
2.08769536
2.10333538
2.11923671
2.13535476
2.15174580
2.16836405
2.18526769
2.20240998
2.21985078
2.23754191
2.25554585
2.27381301
2.29240775
2.31127930
2.33049464
2.35000086
2.36983657
2.39004230
2.41056252
2.43143845
2.45271277
2.47436261
2.49636316
2.49318123
2.48562646
2.47811747
2.47065353
2.46326852
2.45589375
2.44856286
2.44127560
2.43403172
0.39214915
0.39324856
0.39435500
0.39546680
0.39658579
0.39771023
0.39884108
0.39997926
0.40112305
0.40227434
0.40343130
0.40459496
0.40576628
0.40694347
0.40812841
0.40931937
0.41051731
0.41172320
0.41293526
0.41415542
0.41538185
0.41661558
0.41785762
0.41910514
0.42036209
0.42162561
0.42289677
0.42417660
0.42546320
0.42675868
0.42806101
0.42937130
0.43069071
0.43201718
0.43335292
0.43469587
0.43604717
0.43740797
0.43877622
0.44015414
0.44153965
0.44293389
0.44433808
0.44575012
0.44717225
0.44860235
0.45004165
0.45149136
0.45294926
0.45441779
0.45589471
0.45738125
0.45887870
0.46038479
0.46190199
0.46342805
0.46496418
0.46651179
0.46806848
0.46963686
0.47121453
0.47280282
0.47440314
0.47601175
0.47763389
0.47926584
0.48090899
0.48256475
0.48423061
0.48590934
0.48759842
0.48929930
0.49101344
0.49273825
0.49447662
0.49622589
0.49798760
0.49976325
0.50155020
0.50335139
0.50516415
0.50699002
0.50883055
0.51068306
0.51255053
0.51443028
0.51632386
0.51823294
0.52015465
0.52209222
0.52404273
0.52600944
0.52798939
0.52998430
0.53199589
0.53402126
0.53606373
0.53812021
0.54019254
0.54228258
0.54438716
0.54650986
0.54864573
0.55080009
0.55297315
0.55516171
0.55736941
0.55959296
0.56183434
0.56409556
0.56637323
0.56867117
0.57098597
0.57331973
0.57567453
0.57804686
0.58044070
0.58285254
0.58528453
0.58773881
0.59021187
0.59270775
0.59522283
0.59775937
0.60031962
0.60289985
0.60550445
0.60812956
0.61077756
0.61345077
0.61614537
0.61886597
0.62160844
0.62437534
0.62716925
0.62998599
0.63283044
0.63569838
0.63859242
0.64151531
0.64446270
0.64743727
0.65043950
0.65346962
0.65653062
0.65961790
0.66273689
0.66588300
0.66905910
0.67226821
0.67550564
0.67877704
0.68207765
0.68541056
0.68877882
0.69191396
0.69488513
0.69716585
0.69931591
0.70078057
0.70219046
0.70302522
0.70385081
0.70412648
0.70439953
0.70423788
0.70397609
0.70363659
0.70325297
0.70293915
0.70435494
1.50351942
1.51161432
1.51980984
1.52808166
1.53645718
1.54491162
1.55347323
1.56211650
1.57087028
1.57970881
1.58866155
1.59770203
1.60686040
1.61610973
1.62548101
1.63494658
1.64453816
1.65422773
1.66404760
1.67396903
1.68402541
1.69418728
1.70448875
1.71489978
1.72545552
1.73612511
1.74694455
1.75788236
1.76897562
1.78019190
1.79156947
1.80307508
1.81474781
1.82655406
1.83853388
1.85065258
1.86295176
1.87539554
1.88802683
1.90080917
1.91378629
1.92692089
1.94025826
1.95376003
1.96747291
1.98135746
1.99546182
2.00974560
2.02425861
2.03898239
2.05389857
2.06905842
2.08441949
2.10003495
2.11586118
2.13195324
2.14826608
2.16485667
2.18167877
2.19879150
2.21614742
2.23380733
2.25172257
2.26995635
2.28845859
2.30729461
2.32641315
2.34588194
2.36564779
2.38574982
2.40619612
2.42702913
2.44819236
2.46976233
2.49168062
2.49415946
2.48659873
2.47908378
2.47164845
2.46422338
2.45684266
2.44950628
2.44221354
2.43496394
2.42779040
0.39301673
0.39412099
0.39523238
0.39634913
0.39747223
0.39860260
0.39973855
0.40088186
0.40203083
0.40318641
0.40434957
0.40551853
0.40669522
0.40787780
0.40906727
0.41026467
0.41146815
0.41267964
0.41389734
0.41512224
0.41635540
0.41759491
0.41884282
0.42009622
0.42135814
0.42262867
0.42390591
0.42519185
0.42648464
0.42778531
0.42909494
0.43041161
0.43173739
0.43307033
0.43441156
0.43576214
0.43712011
0.43848762
0.43986264
0.44124630
0.44263980
0.44404104
0.44545227
0.44687137
0.44829956
0.44973806
0.45118466
0.45264173
0.45410711
0.45558199
0.45706767
0.45856187
0.46006706
0.46158099
0.46310490
0.46464014
0.46618435
0.46774009
0.46930504
0.47088045
0.47246775
0.47406453
0.47567213
0.47729069
0.47892028
0.48056233
0.48221439
0.48387915
0.48555413
0.48724073
0.48894045
0.49065071
0.49237433
0.49410877
0.49585542
0.49761587
0.49938747
0.50117314
0.50297022
0.50478023
0.50660473
0.50844103
0.51029068
0.51215535
0.51403219
0.51592433
0.51782894
0.51974916
0.52168214
0.52362961
0.52559322
0.52757001
0.52956170
0.53157014
0.53359222
0.53563142
0.53768462
0.53975523
0.54184020
0.54394132
0.54606050
0.54819292
0.55034542
0.55251318
0.55469984
0.55690211
0.55912191
0.56136125
0.56361687
0.56589246
0.56818467
0.57049555
0.57282716
0.57517600
0.57754612
0.57993388
0.58234155
0.58477116
0.58721924
0.58968979
0.59217930
0.59468991
0.59722388
0.59977752
0.60235512
0.60495293
0.60757327
0.61021847
0.61288470
0.61557651
0.61828983
0.62102723
0.62379116
0.62657756
0.62939125
0.63222802
0.63509053
0.63798136
0.64089626
0.64384031
0.64680916
0.64980316
0.65282977
0.65588230
0.65896595
0.66207623
0.66521609
0.66838831
0.67158842
0.67482191
0.67808408
0.68137795
0.68470657
0.68806529
0.69145703
0.69445956
0.69727236
0.69945329
0.70136040
0.70283091
0.70401788
0.70485699
0.70547992
0.70575684
0.70593321
0.70567012
0.70540446
0.70501888
0.70463377
0.70471185
0.70875245
1.50989616
1.51807308
1.52632582
1.53468204
1.54311693
1.55165863
1.56028163
1.56901491
1.57783246
1.58676386
1.59578264
1.60491896
1.61414599
1.62349439
1.63293672
1.64250481
1.65217030
1.66196573
1.67186224
1.68189323
1.69204533
1.70230448
1.71270525
1.72321725
1.73387599
1.74465024
1.75557649
1.76662302
1.77782726
1.78915644
1.80064917
1.81227207
1.82406461
1.83599281
1.84809709
1.86034274
1.87277138
1.88534725
1.89811337
1.91103303
1.92415059
1.93742836
1.95091212
1.96456313
1.97842848
1.99246871
2.00673223
2.02117848
2.03585768
2.05072784
2.06584072
2.08115387
2.09672046
2.11249638
2.12853718
2.14479733
2.16133428
2.17810154
2.19515800
2.21245623
2.23005724
2.24791217
2.26608419
2.28452301
2.30329418
2.32234597
2.34174633
2.36144257
2.38147259
2.40184546
2.42260289
2.44368863
2.46517897
2.48701572
2.49513841
2.48760653
2.48008537
2.47260976
2.46517897
2.45779252
2.45045042
2.44318557
2.43593025
2.42871809
2.42154837
0.39388728
0.39499733
0.39611277
0.39723539
0.39836353
0.39949811
0.40064004
0.40178764
0.40294272
0.40410355
0.40527111
0.40644634
0.40762746
0.40881643
0.41001141
0.41121340
0.41242340
0.41363958
0.41486391
0.41609457
0.41733253
0.41857886
0.41983068
0.42109200
0.42235994
0.42363551
0.42491984
0.42621097
0.42751098
0.42881790
0.43013391
0.43145695
0.43278816
0.43412867
0.43547645
0.43683261
0.43819833
0.43957153
0.44095445
0.44234502
0.44374546
0.44515371
0.44657093
0.44799832
0.44943371
0.45087951
0.45233348
0.45379683
0.45527089
0.45675334
0.45824668
0.45974863
0.46126044
0.46278346
0.46431533
0.46585861
0.46741092
0.46897367
0.47054809
0.47213191
0.47372767
0.47533172
0.47694793
0.47857648
0.48021489
0.48186585
0.48352689
0.48519942
0.48688489
0.48858079
0.49028987
0.49200961
0.49374145
0.49548689
0.49724334
0.49901369
0.50079525
0.50258964
0.50439829
0.50621861
0.50805354
0.50990039
0.51176071
0.51363611
0.51552385
0.51742554
0.51934278
0.52127272
0.52321863
0.52517760
0.52715129
0.52914143
0.53114504
0.53316551
0.53519982
0.53724968
0.53931695
0.54139853
0.54349792
0.54561198
0.54774255
0.54988980
0.55205393
0.55423695
0.55643553
0.55865341
0.56088722
0.56313902
0.56541073
0.56769907
0.57000780
0.57233351
0.57467836
0.57704431
0.57942796
0.58183330
0.58425677
0.58670241
0.58916670
0.59165180
0.59415990
0.59668732
0.59923637
0.60180938
0.60440248
0.60702008
0.60965836
0.61232179
0.61500651
0.61771482
0.62044924
0.62320584
0.62598926
0.62879539
0.63162678
0.63448608
0.63736910
0.64028078
0.64321679
0.64617985
0.64917040
0.65218872
0.65523767
0.65831280
0.66141695
0.66455299
0.66771638
0.67091256
0.67413700
0.67739248
0.68068224
0.68400145
0.68735588
0.69074064
0.69403172
0.69702113
0.69956052
0.70175582
0.70341414
0.70489603
0.70585763
0.70669830
0.70711941
0.70739484
0.70737231
0.70710540
0.70679653
0.70640665
0.70605922
0.70680773
1.50819468
1.51634014
1.52458715
1.53291106
1.54133987
1.54984820
1.55846477
1.56716383
1.57597458
1.58487070
1.59388220
1.60298228
1.61220157
1.62151265
1.63094687
1.64047635
1.65013325
1.65988898
1.66977644
1.67976642
1.68989289
1.70012581
1.71049988
1.72098470
1.73161578
1.74236190
1.75325942
1.76427674
1.77545106
1.78674984
1.79821169
1.80980301
1.82156336
1.83345866
1.84552956
1.85774100
1.87013483
1.88267517
1.89540505
1.90828776
1.92136753
1.93460679
1.94805110
1.96166205
1.97548628
1.98948467
2.00370526
2.01810789
2.03274226
2.04756689
2.06263304
2.07789850
2.09341621
2.10914230
2.12513185
2.14136577
2.15782356
2.17456269
2.19153643
2.20880485
2.22631979
2.24414301
2.26222491
2.28063011
2.29930735
2.31832314
2.33762550
2.35728335
2.37721086
2.39754295
2.41819286
2.43923497
2.46061254
2.48240280
2.49615312
2.48858023
2.48105335
2.47357178
2.46613526
2.45874310
2.45142913
2.44412494
2.43686414
2.42964625
2.42247105
2.41533804
0.39476255
0.39587754
0.39699796
0.39812475
0.39925885
0.40039852
0.40154564
0.40269843
0.40385786
0.40502489
0.40619776
0.40737838
0.40856495
0.40975845
0.41095990
0.41216746
0.41338310
0.41460496
0.41583404
0.41707143
0.41831523
0.41956648
0.42082521
0.42209151
0.42336649
0.42464817
0.42593867
0.42723599
0.42854124
0.42985553
0.43117684
0.43250740
0.43384510
0.43519109
0.43654656
0.43790942
0.43928188
0.44066191
0.44205061
0.44344920
0.44485557
0.44627199
0.44769636
0.44912982
0.45057365
0.45202562
0.45348817
0.45495903
0.45643947
0.45793074
0.45943061
0.46094152
0.46246120
0.46399096
0.46553206
0.46708223
0.46864399
0.47021499
0.47179654
0.47339004
0.47499180
0.47660697
0.47823191
0.47986922
0.48151651
0.48317513
0.48484656
0.48652825
0.48822299
0.48992822
0.49164543
0.49337605
0.49511755
0.49687275
0.49863905
0.50041795
0.50221103
0.50401556
0.50583452
0.50766522
0.50950927
0.51136816
0.51323926
0.51512551
0.51702422
0.51893699
0.52086550
0.52280682
0.52476269
0.52673477
0.52872020
0.53072220
0.53273785
0.53476888
0.53681707
0.53887939
0.54095924
0.54305351
0.54516411
0.54729289
0.54943490
0.55159718
0.55377483
0.55596977
0.55818391
0.56041396
0.56266373
0.56492984
0.56721425
0.56951904
0.57184076
0.57418340
0.57654345
0.57892483
0.58132404
0.58374327
0.58618462
0.58864456
0.59112716
0.59362882
0.59615177
0.59869826
0.60126454
0.60385501
0.60646582
0.60909927
0.61175781
0.61443752
0.61714298
0.61987025
0.62262166
0.62539983
0.62820065
0.63102895
0.63388056
0.63675809
0.63966411
0.64259452
0.64555418
0.64853650
0.65154892
0.65459186
0.65766096
0.66076142
0.66388869
0.66704577
0.67023557
0.67345345
0.67670494
0.67998540
0.68329775
0.68664527
0.69002301
0.69343692
0.69659019
0.69960451
0.70186377
0.70399559
0.70547992
0.70685828
0.70770419
0.70848441
0.70876372
0.70904320
0.70881450
0.70854932
0.70819128
0.70779985
0.70761979
0.70945013
1.51461124
1.52283943
1.53114426
1.53955352
1.54804218
1.55663848
1.56531715
1.57410705
1.58298206
1.59197211
1.60105026
1.61024725
1.61953568
1.62894690
1.63845301
1.64808595
1.65781736
1.66768014
1.67764509
1.68774581
1.69795263
1.70830023
1.71875799
1.72936141
1.74007952
1.75094843
1.76193666
1.77308118
1.78434980
1.79578066
1.80735898
1.81906891
1.83095050
1.84296906
1.85516596
1.86750567
1.88003051
1.89270437
1.90557075
1.91859245
1.93181443
1.94519854
1.95879102
1.97255290
1.98653173
2.00068760
2.01506948
2.02963638
2.04443908
2.05943537
2.07467747
2.09012222
2.10582376
2.12173748
2.13791943
2.15432405
2.17100859
2.18792701
2.20513821
2.22259474
2.24035811
2.25837898
2.27672124
2.29533434
2.31428432
2.33351922
2.35310745
2.37296438
2.39322352
2.41379881
2.43476415
2.45606303
2.47777247
2.49713349
2.48955488
2.48202205
2.47453451
2.46709228
2.45972848
2.45237470
2.44506502
2.43779850
2.43057513
2.42342758
2.41628885
2.40919232
0.39564174
0.39676082
0.39788714
0.39901900
0.40015820
0.40130302
0.40245441
0.40361336
0.40477806
0.40595043
0.40712869
0.40831378
0.40950677
0.41070578
0.41191280
0.41312596
0.41434631
0.41557485
0.41680971
0.41805291
0.41930160
0.42055875
0.42182446
0.42309681
0.42437786
0.42566568
0.42696133
0.42826593
0.42957750
0.43089816
0.43222594
0.43356189
0.43490720
0.43625984
0.43762195
0.43899155
0.44036973
0.44175771
0.44315332
0.44455892
0.44597235
0.44739479
0.44882745
0.45026818
0.45171934
0.45317873
0.45464760
0.45612717
0.45761523
0.45911422
0.46062186
0.46213943
0.46366826
0.46520600
0.46675521
0.46831354
0.46988234
0.47146291
0.47305286
0.47465488
0.47626522
0.47788781
0.47952279
0.48116767
0.48282522
0.48449290
0.48617345
0.48786438
0.48956710
0.49128312
0.49300984
0.49474874
0.49650133
0.49826497
0.50004262
0.50183159
0.50363481
0.50544959
0.50727749
0.50912017
0.51097476
0.51284295
0.51472634
0.51662207
0.51853335
0.52045733
0.52239561
0.52434993
0.52631736
0.52830124
0.53029847
0.53231090
0.53434026
0.53638357
0.53844416
0.54051900
0.54260987
0.54471868
0.54684228
0.54898244
0.55113947
0.55331349
0.55550653
0.55771518
0.55994332
0.56218749
0.56444973
0.56673205
0.56903112
0.57135069
0.57368743
0.57604343
0.57842064
0.58081573
0.58323258
0.58566773
0.58812332
0.59060156
0.59309876
0.59561914
0.59815907
0.60072279
0.60330653
0.60591257
0.60854328
0.61119485
0.61387175
0.61657012
0.61929226
0.62204069
0.62481147
0.62760925
0.63042998
0.63327616
0.63615048
0.63904870
0.64197570
0.64492732
0.64790392
0.65091282
0.65394741
0.65701282
0.66010469
0.66322577
0.66637903
0.66955990
0.67277384
0.67601615
0.67928994
0.68259817
0.68593615
0.68930960
0.69271368
0.69614071
0.69914836
0.70191354
0.70412648
0.70598918
0.70749605
0.70865369
0.70953214
0.71013510
0.71041852
0.71053475
0.71026546
0.70998496
0.70959157
0.70919859
0.70949256
1.51288629
1.52109563
1.52938139
1.53777122
1.54624021
1.55481648
1.56348860
1.57224393
1.58111203
1.59006643
1.59913731
1.60829771
1.61757827
1.62695181
1.63644958
1.64604378
1.65576649
1.66558909
1.67554474
1.68560421
1.69580126
1.70610619
1.71655357
1.72711301
1.73782003
1.74864352
1.75962007
1.77071774
1.78197408
1.79335630
1.80490327
1.81658137
1.82843029
1.84041572
1.85257876
1.86488390
1.87737358
1.89001143
1.90284109
1.91582537
1.92900908
1.94235432
1.95590687
1.96962810
1.98356533
1.99767888
2.01201725
2.02654004
2.04129744
2.05624747
2.07144213
2.08683872
2.10249066
2.11835408
2.13448405
2.15083575
2.16746640
2.18432927
2.20148373
2.21888232
2.23658609
2.25457454
2.27282572
2.29140449
2.31025934
2.32945752
2.34894657
2.36876440
2.38891959
2.40945315
2.43030977
2.45156407
2.47315931
2.49517345
2.49053025
2.48299146
2.47553253
2.46808434
2.46068048
2.45332122
2.44600558
2.43873358
2.43153811
2.42435169
2.41720772
2.41010571
2.40304518
0.39652485
0.39764893
0.39878032
0.39991724
0.40106070
0.40221161
0.40336823
0.40453151
0.40570247
0.40687928
0.40806386
0.40925443
0.41045293
0.41165751
0.41286916
0.41408893
0.41531497
0.41654831
0.41778997
0.41903806
0.42029363
0.42155674
0.42282847
0.42410690
0.42539304
0.42668808
0.42798999
0.42930087
0.43061879
0.43194485
0.43328011
0.43462262
0.43597454
0.43733382
0.43870160
0.44007903
0.44146407
0.44285896
0.44426158
0.44567311
0.44709474
0.44852436
0.44996428
0.45141235
0.45286974
0.45433775
0.45581415
0.45730132
0.45879707
0.46030262
0.46181932
0.46334481
0.46488163
0.46642745
0.46798357
0.46955138
0.47112846
0.47271743
0.47431591
0.47592396
0.47754550
0.47917682
0.48082066
0.48247448
0.48413974
0.48581785
0.48750630
0.48920786
0.49092001
0.49264416
0.49438184
0.49613047
0.49789286
0.49966645
0.50145268
0.50325322
0.50506526
0.50689185
0.50873023
0.51058197
0.51244873
0.51432776
0.51622206
0.51812887
0.52004981
0.52198660
0.52393633
0.52590221
0.52788132
0.52987546
0.53188622
0.53391075
0.53595233
0.53800797
0.54007947
0.54216862
0.54427230
0.54639411
0.54852909
0.55068254
0.55285466
0.55504227
0.55724728
0.55947161
0.56171203
0.56397223
0.56624889
0.56854403
0.57085967
0.57319236
0.57554609
0.57791734
0.58030826
0.58272088
0.58515179
0.58760494
0.59007686
0.59256959
0.59508550
0.59762090
0.60017997
0.60275900
0.60536033
0.60798621
0.61063296
0.61330491
0.61599827
0.61871749
0.62145871
0.62422645
0.62701678
0.62983221
0.63267523
0.63554174
0.63843668
0.64135581
0.64430171
0.64727718
0.65027553
0.65330654
0.65636355
0.65944928
0.66256666
0.66571116
0.66888815
0.67209303
0.67532885
0.67859852
0.68189734
0.68523109
0.68859494
0.69199198
0.69542539
0.69869280
0.70172536
0.70417106
0.70640105
0.70797724
0.70949256
0.71039581
0.71127868
0.71165973
0.71198988
0.71194720
0.71172231
0.71139234
0.71099740
0.71068227
0.71181905
1.51935589
1.52763569
1.53599310
1.54445589
1.55299878
1.56165051
1.57038534
1.57923234
1.58816540
1.59721458
1.60635281
1.61561096
1.62496161
1.63443613
1.64400661
1.65370524
1.66350329
1.67343402
1.68346798
1.69363916
1.70391774
1.71433830
1.72487032
1.73554957
1.74634469
1.75729239
1.76836050
1.77958679
1.79093850
1.80245423
1.81410050
1.82591701
1.83786952
1.84999871
1.86226952
1.87472403
1.88734627
1.90011930
1.91308689
1.92621195
1.93953943
1.95303118
1.96673381
1.98060787
1.99470150
2.00897455
2.02347612
2.03816533
2.05309319
2.06821704
2.08359003
2.09916830
2.11500645
2.13105989
2.14738488
2.16393542
2.18076992
2.19784141
2.21520972
2.23282671
2.25075459
2.26894379
2.28745866
2.30624843
2.32537985
2.34480023
2.36457944
2.38463116
2.40509081
2.42587137
2.44704819
2.46856332
2.49049520
2.49150634
2.48399615
2.47649693
2.46904278
2.46163344
2.45426822
2.44694710
2.43970299
2.43246841
2.42527652
2.41812706
2.41101956
2.40398645
2.39696169
0.39741102
0.39854103
0.39967662
0.40081957
0.40196818
0.40312341
0.40428621
0.40545481
0.40663111
0.40781331
0.40900242
0.41019943
0.41140252
0.41261363
0.41383094
0.41505545
0.41628820
0.41752732
0.41877481
0.42002782
0.42128935
0.42255947
0.42383626
0.42512178
0.42641413
0.42771438
0.42902359
0.43033978
0.43166515
0.43299764
0.43433842
0.43568856
0.43704605
0.43841311
0.43978766
0.44117084
0.44256386
0.44396460
0.44537535
0.44679400
0.44822168
0.44965965
0.45110574
0.45256233
0.45402718
0.45550272
0.45698670
0.45848039
0.45998505
0.46149841
0.46302179
0.46455646
0.46610013
0.46765530
0.46921965
0.47079453
0.47238123
0.47397742
0.47558445
0.47720239
0.47883138
0.48047283
0.48212427
0.48378840
0.48546275
0.48715007
0.48884779
0.49055740
0.49228039
0.49401414
0.49576151
0.49751991
0.49929082
0.50107580
0.50287217
0.50468290
0.50650525
0.50834084
0.51019126
0.51205367
0.51393127
0.51582116
0.51772499
0.51964444
0.52157670
0.52352488
0.52548611
0.52746212
0.52945459
0.53146064
0.53348351
0.53552020
0.53757256
0.53964227
0.54172641
0.54382831
0.54594499
0.54807645
0.55022806
0.55239487
0.55458057
0.55678189
0.55900079
0.56123918
0.56349379
0.56576657
0.56805956
0.57036942
0.57269996
0.57504779
0.57741493
0.57980359
0.58221012
0.58463866
0.58708555
0.58955306
0.59204340
0.59455281
0.59708565
0.59963810
0.60221249
0.60481113
0.60743022
0.61007416
0.61273915
0.61542749
0.61814171
0.62087774
0.62364036
0.62642545
0.62923551
0.63207310
0.63493419
0.63782358
0.64073712
0.64367968
0.64664704
0.64963949
0.65266460
0.65571558
0.65879762
0.66190636
0.66504705
0.66821522
0.67141366
0.67464542
0.67790586
0.68119800
0.68452489
0.68788177
0.69127446
0.69469804
0.69815570
0.70126647
0.70421284
0.70644307
0.70845622
0.70997649
0.71125877
0.71214658
0.71285671
0.71318519
0.71345389
0.71324801
0.71304232
0.71272826
0.71240026
0.71238029
0.71498990
1.52588093
1.53421915
1.54266226
1.55118537
1.55981684
1.56853104
1.57735705
1.58626902
1.59529638
1.60441267
1.61364841
1.62299109
1.63242757
1.64198971
1.65164900
1.66143823
1.67132854
1.68135309
1.69148266
1.70175111
1.71212864
1.72265029
1.73328507
1.74406898
1.75497079
1.76602709
1.77720594
1.78854525
1.80001187
1.81164491
1.82341063
1.83534908
1.84742582
1.85968184
1.87208200
1.88466847
1.89740515
1.91033566
1.92342293
1.93671167
1.95016408
1.96382618
1.97765923
1.99171078
2.00594068
2.02039862
2.03504300
2.04992485
2.06500196
2.08032680
2.09585619
2.11164427
2.12764668
2.14391899
2.16041613
2.17719579
2.19421101
2.21152163
2.22907996
2.24694729
2.26507473
2.28352642
2.30225134
2.32131624
2.34066868
2.36037779
2.38035798
2.40074420
2.42144942
2.44254851
2.46401858
2.48583484
2.49251795
2.48496723
2.47746205
2.47000217
2.46258688
2.45525002
2.44792295
2.44063973
2.43339944
2.42620206
2.41904736
2.41196704
2.40489578
2.39786577
2.39087677
0.39830205
0.39943716
0.40057784
0.40172505
0.40287980
0.40404028
0.40520838
0.40638229
0.40756306
0.40875167
0.40994626
0.41114879
0.41235748
0.41357327
0.41479722
0.41602746
0.41726601
0.41851094
0.41976237
0.42102328
0.42229080
0.42356697
0.42484987
0.42614055
0.42744014
0.42874664
0.43006220
0.43138480
0.43271556
0.43405563
0.43540293
0.43675971
0.43812391
0.43949664
0.44087911
0.44226918
0.44366917
0.44507691
0.44649363
0.44792053
0.44935545
0.45080072
0.45225418
0.45371702
0.45519054
0.45667249
0.45816529
0.45966670
0.46117797
0.46270043
0.46423176
0.46577448
0.46732625
0.46888840
0.47046229
0.47204551
0.47364068
0.47524416
0.47685978
0.47848770
0.48012552
0.48177585
0.48343629
0.48510820
0.48679301
0.48848826
0.49019670
0.49191579
0.49364698
0.49539176
0.49714753
0.49891719
0.50069809
0.50249171
0.50429970
0.50611931
0.50795352
0.50979966
0.51165920
0.51353389
0.51542085
0.51732326
0.51923823
0.52116895
0.52311254
0.52507073
0.52704513
0.52903289
0.53103727
0.53305537
0.53508878
0.53713942
0.53920418
0.54128659
0.54338342
0.54549658
0.54762793
0.54977262
0.55193758
0.55411792
0.55631554
0.55853242
0.56076533
0.56301790
0.56528682
0.56757414
0.56988186
0.57220662
0.57455224
0.57691526
0.57929784
0.58170211
0.58412445
0.58656710
0.58903217
0.59151614
0.59402305
0.59654939
0.59909725
0.60166901
0.60426086
0.60687727
0.60951430
0.61217439
0.61485988
0.61756694
0.62030005
0.62305534
0.62583518
0.62864214
0.63147217
0.63433009
0.63721168
0.64011955
0.64305645
0.64601809
0.64900708
0.65202391
0.65507126
0.65814483
0.66124737
0.66438180
0.66754359
0.67073816
0.67396086
0.67721468
0.68050271
0.68382013
0.68717277
0.69055575
0.69397217
0.69742537
0.70080817
0.70385641
0.70648515
0.70873266
0.71045822
0.71198708
0.71301377
0.71390599
0.71438730
0.71472007
0.71476310
0.71455652
0.71430993
0.71398330
0.71367413
0.71436727
1.52413023
1.53246236
1.54087281
1.54938960
1.55798733
1.56669486
1.57548630
1.58439112
1.59338284
1.60249162
1.61169064
1.62101054
1.63042402
1.63996255
1.64959800
1.65936279
1.66922832
1.67922771
1.68933153
1.69957387
1.70992482
1.72041917
1.73102641
1.74178219
1.75265527
1.76368237
1.77483141
1.78614032
1.79757607
1.80917752
1.82091117
1.83281684
1.84486008
1.85708201
1.86944735
1.88199842
1.89469886
1.90759242
1.92064190
1.93389213
1.94730520
1.96092725
1.97471929
1.98872888
2.00291634
2.01733017
2.03195333
2.04676628
2.06182075
2.07707405
2.09257936
2.10829282
2.12426972
2.14046454
2.15693450
2.17363334
2.19061947
2.20784616
2.22537351
2.24315310
2.26124787
2.27960777
2.29829788
2.31726694
2.33658218
2.35619116
2.37613201
2.39641309
2.41707635
2.43806553
2.45945668
2.48119164
2.49349570
2.48593903
2.47842789
2.47096205
2.46357536
2.45619869
2.44886589
2.44157696
2.43433118
2.42712831
2.42000103
2.41288257
2.40580583
2.39877057
2.39177632
2.38485479
0.39919707
0.40033638
0.40148315
0.40263557
0.40379554
0.40496132
0.40613383
0.40731406
0.40850025
0.40969431
0.41089445
0.41210163
0.41331685
0.41453832
0.41576800
0.41700402
0.41824740
0.41949823
0.42075658
0.42202348
0.42329702
0.42457828
0.42586833
0.42716524
0.42847109
0.42978391
0.43110481
0.43243489
0.43377215
0.43511876
0.43647271
0.43783510
0.43920711
0.44058666
0.44197598
0.44337299
0.44477886
0.44619480
0.44761866
0.44905278
0.45049495
0.45194644
0.45340845
0.45487881
0.45635989
0.45784947
0.45934880
0.46085918
0.46237832
0.46390873
0.46544808
0.46699768
0.46855888
0.47012928
0.47171152
0.47330317
0.47490436
0.47651893
0.47814324
0.47977999
0.48142666
0.48308465
0.48475546
0.48643652
0.48813060
0.48983520
0.49155173
0.49328172
0.49502254
0.49677706
0.49854270
0.50032091
0.50211328
0.50391710
0.50573540
0.50756538
0.50940865
0.51126683
0.51313716
0.51502270
0.51692063
0.51883262
0.52076036
0.52270091
0.52465749
0.52662724
0.52861184
0.53061306
0.53262788
0.53465968
0.53670537
0.53876847
0.54084581
0.54293925
0.54505062
0.54717678
0.54931790
0.55147928
0.55365598
0.55585170
0.55806315
0.56029403
0.56254101
0.56480616
0.56709135
0.56939334
0.57171589
0.57405561
0.57641459
0.57879496
0.58119309
0.58361119
0.58605146
0.58851027
0.59099174
0.59349227
0.59601402
0.59855938
0.60112447
0.60371166
0.60632324
0.60895550
0.61161280
0.61429125
0.61699539
0.61972129
0.62247139
0.62524825
0.62804770
0.63087243
0.63372487
0.63660091
0.63950557
0.64243448
0.64539266
0.64837354
0.65138441
0.65442586
0.65749335
0.66058975
0.66371793
0.66687334
0.67006147
0.67327768
0.67652744
0.67980617
0.68311948
0.68646252
0.68983853
0.69325054
0.69669378
0.70017415
0.70339471
0.70646834
0.70877218
0.71094060
0.71247154
0.71388018
0.71477747
0.71559066
0.71592450
0.71625865
0.71607429
0.71586692
0.71557051
0.71523982
0.71509904
0.71691930
1.53069651
1.53908753
1.54758453
1.55616224
1.56484926
1.57361996
1.58250368
1.59147394
1.60056078
1.60973763
1.61903489
1.62842536
1.63794041
1.64755201
1.65729260
1.66713345
1.67710757
1.68718588
1.69740224
1.70774293
1.71819389
1.72879040
1.73950136
1.75036311
1.76134384
1.77248096
1.78374195
1.79516494
1.80671692
1.81843710
1.83029151
1.84232056
1.85448945
1.86683977
1.87933588
1.89202046
1.90485704
1.91788960
1.93108082
1.94447601
1.95803690
1.97180998
1.98575604
1.99992323
2.01427126
2.02884984
2.04361749
2.05862546
2.07383132
2.08928823
2.10495210
2.12087798
2.13702106
2.15343785
2.17008233
2.18701291
2.20418262
2.22165155
2.23937154
2.25740528
2.27570248
2.29432845
2.31323171
2.33247948
2.35201931
2.37188935
2.39209771
2.41268635
2.43359900
2.45491147
2.47656584
2.49447393
2.48691154
2.47939444
2.47195721
2.46453047
2.45714808
2.44980979
2.44251513
2.43529701
2.42808867
2.42092252
2.41379881
2.40671659
2.39967608
2.39270878
2.38574982
2.37883115
0.40009615
0.40124062
0.40239164
0.40355021
0.40471455
0.40588656
0.40706444
0.40825012
0.40944177
0.41064042
0.41184703
0.41305983
0.41428074
0.41550791
0.41674238
0.41798520
0.41923347
0.42049119
0.42175549
0.42302743
0.42430806
0.42559546
0.42689070
0.42819485
0.42950597
0.43082622
0.43215352
0.43348905
0.43483391
0.43618608
0.43754774
0.43891686
0.44029456
0.44168207
0.44307721
0.44448233
0.44589525
0.44731832
0.44874936
0.45018962
0.45164028
0.45309916
0.45456749
0.45604652
0.45753407
0.45903254
0.46053964
0.46205786
0.46358493
0.46512213
0.46667078
0.46822855
0.46979675
0.47137675
0.47296613
0.47456756
0.47617730
0.47780058
0.47943366
0.48107794
0.48273486
0.48440191
0.48608184
0.48777214
0.48947421
0.49118957
0.49291563
0.49465525
0.49640578
0.49816877
0.49994570
0.50173396
0.50353652
0.50535059
0.50717777
0.50901967
0.51087356
0.51274252
0.51462364
0.51651865
0.51842916
0.52035236
0.52229136
0.52424341
0.52621001
0.52819306
0.53018951
0.53220266
0.53422964
0.53627205
0.53833181
0.54040575
0.54249746
0.54460371
0.54672635
0.54886568
0.55102175
0.55319661
0.55538690
0.55759466
0.55982178
0.56206501
0.56432801
0.56660759
0.56890559
0.57122421
0.57355994
0.57591665
0.57829100
0.58068496
0.58310080
0.58553481
0.58799124
0.59046638
0.59296244
0.59548169
0.59802043
0.60058296
0.60316545
0.60577029
0.60839975
0.61105013
0.61372364
0.61642277
0.61914361
0.62189078
0.62466019
0.62745440
0.63027596
0.63312078
0.63599366
0.63889039
0.64181370
0.64476615
0.64774120
0.65074861
0.65378165
0.65684313
0.65993583
0.66305536
0.66620696
0.66938615
0.67259586
0.67583907
0.67911112
0.68241757
0.68575382
0.68912280
0.69252771
0.69596374
0.69943678
0.70292526
0.70599478
0.70879477
0.71106273
0.71295094
0.71449912
0.71564817
0.71654987
0.71713305
0.71746832
0.71760136
0.71739316
0.71716481
0.71683270
0.71650088
0.71691352
1.52893472
1.53731966
1.54578364
1.55435491
1.56300807
1.57177198
1.58062065
1.58958375
1.59863460
1.60780382
1.61706400
1.62644637
1.63592327
1.64552641
1.65522754
1.66505933
1.67499292
1.68506169
1.69523597
1.70555031
1.71597445
1.72654343
1.73722649
1.74805975
1.75901151
1.77011907
1.78134990
1.79274225
1.80426300
1.81595123
1.82777309
1.83976901
1.85190415
1.86421990
1.87668073
1.88932943
1.90212941
1.91512465
1.92827773
1.94163394
1.95515490
1.96888745
1.98279202
1.99691689
2.01122165
2.02575588
2.04047847
2.05544019
2.07059884
2.08600736
2.10162187
2.11749721
2.13358879
2.14995265
2.16656947
2.18341827
2.20055842
2.21794224
2.23563099
2.25357556
2.27183962
2.29037261
2.30924034
2.32839108
2.34789324
2.36766171
2.38783002
2.40831232
2.42918205
2.45038295
2.47199154
2.49394989
2.48791933
2.48039651
2.47291875
2.46548629
2.45809817
2.45075417
2.44348741
2.43623042
2.42901635
2.42184472
2.41471553
2.40762806
2.40061450
2.39360952
2.38664532
2.37972164
2.37283778
0.40099835
0.40214890
0.40330517
0.40446901
0.40563866
0.40681511
0.40799934
0.40918952
0.41038764
0.41159183
0.41280308
0.41402248
0.41524813
0.41648203
0.41772231
0.41896999
0.42022514
0.42148787
0.42275918
0.42403716
0.42532292
0.42661750
0.42791897
0.42922947
0.43054694
0.43187252
0.43320736
0.43454942
0.43590087
0.43725967
0.43862700
0.44000399
0.44138855
0.44278294
0.44418508
0.44559613
0.44701728
0.44844639
0.44988582
0.45133337
0.45279026
0.45425776
0.45573363
0.45722029
0.45871550
0.46022052
0.46173665
0.46326160
0.46479785
0.46634313
0.46789870
0.46946594
0.47104245
0.47263083
0.47422871
0.47583616
0.47745711
0.47908783
0.48073104
0.48238426
0.48404890
0.48572636
0.48741418
0.48911512
0.49082661
0.49255010
0.49428713
0.49603507
0.49779680
0.49956968
0.50135666
0.50315505
0.50496638
0.50679225
0.50862992
0.51048094
0.51234698
0.51422518
0.51611876
0.51802480
0.51994503
0.52188098
0.52382994
0.52579504
0.52777332
0.52976662
0.53177661
0.53380024
0.53584105
0.53789580
0.53996807
0.54205471
0.54415751
0.54627836
0.54841250
0.55056500
0.55273622
0.55492288
0.55712867
0.55935031
0.56159151
0.56384897
0.56612462
0.56842059
0.57073337
0.57306689
0.57541770
0.57778794
0.58017963
0.58258933
0.58502102
0.58747113
0.58994192
0.59243548
0.59494829
0.59748447
0.60004038
0.60261822
0.60522032
0.60784298
0.61049056
0.61315918
0.61585122
0.61856914
0.62130904
0.62407327
0.62686443
0.62967843
0.63252008
0.63538522
0.63827646
0.64119637
0.64414084
0.64711481
0.65011168
0.65313876
0.65619659
0.65928078
0.66239655
0.66553938
0.66871226
0.67191797
0.67515206
0.67842007
0.68171716
0.68504649
0.68841118
0.69180644
0.69523799
0.69870102
0.70220155
0.70550793
0.70860004
0.71103996
0.71332234
0.71488941
0.71642011
0.71735555
0.71829343
0.71868205
0.71902174
0.71892589
0.71871400
0.71843261
0.71810222
0.71787053
0.71929485
1.53554261
1.54398704
1.55253828
1.56117117
1.56991434
1.57874215
1.58768380
1.59671307
1.60586011
1.61509788
1.62445748
1.63391101
1.64349055
1.65316761
1.66297495
1.67288351
1.68292689
1.69307542
1.70336330
1.71376061
1.72430229
1.73495758
1.74576235
1.75668538
1.76776350
1.77896428
1.79032612
1.80183387
1.81347215
1.82528043
1.83722448
1.84934521
1.86160731
1.87405300
1.88664603
1.89942992
1.91236758
1.92550349
1.93880010
1.95230293
1.96597350
1.97985888
1.99391949
2.00820374
2.02267146
2.03737211
2.05226469
2.06740046
2.08273673
2.09832692
2.11412716
2.13019276
2.14647865
2.16304135
2.17983532
2.19691920
2.21424532
2.23187470
2.24975896
2.26796079
2.28643036
2.30523300
2.32431698
2.34375072
2.36348057
2.38354540
2.40395403
2.42474794
2.44587135
2.46740007
2.48927641
2.48889351
2.48136473
2.47388124
2.46644282
2.45904899
2.45173311
2.44442701
2.43716431
2.42994475
2.42276788
2.41566586
2.40857291
2.40152144
2.39451122
2.38754177
2.38061261
2.37375546
2.36690617
0.40190557
0.40306133
0.40422285
0.40539110
0.40656701
0.40774885
0.40893853
0.41013423
0.41133693
0.41254765
0.41376457
0.41498965
0.41622105
0.41745976
0.41870686
0.41995946
0.42122155
0.42249027
0.42376661
0.42505175
0.42634368
0.42764449
0.42895225
0.43026802
0.43159294
0.43292499
0.43426636
0.43561497
0.43697202
0.43833861
0.43971270
0.44109651
0.44248796
0.44388822
0.44529849
0.44671661
0.44814494
0.44958130
0.45102689
0.45248294
0.45394728
0.45542231
0.45690575
0.45839891
0.45990303
0.46141589
0.46293992
0.46447283
0.46601593
0.46757054
0.46913433
0.47070986
0.47229475
0.47389036
0.47549677
0.47711414
0.47874382
0.48038337
0.48203418
0.48369771
0.48537141
0.48705810
0.48875520
0.49046415
0.49218646
0.49391955
0.49566627
0.49742398
0.49919420
0.50097853
0.50277418
0.50458419
0.50640583
0.50824070
0.51009035
0.51195204
0.51382887
0.51571804
0.51762110
0.51953983
0.52147126
0.52341866
0.52537912
0.52735430
0.52934599
0.53135115
0.53337318
0.53540909
0.53746057
0.53952944
0.54161268
0.54371369
0.54582947
0.54796004
0.55011070
0.55227661
0.55446136
0.55666173
0.55887967
0.56111705
0.56337070
0.56564432
0.56793451
0.57024515
0.57257289
0.57491964
0.57728761
0.57967329
0.58208066
0.58450615
0.58695197
0.58942032
0.59190756
0.59441781
0.59694749
0.59949875
0.60207397
0.60466939
0.60728931
0.60992992
0.61259365
0.61528283
0.61799359
0.62073052
0.62348962
0.62627333
0.62908429
0.63191831
0.63477796
0.63766593
0.64057797
0.64351678
0.64648497
0.64947593
0.65249950
0.65554893
0.65862948
0.66173661
0.66487318
0.66804212
0.67123896
0.67446905
0.67772782
0.68101817
0.68434334
0.68769842
0.69108927
0.69451100
0.69796681
0.70145994
0.70498538
0.70810962
0.71101445
0.71329945
0.71527147
0.71684134
0.71809059
0.71902752
0.71972233
0.72010666
0.72036314
0.72022033
0.72004259
0.71970779
0.71937329
0.71953619
1.53376961
1.54219449
1.55072594
1.55935216
1.56806123
1.57688200
1.58578849
1.59481049
1.60392118
1.61315119
1.62247336
1.63191879
1.64145970
1.65112817
1.66089571
1.67079508
1.68079746
1.69093633
1.70118189
1.71156895
1.72206700
1.73271132
1.74347115
1.75438261
1.76541412
1.77660286
1.78791642
1.79939318
1.81099987
1.82277584
1.83468699
1.84677410
1.85900211
1.87141275
1.88397038
1.89671779
1.90961838
1.92271650
1.93597448
1.94943786
1.96306825
1.97691238
1.99093103
2.00517249
2.01959634
2.03425217
2.04909897
2.06418777
2.07947636
2.09501767
2.11076784
2.12678242
2.14301562
2.15952516
2.17626405
2.19329166
2.21056056
2.22813129
2.24595499
2.26409531
2.28253078
2.30123949
2.32028747
2.33962274
2.35931420
2.37927628
2.39964366
2.42033005
2.44140959
2.46282554
2.48465514
2.48986816
2.48233342
2.47484422
2.46743417
2.46003437
2.45267892
2.44536734
2.43809915
2.43087387
2.42372441
2.41658425
2.40948582
2.40242910
2.39541340
2.38843870
2.38153625
2.37464213
2.36778760
2.36100388
0.40281689
0.40397701
0.40514472
0.40631831
0.40749964
0.40868691
0.40988111
0.41108328
0.41229156
0.41350794
0.41473052
0.41596037
0.41719851
0.41844308
0.41969508
0.42095459
0.42222169
0.42349744
0.42477992
0.42607120
0.42736933
0.42867538
0.42999050
0.43131268
0.43264404
0.43398261
0.43532947
0.43668580
0.43804953
0.43942288
0.44080377
0.44219336
0.44359288
0.44500014
0.44641748
0.44784278
0.44927719
0.45072195
0.45217490
0.45363840
0.45511025
0.45659167
0.45808393
0.45958480
0.46109554
0.46261746
0.46414825
0.46569040
0.46724162
0.46880445
0.47037652
0.47195914
0.47355375
0.47515661
0.47677293
0.47839898
0.48003617
0.48168591
0.48334572
0.48501831
0.48670119
0.48839578
0.49010357
0.49182200
0.49355388
0.49529663
0.49705175
0.49882072
0.50060093
0.50239527
0.50420117
0.50602001
0.50785351
0.50969893
0.51155925
0.51343167
0.51531792
0.51721954
0.51913375
0.52106369
0.52300650
0.52496386
0.52693748
0.52892447
0.53092802
0.53294522
0.53497785
0.53702760
0.53909153
0.54117304
0.54326898
0.54538125
0.54751170
0.54965544
0.55181950
0.55399889
0.55619562
0.55841154
0.56064343
0.56289506
0.56516302
0.56744933
0.56975603
0.57207972
0.57442427
0.57678628
0.57916778
0.58157098
0.58399224
0.58643568
0.58889771
0.59138054
0.59388632
0.59641147
0.59896016
0.60152870
0.60412145
0.60673451
0.60937035
0.61203128
0.61471337
0.61741912
0.62015098
0.62290490
0.62568557
0.62848902
0.63131988
0.63417417
0.63705432
0.63996309
0.64289618
0.64585865
0.64884382
0.65185910
0.65490496
0.65797698
0.66107798
0.66421080
0.66737092
0.67056125
0.67378485
0.67703694
0.68032324
0.68363893
0.68698710
0.69037092
0.69378555
0.69723684
0.70071989
0.70424068
0.70761698
0.71073055
0.71327376
0.71557337
0.71722549
0.71880102
0.71976602
0.72071022
0.72114819
0.72153699
0.72154868
0.72140247
0.72120076
0.72093207
0.72070730
0.72168618
1.54041946
1.54891765
1.55752385
1.56621242
1.57501233
1.58389771
1.59289801
1.60198689
1.61119461
1.62049413
1.62991643
1.63943386
1.64907837
1.65882158
1.66869628
1.67867339
1.68878663
1.69900608
1.70936656
1.71983743
1.73045421
1.74118590
1.75206876
1.76307094
1.77423000
1.78551328
1.79695904
1.80853426
1.82027805
1.83215654
1.84421027
1.85640419
1.86878014
1.88130224
1.89401340
1.90689766
1.91993761
1.93317807
1.94658124
1.96019304
1.97397470
1.98797381
2.00215030
2.01655316
2.03114176
2.04596639
2.06098533
2.07625031
2.09171867
2.10744429
2.12338281
2.13958979
2.15602016
2.17273116
2.18967628
2.20691538
2.22440004
2.24219251
2.26024294
2.27861571
2.29725981
2.31624174
2.33550930
2.35513115
2.37502241
2.39531684
2.41592813
2.43693089
2.45826769
2.48001623
2.49084377
2.48330307
2.47584248
2.46839237
2.46098685
2.45362544
2.44630814
2.43903446
2.43183708
2.42464876
2.41750312
2.41039944
2.40333724
2.39631629
2.38936853
2.38242888
2.37552953
2.36866999
2.36188102
2.35513115
0.40373236
0.40489775
0.40607083
0.40724978
0.40843558
0.40962929
0.41082901
0.41203579
0.41325065
0.41447172
0.41570100
0.41693664
0.41818058
0.41943005
0.42068797
0.42195445
0.42322758
0.42450944
0.42579806
0.42709452
0.42839992
0.42971233
0.43103382
0.43236241
0.43369922
0.43504539
0.43639886
0.43776080
0.43913233
0.44051141
0.44190025
0.44329679
0.44470331
0.44611764
0.44754100
0.44897461
0.45041630
0.45186728
0.45332879
0.45479861
0.45627916
0.45776823
0.45926821
0.46077687
0.46229547
0.46382532
0.46536413
0.46691316
0.46847379
0.47004363
0.47162527
0.47321635
0.47481820
0.47643092
0.47805464
0.47969076
0.48133683
0.48299423
0.48466438
0.48634481
0.48803827
0.48974222
0.49145946
0.49318740
0.49492756
0.49668142
0.49844638
0.50022388
0.50201559
0.50381869
0.50563622
0.50746554
0.50930810
0.51116550
0.51303512
0.51491988
0.51681709
0.51872832
0.52065521
0.52259499
0.52455080
0.52651978
0.52850515
0.53050393
0.53251791
0.53454888
0.53659374
0.53865594
0.54073244
0.54282498
0.54493546
0.54706073
0.54920268
0.55136138
0.55353719
0.55573195
0.55794245
0.56017238
0.56241840
0.56468248
0.56696671
0.56926769
0.57158923
0.57392794
0.57628584
0.57866508
0.58106220
0.58348113
0.58591837
0.58837605
0.59085637
0.59335577
0.59587836
0.59842050
0.60098439
0.60357243
0.60618079
0.60881388
0.61146784
0.61414498
0.61684787
0.61957246
0.62232345
0.62509674
0.62789488
0.63072038
0.63356924
0.63644618
0.63934708
0.64227450
0.64523125
0.64821059
0.65122241
0.65425986
0.65732580
0.66042310
0.66354722
0.66670352
0.66988748
0.67310452
0.67635012
0.67962712
0.68293601
0.68627995
0.68965411
0.69306433
0.69650567
0.69998139
0.70349479
0.70704079
0.71023428
0.71324801
0.71554750
0.71760428
0.71918732
0.72050309
0.72144926
0.72219270
0.72258264
0.72288191
0.72273517
0.72258848
0.72233045
0.72206086
0.72216344
0.72492212
1.54711378
1.55569983
1.56436801
1.57314718
1.58201134
1.59099030
1.60005724
1.60924280
1.61853433
1.62791896
1.63742816
1.64703369
1.65676820
1.66660273
1.67657053
1.68664229
1.69685209
1.70716977
1.71763027
1.72820294
1.73892355
1.74976087
1.76075149
1.77186346
1.78313434
1.79453158
1.80609369
1.81778717
1.82965183
1.84165347
1.85383284
1.86615479
1.87866139
1.89131677
1.90416420
1.91716659
1.93036890
1.94373286
1.95730484
1.97104573
1.98500311
1.99913716
2.01349664
2.02804089
2.04281998
2.05779266
2.07301021
2.08843017
2.10410619
2.11999393
2.13614917
2.15252638
2.16918325
2.18607283
2.20325494
2.22068167
2.23841429
2.25640368
2.27471375
2.29329371
2.31221008
2.33141017
2.35096312
2.37078357
2.39100528
2.41154242
2.43246841
2.45376086
2.47539496
2.49182010
2.48430824
2.47680712
2.46935105
2.46193981
2.45457292
2.44724989
2.44000411
2.43276763
2.42557406
2.41842270
2.41131353
2.40427852
2.39725232
2.39026690
2.38332200
2.37641740
2.36955285
2.36279035
2.35600400
2.34925652
0.40465108
0.40582269
0.40700021
0.40818551
0.40937680
0.41057506
0.41178131
0.41299370
0.41421422
0.41544101
0.41667506
0.41791746
0.41916534
0.42042267
0.42168656
0.42295808
0.42423829
0.42552525
0.42682108
0.42812380
0.42943448
0.43075427
0.43208113
0.43341726
0.43476063
0.43611231
0.43747354
0.43884221
0.44022053
0.44160646
0.44300112
0.44440576
0.44581822
0.44724077
0.44867134
0.45011106
0.45156121
0.45301959
0.45448858
0.45596594
0.45745292
0.45895085
0.46045741
0.46197513
0.46350163
0.46503830
0.46658638
0.46814358
0.46971247
0.47129062
0.47287944
0.47448027
0.47608942
0.47771209
0.47934458
0.48098826
0.48264456
0.48431098
0.48599029
0.48767993
0.48938137
0.49109608
0.49282146
0.49456042
0.49631029
0.49807259
0.49984884
0.50163639
0.50343823
0.50525159
0.50707811
0.50891930
0.51077241
0.51264060
0.51452100
0.51641524
0.51832503
0.52024740
0.52218568
0.52413690
0.52610272
0.52808493
0.53008056
0.53209293
0.53411901
0.53616059
0.53821945
0.54029256
0.54238337
0.54448873
0.54661053
0.54874891
0.55090410
0.55307800
0.55526739
0.55747414
0.55970031
0.56194258
0.56420463
0.56648314
0.56878018
0.57109773
0.57343245
0.57578814
0.57816136
0.58055431
0.58296901
0.58540195
0.58785725
0.59033126
0.59282619
0.59534425
0.59788185
0.60044312
0.60302448
0.60563010
0.60825634
0.61090541
0.61357975
0.61627549
0.61899722
0.62174088
0.62450898
0.62730408
0.63012201
0.63296771
0.63583690
0.63873219
0.64165634
0.64460504
0.64758098
0.65058452
0.65361601
0.65667832
0.65976703
0.66288745
0.66603494
0.66921252
0.67242312
0.67566204
0.67893499
0.68223715
0.68557155
0.68894142
0.69234186
0.69577879
0.69924724
0.70275044
0.70629174
0.70974153
0.71287096
0.71552163
0.71783578
0.71957105
0.72116280
0.72218978
0.72314328
0.72363132
0.72402281
0.72407287
0.72392559
0.72373134
0.72346365
0.72323442
0.72410232
1.54532743
1.55387998
1.56254160
1.57128632
1.58014357
1.58908701
1.59814668
1.60729563
1.61656475
1.62592638
1.63541222
1.64499414
1.65470445
1.66451442
1.67445719
1.68450356
1.69468725
1.70497859
1.71541214
1.72595751
1.73665023
1.74745905
1.75842071
1.76950312
1.78074408
1.79211056
1.80364144
1.81530309
1.82713532
1.83910370
1.85124934
1.86353683
1.87600827
1.88862777
1.90143859
1.91440368
1.92756772
1.94089293
1.95442510
1.96812546
1.98204136
1.99613309
2.01044941
2.02497244
2.03968334
2.05463338
2.06978035
2.08517647
2.10077858
2.11664104
2.13271952
2.14907002
2.16564679
2.18250799
2.19960666
2.21700311
2.23464870
2.25260592
2.27082515
2.28937101
2.30819225
2.32735610
2.34680963
2.36659145
2.38670945
2.40720487
2.42802238
2.44923663
2.47079062
2.49276233
2.48527956
2.47777247
2.47031069
2.46289349
2.45555496
2.44822598
2.44094086
2.43369889
2.42649984
2.41934323
2.41226125
2.40518832
2.39815664
2.39116597
2.38421583
2.37730622
2.37046790
2.36366892
2.35687757
2.35012507
2.34341121
0.40557489
0.40675190
0.40793481
0.40912464
0.41032237
0.41152617
0.41273800
0.41395605
0.41518131
0.41641480
0.41765469
0.41890293
0.42015672
0.42141899
0.42268991
0.42396748
0.42525384
0.42654699
0.42784801
0.42915806
0.43047509
0.43180129
0.43313462
0.43447623
0.43582723
0.43718559
0.43855351
0.43992895
0.44131303
0.44270697
0.44410861
0.44552028
0.44693983
0.44836846
0.44980738
0.45125443
0.45271197
0.45417777
0.45565313
0.45713925
0.45863393
0.46013963
0.46165401
0.46317843
0.46471414
0.46625885
0.46781507
0.46938050
0.47095644
0.47254425
0.47414157
0.47574967
0.47736877
0.47899890
0.48064148
0.48229408
0.48395941
0.48563492
0.48732212
0.48902240
0.49073324
0.49245745
0.49419242
0.49593970
0.49770075
0.49947295
0.50125927
0.50305694
0.50486755
0.50669271
0.50852966
0.51038140
0.51224524
0.51412272
0.51601553
0.51792085
0.51984173
0.52177542
0.52372360
0.52568787
0.52766538
0.52965945
0.53166699
0.53368986
0.53572977
0.53778368
0.53985506
0.54194081
0.54404277
0.54616272
0.54829592
0.55044925
0.55261779
0.55480355
0.55700839
0.55922908
0.56146932
0.56372577
0.56600040
0.56829536
0.57060713
0.57293963
0.57528943
0.57765853
0.58004916
0.58245778
0.58488840
0.58733737
0.58980703
0.59229946
0.59481108
0.59734613
0.59990084
0.60247749
0.60507840
0.60769981
0.61034614
0.61301345
0.61570424
0.61842090
0.62115943
0.62392455
0.62671214
0.62952703
0.63236505
0.63522875
0.63812083
0.64103705
0.64398241
0.64695257
0.64994788
0.65297586
0.65602976
0.65911478
0.66222650
0.66536772
0.66854143
0.67174304
0.67497802
0.67824167
0.68153709
0.68486726
0.68822753
0.69162363
0.69505066
0.69851184
0.70201045
0.70554143
0.70911103
0.71235460
0.71544397
0.71776628
0.71990281
0.72151649
0.72292304
0.72388732
0.72468305
0.72507566
0.72541547
0.72526771
0.72511995
0.72486895
0.72459751
0.72463292
0.72711337
1.55206454
1.56070578
1.56942987
1.57826614
1.58718836
1.59622622
1.60535324
1.61459982
1.62393868
1.63340127
1.64295959
1.65264583
1.66243136
1.67234921
1.68237019
1.69252801
1.70279300
1.71319985
1.72373450
1.73438275
1.74518049
1.75609612
1.76716673
1.77836001
1.78971410
1.80119574
1.81284416
1.82462561
1.83658004
1.84867299
1.86094558
1.87336266
1.88596642
1.89872074
1.91166925
1.92477477
1.93808234
1.95155382
1.96523547
1.97908843
1.99316037
2.00741124
2.02189016
2.03655624
2.05146050
2.06656027
2.08190846
2.09746146
2.11327386
2.12930107
2.14559889
2.16212201
2.17892814
2.19597054
2.21330905
2.23089576
2.24879241
2.26694989
2.28543210
2.30418849
2.32328558
2.34267092
2.36241412
2.38242888
2.40285063
2.42359257
2.44472909
2.46620345
2.48809338
2.48625135
2.47873855
2.47127080
2.46388221
2.45650363
2.44916916
2.44187856
2.43463087
2.42742634
2.42029715
2.41317701
2.40609860
2.39906168
2.39206553
2.38514233
2.37822723
2.37135196
2.36454797
2.35775161
2.35099411
2.34430623
2.33762550
0.40650296
0.40768442
0.40887371
0.41006902
0.41127229
0.41248170
0.41369823
0.41492289
0.41615391
0.41739222
0.41863891
0.41989109
0.42115277
0.42242107
0.42369804
0.42498174
0.42627323
0.42757362
0.42888093
0.43019730
0.43152076
0.43285236
0.43419325
0.43554145
0.43689910
0.43826413
0.43963775
0.44102108
0.44241208
0.44381297
0.44522163
0.44663927
0.44806710
0.44950294
0.45094919
0.45240360
0.45386744
0.45534191
0.45682484
0.45831746
0.45982108
0.46133336
0.46285686
0.46438920
0.46593297
0.46748582
0.46904904
0.47062400
0.47220832
0.47380459
0.47540915
0.47702590
0.47865498
0.48029393
0.48194543
0.48360702
0.48528013
0.48696616
0.48866260
0.49037093
0.49209258
0.49382499
0.49557105
0.49732810
0.49909905
0.50088125
0.50267619
0.50448549
0.50630647
0.50814205
0.50998950
0.51185048
0.51372659
0.51561493
0.51751876
0.51943523
0.52136588
0.52331251
0.52527213
0.52724653
0.52923739
0.53124177
0.53326297
0.53529799
0.53735024
0.53941661
0.54149896
0.54359913
0.54571396
0.54784536
0.54999340
0.55215842
0.55434221
0.55654168
0.55876034
0.56099504
0.56324768
0.56552029
0.56780952
0.57011914
0.57244581
0.57479155
0.57715845
0.57954305
0.58194935
0.58437377
0.58681846
0.58928567
0.59177178
0.59428090
0.59680939
0.59935945
0.60193348
0.60452765
0.60714638
0.60978574
0.61244822
0.61513615
0.61784559
0.62058121
0.62333900
0.62612134
0.62893093
0.63176358
0.63462406
0.63750833
0.64041895
0.64335859
0.64632303
0.64931482
0.65233451
0.65538484
0.65846133
0.66156691
0.66470432
0.66786921
0.67106432
0.67429274
0.67754978
0.68084109
0.68416184
0.68751782
0.69090420
0.69432408
0.69778073
0.70126927
0.70479560
0.70835477
0.71183330
0.71498704
0.71767372
0.72001058
0.72179443
0.72341663
0.72450900
0.72550416
0.72607529
0.72651982
0.72661471
0.72646946
0.72627974
0.72601014
0.72576153
0.72652578
1.55026674
1.55887425
1.56759167
1.57639325
1.58530831
1.59431052
1.60342991
1.61263967
1.62197065
1.63139534
1.64094520
1.65059233
1.66036892
1.67024636
1.68025804
1.69037426
1.70062935
1.71099317
1.72150075
1.73212123
1.74289072
1.75377762
1.76481903
1.77598250
1.78730607
1.79875672
1.81037354
1.82212281
1.83404434
1.84610379
1.85834229
1.87072444
1.88329268
1.89601064
1.90892220
1.92198992
1.93525887
1.94869089
1.96233237
1.97614431
1.99017417
2.00438213
2.01881742
2.03343892
2.04829717
2.06335044
2.07865071
2.09415507
2.10991740
2.12591863
2.14213896
2.15863466
2.17535996
2.19237328
2.20962739
2.22718334
2.24499202
2.26311660
2.28150702
2.30022836
2.31922936
2.33857751
2.35822010
2.37819552
2.39851213
2.41921163
2.44023824
2.46166754
2.48344183
2.48722410
2.47970533
2.47226620
2.46483755
2.45745325
2.45011306
2.44281673
2.43559694
2.42838669
2.42121887
2.41409326
2.40700960
2.39996719
2.39299822
2.38603759
2.37911725
2.37223697
2.36542773
2.35862637
2.35189509
2.34517097
2.33848548
2.33183789
0.40743527
0.40862218
0.40981600
0.41101778
0.41222569
0.41344166
0.41466385
0.41589332
0.41713107
0.41837522
0.41962680
0.42088592
0.42215258
0.42342794
0.42470998
0.42600083
0.42729855
0.42860419
0.42991886
0.43124059
0.43257150
0.43390960
0.43525600
0.43661189
0.43797514
0.43934804
0.44072846
0.44211867
0.44351661
0.44492340
0.44634026
0.44776505
0.44919896
0.45064321
0.45209566
0.45355865
0.45502996
0.45651203
0.45800260
0.45950294
0.46101436
0.46253452
0.46406475
0.46560636
0.46715701
0.46871927
0.47029075
0.47187284
0.47346684
0.47506911
0.47668484
0.47831029
0.47994685
0.48159599
0.48325515
0.48492712
0.48660937
0.48830467
0.49001050
0.49172825
0.49345949
0.49520156
0.49695599
0.49872428
0.50050378
0.50229746
0.50410265
0.50592077
0.50775355
0.50959826
0.51145780
0.51332951
0.51521498
0.51711583
0.51902932
0.52095848
0.52290052
0.52485859
0.52682990
0.52881598
0.53081876
0.53283513
0.53486693
0.53691584
0.53897887
0.54105949
0.54315460
0.54526597
0.54739553
0.54953837
0.55170149
0.55387998
0.55607569
0.55829072
0.56052160
0.56277221
0.56503922
0.56732452
0.56963021
0.57195288
0.57429641
0.57665735
0.57903969
0.58143991
0.58386010
0.58630240
0.58876336
0.59124696
0.59374964
0.59627360
0.59882110
0.60138845
0.60397792
0.60659188
0.60922647
0.61188608
0.61456692
0.61727357
0.62000191
0.62275451
0.62553388
0.62833595
0.63116544
0.63401830
0.63689703
0.63980436
0.64273602
0.64569700
0.64868069
0.65169448
0.65473878
0.65780920
0.66091102
0.66403979
0.66719830
0.67038953
0.67360890
0.67686188
0.68014389
0.68345779
0.68680686
0.69018626
0.69360173
0.69704843
0.70052963
0.70404851
0.70760012
0.71119052
0.71446186
0.71757823
0.71991736
0.72206968
0.72369307
0.72510517
0.72610199
0.72695005
0.72739565
0.72780907
0.72773170
0.72765136
0.72742540
0.72715199
0.72712231
0.72931498
1.55704701
1.56574404
1.57452476
1.58341861
1.59239936
1.60149682
1.61068439
1.61999261
1.62939417
1.63892066
1.64854383
1.65829623
1.66814899
1.67813540
1.68822598
1.69845498
1.70879221
1.71927261
1.72986567
1.74060702
1.75146532
1.76247740
1.77361119
1.78490448
1.79632437
1.80790973
1.81964540
1.83151567
1.84356081
1.85574615
1.86811328
1.88062644
1.89332855
1.90618289
1.91923380
1.93244350
1.94585776
1.95943785
1.97323072
1.98719704
2.00138497
2.01575398
2.03035402
2.04514360
2.06017423
2.07540298
2.09088326
2.10657144
2.12252188
2.13868999
2.15513253
2.17180324
2.18876100
2.20595813
2.22345543
2.24120426
2.25926757
2.27759504
2.29625225
2.31518722
2.33446789
2.35404110
2.37394547
2.39418912
2.41481376
2.43576360
2.45711398
2.47880769
2.48823237
2.48070765
2.47322798
2.46579361
2.45840359
2.45105791
2.44378924
2.43653059
2.42931461
2.42214131
2.41501045
2.40792131
2.40090609
2.39389944
2.38693333
2.38000798
2.37312245
2.36630821
2.35953307
2.35276532
2.34603643
2.33934593
2.33269334
2.32610917
0.40837094
0.40956423
0.41076359
0.41197094
0.41318446
0.41440514
0.41563404
0.41686925
0.41811281
0.41936186
0.42061937
0.42188543
0.42315817
0.42443958
0.42572778
0.42702383
0.42832881
0.42964074
0.43096182
0.43228996
0.43362632
0.43497205
0.43632507
0.43768761
0.43905759
0.44043621
0.44182459
0.44322065
0.44462666
0.44604051
0.44746339
0.44889650
0.45033768
0.45178929
0.45324913
0.45471844
0.45619848
0.45768699
0.45918646
0.46069458
0.46221265
0.46374196
0.46528018
0.46682990
0.46838874
0.46995801
0.47153908
0.47312957
0.47473210
0.47634295
0.47796607
0.47960159
0.48124704
0.48290512
0.48457333
0.48625314
0.48794594
0.48964927
0.49136585
0.49309313
0.49483263
0.49658582
0.49835008
0.50012833
0.50191790
0.50372028
0.50553715
0.50736570
0.50920898
0.51106429
0.51293308
0.51481712
0.51671356
0.51862550
0.52055019
0.52248913
0.52444416
0.52641231
0.52839690
0.53039485
0.53240806
0.53443813
0.53648216
0.53854352
0.54061913
0.54271078
0.54482037
0.54694474
0.54908574
0.55124360
0.55341846
0.55561227
0.55782181
0.56005073
0.56229579
0.56455892
0.56684214
0.56914210
0.57146263
0.57380027
0.57615715
0.57853532
0.58093137
0.58334917
0.58578533
0.58824188
0.59072113
0.59321934
0.59574080
0.59828174
0.60084444
0.60343128
0.60603839
0.60867023
0.61132294
0.61399883
0.61670041
0.61942369
0.62217337
0.62494528
0.62774205
0.63056624
0.63341367
0.63628918
0.63918865
0.64211464
0.64506990
0.64804780
0.65105802
0.65409398
0.65715837
0.66025406
0.66337657
0.66653126
0.66971356
0.67292643
0.67617285
0.67944813
0.68275785
0.68609744
0.68947244
0.69287819
0.69631767
0.69979429
0.70330298
0.70684987
0.71042985
0.71393746
0.71710700
0.71982133
0.72217220
0.72396976
0.72560471
0.72670370
0.72770494
0.72827357
0.72872376
0.72886997
0.72878945
0.72867304
0.72847325
0.72827953
0.72896850
1.55522406
1.56390059
1.57267463
1.58153343
1.59050691
1.59956837
1.60874832
1.61801946
1.62741292
1.63690114
1.64651573
1.65622866
1.66607237
1.67601800
1.68609917
1.69628608
1.70661318
1.71705031
1.72763264
1.73832917
1.74917626
1.76014209
1.77126396
1.78250945
1.79391658
1.80545247
1.81715620
1.82899392
1.84100580
1.85315728
1.86548984
1.87796772
1.89063382
1.90345156
1.91646481
1.92963648
1.94301152
1.95655179
1.97030401
1.98422873
1.99837410
2.01269984
2.02725554
2.04199982
2.05698395
2.07216573
2.08759737
2.10323596
2.11913586
2.13525224
2.15164185
2.16825843
2.18516040
2.20230079
2.21973991
2.23742938
2.25543165
2.27369666
2.29228973
2.31118917
2.33037257
2.34990788
2.36971045
2.38991380
2.41043210
2.43133879
2.45257759
2.47422504
2.48920679
2.48167586
2.47419071
2.46675038
2.45935464
2.45203686
2.44472909
2.43746471
2.43024325
2.42306471
2.41596103
2.40886617
2.40181303
2.39480114
2.38783002
2.38089919
2.37404037
2.36718941
2.36040902
2.35363650
2.34690261
2.34020710
2.33358026
2.32696056
2.32037830
0.40931183
0.41051066
0.41171557
0.41292760
0.41414770
0.41537410
0.41660875
0.41784978
0.41909724
0.42035416
0.42161763
0.42288873
0.42416853
0.42545506
0.42675048
0.42805275
0.42936406
0.43068236
0.43200877
0.43334445
0.43468738
0.43603969
0.43739936
0.43876755
0.44014543
0.44153088
0.44292617
0.44432920
0.44574118
0.44716325
0.44859332
0.45003369
0.45148218
0.45294005
0.45440850
0.45588535
0.45737302
0.45886922
0.46037525
0.46189240
0.46341839
0.46495569
0.46650201
0.46805865
0.46962696
0.47120455
0.47279403
0.47439301
0.47600159
0.47762364
0.47925553
0.48089990
0.48255426
0.48422006
0.48589873
0.48758775
0.48928988
0.49100259
0.49272734
0.49446562
0.49621481
0.49797782
0.49975201
0.50153887
0.50334001
0.50515264
0.50697988
0.50881892
0.51067132
0.51253873
0.51441842
0.51631337
0.51822090
0.52014250
0.52208000
0.52403039
0.52599698
0.52797687
0.52997166
0.53198320
0.53400844
0.53605080
0.53810722
0.54017943
0.54226935
0.54437387
0.54649639
0.54863220
0.55078650
0.55295944
0.55514789
0.55735546
0.55957890
0.56182015
0.56408125
0.56635880
0.56865662
0.57097137
0.57330501
0.57565963
0.57803184
0.58042556
0.58283728
0.58526915
0.58772331
0.59019619
0.59269196
0.59520692
0.59774327
0.60030341
0.60288352
0.60548800
0.60811293
0.61076075
0.61343384
0.61612833
0.61884874
0.62159109
0.62435782
0.62715155
0.62996817
0.63281244
0.63568020
0.63857412
0.64149678
0.64444405
0.64741844
0.65042049
0.65345043
0.65651125
0.65959835
0.66271716
0.66586304
0.66903895
0.67224789
0.67548513
0.67875636
0.68205678
0.68538940
0.68875748
0.69215614
0.69559115
0.69905776
0.70256186
0.70609838
0.70967078
0.71328235
0.71657872
0.71972525
0.72207844
0.72424668
0.72588283
0.72730350
0.72830635
0.72915363
0.72960490
0.73001188
0.72993106
0.72985023
0.72967368
0.72947335
0.72949129
0.73160809
1.56206167
1.57081485
1.57965279
1.58860481
1.59764457
1.60680234
1.61605108
1.62542164
1.63488650
1.64447749
1.65416622
1.66398537
1.67390609
1.68396175
1.69412279
1.70442355
1.71483374
1.72538865
1.73605740
1.74687600
1.75781298
1.76890528
1.78012073
1.79149735
1.80300200
1.81467390
1.82647908
1.83845794
1.85057569
1.86287367
1.87531650
1.88794672
1.90072799
1.91370392
1.92685831
1.94017363
1.95369577
1.96738589
1.98129129
1.99537230
2.00967765
2.02416635
2.03888917
2.05380368
2.06896234
2.08432198
2.09993601
2.11576056
2.13185120
2.14816236
2.16475129
2.18157172
2.19868302
2.21603703
2.23369527
2.25160861
2.26984072
2.28834081
2.30717516
2.32629156
2.34575820
2.36552215
2.38562179
2.40606594
2.42689681
2.44805765
2.46962523
2.49018168
2.48264503
2.47515392
2.46774197
2.46034050
2.45298314
2.44566965
2.43839955
2.43117261
2.42402148
2.41687942
2.40977931
2.40272093
2.39570355
2.38872719
2.38182306
2.37492728
2.36807108
2.36128592
2.35450816
2.34776926
2.34109974
2.33443713
2.32781267
2.32122540
2.31467557
0.41025710
0.41146052
0.41267198
0.41388965
0.41511449
0.41634759
0.41758707
0.41883492
0.42008829
0.42135018
0.42262065
0.42389783
0.42518374
0.42647645
0.42777708
0.42908666
0.43040326
0.43172902
0.43306193
0.43440413
0.43575361
0.43711150
0.43847898
0.43985394
0.44123757
0.44263101
0.44403216
0.44544336
0.44686240
0.44829166
0.44972897
0.45117551
0.45263252
0.45409784
0.45557383
0.45705828
0.45855242
0.46005756
0.46157143
0.46309647
0.46463042
0.46617457
0.46773025
0.46929511
0.47087175
0.47245774
0.47405443
0.47566196
0.47728044
0.47891125
0.48055196
0.48220393
0.48386863
0.48554352
0.48723006
0.48892972
0.49063990
0.49236345
0.49409777
0.49584576
0.49760476
0.49937627
0.50116187
0.50295883
0.50477022
0.50659323
0.50842941
0.51028043
0.51214355
0.51402175
0.51591235
0.51781684
0.51973701
0.52166992
0.52361727
0.52558076
0.52755749
0.52955067
0.53155744
0.53357947
0.53561848
0.53767163
0.53974211
0.54182702
0.54392803
0.54604715
0.54817939
0.55033183
0.55249947
0.55468601
0.55688816
0.55910784
0.56134713
0.56360263
0.56587809
0.56817019
0.57048094
0.57281238
0.57516116
0.57752925
0.57991880
0.58232629
0.58475578
0.58720374
0.58967221
0.59216350
0.59467399
0.59720784
0.59976137
0.60233682
0.60493648
0.60755670
0.61020178
0.61286783
0.61555731
0.61827266
0.62100989
0.62377369
0.62655991
0.62937343
0.63221008
0.63507241
0.63796306
0.64087784
0.64382166
0.64679033
0.64978415
0.65281057
0.65586293
0.65894639
0.66205657
0.66519618
0.66836822
0.67156816
0.67480141
0.67806339
0.68135709
0.68468553
0.68804401
0.69143826
0.69486344
0.69832277
0.70181948
0.70534855
0.70891613
0.71251714
0.71604258
0.71923381
0.72196424
0.72434390
0.72616124
0.72780609
0.72890878
0.72991908
0.73048818
0.73093814
0.73107624
0.73099816
0.73087811
0.73067713
0.73048818
0.73124743
1.56022692
1.56895959
1.57777655
1.58670735
1.59572542
1.60486114
1.61408734
1.62343514
1.63287687
1.64244413
1.65212429
1.66190362
1.67181516
1.68182969
1.69198108
1.70223939
1.71263933
1.72315049
1.73380840
1.74458182
1.75550723
1.76655293
1.77775621
1.78908443
1.80057633
1.81219828
1.82398987
1.83591700
1.84802043
1.86026490
1.87269258
1.88526738
1.89803243
1.91095102
1.92406738
1.93734407
1.95082664
1.96447647
1.97834063
1.99237955
2.00664186
2.02108669
2.03576446
2.05063319
2.06574488
2.08105659
2.09662151
2.11239624
2.12843537
2.14469409
2.16122937
2.17799497
2.19504976
2.21234632
2.22994542
2.24779868
2.26596880
2.28440571
2.30317497
2.32222486
2.34162331
2.36131716
2.38134527
2.40171576
2.42247105
2.44355440
2.46504235
2.48691154
2.48361492
2.47615242
2.46870041
2.46129298
2.45392990
2.44661093
2.43933535
2.43213606
2.42494607
2.41779876
2.41069317
2.40362930
2.39660668
2.38965726
2.38271594
2.37581468
2.36895347
2.36216331
2.35541177
2.34866762
2.34196210
2.33529472
2.32866526
2.32207322
2.31554866
2.30903053
0.41120672
0.41241574
0.41363189
0.41485620
0.41608676
0.41732568
0.41857100
0.41982275
0.42108405
0.42235193
0.42362845
0.42491174
0.42620280
0.42750275
0.42880964
0.43012559
0.43144858
0.43277973
0.43412021
0.43546793
0.43682510
0.43818969
0.43956286
0.44094571
0.44233623
0.44373661
0.44514480
0.44656196
0.44798928
0.44942465
0.45087036
0.45232427
0.45378760
0.45526156
0.45674396
0.45823723
0.45973912
0.46125087
0.46277383
0.46430564
0.46584883
0.46740112
0.46896377
0.47053814
0.47212189
0.47371757
0.47532156
0.47693771
0.47856620
0.48020452
0.48185542
0.48351640
0.48519015
0.48687425
0.48857006
0.49027908
0.49199873
0.49373049
0.49547586
0.49723223
0.49900249
0.50078398
0.50257826
0.50438690
0.50620711
0.50804198
0.50988871
0.51174897
0.51362431
0.51551193
0.51741499
0.51933062
0.52126205
0.52320635
0.52516520
0.52714038
0.52912885
0.53113240
0.53315276
0.53518695
0.53723830
0.53930384
0.54138535
0.54348463
0.54559857
0.54773074
0.54987621
0.55204028
0.55422312
0.55642164
0.55863935
0.56087309
0.56312478
0.56539637
0.56768459
0.56999320
0.57231879
0.57466352
0.57702935
0.57941288
0.58181810
0.58424145
0.58668500
0.58915108
0.59163606
0.59414405
0.59667134
0.59922028
0.60179311
0.60438603
0.60700351
0.60964167
0.61230284
0.61498946
0.61769766
0.62043196
0.62318838
0.62596941
0.62877762
0.63160890
0.63446802
0.63735086
0.64026231
0.64319819
0.64616114
0.64915144
0.65216959
0.65521592
0.65829331
0.66139728
0.66453314
0.66769636
0.67089236
0.67411655
0.67737186
0.68066144
0.68398041
0.68733197
0.69071919
0.69413728
0.69759208
0.70107865
0.70460308
0.70816028
0.71175361
0.71538645
0.71867913
0.72179735
0.72417593
0.72633898
0.72800851
0.72944945
0.73050016
0.73137063
0.73182464
0.73222804
0.73214674
0.73206544
0.73188180
0.73168027
0.73173136
0.73402464
1.56710863
1.57591867
1.58481431
1.59382510
1.60292459
1.61214316
1.62145352
1.63088715
1.64041591
1.65007210
1.65982699
1.66971374
1.67970300
1.68982863
1.70006084
1.71043420
1.72091818
1.73154831
1.74229360
1.75319040
1.76420677
1.77538025
1.78667819
1.79813898
1.80972934
1.82148886
1.83338320
1.84545302
1.85766351
1.87005627
1.88259554
1.89532435
1.90820587
1.92128456
1.93452275
1.94796586
1.96157551
1.97539866
1.98939574
2.00361514
2.01803923
2.03264928
2.04749608
2.06253743
2.07782578
2.09331775
2.10906720
2.12503052
2.14126277
2.15771890
2.17445636
2.19142866
2.20869541
2.22620845
2.24402976
2.26210999
2.28051305
2.29918838
2.31820250
2.33750272
2.35715842
2.37708378
2.39741373
2.41806149
2.43910122
2.46047640
2.48226428
2.48462033
2.47711730
2.46965933
2.46224642
2.45487761
2.44758654
2.44030499
2.43306684
2.42587137
2.41871858
2.41160774
2.40457082
2.39754295
2.39055586
2.38360929
2.37670302
2.36983657
2.36307263
2.35628462
2.34953570
2.34282517
2.33615303
2.32951856
2.32295203
2.31639242
2.30986953
2.30338359
0.41215983
0.41337541
0.41459721
0.41582724
0.41706362
0.41830736
0.41955855
0.42081726
0.42208451
0.42335844
0.42464006
0.42593050
0.42722777
0.42853400
0.42984721
0.43116850
0.43249899
0.43383664
0.43518364
0.43653801
0.43790081
0.43927321
0.44065318
0.44204292
0.44344038
0.44484666
0.44626305
0.44768733
0.44912189
0.45056450
0.45201644
0.45347890
0.45494971
0.45643127
0.45792130
0.45942113
0.46093199
0.46245161
0.46398249
0.46552235
0.46707243
0.46863413
0.47020504
0.47178778
0.47337997
0.47498164
0.47659677
0.47822163
0.47985888
0.48150608
0.48316464
0.48483598
0.48651761
0.48821229
0.48991743
0.49163455
0.49336511
0.49510652
0.49686167
0.49862787
0.50040668
0.50219971
0.50400412
0.50582302
0.50765365
0.50949758
0.51135641
0.51322740
0.51511359
0.51701224
0.51892489
0.52085328
0.52279454
0.52475184
0.52672231
0.52870762
0.53070956
0.53272510
0.53475761
0.53680414
0.53886634
0.54094607
0.54304028
0.54515243
0.54727942
0.54942131
0.55158353
0.55376107
0.55595762
0.55816990
0.56039989
0.56264949
0.56491548
0.56720161
0.56950444
0.57182610
0.57416856
0.57652849
0.57890975
0.58130890
0.58372796
0.58616918
0.58862901
0.59111148
0.59361303
0.59613580
0.59868217
0.60124832
0.60383862
0.60644925
0.60908258
0.61174101
0.61442059
0.61712587
0.61985296
0.62260425
0.62538224
0.62818295
0.63101107
0.63386250
0.63673985
0.63964576
0.64257592
0.64553547
0.64851761
0.65152985
0.65457261
0.65764153
0.66074175
0.66386890
0.66702580
0.67021537
0.67343307
0.67668438
0.67996460
0.68327677
0.68662405
0.69000161
0.69341528
0.69686013
0.70033944
0.70385641
0.70740604
0.71099454
0.71461678
0.71812248
0.72133231
0.72400802
0.72639829
0.72817528
0.72985321
0.73095316
0.73200822
0.73260170
0.73311162
0.73329890
0.73321736
0.73309350
0.73289132
0.73271030
0.73352855
1.56526208
1.57405138
1.58292580
1.59191513
1.60099268
1.61018896
1.61947680
1.62888730
1.63839269
1.64802492
1.65775561
1.66761756
1.67758179
1.68768179
1.69788790
1.70823467
1.71869159
1.72929418
1.74002850
1.75087953
1.76188433
1.77301061
1.78429615
1.79570830
1.80728555
1.81899464
1.83087516
1.84289277
1.85508859
1.86742735
1.87995112
1.89262390
1.90548909
1.91850972
1.93173051
1.94511354
1.95870471
1.97246540
1.98644304
2.00059772
2.01497817
2.02954388
2.04434514
2.05934000
2.07458067
2.09002399
2.10572410
2.12163639
2.13781667
2.15421963
2.17090273
2.18781948
2.20502901
2.22248387
2.24024534
2.25826430
2.27660465
2.29521585
2.31416392
2.33339667
2.35298300
2.37283778
2.39309478
2.41366768
2.43463087
2.45592761
2.47763443
2.48559189
2.47808290
2.47061920
2.46320033
2.45585966
2.44852924
2.44124222
2.43399835
2.42679763
2.41963911
2.41255546
2.40548086
2.39844751
2.39145494
2.38450336
2.37759185
2.37075210
2.36395144
2.35715842
2.35040426
2.34368896
2.33704233
2.33040309
2.32380128
2.31723666
2.31070924
2.30421829
2.29779363
0.41311830
0.41433954
0.41556707
0.41680190
0.41804507
0.41929370
0.42055079
0.42181647
0.42308876
0.42436975
0.42565754
0.42695314
0.42825770
0.42956921
0.43088982
0.43221754
0.43355346
0.43489870
0.43625128
0.43761337
0.43898290
0.44036210
0.44174892
0.44314450
0.44455004
0.44596341
0.44738579
0.44881839
0.45025909
0.45171019
0.45316952
0.45463946
0.45611781
0.45760581
0.45910475
0.46061233
0.46213105
0.46365860
0.46519628
0.46674544
0.46830371
0.46987364
0.47145289
0.47304282
0.47464475
0.47625503
0.47787884
0.47951245
0.48115727
0.48281473
0.48448235
0.48616284
0.48785368
0.48955634
0.49127227
0.49299890
0.49473912
0.49649024
0.49825382
0.50003141
0.50182027
0.50362343
0.50543809
0.50726593
0.50910848
0.51096302
0.51283115
0.51471442
0.51661009
0.51852131
0.52044517
0.52238488
0.52433759
0.52630496
0.52828866
0.53028584
0.53229976
0.53432745
0.53637064
0.53843111
0.54050583
0.54259831
0.54470533
0.54682881
0.54896891
0.55112582
0.55329978
0.55549264
0.55770123
0.55992919
0.56217325
0.56443721
0.56671762
0.56901658
0.57133603
0.57367265
0.57603037
0.57840562
0.58080053
0.58321732
0.58565235
0.58810973
0.59058589
0.59308296
0.59560323
0.59814298
0.60070658
0.60329014
0.60589606
0.60852665
0.61117810
0.61385483
0.61655301
0.61927503
0.62202334
0.62479395
0.62758934
0.63041216
0.63325816
0.63613230
0.63903034
0.64195716
0.64490867
0.64788502
0.65089375
0.65392816
0.65699100
0.66008514
0.66320604
0.66635907
0.66953975
0.67275351
0.67599565
0.67926919
0.68257725
0.68591499
0.68928826
0.69269210
0.69612980
0.69960451
0.70311129
0.70665622
0.71023428
0.71384871
0.71750301
0.72077441
0.72383732
0.72623229
0.72834212
0.73002082
0.73140967
0.73246604
0.73330492
0.73381883
0.73424262
0.73423356
0.73422444
0.73410636
0.73390359
0.73398226
0.73646021
1.57218838
1.58105588
1.59000969
1.59907985
1.60823953
1.61751950
1.62689233
1.63638949
1.64598286
1.65570486
1.66552675
1.67548168
1.68554032
1.69573665
1.70604074
1.71648741
1.72704589
1.73775220
1.74857485
1.75955057
1.77064729
1.78190267
1.79328406
1.80483007
1.81650722
1.82835519
1.84033966
1.85250163
1.86480582
1.87729430
1.88993120
1.90275967
1.91574299
1.92892551
1.94226944
1.95582092
1.96954095
1.98347700
1.99758911
2.01192641
2.02644777
2.04120374
2.05615234
2.07134581
2.08674097
2.10239148
2.11825323
2.13438177
2.15073180
2.16736078
2.18424869
2.20137477
2.21879935
2.23647356
2.25446033
2.27270985
2.29128647
2.31013942
2.32933569
2.34882259
2.36863828
2.38879132
2.40932274
2.43017697
2.45142913
2.47302198
2.48656392
2.47904921
2.47157979
2.46418929
2.45680881
2.44947267
2.44217992
2.43493056
2.42772436
2.42059326
2.41347146
2.40639138
2.39935255
2.39235497
2.38543010
2.37851310
2.37163639
2.36483073
2.35803270
2.35127354
2.34458423
2.33790183
2.33125758
2.32465100
2.31808162
2.31154943
2.30508375
2.29862428
2.29220104
0.41408125
0.41530722
0.41654149
0.41778213
0.41903016
0.42028567
0.42154875
0.42282042
0.42409879
0.42538491
0.42667991
0.42798173
0.42929259
0.43061048
0.43193644
0.43327168
0.43461412
0.43596599
0.43732521
0.43869296
0.44007033
0.44145530
0.44285014
0.44425270
0.44566417
0.44708577
0.44851533
0.44995520
0.45140317
0.45286053
0.45432848
0.45580480
0.45729193
0.45878762
0.46029431
0.46180972
0.46333516
0.46487191
0.46641767
0.46797374
0.46954146
0.47111848
0.47270739
0.47430581
0.47591504
0.47753525
0.47916651
0.48081025
0.48246402
0.48412919
0.48580724
0.48749560
0.48919711
0.49090916
0.49263462
0.49437085
0.49611938
0.49788171
0.49965522
0.50144279
0.50324184
0.50505376
0.50688028
0.50871855
0.51057172
0.51243693
0.51431584
0.51621008
0.51811677
0.52003765
0.52197433
0.52392399
0.52588975
0.52786881
0.52986282
0.53187352
0.53389794
0.53593946
0.53799498
0.54006636
0.54215539
0.54425901
0.54638064
0.54851556
0.55067062
0.55284095
0.55502844
0.55723506
0.55945754
0.56169784
0.56395793
0.56623447
0.56853133
0.57084501
0.57317764
0.57553124
0.57790238
0.58029503
0.58270562
0.58513641
0.58758944
0.59006119
0.59255582
0.59506959
0.59760481
0.60016376
0.60274267
0.60534590
0.60796964
0.61061829
0.61328804
0.61598122
0.61870033
0.62144136
0.62420678
0.62699914
0.62981433
0.63265723
0.63552362
0.63841605
0.64133734
0.64428306
0.64725834
0.65025651
0.65328497
0.65634418
0.65942973
0.66254693
0.66569126
0.66886550
0.67207277
0.67530835
0.67857778
0.68187648
0.68520737
0.68857366
0.69197047
0.69540370
0.69886839
0.70237052
0.70590520
0.70947558
0.71308517
0.71672875
0.72021741
0.72344601
0.72606051
0.72846729
0.73018855
0.73186374
0.73292148
0.73398226
0.73452437
0.73503697
0.73517358
0.73516446
0.73510379
0.73497629
0.73488224
0.73581785
1.57032990
1.57917631
1.58810878
1.59715724
1.60629487
1.61555231
1.62490225
1.63437617
1.64394593
1.65364373
1.66344118
1.67337108
1.68340433
1.69357479
1.70385242
1.71427226
1.72480357
1.73548186
1.74627614
1.75722301
1.76829028
1.77951562
1.79086649
1.80238128
1.81402659
1.82584214
1.83781254
1.84992182
1.86221111
1.87464511
1.88726616
1.90003812
1.91300464
1.92612863
1.93945491
1.95294547
1.96664679
1.98051977
1.99461210
2.00888371
2.02338409
2.03807211
2.05299830
2.06812096
2.08349228
2.09906936
2.11490583
2.13095784
2.14728117
2.16383028
2.18066311
2.19773293
2.21509933
2.23271465
2.25064063
2.26882792
2.28734112
2.30612898
2.32525826
2.34467673
2.36445379
2.38450336
2.40496087
2.42573929
2.44691348
2.46842647
2.48753691
2.48001623
2.47257543
2.46514463
2.45775867
2.45041680
2.44311857
2.43589687
2.42868495
2.42151546
2.41438794
2.40730262
2.40025854
2.39328790
2.38632536
2.37940335
2.37252140
2.36571074
2.35890770
2.35217476
2.34544921
2.33876204
2.33211279
2.32550120
2.31895733
2.31242013
2.30591989
2.29945588
2.29302788
2.28663588
0.41504869
0.41628042
0.41751948
0.41876695
0.42001989
0.42128235
0.42255142
0.42382818
0.42511368
0.42640597
0.42770717
0.42901531
0.43033147
0.43165678
0.43298924
0.43433100
0.43568003
0.43703747
0.43840447
0.43977895
0.44116318
0.44255507
0.44395575
0.44536644
0.44678500
0.44821379
0.44965059
0.45109659
0.45255312
0.45401791
0.45549339
0.45697731
0.45847094
0.45997554
0.46148884
0.46301335
0.46454677
0.46609035
0.46764547
0.46920976
0.47078580
0.47237122
0.47396734
0.47557428
0.47719216
0.47882235
0.48046246
0.48211381
0.48377788
0.48545218
0.48713940
0.48883706
0.49054658
0.49226949
0.49400318
0.49575046
0.49750879
0.49927962
0.50106454
0.50286078
0.50467145
0.50649375
0.50832921
0.51017952
0.51204187
0.51391935
0.51580918
0.51771295
0.51963234
0.52156448
0.52351254
0.52547371
0.52744961
0.52944201
0.53144795
0.53347069
0.53550732
0.53755957
0.53962922
0.54171324
0.54381502
0.54593158
0.54806292
0.55021441
0.55238116
0.55456674
0.55676794
0.55898672
0.56122500
0.56347948
0.56575400
0.56804508
0.57035482
0.57268524
0.57503295
0.57740182
0.57978845
0.58219486
0.58462328
0.58707011
0.58953941
0.59202760
0.59453696
0.59706962
0.59962195
0.60219824
0.60479468
0.60741365
0.61005747
0.61272228
0.61541259
0.61812454
0.62086046
0.62362289
0.62640780
0.62921995
0.63205516
0.63491607
0.63780534
0.64071864
0.64366102
0.64662820
0.64962053
0.65264547
0.65569627
0.65877813
0.66188669
0.66502470
0.66819513
0.67139339
0.67462498
0.67788523
0.68117714
0.68450385
0.68786055
0.69125301
0.69467634
0.69813377
0.70162857
0.70515573
0.70872140
0.71232039
0.71595907
0.71963215
0.72288191
0.72588879
0.72829741
0.73035330
0.73204434
0.73337746
0.73443955
0.73523128
0.73574489
0.73611605
0.73610693
0.73609781
0.73596996
0.73584223
0.73608261
0.73901021
1.57730114
1.58622658
1.59523916
1.60436928
1.61358988
1.62293196
1.63236773
1.64192903
1.65158772
1.66137624
1.67126572
1.68128955
1.69141829
1.70168614
1.71206284
1.72258353
1.73321748
1.74400067
1.75490153
1.76595700
1.77713501
1.78847337
1.79993904
1.81157112
1.82333601
1.83527350
1.84734917
1.85960424
1.87200320
1.88458872
1.89732432
1.91025376
1.92333972
1.93662739
1.95007861
1.96373951
1.97757137
1.99162161
2.00585032
2.02030683
2.03494978
2.04983044
2.06490612
2.08022976
2.09575748
2.11154413
2.12754488
2.14381576
2.16031122
2.17708921
2.19410276
2.21141171
2.22896814
2.24683404
2.26495957
2.28340936
2.30213237
2.32119513
2.34057641
2.36025262
2.38026261
2.40061450
2.42135072
2.44241452
2.46388221
2.48569584
2.48101878
2.47353745
2.46610093
2.45870924
2.45136166
2.44409132
2.43683076
2.42961311
2.42243814
2.41530538
2.40821457
2.40119743
2.39418912
2.38722157
2.38029432
2.37340736
2.36659145
2.35981464
2.35304523
2.34631491
2.33962274
2.33296871
2.32638264
2.31980371
2.31326175
2.30675650
2.30028772
2.29385519
2.28748798
2.28112674
0.41601968
0.41725817
0.41850308
0.41975543
0.42101532
0.42228279
0.42355892
0.42484176
0.42613342
0.42743194
0.42873839
0.43005389
0.43137643
0.43270820
0.43404716
0.43539441
0.43675116
0.43811527
0.43948904
0.44087037
0.44226038
0.44366032
0.44506800
0.44648579
0.44791153
0.44934636
0.45079160
0.45224497
0.45370895
0.45518124
0.45666310
0.45815587
0.45965719
0.46116963
0.46269083
0.46422207
0.46576473
0.46731645
0.46887976
0.47045234
0.47203550
0.47363061
0.47523400
0.47685084
0.47847742
0.48011515
0.48176542
0.48342577
0.48509893
0.48678237
0.48847756
0.49018592
0.49190491
0.49363738
0.49538073
0.49713641
0.49890599
0.50068682
0.50248182
0.50428826
0.50610781
0.50794196
0.50978798
0.51164889
0.51352203
0.51540893
0.51731122
0.51922613
0.52115673
0.52310026
0.52505833
0.52703267
0.52902031
0.53102463
0.53304255
0.53507590
0.53712648
0.53919113
0.54127342
0.54337013
0.54548323
0.54761446
0.54975903
0.55192387
0.55410409
0.55630165
0.55851841
0.56075120
0.56300366
0.56527245
0.56755966
0.56986725
0.57219189
0.57453740
0.57690030
0.57928276
0.58168691
0.58410913
0.58655357
0.58901662
0.59150040
0.59400719
0.59653336
0.59908313
0.60165274
0.60424447
0.60686070
0.60949761
0.61215967
0.61484289
0.61754978
0.62028277
0.62303787
0.62581980
0.62862438
0.63145429
0.63431203
0.63719344
0.64010346
0.64303786
0.64599931
0.64898813
0.65200478
0.65505201
0.65812540
0.66122776
0.66436201
0.66752356
0.67071795
0.67394042
0.67719406
0.68048185
0.68379915
0.68715155
0.69053429
0.69395053
0.69740349
0.70088822
0.70441067
0.70796597
0.71155727
0.71518815
0.71885329
0.72229528
0.72554851
0.72807401
0.73046124
0.73217982
0.73383093
0.73490041
0.73593956
0.73645413
0.73697245
0.73705178
0.73704267
0.73696941
0.73684132
0.73677725
0.73798078
1.57543051
1.58433473
1.59332585
1.60243392
1.61163223
1.62095153
1.63036430
1.63990211
1.64953685
1.65930092
1.66916573
1.67916429
1.68926740
1.69950902
1.70985913
1.72035265
1.73095906
1.74171400
1.75258625
1.76361251
1.77476072
1.78606868
1.79750347
1.80910397
1.82083666
1.83274138
1.84478366
1.85700452
1.86936891
1.88191879
1.89461827
1.90751064
1.92057979
1.93380809
1.94724131
1.96084082
1.97465360
1.98864007
2.00284863
2.01723886
2.03186059
2.04667211
2.06172514
2.07697725
2.09248090
2.10819316
2.12416816
2.14036155
2.15682983
2.17352700
2.19051170
2.20773649
2.22526217
2.24304008
2.26113296
2.27949095
2.29817915
2.31714630
2.33645964
2.35606647
2.37600517
2.39628410
2.41694498
2.43793201
2.45932078
2.48105335
2.48198748
2.47450018
2.46705794
2.45966053
2.45234108
2.44503140
2.43776512
2.43054199
2.42336154
2.41625619
2.40915966
2.40210485
2.39509106
2.38811827
2.38118601
2.37432528
2.36747265
2.36069083
2.35391665
2.34718108
2.34048390
2.33385563
2.32723427
2.32065034
2.31410360
2.30759382
2.30112052
2.29471278
2.28831148
2.28194571
2.27561522
0.41699621
0.41823956
0.41949034
0.42074862
0.42201546
0.42328897
0.42457119
0.42586020
0.42715704
0.42846283
0.42977560
0.43109643
0.43242648
0.43376368
0.43511027
0.43646413
0.43782648
0.43919843
0.44057792
0.44196719
0.44336414
0.44476998
0.44618586
0.44760966
0.44904372
0.45048583
0.45193839
0.45339921
0.45486951
0.45635054
0.45784006
0.45933932
0.46084964
0.46236873
0.46389905
0.46543834
0.46698910
0.46854901
0.47011936
0.47170153
0.47329310
0.47489548
0.47650874
0.47813299
0.47976965
0.48141623
0.48307550
0.48474491
0.48642588
0.48811990
0.48982441
0.49154222
0.49327078
0.49501151
0.49676597
0.49853152
0.50031108
0.50210196
0.50390571
0.50572389
0.50755376
0.50939846
0.51125509
0.51312530
0.51501077
0.51690865
0.51882201
0.52074814
0.52268863
0.52464515
0.52661479
0.52860087
0.53060043
0.53261513
0.53464681
0.53669244
0.53875542
0.54083264
0.54292601
0.54503727
0.54716331
0.54930437
0.55146563
0.55364221
0.55583781
0.55804914
0.56027991
0.56252682
0.56479180
0.56707692
0.56937873
0.57169938
0.57404083
0.57639968
0.57877988
0.58117789
0.58359784
0.58603603
0.58849472
0.59097606
0.59347647
0.59600008
0.59854323
0.60110819
0.60369730
0.60630673
0.60894090
0.61159599
0.61427426
0.61697829
0.61970407
0.62245399
0.62523067
0.62803000
0.63085675
0.63370681
0.63658500
0.63948715
0.64241594
0.64537394
0.64835465
0.65136534
0.65440661
0.65747392
0.66057259
0.66369814
0.66685337
0.67004132
0.67325729
0.67650688
0.67978543
0.68309587
0.68644136
0.68981713
0.69322896
0.69667196
0.70014936
0.70366442
0.70721215
0.71079862
0.71441883
0.71807903
0.72170955
0.72495753
0.72783285
0.73026645
0.73223108
0.73395801
0.73524344
0.73635358
0.73713422
0.73768407
0.73799914
0.73798996
0.73796850
0.73784006
0.73771161
0.73807561
1.57356429
1.58244729
1.59141695
1.60050333
1.60967934
1.61897600
1.62836576
1.63788009
1.64750636
1.65723085
1.66708660
1.67704439
1.68713796
1.69733739
1.70767748
1.71812761
1.72872317
1.73943329
1.75029421
1.76127410
1.77241039
1.78367043
1.79509258
1.80664361
1.81836283
1.83021629
1.84224427
1.85441220
1.86676145
1.87925649
1.89194000
1.90477550
1.91780698
1.93099701
1.94439113
1.95795071
1.97172260
1.98566747
1.99983346
2.01418018
2.02875733
2.04352355
2.05853033
2.07373476
2.08919001
2.10485268
2.12077689
2.13691854
2.15333366
2.16997647
2.18690538
2.20407343
2.22154069
2.23925900
2.25729060
2.27558613
2.29421020
2.31311131
2.33235717
2.35189509
2.37176275
2.39196920
2.41255546
2.43346596
2.45477605
2.47642803
2.48295689
2.47546387
2.46805000
2.46064663
2.45328736
2.44597197
2.43870020
2.43147159
2.42431855
2.41717482
2.41007304
2.40301275
2.39599371
2.38901567
2.38211012
2.37521243
2.36835480
2.36156774
2.35478854
2.34807897
2.34137678
2.33471274
2.32808661
2.32149792
2.31494641
2.30846167
2.30198336
2.29554152
2.28913546
2.28276515
2.27643013
2.27015901
0.41797733
0.41922554
0.42048323
0.42174751
0.42301938
0.42429996
0.42558733
0.42688352
0.42818663
0.42949769
0.43081787
0.43214512
0.43348166
0.43482542
0.43617752
0.43753913
0.43890819
0.44028696
0.44167331
0.44306839
0.44447345
0.44588631
0.44730935
0.44874033
0.45018050
0.45163110
0.45308992
0.45455936
0.45603719
0.45752466
0.45902306
0.46053010
0.46204826
0.46357527
0.46511242
0.46666101
0.46821871
0.46978807
0.47136676
0.47295609
0.47455743
0.47616711
0.47779033
0.47942334
0.48106754
0.48272440
0.48439136
0.48607123
0.48776144
0.48946479
0.49117872
0.49290472
0.49464425
0.49639472
0.49815899
0.49993449
0.50172263
0.50352508
0.50533909
0.50716621
0.50900805
0.51086187
0.51273066
0.51461172
0.51650667
0.51841706
0.52034020
0.52227914
0.52423102
0.52619916
0.52818054
0.53017688
0.53218997
0.53421682
0.53625911
0.53831875
0.54039264
0.54248422
0.54459035
0.54671460
0.54885215
0.55100811
0.55318284
0.55537307
0.55758071
0.55980772
0.56205082
0.56431371
0.56659317
0.56889105
0.57120955
0.57354516
0.57590175
0.57827598
0.58066982
0.58308548
0.58551943
0.58797568
0.59045070
0.59294665
0.59546572
0.59800434
0.60056674
0.60314912
0.60575378
0.60838312
0.61103332
0.61370879
0.61640573
0.61912638
0.62187338
0.62464267
0.62743896
0.63025814
0.63310277
0.63597548
0.63887209
0.64179748
0.64474750
0.64772236
0.65072960
0.65376246
0.65682614
0.65991628
0.66303557
0.66618699
0.66936606
0.67257810
0.67581856
0.67909300
0.68239665
0.68573266
0.68910414
0.69250619
0.69594198
0.69941485
0.70291972
0.70646274
0.71003878
0.71365124
0.71730351
0.72099048
0.72436750
0.72758591
0.73002082
0.73228228
0.73400950
0.73555028
0.73666137
0.73765963
0.73823476
0.73881388
0.73889673
0.73893046
0.73884147
0.73871273
0.73868513
0.74026722
1.58056450
1.58952689
1.59857726
1.60774565
1.61700523
1.62638700
1.63586307
1.64546549
1.65516603
1.66499710
1.67492986
1.68499780
1.69517148
1.70548499
1.71590817
1.72647643
1.73715866
1.74799109
1.75894201
1.77004862
1.78127861
1.79267001
1.80418980
1.81587708
1.82769811
1.83969295
1.85182703
1.86414182
1.87660170
1.88924921
1.90204811
1.91504216
1.92819417
1.94154918
1.95506907
1.96880031
1.98270369
1.99682724
2.01115346
2.02566361
2.04040813
2.05534530
2.07052660
2.08590937
2.10154748
2.11739659
2.13351202
2.14984870
2.16646385
2.18331122
2.20044971
2.21783161
2.23551869
2.25346136
2.27172351
2.29025459
2.30912042
2.32826924
2.34776926
2.36753559
2.38770175
2.40818191
2.42904949
2.45024800
2.47185421
2.48392701
2.47646260
2.46900845
2.46159935
2.45423436
2.44691348
2.43963623
2.43243504
2.42524362
2.41809416
2.41098714
2.40392137
2.39692950
2.38994598
2.38300300
2.37610030
2.36923742
2.36244535
2.35569215
2.34894657
2.34223938
2.33557057
2.32893944
2.32234597
2.31581974
2.30930018
2.30281734
2.29637074
2.28995991
2.28358507
2.27727461
2.27097011
2.26470017
0.41896307
0.42021722
0.42147988
0.42275113
0.42402908
0.42531580
0.42660934
0.42791075
0.42922118
0.43053859
0.43186519
0.43319893
0.43454093
0.43589234
0.43725109
0.43861943
0.43999529
0.44137979
0.44277415
0.44417620
0.44558832
0.44700828
0.44843736
0.44987673
0.45132422
0.45278221
0.45424849
0.45572430
0.45721090
0.45870605
0.46021220
0.46172705
0.46325195
0.46478814
0.46633336
0.46789008
0.46945602
0.47103247
0.47262079
0.47421861
0.47582725
0.47744685
0.47907752
0.48072067
0.48237380
0.48403969
0.48571578
0.48740351
0.48910436
0.49081576
0.49254057
0.49427614
0.49602538
0.49778566
0.49955848
0.50134534
0.50314367
0.50495636
0.50678068
0.50861830
0.51047069
0.51233518
0.51421332
0.51610678
0.51801276
0.51993436
0.52186877
0.52381760
0.52578259
0.52776080
0.52975559
0.53176385
0.53378749
0.53582811
0.53788280
0.53995496
0.54204148
0.54414421
0.54626495
0.54839897
0.55055308
0.55272251
0.55490905
0.55711472
0.55933625
0.56157732
0.56383467
0.56611025
0.56840605
0.57071871
0.57305211
0.57540286
0.57777292
0.58016449
0.58257407
0.58500564
0.58745563
0.58992624
0.59241974
0.59493238
0.59746844
0.60002416
0.60260189
0.60520387
0.60782641
0.61047381
0.61314225
0.61583418
0.61855197
0.62129170
0.62405795
0.62684679
0.62966061
0.63250214
0.63536710
0.63826042
0.64117789
0.64412218
0.64709604
0.65009266
0.65312201
0.65617728
0.65926123
0.66237682
0.66551948
0.66869467
0.67189771
0.67513162
0.67839938
0.68169630
0.68502808
0.68838990
0.69178492
0.69521624
0.69867909
0.70217937
0.70571208
0.70928055
0.71288812
0.71652967
0.72021157
0.72377551
0.72704208
0.72977543
0.73222202
0.73406094
0.73579657
0.73696941
0.73808479
0.73876178
0.73934174
0.73962742
0.73969501
0.73973501
0.73968583
0.73959053
0.74015021
1.57868612
1.58762717
1.59665585
1.60580218
1.61503935
1.62439811
1.63385105
1.64342988
1.65310621
1.66291273
1.67282069
1.68286324
1.69301093
1.70329809
1.71369457
1.72423542
1.73488986
1.74569392
1.75663340
1.76769316
1.77891099
1.79025412
1.80176091
1.81339824
1.82520556
1.83714867
1.84926832
1.86152947
1.87397408
1.88656616
1.89934886
1.91228533
1.92542017
1.93871558
1.95221734
1.96588659
1.97977078
1.99383008
2.00811315
2.02257943
2.03727889
2.05217004
2.06730437
2.08263922
2.09822798
2.11402678
2.13009095
2.14637494
2.16293645
2.17972851
2.19681072
2.21413493
2.23176289
2.24964523
2.26784515
2.28631282
2.30511355
2.32419562
2.34362721
2.36335492
2.38341784
2.40382409
2.42461586
2.44573689
2.46726322
2.48493242
2.47742748
2.46996784
2.46255279
2.45518231
2.44788933
2.44060612
2.43336630
2.42616916
2.41901445
2.41190171
2.40486336
2.39783359
2.39084482
2.38389659
2.37698865
2.37012076
2.36335492
2.35656548
2.34981489
2.34310269
2.33642888
2.32979298
2.32322502
2.31666374
2.31013942
2.30365181
2.29720044
2.29081464
2.28443503
2.27809072
2.27178144
2.26550722
2.25926757
0.41995153
0.42121357
0.42248222
0.42375857
0.42504364
0.42633551
0.42763627
0.42894399
0.43026075
0.43158457
0.43291658
0.43425786
0.43560645
0.43696344
0.43832996
0.43970400
0.44108775
0.44247916
0.44388047
0.44528958
0.44670767
0.44813591
0.44957221
0.45101774
0.45247376
0.45393804
0.45541298
0.45689636
0.45839065
0.45989352
0.46140632
0.46293026
0.46446311
0.46600738
0.46756071
0.46912444
0.47069991
0.47228473
0.47388154
0.05973008
0.05947491
0.05937136
0.05926542
0.05987728
0.06059330
0.06132665
0.48704743
0.48874444
0.49045467
0.49217558
0.49390858
0.49565521
0.49741286
0.49918440
0.50096720
0.50276279
0.50457275
0.50639433
0.50823057
0.51007867
0.51194030
0.51381701
0.51570606
0.51761055
0.51952767
0.52145904
0.52340633
0.52536672
0.52734339
0.52933341
0.53133845
0.53336042
0.53539622
0.53744918
0.53951633
0.54159951
0.54370046
0.54581606
0.54794824
0.55009711
0.55226290
0.55444759
0.55664784
0.55886739
0.56110293
0.56335646
0.56562990
0.56792003
0.57023054
0.57255816
0.57490480
0.57727265
0.57965815
0.58206540
0.58449084
0.58693653
0.58940470
0.59189183
0.59440196
0.59693146
0.59948260
0.60205770
0.60465294
0.60727274
0.60991323
0.61257678
0.61526585
0.61797643
0.62071323
0.62347215
0.62625575
0.62906647
0.63190037
0.63476211
0.63764769
0.64055955
0.64350051
0.64646620
0.64945936
0.65248036
0.65552962
0.65860999
0.66171694
0.66485578
0.66802210
0.67121869
0.67444861
0.67770714
0.68099993
0.68432230
0.68767715
0.69106781
0.69448936
0.69794762
0.70143783
0.70496303
0.70852673
0.71212375
0.71576041
0.71943146
0.72314036
0.72644866
0.72953016
0.73197514
0.73411238
0.73584831
0.73727465
0.73839402
0.73928952
0.73987031
0.74036264
0.74043041
0.74049509
0.74046427
0.74041504
0.74054128
0.74255860
1.58573198
1.59475327
1.60386336
1.61309278
1.62241423
1.63185894
1.64139915
1.65106690
1.66083372
1.67073238
1.68073392
1.69087207
1.70111692
1.71150315
1.72200036
1.73264396
1.74340284
1.75431347
1.76534402
1.77653193
1.78784466
1.79932046
1.81092608
1.82270110
1.83461142
1.84669745
1.85892451
1.87133408
1.88389063
1.89663696
1.90953648
1.92263341
1.93589020
1.94935250
1.96298158
1.97682464
1.99084198
2.00508213
2.01950455
2.03415918
2.04900455
2.06409216
2.07937908
2.09491897
2.11066794
2.12668061
2.14291263
2.15942025
2.17615771
2.19318366
2.21047807
2.22801971
2.24587011
0.06137691
0.06064077
0.05992205
0.05925832
0.05935111
0.05944419
0.05953755
0.06041042
2.42019844
2.44127560
2.46268916
2.48451638
2.47839332
2.47092795
2.46350718
2.45616484
2.44883227
2.44154358
2.43429804
2.42709541
2.41993523
2.41284990
2.40577340
2.39873838
2.39174414
2.38479090
2.37790942
2.37103629
2.36423397
2.35743928
2.35068369
2.34396672
2.33731866
2.33067751
2.32407427
2.31750822
2.31097913
2.30448675
2.29806042
2.29164052
2.28525615
2.27890730
2.27259374
2.26631498
2.26009941
2.25388932
0.42094663
0.42221367
0.42348936
0.42477182
0.42606303
0.42736113
0.42866713
0.42998222
0.43130431
0.43263564
0.43397415
0.43532094
0.43667722
0.43804088
0.43941417
0.44079503
0.44218457
0.44358402
0.44499123
0.44640854
0.44783375
0.44926810
0.45071283
0.45216572
0.45362917
0.45510092
0.45658228
0.45807451
0.45957533
0.46108720
0.46260783
0.46413857
0.46568066
0.46723181
0.05922855
0.05906525
0.05896388
0.05886280
0.05875867
0.05865491
0.05855466
0.05851549
0.05917798
0.05987728
0.06059330
0.06132665
0.48838508
0.49009278
0.49181113
0.49354294
0.49528560
0.49704063
0.49880952
0.50058967
0.50238395
0.50418973
0.50600851
0.50784194
0.50968724
0.51154745
0.51341987
0.51530749
0.51720750
0.51912165
0.52105147
0.52299422
0.52495301
0.52692503
0.52891189
0.53091532
0.53293246
0.53496659
0.53701466
0.53907847
0.54115987
0.54325575
0.54536957
0.54749823
0.11925559
0.55180579
0.55398512
0.55618346
0.55839753
0.56062931
0.56288081
0.56514865
0.56743664
0.56974143
0.57206500
0.57440948
0.57677132
0.57915461
0.58155578
0.58397692
0.58642024
0.58888215
0.59136480
0.59387046
0.59639549
0.59894401
0.60151243
0.60410297
0.60671800
0.60935366
0.61201441
0.61469638
0.61740202
0.62013370
0.62288743
0.62566799
0.62847126
0.63129973
0.63415605
0.63703609
0.63994467
0.64287764
0.64583993
0.64882493
0.65184003
0.65488571
0.65795755
0.66105831
0.66419095
0.66735089
0.67054361
0.67376441
0.67701638
0.68030244
0.68361795
0.68696856
0.69034952
0.69376391
0.69721502
0.70069784
0.70421839
0.70777172
0.71136111
0.71498990
0.71865302
0.72235686
0.72583550
0.72912377
0.73170131
0.73414570
0.73589998
0.73758322
0.73870355
0.73981804
0.74039960
0.74097902
0.74116415
0.74123204
0.74124748
0.74119812
0.74117649
0.74215299
1.58384132
1.59284103
1.60192919
1.61113632
1.62043512
1.62985671
1.63937342
1.64901733
1.65875983
1.66863370
1.67861009
1.68872249
1.69894123
1.70930088
1.71977091
1.73038697
1.74111772
1.75199974
1.76300108
1.77415919
1.78544164
1.79688656
1.80846071
1.82020366
1.83208120
1.84413385
1.85634613
1.86870158
1.88124251
1.89393282
1.90681589
1.91985476
1.93309414
1.94649601
1.96010673
1.97388721
1.98788500
2.00206017
2.01646185
2.03104901
2.04587245
2.06088972
2.07615352
2.09162045
2.10734439
2.12328148
2.13948703
2.15591550
2.17262506
2.18956852
2.20680594
2.22428894
2.24207950
2.26012802
0.06137691
0.06064077
0.05992205
0.05922018
0.05853456
0.05854867
0.05862756
0.05871919
0.05881111
0.05890332
0.05905602
0.05924201
2.47188854
2.46449637
2.45711398
2.44977593
2.44248152
2.43523049
2.42805552
2.42088962
2.41376591
2.40668416
2.39964366
2.39264441
2.38571763
2.37879920
2.37192082
2.36511350
2.35831380
2.35155320
2.34486198
2.33817816
2.33153248
2.32492423
2.31835341
2.31181955
2.30535245
2.29889154
2.29246688
2.28607798
2.27972460
2.27343535
2.26715207
2.26090312
2.25468874
2.24850845
0.42194644
0.42321953
0.42450133
0.42578989
0.42708632
0.42839170
0.42970401
0.43102548
0.43235400
0.43369076
0.43503690
0.43639031
0.43775326
0.43912366
0.44050270
0.44189149
0.44328797
0.44469443
0.44610870
0.44753200
0.44896555
0.45040718
0.45185924
0.45331955
0.45478931
0.45626980
0.45775881
0.45925874
0.46076733
0.46228588
0.05908548
0.05886428
0.05863719
0.05841124
0.05832970
0.05829135
0.05825304
0.05821477
0.05817656
0.05813687
0.05809714
0.05849483
0.05917798
0.05987728
0.06059330
0.06132665
0.06207797
0.49144858
0.49317649
0.49491656
0.49667034
0.49843520
0.50021404
0.50200421
0.50380731
0.50562477
0.50745392
0.50929785
0.51115376
0.51302326
0.51490796
0.51680505
0.51871771
0.52064306
0.52258426
0.52453846
0.52650732
0.52849257
0.53049129
0.53250676
0.53453600
0.53658080
0.53864294
0.11806069
0.11787673
0.11769334
0.11751044
0.11732796
0.11714673
0.11696753
0.11734141
0.11800598
0.56015825
0.56240416
0.56466818
0.56695229
0.56925309
0.57157451
0.57391310
0.57627094
0.57865006
0.58104700
0.58346581
0.58590293
0.58836049
0.59084070
0.59333998
0.59586239
0.59840441
0.60096818
0.60355610
0.60616428
0.60879719
0.61145103
0.03323685
0.03316506
0.03320147
0.03320620
0.03321096
0.03321572
0.03322046
0.03322522
0.03322995
0.03323472
0.03323946
0.03324423
0.03324900
0.03325374
0.03325852
0.03326327
0.03326804
0.03327279
0.03327757
0.03328235
0.67308164
0.67632955
0.67960632
0.68291765
0.68625879
0.68963271
0.69304270
0.69648391
0.03328253
0.03327589
0.03326922
0.03326258
0.03325594
0.03324929
0.03324265
0.03323600
0.03322937
0.03322275
0.03321610
0.03320948
0.03320285
0.03319623
0.03318962
0.03318299
0.03317638
0.03316975
0.03316544
0.03324595
0.74197978
0.74193031
0.74227679
1.58196914
1.59093332
1.60001409
1.60918462
1.61847544
1.62785947
1.63736784
1.64697278
1.65670645
1.66654027
1.67650735
1.68657839
1.69678736
1.70710421
1.71756387
1.72813582
1.73885560
1.74969208
1.76068187
1.77179289
0.11886078
0.11842128
0.11860489
0.11878876
0.11897320
1.84157717
1.85375559
1.86607647
1.87858212
1.89123642
1.90408266
1.91708410
1.93028510
1.94364798
1.95721877
1.97095847
1.98491466
1.99904740
2.01340556
2.02794838
2.04272628
2.05769730
2.07291365
2.08833218
2.10400677
2.11989307
2.13604665
2.15242219
2.16907740
2.18596554
2.20314598
2.22057080
2.23830152
2.25628924
0.06213114
0.06137691
0.06064076
0.05992205
0.05922018
0.05853456
0.05809329
0.05812817
0.05816308
0.05819805
0.05823314
0.05826885
0.05832691
0.05842947
0.05861138
0.05879444
0.05897861
2.43619704
2.42898321
2.42181182
2.41468287
2.40759563
2.40054989
2.39357734
2.38661337
2.37968969
2.37280607
2.36599374
2.35918903
2.35245442
2.34572721
2.33903861
2.33238769
2.32577467
2.31922936
2.31269073
2.30618858
2.29972315
2.29329371
2.28690028
2.28057146
2.27424860
2.26796079
2.26170754
2.25548863
2.24930406
2.24318147
0.42295104
0.42423019
0.42551711
0.42681289
0.42811555
0.42942724
0.43074593
0.43207276
0.43340883
0.43475214
0.43610486
0.43746495
0.43883353
0.44021183
0.44159770
0.44299340
0.44439688
0.44580927
0.44723180
0.44866228
0.45010310
0.45155203
0.45301035
0.45447928
0.45595658
0.45744470
0.45894140
0.05872126
0.05850273
0.05828073
0.05814306
0.05806674
0.05798944
0.05791667
0.05787883
0.05784105
0.05780242
0.05776314
0.05772391
0.05768474
0.05782729
0.05849483
0.05917798
0.05987728
0.06059330
0.06132665
0.06207797
0.49281055
0.49454942
0.49629921
0.49806282
0.49983761
0.50162512
0.50342685
0.50524014
0.50706798
0.50890768
0.51076072
0.51262879
0.51450908
0.51640475
0.51831293
0.52023524
0.52217340
0.52412450
0.52609181
0.52807242
0.53006953
0.53208017
0.53410619
0.53614926
0.53820646
0.11617118
0.11599305
0.11581548
0.03219970
0.03114586
0.03071981
0.03030524
0.03007544
0.03008472
0.03009401
0.03010330
0.02967457
0.02959505
0.02951596
0.02981151
0.02936926
0.02936950
0.02936974
0.02936999
0.02937024
0.02937611
0.02938666
0.02939722
0.02940778
0.02941835
0.02942892
0.02943951
0.02945010
0.02946071
0.02947131
0.02948194
0.02950107
0.02952273
0.02954441
0.02954726
0.02952220
0.02949718
0.02947220
0.02944726
0.02942237
0.02939752
0.02943953
0.02948249
0.02952561
0.02956882
0.02961219
0.02965566
0.02969928
0.02974301
0.02978689
0.02983087
0.02987501
0.02991926
0.02996366
0.03002053
0.03007086
0.03004726
0.03000251
0.02995792
0.02991351
0.02986926
0.02982512
0.02978113
0.02973725
0.02969350
0.02964989
0.02960640
0.02956304
0.02951981
0.02947670
0.02943373
0.02939855
0.02940742
0.02941632
0.02942521
0.02943410
0.02944300
0.02945192
0.02946083
0.02946974
0.02947867
0.02948742
0.02949582
0.02950034
0.02948483
0.02946933
0.02945387
0.02943840
0.02942297
0.02940754
0.02939213
0.02937674
0.02937022
0.02936998
0.02936973
0.02936949
0.02944816
0.02983934
0.02950024
0.02957671
0.02965356
0.03010212
0.03009284
0.03008356
0.03007429
0.03035418
0.03098752
0.03189883
0.03286536
0.11725724
0.11743695
1.88854766
1.90135729
1.91432130
1.92748427
1.94082940
1.95433927
1.96806014
1.98195314
1.99606597
2.01035857
2.02488017
2.03958988
2.05453873
2.06968403
2.08507872
2.10067940
2.11654043
2.13261724
2.14896631
2.16554141
2.18240094
2.19949794
2.21689248
2.23453641
2.25249195
2.27070928
0.06213116
0.06137691
0.06064076
0.05992205
0.05922018
0.05853456
0.05786465
0.05767943
0.05771444
0.05774951
0.05778462
0.05781978
0.05786029
0.05792487
0.05798956
0.05805441
0.05811942
0.05818457
0.05844883
0.05874591
2.40850782
2.40148902
2.39447904
2.38750958
2.38058090
2.37369204
2.36687469
2.36009622
2.35332537
2.34659314
2.33989954
2.33324385
2.32665634
2.32007575
2.31353235
2.30702567
2.30055547
2.29412127
2.28775263
2.28138995
2.27506256
2.26877022
2.26251245
2.25631785
2.25012851
2.24397326
2.23785138
0.42395940
0.42524570
0.42653880
0.42784083
0.42914978
0.43046677
0.43179291
0.43312618
0.43446773
0.43581870
0.43717700
0.43854487
0.43992025
0.44130537
0.44269815
0.44409975
0.44551137
0.44693086
0.44835943
0.44979829
0.45124528
0.45270273
0.45416850
0.45564380
0.05863683
0.05825352
0.05797903
0.05790316
0.05782747
0.05775197
0.05767541
0.05759871
0.05752221
0.05747177
0.05744011
0.05742656
0.05741305
0.05739951
0.05738598
0.05737248
0.05782729
0.05849483
0.05917798
0.05987728
0.06059330
0.06132665
0.06207797
0.49418145
0.49592865
0.49768963
0.49946174
0.50124794
0.50304556
0.50485754
0.50668114
0.50851804
0.51036972
0.51223344
0.51411235
0.51600355
0.51790875
0.51982963
0.52176321
0.52371281
0.52567548
0.52765286
0.52964681
0.02996077
0.02958282
0.02935153
0.02922736
0.02916064
0.02908340
0.02898463
0.02888652
0.02879941
0.02872450
0.02864999
0.02857586
0.02850210
0.02842873
0.02835574
0.02828312
0.02821087
0.02880845
0.02948431
0.02808663
0.02807974
0.02807285
0.02806598
0.02805909
0.02805222
0.02804535
0.02805273
0.02806235
0.02807197
0.02808161
0.02809124
0.02810089
0.02811054
0.02812020
0.02812986
0.02814922
0.02816895
0.02818869
0.02820846
0.02822827
0.02824810
0.02826795
0.02828783
0.02830775
0.02832769
0.02834766
0.02836766
0.02838246
0.02835934
0.02833625
0.02831319
0.02829018
0.02826720
0.02824427
0.02822137
0.02819850
0.02817568
0.02815288
0.02813013
0.02810742
0.02808474
0.02806706
0.02805303
0.02803902
0.02802503
0.02801104
0.02799707
0.02798312
0.02797811
0.02798615
0.02799420
0.02800225
0.02801031
0.02801837
0.02802644
0.02803451
0.02804258
0.02805066
0.02805875
0.02806684
0.02807493
0.02808303
0.02809114
0.02809924
0.02810735
0.02811547
0.02812360
0.02813163
0.02813929
0.02814695
0.02815462
0.02816228
0.02816996
0.02817764
0.02818532
0.02819299
0.02818309
0.02816894
0.02815479
0.02814068
0.02812656
0.02811246
0.02809839
0.02939055
0.02871296
0.02806591
0.02813409
0.02820363
0.02827351
0.02834373
0.02841431
0.02850450
0.02859915
0.02869442
0.02879034
0.02888689
0.02898409
0.02911118
0.02931203
0.02951566
0.02996881
0.03019594
1.97900045
1.99307108
2.00732064
2.02179837
2.03646326
2.05136585
2.06646442
2.08181095
2.09736276
2.11317348
2.12919903
2.14549541
2.16201687
2.17882133
2.19586205
2.21319914
2.23078394
2.24867892
2.26683450
2.28531480
0.06213116
0.06137691
0.06064076
0.05992205
0.05922018
0.05853456
0.05786463
0.05737172
0.05738386
0.05739601
0.05740817
0.05742034
0.05743250
0.05746507
0.05752918
0.05759344
0.05765783
0.05772238
0.05779588
0.05789357
0.05798893
0.05824553
0.05853852
2.38147259
2.37461042
2.36775613
2.36097264
2.35419679
2.34745955
2.34076095
2.33413100
2.32750821
2.32092285
2.31437445
2.30786300
2.30141807
2.29497910
2.28857636
2.28220892
2.27587700
2.26958013
2.26334691
2.25711894
2.25092530
2.24476552
2.23863935
2.23254657
0.42497361
0.42626506
0.42756540
0.42887267
0.43018898
0.43151239
0.43284392
0.43418479
0.43553290
0.43689051
0.43825552
0.43962908
0.44101235
0.44240329
0.44380412
0.44521272
0.44663033
0.44805810
0.44949389
0.45094004
0.45239440
0.05860206
0.05822853
0.05784936
0.05769027
0.05759396
0.05751524
0.05744056
0.05736479
0.05728889
0.05723722
0.05720973
0.05718876
0.05717802
0.05716725
0.05715523
0.05714182
0.05712843
0.05711503
0.05717478
0.05782729
0.05849483
0.05913746
0.05986346
0.06059330
0.06132665
0.06207797
0.49556002
0.49731699
0.49908784
0.50086993
0.50266486
0.50447404
0.50629491
0.50813043
0.50997782
0.51183873
0.51371473
0.51560301
0.51750672
0.02989216
0.02990130
0.02932194
0.02909249
0.02886659
0.02864419
0.02843595
0.02823132
0.02808470
0.02802309
0.02794064
0.02784946
0.02775887
0.02766888
0.02757946
0.02749063
0.02740235
0.02731465
0.02722751
0.02714914
0.02708257
0.02701632
0.02754561
0.02816288
0.02697350
0.02696715
0.02696081
0.02695445
0.02694811
0.02694177
0.02693543
0.02692910
0.02692277
0.02691644
0.02691011
0.02690380
0.02689748
0.02689116
0.02688484
0.02688754
0.02689785
0.02691585
0.02693387
0.02695193
0.02697001
0.02698810
0.02700623
0.02702438
0.02704255
0.02706075
0.02707898
0.02709722
0.02711549
0.02713379
0.02715211
0.02717045
0.02718883
0.02720722
0.02722564
0.02724408
0.02726256
0.02728105
0.02729957
0.02728462
0.02726324
0.02724190
0.02722059
0.02719932
0.02718280
0.02716964
0.02715650
0.02714337
0.02713025
0.02711714
0.02710406
0.02709098
0.02707791
0.02706486
0.02705182
0.02703879
0.02702577
0.02701277
0.02699978
0.02698680
0.02697384
0.02696089
0.02694795
0.02693501
0.02692210
0.02690919
0.02689630
0.02688343
0.02687278
0.02688021
0.02688763
0.02689506
0.02690205
0.02690905
0.02691605
0.02692306
0.02693008
0.02693709
0.02694411
0.02695113
0.02695816
0.02696519
0.02697222
0.02697926
0.02698630
0.02699335
0.02699143
0.02697845
0.02806591
0.02744737
0.02702704
0.02706315
0.02709936
0.02717390
0.02725990
0.02734644
0.02743355
0.02752120
0.02760942
0.02769820
0.02778756
0.02787750
0.02797474
0.02816017
0.02834806
0.02853848
0.02873147
0.02892710
0.02912541
0.02932646
0.02953029
2.07855368
2.09408116
2.10981727
2.12581706
2.14203572
2.15853000
2.17525363
2.19226527
2.20951772
2.22707176
2.24487877
2.26300144
2.28138995
2.30010939
0.06213116
0.06137693
0.06064076
0.05991342
0.05915892
0.05853456
0.05786465
0.05720986
0.05711384
0.05712589
0.05713793
0.05714896
0.05715944
0.05716984
0.05718507
0.05721187
0.05723871
0.05726771
0.05733138
0.05742047
0.05751758
0.05761301
0.05770746
0.05780225
0.05812151
0.05855722
2.35506892
2.34835768
2.34165406
2.33498836
2.32836056
2.32177043
2.31521726
2.30873108
2.30225134
2.29580784
2.28940034
2.28302860
2.27669215
2.27041960
2.26415300
2.25792050
2.25172257
2.24555850
2.23942804
2.23335886
2.22729468
0.42599267
0.42729035
0.42859694
0.42991054
0.43123221
0.43256310
0.43390113
0.43524858
0.43660331
0.43796653
0.43933934
0.44071972
0.44210991
0.44350776
0.44491449
0.44633129
0.44775602
0.44919103
0.45063409
0.05819427
0.05782559
0.05756500
0.05741823
0.05731643
0.05722136
0.05713250
0.05707059
0.05703097
0.05700149
0.05697434
0.05694722
0.05692242
0.05691181
0.05690115
0.05689051
0.05687986
0.05686922
0.05685860
0.05866241
0.05717478
0.05782728
0.05849483
0.05865209
0.05863926
0.05863872
0.05863818
0.05863764
0.05863710
0.05863656
0.05863602
0.05861837
0.05860762
0.05859965
0.05859166
0.05858370
0.02930073
0.02906817
0.02884014
0.02861814
0.02839953
0.02818424
0.02797218
0.02777098
0.02757577
0.02738329
0.02719348
0.02702803
0.02696924
0.02688428
0.02679986
0.02671596
0.02663259
0.02654973
0.02646740
0.02638557
0.02630424
0.02622341
0.02619172
0.02616278
0.02613389
0.02638884
0.02695482
0.02754561
0.02605148
0.02605268
0.02605424
0.02605580
0.02605738
0.02605894
0.02606050
0.02606208
0.02606364
0.02606521
0.02606678
0.02606834
0.02606992
0.02607148
0.02607305
0.02607462
0.02607619
0.02607797
0.02607977
0.02608156
0.02609099
0.02610249
0.02611400
0.02612552
0.02613705
0.02614859
0.02616014
0.02617170
0.02618328
0.02619486
0.02620644
0.02621805
0.02622966
0.02624128
0.02625292
0.02626456
0.02627621
0.02628788
0.02629955
0.02631123
0.02632293
0.02633463
0.02634635
0.02635808
0.02636110
0.02636189
0.02635596
0.02634423
0.02633252
0.02632082
0.02630911
0.02629743
0.02628576
0.02627410
0.02626245
0.02625080
0.02623917
0.02622754
0.02621593
0.02620433
0.02619274
0.02618116
0.02616959
0.02615803
0.02614648
0.02613493
0.02612340
0.02611188
0.02610037
0.02608887
0.02608122
0.02607943
0.02607764
0.02607597
0.02607489
0.02607380
0.02607271
0.02607116
0.02606953
0.02606792
0.02606629
0.02606467
0.02606305
0.02606143
0.02605980
0.02605818
0.02605656
0.02605494
0.02605332
0.02605170
0.02744737
0.02685551
0.02628864
0.02622665
0.02626064
0.02629473
0.02632891
0.02636318
0.02639754
0.02644015
0.02652155
0.02660348
0.02668590
0.02676883
0.02685229
0.02693626
0.02709541
0.02726932
0.02744547
0.02762393
0.02780472
0.02798788
0.02817348
0.02836959
0.02857375
0.02878086
0.02900116
0.02946411
0.05859596
0.05860658
0.05861441
0.05861524
0.05861607
0.05861690
0.05861773
0.05861856
0.05861941
0.05862022
0.05862107
0.05862176
0.05864546
0.05853456
0.05786615
0.05721014
0.05866241
0.05685751
0.05686790
0.05687827
0.05688865
0.05689904
0.05690920
0.05692001
0.05694656
0.05697332
0.05700058
0.05702781
0.05706232
0.05714578
0.05724193
0.05733517
0.05742553
0.05753013
0.05778646
0.05820907
2.33584642
2.32921362
2.32261872
2.31609106
2.30956984
2.30308557
2.29663730
2.29022527
2.28384876
2.27753687
2.27123070
2.26495957
2.25872278
2.25252032
2.24638033
2.24024534
2.23414373
2.22807550
2.22203994
0.42701665
0.42832056
0.42963246
0.43095347
0.43228155
0.43361893
0.43496352
0.43631649
0.43767899
0.43904895
0.44042858
0.44181582
0.44321182
0.44461778
0.44603157
0.44745553
0.44888744
0.05786914
0.05744942
0.05729857
0.05715422
0.05704155
0.05695805
0.05688276
0.05682832
0.05678517
0.05675595
0.05672676
0.05669761
0.05666848
0.05663891
0.05662010
0.05283746
0.05266912
0.05249173
0.05229725
0.05210422
0.05191262
0.05171935
0.05163432
0.05154959
0.05146512
0.05138092
0.05129699
0.05121335
0.05112997
0.05104689
0.05096405
0.05089606
0.05083355
0.02938673
0.02897364
0.02850875
0.02816243
0.02794752
0.02773882
0.02753338
0.02733097
0.02713640
0.02694998
0.02676611
0.02658472
0.02640579
0.02622923
0.02605503
0.02598376
0.02590489
0.02582650
0.02574857
0.02568071
0.02565288
0.02562510
0.02559739
0.02556974
0.02554215
0.02551462
0.02548715
0.02545974
0.02543239
0.02584614
0.02638884
0.02535404
0.02535502
0.02535600
0.02535696
0.02535794
0.02535892
0.02536015
0.02536163
0.02536312
0.02536461
0.02536609
0.02536758
0.02536906
0.02537054
0.02537203
0.02537351
0.02537499
0.02537648
0.02537813
0.02537983
0.02538153
0.02538322
0.02538492
0.02538661
0.02538831
0.02539521
0.02540610
0.02541701
0.02542792
0.02543884
0.02544978
0.02546072
0.02547166
0.02548262
0.02549360
0.02550458
0.02551557
0.02552656
0.02553757
0.02169080
0.02170342
0.02171605
0.02172870
0.02174136
0.02175404
0.02176673
0.02177551
0.02177040
0.02175843
0.02174646
0.02173451
0.02172258
0.02171065
0.02169874
0.02168684
0.02194208
0.02552445
0.02551345
0.02550246
0.02549147
0.02548051
0.02546955
0.02545860
0.02544766
0.02543673
0.02542580
0.02541489
0.02540398
0.02539309
0.02538797
0.02538627
0.02538457
0.02538288
0.02538118
0.02537948
0.02537779
0.02537637
0.02537535
0.02537431
0.02537328
0.02537226
0.02537123
0.02537020
0.02536917
0.02536762
0.02536609
0.02536455
0.02536302
0.02536148
0.02535995
0.02535841
0.02535688
0.02535534
0.02685551
0.02628864
0.02574521
0.02544030
0.02547229
0.02550437
0.02553652
0.02556875
0.02560106
0.02563346
0.02566594
0.02569851
0.02573115
0.02576388
0.02582216
0.02589981
0.02597792
0.02610824
0.02626968
0.02643312
0.02660175
0.02678118
0.02696304
0.02714739
0.02733427
0.02752375
0.02771587
0.02790897
0.02823898
0.02867773
0.02913034
0.02979122
0.05079776
0.05087953
0.05096169
0.05104449
0.05112756
0.05121091
0.05129451
0.05137840
0.05146256
0.05154700
0.05163172
0.05171671
0.05182589
0.05193558
0.05206335
0.05231545
0.05257002
0.05282750
0.05661929
0.05663723
0.05666478
0.05669234
0.05671993
0.05674755
0.05678128
0.05682562
0.05688047
0.05696559
0.05704886
0.05713925
0.05728080
0.05746374
0.05787962
2.31693506
2.31040931
2.30392003
2.29746723
2.29108000
2.28469896
2.27835321
2.27204251
2.26576686
2.25952578
2.25334740
2.24717426
2.24103498
2.23492932
2.22885656
2.22281694
2.21683741
0.42804453
0.42935577
0.43067402
0.43200040
0.43333602
0.43467888
0.43603113
0.43739077
0.43875891
0.05271591
0.05260561
0.05249578
0.05234946
0.05220373
0.05206406
0.05196458
0.05186544
0.05176666
0.05166827
0.05157025
0.05147262
0.05137534
0.05127846
0.05118191
0.05108573
0.05098992
0.05039292
0.05032616
0.05025959
0.05019318
0.05012694
0.05006089
0.04999501
0.04992929
0.04986377
0.04979841
0.04973321
0.04966819
0.04961636
0.04956857
0.04952086
0.04947325
0.04942573
0.04937829
0.04933096
0.02974245
0.02910822
0.02870286
0.02830865
0.02784470
0.02738059
0.02710925
0.02691192
0.02671851
0.02653017
0.02635196
0.02617613
0.02600263
0.02583141
0.02566244
0.02549566
0.02533103
0.02519697
0.02513703
0.02510897
0.02508234
0.02505577
0.02502924
0.02500279
0.02497638
0.02495003
0.02492374
0.02489750
0.02487131
0.02484518
0.02481911
0.02479310
0.02482506
0.02532532
0.02584614
0.02469390
0.02469482
0.02469575
0.02469667
0.02469759
0.02469852
0.02469944
0.02470037
0.02470129
0.02470221
0.02470349
0.02470490
0.02470631
0.02470772
0.02470912
0.02471054
0.02471194
0.02471335
0.02471488
0.02471648
0.02471809
0.02471970
0.02472131
0.02472292
0.02472452
0.02472614
0.02472774
0.02472935
0.02473096
0.02473558
0.02156841
0.02158120
0.02159376
0.02160633
0.02161891
0.02163151
0.02164408
0.02165665
0.02166923
0.02168182
0.02169443
0.02170705
0.02171969
0.02173234
0.02174501
0.02175769
0.02176524
0.02177215
0.02176705
0.02175507
0.02174311
0.02173117
0.02171923
0.02170731
0.02169541
0.02168351
0.02167163
0.02165977
0.02164791
0.02163607
0.02162421
0.02161234
0.02160048
0.02158864
0.02157681
0.02474379
0.02473346
0.02473062
0.02472901
0.02472739
0.02472579
0.02472418
0.02472257
0.02472096
0.02471935
0.02471774
0.02471613
0.02471452
0.02471333
0.02471235
0.02471138
0.02471040
0.02470942
0.02470845
0.02470747
0.02470649
0.02470552
0.02470455
0.02470357
0.02470252
0.02470106
0.02469960
0.02469815
0.02469669
0.02469524
0.02469378
0.02574521
0.02522378
0.02472306
0.02472912
0.02475940
0.02478975
0.02482016
0.02485066
0.02488123
0.02491188
0.02494260
0.02497340
0.02500428
0.02503522
0.02506865
0.02510796
0.02514738
0.02521604
0.02536120
0.02552424
0.02568937
0.02585666
0.02602614
0.02619786
0.02637186
0.02654818
0.02672689
0.02690800
0.02711169
0.02751586
0.02793226
0.02836145
0.02880404
0.02926067
0.04928263
0.04932985
0.04937718
0.04942460
0.04947211
0.04951970
0.04956740
0.04961519
0.04966448
0.04971928
0.04977421
0.04982924
0.04988439
0.04993969
0.04999509
0.05006337
0.05014280
0.05022248
0.05030241
0.05038257
0.05098877
0.05108387
0.05117931
0.05127512
0.05137128
0.05146779
0.05156469
0.05166195
0.05175957
0.05185757
0.05195594
0.05205465
0.05219011
0.05233613
0.05248294
0.05259732
0.05270882
2.26035786
2.25414634
2.24796891
2.24182534
2.23571515
2.22966623
2.22362208
2.21761060
2.21163154
0.05058398
0.05052862
0.05047335
0.05041823
0.05036321
0.05030831
0.05025166
0.05019141
0.05013132
0.05007135
0.05001154
0.04995188
0.04989235
0.04983633
0.04978646
0.04973669
0.04968701
0.04963744
0.04958796
0.04953858
0.04948930
0.04944012
0.04901191
0.04896670
0.04892655
0.04888646
0.04884644
0.04880649
0.04876660
0.04872677
0.04868701
0.04864732
0.04860769
0.04856812
0.04852862
0.04848920
0.04844983
0.04841051
0.04837127
0.04833209
0.04829298
0.04825391
0.02883641
0.02843712
0.02805012
0.02766919
0.02721086
0.02676749
0.02633832
0.02613289
0.02595048
0.02577990
0.02561160
0.02544548
0.02528150
0.02516446
0.02506779
0.02497187
0.02487667
0.02478220
0.02468844
0.02463321
0.02458376
0.02453790
0.02449398
0.02445023
0.02440663
0.02436318
0.02433429
0.02430928
0.02428432
0.02425941
0.02423454
0.02420974
0.02418498
0.02416028
0.02434418
0.02482506
0.02532532
0.02406726
0.02406814
0.02406901
0.02406989
0.02407077
0.02407164
0.02407252
0.02407340
0.02407428
0.02407515
0.02407603
0.02407691
0.02407779
0.02407867
0.02407998
0.02408132
0.02408266
0.02408400
0.02408540
0.02408693
0.02408845
0.02408998
0.02409151
0.02409304
0.02409456
0.02409609
0.02409762
0.02409915
0.02146130
0.02149754
0.02153390
0.02156326
0.02158373
0.02159734
0.02160991
0.02162250
0.02163510
0.02164770
0.02166027
0.02167285
0.02168545
0.02169806
0.02171069
0.02172333
0.02173599
0.02174808
0.02175498
0.02176188
0.02176879
0.02176369
0.02175172
0.02173976
0.02172782
0.02171589
0.02170397
0.02169207
0.02168018
0.02166830
0.02165644
0.02164459
0.02163276
0.02162089
0.02160903
0.02159718
0.02158534
0.02157351
0.02155641
0.02152120
0.02148610
0.02145112
0.02409880
0.02409727
0.02409575
0.02409421
0.02409269
0.02409115
0.02408963
0.02408810
0.02408657
0.02408504
0.02408405
0.02408313
0.02408220
0.02408127
0.02408035
0.02407942
0.02407849
0.02407756
0.02407664
0.02407571
0.02407478
0.02407386
0.02407293
0.02407200
0.02407107
0.02407002
0.02406863
0.02406725
0.02522378
0.02472306
0.02424184
0.02410107
0.02413740
0.02417383
0.02421037
0.02424703
0.02428379
0.02432067
0.02435766
0.02439476
0.02443198
0.02446930
0.02450675
0.02454430
0.02458198
0.02464453
0.02471417
0.02480513
0.02489878
0.02499313
0.02508821
0.02518402
0.02531251
0.02547492
0.02563941
0.02580604
0.02597486
0.02614590
0.02644445
0.02682883
0.02722454
0.02763210
0.02807656
0.02854043
0.02897945
0.04816498
0.04820081
0.04823670
0.04827454
0.04831991
0.04836537
0.04841092
0.04845656
0.04850225
0.04854806
0.04859396
0.04863993
0.04868600
0.04873214
0.04877839
0.04882472
0.04887113
0.04891764
0.04896424
0.04901086
0.04943721
0.04948615
0.04953519
0.04958433
0.04963356
0.04968289
0.04973232
0.04978185
0.04983148
0.04988663
0.04994645
0.05000643
0.05006654
0.05012681
0.05018722
0.05024777
0.05030571
0.05036100
0.05041643
0.05047198
0.05052765
0.05058343
0.04904232
0.04899402
0.04894582
0.04889771
0.04884970
0.04880178
0.04875395
0.04870622
0.04865858
0.04861104
0.04856358
0.04851623
0.04846897
0.04842180
0.04837471
0.04832772
0.04828082
0.04823401
0.04818729
0.04783649
0.04779926
0.04776556
0.04773189
0.04769830
0.04766473
0.04763121
0.04759774
0.04756432
0.04753095
0.04749762
0.04746434
0.04743110
0.04739792
0.04736478
0.04733168
0.04729863
0.04726562
0.04723267
0.02931117
0.02839904
0.02779627
0.02742640
0.02704324
0.02660525
0.02618125
0.02577052
0.02539770
0.02523216
0.02513203
0.02503561
0.02493993
0.02484498
0.02475075
0.02465723
0.02456442
0.02447230
0.02438087
0.02429012
0.02420067
0.02415208
0.02410416
0.02405680
0.02400963
0.02396666
0.02392476
0.02388302
0.02384142
0.02379996
0.02375865
0.02371748
0.02367645
0.02363557
0.02360599
0.02358245
0.02355896
0.02388158
0.02434418
0.02482506
0.02349925
0.02349670
0.02349416
0.02349162
0.02348908
0.02348654
0.02348400
0.02348147
0.02347893
0.02347915
0.02347999
0.02348082
0.02348166
0.02348249
0.02348332
0.02348416
0.02348499
0.02348590
0.02348719
0.02348864
0.02349010
0.02349155
0.02349300
0.02349446
0.02349591
0.02349736
0.02135422
0.02139010
0.02142610
0.02146222
0.02149846
0.02153482
0.02155812
0.02157859
0.02159908
0.02161350
0.02162609
0.02163870
0.02165132
0.02166389
0.02167648
0.02168908
0.02170170
0.02171433
0.02172697
0.02173784
0.02174473
0.02175163
0.02175853
0.02176544
0.02176033
0.02174837
0.02173642
0.02172447
0.02171255
0.02170064
0.02168873
0.02167685
0.02166498
0.02165313
0.02164128
0.02162945
0.02161757
0.02160571
0.02159387
0.02158203
0.02157022
0.02155318
0.02151798
0.02148290
0.02144792
0.02141307
0.02137832
0.02134369
0.02349701
0.02349555
0.02349410
0.02349265
0.02349120
0.02348974
0.02348829
0.02348691
0.02348603
0.02348515
0.02348427
0.02348339
0.02348251
0.02348162
0.02348074
0.02347986
0.02347898
0.02347950
0.02348204
0.02348457
0.02348711
0.02348965
0.02349219
0.02349473
0.02349727
0.02349981
0.02472306
0.02424184
0.02377899
0.02360289
0.02362409
0.02365091
0.02368588
0.02372096
0.02375615
0.02379144
0.02382684
0.02386234
0.02389794
0.02393366
0.02396948
0.02400541
0.02404144
0.02410676
0.02417334
0.02424034
0.02431738
0.02440738
0.02449805
0.02458939
0.02468141
0.02477413
0.02486755
0.02496167
0.02505651
0.02515207
0.02526400
0.02545335
0.02582018
0.02621195
0.02661580
0.02703230
0.02746203
0.02790565
0.02829973
0.02966970
0.04723217
0.04726510
0.04729810
0.04733112
0.04736421
0.04739733
0.04743050
0.04746372
0.04749697
0.04753029
0.04756364
0.04759705
0.04763050
0.04766399
0.04769754
0.04773113
0.04776477
0.04779845
0.04783479
0.04819257
0.04823908
0.04828568
0.04833237
0.04837913
0.04842601
0.04847296
0.04852001
0.04856714
0.04861438
0.04866170
0.04870913
0.04875663
0.04880424
0.04885192
0.04889973
0.04894760
0.04899559
0.04904364
0.04779588
0.04776058
0.04772537
0.04769018
0.04765505
0.04761998
0.04758495
0.04755233
0.04752098
0.04748967
0.04745841
0.04742719
0.04739602
0.04736486
0.04733377
0.04730271
0.04729629
0.04690139
0.04687617
0.04685098
0.04682581
0.04680067
0.04677557
0.04675050
0.04672487
0.04669774
0.04667062
0.04664353
0.04661648
0.04658947
0.04656247
0.04653551
0.04650859
0.04648169
0.04645482
0.02896810
0.02816661
0.02718365
0.02682981
0.02644499
0.02602602
0.02562012
0.02522670
0.02502627
0.02484893
0.02471938
0.02462610
0.02453352
0.02444163
0.02435043
0.02425990
0.02417005
0.02408087
0.02399233
0.02390444
0.02381720
0.02373622
0.02368947
0.02364291
0.02359734
0.02355196
0.02350674
0.02346171
0.02342140
0.02338139
0.02334153
0.02330178
0.02326218
0.02322272
0.02318338
0.02314418
0.02310511
0.02306617
0.02303829
0.02343624
0.02388158
0.02434418
0.02304016
0.02303314
0.02302661
0.02302412
0.02302162
0.02301913
0.02301665
0.02301415
0.02301167
0.02300917
0.02300669
0.02300419
0.02300171
0.02299923
0.02299673
0.02299425
0.02299176
0.02298928
0.02298576
0.02298336
0.02298445
0.02298569
0.02298694
0.02121299
0.02124840
0.02128392
0.02131949
0.02135513
0.02139101
0.02142701
0.02146313
0.02149937
0.02153246
0.02155299
0.02157344
0.02159393
0.02161446
0.02162968
0.02164229
0.02165492
0.02166752
0.02168010
0.02169271
0.02170533
0.02171796
0.02172761
0.02173449
0.02174138
0.02174828
0.02175518
0.02176208
0.02175697
0.02174501
0.02173307
0.02172113
0.02170921
0.02169730
0.02168541
0.02167353
0.02166167
0.02164982
0.02163797
0.02162613
0.02161426
0.02160240
0.02159056
0.02157873
0.02156692
0.02154995
0.02151476
0.02147969
0.02144473
0.02140988
0.02137515
0.02134056
0.02130609
0.02127173
0.02123748
0.02298788
0.02298663
0.02298539
0.02298415
0.02298357
0.02298584
0.02298834
0.02299084
0.02299333
0.02299583
0.02299833
0.02300083
0.02300333
0.02300582
0.02300833
0.02301083
0.02301333
0.02301583
0.02301833
0.02302084
0.02302396
0.02302754
0.02303505
0.02303860
0.02424184
0.02377899
0.02333348
0.02312491
0.02314526
0.02316565
0.02318607
0.02321724
0.02325094
0.02328476
0.02331866
0.02335266
0.02338676
0.02342096
0.02345526
0.02348966
0.02352860
0.02359196
0.02365568
0.02371983
0.02378434
0.02384920
0.02393501
0.02402219
0.02411001
0.02419848
0.02428760
0.02437737
0.02446782
0.02455893
0.02465073
0.02474322
0.02488434
0.02506817
0.02529953
0.02567555
0.02606292
0.02646216
0.02687383
0.02728942
0.02796842
0.02901990
0.04644383
0.04647034
0.04649691
0.04652348
0.04655010
0.04657675
0.04660342
0.04663013
0.04665687
0.04668364
0.04671043
0.04673726
0.04676413
0.04679103
0.04681795
0.04684491
0.04687189
0.04689891
0.04729987
0.04730240
0.04733345
0.04736454
0.04739567
0.04742685
0.04745806
0.04748932
0.04752062
0.04755195
0.04758453
0.04761957
0.04765465
0.04768978
0.04772497
0.04776021
0.04779550
0.04683306
0.04680265
0.04677229
0.04674197
0.04671167
0.04668142
0.04665121
0.04662105
0.04659092
0.04656083
0.04653078
0.04650077
0.04647079
0.04644085
0.04657512
0.04614379
0.04611749
0.04609122
0.04606498
0.04603877
0.04601258
0.04598644
0.04596032
0.04593423
0.04590816
0.04588213
0.04585613
0.04583015
0.04580420
0.04577828
0.04575239
0.04572654
0.02863294
0.02788514
0.02664462
0.02625862
0.02587262
0.02547147
0.02514468
0.02495016
0.02475862
0.02457001
0.02440595
0.02428015
0.02415535
0.02405117
0.02396285
0.02387518
0.02378814
0.02370175
0.02361597
0.02353082
0.02344628
0.02336234
0.02328926
0.02324425
0.02319941
0.02315511
0.02311141
0.02306787
0.02302450
0.02298128
0.02293880
0.02290042
0.02286216
0.02282404
0.02278604
0.02274817
0.02271043
0.02267281
0.02263531
0.02261312
0.02259866
0.02300720
0.02343624
0.02388158
0.02259758
0.02259756
0.02259753
0.02258695
0.02257895
0.02257116
0.02256496
0.02256181
0.02255942
0.02255703
0.02255463
0.02255224
0.02254985
0.02254746
0.02254507
0.02254268
0.02254029
0.02253790
0.02253324
0.02252892
0.02252780
0.02110855
0.02114361
0.02117879
0.02121408
0.02124948
0.02128498
0.02132047
0.02135609
0.02139192
0.02142792
0.02146404
0.02150030
0.02152733
0.02154785
0.02156829
0.02158877
0.02160929
0.02162985
0.02164589
0.02165852
0.02167114
0.02168373
0.02169634
0.02170897
0.02171738
0.02172426
0.02173115
0.02173803
0.02174493
0.02175182
0.02175873
0.02175363
0.02174167
0.02172972
0.02171779
0.02170588
0.02169397
0.02168209
0.02167021
0.02165835
0.02164651
0.02163467
0.02162281
0.02161095
0.02159910
0.02158726
0.02157544
0.02156362
0.02154672
0.02151155
0.02147648
0.02144153
0.02140670
0.02137201
0.02133744
0.02130298
0.02126863
0.02123439
0.02120026
0.02116625
0.02113234
0.02109854
0.02252801
0.02252986
0.02253251
0.02253491
0.02253730
0.02253971
0.02254211
0.02254451
0.02254691
0.02254931
0.02255246
0.02255563
0.02255880
0.02256197
0.02256645
0.02257307
0.02258086
0.02258727
0.02259022
0.02259316
0.02259612
0.02377899
0.02333348
0.02290436
0.02266592
0.02268547
0.02270504
0.02272466
0.02274431
0.02276679
0.02279920
0.02283170
0.02286430
0.02289698
0.02292977
0.02296264
0.02299562
0.02303795
0.02309868
0.02315975
0.02322121
0.02328303
0.02334518
0.02340766
0.02348057
0.02356447
0.02364898
0.02373408
0.02381981
0.02390615
0.02399313
0.02408074
0.02416898
0.02429467
0.02445026
0.02461972
0.02480495
0.02499299
0.02518390
0.02553255
0.02591559
0.02631028
0.02670099
0.02765772
0.02868553
0.04572644
0.04575229
0.04577816
0.04580408
0.04583002
0.04585600
0.04588199
0.04590801
0.04593407
0.04596017
0.04598629
0.04601242
0.04603859
0.04606480
0.04609104
0.04611730
0.04614358
0.04657729
0.04644068
0.04647061
0.04650057
0.04653059
0.04656062
0.04659071
0.04662083
0.04665098
0.04668119
0.04671143
0.04674171
0.04677203
0.04680239
0.04683279
0.04592658
0.04590214
0.04587774
0.04585335
0.04582900
0.04580467
0.04578035
0.04575609
0.04573182
0.04570759
0.04568339
0.04565921
0.04587559
0.04541248
0.04538702
0.04536157
0.04533616
0.04531076
0.04528540
0.04526006
0.04523476
0.04520949
0.04518424
0.04515902
0.04513383
0.04510866
0.04508353
0.04505843
0.02907334
0.02830548
0.02757445
0.02643992
0.02571125
0.02532452
0.02506784
0.02487450
0.02468412
0.02449663
0.02431197
0.02413007
0.02397849
0.02385730
0.02373679
0.02361749
0.02350247
0.02341813
0.02333439
0.02325125
0.02316870
0.02308674
0.02300535
0.02292453
0.02285882
0.02281545
0.02277226
0.02272923
0.02268703
0.02264508
0.02260328
0.02256163
0.02252014
0.02247880
0.02243882
0.02240209
0.02236549
0.02232901
0.02229264
0.02225638
0.02222025
0.02220336
0.02218942
0.02219458
0.02259359
0.02300720
0.02343624
0.02217168
0.02217165
0.02217163
0.02217161
0.02217158
0.02215934
0.02214982
0.02214232
0.02213483
0.02212781
0.02212197
0.02211770
0.02211541
0.02211311
0.02211081
0.02210851
0.02210621
0.02210274
0.02209820
0.02100514
0.02103985
0.02107468
0.02110963
0.02114469
0.02117986
0.02121516
0.02125057
0.02128595
0.02132145
0.02135707
0.02139282
0.02142883
0.02146496
0.02150121
0.02152221
0.02154272
0.02156315
0.02158362
0.02160413
0.02162468
0.02164526
0.02166213
0.02167476
0.02168736
0.02169998
0.02170717
0.02171404
0.02172092
0.02172780
0.02173469
0.02174158
0.02174847
0.02175537
0.02175027
0.02173832
0.02172638
0.02171446
0.02170255
0.02169065
0.02167877
0.02166690
0.02165504
0.02164319
0.02163136
0.02161950
0.02160764
0.02159579
0.02158396
0.02157214
0.02156033
0.02154350
0.02150833
0.02147328
0.02143834
0.02140356
0.02136888
0.02133432
0.02129987
0.02126553
0.02123130
0.02119718
0.02116318
0.02112928
0.02109549
0.02106181
0.02102823
0.02099476
0.02209684
0.02209988
0.02210292
0.02210597
0.02210901
0.02211205
0.02211510
0.02211815
0.02212346
0.02212930
0.02213674
0.02214423
0.02215173
0.02215611
0.02215895
0.02216179
0.02216462
0.02216746
0.02217030
0.02333348
0.02290436
0.02249074
0.02222479
0.02224358
0.02226240
0.02228126
0.02230016
0.02231908
0.02233803
0.02236467
0.02239594
0.02242731
0.02245876
0.02249030
0.02252192
0.02256734
0.02262562
0.02268420
0.02274312
0.02280241
0.02286202
0.02292195
0.02298217
0.02304308
0.02312387
0.02320523
0.02328717
0.02336970
0.02345280
0.02353650
0.02362080
0.02373256
0.02388045
0.02403107
0.02418703
0.02436578
0.02454720
0.02473134
0.02491826
0.02510803
0.02539113
0.02576990
0.02641768
0.02735384
0.02842203
0.04503335
0.04505843
0.04508352
0.04510864
0.04513381
0.04515900
0.04518420
0.04520945
0.04523471
0.04526002
0.04528535
0.04531070
0.04533608
0.04536149
0.04538694
0.04541240
0.04587644
0.04565918
0.04568345
0.04570775
0.04573207
0.04575642
0.04578080
0.04580520
0.04582964
0.04585408
0.04587857
0.04590308
0.04592760
0.04522096
0.04519900
0.04517707
0.04515515
0.04513326
0.04511139
0.04508954
0.04506771
0.04504590
0.04502411
0.04519595
0.04472018
0.04469774
0.04467536
0.04465315
0.04463094
0.04460877
0.04458660
0.04456447
0.04454235
0.04452027
0.04449819
0.04447615
0.04445463
0.04443360
0.04441259
0.02798543
0.02727062
0.02623834
0.02518664
0.02499147
0.02479930
0.02461007
0.02442370
0.02424013
0.02405929
0.02388114
0.02370561
0.02356574
0.02344891
0.02333248
0.02321721
0.02310307
0.02299004
0.02289762
0.02281756
0.02273805
0.02265910
0.02258069
0.02250283
0.02244400
0.02240220
0.02236055
0.02231906
0.02227797
0.02223751
0.02219720
0.02215704
0.02211702
0.02207714
0.02203741
0.02199782
0.02196018
0.02192500
0.02188994
0.02185499
0.02182165
0.02180818
0.02179473
0.02178130
0.02180943
0.02219458
0.02259359
0.02300720
0.02176153
0.02176151
0.02176149
0.02176147
0.02176144
0.02176142
0.02175957
0.02174762
0.02173670
0.02172947
0.02172226
0.02171505
0.02170784
0.02170166
0.02169604
0.02169075
0.02168838
0.02087517
0.02092639
0.02097159
0.02100619
0.02104091
0.02107575
0.02111070
0.02114576
0.02118094
0.02121624
0.02125155
0.02128693
0.02132243
0.02135805
0.02139379
0.02142974
0.02146587
0.02149662
0.02151709
0.02153759
0.02155801
0.02157847
0.02159897
0.02161951
0.02164009
0.02166070
0.02167838
0.02169010
0.02169697
0.02170383
0.02171070
0.02171758
0.02172446
0.02173134
0.02173823
0.02174517
0.02175217
0.02174693
0.02173498
0.02172305
0.02171112
0.02169922
0.02168732
0.02167545
0.02166358
0.02165172
0.02163988
0.02162805
0.02161618
0.02160433
0.02159249
0.02158066
0.02156884
0.02155704
0.02154027
0.02150512
0.02147008
0.02143519
0.02140042
0.02136575
0.02133120
0.02129676
0.02126244
0.02122821
0.02119411
0.02116011
0.02112622
0.02109243
0.02105875
0.02102518
0.02099171
0.02095835
0.02091231
0.02166375
0.02168852
0.02169192
0.02169753
0.02170315
0.02170975
0.02171696
0.02172417
0.02173139
0.02173838
0.02174111
0.02174384
0.02174657
0.02174931
0.02175204
0.02175477
0.02175751
0.02176024
0.02290436
0.02249074
0.02209178
0.02180049
0.02181858
0.02183669
0.02185484
0.02187301
0.02189121
0.02190945
0.02192772
0.02194639
0.02197651
0.02200671
0.02203699
0.02206735
0.02211558
0.02217154
0.02222779
0.02228433
0.02234125
0.02239846
0.02245597
0.02251378
0.02257188
0.02263029
0.02269944
0.02277784
0.02285679
0.02293627
0.02301632
0.02309693
0.02319589
0.02333714
0.02348027
0.02362602
0.02377359
0.02394190
0.02411704
0.02429476
0.02447511
0.02465816
0.02484397
0.02503260
0.02528438
0.02619702
0.02717802
0.02820489
0.04441270
0.04443371
0.04445474
0.04447627
0.04449831
0.04452038
0.04454247
0.04456457
0.04458671
0.04460887
0.04463105
0.04465324
0.04467546
0.04469784
0.04472027
0.04519666
0.04502445
0.04504620
0.04506797
0.04508976
0.04511157
0.04513340
0.04515526
0.04517714
0.04519904
0.04522096
0.04455582
0.04453450
0.04451321
0.04449193
0.04447068
0.04444944
0.04442822
0.04440703
0.04453724
0.04415224
0.04413037
0.04410854
0.04408671
0.04406491
0.04404313
0.04402138
0.04399964
0.04397792
0.04395623
0.04393455
0.04391291
0.04389127
0.04386966
0.02767062
0.02697342
0.02603982
0.02510843
0.02475679
0.02453645
0.02435119
0.02416870
0.02398893
0.02381182
0.02363730
0.02346532
0.02329583
0.02316697
0.02305412
0.02294172
0.02283026
0.02271989
0.02261057
0.02250230
0.02239974
0.02232312
0.02224702
0.02217144
0.02209636
0.02204397
0.02200365
0.02196346
0.02192343
0.02188354
0.02184436
0.02180545
0.02176670
0.02172807
0.02168958
0.02165124
0.02161302
0.02157494
0.02153699
0.02150154
0.02146781
0.02143983
0.02142682
0.02141384
0.02140087
0.02138792
0.02143741
0.02180943
0.02219458
0.02259359
0.02136628
0.02136626
0.02136624
0.02136622
0.02136620
0.02136618
0.02136615
0.02136613
0.02136244
0.02135093
0.02133943
0.02133175
0.02132479
0.02131785
0.02131090
0.02126263
0.02076823
0.02082204
0.02087111
0.02092138
0.02096959
0.02100725
0.02104198
0.02107682
0.02111177
0.02114683
0.02118202
0.02121725
0.02125252
0.02128790
0.02132341
0.02135903
0.02139478
0.02143065
0.02146679
0.02149151
0.02151197
0.02153247
0.02155288
0.02157333
0.02159381
0.02161434
0.02163503
0.02165606
0.02167704
0.02168766
0.02169462
0.02170159
0.02170857
0.02171555
0.02172254
0.02172953
0.02173652
0.02174284
0.02174897
0.02174360
0.02173166
0.02171973
0.02170781
0.02169590
0.02168401
0.02167213
0.02166027
0.02164842
0.02163658
0.02162474
0.02161287
0.02160102
0.02158918
0.02157736
0.02156555
0.02155375
0.02153705
0.02150192
0.02146692
0.02143204
0.02139728
0.02136263
0.02132808
0.02129364
0.02125931
0.02122510
0.02119099
0.02115700
0.02112311
0.02108933
0.02105566
0.02102210
0.02098864
0.02095518
0.02090927
0.02085666
0.02080436
0.02075227
0.02128337
0.02131281
0.02131975
0.02132670
0.02133366
0.02133874
0.02134137
0.02134400
0.02134663
0.02134927
0.02135190
0.02135453
0.02135717
0.02135980
0.02136244
0.02136508
0.02249074
0.02209178
0.02170674
0.02139210
0.02140952
0.02142696
0.02144443
0.02146192
0.02147945
0.02149700
0.02151459
0.02153220
0.02154984
0.02157249
0.02160159
0.02163077
0.02168154
0.02173533
0.02178939
0.02184372
0.02189836
0.02195332
0.02200857
0.02206409
0.02211990
0.02217598
0.02223236
0.02229031
0.02236590
0.02244201
0.02251864
0.02259580
0.02268294
0.02281800
0.02295467
0.02309342
0.02323439
0.02337710
0.02353252
0.02370169
0.02387331
0.02404744
0.02422413
0.02440344
0.02458542
0.02482337
0.02516668
0.02603833
0.02700726
0.02792967
0.04386987
0.04389148
0.04391310
0.04393475
0.04395641
0.04397810
0.04399981
0.04402154
0.04404330
0.04406507
0.04408686
0.04410868
0.04413052
0.04415238
0.04453661
0.04440838
0.04442953
0.04445071
0.04447191
0.04449313
0.04451437
0.04453563
0.04455690
0.04390996
0.04388926
0.04386857
0.04384791
0.04382727
0.04380664
0.04389745
0.04359856
0.04357724
0.04355593
0.04353465
0.04351340
0.04349216
0.04347095
0.04344974
0.04342857
0.04340741
0.04338628
0.04336517
0.04334407
0.04332300
0.02668260
0.02584427
0.02505130
0.02474528
0.02436920
0.02412938
0.02391899
0.02374290
0.02356938
0.02339839
0.02322985
0.02306374
0.02289997
0.02278146
0.02267233
0.02256383
0.02245601
0.02234921
0.02224342
0.02213863
0.02203483
0.02193199
0.02184966
0.02177675
0.02170432
0.02165796
0.02161903
0.02158024
0.02154158
0.02150307
0.02146485
0.02142730
0.02138987
0.02135257
0.02131540
0.02127836
0.02124145
0.02120467
0.02116801
0.02113148
0.02109508
0.02107114
0.02105858
0.02104604
0.02103351
0.02102458
0.02101676
0.02107788
0.02143741
0.02180943
0.02219458
0.02098514
0.02098512
0.02098510
0.02098508
0.02098506
0.02098504
0.02098502
0.02098500
0.02098498
0.02098495
0.02097955
0.02096845
0.02095736
0.02093614
0.02072564
0.02066213
0.02071540
0.02076894
0.02082107
0.02086705
0.02091637
0.02096456
0.02100832
0.02104304
0.02107788
0.02111284
0.02114791
0.02118307
0.02121822
0.02125349
0.02128888
0.02132439
0.02136002
0.02139576
0.02143163
0.02146600
0.02148641
0.02150686
0.02152756
0.02154839
0.02156926
0.02159017
0.02161112
0.02163212
0.02165297
0.02167381
0.02168602
0.02169299
0.02169996
0.02170693
0.02171391
0.02172090
0.02172726
0.02173339
0.02173952
0.02174565
0.02174028
0.02172834
0.02171641
0.02170449
0.02169260
0.02168071
0.02166883
0.02166073
0.02165305
0.02164537
0.02163333
0.02160838
0.02159418
0.02158285
0.02157154
0.02156023
0.02154894
0.02153540
0.02149873
0.02146374
0.02142886
0.02139410
0.02135945
0.02132491
0.02129048
0.02125617
0.02122196
0.02118786
0.02115388
0.02112000
0.02108623
0.02105257
0.02101902
0.02098557
0.02095202
0.02090622
0.02085366
0.02080141
0.02074938
0.02069756
0.02064599
0.02083712
0.02095022
0.02095352
0.02095606
0.02095860
0.02096114
0.02096367
0.02096622
0.02096875
0.02097129
0.02097384
0.02097638
0.02097892
0.02098146
0.02098401
0.02209178
0.02170674
0.02133489
0.02101079
0.02102123
0.02103231
0.02104914
0.02106600
0.02108289
0.02109980
0.02111674
0.02113370
0.02115070
0.02116772
0.02118477
0.02121273
0.02126422
0.02131596
0.02136795
0.02142019
0.02147269
0.02152554
0.02157865
0.02163202
0.02168565
0.02173956
0.02179374
0.02184817
0.02190289
0.02196861
0.02204204
0.02211595
0.02219220
0.02232145
0.02245223
0.02258455
0.02271911
0.02285554
0.02299361
0.02313689
0.02330041
0.02346625
0.02363447
0.02380512
0.02397826
0.02416514
0.02443264
0.02475931
0.02510329
0.02588156
0.02683864
0.04332324
0.04334431
0.04336540
0.04338651
0.04340764
0.04342879
0.04344996
0.04347115
0.04349236
0.04351359
0.04353484
0.04355613
0.04357741
0.04359873
0.04389556
0.04380893
0.04382952
0.04385014
0.04387077
0.04389141
0.04391208
0.04330796
0.04329003
0.04327210
0.04325420
0.04327563
0.04305858
0.04303779
0.04301701
0.04299675
0.04297727
0.04295781
0.04293836
0.04291894
0.04289953
0.04288014
0.04286076
0.04284140
0.04282206
0.02639701
0.02565163
0.02499443
0.02468978
0.02439247
0.02399694
0.02374115
0.02353298
0.02333184
0.02316426
0.02299907
0.02283622
0.02267566
0.02251734
0.02240858
0.02230298
0.02219819
0.02209382
0.02199044
0.02188801
0.02178654
0.02168600
0.02158638
0.02148768
0.02139587
0.02132595
0.02128523
0.02124763
0.02121015
0.02117281
0.02113560
0.02109853
0.02106204
0.02102660
0.02100722
0.02098790
0.02096860
0.02094934
0.02093011
0.02091092
0.02089128
0.02087167
0.02085210
0.02083510
0.02082253
0.02080997
0.02079965
0.02079199
0.02078434
0.02077670
0.02107788
0.02143741
0.02180943
0.02063517
0.02063337
0.02063132
0.02062927
0.02062722
0.02062518
0.02062313
0.02062109
0.02061904
0.02061718
0.02061716
0.02061713
0.02060657
0.02053165
0.02055712
0.02060985
0.02066285
0.02071612
0.02076967
0.02081703
0.02086299
0.02091136
0.02095953
0.02100590
0.02104411
0.02107895
0.02111391
0.02114898
0.02118403
0.02121919
0.02125446
0.02128986
0.02132537
0.02136100
0.02139675
0.02143173
0.02146203
0.02148284
0.02150370
0.02152468
0.02154550
0.02156637
0.02158727
0.02160819
0.02162895
0.02164974
0.02167058
0.02168439
0.02169135
0.02169832
0.02170530
0.02171171
0.02171783
0.02172395
0.02173007
0.02173620
0.02174233
0.02173696
0.02172502
0.02171310
0.02170392
0.02169621
0.02168850
0.02168080
0.02167310
0.02166541
0.02165773
0.02164334
0.02161955
0.02159462
0.02157488
0.02156357
0.02155227
0.02154098
0.02152972
0.02150314
0.02146533
0.02142766
0.02139091
0.02135627
0.02132174
0.02128732
0.02125302
0.02121883
0.02118474
0.02115076
0.02111690
0.02108314
0.02104949
0.02101594
0.02098241
0.02094885
0.02090318
0.02085066
0.02079843
0.02074645
0.02069468
0.02064313
0.02059184
0.02054080
0.02054521
0.02061153
0.02061355
0.02061557
0.02061762
0.02061974
0.02062186
0.02062399
0.02062612
0.02062825
0.02063037
0.02063250
0.02063463
0.02063580
0.02170674
0.02133489
0.02097544
0.02077174
0.02078194
0.02079216
0.02080238
0.02081262
0.02082286
0.02083312
0.02084398
0.02085712
0.02087026
0.02088342
0.02089660
0.02091373
0.02094012
0.02096657
0.02099309
0.02101967
0.02106329
0.02111410
0.02116520
0.02121654
0.02126813
0.02131998
0.02137208
0.02142443
0.02147704
0.02152992
0.02158517
0.02165606
0.02172740
0.02184606
0.02197131
0.02209800
0.02222619
0.02235674
0.02248884
0.02262251
0.02275777
0.02291249
0.02307284
0.02323544
0.02340036
0.02356763
0.02379472
0.02405402
0.02436492
0.02469794
0.02504021
0.02572666
0.02810185
0.04281015
0.04283077
0.04285141
0.04287207
0.04289275
0.04291346
0.04293417
0.04295491
0.04297566
0.04299644
0.04301723
0.04303801
0.04305879
0.04327240
0.04325280
0.04327073
0.04328868
0.04330665
0.04279500
0.04277858
0.04276219
0.04297097
0.04253822
0.04251945
0.04250071
0.04248198
0.04246418
0.04245120
0.04243822
0.04242526
0.04241230
0.04239775
0.04237837
0.04235902
0.02546185
0.02493781
0.02463454
0.02433855
0.02402898
0.02363589
0.02336522
0.02316356
0.02296535
0.02277283
0.02261315
0.02245570
0.02230043
0.02215090
0.02204770
0.02194546
0.02184417
0.02174314
0.02164300
0.02154377
0.02144546
0.02134804
0.02125150
0.02115582
0.02106101
0.02099581
0.02097085
0.02095119
0.02093156
0.02091196
0.02089241
0.02087302
0.02085393
0.02083488
0.02081586
0.02079688
0.02077793
0.02075860
0.02073924
0.02071992
0.02070063
0.02068138
0.02066216
0.02064298
0.02062421
0.02061189
0.02059959
0.02058729
0.02057502
0.02056275
0.02055050
0.02073032
0.02107788
0.02143741
0.02180943
0.02059723
0.02030573
0.02030459
0.02030181
0.02029960
0.02029730
0.02029502
0.02029304
0.02029106
0.02031381
0.02036918
0.02042008
0.02045317
0.02050536
0.02055783
0.02061056
0.02066356
0.02071683
0.02076725
0.02081299
0.02085893
0.02090636
0.02095451
0.02100086
0.02104517
0.02108002
0.02111498
0.02114995
0.02118500
0.02122016
0.02125544
0.02129083
0.02132527
0.02135978
0.02139440
0.02143021
0.02145908
0.02147989
0.02150081
0.02152180
0.02154262
0.02156348
0.02158427
0.02160498
0.02162572
0.02164651
0.02166706
0.02168087
0.02168971
0.02169618
0.02170229
0.02170840
0.02171451
0.02172063
0.02173015
0.02175475
0.02177940
0.02177216
0.02174665
0.02172407
0.02171634
0.02170862
0.02170091
0.02169320
0.02168549
0.02167779
0.02166863
0.02165306
0.02163072
0.02160577
0.02158087
0.02155604
0.02154432
0.02153304
0.02152178
0.02150375
0.02147098
0.02143329
0.02139573
0.02135829
0.02132099
0.02128417
0.02124987
0.02121569
0.02118162
0.02114765
0.02111379
0.02108004
0.02104640
0.02101287
0.02097924
0.02094568
0.02090014
0.02084766
0.02079544
0.02074348
0.02069178
0.02064027
0.02058899
0.02053797
0.02048719
0.02043667
0.02040513
0.02035238
0.02029691
0.02029274
0.02029449
0.02029626
0.02029812
0.02030028
0.02030243
0.02030483
0.02031280
0.02059187
0.02170674
0.02133489
0.02097544
0.02062803
0.02055014
0.02055690
0.02056967
0.02058246
0.02059527
0.02060808
0.02062092
0.02063377
0.02064664
0.02065952
0.02067242
0.02068533
0.02070553
0.02073139
0.02075732
0.02078331
0.02080938
0.02083551
0.02086171
0.02088797
0.02091430
0.02094070
0.02096716
0.02099369
0.02102029
0.02106744
0.02111832
0.02116943
0.02122080
0.02128337
0.02139049
0.02151055
0.02163198
0.02175478
0.02187925
0.02200575
0.02213372
0.02226319
0.02239418
0.02253727
0.02269239
0.02284966
0.02300913
0.02318921
0.02343549
0.02368695
0.02398289
0.02430549
0.02463689
0.02497744
0.02557360
0.04235875
0.04237517
0.04239161
0.04240806
0.04242451
0.04244099
0.04245748
0.04247398
0.04249050
0.04250702
0.04252356
0.04254012
0.04296673
0.04276085
0.04277727
0.04279368
0.04229759
0.04237484
0.04209774
0.04207937
0.04206101
0.04204267
0.04202434
0.04200602
0.04198773
0.04196946
0.04195120
0.04193296
0.04191472
0.02808355
0.02488144
0.02457953
0.02428486
0.02399717
0.02366697
0.02328553
0.02300100
0.02280556
0.02261340
0.02242446
0.02223997
0.02208766
0.02193742
0.02179821
0.02169826
0.02159924
0.02150111
0.02140341
0.02130636
0.02121020
0.02111490
0.02102079
0.02097458
0.02092857
0.02088201
0.02083527
0.02078874
0.02076049
0.02074122
0.02072198
0.02070285
0.02068407
0.02066533
0.02064662
0.02062760
0.02060848
0.02058940
0.02057036
0.02055134
0.02053237
0.02051343
0.02049453
0.02047566
0.02045682
0.02043802
0.02041925
0.02041404
0.02041227
0.02041051
0.02040875
0.02040698
0.02040522
0.02040346
0.02073032
0.02107788
0.02143741
0.02180943
0.02058520
0.02026986
0.02019301
0.02014549
0.02013987
0.02013751
0.02017285
0.02020832
0.02025393
0.02030732
0.02035026
0.02040194
0.02045387
0.02050607
0.02055853
0.02061127
0.02066427
0.02071755
0.02076323
0.02080895
0.02085487
0.02090136
0.02094949
0.02099581
0.02104235
0.02108108
0.02111598
0.02115091
0.02118582
0.02121987
0.02125403
0.02128831
0.02132270
0.02135720
0.02139278
0.02142908
0.02145614
0.02147694
0.02149804
0.02151892
0.02153973
0.02156040
0.02158106
0.02160176
0.02162250
0.02164727
0.02171472
0.02176394
0.02179963
0.02182791
0.02185628
0.02188400
0.02190894
0.02193395
0.02195901
0.02198413
0.02200931
0.02200205
0.02197600
0.02195002
0.02192410
0.02189824
0.02187244
0.02184485
0.02181627
0.02178776
0.02175156
0.02170360
0.02164191
0.02161693
0.02159201
0.02156715
0.02154234
0.02152511
0.02151385
0.02149780
0.02147382
0.02143892
0.02140134
0.02136389
0.02132657
0.02128938
0.02125232
0.02121539
0.02117858
0.02114453
0.02111068
0.02107694
0.02104331
0.02100972
0.02097606
0.02094252
0.02089712
0.02084465
0.02079245
0.02074051
0.02068882
0.02063739
0.02058615
0.02053513
0.02048437
0.02043387
0.02038361
0.02033359
0.02029204
0.02023689
0.02019242
0.02015983
0.02013570
0.02014156
0.02015456
0.02020989
0.02030709
0.02057391
0.02170674
0.02133489
0.02097544
0.02062803
0.02040904
0.02041314
0.02041724
0.02042134
0.02042540
0.02042946
0.02043352
0.02043759
0.02044165
0.02044571
0.02045299
0.02046563
0.02047829
0.02050143
0.02052680
0.02055223
0.02057772
0.02060327
0.02062889
0.02065457
0.02068031
0.02070613
0.02073205
0.02075804
0.02078409
0.02081021
0.02083639
0.02086264
0.02088896
0.02091534
0.02094179
0.02098858
0.02106873
0.02118520
0.02130297
0.02142205
0.02154298
0.02166561
0.02178965
0.02191511
0.02204202
0.02217414
0.02232429
0.02247648
0.02263077
0.02284790
0.02308695
0.02333092
0.02361266
0.02392531
0.02424635
0.02457612
0.02491499
0.02903076
0.04193705
0.04195315
0.04196926
0.04198537
0.04200152
0.04201766
0.04203382
0.04204999
0.04206618
0.04208237
0.04209859
0.04236970
0.04229723
0.04208289
0.04164829
0.04163031
0.04161233
0.04159439
0.04157645
0.04155853
0.04154063
0.04152273
0.04150486
0.04148699
0.02486364
0.02452478
0.02423141
0.02394497
0.02366523
0.02331570
0.02294541
0.02264796
0.02245845
0.02227208
0.02208877
0.02190846
0.02173148
0.02158603
0.02145657
0.02135973
0.02126376
0.02116865
0.02107413
0.02099921
0.02095310
0.02090718
0.02086147
0.02081588
0.02076943
0.02072320
0.02067717
0.02063135
0.02058573
0.02055431
0.02053544
0.02051696
0.02049824
0.02047936
0.02046052
0.02044171
0.02042294
0.02040932
0.02039929
0.02038928
0.02037927
0.02036927
0.02035927
0.02034929
0.02033932
0.02032936
0.02031941
0.02030947
0.02029966
0.02029085
0.02028205
0.02027646
0.02027472
0.02027298
0.02027124
0.02039393
0.02073032
0.02107788
0.02143741
0.02180943
0.02057318
0.02026422
0.02018919
0.02014239
0.02013673
0.02013458
0.02016991
0.02020536
0.02024839
0.02029954
0.02035096
0.02040263
0.02045457
0.02050677
0.02055924
0.02061198
0.02066499
0.02071370
0.02075921
0.02080491
0.02085082
0.02089692
0.02094447
0.02099077
0.02103728
0.02108178
0.02111550
0.02114933
0.02118327
0.02121732
0.02125148
0.02128574
0.02132013
0.02135549
0.02139166
0.02142599
0.02145320
0.02147411
0.02149526
0.02151600
0.02153658
0.02156731
0.02163512
0.02170335
0.02177108
0.02183869
0.02190672
0.02197096
0.02200514
0.02203397
0.02206287
0.02209184
0.02212090
0.02215003
0.02217923
0.02219855
0.02221664
0.02221154
0.02219366
0.02217147
0.02214203
0.02211266
0.02208337
0.02205416
0.02202502
0.02199597
0.02195811
0.02189260
0.02182406
0.02175595
0.02168825
0.02162099
0.02155413
0.02152867
0.02150593
0.02149186
0.02147140
0.02144380
0.02140695
0.02136949
0.02133214
0.02129493
0.02125786
0.02122091
0.02118408
0.02114739
0.02111082
0.02107438
0.02104023
0.02100653
0.02097289
0.02093935
0.02089411
0.02084165
0.02078947
0.02073754
0.02068587
0.02063446
0.02058330
0.02053230
0.02048156
0.02043107
0.02038082
0.02033082
0.02028106
0.02023155
0.02018945
0.02015687
0.02013258
0.02013842
0.02015080
0.02020611
0.02030139
0.02055597
0.02170674
0.02133476
0.02097544
0.02062802
0.02029193
0.02027270
0.02027675
0.02028079
0.02028484
0.02028889
0.02029293
0.02029699
0.02030104
0.02030846
0.02031617
0.02032390
0.02033163
0.02034128
0.02035467
0.02036805
0.02038140
0.02039477
0.02040815
0.02042752
0.02045274
0.02047804
0.02050339
0.02052880
0.02055429
0.02057983
0.02060544
0.02063111
0.02065684
0.02068264
0.02070850
0.02073443
0.02078320
0.02083735
0.02089178
0.02094650
0.02100150
0.02109935
0.02121689
0.02133583
0.02145610
0.02157774
0.02170077
0.02182520
0.02196794
0.02211530
0.02228905
0.02251649
0.02274863
0.02298543
0.02325368
0.02355684
0.02386800
0.02418750
0.02451566
0.02501447
0.04150789
0.04152365
0.04153943
0.04155523
0.04157103
0.04158685
0.04160269
0.04161852
0.04163438
0.04165025
0.04207746
0.04120834
0.04119074
0.04117315
0.04115557
0.04113801
0.04112045
0.04110293
0.04108541
0.04106792
0.02455230
0.02417820
0.02389301
0.02361448
0.02334236
0.02297470
0.02261508
0.02230561
0.02212175
0.02194090
0.02176299
0.02158793
0.02141568
0.02124614
0.02112548
0.02103160
0.02097711
0.02093147
0.02088584
0.02084022
0.02079480
0.02074957
0.02070401
0.02065807
0.02061233
0.02056679
0.02052145
0.02047632
0.02043138
0.02039975
0.02038049
0.02037045
0.02036044
0.02035046
0.02034049
0.02033053
0.02032058
0.02031063
0.02030070
0.02029078
0.02028086
0.02027096
0.02026107
0.02025118
0.02024131
0.02023144
0.02022159
0.02021174
0.02020190
0.02019208
0.02018278
0.02017407
0.02016537
0.02015668
0.02014800
0.02014073
0.02013901
0.02039393
0.02073032
0.02107788
0.02143741
0.02180943
0.02040003
0.02025858
0.02018538
0.02013929
0.02013358
0.02013165
0.02016697
0.02020243
0.02024637
0.02030023
0.02035165
0.02040332
0.02045527
0.02050747
0.02055995
0.02061269
0.02066442
0.02070970
0.02075519
0.02080088
0.02084676
0.02089285
0.02093945
0.02098615
0.02103338
0.02107866
0.02111298
0.02114680
0.02118073
0.02121477
0.02124892
0.02128318
0.02131832
0.02135437
0.02139054
0.02142264
0.02145025
0.02148671
0.02155525
0.02162298
0.02169113
0.02175972
0.02182772
0.02189569
0.02196408
0.02203290
0.02208593
0.02212764
0.02215191
0.02216997
0.02218806
0.02220617
0.02222431
0.02224248
0.02226052
0.02227815
0.02229579
0.02229056
0.02227188
0.02225324
0.02223521
0.02221729
0.02219939
0.02218153
0.02216369
0.02214588
0.02211732
0.02207392
0.02201430
0.02194485
0.02187584
0.02180727
0.02173912
0.02167140
0.02160410
0.02153675
0.02146783
0.02144233
0.02141257
0.02137508
0.02133772
0.02130049
0.02126340
0.02122643
0.02118927
0.02115216
0.02111517
0.02107831
0.02104122
0.02100563
0.02097030
0.02093619
0.02089109
0.02083866
0.02078648
0.02073457
0.02068292
0.02063152
0.02058037
0.02052947
0.02047874
0.02042826
0.02037803
0.02032804
0.02027830
0.02022880
0.02018650
0.02015392
0.02012945
0.02013527
0.02014704
0.02020233
0.02029569
0.02053806
0.02170674
0.02133476
0.02097544
0.02062803
0.02029193
0.02013418
0.02013881
0.02014640
0.02015400
0.02016160
0.02016921
0.02017682
0.02018444
0.02019206
0.02019969
0.02020733
0.02021498
0.02022262
0.02023562
0.02024888
0.02026215
0.02027544
0.02028873
0.02030198
0.02031524
0.02032852
0.02034182
0.02035513
0.02036846
0.02038181
0.02039518
0.02040857
0.02042982
0.02045506
0.02048036
0.02050572
0.02053114
0.02058181
0.02063491
0.02068831
0.02074208
0.02079612
0.02085046
0.02090507
0.02095997
0.02101593
0.02113262
0.02125060
0.02136992
0.02149058
0.02162279
0.02176554
0.02197355
0.02219457
0.02242007
0.02265003
0.02290546
0.02319955
0.02350128
0.02381097
0.02416867
0.02470376
0.04106703
0.04108507
0.04110314
0.04112121
0.04113923
0.04115754
0.04118031
0.04119583
0.04121136
0.04077518
0.04076330
0.04075022
0.04073323
0.04071625
0.04069928
0.02499319
0.02424867
0.02384127
0.02356393
0.02329297
0.02300407
0.02264354
0.02229414
0.02197345
0.02179500
0.02161944
0.02144668
0.02127665
0.02110931
0.02098183
0.02090988
0.02086369
0.02081854
0.02077359
0.02072855
0.02068361
0.02063887
0.02059334
0.02054789
0.02050263
0.02045758
0.02041272
0.02038912
0.02036644
0.02034380
0.02032121
0.02029867
0.02027619
0.02026248
0.02025256
0.02024265
0.02023275
0.02022286
0.02021298
0.02020311
0.02019325
0.02018341
0.02017360
0.02016380
0.02015401
0.02014423
0.02013446
0.02012470
0.02011494
0.02010520
0.02009547
0.02008575
0.02007603
0.02006724
0.02005863
0.02005003
0.02004144
0.02003286
0.02002951
0.02006828
0.02039393
0.02073032
0.02107788
0.02143741
0.02180943
0.02039410
0.02025295
0.02018156
0.02013619
0.02013043
0.02012871
0.02016402
0.02019951
0.02024366
0.02029770
0.02035202
0.02040402
0.02045596
0.02050817
0.02056065
0.02061340
0.02066044
0.02070570
0.02075117
0.02079684
0.02084271
0.02089024
0.02093580
0.02098281
0.02103003
0.02107545
0.02110991
0.02114427
0.02117820
0.02121223
0.02124637
0.02128129
0.02131721
0.02135326
0.02141139
0.02150135
0.02158915
0.02167425
0.02174742
0.02181639
0.02188467
0.02194644
0.02199159
0.02203694
0.02208246
0.02212410
0.02216347
0.02220299
0.02223194
0.02225013
0.02226835
0.02228660
0.02230458
0.02232227
0.02233999
0.02235773
0.02237551
0.02237027
0.02235146
0.02233268
0.02231394
0.02229522
0.02227692
0.02225893
0.02224097
0.02222303
0.02219282
0.02215327
0.02211386
0.02207054
0.02202505
0.02197974
0.02193462
0.02186608
0.02179757
0.02172877
0.02165127
0.02156634
0.02147583
0.02138459
0.02134188
0.02130423
0.02126670
0.02122931
0.02119205
0.02115493
0.02111792
0.02108066
0.02104340
0.02100781
0.02097247
0.02093642
0.02088886
0.02083566
0.02078350
0.02073160
0.02067996
0.02062858
0.02057745
0.02052657
0.02047593
0.02042546
0.02037524
0.02032527
0.02027554
0.02022605
0.02018357
0.02015096
0.02012633
0.02013213
0.02014329
0.02019855
0.02028999
0.02052018
0.02170674
0.02133476
0.02097545
0.02062803
0.02029193
0.02003538
0.02003747
0.02003955
0.02004164
0.02004688
0.02005440
0.02006193
0.02006946
0.02007700
0.02008454
0.02009209
0.02009965
0.02010721
0.02011796
0.02013106
0.02014418
0.02015731
0.02017047
0.02018364
0.02019682
0.02021002
0.02022316
0.02023632
0.02024950
0.02026269
0.02027591
0.02028913
0.02030238
0.02031564
0.02032892
0.02034222
0.02035554
0.02037165
0.02039810
0.02043734
0.02048962
0.02054218
0.02059500
0.02064829
0.02070185
0.02075569
0.02080981
0.02086421
0.02091889
0.02097387
0.02104901
0.02116606
0.02128832
0.02145617
0.02166685
0.02188171
0.02210084
0.02232428
0.02256751
0.02285293
0.02314566
0.02344599
0.02387590
0.02440068
0.02543514
0.04068331
0.04069937
0.04071543
0.04073150
0.04074758
0.04076369
0.04035564
0.04034042
0.04032522
0.04031001
0.02467863
0.02395245
0.02351361
0.02324379
0.02298010
0.02267207
0.02232179
0.02198217
0.02165273
0.02147776
0.02130725
0.02113942
0.02099298
0.02092096
0.02084943
0.02077838
0.02070782
0.02066237
0.02061807
0.02057361
0.02052902
0.02048385
0.02043888
0.02040122
0.02037851
0.02035584
0.02033323
0.02031067
0.02028815
0.02026569
0.02024328
0.02022091
0.02019860
0.02017633
0.02015563
0.02014582
0.02013602
0.02012622
0.02011644
0.02010666
0.02009689
0.02008714
0.02007739
0.02006765
0.02005792
0.02004821
0.02003850
0.02002880
0.02001911
0.02000943
0.01999978
0.01999015
0.01998053
0.01997092
0.01996152
0.01995301
0.01994481
0.01994503
0.01994525
0.01994546
0.01994568
0.02006828
0.02039393
0.02073032
0.02107788
0.02143741
0.02180943
0.02038818
0.02024732
0.02017774
0.02013309
0.02012728
0.02012578
0.02016108
0.02019659
0.02024094
0.02029497
0.02034928
0.02040389
0.02045666
0.02050888
0.02056136
0.02061140
0.02065645
0.02070170
0.02074734
0.02079474
0.02084236
0.02089004
0.02093422
0.02097948
0.02102669
0.02107223
0.02110668
0.02114124
0.02117566
0.02120968
0.02124438
0.02128018
0.02136382
0.02145898
0.02154934
0.02164046
0.02173236
0.02182491
0.02189408
0.02194301
0.02198816
0.02203348
0.02207899
0.02212056
0.02215993
0.02219943
0.02223907
0.02227886
0.02231256
0.02233088
0.02234881
0.02236657
0.02238435
0.02240217
0.02242002
0.02243789
0.02245579
0.02245055
0.02243160
0.02241269
0.02239381
0.02237496
0.02235614
0.02233736
0.02231880
0.02230074
0.02226884
0.02222902
0.02218934
0.02214980
0.02211041
0.02206717
0.02202168
0.02197639
0.02193128
0.02187955
0.02179951
0.02170310
0.02160905
0.02151668
0.02142509
0.02133427
0.02126950
0.02123210
0.02119483
0.02115769
0.02112026
0.02108285
0.02104558
0.02100999
0.02097464
0.02093272
0.02088796
0.02083450
0.02078131
0.02072863
0.02067701
0.02062564
0.02057452
0.02052366
0.02047305
0.02042266
0.02037246
0.02032250
0.02027278
0.02022331
0.02018064
0.02014801
0.02012321
0.02012899
0.02013954
0.02019477
0.02028430
0.02050314
0.02170661
0.02133476
0.02097544
0.02062803
0.02029193
0.01996660
0.01995004
0.01995211
0.01995417
0.01995624
0.01995831
0.01996038
0.01996244
0.01996451
0.01997069
0.01997816
0.01998563
0.01999310
0.02000165
0.02001460
0.02002757
0.02004055
0.02005355
0.02006657
0.02007961
0.02009266
0.02010573
0.02011881
0.02013192
0.02014496
0.02015802
0.02017109
0.02018419
0.02019730
0.02021042
0.02022357
0.02023673
0.02024991
0.02027326
0.02029966
0.02032611
0.02035216
0.02037823
0.02040436
0.02045210
0.02050446
0.02055708
0.02060998
0.02066315
0.02071660
0.02077032
0.02082432
0.02087860
0.02093317
0.02098867
0.02116365
0.02136860
0.02157755
0.02179058
0.02200776
0.02223939
0.02251652
0.02280064
0.02314660
0.02359013
0.02410495
0.02483174
0.04031053
0.04032613
0.04034175
0.04035738
0.03997667
0.02512410
0.02437187
0.02366338
0.02319483
0.02293224
0.02267553
0.02234951
0.02200905
0.02167881
0.02135833
0.02116963
0.02100395
0.02093205
0.02086044
0.02078932
0.02071868
0.02064853
0.02057884
0.02050962
0.02046477
0.02042021
0.02039059
0.02036790
0.02034526
0.02032267
0.02030013
0.02027764
0.02025520
0.02023281
0.02021047
0.02018818
0.02016594
0.02014374
0.02012160
0.02009950
0.02007745
0.02005546
0.02004020
0.02003050
0.02002081
0.02001113
0.02000145
0.01999179
0.01998213
0.01997249
0.01996285
0.01995323
0.01994361
0.01993400
0.01992440
0.01991481
0.01990523
0.01989566
0.01988610
0.01988052
0.01987515
0.01986978
0.01986384
0.01986156
0.01986178
0.01986200
0.01986221
0.01986244
0.01986265
0.02006828
0.02039393
0.02073032
0.02107788
0.02143741
0.02180943
0.02038226
0.02024169
0.02017393
0.02013000
0.02012413
0.02012285
0.02015814
0.02019368
0.02023823
0.02029224
0.02034654
0.02040113
0.02045602
0.02050958
0.02056207
0.02060744
0.02065314
0.02070011
0.02074730
0.02079470
0.02084231
0.02088895
0.02093314
0.02097750
0.02102334
0.02106901
0.02110345
0.02113800
0.02117267
0.02122066
0.02131625
0.02141271
0.02150678
0.02159754
0.02168908
0.02177179
0.02184761
0.02191764
0.02197320
0.02202892
0.02207553
0.02211703
0.02215638
0.02219587
0.02223550
0.05508500
0.05508500
0.05508500
0.05508500
0.05508500
0.05508500
0.05508500
0.05508500
0.05508500
0.05508500
0.05508500
0.05508500
0.05508500
0.05508500
0.05508500
0.05508500
0.05508500
0.05508500
0.05508500
0.05508500
0.05508500
0.05508500
0.05508500
0.05508500
0.02222552
0.02218586
0.02214633
0.02210695
0.02206379
0.02201438
0.02195846
0.02190293
0.02182734
0.02175157
0.02166169
0.02156649
0.02147213
0.02137859
0.02128586
0.02119761
0.02116000
0.02112246
0.02108504
0.02104776
0.02101216
0.02097201
0.02092903
0.02088622
0.02083361
0.02078043
0.02072752
0.02067487
0.02062270
0.02057160
0.02052075
0.02047016
0.02041981
0.02036967
0.02031972
0.02027002
0.02022056
0.02017771
0.02014505
0.02012008
0.02012585
0.02013579
0.02019100
0.02027861
0.02048939
0.02170661
0.02133476
0.02097544
0.02062802
0.02029192
0.01996660
0.01986331
0.01986537
0.01986742
0.01986947
0.01987153
0.01987359
0.01987564
0.01987770
0.01987975
0.01988181
0.01988387
0.01988593
0.01988798
0.01989948
0.01991230
0.01992514
0.01993799
0.01995086
0.01996374
0.01997665
0.01998956
0.02000250
0.02001545
0.02002842
0.02004140
0.02005440
0.02006736
0.02008032
0.02009330
0.02010629
0.02011930
0.02013232
0.02014974
0.02017581
0.02020195
0.02022816
0.02025443
0.02028055
0.02030643
0.02033238
0.02035839
0.02038447
0.02041472
0.02046688
0.02051931
0.02057202
0.02062499
0.02067824
0.02073176
0.02078556
0.02086812
0.02095138
0.02107844
0.02128173
0.02148892
0.02170008
0.02192068
0.02218987
0.02246576
0.02287793
0.02331113
0.02381630
0.02452553
0.03996367
0.03997900
0.02407266
0.02338121
0.02288457
0.02262893
0.02237730
0.02203600
0.02170496
0.02138372
0.02107184
0.02094335
0.02087180
0.02080074
0.02073016
0.02066005
0.02059042
0.02052126
0.02045256
0.02039429
0.02036094
0.02033510
0.02031249
0.02028992
0.02026741
0.02024495
0.02022253
0.02020017
0.02017785
0.02015559
0.02013338
0.02011126
0.02008919
0.02006716
0.02004519
0.02002326
0.02000138
0.01997955
0.01995776
0.01993602
0.01992609
0.01991650
0.01990691
0.01989734
0.01988778
0.01988097
0.01987560
0.01987023
0.01986486
0.01985950
0.01985414
0.01984878
0.01984342
0.01983807
0.01983272
0.01982737
0.01982203
0.01981669
0.01981135
0.01980601
0.01979991
0.01979355
0.01978719
0.01978084
0.01978002
0.01978024
0.01978045
0.02006828
0.02039393
0.02073032
0.02107788
0.02143741
0.02180943
0.02037634
0.02023606
0.02017012
0.02012690
0.02012099
0.02011992
0.02015520
0.02019076
0.02023552
0.02028952
0.02034380
0.02039838
0.02045325
0.02050841
0.02055980
0.02060634
0.02065310
0.02070007
0.02074725
0.02079465
0.02084227
0.02088788
0.02093205
0.02097641
0.02102096
0.02106580
0.02110022
0.02117469
0.02127234
0.02136493
0.02146184
0.02155479
0.02164398
0.02171892
0.02179438
0.02187037
0.05442825
0.05442825
0.05442825
0.05442825
0.05442825
0.05442825
0.05442825
0.05442825
0.05442825
0.05442825
0.05442825
0.05442825
0.05442825
0.05442825
0.05442825
0.05442825
0.05442825
0.05442825
0.05442825
0.05442825
0.05442825
0.05442825
0.05442825
0.05442825
0.05442825
0.05442825
0.05442825
0.05442825
0.05442825
0.05442825
0.05442825
0.05442825
0.05442825
0.05442825
0.05442825
0.05442825
0.05442825
0.05442825
0.05442825
0.05442825
0.05442825
0.05442825
0.02184985
0.02177392
0.02169852
0.02162043
0.02152560
0.02143160
0.02133849
0.02124417
0.02114419
0.02108723
0.02104994
0.02101145
0.02096830
0.02092534
0.02088254
0.02083272
0.02077954
0.02072663
0.02067399
0.02062162
0.02056952
0.02051784
0.02046726
0.02041693
0.02036685
0.02031695
0.02026726
0.02021782
0.02017478
0.02014210
0.02011696
0.02012271
0.02013205
0.02018722
0.02027293
0.02047565
0.02170661
0.02133476
0.02097545
0.02062802
0.02029192
0.01996661
0.01977723
0.01977927
0.01978130
0.01978334
0.01978538
0.01978939
0.01979418
0.01979898
0.01980378
0.01980859
0.01981339
0.01981820
0.01982301
0.01982928
0.01983645
0.01984361
0.01985071
0.01985782
0.01986493
0.01987204
0.01987916
0.01988752
0.01990032
0.01991314
0.01992598
0.01993883
0.01995170
0.01996459
0.01997749
0.01999037
0.02000322
0.02001610
0.02002899
0.02005347
0.02007929
0.02010518
0.02013114
0.02015717
0.02018326
0.02020941
0.02023514
0.02026090
0.02028674
0.02031264
0.02033860
0.02036463
0.02039073
0.02042944
0.02048168
0.02053420
0.02058697
0.02066727
0.02074894
0.02083125
0.02091422
0.02099785
0.02119549
0.02140090
0.02161096
0.02187256
0.02220747
0.02261542
0.02303864
0.02353447
0.02422678
0.02258251
0.02233353
0.02206302
0.02173117
0.02140915
0.02109654
0.02092621
0.02082191
0.02074356
0.02067336
0.02060364
0.02053439
0.02046560
0.02039951
0.02036614
0.02033288
0.02029973
0.02026669
0.02023562
0.02021323
0.02019088
0.02016859
0.02014634
0.02012414
0.02010200
0.02007990
0.02005785
0.02003585
0.02001389
0.01999199
0.01997013
0.01994832
0.01992656
0.01990484
0.01988329
0.01987134
0.01985941
0.01984927
0.01984390
0.01983852
0.01983317
0.01982782
0.01982248
0.01981713
0.01981180
0.01980646
0.01980113
0.01979580
0.01979047
0.01978515
0.01977983
0.01977450
0.01976919
0.01976388
0.01975857
0.01975326
0.01974796
0.01974265
0.01973640
0.01973008
0.01972376
0.01971745
0.01971114
0.01970484
0.01975286
0.02006828
0.02039393
0.02073032
0.02107788
0.02143741
0.02180943
0.02037043
0.02023044
0.02016631
0.02012381
0.02011784
0.02011699
0.02015228
0.02018784
0.02023281
0.02028679
0.02034106
0.02039562
0.02045039
0.02050273
0.02055358
0.02060468
0.02065305
0.02070002
0.02074721
0.02079460
0.02084222
0.02088680
0.02093097
0.02097533
0.02101987
0.02112562
0.02122557
0.02132369
0.02141833
0.02151118
0.05378696
0.05378696
0.05378696
0.05378696
0.05378696
0.05378696
0.05378696
0.05378696
0.05378696
0.05378696
0.05378696
0.05378696
0.05378696
0.05378696
0.05378696
0.05378696
0.05378696
0.05378696
0.05378696
0.05378696
0.05378696
0.05378696
0.05378696
0.05378696
0.05378696
0.05378696
0.05378696
0.05378696
0.05378696
0.05378696
0.05378696
0.05378696
0.05378696
0.05378696
0.05378696
0.05378696
0.05378696
0.05378696
0.05378696
0.05378696
0.05378696
0.05378696
0.05378696
0.05378696
0.05378696
0.05378696
0.05378696
0.05378696
0.05378696
0.05378696
0.05378696
0.05378696
0.05378696
0.02157121
0.02148512
0.02139259
0.02129434
0.02119388
0.02109279
0.02100773
0.02096460
0.02092165
0.02087887
0.02083182
0.02077865
0.02072575
0.02067311
0.02062075
0.02056864
0.02051681
0.02046522
0.02041405
0.02036398
0.02031415
0.02026451
0.02021508
0.02017185
0.02013915
0.02011384
0.02011957
0.02012830
0.02018345
0.02026725
0.02046193
0.02170661
0.02133477
0.02097545
0.02062802
0.02029192
0.01996661
0.01970653
0.01970767
0.01971191
0.01971667
0.01972143
0.01972619
0.01973096
0.01973573
0.01974050
0.01974527
0.01975005
0.01975482
0.01975960
0.01976538
0.01977251
0.01977964
0.01978678
0.01979392
0.01980102
0.01980809
0.01981517
0.01982224
0.01982933
0.01983641
0.01984351
0.01985061
0.01985771
0.01986482
0.01987193
0.01987905
0.01988835
0.01990116
0.01991395
0.01993261
0.01995812
0.01998370
0.02000934
0.02003505
0.02006083
0.02008667
0.02011258
0.02013855
0.02016435
0.02018993
0.02021559
0.02024130
0.02026708
0.02029293
0.02031884
0.02034482
0.02037087
0.02039698
0.02047068
0.02055113
0.02063222
0.02071396
0.02079634
0.02087938
0.02096139
0.02110985
0.02131360
0.02157518
0.02196003
0.02235886
0.02277239
0.02175744
0.02143465
0.02112130
0.02093237
0.02082801
0.02072468
0.02062237
0.02054754
0.02047867
0.02041025
0.02037136
0.02033808
0.02030491
0.02027185
0.02023889
0.02020605
0.02017330
0.02014067
0.02011492
0.02009280
0.02007072
0.02004869
0.02002671
0.02000477
0.01998289
0.01996105
0.01993926
0.01991752
0.01989582
0.01987785
0.01986591
0.01985398
0.01984208
0.01983018
0.01981829
0.01980642
0.01979457
0.01978574
0.01978039
0.01977506
0.01976972
0.01976439
0.01975906
0.01975373
0.01974840
0.01974310
0.01973780
0.01973251
0.01972721
0.01972192
0.01971663
0.01971135
0.01970607
0.01970079
0.01969551
0.01969024
0.01968497
0.01967958
0.01967329
0.01966701
0.01966073
0.01965446
0.01965055
0.01965139
0.01975286
0.02006828
0.02039393
0.02073032
0.02107788
0.02143741
0.02180943
0.02036452
0.02022482
0.02016250
0.02012071
0.02011469
0.02011407
0.02014938
0.02018492
0.02023010
0.02028407
0.02033825
0.02039262
0.02044451
0.02049507
0.02054588
0.02059694
0.02064826
0.02069983
0.02074716
0.02079455
0.02084173
0.02088571
0.02092988
0.02102742
0.02114496
0.05316063
0.05316063
0.05316063
0.05316063
0.05316063
0.05316063
0.05316063
0.05316063
0.05316063
0.05316063
0.05316063
0.05316063
0.05316063
0.05316063
0.05316063
0.05316063
0.05316063
0.05316063
0.05316063
0.05316063
0.05316063
0.05316063
0.05316063
0.05316063
0.05316063
0.05316063
0.05316063
0.05316063
0.05316063
0.05316063
0.05316063
0.05316063
0.05316063
0.05316063
0.05316063
0.05316063
0.05316063
0.05316063
0.05316063
0.05316063
0.05316063
0.05316063
0.05316063
0.05316063
0.05316063
0.05316063
0.05316063
0.05316063
0.05316063
0.05316063
0.05316063
0.05316063
0.05316063
0.05316063
0.05316063
0.05316063
0.05316063
0.05316063
0.05316063
0.05316063
0.05316063
0.05316063
0.05316063
0.02123073
0.02111169
0.02099404
0.02091795
0.02087519
0.02083093
0.02077776
0.02072486
0.02067223
0.02061987
0.02056777
0.02051594
0.02046436
0.02041305
0.02036199
0.02031131
0.02026173
0.02021233
0.02016892
0.02013622
0.02011073
0.02011643
0.02012456
0.02017967
0.02026157
0.02044823
0.02170661
0.02133476
0.02097545
0.02062802
0.02029192
0.01996661
0.01965528
0.01965642
0.01965756
0.01965869
0.01965983
0.01966340
0.01966814
0.01967287
0.01967761
0.01968236
0.01968710
0.01969185
0.01969660
0.01970189
0.01970897
0.01971606
0.01972315
0.01973025
0.01973735
0.01974446
0.01975157
0.01975862
0.01976566
0.01977270
0.01977975
0.01978680
0.01979386
0.01980092
0.01980799
0.01981506
0.01982214
0.01982922
0.01983631
0.01984469
0.01985854
0.01987221
0.01988901
0.01991441
0.01993988
0.01996541
0.01999100
0.02001666
0.02004239
0.02006819
0.02009405
0.02011946
0.02014493
0.02017047
0.02019607
0.02022174
0.02024747
0.02027326
0.02030491
0.02034289
0.02038025
0.02043832
0.02051852
0.02059935
0.02068083
0.02076294
0.02084402
0.02092497
0.02102491
0.02134156
0.02171804
0.02093853
0.02083411
0.02073072
0.02062836
0.02052699
0.02042662
0.02037657
0.02034327
0.02031009
0.02027701
0.02024404
0.02021118
0.02017842
0.02014577
0.02011322
0.02008078
0.02004844
0.02001758
0.01999567
0.01997380
0.01995198
0.01993021
0.01990849
0.01988681
0.01987241
0.01986048
0.01984856
0.01983666
0.01982477
0.01981289
0.01980103
0.01978918
0.01977735
0.01976553
0.01975373
0.01974193
0.01973015
0.01972261
0.01971730
0.01971199
0.01970669
0.01970139
0.01969609
0.01969080
0.01968551
0.01968022
0.01967493
0.01966965
0.01966437
0.01965910
0.01965384
0.01964859
0.01964334
0.01963810
0.01963286
0.01962761
0.01962238
0.01961683
0.01961059
0.01960435
0.01960108
0.01960192
0.01960276
0.01960359
0.01975286
0.02006828
0.02039393
0.02073032
0.02107788
0.02143741
0.02180943
0.02035861
0.02021920
0.02015869
0.02011762
0.02011155
0.02011114
0.02014647
0.02018201
0.02022735
0.02028112
0.02033518
0.02038662
0.02043689
0.02048741
0.02053818
0.02058920
0.02064048
0.02069202
0.02074381
0.02079451
0.02084066
0.02092933
0.05254871
0.05254871
0.05254871
0.05254871
0.05254871
0.05254871
0.05254871
0.05254871
0.05254871
0.05254871
0.05254871
0.05254871
0.05254871
0.05254871
0.05254871
0.05254871
0.05254871
0.05254871
0.05254871
0.05254871
0.05254871
0.05254871
0.05254871
0.05254871
0.05254871
0.05254871
0.05254871
0.05254871
0.05254871
0.05254871
0.05254871
0.05254871
0.05254871
0.05254871
0.05254871
0.05254871
0.05254871
0.05254871
0.05254871
0.05254871
0.05254871
0.05254871
0.05254871
0.05254871
0.05254871
0.05254871
0.05254871
0.05254871
0.05254871
0.05254871
0.05254871
0.05254871
0.05254871
0.05254871
0.05254871
0.05254871
0.05254871
0.05254871
0.05254871
0.05254871
0.05254871
0.05254871
0.05254871
0.05254871
0.05254871
0.05254871
0.05254871
0.05254871
0.05254871
0.05254871
0.02089626
0.02082895
0.02077688
0.02072398
0.02067135
0.02061900
0.02056690
0.02051507
0.02046350
0.02041219
0.02036114
0.02031034
0.02025979
0.02020958
0.02016600
0.02013330
0.02010761
0.02011330
0.02012082
0.02017591
0.02025576
0.02043455
0.02170661
0.02133477
0.02097545
0.02062802
0.02029193
0.01996661
0.01965155
0.01960543
0.01960656
0.01960770
0.01960883
0.01960996
0.01961109
0.01961222
0.01961513
0.01961985
0.01962456
0.01962928
0.01963400
0.01963881
0.01964584
0.01965289
0.01965993
0.01966698
0.01967404
0.01968111
0.01968817
0.01969525
0.01970232
0.01970939
0.01971639
0.01972340
0.01973041
0.01973743
0.01974445
0.01975148
0.01975851
0.01976555
0.01977259
0.01977969
0.01979344
0.01980721
0.01982100
0.01983465
0.01984828
0.01986193
0.01987560
0.01989624
0.01992166
0.01994715
0.01997270
0.01999831
0.02002399
0.02004947
0.02007477
0.02010013
0.02012555
0.02015104
0.02017659
0.02021402
0.02025168
0.02028938
0.02032655
0.02036384
0.02040607
0.02048602
0.02056659
0.02064781
0.02072796
0.02080801
0.02090884
0.02063434
0.02053311
0.02043445
0.02036780
0.02032257
0.02028296
0.02024987
0.02021690
0.02018403
0.02015127
0.02011861
0.02008606
0.02005362
0.02002128
0.01998910
0.01995706
0.01992512
0.01989947
0.01987893
0.01986698
0.01985506
0.01984314
0.01983125
0.01981936
0.01980749
0.01979564
0.01978379
0.01977197
0.01976016
0.01974836
0.01973657
0.01972480
0.01971305
0.01970130
0.01968957
0.01967786
0.01966616
0.01965987
0.01965460
0.01964933
0.01964406
0.01963880
0.01963353
0.01962827
0.01962301
0.01961776
0.01961251
0.01960726
0.01960201
0.01959677
0.01959153
0.01958629
0.01958106
0.01957582
0.01957059
0.01956539
0.01956019
0.01955448
0.01955186
0.01955270
0.01955353
0.01955436
0.01955519
0.01955603
0.01975286
0.02006828
0.02039393
0.02073032
0.02107788
0.02143741
0.02180943
0.02035271
0.02021359
0.02015489
0.02011449
0.02010841
0.02010821
0.02014357
0.02017909
0.02022431
0.02027807
0.02032905
0.02037904
0.02042927
0.02047976
0.02053049
0.02058148
0.02063272
0.05195072
0.05195072
0.05195072
0.05195072
0.05195072
0.05195072
0.05195072
0.05195072
0.05195072
0.05195072
0.05195072
0.05195072
0.05195072
0.05195072
0.05195072
0.05195072
0.05195072
0.05195072
0.05195072
0.05195072
0.05195072
0.05195072
0.05195072
0.05195072
0.05195072
0.05195072
0.05195072
0.05195072
0.05195072
0.05195072
0.05195072
0.05195072
0.05195072
0.05195072
0.05195072
0.05195072
0.05195072
0.05195072
0.05195072
0.05195072
0.05195072
0.05195072
0.05195072
0.05195072
0.05195072
0.05195072
0.05195072
0.05195072
0.05195072
0.05195072
0.05195072
0.05195072
0.05195072
0.05195072
0.05195072
0.05195072
0.05195072
0.05195072
0.05195072
0.05195072
0.05195072
0.05195072
0.05195072
0.05195072
0.05195072
0.05195072
0.05195072
0.05195072
0.05195072
0.05195072
0.05195072
0.05195072
0.05195072
0.05195072
0.05195072
0.05195072
0.05195072
0.05195072
0.05195072
0.05195072
0.02061632
0.02056416
0.02051227
0.02046064
0.02040927
0.02035816
0.02030731
0.02025670
0.02020635
0.02016307
0.02013039
0.02010448
0.02011021
0.02011708
0.02017216
0.02024979
0.02042089
0.02170661
0.02133477
0.02097545
0.02062802
0.02029193
0.01996661
0.01965155
0.01955471
0.01955584
0.01955696
0.01955809
0.01955921
0.01956034
0.01956147
0.01956259
0.01956372
0.01956484
0.01956710
0.01957179
0.01957648
0.01958312
0.01959012
0.01959712
0.01960413
0.01961114
0.01961816
0.01962518
0.01963221
0.01963924
0.01964628
0.01965332
0.01966036
0.01966737
0.01967434
0.01968132
0.01968831
0.01969529
0.01970229
0.01970928
0.01971629
0.01972877
0.01974245
0.01975615
0.01976987
0.01978360
0.01979723
0.01981081
0.01982441
0.01983802
0.01985165
0.01986530
0.01987897
0.01990348
0.01992892
0.01995442
0.01997997
0.02000509
0.02003027
0.02005552
0.02008675
0.02012394
0.02016127
0.02019873
0.02023616
0.02027312
0.02031022
0.02034746
0.02038483
0.02045361
0.02053393
0.02061318
0.02037054
0.02032530
0.02028025
0.02023540
0.02019075
0.02015760
0.02012493
0.02009236
0.02005989
0.02002753
0.01999527
0.01996312
0.01993107
0.01989913
0.01987278
0.01985563
0.01983852
0.01982601
0.01981410
0.01980221
0.01979033
0.01977847
0.01976663
0.01975479
0.01974299
0.01973121
0.01971945
0.01970770
0.01969597
0.01968424
0.01967254
0.01966084
0.01964916
0.01963750
0.01962584
0.01961420
0.01960279
0.01959754
0.01959230
0.01958706
0.01958183
0.01957660
0.01957137
0.01956614
0.01956091
0.01955570
0.01955048
0.01954526
0.01954005
0.01953484
0.01952963
0.01952589
0.01952405
0.01952220
0.01952036
0.01951852
0.01951668
0.01951354
0.01950946
0.01950531
0.01950613
0.01950695
0.01950777
0.01950860
0.01975286
0.02006828
0.02039393
0.02073032
0.02107788
0.02143741
0.02180943
0.02034681
0.02020799
0.02015108
0.02011134
0.02010527
0.02010529
0.02014066
0.02017618
0.02022127
0.02027181
0.02032151
0.02037147
0.02304750
0.02360540
0.02419097
0.02480634
0.05136618
0.05136618
0.05136618
0.05136618
0.05136618
0.05136618
0.05136618
0.05136618
0.05136618
0.05136618
0.05136618
0.05136618
0.05136618
0.05136618
0.05136618
0.05136618
0.05136618
0.05136618
0.05136618
0.05136618
0.05136618
0.05136618
0.05136618
0.05136618
0.05136618
0.05136618
0.05136618
0.05136618
0.05136618
0.05136618
0.05136618
0.05136618
0.05136618
0.05136618
0.05136618
0.05136618
0.05136618
0.05136618
0.05136618
0.05136618
0.05136618
0.05136618
0.05136618
0.05136618
0.05136618
0.05136618
0.05136618
0.05136618
0.05136618
0.05136618
0.05136618
0.05136618
0.05136618
0.05136618
0.05136618
0.05136618
0.05136618
0.05136618
0.05136618
0.05136618
0.05136618
0.05136618
0.05136618
0.05136618
0.05136618
0.05136618
0.05136618
0.05136618
0.05136618
0.05136618
0.05136618
0.05136618
0.05136618
0.05136618
0.05136618
0.05136618
0.05136618
0.05136618
0.05136618
0.05136618
0.05136618
0.02532258
0.02467430
0.02405839
0.02347248
0.02291441
0.02035452
0.02030368
0.02025309
0.02020276
0.02016014
0.02012747
0.02010135
0.02010712
0.02011333
0.02016841
0.02024382
0.02040724
0.02170661
0.02133477
0.02097544
0.02062802
0.02029193
0.01996661
0.01965155
0.01950481
0.01950590
0.01950698
0.01950807
0.01950915
0.01951024
0.01951133
0.01951241
0.01951350
0.01951537
0.01951767
0.01951998
0.01952229
0.01952475
0.01952775
0.01953471
0.01954167
0.01954864
0.01955561
0.01956259
0.01956957
0.01957656
0.01958355
0.01959055
0.01959755
0.01960456
0.01961157
0.01961859
0.01962554
0.01963248
0.01963942
0.01964638
0.01965334
0.01966453
0.01967812
0.01969173
0.01970535
0.01971900
0.01973267
0.01974635
0.01975995
0.01977348
0.01978702
0.01980058
0.01981417
0.01982777
0.01984138
0.01985502
0.01986868
0.01988534
0.01991072
0.01993590
0.01996108
0.01999780
0.02003466
0.02007166
0.02010879
0.02014606
0.02018321
0.02021998
0.02025688
0.02029392
0.02033110
0.02036841
0.02023810
0.02019344
0.02014898
0.02010471
0.02006616
0.02003378
0.02000151
0.01996933
0.01993727
0.01990530
0.01987559
0.01985844
0.01984132
0.01982423
0.01980717
0.01979014
0.01977350
0.01976165
0.01974983
0.01973801
0.01972621
0.01971443
0.01970266
0.01969090
0.01967916
0.01966743
0.01965571
0.01964401
0.01963232
0.01962065
0.01960899
0.01959735
0.01958571
0.01957410
0.01956252
0.01955095
0.01954082
0.01953561
0.01953040
0.01952580
0.01952395
0.01952211
0.01952027
0.01951842
0.01951658
0.01951474
0.01951290
0.01951105
0.01950921
0.01950737
0.01950553
0.01950369
0.01950185
0.01950002
0.01949818
0.01949634
0.01949450
0.01949127
0.01948719
0.01948312
0.01947904
0.01947497
0.01947090
0.01946758
0.01975286
0.02006828
0.02039393
0.02073032
0.02107788
0.02143741
0.02180943
0.02096871
0.02096198
0.02095498
0.02010820
0.02010213
0.02010239
0.02096341
0.02099921
0.02109568
0.02145450
0.02201929
0.02252863
0.02306178
0.02362038
0.02420671
0.02482289
0.05079464
0.05079464
0.05079464
0.05079464
0.05079464
0.05079464
0.05079464
0.05079464
0.05079464
0.05079464
0.05079464
0.05079464
0.05079464
0.05079464
0.05079464
0.05079464
0.05079464
0.05079464
0.05079464
0.05079464
0.05079464
0.05079464
0.05079464
0.05079464
0.05079464
0.05079464
0.05079464
0.05079464
0.05079464
0.05079464
0.05079464
0.05079464
0.05079464
0.05079464
0.05079464
0.05079464
0.05079464
0.05079464
0.05079464
0.05079464
0.05079464
0.05079464
0.05079464
0.05079464
0.05079464
0.05079464
0.05079464
0.05079464
0.05079464
0.05079464
0.05079464
0.05079464
0.05079464
0.05079464
0.05079464
0.05079464
0.05079464
0.05079464
0.05079464
0.05079464
0.05079464
0.05079464
0.05079464
0.05079464
0.05079464
0.05079464
0.05079464
0.05079464
0.05079464
0.05079464
0.05079464
0.05079464
0.05079464
0.05079464
0.05079464
0.05079464
0.05079464
0.05079464
0.05079464
0.05079464
0.05079464
0.02534003
0.02469086
0.02407414
0.02348747
0.02292868
0.02239633
0.02188843
0.02127318
0.02106511
0.02099041
0.02012456
0.02009821
0.02010403
0.02011011
0.02095811
0.02096132
0.02209165
0.02170661
0.02133476
0.02097544
0.02062803
0.02029193
0.01996661
0.01965154
0.01947410
0.01947489
0.01947710
0.01947940
0.01948169
0.01948399
0.01948629
0.01948859
0.01949088
0.01949318
0.01949548
0.01949778
0.01950008
0.01950255
0.01950504
0.01950752
0.01950997
0.01951241
0.01951485
0.01951729
0.01951973
0.01952218
0.01952462
0.01952817
0.01953513
0.01954210
0.01954906
0.01955603
0.01956301
0.01957000
0.01957696
0.01958387
0.01959079
0.01960070
0.01961420
0.01962772
0.01964126
0.01965482
0.01966839
0.01968199
0.01969560
0.01970924
0.01972281
0.01973629
0.01974978
0.01976329
0.01977682
0.01979037
0.01980394
0.01981753
0.01983113
0.01984475
0.01985839
0.01987536
0.01990964
0.01994617
0.01998284
0.02001965
0.02005659
0.02009367
0.02013053
0.02016711
0.02020383
0.02024067
0.02010737
0.02006328
0.02001939
0.01997569
0.01994347
0.01991148
0.01987960
0.01986126
0.01984413
0.01982704
0.01980997
0.01979294
0.01977593
0.01975895
0.01974201
0.01972509
0.01970949
0.01969772
0.01968597
0.01967423
0.01966251
0.01965080
0.01963911
0.01962743
0.01961575
0.01960411
0.01959246
0.01958084
0.01956922
0.01955763
0.01954604
0.01953447
0.01952478
0.01952073
0.01951669
0.01951265
0.01950917
0.01950732
0.01950546
0.01950361
0.01950176
0.01949992
0.01949808
0.01949624
0.01949440
0.01949256
0.01949073
0.01948889
0.01948705
0.01948521
0.01948338
0.01948154
0.01947971
0.01947787
0.01947604
0.01947420
0.01947237
0.01946906
0.01946499
0.01946092
0.01945685
0.01945279
0.01945136
0.01945080
0.01975286
0.02006828
0.02039393
0.02073033
0.02107788
0.02143741
0.02180943
0.02100310
0.02100315
0.02100110
0.02099554
0.02099602
0.02099650
0.02100418
0.02104368
0.02115566
0.02154495
0.02203234
0.02254230
0.02307607
0.02363538
0.02422246
0.02483946
0.05023570
0.05023570
0.05023570
0.05023570
0.05023570
0.05023570
0.05023570
0.05023570
0.05023570
0.05023570
0.05023570
0.05023570
0.05023570
0.05023570
0.05023570
0.05023570
0.05023570
0.05023570
0.05023570
0.05023570
0.05023570
0.05023570
0.05023570
0.05023570
0.05023570
0.05023570
0.05023570
0.05023570
0.05023570
0.05023570
0.05023570
0.05023570
0.05023570
0.05023570
0.05023570
0.05023570
0.05023570
0.05023570
0.05023570
0.05023570
0.05023570
0.05023570
0.05023570
0.05023570
0.05023570
0.05023570
0.05023570
0.05023570
0.05023570
0.05023570
0.05023570
0.05023570
0.05023570
0.05023570
0.05023570
0.05023570
0.05023570
0.05023570
0.05023570
0.05023570
0.05023570
0.05023570
0.05023570
0.05023570
0.05023570
0.05023570
0.05023570
0.05023570
0.05023570
0.05023570
0.05023570
0.05023570
0.05023570
0.05023570
0.05023570
0.05023570
0.05023570
0.05023570
0.05023570
0.05023570
0.05023570
0.02535749
0.02470745
0.02408990
0.02350247
0.02294297
0.02240990
0.02190139
0.02141544
0.02111836
0.02103049
0.02099684
0.02099636
0.02099588
0.02099622
0.02100441
0.02100728
0.02209165
0.02170661
0.02133476
0.02097544
0.02062803
0.02029193
0.01996661
0.01965154
0.01945576
0.01945654
0.01945733
0.01945811
0.01945958
0.01946187
0.01946417
0.01946646
0.01946875
0.01947105
0.01947334
0.01947564
0.01947793
0.01948039
0.01948287
0.01948534
0.01948782
0.01949030
0.01949276
0.01949520
0.01949764
0.01950008
0.01950252
0.01950496
0.01950739
0.01950984
0.01951227
0.01951472
0.01951716
0.01951960
0.01952204
0.01952449
0.01952860
0.01953728
0.01955069
0.01956413
0.01957758
0.01959105
0.01960454
0.01961805
0.01963157
0.01964512
0.01965868
0.01967226
0.01968581
0.01969924
0.01971268
0.01972614
0.01973962
0.01975312
0.01976663
0.01978017
0.01979372
0.01980962
0.01982886
0.01984798
0.01986707
0.01989481
0.01993129
0.01996790
0.02000465
0.02004154
0.02007813
0.02011452
0.01997832
0.01993480
0.01989146
0.01986407
0.01984694
0.01982984
0.01981277
0.01979573
0.01977872
0.01976174
0.01974478
0.01972786
0.01971097
0.01969410
0.01967726
0.01966046
0.01964589
0.01963420
0.01962253
0.01961087
0.01959922
0.01958758
0.01957596
0.01956436
0.01955277
0.01954119
0.01952962
0.01952291
0.01951886
0.01951482
0.01951078
0.01950674
0.01950270
0.01949866
0.01949462
0.01949059
0.01948709
0.01948524
0.01948339
0.01948153
0.01947968
0.01947783
0.01947598
0.01947413
0.01947228
0.01947044
0.01946861
0.01946677
0.01946494
0.01946311
0.01946128
0.01945945
0.01945761
0.01945578
0.01945395
0.01945212
0.01945029
0.01944689
0.01944283
0.01943877
0.01943574
0.01943517
0.01943461
0.01944721
0.01975286
0.02006828
0.02039393
0.02073033
0.02107788
0.02143741
0.02180943
0.02102634
0.02102608
0.02102583
0.02102561
0.02102568
0.02102575
0.02103019
0.02106922
0.02118724
0.02155745
0.02204542
0.02255598
0.02309037
0.02365040
0.02423824
0.02485604
0.04968891
0.04968891
0.04968891
0.04968891
0.04968891
0.04968891
0.04968891
0.04968891
0.04968891
0.04968891
0.04968891
0.04968891
0.04968891
0.04968891
0.04968891
0.04968891
0.04968891
0.04968891
0.04968891
0.04968891
0.04968891
0.04968891
0.04968891
0.04968891
0.04968891
0.04968891
0.04968891
0.04968891
0.04968891
0.04968891
0.04968891
0.04968891
0.04968891
0.04968891
0.04968891
0.04968891
0.04968891
0.04968891
0.04968891
0.04968891
0.04968891
0.04968891
0.04968891
0.04968891
0.04968891
0.04968891
0.04968891
0.04968891
0.04968891
0.04968891
0.04968891
0.04968891
0.04968891
0.04968891
0.04968891
0.04968891
0.04968891
0.04968891
0.04968891
0.04968891
0.04968891
0.04968891
0.04968891
0.04968891
0.04968891
0.04968891
0.04968891
0.04968891
0.04968891
0.04968891
0.04968891
0.04968891
0.04968891
0.04968891
0.04968891
0.04968891
0.04968891
0.04968891
0.04968891
0.04968891
0.04968891
0.02537498
0.02472406
0.02410569
0.02351750
0.02295727
0.02242349
0.02191437
0.02142785
0.02114226
0.02105388
0.02102581
0.02102573
0.02102566
0.02102564
0.02102590
0.02102616
0.02209165
0.02170661
0.02133476
0.02097544
0.02062803
0.02029193
0.01996660
0.01965154
0.01943745
0.01943823
0.01943901
0.01943980
0.01944058
0.01944136
0.01944215
0.01944438
0.01944667
0.01944896
0.01945125
0.01945354
0.01945583
0.01945828
0.01946075
0.01946322
0.01946569
0.01946816
0.01947063
0.01947311
0.01947558
0.01947803
0.01948046
0.01948290
0.01948533
0.01948776
0.01949020
0.01949264
0.01949507
0.01949751
0.01949995
0.01950239
0.01950482
0.01950788
0.01951252
0.01951717
0.01952180
0.01952770
0.01954110
0.01955452
0.01956796
0.01958141
0.01959489
0.01960838
0.01962190
0.01963542
0.01964895
0.01966233
0.01967572
0.01968913
0.01970256
0.01971601
0.01972947
0.01974425
0.01976336
0.01978250
0.01980167
0.01982067
0.01983970
0.01985877
0.01988000
0.01991643
0.01995299
0.01998968
0.01986270
0.01984015
0.01981764
0.01979874
0.01978169
0.01976467
0.01974767
0.01973071
0.01971377
0.01969687
0.01968002
0.01966321
0.01964643
0.01962967
0.01961295
0.01959625
0.01958270
0.01957109
0.01955949
0.01954790
0.01953633
0.01952509
0.01952104
0.01951700
0.01951295
0.01950891
0.01950487
0.01950083
0.01949679
0.01949276
0.01948872
0.01948469
0.01948066
0.01947663
0.01947261
0.01946858
0.01946506
0.01946321
0.01946136
0.01945951
0.01945767
0.01945582
0.01945397
0.01945213
0.01945028
0.01944844
0.01944660
0.01944475
0.01944291
0.01944106
0.01943923
0.01943740
0.01943557
0.01943374
0.01943192
0.01943009
0.01942827
0.01942477
0.01942072
0.01941957
0.01941901
0.01941844
0.01941789
0.01944721
0.01975286
0.02006828
0.02039393
0.02073033
0.02107788
0.02143741
0.02180943
0.02103314
0.02103288
0.02103263
0.02103242
0.02103248
0.02103256
0.02103737
0.02107697
0.02119668
0.02156996
0.02205850
0.02256968
0.02310469
0.02366544
0.02425403
0.02487266
0.04915391
0.04915391
0.04915391
0.04915391
0.04915391
0.04915391
0.04915391
0.04915391
0.04915391
0.04915391
0.04915391
0.04915391
0.04915391
0.04915391
0.04915391
0.04915391
0.04915391
0.04915391
0.04915391
0.04915391
0.04915391
0.04915391
0.04915391
0.04915391
0.04915391
0.04915391
0.04915391
0.04915391
0.04915391
0.04915391
0.04915391
0.04915391
0.04915391
0.04915391
0.04915391
0.04915391
0.04915391
0.04915391
0.04915391
0.04915391
0.04915391
0.04915391
0.04915391
0.04915391
0.04915391
0.04915391
0.04915391
0.04915391
0.04915391
0.04915391
0.04915391
0.04915391
0.04915391
0.04915391
0.04915391
0.04915391
0.04915391
0.04915391
0.04915391
0.04915391
0.04915391
0.04915391
0.04915391
0.04915391
0.04915391
0.04915391
0.04915391
0.04915391
0.04915391
0.04915391
0.04915391
0.04915391
0.04915391
0.04915391
0.04915391
0.04915391
0.04915391
0.04915391
0.04915391
0.04915391
0.04915391
0.04915391
0.02474068
0.02412149
0.02353254
0.02297160
0.02243710
0.02192737
0.02144028
0.02115022
0.02106103
0.02103261
0.02103254
0.02103247
0.02103245
0.02103270
0.02103296
0.02209165
0.02170661
0.02133476
0.02097544
0.02062803
0.02029193
0.01996660
0.01965154
0.01941917
0.01941995
0.01942074
0.01942152
0.01942230
0.01942308
0.01942386
0.01942465
0.01942543
0.01942693
0.01942921
0.01943149
0.01943378
0.01943622
0.01943868
0.01944115
0.01944361
0.01944608
0.01944855
0.01945102
0.01945348
0.01945595
0.01945842
0.01946088
0.01946331
0.01946574
0.01946817
0.01947060
0.01947303
0.01947546
0.01947790
0.01948033
0.01948276
0.01948589
0.01949053
0.01949516
0.01949980
0.01950444
0.01950907
0.01951370
0.01951834
0.01952298
0.01953151
0.01954492
0.01955834
0.01957178
0.01958525
0.01959873
0.01961223
0.01962556
0.01963890
0.01965226
0.01966564
0.01967931
0.01969830
0.01971731
0.01973637
0.01975546
0.01977448
0.01979343
0.01981241
0.01983144
0.01985049
0.01986959
0.01979640
0.01977400
0.01975164
0.01973386
0.01971691
0.01970000
0.01968312
0.01966626
0.01964943
0.01963264
0.01961587
0.01959913
0.01958241
0.01956573
0.01954908
0.01953246
0.01952322
0.01951917
0.01951513
0.01951109
0.01950704
0.01950300
0.01949896
0.01949493
0.01949090
0.01948686
0.01948283
0.01947880
0.01947477
0.01947075
0.01946672
0.01946270
0.01945868
0.01945466
0.01945064
0.01944663
0.01944307
0.01944123
0.01943938
0.01943754
0.01943570
0.01943386
0.01943202
0.01943018
0.01942833
0.01942649
0.01942465
0.01942281
0.01942097
0.01941913
0.01941729
0.01941545
0.01941362
0.01941178
0.01940994
0.01940811
0.01940629
0.01940400
0.01940343
0.01940287
0.01940231
0.01940175
0.01940119
0.01944721
0.01975286
0.02006828
0.02039393
0.02073033
0.02107788
0.02143741
0.02180943
0.02103995
0.02103969
0.02103944
0.02103923
0.02103930
0.02103937
0.02104456
0.02108471
0.02120612
0.02158249
0.02207161
0.02258340
0.02311903
0.02368049
0.02426985
0.02488929
0.04863029
0.04863029
0.04863029
0.04863029
0.04863029
0.04863029
0.04863029
0.04863029
0.04863029
0.04863029
0.04863029
0.04863029
0.04863029
0.04863029
0.04863029
0.04863029
0.04863029
0.04863029
0.04863029
0.04863029
0.04863029
0.04863029
0.04863029
0.04863029
0.04863029
0.04863029
0.04863029
0.04863029
0.04863029
0.04863029
0.04863029
0.04863029
0.04863029
0.04863029
0.04863029
0.04863029
0.04863029
0.04863029
0.04863029
0.04863029
0.04863029
0.04863029
0.04863029
0.04863029
0.04863029
0.04863029
0.04863029
0.04863029
0.04863029
0.04863029
0.04863029
0.04863029
0.04863029
0.04863029
0.04863029
0.04863029
0.04863029
0.04863029
0.04863029
0.04863029
0.04863029
0.04863029
0.04863029
0.04863029
0.04863029
0.04863029
0.04863029
0.04863029
0.04863029
0.04863029
0.04863029
0.04863029
0.04863029
0.04863029
0.04863029
0.04863029
0.04863029
0.04863029
0.04863029
0.04863029
0.04863029
0.04863029
0.02475734
0.02413733
0.02354761
0.02298594
0.02245072
0.02194038
0.02145272
0.02115818
0.02106818
0.02103942
0.02103935
0.02103928
0.02103926
0.02103951
0.02103977
0.02209166
0.02170661
0.02133476
0.02097545
0.02062803
0.02029192
0.01996660
0.01965154
0.01940093
0.01940171
0.01940249
0.01940327
0.01940405
0.01940483
0.01940561
0.01940639
0.01940717
0.01940795
0.01940873
0.01940951
0.01941177
0.01941421
0.01941667
0.01941913
0.01942158
0.01942405
0.01942651
0.01942897
0.01943143
0.01943390
0.01943636
0.01943882
0.01944129
0.01944376
0.01944620
0.01944862
0.01945105
0.01945347
0.01945590
0.01945833
0.01946075
0.01946395
0.01946858
0.01947320
0.01947783
0.01948246
0.01948710
0.01949173
0.01949635
0.01950098
0.01950561
0.01951024
0.01951487
0.01951951
0.01952415
0.01953532
0.01954874
0.01956216
0.01957561
0.01958892
0.01960221
0.01961552
0.01963366
0.01965255
0.01967148
0.01969045
0.01970945
0.01972849
0.01974737
0.01976627
0.01978520
0.01980417
0.01973054
0.01970829
0.01968625
0.01966939
0.01965256
0.01963575
0.01961898
0.01960224
0.01958552
0.01956883
0.01955217
0.01953554
0.01952273
0.01951704
0.01951135
0.01950567
0.01950120
0.01949716
0.01949311
0.01948907
0.01948503
0.01948100
0.01947696
0.01947293
0.01946890
0.01946487
0.01946084
0.01945682
0.01945280
0.01944879
0.01944477
0.01944076
0.01943674
0.01943273
0.01942872
0.01942472
0.01942114
0.01941930
0.01941746
0.01941562
0.01941379
0.01941195
0.01941011
0.01940827
0.01940643
0.01940460
0.01940276
0.01940092
0.01939998
0.01939998
0.01939998
0.01939998
0.01939998
0.01939998
0.01939998
0.01939998
0.01939998
0.01939998
0.01939998
0.01939998
0.01939998
0.01939998
0.01939998
0.01944721
0.01975286
0.02006828
0.02039393
0.02073033
0.02107788
0.02143741
0.02180943
0.02104676
0.02104650
0.02104625
0.02104605
0.02104611
0.02104619
0.02105175
0.02109247
0.02121557
0.02159504
0.02208473
0.02259714
0.02313339
0.02369557
0.02428569
0.02490594
0.04811773
0.04811773
0.04811773
0.04811773
0.04811773
0.04811773
0.04811773
0.04811773
0.04811773
0.04811773
0.04811773
0.04811773
0.04811773
0.04811773
0.04811773
0.04811773
0.04811773
0.04811773
0.04811773
0.04811773
0.04811773
0.04811773
0.04811773
0.04811773
0.04811773
0.04811773
0.04811773
0.04811773
0.04811773
0.04811773
0.04811773
0.04811773
0.04811773
0.04811773
0.04811773
0.04811773
0.04811773
0.04811773
0.04811773
0.04811773
0.04811773
0.04811773
0.04811773
0.04811773
0.04811773
0.04811773
0.04811773
0.04811773
0.04811773
0.04811773
0.04811773
0.04811773
0.04811773
0.04811773
0.04811773
0.04811773
0.04811773
0.04811773
0.04811773
0.04811773
0.04811773
0.04811773
0.04811773
0.04811773
0.04811773
0.04811773
0.04811773
0.04811773
0.04811773
0.04811773
0.04811773
0.04811773
0.04811773
0.04811773
0.04811773
0.04811773
0.04811773
0.04811773
0.04811773
0.04811773
0.04811773
0.04811773
0.02477401
0.02415317
0.02356269
0.02300030
0.02246436
0.02195341
0.02146517
0.02116616
0.02107535
0.02104624
0.02104617
0.02104610
0.02104609
0.02104632
0.02104658
0.02209166
0.02170661
0.02133476
0.02097545
0.02062803
0.02029192
0.01996660
0.01965154
0.01939998
0.01939998
0.01939998
0.01939998
0.01939998
0.01939998
0.01939998
0.01939998
0.01939998
0.01939998
0.01939998
0.01939998
0.01939998
0.01939998
0.01939998
0.01939998
0.01939998
0.01940206
0.01940452
0.01940697
0.01940943
0.01941189
0.01941435
0.01941681
0.01941927
0.01942173
0.01942419
0.01942665
0.01942911
0.01943153
0.01943395
0.01943637
0.01943879
0.01944206
0.01944668
0.01945129
0.01945591
0.01946053
0.01946516
0.01946978
0.01947441
0.01947903
0.01948365
0.01948828
0.01949290
0.01949752
0.01950215
0.01950678
0.01951141
0.01951605
0.01952068
0.01952574
0.01953914
0.01955242
0.01956944
0.01958821
0.01960702
0.01962586
0.01964474
0.01966365
0.01968260
0.01970153
0.01972033
0.01973918
0.01966513
0.01964301
0.01962209
0.01960534
0.01958862
0.01957193
0.01955526
0.01953863
0.01952361
0.01951792
0.01951223
0.01950654
0.01950086
0.01949518
0.01948950
0.01948383
0.01947924
0.01947521
0.01947117
0.01946714
0.01946311
0.01945908
0.01945506
0.01945103
0.01944701
0.01944299
0.01943897
0.01943495
0.01943093
0.01942692
0.01942291
0.01941889
0.01941489
0.01941088
0.01940687
0.01940287
0.01939998
0.01939998
0.01939998
0.01939998
0.01939998
0.01939998
0.01939998
0.01939998
0.01939998
0.01939998
0.01939998
0.01939998
0.01939998
0.01939998
0.01939998
0.01939998
0.01939998
0.01939998
0.01939998
0.01939998
0.01939998
0.01939998
0.01939998
0.01939998
0.01939998
0.01939998
0.01939998
0.01944721
0.01975286
0.02006828
0.02039393
0.02073033
0.02107788
0.02143741
0.02180943
0.02105358
0.02105332
0.02105306
0.02105287
0.02105293
0.02105301
0.02105895
0.02110022
0.02122504
0.02160759
0.02209786
0.02261089
0.02314777
0.02371066
0.02430154
0.02492262
0.04761584
0.04761584
0.04761584
0.04761584
0.04761584
0.04761584
0.04761584
0.04761584
0.04761584
0.04761584
0.04761584
0.04761584
0.04761584
0.04761584
0.04761584
0.04761584
0.04761584
0.04761584
0.04761584
0.04761584
0.04761584
0.04761584
0.04761584
0.04761584
0.04761584
0.04761584
0.04761584
0.04761584
0.04761584
0.04761584
0.04761584
0.04761584
0.04761584
0.04761584
0.04761584
0.04761584
0.04761584
0.04761584
0.04761584
0.04761584
0.04761584
0.04761584
0.04761584
0.04761584
0.04761584
0.04761584
0.04761584
0.04761584
0.04761584
0.04761584
0.04761584
0.04761584
0.04761584
0.04761584
0.04761584
0.04761584
0.04761584
0.04761584
0.04761584
0.04761584
0.04761584
0.04761584
0.04761584
0.04761584
0.04761584
0.04761584
0.04761584
0.04761584
0.04761584
0.04761584
0.04761584
0.04761584
0.04761584
0.04761584
0.04761584
0.04761584
0.04761584
0.04761584
0.04761584
0.04761584
0.04761584
0.04761584
0.02479071
0.02416904
0.02357779
0.02301468
0.02247802
0.02196645
0.02147764
0.02117414
0.02108251
0.02105306
0.02105299
0.02105292
0.02105292
0.02105314
0.02105339
0.02209166
0.02170661
0.02133476
0.02097545
0.02062803
0.02029192
0.01996660
0.01965166
0.01939998
0.01939998
0.01939998
0.01939998
0.01939998
0.01939998
0.01939998
0.01939998
0.01939998
0.01939998
0.01939998
0.01939998
0.01939998
0.01939998
0.01939998
0.01939998
0.01939998
0.01939998
0.01939998
0.01939998
0.01939998
0.01939998
0.01939998
0.01939998
0.01939998
0.01939998
0.01940220
0.01940466
0.01940711
0.01940957
0.01941203
0.01941446
0.01941688
0.01942022
0.01942483
0.01942943
0.01943404
0.01943865
0.01944327
0.01944788
0.01945250
0.01945711
0.01946174
0.01946636
0.01947097
0.01947558
0.01948020
0.01948482
0.01948944
0.01949406
0.01949869
0.01950332
0.01950795
0.01951258
0.01951833
0.01952461
0.01954298
0.01956169
0.01958045
0.01959924
0.01961807
0.01963693
0.01965583
0.01967462
0.01960014
0.01957817
0.01955836
0.01954171
0.01952510
0.01951879
0.01951310
0.01950742
0.01950173
0.01949605
0.01949037
0.01948470
0.01947903
0.01947336
0.01946770
0.01946204
0.01945733
0.01945331
0.01944929
0.01944526
0.01944124
0.01943722
0.01943320
0.01942919
0.01942517
0.01942116
0.01941715
0.01941314
0.01940914
0.01940513
0.01940112
0.01939998
0.01939998
0.01939998
0.01939998
0.01939998
0.01939998
0.01939998
0.01939998
0.01939998
0.01939998
0.01939998
0.01939998
0.01939998
0.01939998
0.01939998
0.01939998
0.01939998
0.01939998
0.01939998
0.01939998
0.01939998
0.01939998
0.01939998
0.01939998
0.01939998
0.01939998
0.01939998
0.01939998
0.01939998
0.01939998
0.01939998
0.01939998
0.01944721
0.01975286
0.02006828
0.02039393
0.02073033
0.02107788
0.02143741
0.02180943
0.02106040
0.02106014
0.02105988
0.02105971
0.02105976
0.02105983
0.02106615
0.02110799
0.02123451
0.02162017
0.02211101
0.02262463
0.02316216
0.02372578
0.02431742
0.02493932
0.04712433
0.04712433
0.04712433
0.04712433
0.04712433
0.04712433
0.04712433
0.04712433
0.04712433
0.04712433
0.04712433
0.04712433
0.04712433
0.04712433
0.04712433
0.04712433
0.04712433
0.04712433
0.04712433
0.04712433
0.04712433
0.04712433
0.04712433
0.04712433
0.04712433
0.04712433
0.04712433
0.04712433
0.04712433
0.04712433
0.04712433
0.04712433
0.04712433
0.04712433
0.04712433
0.04712433
0.04712433
0.04712433
0.04712433
0.04712433
0.04712433
0.04712433
0.04712433
0.04712433
0.04712433
0.04712433
0.04712433
0.04712433
0.04712433
0.04712433
0.04712433
0.04712433
0.04712433
0.04712433
0.04712433
0.04712433
0.04712433
0.04712433
0.04712433
0.04712433
0.04712433
0.04712433
0.04712433
0.04712433
0.04712433
0.04712433
0.04712433
0.04712433
0.04712433
0.04712433
0.04712433
0.04712433
0.04712433
0.04712433
0.04712433
0.04712433
0.04712433
0.04712433
0.04712433
0.04712433
0.04712433
0.04712433
0.02480743
0.02418493
0.02359292
0.02302907
0.02249169
0.02197951
0.02149012
0.02118212
0.02108968
0.02105988
0.02105981
0.02105974
0.02105975
0.02105996
0.02106022
0.02209166
0.02170661
0.02133476
0.02097545
0.02062802
0.02029192
0.01996660
0.01965166
0.01939998
0.01939998
0.01939998
0.01939998
0.01939998
0.01939998
0.01939998
0.01939998
0.01939998
0.01939998
0.01939998
0.01939998
0.01939998
0.01939998
0.01939998
0.01939998
0.01939998
0.01939998
0.01939998
0.01939998
0.01939998
0.01939998
0.01939998
0.01939998
0.01939998
0.01939998
0.01939998
0.01939998
0.01939998
0.01939998
0.01939998
0.01939992
0.01939992
0.01939992
0.01940303
0.01940762
0.01941222
0.01941682
0.01942142
0.01942603
0.01943063
0.01943524
0.01943986
0.01944447
0.01944908
0.01945369
0.01945830
0.01946291
0.01946752
0.01947213
0.01947675
0.01948137
0.01948599
0.01949061
0.01949651
0.01950289
0.01950921
0.01951547
0.01952173
0.01953525
0.01955396
0.01957269
0.01959147
0.01961028
0.01953575
0.01952054
0.01951401
0.01950830
0.01950261
0.01949693
0.01949125
0.01948557
0.01947990
0.01947423
0.01946857
0.01946291
0.01945725
0.01945159
0.01944594
0.01944030
0.01943547
0.01943146
0.01942744
0.01942343
0.01941941
0.01941541
0.01941140
0.01940739
0.01940339
0.01939998
0.01939998
0.01939998
0.01939998
0.01939998
0.01939998
0.01939998
0.01939998
0.01939998
0.01939998
0.01939998
0.01939998
0.01939998
0.01939998
0.01939998
0.01939998
0.01939998
0.01939998
0.01939998
0.01939998
0.01939998
0.01939998
0.01939998
0.01939998
0.01939998
0.01939998
0.01939998
0.01939998
0.01939998
0.01939998
0.01939998
0.01939998
0.01939998
0.01939998
0.01939998
0.01939998
0.01939998
0.01939998
0.01944721
0.01975286
0.02006828
0.02039393
0.02073033
0.02107788
0.02143741
0.02180943
0.02106722
0.02106696
0.02106670
0.02106654
0.02106658
0.02106666
0.02107336
0.02111576
0.02124398
0.02163275
0.02212417
0.02263838
0.02317658
0.02374091
0.02433332
0.02495605
0.04664284
0.04664284
0.04664284
0.04664284
0.04664284
0.04664284
0.04664284
0.04664284
0.04664284
0.04664284
0.04664284
0.04664284
0.04664284
0.04664284
0.04664284
0.04664284
0.04664284
0.04664284
0.04664284
0.04664284
0.04664284
0.04664284
0.04664284
0.04664284
0.04664284
0.04664284
0.04664284
0.04664284
0.04664284
0.04664284
0.04664284
0.04664284
0.04664284
0.04664284
0.04664284
0.04664284
0.04664284
0.04664284
0.04664284
0.04664284
0.04664284
0.04664284
0.04664284
0.04664284
0.04664284
0.04664284
0.04664284
0.04664284
0.04664284
0.04664284
0.04664284
0.04664284
0.04664284
0.04664284
0.04664284
0.04664284
0.04664284
0.04664284
0.04664284
0.04664284
0.04664284
0.04664284
0.04664284
0.04664284
0.04664284
0.04664284
0.04664284
0.04664284
0.04664284
0.04664284
0.04664284
0.04664284
0.04664284
0.04664284
0.04664284
0.04664284
0.04664284
0.04664284
0.04664284
0.04664284
0.04664284
0.04664284
0.02482417
0.02420084
0.02360806
0.02304349
0.02250538
0.02199258
0.02150262
0.02119011
0.02109686
0.02106671
0.02106664
0.02106657
0.02106659
0.02106678
0.02106704
0.02209165
0.02170661
0.02133476
0.02097545
0.02062802
0.02029192
0.01996672
0.01965166
0.01939998
0.01939998
0.01939998
0.01939998
0.01939998
0.01939998
0.01939998
0.01939998
0.01939998
0.01939998
0.01939998
0.01939998
0.01939998
0.01939998
0.01939998
0.01939998
0.01939998
0.01939998
0.01939998
0.01939998
0.01939998
0.01939992
0.01939992
0.01939992
0.01939992
0.01939992
0.01939992
0.01939992
0.01939992
0.01939992
0.01939992
0.01939992
0.01939992
0.01939992
0.01939992
0.01939992
0.01939992
0.01939992
0.01939992
0.01940422
0.01940882
0.01941342
0.01941802
0.01942262
0.01942723
0.01943183
0.01943644
0.01944105
0.01944565
0.01945025
0.01945486
0.01945946
0.01946407
0.01946869
0.01947474
0.01948109
0.01948746
0.01949383
0.01950008
0.01950633
0.01951259
0.01951885
0.01952753
0.01954622
0.01950628
0.01949896
0.01949225
0.01948656
0.01948087
0.01947519
0.01946951
0.01946383
0.01945816
0.01945249
0.01944683
0.01944116
0.01943552
0.01942988
0.01942424
0.01941860
0.01941366
0.01940965
0.01940565
0.01940164
0.01939998
0.01939998
0.01939998
0.01939998
0.01939998
0.01939998
0.01939998
0.01939998
0.01939998
0.01939998
0.01939998
0.01939998
0.01939998
0.01939998
0.01939998
0.01939998
0.01939998
0.01939998
0.01939998
0.01939998
0.01939998
0.01939998
0.02765517
0.02766366
0.02767215
0.02768065
0.01939998
0.01939998
0.01939998
0.01939998
0.01939998
0.01939998
0.01939998
0.01939998
0.01939998
0.01939998
0.01939998
0.01939998
0.01939998
0.01939998
0.01939998
0.01939998
0.01939998
0.01944721
0.01975286
0.02006828
0.02039393
0.02073033
0.02107788
0.02143741
0.02180943
0.02107405
0.02107379
0.02107354
0.02107339
0.02107342
0.02107349
0.02108057
0.02112354
0.02125347
0.02164536
0.02213736
0.02265215
0.02319101
0.02375607
0.02434923
0.02497279
0.04617111
0.04617111
0.04617111
0.04617111
0.04617111
0.04617111
0.04617111
0.04617111
0.04617111
0.04617111
0.04617111
0.04617111
0.04617111
0.04617111
0.04617111
0.04617111
0.04617111
0.04617111
0.04617111
0.04617111
0.04617111
0.04617111
0.04617111
0.04617111
0.04617111
0.04617111
0.04617111
0.04617111
0.04617111
0.04617111
0.04617111
0.04617111
0.04617111
0.04617111
0.04617111
0.04617111
0.04617111
0.04617111
0.04617111
0.04617111
0.04617111
0.04617111
0.04617111
0.04617111
0.04617111
0.04617111
0.04617111
0.04617111
0.04617111
0.04617111
0.04617111
0.04617111
0.04617111
0.04617111
0.04617111
0.04617111
0.04617111
0.04617111
0.04617111
0.04617111
0.04617111
0.04617111
0.04617111
0.04617111
0.04617111
0.04617111
0.04617111
0.04617111
0.04617111
0.04617111
0.04617111
0.04617111
0.04617111
0.04617111
0.04617111
0.04617111
0.04617111
0.04617111
0.04617111
0.04617111
0.04617111
0.04617111
0.02484093
0.02421677
0.02362322
0.02305792
0.02251909
0.02200567
0.02151513
0.02119810
0.02110404
0.02107354
0.02107347
0.02107340
0.02107343
0.02107361
0.02107387
0.02209165
0.02170661
0.02133477
0.02097544
0.02062802
0.02029192
0.01996672
0.01965166
0.01939998
0.01939998
0.01939998
0.01939998
0.01939998
0.01939998
0.01939998
0.01939998
0.01939998
0.01939998
0.01939998
0.01939998
0.01939998
0.01939998
0.01939998
0.01939998
0.01939998
0.01939998
0.02767956
0.02767106
0.02766257
0.02765408
0.02764561
0.02763713
0.01939992
0.01939992
0.01939992
0.01939992
0.01939992
0.01939992
0.01939992
0.01939992
0.01939992
0.01939992
0.01939992
0.01939992
0.01939992
0.01939992
0.01939992
0.01939992
0.01939992
0.01939992
0.01939992
0.01940082
0.01940542
0.01941001
0.01941461
0.01941922
0.01942382
0.01942842
0.01943301
0.01943761
0.01944221
0.01944681
0.01945301
0.01945936
0.01946570
0.01947206
0.01947842
0.01948471
0.01949096
0.01949720
0.01950345
0.01950971
0.01948473
0.01947742
0.01947054
0.01946487
0.01945919
0.01945352
0.01944785
0.01944219
0.01943653
0.01943087
0.01942522
0.01941957
0.01941392
0.01940827
0.01940263
0.01939998
0.01939998
0.01939998
0.01939998
0.01939998
0.01939998
0.01939998
0.01939998
0.01939998
0.01939998
0.01939998
0.01939998
0.01939998
0.01939998
0.01939998
0.01939998
0.01939998
0.01939998
0.01939998
0.01939998
0.01939998
0.01939998
0.02761313
0.02762154
0.02762994
0.02763836
0.02764678
0.02765520
0.02766366
0.02767215
0.02768064
0.01939998
0.01939998
0.01939998
0.01939998
0.01939998
0.01939998
0.01939998
0.01939998
0.01939998
0.01939998
0.01939998
0.01939998
0.01939998
0.01939998
0.01939998
0.01939998
0.01939998
0.01944721
0.01975286
0.02006828
0.02039393
0.02073020
0.02107788
0.02143741
0.02180943
0.02108089
0.02108063
0.02108037
0.02108023
0.02108026
0.02108033
0.02108778
0.02113131
0.02126297
0.02165797
0.02215055
0.02266593
0.02320545
0.02377124
0.02436518
0.02498956
0.04570883
0.04570883
0.04570883
0.04570883
0.04570883
0.04570883
0.04570883
0.04570883
0.04570883
0.04570883
0.04570883
0.04570883
0.04570883
0.04570883
0.04570883
0.04570883
0.04570883
0.04570883
0.04570883
0.04570883
0.04570883
0.04570883
0.04570883
0.04570883
0.04570883
0.04570883
0.04570883
0.04570883
0.04570883
0.04570883
0.04570883
0.04570883
0.04570883
0.04570883
0.04570883
0.04570883
0.04570883
0.04570883
0.04570883
0.04570883
0.04570883
0.04570883
0.04570883
0.04570883
0.04570883
0.04570883
0.04570883
0.04570883
0.04570883
0.04570883
0.04570883
0.04570883
0.04570883
0.04570883
0.04570883
0.04570883
0.04570883
0.04570883
0.04570883
0.04570883
0.04570883
0.04570883
0.04570883
0.04570883
0.04570883
0.04570883
0.04570883
0.04570883
0.04570883
0.04570883
0.04570883
0.04570883
0.04570883
0.04570883
0.04570883
0.04570883
0.04570883
0.04570883
0.04570883
0.04570883
0.04570883
0.04570883
0.02485771
0.02423273
0.02363840
0.02307237
0.02253281
0.02201877
0.02152766
0.02120610
0.02111122
0.02108038
0.02108031
0.02108024
0.02108027
0.02108045
0.02108070
0.02209165
0.02170661
0.02133477
0.02097544
0.02062802
0.02029205
0.01996672
0.01965166
0.01939998
0.01939998
0.01939998
0.01939998
0.01939998
0.01939998
0.01939998
0.01939998
0.01939998
0.01939998
0.01939998
0.01939998
0.01939998
0.01939998
0.01939998
0.01939998
0.01939998
0.01939998
0.02767955
0.02767105
0.02766256
0.02765408
0.02764560
0.02763712
0.02762866
0.02762019
0.02761178
0.02760338
0.02759498
0.02758659
0.01939998
0.01939998
0.01939998
0.01939998
0.01939998
0.01939998
0.01939992
0.01939992
0.01939992
0.01939992
0.01939992
0.01939992
0.01939992
0.01939992
0.01939992
0.01939992
0.01939992
0.01939992
0.01940202
0.01940661
0.01941121
0.01941581
0.01942039
0.01942500
0.01943133
0.01943767
0.01944400
0.01945034
0.01945668
0.01946303
0.01946937
0.01947561
0.01948184
0.01948809
0.01946322
0.01945593
0.01944889
0.01944322
0.01943756
0.01943190
0.01942625
0.01942060
0.01941495
0.01940930
0.01940366
0.01939998
0.01939998
0.01939998
0.01939998
0.01939998
0.01939998
0.01939998
0.01939998
0.01939998
0.01939998
0.01939998
0.01939998
0.01939998
0.01939998
0.01939998
0.01939998
0.01939998
0.01939998
0.01939998
0.01939998
0.02756265
0.02757106
0.02757946
0.02758788
0.02759630
0.02760472
0.02761315
0.02762157
0.02762998
0.02763839
0.02764682
0.02765524
0.02766367
0.02767214
0.02768064
0.01939998
0.01939998
0.01939998
0.01939998
0.01939998
0.01939998
0.01939998
0.01939998
0.01939998
0.01939998
0.01939998
0.01939998
0.01939998
0.01939998
0.01939998
0.01939998
0.01939998
0.01944721
0.01975286
0.02006828
0.02039393
0.02073020
0.02107788
0.02143741
0.02180943
0.02108772
0.02108747
0.02108721
0.02108709
0.02108710
0.02108717
0.02109501
0.02113910
0.02127247
0.02167060
0.02216376
0.02267973
0.02321992
0.02378643
0.02438114
0.02500635
0.04525571
0.04525571
0.04525571
0.04525571
0.04525571
0.04525571
0.04525571
0.04525571
0.04525571
0.04525570
0.04525570
0.04525570
0.04525570
0.04525570
0.04525570
0.04525570
0.04525570
0.04525570
0.04525570
0.04525570
0.04525570
0.04525570
0.04525570
0.04525570
0.04525570
0.04525570
0.04525570
0.04525570
0.04525570
0.04525570
0.04525570
0.04525570
0.04525570
0.04525570
0.04525570
0.04525570
0.04525570
0.04525570
0.04525570
0.04525570
0.04525570
0.04525570
0.04525570
0.04525570
0.04525570
0.04525570
0.04525570
0.04525570
0.04525570
0.04525570
0.04525570
0.04525570
0.04525570
0.04525570
0.04525570
0.04525570
0.04525570
0.04525570
0.04525570
0.04525570
0.04525570
0.04525570
0.04525570
0.04525570
0.04525570
0.04525570
0.04525570
0.04525570
0.04525570
0.04525570
0.04525570
0.04525570
0.04525570
0.04525570
0.04525570
0.04525570
0.04525570
0.04525570
0.04525570
0.04525570
0.04525570
0.04525570
0.02487453
0.02424870
0.02365359
0.02308683
0.02254660
0.02203189
0.02154020
0.02121411
0.02111841
0.02108723
0.02108715
0.02108708
0.02108712
0.02108728
0.02108754
0.02209165
0.02170661
0.02133477
0.02097544
0.02062802
0.02029205
0.01996672
0.01965166
0.01939998
0.01939998
0.01939998
0.01939998
0.01939998
0.01939998
0.01939998
0.01939998
0.01939998
0.01939998
0.01939998
0.01939998
0.01939998
0.01939998
0.01939998
0.01939998
0.01939998
0.01939998
0.02767953
0.02767104
0.02766255
0.02765407
0.02764559
0.02763711
0.02762864
0.02762023
0.02761182
0.02760341
0.02759502
0.02758662
0.02757823
0.02756985
0.02756147
0.02755305
0.01939998
0.01939998
0.01939998
0.01939998
0.01939998
0.01939998
0.01939998
0.01939998
0.01939998
0.01939998
0.01939998
0.01939998
0.01939998
0.01939998
0.01939998
0.01939998
0.01939998
0.01939992
0.01939992
0.01940339
0.01940970
0.01941602
0.01942234
0.01942866
0.01943499
0.01944133
0.01944767
0.01945401
0.01946028
0.01946651
0.01944177
0.01943449
0.01942728
0.01942163
0.01941597
0.01941033
0.01940469
0.01939998
0.01939998
0.01939998
0.01939998
0.01939998
0.01939998
0.01939998
0.01939998
0.01939998
0.01939998
0.01939998
0.01939998
0.01939998
0.01939998
0.01939998
0.01939998
0.01939998
0.01939998
0.01939998
0.02752072
0.02752909
0.02753748
0.02754587
0.02755426
0.02756266
0.02757106
0.02757947
0.02758789
0.02759631
0.02760473
0.02761316
0.02762160
0.02763002
0.02763844
0.02764685
0.02765528
0.02766371
0.02767214
0.02768064
0.01939998
0.01939998
0.01939998
0.01939998
0.01939998
0.01939998
0.01939998
0.01939998
0.01939998
0.01939998
0.01939998
0.01939998
0.01939998
0.01939998
0.01939998
0.01939998
0.01939998
0.01944721
0.01975286
0.02006828
0.02039393
0.02073020
0.02107788
0.02143741
0.02180943
0.02109457
0.02109431
0.02109407
0.02109394
0.02109394
0.02109402
0.02110223
0.02114689
0.02128198
0.02168325
0.02217699
0.02269355
0.02323440
0.02380165
0.02439712
0.02502316
0.04481148
0.04481148
0.04481148
0.04481148
0.04481148
0.04481148
0.04481148
0.04481148
0.04481148
0.04481148
0.04481148
0.04481148
0.04481148
0.04481148
0.04481148
0.04481148
0.04481148
0.04481148
0.04481148
0.04481148
0.04481148
0.04481148
0.04481148
0.04481148
0.04481148
0.04481148
0.04481148
0.04481148
0.04481148
0.04481148
0.04481148
0.04481148
0.04481148
0.04481148
0.04481148
0.04481148
0.04481148
0.04481148
0.04481148
0.04481148
0.04481148
0.04481148
0.04481148
0.04481148
0.04481148
0.04481148
0.04481148
0.04481148
0.04481148
0.04481148
0.04481148
0.04481148
0.04481148
0.04481148
0.04481148
0.04481148
0.04481148
0.04481148
0.04481148
0.04481148
0.04481148
0.04481148
0.04481148
0.04481148
0.04481148
0.04481148
0.04481148
0.04481148
0.04481148
0.04481148
0.04481148
0.04481148
0.04481148
0.04481148
0.04481148
0.04481148
0.04481148
0.04481148
0.04481148
0.04481148
0.04481148
0.04481148
0.02489135
0.02426470
0.02366879
0.02310132
0.02256042
0.02204503
0.02155275
0.02122212
0.02112560
0.02109407
0.02109400
0.02109393
0.02109398
0.02109412
0.02109439
0.02209166
0.02170661
0.02133476
0.02097544
0.02062802
0.02029205
0.01996672
0.01965166
0.01939998
0.01939998
0.01939998
0.01939998
0.01939998
0.01939998
0.01939998
0.01939998
0.01939998
0.01939998
0.01939998
0.01939998
0.01939998
0.01939998
0.01939998
0.01939998
0.01939998
0.01939998
0.02767952
0.02767103
0.02766254
0.02765406
0.02764558
0.02763710
0.02762867
0.02762026
0.02761185
0.02760345
0.02759505
0.02758665
0.02757827
0.02756988
0.02756146
0.02755304
0.02754463
0.02753623
0.02752783
0.02751944
0.02751106
0.01939998
0.01939998
0.01939998
0.01939998
0.01939998
0.01939998
0.01939998
0.01939998
0.01939998
0.01939998
0.01939998
0.01939998
0.01939998
0.01939998
0.01939998
0.01939998
0.01939998
0.01940073
0.01940704
0.01941336
0.01941968
0.01942600
0.01943233
0.01943866
0.01944498
0.01942036
0.01941309
0.01940584
0.01940008
0.01939998
0.01939998
0.01939998
0.01939998
0.01939998
0.01939998
0.01939998
0.01939998
0.01939998
0.01939998
0.01939998
0.01939998
0.01939998
0.01939998
0.01939998
0.01939998
0.02747052
0.02747888
0.02748725
0.02749562
0.02750399
0.02751235
0.02752073
0.02752910
0.02753749
0.02754587
0.02755427
0.02756267
0.02757107
0.02757948
0.02758790
0.02759632
0.02760474
0.02761318
0.02762161
0.02763005
0.02763847
0.02764689
0.02765531
0.02766374
0.02767218
0.02768064
0.01939998
0.01939998
0.01939998
0.01939998
0.01939998
0.01939998
0.01939998
0.01939998
0.01939998
0.01939998
0.01939998
0.01939998
0.01939998
0.01939998
0.01939998
0.01939998
0.01939998
0.01944721
0.01975286
0.02006828
0.02039393
0.02073020
0.02107788
0.02143741
0.02180943
0.02110141
0.02110115
0.02110093
0.02110080
0.02110079
0.02110087
0.02110946
0.02115469
0.02129150
0.02169591
0.02219024
0.02270738
0.02324890
0.02381688
0.02441313
0.02504000
0.04437589
0.04437589
0.04437589
0.04437589
0.04437589
0.04437589
0.04437589
0.04437589
0.04437589
0.04437589
0.04437589
0.04437589
0.04437589
0.04437589
0.04437589
0.04437589
0.04437589
0.04437589
0.04437589
0.04437589
0.04437589
0.04437589
0.04437589
0.04437589
0.04437589
0.04437589
0.04437589
0.04437589
0.04437589
0.04437589
0.04437589
0.04437589
0.04437589
0.04437589
0.04437589
0.04437589
0.04437589
0.04437589
0.04437589
0.04437589
0.04437589
0.04437589
0.04437589
0.04437589
0.04437589
0.04437589
0.04437589
0.04437589
0.04437589
0.04437589
0.04437589
0.04437589
0.04437589
0.04437589
0.04437589
0.04437589
0.04437589
0.04437589
0.04437589
0.04437589
0.04437589
0.04437589
0.04437589
0.04437589
0.04437589
0.04437589
0.04437589
0.04437589
0.04437589
0.04437589
0.04437589
0.04437589
0.04437589
0.04437589
0.04437589
0.04437589
0.04437589
0.04437589
0.04437589
0.04437589
0.04437589
0.04437589
0.02490821
0.02428072
0.02368402
0.02311583
0.02257425
0.02205818
0.02156532
0.02123014
0.02113280
0.02110092
0.02110085
0.02110078
0.02110084
0.02110097
0.02110123
0.02209166
0.02170661
0.02133476
0.02097544
0.02062815
0.02029205
0.01996672
0.01965166
0.01939998
0.01939998
0.01939998
0.01939998
0.01939998
0.01939998
0.01939998
0.01939998
0.01939998
0.01939998
0.01939998
0.01939998
0.01939998
0.01939998
0.01939998
0.01939998
0.01939998
0.01939998
0.02767952
0.02767102
0.02766253
0.02765405
0.02764557
0.02763712
0.02762871
0.02762029
0.02761188
0.02760348
0.02759508
0.02758669
0.02757829
0.02756987
0.02756145
0.02755303
0.02754462
0.02753622
0.02752782
0.02751944
0.02751107
0.02750270
0.02749434
0.02748599
0.02747764
0.01939998
0.01939998
0.01939998
0.01939998
0.01939998
0.01939998
0.01939998
0.01939998
0.01939998
0.01939998
0.01939998
0.01939998
0.01939998
0.01939998
0.01939998
0.01939998
0.01939998
0.01940438
0.01941069
0.01941701
0.01942334
0.01939998
0.01939998
0.01939998
0.01939998
0.01939998
0.01939998
0.01939998
0.01939998
0.01939998
0.01939998
0.01939998
0.01939998
0.01939998
0.01939998
0.01939998
0.02742879
0.02743713
0.02744547
0.02745381
0.02746217
0.02747052
0.02747888
0.02748724
0.02749561
0.02750398
0.02751236
0.02752073
0.02752911
0.02753750
0.02754588
0.02755428
0.02756268
0.02757108
0.02757949
0.02758791
0.02759633
0.02760475
0.02761318
0.02762162
0.02763006
0.02763850
0.02764693
0.02765535
0.02766378
0.02767222
0.02768066
0.01939998
0.01939998
0.01939998
0.01939998
0.01939998
0.01939998
0.01939998
0.01939998
0.01939998
0.01939998
0.01939998
0.01939998
0.01939998
0.01939998
0.01939998
0.01939998
0.01939998
0.01944721
0.01975286
0.02006828
0.02039393
0.02073020
0.02107788
0.02143741
0.02180943
0.02110827
0.02110801
0.02110780
0.02110766
0.02110765
0.02110772
0.02111670
0.02116250
0.02130103
0.02170858
0.02220350
0.02272123
0.02326342
0.02383212
0.02442915
0.02505685
0.04394868
0.04394868
0.04394868
0.04394868
0.04394868
0.04394868
0.04394868
0.04394868
0.04394868
0.04394868
0.04394868
0.04394868
0.04394868
0.04394868
0.04394868
0.04394868
0.04394868
0.04394868
0.04394868
0.04394868
0.04394868
0.04394868
0.04394868
0.04394868
0.04394868
0.04394868
0.04394868
0.04394868
0.04394868
0.04394868
0.04394868
0.04394868
0.04394868
0.04394868
0.04394868
0.04394868
0.04394868
0.04394868
0.04394868
0.04394868
0.04394868
0.04394868
0.04394868
0.04394868
0.04394868
0.04394868
0.04394868
0.04394868
0.04394868
0.04394868
0.04394868
0.04394868
0.04394868
0.04394868
0.04394868
0.04394868
0.04394868
0.04394868
0.04394868
0.04394868
0.04394868
0.04394868
0.04394868
0.04394868
0.04394868
0.04394868
0.04394868
0.04394868
0.04394868
0.04394868
0.04394868
0.04394868
0.04394868
0.04394868
0.04394868
0.04394868
0.04394868
0.04394868
0.04394868
0.04394868
0.04394868
0.04394868
0.02492508
0.02429675
0.02369926
0.02313035
0.02258811
0.02207134
0.02157791
0.02123816
0.02114001
0.02110780
0.02110771
0.02110763
0.02110770
0.02110784
0.02110808
0.02209166
0.02170661
0.02133476
0.02097544
0.02062815
0.02029205
0.01996672
0.01965166
0.01939998
0.01939998
0.01939998
0.01939998
0.01939998
0.01939998
0.01939998
0.01939998
0.01939998
0.01939998
0.01939998
0.01939998
0.01939998
0.01939998
0.01939998
0.01939998
0.01939998
0.01939998
0.02767951
0.02767101
0.02766252
0.02765404
0.02764558
0.02763716
0.02762874
0.02762032
0.02761192
0.02760351
0.02759511
0.02758671
0.02757828
0.02756985
0.02756143
0.02755302
0.02754461
0.02753621
0.02752783
0.02751946
0.02751109
0.02750272
0.02749436
0.02748600
0.02747765
0.02746930
0.02746096
0.02745263
0.02744430
0.01939998
0.01939998
0.01939998
0.01939998
0.01939998
0.01939998
0.01939998
0.01939998
0.01939998
0.01939998
0.01939998
0.01939998
0.01939998
0.01939998
0.01939998
0.01939998
0.01940172
0.01939998
0.01939998
0.01939998
0.01939998
0.01939998
0.01939998
0.01939998
0.01939998
0.01939998
0.01939998
0.02738719
0.02739550
0.02740381
0.02741214
0.02742046
0.02742879
0.02743712
0.02744547
0.02745381
0.02746216
0.02747051
0.02747887
0.02748724
0.02749560
0.02750398
0.02751236
0.02752074
0.02752912
0.02753750
0.02754590
0.02755429
0.02756269
0.02757109
0.02757950
0.02758792
0.02759634
0.02760476
0.02761319
0.02762163
0.02763007
0.02763852
0.02764696
0.02765539
0.02766382
0.02767225
0.02768070
0.01939998
0.01939998
0.01939998
0.01939998
0.01939998
0.01939998
0.01939998
0.01939998
0.01939998
0.01939998
0.01939998
0.01939998
0.01939998
0.01939998
0.01939998
0.01939998
0.01939998
0.01944721
0.01975286
0.02006828
0.02039393
0.02073020
0.02107788
0.02143741
0.02180943
0.02111512
0.02111486
0.02111466
0.02111453
0.02111451
0.02111458
0.02112394
0.02117031
0.02131057
0.02172127
0.02221677
0.02273510
0.02327796
0.02384737
0.02444520
0.02507373
0.04352963
0.04352963
0.04352963
0.04352963
0.04352963
0.04352963
0.04352963
0.04352963
0.04352963
0.04352963
0.04352963
0.04352963
0.04352963
0.04352963
0.04352963
0.04352963
0.04352963
0.04352963
0.04352963
0.04352963
0.04352963
0.04352963
0.04352963
0.04352963
0.04352963
0.04352963
0.04352963
0.04352963
0.04352963
0.04352963
0.04352963
0.04352963
0.04352963
0.04352963
0.04352963
0.04352963
0.04352963
0.04352963
0.04352963
0.04352963
0.04352963
0.04352963
0.04352963
0.04352963
0.04352963
0.04352963
0.04352963
0.04352963
0.04352963
0.04352963
0.04352963
0.04352963
0.04352963
0.04352963
0.04352963
0.04352963
0.04352963
0.04352963
0.04352963
0.04352963
0.04352963
0.04352963
0.04352963
0.04352963
0.04352963
0.04352963
0.04352963
0.04352963
0.04352963
0.04352963
0.04352963
0.04352963
0.04352963
0.04352963
0.04352963
0.04352963
0.04352963
0.04352963
0.04352963
0.04352963
0.04352963
0.04352963
0.02494199
0.02431281
0.02371453
0.02314489
0.02260197
0.02208452
0.02159051
0.02124721
0.02114722
0.02111503
0.02111457
0.02111449
0.02111457
0.02111471
0.02111494
0.02209166
0.02170661
0.02133476
0.02097557
0.02062815
0.02029205
0.01996672
0.01965166
0.01939998
0.01939998
0.01939998
0.01939998
0.01939998
0.01939998
0.01939998
0.01939998
0.01939998
0.01939998
0.01939998
0.01939998
0.01939998
0.01939998
0.01939998
0.01939998
0.01939998
0.01939998
0.02767950
0.02767100
0.02766252
0.02765405
0.02764561
0.02763719
0.02762878
0.02762036
0.02761195
0.02760354
0.02759513
0.02758670
0.02757827
0.02756984
0.02756142
0.02755301
0.02754461
0.02753622
0.02752784
0.02751947
0.02751110
0.02750273
0.02749437
0.02748601
0.02747766
0.02746931
0.02746097
0.02745264
0.02744431
0.02743598
0.02742766
0.02741935
0.02741103
0.02740273
0.01939998
0.01939998
0.01939998
0.01939998
0.01939998
0.01939998
0.01939998
0.01939998
0.01939998
0.01939998
0.01939998
0.01939998
0.01939998
0.01939998
0.01939998
0.01939998
0.01939998
0.01939998
0.01939998
0.02736225
0.02737055
0.02737886
0.02738717
0.02739548
0.02740380
0.02741213
0.02742046
0.02742879
0.02743712
0.02744546
0.02745381
0.02746215
0.02747051
0.02747887
0.02748723
0.02749560
0.02750397
0.02751235
0.02752074
0.02752912
0.02753751
0.02754590
0.02755430
0.02756270
0.02757110
0.02757951
0.02758793
0.02759635
0.02760477
0.02761320
0.02762164
0.02763008
0.02763852
0.02764697
0.02765542
0.02766386
0.02767229
0.02768073
0.01939998
0.01939998
0.01939998
0.01939998
0.01939998
0.01939998
0.01939998
0.01939998
0.01939998
0.01939998
0.01939998
0.01939998
0.01939998
0.01939998
0.01939998
0.01939998
0.01939998
0.01944721
0.01975286
0.02006828
0.02039393
0.02073020
0.02107788
0.02143741
0.02180943
0.02112198
0.02112172
0.02112154
0.02112141
0.02112137
0.02112145
0.02113119
0.02117813
0.02132011
0.02173398
0.02223006
0.02274898
0.02329251
0.02386265
0.02446126
0.02509064
0.04311849
0.04311849
0.04311849
0.04311849
0.04311849
0.04311849
0.04311849
0.04311849
0.04311849
0.04311849
0.04311849
0.04311849
0.04311849
0.04311849
0.04311849
0.04311849
0.04311849
0.04311849
0.04311849
0.04311849
0.04311849
0.04311849
0.04311849
0.04311849
0.04311849
0.04311849
0.04311849
0.04311849
0.04311849
0.04311849
0.04311849
0.04311849
0.04311849
0.04311849
0.04311849
0.04311849
0.04311849
0.04311849
0.04311849
0.04311849
0.04311849
0.04311849
0.04311849
0.04311849
0.04311849
0.04311849
0.04311849
0.04311849
0.04311849
0.04311849
0.04311849
0.04311849
0.04311849
0.04311849
0.04311849
0.04311849
0.04311849
0.04311849
0.04311849
0.04311849
0.04311849
0.04311849
0.04311849
0.04311849
0.04311849
0.04311849
0.04311849
0.04311849
0.04311849
0.04311849
0.04311849
0.04311849
0.04311849
0.04311849
0.04311849
0.04311849
0.04311849
0.04311849
0.04311849
0.04311849
0.04311849
0.04311849
0.02495891
0.02432889
0.02372981
0.02315945
0.02261585
0.02209772
0.02160312
0.02125668
0.02115443
0.02112227
0.02112143
0.02112135
0.02112144
0.02112158
0.02112180
0.02209164
0.02170661
0.02133476
0.02097557
0.02062815
0.02029205
0.01996672
0.01965166
0.01939998
0.01939998
0.01939998
0.01939998
0.01939998
0.01939998
0.01939998
0.01939998
0.01939998
0.01939998
0.01939998
0.01939998
0.01939998
0.01939998
0.01939998
0.01939998
0.01939998
0.01939998
0.02767949
0.02767100
0.02766252
0.02765408
0.02764565
0.02763723
0.02762881
0.02762039
0.02761198
0.02760356
0.02759512
0.02758669
0.02757826
0.02756983
0.02756141
0.02755301
0.02754462
0.02753623
0.02752785
0.02751948
0.02751111
0.02750274
0.02749438
0.02748602
0.02747767
0.02746933
0.02746099
0.02745265
0.02744432
0.02743599
0.02742767
0.02741936
0.02741105
0.02740273
0.02739439
0.02738606
0.02737773
0.02736940
0.01939998
0.01939998
0.01939998
0.01939998
0.01939998
0.01939998
0.01939998
0.01939998
0.01939998
0.01939998
0.01939998
0.01939998
0.02733747
0.02734573
0.02735399
0.02736226
0.02737053
0.02737884
0.02738715
0.02739546
0.02740378
0.02741211
0.02742044
0.02742877
0.02743712
0.02744546
0.02745380
0.02746215
0.02747051
0.02747886
0.02748723
0.02749559
0.02750397
0.02751235
0.02752073
0.02752912
0.02753751
0.02754592
0.02755431
0.02756271
0.02757112
0.02757952
0.02758793
0.02759636
0.02760478
0.02761321
0.02762165
0.02763009
0.02763853
0.02764698
0.02765544
0.02766389
0.02767233
0.02768077
0.01939998
0.01939998
0.01939998
0.01939998
0.01939998
0.01939998
0.01939998
0.01939998
0.01939998
0.01939998
0.01939998
0.01939998
0.01939998
0.01939998
0.01939998
0.01939998
0.01939998
0.01944721
0.01975286
0.02006828
0.02039393
0.02073020
0.02107788
0.02143741
0.02180943
0.02112885
0.02112859
0.02112841
0.02112828
0.02112824
0.02112831
0.02113844
0.02118595
0.02132967
0.02174670
0.02224337
0.02276289
0.02330709
0.02387794
0.02447735
0.02510756
0.04271504
0.04271504
0.04271504
0.04271504
0.04271504
0.04271504
0.04271504
0.04271504
0.04271504
0.04271504
0.04271504
0.04271504
0.04271504
0.04271504
0.04271504
0.04271504
0.04271504
0.04271504
0.04271504
0.04271504
0.04271504
0.04271504
0.04271504
0.04271504
0.04271504
0.04271504
0.04271504
0.04271504
0.04271504
0.04271503
0.04271503
0.04271503
0.04271503
0.04271503
0.04271503
0.04271503
0.04271503
0.04271503
0.04271503
0.04271503
0.04271503
0.04271503
0.04271503
0.04271503
0.04271503
0.04271503
0.04271503
0.04271503
0.04271503
0.04271503
0.04271503
0.04271503
0.04271503
0.04271503
0.04271503
0.04271503
0.04271503
0.04271503
0.04271503
0.04271503
0.04271503
0.04271503
0.04271503
0.04271503
0.04271503
0.04271503
0.04271503
0.04271503
0.04271503
0.04271503
0.04271503
0.04271503
0.04271503
0.04271503
0.04271503
0.04271503
0.04271503
0.04271503
0.04271503
0.04271503
0.04271503
0.04271503
0.02497586
0.02434499
0.02374512
0.02317403
0.02262976
0.02211094
0.02161575
0.02126617
0.02116165
0.02112951
0.02112830
0.02112822
0.02112832
0.02112846
0.02112867
0.02209165
0.02170661
0.02133489
0.02097557
0.02062815
0.02029205
0.01996672
0.01965166
0.01939998
0.01939998
0.01939998
0.01939998
0.01939998
0.01939998
0.01939998
0.01939998
0.01939998
0.01939998
0.01939998
0.01939998
0.01939998
0.01939998
0.01939998
0.01939998
0.01939998
0.01939998
0.02767948
0.02767099
0.02766255
0.02765411
0.02764568
0.02763726
0.02762884
0.02762043
0.02761200
0.02760355
0.02759511
0.02758668
0.02757825
0.02756982
0.02756141
0.02755302
0.02754463
0.02753624
0.02752786
0.02751949
0.02751112
0.02750275
0.02749439
0.02748603
0.02747768
0.02746934
0.02746100
0.02745266
0.02744433
0.02743600
0.02742768
0.02741937
0.02741102
0.02740267
0.02739433
0.02738600
0.02737767
0.02736934
0.02736103
0.02735273
0.02734443
0.02733614
0.01939998
0.01939998
0.01939998
0.01939998
0.01939998
0.02731276
0.02732100
0.02732925
0.02733750
0.02734576
0.02735403
0.02736230
0.02737057
0.02737885
0.02738713
0.02739545
0.02740377
0.02741209
0.02742043
0.02742876
0.02743710
0.02744544
0.02745380
0.02746214
0.02747050
0.02747886
0.02748722
0.02749559
0.02750396
0.02751235
0.02752073
0.02752911
0.02753751
0.02754591
0.02755432
0.02756272
0.02757112
0.02757953
0.02758794
0.02759637
0.02760479
0.02761322
0.02762166
0.02763010
0.02763854
0.02764699
0.02765545
0.02766391
0.02767236
0.02768081
0.01939998
0.01939998
0.01939998
0.01939998
0.01939998
0.01939998
0.01939998
0.01939998
0.01939998
0.01939998
0.01939998
0.01939998
0.01939998
0.01939998
0.01939998
0.01939998
0.01939998
0.01944721
0.01975286
0.02006828
0.02039393
0.02073020
0.02107788
0.02143741
0.02180943
0.02113571
0.02113545
0.02113530
0.02113517
0.02113511
0.02113519
0.02114570
0.02119377
0.02133923
0.02175944
0.02225669
0.02277680
0.02332168
0.02389326
0.02449346
0.02512451
0.04231907
0.04231907
0.04231907
0.04231907
0.04231907
0.04231907
0.04231907
0.04231907
0.04231907
0.04231907
0.04231907
0.04231907
0.04231907
0.04231907
0.04231907
0.04231907
0.04231907
0.04231907
0.04231907
0.04231907
0.04231907
0.04231907
0.04231907
0.04231907
0.04231907
0.04231907
0.04231907
0.04231907
0.04231907
0.04231907
0.04231907
0.04231907
0.04231907
0.04231907
0.04231907
0.04231907
0.04231907
0.04231907
0.04231907
0.04231907
0.04231907
0.04231907
0.04231907
0.04231907
0.04231907
0.04231907
0.04231907
0.04231907
0.04231907
0.04231907
0.04231907
0.04231907
0.04231907
0.04231907
0.04231907
0.04231907
0.04231907
0.04231907
0.04231907
0.04231907
0.04231907
0.04231907
0.04231907
0.04231907
0.04231907
0.04231907
0.04231907
0.04231907
0.04231907
0.04231907
0.04231907
0.04231907
0.04231907
0.04231907
0.04231907
0.04231907
0.04231907
0.04231907
0.04231907
0.04231907
0.04231907
0.04231907
0.02499283
0.02436111
0.02376044
0.02318863
0.02264367
0.02212417
0.02162840
0.02127565
0.02116887
0.02113676
0.02113517
0.02113510
0.02113520
0.02113534
0.02113553
0.02209165
0.02170661
0.02133489
0.02097557
0.02062815
0.02029205
0.01996672
0.01965166
0.01939998
0.01939998
0.01939998
0.01939998
0.01939998
0.01939998
0.01939998
0.01939998
0.01939998
0.01939998
0.01939998
0.01939998
0.01939998
0.01939998
0.01939998
0.01939998
0.01939998
0.01939998
0.02767947
0.02767102
0.02766258
0.02765414
0.02764572
0.02763729
0.02762887
0.02762044
0.02761198
0.02760354
0.02759510
0.02758667
0.02757824
0.02756983
0.02756143
0.02755303
0.02754464
0.02753625
0.02752787
0.02751950
0.02751113
0.02750276
0.02749440
0.02748604
0.02747769
0.02746935
0.02746101
0.02745267
0.02744434
0.02743602
0.02742766
0.02741931
0.02741095
0.02740261
0.02739426
0.02738593
0.02737761
0.02736930
0.02736099
0.02735269
0.02734440
0.02733611
0.02732782
0.02731954
0.02731127
0.02730300
0.02730455
0.02731280
0.02732104
0.02732928
0.02733754
0.02734580
0.02735406
0.02736233
0.02737061
0.02737889
0.02738717
0.02739546
0.02740376
0.02741208
0.02742041
0.02742874
0.02743708
0.02744543
0.02745378
0.02746213
0.02747049
0.02747885
0.02748722
0.02749559
0.02750396
0.02751234
0.02752073
0.02752911
0.02753750
0.02754590
0.02755431
0.02756272
0.02757113
0.02757954
0.02758796
0.02759638
0.02760480
0.02761323
0.02762167
0.02763011
0.02763855
0.02764701
0.02765546
0.02766392
0.02767239
0.02768084
0.01939998
0.01939998
0.01939998
0.01939998
0.01939998
0.01939998
0.01939998
0.01939998
0.01939998
0.01939998
0.01939998
0.01939998
0.01939998
0.01939998
0.01939998
0.01939998
0.01939998
0.01944721
0.01975286
0.02006828
0.02039393
0.02073020
0.02107788
0.02143741
0.02180943
0.02114259
0.02114233
0.02114219
0.02114205
0.02114199
0.02114207
0.02115296
0.02120161
0.02134880
0.02177219
0.02227003
0.02279074
0.02333629
0.02390860
0.02450958
0.02514149
0.04193037
0.04193037
0.04193037
0.04193037
0.04193037
0.04193037
0.04193037
0.04193037
0.04193037
0.04193037
0.04193037
0.04193037
0.04193037
0.04193037
0.04193037
0.04193037
0.04193037
0.04193037
0.04193037
0.04193037
0.04193037
0.04193037
0.04193037
0.04193037
0.04193037
0.04193037
0.04193037
0.04193037
0.04193037
0.04193037
0.04193037
0.04193037
0.04193037
0.04193037
0.04193037
0.04193037
0.04193037
0.04193037
0.04193037
0.04193037
0.04193037
0.04193037
0.04193037
0.04193037
0.04193037
0.04193037
0.04193037
0.04193037
0.04193037
0.04193037
0.04193037
0.04193037
0.04193037
0.04193037
0.04193037
0.04193037
0.04193037
0.04193037
0.04193037
0.04193037
0.04193037
0.04193037
0.04193037
0.04193037
0.04193037
0.04193037
0.04193037
0.04193037
0.04193037
0.04193037
0.04193037
0.04193037
0.04193037
0.04193037
0.04193037
0.04193037
0.04193037
0.04193037
0.04193037
0.04193037
0.04193037
0.04193037
0.02500982
0.02437726
0.02377579
0.02320324
0.02265761
0.02213741
0.02164106
0.02128515
0.02117610
0.02114401
0.02114205
0.02114198
0.02114209
0.02114222
0.02114241
0.02209165
0.02170674
0.02133489
0.02097557
0.02062815
0.02029205
0.01996672
0.01965166
0.01939998
0.01939998
0.01939998
0.01939998
0.01939998
0.01939998
0.01939998
0.01939998
0.01939998
0.01939998
0.01939998
0.01939998
0.01939998
0.01939998
0.01939998
0.01939998
0.01939998
0.01939998
0.02767950
0.02767106
0.02766261
0.02765418
0.02764575
0.02763732
0.02762888
0.02762043
0.02761198
0.02760353
0.02759509
0.02758666
0.02757825
0.02756984
0.02756144
0.02755305
0.02754465
0.02753627
0.02752788
0.02751951
0.02751114
0.02750277
0.02749441
0.02748606
0.02747770
0.02746936
0.02746101
0.02745268
0.02744432
0.02743596
0.02742760
0.02741925
0.02741089
0.02740255
0.02739421
0.02738590
0.02737758
0.02736927
0.02736096
0.02735266
0.02734436
0.02733608
0.02732779
0.02731950
0.02731123
0.02730296
0.02730459
0.02731283
0.02732107
0.02732932
0.02733757
0.02734583
0.02735410
0.02736237
0.02737064
0.02737892
0.02738720
0.02739549
0.02740379
0.02741208
0.02742040
0.02742873
0.02743707
0.02744542
0.02745376
0.02746212
0.02747048
0.02747884
0.02748721
0.02749559
0.02750395
0.02751234
0.02752072
0.02752911
0.02753750
0.02754590
0.02755431
0.02756271
0.02757113
0.02757955
0.02758796
0.02759639
0.02760481
0.02761324
0.02762168
0.02763011
0.02763856
0.02764701
0.02765547
0.02766393
0.02767239
0.02768087
0.01939998
0.01939998
0.01939998
0.01939998
0.01939998
0.01939998
0.01939998
0.01939998
0.01939998
0.01939998
0.01939998
0.01939998
0.01939998
0.01939998
0.01939998
0.01939998
0.01939998
0.01944721
0.01975286
0.02006828
0.02039393
0.02073020
0.02107788
0.02143741
0.02180943
0.02114947
0.02114921
0.02114908
0.02114894
0.02114887
0.02114895
0.02116022
0.02120945
0.02135839
0.02178495
0.02228339
0.02280469
0.02335092
0.02392395
0.02452574
0.02515848
0.04154876
0.04154876
0.04154876
0.04154876
0.04154876
0.04154876
0.04154876
0.04154876
0.04154876
0.04154876
0.04154876
0.04154876
0.04154876
0.04154876
0.04154876
0.04154876
0.04154876
0.04154876
0.04154876
0.04154876
0.04154876
0.04154876
0.04154876
0.04154876
0.04154876
0.04154876
0.04154876
0.04154876
0.04154876
0.04154876
0.04154876
0.04154876
0.04154876
0.04154876
0.04154876
0.04154876
0.04154876
0.04154876
0.04154876
0.04154876
0.04154876
0.04154876
0.04154876
0.04154876
0.04154876
0.04154876
0.04154876
0.04154876
0.04154876
0.04154876
0.04154876
0.04154876
0.04154876
0.04154876
0.04154876
0.04154876
0.04154876
0.04154876
0.04154876
0.04154876
0.04154876
0.04154876
0.04154876
0.04154876
0.04154876
0.04154876
0.04154876
0.04154876
0.04154876
0.04154876
0.04154876
0.04154876
0.04154876
0.04154876
0.04154876
0.04154876
0.04154876
0.04154876
0.04154876
0.04154876
0.04154876
0.04154876
0.02502683
0.02439342
0.02379115
0.02321787
0.02267156
0.02215068
0.02165373
0.02129466
0.02118333
0.02115128
0.02114893
0.02114886
0.02114898
0.02114911
0.02114929
0.02209165
0.02170674
0.02133489
0.02097557
0.02062815
0.02029205
0.01996672
0.01965166
0.01939998
0.01939998
0.01939998
0.01939998
0.01939998
0.01939998
0.01939998
0.01939998
0.01939998
0.01939998
0.01939998
0.01939998
0.01939998
0.01939998
0.01939998
0.01939998
0.01939998
0.01939998
0.02767953
0.02767109
0.02766264
0.02765421
0.02764578
0.02763733
0.02762887
0.02762042
0.02761197
0.02760352
0.02759509
0.02758667
0.02757826
0.02756985
0.02756145
0.02755305
0.02754466
0.02753628
0.02752790
0.02751952
0.02751115
0.02750278
0.02749442
0.02748607
0.02747772
0.02746937
0.02746101
0.02745264
0.02744426
0.02743590
0.02742754
0.02741918
0.02741084
0.02740251
0.02739418
0.02738586
0.02737755
0.02736923
0.02736093
0.02735263
0.02734433
0.02733604
0.02732775
0.02731947
0.02731120
0.02730293
0.02730463
0.02731287
0.02732110
0.02732936
0.02733761
0.02734587
0.02735413
0.02736240
0.02737068
0.02737895
0.02738724
0.02739553
0.02740382
0.02741212
0.02742043
0.02742874
0.02743705
0.02744540
0.02745375
0.02746211
0.02747046
0.02747883
0.02748720
0.02749558
0.02750395
0.02751233
0.02752072
0.02752910
0.02753750
0.02754590
0.02755430
0.02756271
0.02757112
0.02757955
0.02758797
0.02759639
0.02760482
0.02761325
0.02762168
0.02763013
0.02763858
0.02764702
0.02765548
0.02766394
0.02767241
0.02768088
0.01939998
0.01939998
0.01939998
0.01939998
0.01939998
0.01939998
0.01939998
0.01939998
0.01939998
0.01939998
0.01939998
0.01939998
0.01939998
0.01939998
0.01939998
0.01939998
0.01939998
0.01944721
0.01975286
0.02006828
0.02039393
0.02073020
0.02107788
0.02143741
0.02180943
0.02115635
0.02115611
0.02115597
0.02115584
0.02115576
0.02115584
0.02116749
0.02121729
0.02136798
0.02179773
0.02229676
0.02281866
0.02336557
0.02393932
0.02454191
0.02517550
0.04117402
0.04117402
0.04117402
0.04117402
0.04117402
0.04117402
0.04117402
0.04117402
0.04117402
0.04117402
0.04117402
0.04117402
0.04117402
0.04117402
0.04117402
0.04117402
0.04117402
0.04117402
0.04117402
0.04117402
0.04117402
0.04117402
0.04117402
0.04117402
0.04117402
0.04117402
0.04117402
0.04117402
0.04117402
0.04117402
0.04117402
0.04117402
0.04117402
0.04117402
0.04117402
0.04117402
0.04117402
0.04117402
0.04117402
0.04117402
0.04117402
0.04117402
0.04117402
0.04117402
0.04117402
0.04117402
0.04117402
0.04117402
0.04117402
0.04117402
0.04117402
0.04117402
0.04117402
0.04117402
0.04117402
0.04117402
0.04117402
0.04117402
0.04117402
0.04117402
0.04117402
0.04117402
0.04117402
0.04117402
0.04117402
0.04117402
0.04117402
0.04117402
0.04117402
0.04117402
0.04117402
0.04117402
0.04117402
0.04117402
0.04117402
0.04117402
0.04117402
0.04117402
0.04117402
0.04117402
0.04117402
0.04117402
0.02504387
0.02440961
0.02380654
0.02323252
0.02268553
0.02216395
0.02166642
0.02130417
0.02119057
0.02115854
0.02115582
0.02115574
0.02115588
0.02115601
0.02115617
0.02209178
0.02170674
0.02133489
0.02097557
0.02062815
0.02029205
0.01996672
0.01965166
0.01939998
0.01939998
0.01939998
0.01939998
0.01939998
0.01939998
0.01939998
0.01939998
0.01939998
0.01939998
0.01939998
0.01939998
0.01939998
0.01939998
0.01939998
0.01939998
0.01939998
0.01939998
0.02767957
0.02767112
0.02766268
0.02765425
0.02764579
0.02763732
0.02762886
0.02762041
0.02761195
0.02760352
0.02759510
0.02758669
0.02757827
0.02756986
0.02756146
0.02755306
0.02754467
0.02753629
0.02752791
0.02751953
0.02751116
0.02750279
0.02749443
0.02748608
0.02747772
0.02746933
0.02746095
0.02745258
0.02744421
0.02743584
0.02742749
0.02741915
0.02741081
0.02740248
0.02739415
0.02738583
0.02737751
0.02736920
0.02736089
0.02735259
0.02734430
0.02733601
0.02732772
0.02731944
0.02731116
0.02730290
0.02730466
0.02731290
0.02732114
0.02732939
0.02733765
0.02734590
0.02735417
0.02736244
0.02737071
0.02737899
0.02738728
0.02739557
0.02740386
0.02741216
0.02742046
0.02742877
0.02743709
0.02744541
0.02745373
0.02746209
0.02747045
0.02747881
0.02748719
0.02749556
0.02750394
0.02751232
0.02752071
0.02752910
0.02753749
0.02754589
0.02755430
0.02756270
0.02757112
0.02757954
0.02758797
0.02759640
0.02760483
0.02761326
0.02762169
0.02763014
0.02763858
0.02764703
0.02765549
0.02766395
0.02767242
0.02768089
0.01939998
0.01939998
0.01939998
0.01939998
0.01939998
0.01939998
0.01939998
0.01939998
0.01939998
0.01939998
0.01939998
0.01939998
0.01939998
0.01939998
0.01939998
0.01939998
0.01939998
0.01944721
0.01975286
0.02006828
0.02039393
0.02073020
0.02107788
0.02143741
0.02180943
0.02116324
0.02116300
0.02116287
0.02116274
0.02116265
0.02116272
0.02117477
0.02122514
0.02137757
0.02181052
0.02231013
0.02283265
0.02338023
0.02395472
0.02455810
0.02519254
0.04080598
0.04080598
0.04080598
0.04080598
0.04080598
0.04080598
0.04080598
0.04080598
0.04080598
0.04080598
0.04080598
0.04080598
0.04080598
0.04080598
0.04080598
0.04080598
0.04080598
0.04080598
0.04080598
0.04080598
0.04080598
0.04080598
0.04080598
0.04080598
0.04080598
0.04080598
0.04080598
0.04080598
0.04080598
0.04080598
0.04080598
0.04080598
0.04080598
0.04080598
0.04080598
0.04080598
0.04080598
0.04080598
0.04080598
0.04080598
0.04080598
0.04080598
0.04080598
0.04080598
0.04080598
0.04080598
0.04080598
0.04080598
0.04080598
0.04080598
0.04080598
0.04080598
0.04080598
0.04080598
0.04080598
0.04080598
0.04080598
0.04080598
0.04080598
0.04080598
0.04080598
0.04080598
0.04080598
0.04080598
0.04080598
0.04080598
0.04080598
0.04080598
0.04080598
0.04080598
0.04080598
0.04080598
0.04080598
0.04080598
0.04080598
0.04080598
0.04080598
0.04080598
0.04080598
0.04080598
0.04080598
0.04080598
0.02506094
0.02442582
0.02382194
0.02324719
0.02269952
0.02217725
0.02167912
0.02131370
0.02119782
0.02116581
0.02116271
0.02116264
0.02116278
0.02116291
0.02116305
0.02209178
0.02170674
0.02133489
0.02097557
0.02062815
0.02029205
0.01996672
0.01965166
0.01939998
0.01939998
0.01939998
0.01939998
0.01939998
0.01939998
0.01939998
0.01939998
0.01939998
0.01939998
0.01939998
0.01939998
0.01939998
0.01939998
0.01939998
0.01939998
0.01939998
0.01939998
0.02767960
0.02767115
0.02766271
0.02765425
0.02764578
0.02763731
0.02762885
0.02762040
0.02761196
0.02760354
0.02759511
0.02758669
0.02757828
0.02756988
0.02756148
0.02755308
0.02754469
0.02753630
0.02752792
0.02751954
0.02751117
0.02750281
0.02749445
0.02748605
0.02747766
0.02746927
0.02746089
0.02745251
0.02744415
0.02743580
0.02742745
0.02741911
0.02741077
0.02740244
0.02739411
0.02738579
0.02737748
0.02736917
0.02736086
0.02735256
0.02734426
0.02733597
0.02732769
0.02731940
0.02731113
0.02730288
0.02730470
0.02731293
0.02732118
0.02732943
0.02733768
0.02734594
0.02735421
0.02736247
0.02737075
0.02737903
0.02738731
0.02739560
0.02740390
0.02741219
0.02742050
0.02742881
0.02743712
0.02744544
0.02745377
0.02746210
0.02747043
0.02747880
0.02748717
0.02749554
0.02750392
0.02751231
0.02752070
0.02752909
0.02753749
0.02754589
0.02755429
0.02756270
0.02757112
0.02757954
0.02758796
0.02759639
0.02760483
0.02761327
0.02762171
0.02763015
0.02763859
0.02764704
0.02765550
0.02766396
0.02767242
0.02768090
0.01939998
0.01939998
0.01939998
0.01939998
0.01939998
0.01939998
0.01939998
0.01939998
0.01939998
0.01939998
0.01939998
0.01939998
0.01939998
0.01939998
0.01939998
0.01939998
0.01939998
0.01944721
0.01975286
0.02006828
0.02039393
0.02073020
0.02107788
0.02143741
0.02180943
0.02117013
0.02116991
0.02116978
0.02116964
0.02116955
0.02116962
0.02118205
0.02123300
0.02138718
0.02182333
0.02232350
0.02284665
0.02339492
0.02397014
0.02457432
0.02520960
0.04044447
0.04044447
0.04044447
0.04044447
0.04044447
0.04044447
0.04044447
0.04044447
0.04044447
0.04044447
0.04044447
0.04044447
0.04044447
0.04044447
0.04044447
0.04044447
0.04044447
0.04044447
0.04044447
0.04044447
0.04044447
0.04044447
0.04044447
0.04044447
0.04044447
0.04044447
0.04044447
0.04044447
0.04044447
0.04044447
0.04044447
0.04044447
0.04044447
0.04044447
0.04044447
0.04044447
0.04044447
0.04044447
0.04044447
0.04044447
0.04044447
0.04044447
0.04044447
0.04044447
0.04044447
0.04044447
0.04044447
0.04044447
0.04044447
0.04044447
0.04044447
0.04044447
0.04044447
0.04044447
0.04044447
0.04044447
0.04044447
0.04044447
0.04044447
0.04044447
0.04044447
0.04044447
0.04044447
0.04044447
0.04044447
0.04044447
0.04044447
0.04044447
0.04044447
0.04044447
0.04044447
0.04044447
0.04044447
0.04044447
0.04044447
0.04044447
0.04044447
0.04044447
0.04044447
0.04044447
0.04044447
0.04044447
0.02507802
0.02444205
0.02383737
0.02326188
0.02271352
0.02219056
0.02169184
0.02132323
0.02120518
0.02117308
0.02116960
0.02116954
0.02116968
0.02116982
0.02116995
0.02209178
0.02170674
0.02133489
0.02097557
0.02062815
0.02029205
0.01996672
0.01965166
0.01939998
0.01939998
0.01939998
0.01939998
0.01939998
0.01939998
0.01939998
0.01939998
0.01939998
0.01939998
0.01939998
0.01939998
0.01939998
0.01939998
0.01939998
0.01939998
0.01939998
0.01939998
0.02767963
0.02767118
0.02766271
0.02765424
0.02764577
0.02763730
0.02762884
0.02762041
0.02761198
0.02760355
0.02759512
0.02758671
0.02757829
0.02756988
0.02756148
0.02755309
0.02754470
0.02753631
0.02752793
0.02751956
0.02751119
0.02750278
0.02749438
0.02748599
0.02747759
0.02746920
0.02746084
0.02745248
0.02744412
0.02743576
0.02742742
0.02741908
0.02741074
0.02740241
0.02739408
0.02738576
0.02737745
0.02736913
0.02736082
0.02735252
0.02734423
0.02733594
0.02732766
0.02731940
0.02731116
0.02730291
0.02730473
0.02731297
0.02732121
0.02732946
0.02733771
0.02734597
0.02735424
0.02736251
0.02737078
0.02737906
0.02738735
0.02739563
0.02740393
0.02741223
0.02742053
0.02742884
0.02743716
0.02744547
0.02745380
0.02746213
0.02747046
0.02747881
0.02748715
0.02749553
0.02750391
0.02751230
0.02752068
0.02752908
0.02753748
0.02754588
0.02755429
0.02756270
0.02757112
0.02757953
0.02758796
0.02759639
0.02760483
0.02761327
0.02762171
0.02763016
0.02763860
0.02764705
0.02765551
0.02766397
0.02767243
0.02768091
0.01939998
0.01939998
0.01939998
0.01939998
0.01939998
0.01939998
0.01939998
0.01939998
0.01939998
0.01939998
0.01939998
0.01939998
0.01939998
0.01939998
0.01939998
0.01939998
0.01939998
0.01944721
0.01975287
0.02006828
0.02039393
0.02073020
0.02107788
0.02143741
0.02180943
0.02117703
0.02117682
0.02117669
0.02117655
0.02117644
0.02117652
0.02118934
0.02124086
0.02139680
0.02183616
0.02233689
0.02286067
0.02340962
0.02398557
0.02459055
0.02522669
0.04008931
0.04008931
0.04008931
0.04008931
0.04008931
0.04008931
0.04008931
0.04008931
0.04008931
0.04008931
0.04008931
0.04008931
0.04008931
0.04008931
0.04008931
0.04008931
0.04008931
0.04008931
0.04008931
0.04008931
0.04008931
0.04008931
0.04008931
0.04008931
0.04008931
0.04008931
0.04008931
0.04008931
0.04008931
0.04008931
0.04008931
0.04008931
0.04008931
0.04008931
0.04008931
0.04008931
0.04008931
0.04008931
0.04008931
0.04008931
0.04008931
0.04008931
0.04008931
0.04008931
0.04008931
0.04008931
0.04008931
0.04008931
0.04008931
0.04008931
0.04008931
0.04008931
0.04008931
0.04008931
0.04008931
0.04008931
0.04008931
0.04008931
0.04008931
0.04008931
0.04008931
0.04008931
0.04008930
0.04008930
0.04008930
0.04008930
0.04008930
0.04008930
0.04008930
0.04008930
0.04008930
0.04008930
0.04008930
0.04008930
0.04008930
0.04008930
0.04008930
0.04008930
0.04008930
0.04008930
0.04008930
0.04008930
0.02509513
0.02445829
0.02385281
0.02327659
0.02272754
0.02220388
0.02170457
0.02133277
0.02121321
0.02118036
0.02117650
0.02117645
0.02117659
0.02117673
0.02117686
0.02209178
0.02170674
0.02133489
0.02097557
0.02062815
0.02029205
0.01996672
0.01965166
0.01939998
0.01939998
0.01939998
0.01939998
0.01939998
0.01939998
0.01939998
0.01939998
0.01939998
0.01939998
0.01939998
0.01939998
0.01939998
0.01939998
0.01939998
0.01939998
0.01939998
0.01939998
0.02767967
0.02767118
0.02766271
0.02765423
0.02764576
0.02763730
0.02762885
0.02762042
0.02761198
0.02760356
0.02759514
0.02758672
0.02757830
0.02756990
0.02756149
0.02755310
0.02754471
0.02753632
0.02752794
0.02751954
0.02751113
0.02750272
0.02749432
0.02748592
0.02747754
0.02746917
0.02746080
0.02745244
0.02744408
0.02743573
0.02742738
0.02741904
0.02741070
0.02740237
0.02739405
0.02738573
0.02737741
0.02736910
0.02736079
0.02735249
0.02734422
0.02733596
0.02732770
0.02731944
0.02731120
0.02730295
0.02730476
0.02731301
0.02732125
0.02732949
0.02733775
0.02734601
0.02735427
0.02736254
0.02737082
0.02737910
0.02738738
0.02739567
0.02740397
0.02741226
0.02742057
0.02742888
0.02743719
0.02744551
0.02745384
0.02746217
0.02747050
0.02747884
0.02748719
0.02749553
0.02750389
0.02751228
0.02752067
0.02752906
0.02753746
0.02754587
0.02755428
0.02756269
0.02757111
0.02757953
0.02758795
0.02759639
0.02760482
0.02761326
0.02762171
0.02763016
0.02763861
0.02764706
0.02765552
0.02766398
0.02767245
0.02768092
0.01939998
0.01939998
0.01939998
0.01939998
0.01939998
0.01939998
0.01939998
0.01939998
0.01939998
0.01939998
0.01939998
0.01939998
0.01939998
0.01939998
0.01939998
0.01939998
0.01939998
0.01944721
0.01975287
0.02006828
0.02039393
0.02073020
0.02107788
0.02143741
0.02180943
0.02118393
0.02118373
0.02118360
0.02118347
0.02118335
0.02118342
0.02119663
0.02124873
0.02140642
0.02184900
0.02235028
0.02287471
0.02342434
0.02400103
0.02460681
0.03974032
0.03974032
0.03974032
0.03974032
0.03974032
0.03974032
0.03974032
0.03974032
0.03974032
0.03974032
0.03974032
0.03974032
0.03974032
0.03974032
0.03974032
0.03974032
0.03974032
0.03974032
0.03974032
0.03974032
0.03974032
0.03974032
0.03974032
0.03974032
0.03974032
0.03974032
0.03974032
0.03974032
0.03974032
0.03974032
0.03974032
0.03974032
0.03974032
0.03974032
0.03974032
0.03974032
0.03974032
0.03974032
0.03974032
0.03974032
0.03974032
0.03974032
0.03974032
0.03974032
0.03974032
0.03974032
0.03974032
0.03974032
0.03974032
0.03974032
0.03974032
0.03974032
0.03974032
0.03974032
0.03974032
0.03974032
0.03974032
0.03974032
0.03974032
0.03974032
0.03974032
0.03974032
0.03974032
0.03974032
0.03974032
0.03974032
0.03974032
0.03974032
0.03974032
0.03974032
0.03974032
0.03974032
0.03974032
0.03974032
0.03974032
0.03974032
0.03974032
0.03974032
0.03974032
0.03974032
0.03974032
0.03974032
0.03974032
0.02511226
0.02447455
0.02386828
0.02329131
0.02274158
0.02221722
0.02171732
0.02134232
0.02122124
0.02118764
0.02118341
0.02118337
0.02118351
0.02118364
0.02118377
0.02209178
0.02170674
0.02133489
0.02097557
0.02062815
0.02029205
0.01996672
0.01965166
0.01939998
0.01939998
0.01939998
0.01939998
0.01939998
0.01939998
0.01939998
0.01939998
0.01939998
0.01939998
0.01939998
0.01939998
0.01939998
0.01939998
0.01939998
0.01939998
0.01939998
0.01939998
0.02767966
0.02767117
0.02766269
0.02765421
0.02764576
0.02763731
0.02762887
0.02762043
0.02761199
0.02760357
0.02759515
0.02758673
0.02757832
0.02756991
0.02756151
0.02755311
0.02754471
0.02753631
0.02752789
0.02751947
0.02751106
0.02750265
0.02749427
0.02748589
0.02747751
0.02746913
0.02746077
0.02745241
0.02744405
0.02743569
0.02742735
0.02741901
0.02741067
0.02740234
0.02739401
0.02738569
0.02737738
0.02736908
0.02736080
0.02735252
0.02734426
0.02733600
0.02732774
0.02731949
0.02731124
0.02730300
0.02730480
0.02731304
0.02732128
0.02732953
0.02733779
0.02734604
0.02735431
0.02736258
0.02737085
0.02737913
0.02738742
0.02739571
0.02740400
0.02741230
0.02742061
0.02742891
0.02743723
0.02744555
0.02745387
0.02746220
0.02747054
0.02747888
0.02748722
0.02749557
0.02750393
0.02751229
0.02752065
0.02752905
0.02753744
0.02754585
0.02755427
0.02756268
0.02757110
0.02757952
0.02758795
0.02759638
0.02760482
0.02761325
0.02762170
0.02763015
0.02763861
0.02764707
0.02765553
0.02766399
0.02767245
0.02768093
0.01939998
0.01939998
0.01939998
0.01939998
0.01939998
0.01939998
0.01939998
0.01939998
0.01939998
0.01939998
0.01939998
0.01939998
0.01939998
0.01939998
0.01939998
0.01939998
0.01939998
0.01944721
0.01975287
0.02006828
0.02039393
0.02073020
0.02107788
0.02143741
0.02180943
0.02119083
0.02119065
0.02119052
0.02119038
0.02119026
0.02119033
0.02120393
0.02125661
0.02141605
0.02186185
0.02236370
0.02288877
0.02343908
0.02401650
0.02462309
0.03939736
0.03939736
0.03939736
0.03939736
0.03939736
0.03939736
0.03939736
0.03939736
0.03939736
0.03939736
0.03939736
0.03939736
0.03939736
0.03939736
0.03939736
0.03939736
0.03939736
0.03939736
0.03939736
0.03939736
0.03939736
0.03939736
0.03939736
0.03939736
0.03939736
0.03939736
0.03939736
0.03939736
0.03939736
0.03939736
0.03939736
0.03939736
0.03939736
0.03939736
0.03939736
0.03939736
0.03939736
0.03939736
0.03939736
0.03939736
0.03939736
0.03939736
0.03939736
0.03939736
0.03939736
0.03939736
0.03939736
0.03939736
0.03939736
0.03939736
0.03939736
0.03939736
0.03939736
0.03939736
0.03939736
0.03939736
0.03939736
0.03939736
0.03939736
0.03939736
0.03939736
0.03939736
0.03939736
0.03939736
0.03939736
0.03939736
0.03939736
0.03939736
0.03939736
0.03939736
0.03939736
0.03939736
0.03939736
0.03939736
0.03939736
0.03939736
0.03939736
0.03939736
0.03939736
0.03939736
0.03939736
0.03939736
0.03939736
0.02512942
0.02449083
0.02388376
0.02330606
0.02275564
0.02223062
0.02173008
0.02135188
0.02122927
0.02119493
0.02119032
0.02119028
0.02119042
0.02119055
0.02119069
0.02119091
0.02170674
0.02133489
0.02097557
0.02062815
0.02029205
0.01996672
0.01965166
0.01939998
0.01939998
0.01939998
0.01939998
0.01939998
0.01939998
0.01939998
0.01939998
0.01939998
0.01939998
0.01939998
0.01939998
0.01939998
0.01939998
0.01939998
0.01939998
0.01939998
0.01939998
0.02767965
0.02767116
0.02766268
0.02765422
0.02764577
0.02763732
0.02762888
0.02762044
0.02761201
0.02760358
0.02759515
0.02758674
0.02757833
0.02756992
0.02756152
0.02755311
0.02754468
0.02753625
0.02752783
0.02751941
0.02751101
0.02750262
0.02749423
0.02748585
0.02747747
0.02746910
0.02746074
0.02745237
0.02744401
0.02743566
0.02742732
0.02741898
0.02741064
0.02740231
0.02739399
0.02738569
0.02737740
0.02736912
0.02736084
0.02735257
0.02734430
0.02733604
0.02732778
0.02731952
0.02731128
0.02730304
0.02730484
0.02731308
0.02732131
0.02732957
0.02733782
0.02734608
0.02735434
0.02736261
0.02737089
0.02737917
0.02738746
0.02739574
0.02740404
0.02741234
0.02742064
0.02742895
0.02743727
0.02744558
0.02745391
0.02746224
0.02747058
0.02747891
0.02748726
0.02749561
0.02750396
0.02751232
0.02752069
0.02752906
0.02753743
0.02754584
0.02755425
0.02756267
0.02757109
0.02757951
0.02758794
0.02759637
0.02760481
0.02761325
0.02762170
0.02763015
0.02763860
0.02764706
0.02765554
0.02766400
0.02767247
0.02768094
0.01939998
0.01939998
0.01939998
0.01939998
0.01939998
0.01939998
0.01939998
0.01939998
0.01939998
0.01939998
0.01939998
0.01939998
0.01939998
0.01939998
0.01939998
0.01939998
0.01939998
0.01944721
0.01975287
0.02006828
0.02039393
0.02073020
0.02107788
0.02143741
0.02180943
0.02119774
0.02119757
0.02119744
0.02119731
0.02119718
0.02119725
0.02121123
0.02126448
0.02142569
0.02187472
0.02237714
0.02290284
0.02345384
0.02403199
0.02463938
0.03906027
0.03906027
0.03906027
0.03906027
0.03906027
0.03906027
0.03906027
0.03906027
0.03906027
0.03906027
0.03906027
0.03906027
0.03906027
0.03906027
0.03906027
0.03906027
0.03906027
0.03906027
0.03906027
0.03906027
0.03906027
0.03906027
0.03906027
0.03906027
0.03906027
0.03906027
0.03906027
0.03906027
0.03906027
0.03906027
0.03906027
0.03906027
0.03906027
0.03906027
0.03906027
0.03906027
0.03906027
0.03906027
0.03906027
0.03906027
0.03906027
0.03906027
0.03906027
0.03906027
0.03906027
0.03906027
0.03906027
0.03906027
0.03906027
0.03906027
0.03906027
0.03906027
0.03906027
0.03906027
0.03906027
0.03906027
0.03906027
0.03906027
0.03906027
0.03906027
0.03906027
0.03906027
0.03906027
0.03906027
0.03906027
0.03906027
0.03906027
0.03906027
0.03906027
0.03906027
0.03906027
0.03906027
0.03906027
0.03906027
0.03906027
0.03906027
0.03906027
0.03906027
0.03906027
0.03906027
0.03906027
0.03906027
0.03906027
0.02514660
0.02450713
0.02389927
0.02332082
0.02276971
0.02224405
0.02174286
0.02136145
0.02123731
0.02120222
0.02119723
0.02119721
0.02119734
0.02119748
0.02119762
0.02119782
0.02170674
0.02133489
0.02097557
0.02062815
0.02029205
0.01996672
0.01965166
0.01939998
0.01939998
0.01939998
0.01939998
0.01939998
0.01939998
0.01939998
0.01939998
0.01939998
0.01939998
0.01939998
0.01939998
0.01939998
0.01939998
0.01939998
0.01939998
0.01939998
0.01939998
0.02767964
0.02767116
0.02766270
0.02765423
0.02764578
0.02763733
0.02762889
0.02762045
0.02761202
0.02760359
0.02759517
0.02758675
0.02757834
0.02756993
0.02756148
0.02755305
0.02754461
0.02753618
0.02752778
0.02751938
0.02751098
0.02750259
0.02749420
0.02748582
0.02747744
0.02746907
0.02746070
0.02745234
0.02744398
0.02743563
0.02742728
0.02741894
0.02741062
0.02740232
0.02739402
0.02738573
0.02737745
0.02736916
0.02736088
0.02735261
0.02734434
0.02733608
0.02732782
0.02731957
0.02731133
0.02730308
0.02730487
0.02731311
0.02732135
0.02732960
0.02733785
0.02734611
0.02735438
0.02736265
0.02737092
0.02737920
0.02738749
0.02739578
0.02740407
0.02741237
0.02742067
0.02742898
0.02743730
0.02744562
0.02745394
0.02746227
0.02747061
0.02747895
0.02748729
0.02749564
0.02750400
0.02751235
0.02752073
0.02752909
0.02753746
0.02754584
0.02755423
0.02756265
0.02757107
0.02757950
0.02758793
0.02759637
0.02760481
0.02761324
0.02762169
0.02763014
0.02763860
0.02764706
0.02765553
0.02766400
0.02767248
0.02768094
0.01939998
0.01939998
0.01939998
0.01939998
0.01939998
0.01939998
0.01939998
0.01939998
0.01939998
0.01939998
0.01939998
0.01939998
0.01939998
0.01939998
0.01939998
0.01939998
0.01939998
0.01944721
0.01975287
0.02006828
0.02039393
0.02073020
0.02107788
0.02143741
0.02180943
0.02120466
0.02120450
0.02120437
0.02120424
0.02120410
0.02120416
0.02121853
0.02127237
0.02143534
0.02188761
0.02239059
0.02291693
0.02346861
0.02404751
0.02465569
0.03872891
0.03872891
0.03872891
0.03872891
0.03872891
0.03872891
0.03872891
0.03872891
0.03872891
0.03872891
0.03872891
0.03872891
0.03872891
0.03872891
0.03872891
0.03872891
0.03872891
0.03872891
0.03872891
0.03872891
0.03872891
0.03872891
0.03872891
0.03872891
0.03872891
0.03872891
0.03872891
0.03872891
0.03872891
0.03872891
0.03872891
0.03872891
0.03872891
0.03872891
0.03872891
0.03872891
0.03872891
0.03872891
0.03872891
0.03872891
0.03872891
0.03872891
0.03872891
0.03872891
0.03872891
0.03872891
0.03872891
0.03872891
0.03872891
0.03872891
0.03872891
0.03872891
0.03872891
0.03872891
0.03872891
0.03872891
0.03872891
0.03872891
0.03872891
0.03872891
0.03872891
0.03872891
0.03872891
0.03872891
0.03872891
0.03872891
0.03872891
0.03872891
0.03872891
0.03872891
0.03872891
0.03872891
0.03872891
0.03872891
0.03872891
0.03872891
0.03872890
0.03872890
0.03872890
0.03872890
0.03872890
0.03872890
0.03872890
0.02516380
0.02452345
0.02391479
0.02333560
0.02278380
0.02225750
0.02175565
0.02137102
0.02124536
0.02120952
0.02120415
0.02120413
0.02120427
0.02120440
0.02120454
0.02120473
0.02170674
0.02133489
0.02097557
0.02062815
0.02029205
0.01996672
0.01965166
0.01939998
0.01939998
0.01939998
0.01939998
0.01939998
0.01939998
0.01939998
0.01939998
0.01939998
0.01939998
0.01939998
0.01939998
0.01939998
0.01939998
0.01939998
0.01939998
0.01939998
0.01939998
0.02767964
0.02767117
0.02766271
0.02765425
0.02764579
0.02763735
0.02762890
0.02762046
0.02761203
0.02760360
0.02759518
0.02758676
0.02757831
0.02756986
0.02756142
0.02755298
0.02754456
0.02753615
0.02752774
0.02751934
0.02751094
0.02750255
0.02749417
0.02748578
0.02747740
0.02746903
0.02746067
0.02745231
0.02744395
0.02743561
0.02742729
0.02741898
0.02741067
0.02740237
0.02739407
0.02738577
0.02737749
0.02736920
0.02736093
0.02735265
0.02734438
0.02733612
0.02732786
0.02731960
0.02731136
0.02730312
0.02730487
0.02731314
0.02732139
0.02732964
0.02733789
0.02734615
0.02735442
0.02736268
0.02737096
0.02737924
0.02738752
0.02739581
0.02740411
0.02741241
0.02742071
0.02742902
0.02743733
0.02744565
0.02745398
0.02746231
0.02747064
0.02747898
0.02748733
0.02749568
0.02750403
0.02751239
0.02752076
0.02752912
0.02753750
0.02754588
0.02755427
0.02756266
0.02757106
0.02757948
0.02758792
0.02759635
0.02760480
0.02761324
0.02762168
0.02763014
0.02763860
0.02764706
0.02765553
0.02766400
0.02767248
0.02768096
0.01939998
0.01939998
0.01939998
0.01939998
0.01939998
0.01939998
0.01939998
0.01939998
0.01939998
0.01939998
0.01939998
0.01939998
0.01939998
0.01939998
0.01939998
0.01939998
0.01939998
0.01944721
0.01975287
0.02006828
0.02039393
0.02073020
0.02107788
0.02143741
0.02180943
0.02121158
0.02121143
0.02121130
0.02121117
0.02121103
0.02121109
0.02122585
0.02128026
0.02144500
0.02190051
0.02240405
0.02293104
0.02348341
0.02406304
0.02467202
0.03840311
0.03840311
0.03840311
0.03840311
0.03840311
0.03840311
0.03840311
0.03840311
0.03840311
0.03840311
0.03840311
0.03840311
0.03840311
0.03840311
0.03840311
0.03840311
0.03840311
0.03840311
0.03840311
0.03840311
0.03840311
0.03840311
0.03840311
0.03840311
0.03840311
0.03840311
0.03840311
0.03840311
0.03840311
0.03840311
0.03840311
0.03840311
0.03840311
0.03840311
0.03840311
0.03840311
0.03840311
0.03840311
0.03840311
0.03840311
0.03840311
0.03840311
0.03840311
0.03840311
0.03840311
0.03840311
0.03840311
0.03840311
0.03840311
0.03840311
0.03840311
0.03840311
0.03840311
0.03840311
0.03840311
0.03840311
0.03840311
0.03840311
0.03840311
0.03840311
0.03840311
0.03840311
0.03840311
0.03840311
0.03840311
0.03840311
0.03840311
0.03840311
0.03840311
0.03840311
0.03840311
0.03840311
0.03840311
0.03840311
0.03840311
0.03840311
0.03840310
0.03840310
0.03840310
0.03840310
0.03840310
0.03840310
0.03840310
0.02518102
0.02453980
0.02393034
0.02335040
0.02279791
0.02227096
0.02176846
0.02138060
0.02125341
0.02121682
0.02121107
0.02121107
0.02121120
0.02121134
0.02121147
0.02121165
0.02170674
0.02133489
0.02097557
0.02062815
0.02029205
0.01996672
0.01965166
0.01939998
0.01939998
0.01939998
0.01939998
0.01939998
0.01939998
0.01939998
0.01939998
0.01939998
0.01939998
0.01939998
0.01939998
0.01939998
0.01939998
0.01939998
0.01939998
0.01939998
0.01939998
0.02767965
0.02767118
0.02766271
0.02765426
0.02764580
0.02763736
0.02762891
0.02762048
0.02761204
0.02760361
0.02759516
0.02758670
0.02757825
0.02756980
0.02756137
0.02755295
0.02754453
0.02753612
0.02752771
0.02751931
0.02751091
0.02750252
0.02749413
0.02748575
0.02747737
0.02746900
0.02746064
0.02745230
0.02744397
0.02743565
0.02742733
0.02741902
0.02741071
0.02740240
0.02739410
0.02738581
0.02737753
0.02736925
0.02736097
0.02735269
0.02734442
0.02733616
0.02732790
0.02731965
0.02731141
0.02730316
0.02730485
0.02731310
0.02732136
0.02732963
0.02733791
0.02734618
0.02735445
0.02736272
0.02737100
0.02737927
0.02738756
0.02739585
0.02740414
0.02741244
0.02742075
0.02742906
0.02743737
0.02744569
0.02745402
0.02746234
0.02747068
0.02747902
0.02748737
0.02749571
0.02750407
0.02751243
0.02752079
0.02752916
0.02753754
0.02754592
0.02755430
0.02756270
0.02757109
0.02757949
0.02758790
0.02759633
0.02760478
0.02761323
0.02762168
0.02763014
0.02763859
0.02764705
0.02765552
0.02766399
0.02767247
0.02768095
0.01939998
0.01939998
0.01939998
0.01939998
0.01939998
0.01939998
0.01939998
0.01939998
0.01939998
0.01939998
0.01939998
0.01939998
0.01939998
0.01939998
0.01939998
0.01939998
0.01939998
0.01944721
0.01975287
0.02006828
0.02039393
0.02073020
0.02107788
0.02143741
0.02180943
0.02121851
0.02121837
0.02121824
0.02121810
0.02121797
0.02121801
0.02123316
0.02128816
0.02145466
0.02191343
0.02241754
0.02294516
0.02349822
0.02407860
0.02468837
0.03808275
0.03808275
0.03808275
0.03808275
0.03808275
0.03808275
0.03808275
0.03808275
0.03808275
0.03808275
0.03808275
0.03808275
0.03808275
0.03808275
0.03808275
0.03808275
0.03808275
0.03808275
0.03808275
0.03808275
0.03808275
0.03808275
0.03808275
0.03808275
0.03808275
0.03808275
0.03808275
0.03808275
0.03808275
0.03808275
0.03808275
0.03808275
0.03808275
0.03808275
0.03808275
0.03808275
0.03808275
0.03808275
0.03808275
0.03808275
0.03808275
0.03808275
0.03808275
0.03808275
0.03808275
0.03808275
0.03808275
0.03808275
0.03808275
0.03808275
0.03808275
0.03808275
0.03808275
0.03808275
0.03808275
0.03808275
0.03808275
0.03808275
0.03808275
0.03808275
0.03808275
0.03808275
0.03808275
0.03808275
0.03808275
0.03808275
0.03808275
0.03808275
0.03808275
0.03808275
0.03808275
0.03808275
0.03808275
0.03808275
0.03808275
0.03808275
0.03808274
0.03808274
0.03808274
0.03808274
0.03808274
0.03808274
0.03808274
0.03808274
0.02455617
0.02394590
0.02336522
0.02281203
0.02228444
0.02178129
0.02139020
0.02126147
0.02122413
0.02121800
0.02121800
0.02121814
0.02121827
0.02121841
0.02121857
0.02170674
0.02133489
0.02097557
0.02062815
0.02029205
0.01996672
0.01965166
0.01939998
0.01939998
0.01939998
0.01939998
0.01939998
0.01939998
0.01939998
0.01939998
0.01939998
0.01939998
0.01939998
0.01939998
0.01939998
0.01939998
0.01939998
0.01939998
0.01939998
0.01939998
0.02767966
0.02767119
0.02766273
0.02765427
0.02764581
0.02763736
0.02762892
0.02762049
0.02761203
0.02760356
0.02759510
0.02758664
0.02757820
0.02756977
0.02756133
0.02755291
0.02754449
0.02753608
0.02752768
0.02751927
0.02751087
0.02750248
0.02749410
0.02748572
0.02747736
0.02746901
0.02746068
0.02745234
0.02744401
0.02743569
0.02742738
0.02741906
0.02741075
0.02740245
0.02739415
0.02738585
0.02737756
0.02736928
0.02736101
0.02735274
0.02734447
0.02733620
0.02732794
0.02731969
0.02731144
0.02730320
0.02730482
0.02731308
0.02732133
0.02732960
0.02733787
0.02734615
0.02735443
0.02736272
0.02737101
0.02737931
0.02738759
0.02739589
0.02740418
0.02741248
0.02742078
0.02742909
0.02743741
0.02744573
0.02745405
0.02746238
0.02747072
0.02747906
0.02748740
0.02749575
0.02750411
0.02751246
0.02752083
0.02752920
0.02753757
0.02754595
0.02755434
0.02756273
0.02757112
0.02757953
0.02758793
0.02759634
0.02760476
0.02761321
0.02762166
0.02763012
0.02763858
0.02764705
0.02765552
0.02766399
0.02767247
0.02768094
0.01939998
0.01939998
0.01939998
0.01939998
0.01939998
0.01939998
0.01939998
0.01939998
0.01939998
0.01939998
0.01939998
0.01939998
0.01939998
0.01939998
0.01939998
0.01939998
0.01939998
0.01944721
0.01975287
0.02006828
0.02039393
0.02073020
0.02107788
0.02143741
0.02180943
0.02122545
0.02122531
0.02122518
0.02122505
0.02122491
0.02122495
0.02124049
0.02129606
0.02146434
0.02192636
0.02243104
0.02295930
0.02351306
0.02409418
0.02470474
0.03776768
0.03776768
0.03776768
0.03776768
0.03776768
0.03776768
0.03776768
0.03776768
0.03776768
0.03776768
0.03776768
0.03776768
0.03776768
0.03776768
0.03776768
0.03776768
0.03776768
0.03776768
0.03776768
0.03776768
0.03776768
0.03776768
0.03776768
0.03776768
0.03776768
0.03776768
0.03776768
0.03776768
0.03776768
0.03776768
0.03776768
0.03776768
0.03776768
0.03776768
0.03776768
0.03776768
0.03776768
0.03776768
0.03776768
0.03776768
0.03776768
0.03776768
0.03776768
0.03776768
0.03776768
0.03776768
0.03776768
0.03776768
0.03776768
0.03776768
0.03776768
0.03776768
0.03776768
0.03776768
0.03776768
0.03776768
0.03776768
0.03776768
0.03776768
0.03776768
0.03776768
0.03776768
0.03776768
0.03776768
0.03776768
0.03776768
0.03776768
0.03776768
0.03776768
0.03776768
0.03776768
0.03776768
0.03776768
0.03776768
0.03776768
0.03776768
0.03776768
0.03776768
0.03776768
0.03776768
0.03776768
0.03776768
0.03776768
0.03776768
0.02457256
0.02396149
0.02338006
0.02282618
0.02229794
0.02179413
0.02139980
0.02126954
0.02123145
0.02122493
0.02122494
0.02122508
0.02122521
0.02122535
0.02122550
0.02170674
0.02133489
0.02097557
0.02062815
0.02029205
0.01996672
0.01965166
0.01939998
0.01939998
0.01939998
0.01939998
0.01939998
0.01939998
0.01939998
0.01939998
0.01939998
0.01939998
0.01939998
0.01939998
0.01939998
0.01939998
0.01939998
0.01939998
0.01939998
0.01939998
0.02767967
0.02767120
0.02766274
0.02765428
0.02764582
0.02763738
0.02762892
0.02762044
0.02761197
0.02760350
0.02759505
0.02758660
0.02757816
0.02756973
0.02756131
0.02755288
0.02754446
0.02753605
0.02752764
0.02751924
0.02751084
0.02750246
0.02749411
0.02748575
0.02747740
0.02746906
0.02746072
0.02745238
0.02744405
0.02743573
0.02742741
0.02741910
0.02741079
0.02740249
0.02739419
0.02738590
0.02737761
0.02736933
0.02736105
0.02735278
0.02734451
0.02733624
0.02732798
0.02731973
0.02731148
0.02730324
0.02730479
0.02731304
0.02732131
0.02732957
0.02733785
0.02734612
0.02735440
0.02736269
0.02737098
0.02737928
0.02738759
0.02739589
0.02740421
0.02741252
0.02742082
0.02742912
0.02743744
0.02744576
0.02745409
0.02746241
0.02747075
0.02747909
0.02748743
0.02749578
0.02750414
0.02751250
0.02752087
0.02752923
0.02753761
0.02754598
0.02755438
0.02756276
0.02757116
0.02757956
0.02758797
0.02759638
0.02760480
0.02761322
0.02762164
0.02763011
0.02763857
0.02764704
0.02765551
0.02766398
0.02767246
0.02768094
0.01939998
0.01939998
0.01939998
0.01939998
0.01939998
0.01939998
0.01939998
0.01939998
0.01939998
0.01939998
0.01939998
0.01939998
0.01939998
0.01939998
0.01939998
0.01939998
0.01939998
0.01944721
0.01975286
0.02006828
0.02039393
0.02073020
0.02107788
0.02143741
0.02180943
0.02123239
0.02123226
0.02123212
0.02123199
0.02123186
0.02123188
0.02124781
0.02130398
0.02147402
0.02193930
0.02244455
0.02297347
0.02352791
0.02410977
0.02472114
0.03745780
0.03745780
0.03745780
0.03745780
0.03745780
0.03745780
0.03745780
0.03745780
0.03745780
0.03745780
0.03745780
0.03745780
0.03745780
0.03745780
0.03745780
0.03745780
0.03745780
0.03745780
0.03745780
0.03745780
0.03745780
0.03745780
0.03745780
0.03745780
0.03745780
0.03745780
0.03745780
0.03745780
0.03745780
0.03745780
0.03745780
0.03745780
0.03745780
0.03745780
0.03745780
0.03745780
0.03745780
0.03745780
0.03745780
0.03745780
0.03745780
0.03745780
0.03745780
0.03745780
0.03745780
0.03745780
0.03745780
0.03745780
0.03745780
0.03745780
0.03745780
0.03745780
0.03745780
0.03745780
0.03745780
0.03745780
0.03745780
0.03745780
0.03745780
0.03745780
0.03745780
0.03745780
0.03745780
0.03745780
0.03745780
0.03745780
0.03745780
0.03745780
0.03745780
0.03745780
0.03745780
0.03745780
0.03745780
0.03745780
0.03745780
0.03745780
0.03745780
0.03745780
0.03745780
0.03745780
0.03745780
0.03745780
0.03745780
0.03745780
0.02458897
0.02397709
0.02339491
0.02284034
0.02231145
0.02180698
0.02140941
0.02127761
0.02123876
0.02123187
0.02123189
0.02123202
0.02123216
0.02123230
0.02123243
0.02170674
0.02133489
0.02097557
0.02062815
0.02029205
0.01996672
0.01965166
0.01939998
0.01939998
0.01939998
0.01939998
0.01939998
0.01939998
0.01939998
0.01939998
0.01939998
0.01939998
0.01939998
0.01939998
0.01939998
0.01939998
0.01939998
0.01939998
0.01939998
0.01939998
0.02767968
0.02767121
0.02766275
0.02765429
0.02764583
0.02763734
0.02762885
0.02762037
0.02761192
0.02760346
0.02759501
0.02758657
0.02757813
0.02756970
0.02756127
0.02755284
0.02754442
0.02753601
0.02752761
0.02751924
0.02751087
0.02750251
0.02749415
0.02748580
0.02747745
0.02746910
0.02746076
0.02745243
0.02744410
0.02743578
0.02742746
0.02741915
0.02741084
0.02740253
0.02739423
0.02738594
0.02737765
0.02736936
0.02736108
0.02735281
0.02734455
0.02733628
0.02732803
0.02731977
0.02731153
0.02730328
0.02730476
0.02731302
0.02732128
0.02732954
0.02733781
0.02734609
0.02735437
0.02736266
0.02737095
0.02737925
0.02738756
0.02739586
0.02740418
0.02741249
0.02742082
0.02742914
0.02743748
0.02744580
0.02745412
0.02746245
0.02747079
0.02747912
0.02748747
0.02749582
0.02750418
0.02751253
0.02752090
0.02752927
0.02753764
0.02754602
0.02755441
0.02756280
0.02757120
0.02757960
0.02758800
0.02759642
0.02760483
0.02761325
0.02762168
0.02763011
0.02763855
0.02764702
0.02765549
0.02766397
0.02767246
0.02768094
0.01939998
0.01939998
0.01939998
0.01939998
0.01939998
0.01939998
0.01939998
0.01939998
0.01939998
0.01939998
0.01939998
0.01939998
0.01939998
0.01939998
0.01939998
0.01939998
0.01939998
0.01944721
0.01975286
0.02006828
0.02039393
0.02073020
0.02107788
0.02143741
0.02180943
0.02123934
0.02123921
0.02123908
0.02123894
0.02123881
0.02123882
0.02125514
0.02131215
0.02148372
0.02195226
0.02245809
0.02298764
0.02354277
0.02412539
0.02473755
0.03715296
0.03715296
0.03715296
0.03715296
0.03715296
0.03715296
0.03715296
0.03715296
0.03715296
0.03715296
0.03715296
0.03715296
0.03715296
0.03715296
0.03715296
0.03715296
0.03715296
0.03715296
0.03715296
0.03715296
0.03715296
0.03715296
0.03715296
0.03715296
0.03715296
0.03715296
0.03715296
0.03715296
0.03715296
0.03715296
0.03715296
0.03715296
0.03715296
0.03715296
0.03715296
0.03715296
0.03715296
0.03715296
0.03715296
0.03715296
0.03715296
0.03715296
0.03715296
0.03715296
0.03715296
0.03715296
0.03715296
0.03715296
0.03715296
0.03715296
0.03715296
0.03715296
0.03715296
0.03715296
0.03715296
0.03715296
0.03715296
0.03715296
0.03715296
0.03715296
0.03715296
0.03715296
0.03715296
0.03715296
0.03715296
0.03715296
0.03715296
0.03715296
0.03715296
0.03715296
0.03715296
0.03715296
0.03715296
0.03715296
0.03715296
0.03715296
0.03715296
0.03715296
0.03715296
0.03715296
0.03715296
0.03715296
0.03715296
0.03715296
0.02460540
0.02399272
0.02340979
0.02285452
0.02232498
0.02181984
0.02141902
0.02128568
0.02124609
0.02123881
0.02123884
0.02123897
0.02123911
0.02123924
0.02123938
0.02170674
0.02133489
0.02097557
0.02062815
0.02029205
0.01996672
0.01965166
0.01939998
0.01939998
0.01939998
0.01939998
0.01939998
0.01939998
0.01939998
0.01939998
0.01939998
0.01939998
0.01939998
0.01939998
0.01939998
0.01939998
0.01939998
0.01939998
0.01939998
0.01939998
0.02767970
0.02767122
0.02766276
0.02765426
0.02764577
0.02763728
0.02762880
0.02762034
0.02761188
0.02760343
0.02759498
0.02758653
0.02757809
0.02756966
0.02756124
0.02755281
0.02754442
0.02753603
0.02752765
0.02751928
0.02751091
0.02750254
0.02749419
0.02748583
0.02747749
0.02746914
0.02746080
0.02745247
0.02744414
0.02743581
0.02742749
0.02741918
0.02741087
0.02740257
0.02739427
0.02738598
0.02737769
0.02736941
0.02736113
0.02735286
0.02734459
0.02733633
0.02732807
0.02731981
0.02731157
0.02730332
0.02730474
0.02731300
0.02732125
0.02732952
0.02733779
0.02734607
0.02735435
0.02736264
0.02737093
0.02737922
0.02738753
0.02739583
0.02740415
0.02741246
0.02742078
0.02742912
0.02743744
0.02744579
0.02745413
0.02746248
0.02747082
0.02747916
0.02748751
0.02749586
0.02750421
0.02751257
0.02752094
0.02752930
0.02753768
0.02754606
0.02755444
0.02756284
0.02757123
0.02757963
0.02758804
0.02759645
0.02760487
0.02761329
0.02762171
0.02763015
0.02763858
0.02764703
0.02765548
0.02766396
0.02767244
0.02768093
0.01939998
0.01939998
0.01939998
0.01939998
0.01939998
0.01939998
0.01939998
0.01939998
0.01939998
0.01939998
0.01939998
0.01939998
0.01939998
0.01939998
0.01939998
0.01939998
0.01939998
0.01944721
0.01975286
0.02006828
0.02039393
0.02073020
0.02107788
0.02143741
0.02124626
0.02124630
0.02124617
0.02124603
0.02124589
0.02124576
0.02124577
0.02126236
0.02132033
0.02149342
0.02196524
0.02247163
0.02300184
0.02355766
0.02414102
0.02475400
0.03685304
0.03685304
0.03685304
0.03685304
0.03685304
0.03685304
0.03685304
0.03685304
0.03685304
0.03685304
0.03685304
0.03685304
0.03685304
0.03685304
0.03685304
0.03685304
0.03685304
0.03685304
0.03685304
0.03685304
0.03685304
0.03685304
0.03685304
0.03685304
0.03685304
0.03685304
0.03685304
0.03685304
0.03685304
0.03685304
0.03685304
0.03685304
0.03685304
0.03685304
0.03685304
0.03685304
0.03685304
0.03685304
0.03685304
0.03685304
0.03685304
0.03685304
0.03685304
0.03685304
0.03685304
0.03685304
0.03685304
0.03685304
0.03685304
0.03685304
0.03685304
0.03685304
0.03685304
0.03685304
0.03685304
0.03685304
0.03685304
0.03685304
0.03685304
0.03685304
0.03685304
0.03685304
0.03685304
0.03685304
0.03685304
0.03685304
0.03685304
0.03685304
0.03685304
0.03685304
0.03685304
0.03685304
0.03685304
0.03685304
0.03685304
0.03685304
0.03685303
0.03685303
0.03685303
0.03685303
0.03685303
0.03685303
0.03685303
0.03685303
0.02462186
0.02400836
0.02342469
0.02286872
0.02233853
0.02183273
0.02142865
0.02129377
0.02125342
0.02124575
0.02124579
0.02124593
0.02124606
0.02124620
0.02124633
0.02124618
0.02133489
0.02097557
0.02062815
0.02029205
0.01996672
0.01965166
0.01939998
0.01939998
0.01939998
0.01939998
0.01939998
0.01939998
0.01939998
0.01939998
0.01939998
0.01939998
0.01939998
0.01939998
0.01939998
0.01939998
0.01939998
0.01939998
0.01939998
0.01939998
0.02767970
0.02767120
0.02766270
0.02765420
0.02764572
0.02763724
0.02762877
0.02762030
0.02761185
0.02760340
0.02759494
0.02758650
0.02757806
0.02756964
0.02756125
0.02755285
0.02754446
0.02753607
0.02752769
0.02751932
0.02751095
0.02750259
0.02749423
0.02748588
0.02747753
0.02746918
0.02746085
0.02745251
0.02744418
0.02743586
0.02742754
0.02741922
0.02741091
0.02740261
0.02739431
0.02738602
0.02737773
0.02736945
0.02736117
0.02735289
0.02734463
0.02733636
0.02732811
0.02731985
0.02731161
0.02730337
0.02730472
0.02731298
0.02732123
0.02732950
0.02733777
0.02734604
0.02735432
0.02736261
0.02737090
0.02737920
0.02738750
0.02739581
0.02740412
0.02741244
0.02742076
0.02742909
0.02743742
0.02744576
0.02745410
0.02746245
0.02747080
0.02747916
0.02748753
0.02749589
0.02750425
0.02751261
0.02752097
0.02752934
0.02753772
0.02754609
0.02755448
0.02756287
0.02757127
0.02757967
0.02758808
0.02759649
0.02760490
0.02761333
0.02762175
0.02763018
0.02763862
0.02764706
0.02765551
0.02766396
0.02767242
0.02768091
0.01939998
0.01939998
0.01939998
0.01939998
0.01939998
0.01939998
0.01939998
0.01939998
0.01939998
0.01939998
0.01939998
0.01939998
0.01939998
0.01939998
0.01939998
0.01939998
0.01939998
0.01944721
0.01975286
0.02006828
0.02039393
0.02073020
0.02107788
0.02125307
0.02125319
0.02125320
0.02125312
0.02125299
0.02125285
0.02125272
0.02125272
0.02126959
0.02132852
0.02150313
0.02197823
0.02248520
0.02301605
0.02357257
0.02415668
0.02477046
0.03655792
0.03655792
0.03655792
0.03655792
0.03655792
0.03655792
0.03655792
0.03655792
0.03655792
0.03655792
0.03655792
0.03655792
0.03655792
0.03655792
0.03655792
0.03655792
0.03655792
0.03655792
0.03655792
0.03655792
0.03655792
0.03655792
0.03655792
0.03655792
0.03655792
0.03655792
0.03655792
0.03655792
0.03655792
0.03655792
0.03655792
0.03655792
0.03655792
0.03655792
0.03655792
0.03655792
0.03655792
0.03655792
0.03655792
0.03655792
0.03655792
0.03655792
0.03655792
0.03655792
0.03655792
0.03655792
0.03655792
0.03655792
0.03655792
0.03655792
0.03655792
0.03655792
0.03655792
0.03655792
0.03655792
0.03655792
0.03655792
0.03655792
0.03655792
0.03655792
0.03655792
0.03655792
0.03655792
0.03655792
0.03655792
0.03655792
0.03655792
0.03655792
0.03655792
0.03655792
0.03655792
0.03655792
0.03655792
0.03655792
0.03655792
0.03655792
0.03655791
0.03655791
0.03655791
0.03655791
0.03655791
0.03655791
0.03655791
0.03655791
0.02463834
0.02402403
0.02343960
0.02288293
0.02235209
0.02184563
0.02143829
0.02130186
0.02126075
0.02125270
0.02125275
0.02125289
0.02125302
0.02125316
0.02125327
0.02125311
0.02125297
0.02097557
0.02062815
0.02029205
0.01996672
0.01965166
0.01939998
0.01939998
0.01939998
0.01939998
0.01939998
0.01939998
0.01939998
0.01939998
0.01939998
0.01939998
0.01939998
0.01939998
0.01939998
0.01939998
0.01939998
0.01939998
0.01939998
0.01939998
0.02767964
0.02767114
0.02766264
0.02765416
0.02764568
0.02763721
0.02762873
0.02762027
0.02761181
0.02760336
0.02759491
0.02758650
0.02757809
0.02756968
0.02756128
0.02755289
0.02754450
0.02753612
0.02752773
0.02751936
0.02751099
0.02750263
0.02749427
0.02748591
0.02747757
0.02746922
0.02746089
0.02745255
0.02744422
0.02743590
0.02742758
0.02741926
0.02741095
0.02740265
0.02739435
0.02738606
0.02737777
0.02736949
0.02736121
0.02735294
0.02734467
0.02733641
0.02732816
0.02731992
0.02731168
0.02730344
0.02730470
0.02731295
0.02732120
0.02732948
0.02733775
0.02734602
0.02735430
0.02736259
0.02737088
0.02737918
0.02738748
0.02739578
0.02740410
0.02741241
0.02742073
0.02742906
0.02743739
0.02744573
0.02745407
0.02746242
0.02747077
0.02747913
0.02748749
0.02749586
0.02750424
0.02751262
0.02752100
0.02752938
0.02753775
0.02754613
0.02755452
0.02756291
0.02757130
0.02757971
0.02758811
0.02759652
0.02760494
0.02761336
0.02762179
0.02763022
0.02763866
0.02764710
0.02765555
0.02766399
0.02767246
0.02768092
0.01939998
0.01939998
0.01939998
0.01939998
0.01939998
0.01939998
0.01939998
0.01939998
0.01939998
0.01939998
0.01939998
0.01939998
0.01939998
0.01939998
0.01939998
0.01939998
0.01939998
0.01944721
0.01975286
0.02006828
0.02039393
0.02073020
0.02107788
0.02126003
0.02126013
0.02126017
0.02126009
0.02125995
0.02125982
0.02125968
0.02125967
0.02127682
0.02133671
0.02151285
0.02199124
0.02249878
0.02303028
0.02358750
0.02417235
0.02478694
0.03626748
0.03626748
0.03626748
0.03626748
0.03626748
0.03626748
0.03626748
0.03626748
0.03626748
0.03626748
0.03626748
0.03626748
0.03626748
0.03626748
0.03626748
0.03626748
0.03626748
0.03626748
0.03626748
0.03626748
0.03626748
0.03626748
0.03626748
0.03626748
0.03626748
0.03626748
0.03626748
0.03626748
0.03626748
0.03626748
0.03626748
0.03626748
0.03626748
0.03626748
0.03626748
0.03626748
0.03626748
0.03626748
0.03626748
0.03626748
0.03626748
0.03626748
0.03626748
0.03626748
0.03626748
0.03626748
0.03626748
0.03626748
0.03626748
0.03626748
0.03626748
0.03626748
0.03626748
0.03626748
0.03626748
0.03626748
0.03626748
0.03626748
0.03626748
0.03626748
0.03626748
0.03626748
0.03626748
0.03626748
0.03626748
0.03626748
0.03626748
0.03626748
0.03626748
0.03626748
0.03626748
0.03626748
0.03626748
0.03626748
0.03626748
0.03626748
0.03626748
0.03626748
0.03626748
0.03626748
0.03626748
0.03626748
0.03626748
0.03626748
0.02465484
0.02403971
0.02345453
0.02289716
0.02236567
0.02185854
0.02144793
0.02130996
0.02126809
0.02125966
0.02125971
0.02125985
0.02125998
0.02126012
0.02126021
0.02126005
0.02125991
0.02097557
0.02062815
0.02029205
0.01996672
0.01965166
0.01939998
0.01939998
0.01939998
0.01939998
0.01939998
0.01939998
0.01939998
0.01939998
0.01939998
0.01939998
0.01939998
0.01939998
0.01939998
0.01939998
0.01939998
0.01939998
0.01939998
0.01939998
0.02767960
0.02767110
0.02766261
0.02765413
0.02764565
0.02763717
0.02762870
0.02762024
0.02761181
0.02760338
0.02759496
0.02758654
0.02757813
0.02756972
0.02756133
0.02755293
0.02754454
0.02753616
0.02752778
0.02751941
0.02751104
0.02750267
0.02749431
0.02748596
0.02747761
0.02746926
0.02746093
0.02745259
0.02744426
0.02743594
0.02742762
0.02741931
0.02741100
0.02740269
0.02739439
0.02738611
0.02737783
0.02736955
0.02736128
0.02735301
0.02734475
0.02733649
0.02732824
0.02732000
0.02731176
0.02730352
0.02730467
0.02731293
0.02732118
0.02732945
0.02733772
0.02734600
0.02735428
0.02736256
0.02737086
0.02737916
0.02738746
0.02739576
0.02740408
0.02741239
0.02742071
0.02742904
0.02743737
0.02744570
0.02745405
0.02746239
0.02747075
0.02747910
0.02748747
0.02749583
0.02750421
0.02751258
0.02752097
0.02752935
0.02753775
0.02754615
0.02755455
0.02756294
0.02757134
0.02757974
0.02758815
0.02759656
0.02760498
0.02761340
0.02762182
0.02763026
0.02763869
0.02764713
0.02765558
0.02766404
0.02767249
0.02768095
0.01939998
0.01939998
0.01939998
0.01939998
0.01939998
0.01939998
0.01939998
0.01939998
0.01939998
0.01939998
0.01939998
0.01939998
0.01939998
0.01939998
0.01939998
0.01939998
0.01939998
0.01944721
0.01975286
0.02006828
0.02039393
0.02073020
0.02107788
0.02126698
0.02126708
0.02126714
0.02126706
0.02126692
0.02126679
0.02126665
0.02126663
0.02128405
0.02134491
0.02152258
0.02200425
0.02251237
0.02304453
0.02360244
0.02418805
0.02948431
0.03598163
0.03598163
0.03598163
0.03598163
0.03598163
0.03598163
0.03598163
0.03598163
0.03598163
0.03598163
0.03598163
0.03598163
0.03598163
0.03598163
0.03598163
0.03598163
0.03598163
0.03598163
0.03598163
0.03598163
0.03598163
0.03598163
0.03598163
0.03598163
0.03598163
0.03598163
0.03598163
0.03598163
0.03598163
0.03598163
0.03598163
0.03598163
0.03598163
0.03598163
0.03598163
0.03598163
0.03598163
0.03598163
0.03598163
0.03598163
0.03598163
0.03598163
0.03598163
0.03598163
0.03598163
0.03598163
0.03598163
0.03598163
0.03598163
0.03598163
0.03598163
0.03598163
0.03598163
0.03598163
0.03598163
0.03598163
0.03598163
0.03598163
0.03598163
0.03598163
0.03598163
0.03598163
0.03598163
0.03598163
0.03598163
0.03598163
0.03598163
0.03598163
0.03598163
0.03598163
0.03598163
0.03598163
0.03598163
0.03598163
0.03598163
0.03598163
0.03598163
0.03598163
0.03598163
0.03598163
0.03598163
0.03598163
0.03598163
0.03598163
0.02939055
0.02405542
0.02346948
0.02291141
0.02237926
0.02187147
0.02145758
0.02131806
0.02127543
0.02126662
0.02126668
0.02126682
0.02126695
0.02126709
0.02126715
0.02126700
0.02126685
0.02097557
0.02062815
0.02029205
0.01996672
0.01965166
0.01939998
0.01939998
0.01939998
0.01939998
0.01939998
0.01939998
0.01939998
0.01939998
0.01939998
0.01939998
0.01939998
0.01939998
0.01939998
0.01939998
0.01939998
0.01939998
0.01939998
0.01939998
0.02767956
0.02767107
0.02766258
0.02765409
0.02764561
0.02763715
0.02762871
0.02762027
0.02761184
0.02760342
0.02759500
0.02758658
0.02757817
0.02756977
0.02756136
0.02755297
0.02754458
0.02753620
0.02752782
0.02751945
0.02751108
0.02750271
0.02749435
0.02748600
0.02747765
0.02746930
0.02746097
0.02745263
0.02744431
0.02743598
0.02742766
0.02741936
0.02741105
0.02740276
0.02739447
0.02738618
0.02737790
0.02736962
0.02736135
0.02735309
0.02734483
0.02733647
0.02732814
0.02731981
0.02731149
0.02730317
0.02730465
0.02731290
0.02732116
0.02732943
0.02733770
0.02734597
0.02735426
0.02736254
0.02737083
0.02737913
0.02738743
0.02739574
0.02740405
0.02741236
0.02742068
0.02742901
0.02743734
0.02744568
0.02745402
0.02746237
0.02747072
0.02747908
0.02748744
0.02749581
0.02750418
0.02751256
0.02752094
0.02752933
0.02753772
0.02754612
0.02755452
0.02756293
0.02757135
0.02757977
0.02758819
0.02759660
0.02760501
0.02761343
0.02762186
0.02763029
0.02763873
0.02764717
0.02765562
0.02766407
0.02767253
0.02768099
0.01939998
0.01939998
0.01939998
0.01939998
0.01939998
0.01939998
0.01939998
0.01939998
0.01939998
0.01939998
0.01939998
0.01939998
0.01939998
0.01939998
0.01939998
0.01939998
0.01939998
0.01944721
0.01975286
0.02006828
0.02039381
0.02073020
0.02107788
0.02127393
0.02127402
0.02127409
0.02127403
0.02127389
0.02127376
0.02127363
0.02127359
0.02129129
0.02135311
0.02153232
0.02201725
0.02252599
0.02305879
0.02361741
0.02420376
0.02948431
0.03570025
0.03570025
0.03570025
0.03570025
0.03570025
0.03570025
0.03570025
0.03570025
0.03570025
0.03570025
0.03570025
0.03570025
0.03570025
0.03570025
0.03570025
0.03570025
0.03570025
0.03570025
0.03570025
0.03570025
0.03570025
0.03570025
0.03570025
0.03570025
0.03570025
0.03570025
0.03570025
0.03570025
0.03570025
0.03570025
0.03570025
0.03570025
0.03570025
0.03570025
0.03570025
0.03570025
0.03570025
0.03570025
0.03570025
0.03570025
0.03570025
0.03570025
0.03570025
0.03570025
0.03570025
0.03570025
0.03570025
0.03570025
0.03570025
0.03570025
0.03570025
0.03570025
0.03570025
0.03570025
0.03570025
0.03570025
0.03570025
0.03570025
0.03570025
0.03570025
0.03570025
0.03570025
0.03570025
0.03570025
0.03570025
0.03570025
0.03570025
0.03570025
0.03570025
0.03570025
0.03570025
0.03570025
0.03570025
0.03570025
0.03570025
0.03570025
0.03570025
0.03570025
0.03570025
0.03570025
0.03570025
0.03570025
0.03570025
0.03570025
0.02939055
0.02407115
0.02348445
0.02292567
0.02239287
0.02188442
0.02146724
0.02132617
0.02128278
0.02127358
0.02127365
0.02127379
0.02127393
0.02127408
0.02127410
0.02127395
0.02127380
0.02097557
0.02062815
0.02029205
0.01996672
0.01965166
0.01939998
0.01939998
0.01939998
0.01939998
0.01939998
0.01939998
0.01939998
0.01939998
0.01939998
0.01939998
0.01939998
0.01939998
0.01939998
0.01939998
0.01939998
0.01939998
0.01939998
0.01939998
0.02767953
0.02767104
0.02766255
0.02765409
0.02764564
0.02763719
0.02762875
0.02762032
0.02761189
0.02760346
0.02759504
0.02758663
0.02757821
0.02756981
0.02756141
0.02755301
0.02754462
0.02753624
0.02752786
0.02751949
0.02751112
0.02750276
0.02749440
0.02748604
0.02747769
0.02746935
0.02746101
0.02745269
0.02744437
0.02743605
0.02742774
0.02741943
0.02741113
0.02740283
0.02739454
0.02738617
0.02737781
0.02736945
0.02736109
0.02735274
0.02734440
0.02733619
0.02732793
0.02731968
0.02731143
0.02730319
