0.25457790
0.25510257
0.25563672
0.25618306
0.25673547
0.25727686
0.25781345
0.25836316
0.25891483
0.25947002
0.26002720
0.26058525
0.26114377
0.26170278
0.26226497
0.26283306
0.26340130
0.26396808
0.26453573
0.26510739
0.26568350
0.26626414
0.26685652
0.26745555
0.26807505
0.26873434
0.26940176
0.27049112
0.27662021
0.29335314
0.29402426
0.29469895
0.29537624
0.29605666
0.29674071
0.29742742
0.29811734
0.29881093
0.29950729
0.30020741
0.30091026
0.30161646
0.30232647
0.30303931
0.30375552
0.30447567
0.30519870
0.30592516
0.30665565
0.30738908
0.30812657
0.30886707
0.30961111
0.31035876
0.31111005
0.31186551
0.31262413
0.31338641
0.31415299
0.31492278
0.31569633
0.31647429
0.31725550
0.31804058
0.31883010
0.31962302
0.32042044
0.32122129
0.32202613
0.32283562
0.32364860
0.32446569
0.32528749
0.32611287
0.32694307
0.32777688
0.32861498
0.32945797
0.33030468
0.33115575
0.33201185
0.33287176
0.33373675
0.33460563
0.33547905
0.33635768
0.33724028
0.33812752
0.33902007
0.33991608
0.34081814
0.34172431
0.34263533
0.34355190
0.34447271
0.34539846
0.34632990
0.34726566
0.34820652
0.34915316
0.35010427
0.35106128
0.35202286
0.35298970
0.35396257
0.35494012
0.35592377
0.35691220
0.35790610
0.35890630
0.35991138
0.36092210
0.36193925
0.36296141
0.36398935
0.36502388
0.36606357
0.36710995
0.36816156
0.36921921
0.37028375
0.37132266
0.37227786
0.37323877
0.37420389
0.37515974
0.37589020
0.37662426
0.37736040
0.37809783
0.37862784
0.37912863
0.37963077
0.38013342
0.38047224
0.38073835
0.38100401
0.38127089
0.38142857
0.38145635
0.38148332
0.38151032
0.38149068
0.38129783
0.38110515
0.38089558
0.38064310
0.38039091
0.38017482
0.38020161
0.38065693
0.38171893
0.84077585
0.84345305
0.84615135
0.84886301
0.85159200
0.85433871
0.85710311
0.85988545
0.86268598
0.86550474
0.86834204
0.87119800
0.87407708
0.87697089
0.87988400
0.88281649
0.88576859
0.88874054
0.89173245
0.89474458
0.89777714
0.90083486
0.90390897
0.90700406
0.91012043
0.91325825
0.91641784
0.91959935
0.92280304
0.92602915
0.92927784
0.93255430
0.93584907
0.93916720
0.94250888
0.94587445
0.94926417
0.95267826
0.95611703
0.95958066
0.96307468
0.96658903
0.97012913
0.97369522
0.97728765
0.98090667
0.98455262
0.98822576
0.99192637
0.99565482
0.99941707
1.00320220
1.00701606
1.01085901
1.01473141
1.01862776
1.02256012
1.02652287
1.03051651
1.03454733
1.03860366
1.04269207
1.04681265
1.05096602
1.05515254
1.05937243
1.06362629
1.06791437
1.07223725
1.07660174
1.08099532
1.08542490
1.08989096
1.09439397
1.09893429
1.10351241
1.10812891
1.11278415
1.11748564
1.12222004
1.12699461
1.13181007
1.13666689
1.14156556
1.14650655
1.15149057
1.15651810
1.16158974
1.16671371
1.17187536
1.17708278
1.18233681
1.18763793
1.19298673
1.19838405
1.20383036
1.20932639
1.21488118
1.22047877
1.22612822
1.23183024
1.23758554
1.24339485
1.24925900
0.25498271
0.25550830
0.25603825
0.25657892
0.25713155
0.25768769
0.25822821
0.25877368
0.25932598
0.25988102
0.26043999
0.26100057
0.26156127
0.26212245
0.26268530
0.26324937
0.26381510
0.26438364
0.26495311
0.26552737
0.26610851
0.26669580
0.26729089
0.26789671
0.26851949
0.26924446
0.27024472
0.27526292
0.29318741
0.29385778
0.29453170
0.29520822
0.29588833
0.29657111
0.29725707
0.29794666
0.29863900
0.29933503
0.30003384
0.30073589
0.30144176
0.30215046
0.30286247
0.30357835
0.30429712
0.30501932
0.30574545
0.30647454
0.30720764
0.30794373
0.30868334
0.30942705
0.31017327
0.31092367
0.31167823
0.31243590
0.31319785
0.31396294
0.31473178
0.31550497
0.31628141
0.31706166
0.31784636
0.31863436
0.31942630
0.32022274
0.32102260
0.32182702
0.32263494
0.32344690
0.32426354
0.32508373
0.32590869
0.32673723
0.32756999
0.32840762
0.32924893
0.33009458
0.33094519
0.33179957
0.33265838
0.33352226
0.33439004
0.33526295
0.33613980
0.33702126
0.33790800
0.33879876
0.33969358
0.34059444
0.34149945
0.34240994
0.34332463
0.34424421
0.34516940
0.34609893
0.34703344
0.34797370
0.34891841
0.34986895
0.35082397
0.35178423
0.35275045
0.35372129
0.35469750
0.35567984
0.35666689
0.35766017
0.35865825
0.35966194
0.36067200
0.36168700
0.36270773
0.36373499
0.36476731
0.36580554
0.36685044
0.36790058
0.36895749
0.37001973
0.37108812
0.37216344
0.37314489
0.37410951
0.37507913
0.37605298
0.37687784
0.37761578
0.37835583
0.37909877
0.37973037
0.38023409
0.38073915
0.38124555
0.38168129
0.38194910
0.38221234
0.38247350
0.38270870
0.38273668
0.38276383
0.38279018
0.38281733
0.38265029
0.38245624
0.38226241
0.38201138
0.38175741
0.38150296
0.38142037
0.38176069
0.38258612
0.84279013
0.84548020
0.84818751
0.85091221
0.85365856
0.85641855
0.85919648
0.86199248
0.86480677
0.86763942
0.87049073
0.87336087
0.87624997
0.87916261
0.88209027
0.88503754
0.88800454
0.89099151
0.89399862
0.89702612
0.90007418
0.90314305
0.90623289
0.90934861
0.91248113
0.91563535
0.91881138
0.92200959
0.92523015
0.92847323
0.93173915
0.93502814
0.93834531
0.94168121
0.94504088
0.94842458
0.95183265
0.95526522
0.95872271
0.96220529
0.96571332
0.96924692
0.97281188
0.97639775
0.98001021
0.98364943
0.98731583
0.99100965
0.99473119
0.99848086
1.00225878
1.00607121
1.00990701
1.01377213
1.01766109
1.02158594
1.02554107
1.02952707
1.03354418
1.03759265
1.04167306
1.04579175
1.04993701
1.05411530
1.05832684
1.06257224
1.06685185
1.07116616
1.07551539
1.07990015
1.08432734
1.08878434
1.09327817
1.09780920
1.10237789
1.10698485
1.11163056
1.11631525
1.12103975
1.12580431
1.13061678
1.13546324
1.14035153
1.14528203
1.15025544
1.15527213
1.16033280
1.16543794
1.17058837
1.17579210
1.18103456
1.18632400
1.19166100
1.19704628
1.20248044
1.20796406
1.21349800
1.21908295
1.22471941
1.23041677
1.23615885
1.24195480
1.24780536
1.25371122
0.25538146
0.25591421
0.25644326
0.25698307
0.25752923
0.25808820
0.25864172
0.25918478
0.25973731
0.26029372
0.26085332
0.26141492
0.26197857
0.26254156
0.26310539
0.26366857
0.26423335
0.26480371
0.26537576
0.26595503
0.26654086
0.26712963
0.26773190
0.26834744
0.26899466
0.27003360
0.27431610
0.29302189
0.29369196
0.29436463
0.29504088
0.29571974
0.29640174
0.29708737
0.29777572
0.29846722
0.29916248
0.29986048
0.30056223
0.30126676
0.30197462
0.30268633
0.30340087
0.30411881
0.30484065
0.30556545
0.30629367
0.30702588
0.30776110
0.30850038
0.30924267
0.30998799
0.31073803
0.31149113
0.31224847
0.31300893
0.31377313
0.31454158
0.31531328
0.31608877
0.31686863
0.31765181
0.31843883
0.31923038
0.32002527
0.32082471
0.32162759
0.32243446
0.32324600
0.32406107
0.32488021
0.32570413
0.32653165
0.32736397
0.32819992
0.32904017
0.32988536
0.33073428
0.33158758
0.33244589
0.33330807
0.33417472
0.33504650
0.33592221
0.33680317
0.33768812
0.33857772
0.33947203
0.34037107
0.34127551
0.34218416
0.34309763
0.34401667
0.34493998
0.34586826
0.34680220
0.34774056
0.34868398
0.34963322
0.35058698
0.35154662
0.35251084
0.35348037
0.35445595
0.35543624
0.35642192
0.35741383
0.35841057
0.35941359
0.36042151
0.36143509
0.36245516
0.36348021
0.36451110
0.36554861
0.36659130
0.36764070
0.36869535
0.36975610
0.37082371
0.37189674
0.37297601
0.37401518
0.37498510
0.37595847
0.37693849
0.37787071
0.37861255
0.37935650
0.38010418
0.38083935
0.38134602
0.38185406
0.38236341
0.38286757
0.38315189
0.38341433
0.38367712
0.38393947
0.38402480
0.38405213
0.38407949
0.38410684
0.38401321
0.38381779
0.38362175
0.38338956
0.38313374
0.38287663
0.38269800
0.38287005
0.38357133
0.38492581
0.84751713
0.85023749
0.85297543
0.85573101
0.85850859
0.86130011
0.86410987
0.86693799
0.86978465
0.87265015
0.87553453
0.87843806
0.88136089
0.88430327
0.88726974
0.89025176
0.89325392
0.89627635
0.89931929
0.90238303
0.90546769
0.90857345
0.91170067
0.91485417
0.91802478
0.92121750
0.92443246
0.92767000
0.93093026
0.93421352
0.93752003
0.94084996
0.94420373
0.94758648
0.95098847
0.95441502
0.95786631
0.96134269
0.96484435
0.96837163
0.97192484
0.97550416
0.97911537
0.98274797
0.98640764
0.99009460
0.99380928
0.99755198
1.00132287
1.00512254
1.00895095
1.01280880
1.01669621
1.02061355
1.02456129
1.02853954
1.03254890
1.03658962
1.04066205
1.04476666
1.04890382
1.05308008
1.05728340
1.06152046
1.06579149
1.07009721
1.07443774
1.07881367
1.08322537
1.08767331
1.09215796
1.09668636
1.10124576
1.10584331
1.11047935
1.11515439
1.11986899
1.12462354
1.12941873
1.13425493
1.13914013
1.14406013
1.14902282
1.15402877
1.15907860
1.16417277
1.16931188
1.17449653
1.17972744
1.18500507
1.19033813
1.19571149
1.20113349
1.20660484
1.21212626
1.21769857
1.22332227
1.22899806
1.23472691
1.24051797
1.24635494
1.25224710
1.25819528
0.25577042
0.25631255
0.25684845
0.25739071
0.25793600
0.25848922
0.25905237
0.25959790
0.26014879
0.26070622
0.26126644
0.26182944
0.26239449
0.26296043
0.26352492
0.26408869
0.26465529
0.26522589
0.26580372
0.26638848
0.26697820
0.26757658
0.26818126
0.26881549
0.26985061
0.27359176
0.29285699
0.29352584
0.29419774
0.29487324
0.29555133
0.29623303
0.29691741
0.29760495
0.29829618
0.29899013
0.29968730
0.30038825
0.30109197
0.30179954
0.30250990
0.30322361
0.30394122
0.30466172
0.30538562
0.30611351
0.30684435
0.30757922
0.30831710
0.30905852
0.30980402
0.31055209
0.31130430
0.31206071
0.31282026
0.31358406
0.31435105
0.31512180
0.31589690
0.31667528
0.31745747
0.31824413
0.31903413
0.31982803
0.32062650
0.32142836
0.32223484
0.32304478
0.32385883
0.32467756
0.32549983
0.32632631
0.32715759
0.32799250
0.32883230
0.32967579
0.33052364
0.33137646
0.33223307
0.33309412
0.33396029
0.33483034
0.33570555
0.33658472
0.33746853
0.33835760
0.33925074
0.34014797
0.34105125
0.34195867
0.34287161
0.34378877
0.34471086
0.34563857
0.34657061
0.34750769
0.34845054
0.34939784
0.35035029
0.35130864
0.35227156
0.35324046
0.35421401
0.35519296
0.35617802
0.35716784
0.35816321
0.35916483
0.36017138
0.36118427
0.36220217
0.36322582
0.36425602
0.36529133
0.36633253
0.36738044
0.36843359
0.36949360
0.37055895
0.37163043
0.37270892
0.37379292
0.37488320
0.37586319
0.37684274
0.37782657
0.37881559
0.37961456
0.38036248
0.38111416
0.38186797
0.38246447
0.38296971
0.38347545
0.38398254
0.38435897
0.38462308
0.38488755
0.38515237
0.38532078
0.38534996
0.38537750
0.38540503
0.38538584
0.38518819
0.38499159
0.38477772
0.38451922
0.38426107
0.38404384
0.38408694
0.38457155
0.38572407
0.84956390
0.85229743
0.85504866
0.85781765
0.86060470
0.86340988
0.86623764
0.86907971
0.87194055
0.87482023
0.87771904
0.88063705
0.88357460
0.88653177
0.88950884
0.89251041
0.89552784
0.89856571
0.90162426
0.90470374
0.90780431
0.91092616
0.91406959
0.91723478
0.92042202
0.92363620
0.92686814
0.93012273
0.93340033
0.93670106
0.94002521
0.94337302
0.94674480
0.95014077
0.95356631
0.95701146
0.96048158
0.96397698
0.96749794
0.97104466
0.97461754
0.97821677
0.98184270
0.98549563
0.98918128
0.99288911
0.99662483
1.00038874
1.00418127
1.00800252
1.01185310
1.01573312
1.01963723
1.02358329
1.02755392
1.03155565
1.03558850
1.03965318
1.04374981
1.04787874
1.05204070
1.05623567
1.06046426
1.06473327
1.06903028
1.07336223
1.07772934
1.08213222
1.08657110
1.09104669
1.09555924
1.10010922
1.10470402
1.10933053
1.11399591
1.11870062
1.12344527
1.12823045
1.13305652
1.13792396
1.14283347
1.14778554
1.15278816
1.15782702
1.16291022
1.16803813
1.17321157
1.17843091
1.18369699
1.18901038
1.19437158
1.19978952
1.20524859
1.21075773
1.21631730
1.22192824
1.22759116
1.23330677
1.23907590
1.24489927
1.25077760
1.25672066
1.26271141
0.25617239
0.25670880
0.25725010
0.25779703
0.25834516
0.25889790
0.25945941
0.26001123
0.26056120
0.26112002
0.26168126
0.26224449
0.26281056
0.26337713
0.26394418
0.26451173
0.26507974
0.26565337
0.26623705
0.26682732
0.26742461
0.26802903
0.26865768
0.26962784
0.27293271
0.29269183
0.29335991
0.29403156
0.29470578
0.29538310
0.29606405
0.29674762
0.29743487
0.29812482
0.29881796
0.29951486
0.30021447
0.30091739
0.30162412
0.30233365
0.30304706
0.30376330
0.30448297
0.30520654
0.30593306
0.30666304
0.30739704
0.30813402
0.30887508
0.30961919
0.31036636
0.31111822
0.31187317
0.31263182
0.31339470
0.31416076
0.31493112
0.31570473
0.31648216
0.31726396
0.31804910
0.31883812
0.31963164
0.32042852
0.32122940
0.32203490
0.32284382
0.32365742
0.32447454
0.32529581
0.32612184
0.32695147
0.32778594
0.32862407
0.32946649
0.33031386
0.33116499
0.33202052
0.33288109
0.33374551
0.33461446
0.33548853
0.33636656
0.33724985
0.33813715
0.33902913
0.33992583
0.34082726
0.34173352
0.34264523
0.34356117
0.34448272
0.34540853
0.34633932
0.34727582
0.34821674
0.34916276
0.35011461
0.35107100
0.35203329
0.35300019
0.35397241
0.35495073
0.35593373
0.35692221
0.35791689
0.35891643
0.35992229
0.36093307
0.36194956
0.36297250
0.36400053
0.36503437
0.36607486
0.36712056
0.36817223
0.36923072
0.37029454
0.37136528
0.37244144
0.37352386
0.37461340
0.37570772
0.37674624
0.37773037
0.37871969
0.37971336
0.38062191
0.38137379
0.38212949
0.38288486
0.38357711
0.38408446
0.38459316
0.38510403
0.38557202
0.38584030
0.38610560
0.38637209
0.38662553
0.38665578
0.38668349
0.38671121
0.38673893
0.38656929
0.38637042
0.38617259
0.38591558
0.38565639
0.38539919
0.38532996
0.38569817
0.38656592
0.85162055
0.85436738
0.85713202
0.85991454
0.86271524
0.86553425
0.86837167
0.87123209
0.87410712
0.87700117
0.87991446
0.88284713
0.88579947
0.88877159
0.89176369
0.89477605
0.89780885
0.90086681
0.90394109
0.90703642
0.91015297
0.91329110
0.91645086
0.91963261
0.92283654
0.92606288
0.92931664
0.93258852
0.93588352
0.93920183
0.94254380
0.94590968
0.94929963
0.95271397
0.95615298
0.95961690
0.96311116
0.96662581
0.97016615
0.97373253
0.97732520
0.98094451
0.98459071
0.98826414
0.99196506
0.99569941
0.99945635
1.00324178
1.00705588
1.01089919
1.01477194
1.01866865
1.02260125
1.02656436
1.03055823
1.03458941
1.03864610
1.04273474
1.04685581
1.05100954
1.05519629
1.05941653
1.06367075
1.06795919
1.07228887
1.07664728
1.08104122
1.08547127
1.08993769
1.09444106
1.09898174
1.10356033
1.10817719
1.11283278
1.11753476
1.12226951
1.12704456
1.13186049
1.13671768
1.14161682
1.14655828
1.15154278
1.15657067
1.16165042
1.16676724
1.17192936
1.17713726
1.18239176
1.18769336
1.19304276
1.19844055
1.20388734
1.20938396
1.21493924
1.22053742
1.22618735
1.23188996
1.23764586
1.24345577
1.24932039
1.25524068
1.26121736
1.26726019
0.25657746
0.25711522
0.25765821
0.25820649
0.25875637
0.25931013
0.25986850
0.26042399
0.26097569
0.26153514
0.26209584
0.26265970
0.26322642
0.26379398
0.26436323
0.26493654
0.26550874
0.26608741
0.26667622
0.26727042
0.26787373
0.26849395
0.26939076
0.27225935
0.29252684
0.29319465
0.29386505
0.29453850
0.29521555
0.29589522
0.29657805
0.29726449
0.29795367
0.29864651
0.29934210
0.30004090
0.30074352
0.30144891
0.30215815
0.30287018
0.30358562
0.30430493
0.30502716
0.30575281
0.30648246
0.30721506
0.30795118
0.30869135
0.30943459
0.31018138
0.31093180
0.31168586
0.31244412
0.31320554
0.31397069
0.31474012
0.31551281
0.31628984
0.31707013
0.31785429
0.31864291
0.31943488
0.32023081
0.32103127
0.32183516
0.32264370
0.32345569
0.32427180
0.32509264
0.32591704
0.32674563
0.32757902
0.32841611
0.32925808
0.33010375
0.33095381
0.33180887
0.33266771
0.33353102
0.33439946
0.33527181
0.33614871
0.33703083
0.33791697
0.33880842
0.33970329
0.34060356
0.34150928
0.34241915
0.34333390
0.34425420
0.34517878
0.34610900
0.34704360
0.34798324
0.34892866
0.34987858
0.35083365
0.35179466
0.35276026
0.35373184
0.35470811
0.35568979
0.35667762
0.35767022
0.35866839
0.35967284
0.36068222
0.36169803
0.36271882
0.36374539
0.36477855
0.36581683
0.36686102
0.36791196
0.36896819
0.37003127
0.37109971
0.37217435
0.37325600
0.37434316
0.37543589
0.37653664
0.37763342
0.37862220
0.37961620
0.38061541
0.38161910
0.38238969
0.38314447
0.38390222
0.38466296
0.38520655
0.38571823
0.38623124
0.38674566
0.38706356
0.38733223
0.38760042
0.38786900
0.38796961
0.38799921
0.38802713
0.38805503
0.38796031
0.38776001
0.38756076
0.38732210
0.38706103
0.38679776
0.38661966
0.38683054
0.38757172
0.38913324
0.85644740
0.85922551
0.86202168
0.86483616
0.86766905
0.87052053
0.87339085
0.87628019
0.87919301
0.88212091
0.88506836
0.88803554
0.89102274
0.89403003
0.89705777
0.90010607
0.90317512
0.90626979
0.90938115
0.91251391
0.91566831
0.91884458
0.92204303
0.92526376
0.92850715
0.93177330
0.93506247
0.93837994
0.94171607
0.94507599
0.94845998
0.95186824
0.95530117
0.95875889
0.96224171
0.96574998
0.96928918
0.97284907
0.97643524
0.98004794
0.98368752
0.98735416
0.99104828
0.99477011
0.99852002
1.00229836
1.00611103
1.00994706
1.01381254
1.01770186
1.02162695
1.02558243
1.02956879
1.03358614
1.03763497
1.04172182
1.04583478
1.04998040
1.05415893
1.05837095
1.06261671
1.06689668
1.07121122
1.07556081
1.07994592
1.08437359
1.08883095
1.09332514
1.09785652
1.10242569
1.10703313
1.11167908
1.11636436
1.12108910
1.12586129
1.13066697
1.13551402
1.14040267
1.14533365
1.15030742
1.15532458
1.16038573
1.16549146
1.17064226
1.17584646
1.18108940
1.18637931
1.19171691
1.19710255
1.20253730
1.20802152
1.21355593
1.21914136
1.22478688
1.23047638
1.23621893
1.24201548
1.24786651
1.25377297
1.25973570
1.26575530
1.27183282
0.25698048
0.25752327
0.25807098
0.25861990
0.25916779
0.25972176
0.26028118
0.26083764
0.26139113
0.26195082
0.26251251
0.26307702
0.26364318
0.26421216
0.26478285
0.26535913
0.26593873
0.26652768
0.26711842
0.26771864
0.26832598
0.26918176
0.27139470
0.29236254
0.29302910
0.29369873
0.29437193
0.29504773
0.29572663
0.29640913
0.29709432
0.29778317
0.29847473
0.29916951
0.29986805
0.30056933
0.30127391
0.30198231
0.30269355
0.30340862
0.30412659
0.30484799
0.30557331
0.30630156
0.30703330
0.30776909
0.30850786
0.30925018
0.30999610
0.31074563
0.31149933
0.31225613
0.31301665
0.31378141
0.31454936
0.31532165
0.31609717
0.31687653
0.31766030
0.31844738
0.31923839
0.32003391
0.32083279
0.32163572
0.32244322
0.32325423
0.32406992
0.32488912
0.32571247
0.32654062
0.32737240
0.32820842
0.32904932
0.32989392
0.33074349
0.33159685
0.33245459
0.33331743
0.33418411
0.33505532
0.33593175
0.33681211
0.33769771
0.33858737
0.33948109
0.34038082
0.34128469
0.34219337
0.34310755
0.34402597
0.34495002
0.34587833
0.34681168
0.34775075
0.34869424
0.34964284
0.35059732
0.35155633
0.35252061
0.35349089
0.35446584
0.35544688
0.35643265
0.35742390
0.35842139
0.35942376
0.36043173
0.36144611
0.36246547
0.36349136
0.36452231
0.36555913
0.36660263
0.36765134
0.36870605
0.36976761
0.37083453
0.37190840
0.37298772
0.37407333
0.37516528
0.37626362
0.37736842
0.37848052
0.37951827
0.38051698
0.38152093
0.38252857
0.38340443
0.38416320
0.38492498
0.38568980
0.38633353
0.38684988
0.38736594
0.38788337
0.38829291
0.38856584
0.38883576
0.38910604
0.38929155
0.38932219
0.38935116
0.38937926
0.38936138
0.38915962
0.38895810
0.38873893
0.38847595
0.38821161
0.38799328
0.38805249
0.38858193
0.38981414
0.85853755
0.86132932
0.86413920
0.86696750
0.86981440
0.87268007
0.87556463
0.87846839
0.88139147
0.88433838
0.88730073
0.89028293
0.89328527
0.89630795
0.89935112
0.90241504
0.90549994
0.90860593
0.91173333
0.91488707
0.91805792
0.92125088
0.92446607
0.92770380
0.93096435
0.93424785
0.93755454
0.94088477
0.94424379
0.94762176
0.95102406
0.95445085
0.95790243
0.96137905
0.96488100
0.96840852
0.97196198
0.97554159
0.97915304
0.98278594
0.98644590
0.99013317
0.99384815
0.99759108
1.00136232
1.00516224
1.00899100
1.01285493
1.01673687
1.02065456
1.02460253
1.02858114
1.03259087
1.03663194
1.04070473
1.04480958
1.04894710
1.05312359
1.05732739
1.06156468
1.06583619
1.07014215
1.07448316
1.07885945
1.08327150
1.08771980
1.09221148
1.09673369
1.10129356
1.10589135
1.11052787
1.11520326
1.11991823
1.12467337
1.12946892
1.13430560
1.13919115
1.14411163
1.14907479
1.15408123
1.15913141
1.16422606
1.16936564
1.17455077
1.17978215
1.18506825
1.19039392
1.19576764
1.20119023
1.20666206
1.21218407
1.21775687
1.22338104
1.22905755
1.23478687
1.24057853
1.24641609
1.25230885
1.25825751
1.26426303
1.27032614
1.27644765
0.25738326
0.25793150
0.25848359
0.25903729
0.25958315
0.26013511
0.26069400
0.26125148
0.26180786
0.26236856
0.26292974
0.26349449
0.26406166
0.26463246
0.26520574
0.26578426
0.26637134
0.26696578
0.26756570
0.26817197
0.26899302
0.27046606
0.29219791
0.29286376
0.29353312
0.29420504
0.29488006
0.29555869
0.29623994
0.29692435
0.29761240
0.29830319
0.29899767
0.29969487
0.30039534
0.30109963
0.30180669
0.30251709
0.30323136
0.30394849
0.30466953
0.30539349
0.30612087
0.30685228
0.30758667
0.30832458
0.30906656
0.30981159
0.31056020
0.31131247
0.31206837
0.31282851
0.31359181
0.31435883
0.31513017
0.31590477
0.31668374
0.31746596
0.31825209
0.31904268
0.31983665
0.32063457
0.32143706
0.32224301
0.32305300
0.32386765
0.32468584
0.32550877
0.32633528
0.32716602
0.32800156
0.32884079
0.32968494
0.33053285
0.33138511
0.33224237
0.33310348
0.33396906
0.33483979
0.33571443
0.33659363
0.33747813
0.33836663
0.33926046
0.34015772
0.34106040
0.34196854
0.34288087
0.34379807
0.34472087
0.34564796
0.34658074
0.34751788
0.34846008
0.34940812
0.35036063
0.35131836
0.35228202
0.35325029
0.35422459
0.35520357
0.35618800
0.35717860
0.35817403
0.35917500
0.36018229
0.36119455
0.36221322
0.36323693
0.36426646
0.36530256
0.36634383
0.36739105
0.36844504
0.36950433
0.37056974
0.37164208
0.37271985
0.37380469
0.37489507
0.37599102
0.37709501
0.37820470
0.37932092
0.38041857
0.38142201
0.38242912
0.38344160
0.38442370
0.38518736
0.38595322
0.38672215
0.38746628
0.38798738
0.38850731
0.38902780
0.38953093
0.38980561
0.39007983
0.39035183
0.39062253
0.39065424
0.39068511
0.39071342
0.39074171
0.39056939
0.39036641
0.39016360
0.38990125
0.38963497
0.38937670
0.38932136
0.38971770
0.39063281
0.86063385
0.86344337
0.86626714
0.86910945
0.87197042
0.87485033
0.87774932
0.88066757
0.88360530
0.88656271
0.88953996
0.89254177
0.89555937
0.89859748
0.90165627
0.90473592
0.90783668
0.91095883
0.91410244
0.91726786
0.92046010
0.92366976
0.92690194
0.93015677
0.93343455
0.93673557
0.94005996
0.94340801
0.94678009
0.95017630
0.95360202
0.95704746
0.96051788
0.96401352
0.96753472
0.97108179
0.97465491
0.97825438
0.98188061
0.98553926
0.98921978
0.99292785
0.99666387
1.00042808
1.00422084
1.00804257
1.01189339
1.01577377
1.01967812
1.02362442
1.02759552
1.03159750
1.03563070
1.03969562
1.04379261
1.04792202
1.05208421
1.05627954
1.06051481
1.06477785
1.06907523
1.07340753
1.07777500
1.08217824
1.08661759
1.09109342
1.09560645
1.10015678
1.10475206
1.10937893
1.11404467
1.11874986
1.12349498
1.12828052
1.13310695
1.13797486
1.14288485
1.14784479
1.15284038
1.15787971
1.16296339
1.16809177
1.17326570
1.17848551
1.18375206
1.18906593
1.19442773
1.19984615
1.20530581
1.21081531
1.21637547
1.22198689
1.22765040
1.23336661
1.23913634
1.24496031
1.25084794
1.25678277
1.26277411
1.26882291
1.27493000
1.28109610
0.25779068
0.25834027
0.25889638
0.25944957
0.26000062
0.26055092
0.26110700
0.26166701
0.26222634
0.26278806
0.26335025
0.26391563
0.26448423
0.26505646
0.26563236
0.26621675
0.26680931
0.26740935
0.26801935
0.26875582
0.27012005
0.29203349
0.29269904
0.29336718
0.29403836
0.29471308
0.29539046
0.29607093
0.29675505
0.29744184
0.29813230
0.29882550
0.29952189
0.30022207
0.30092502
0.30163127
0.30234137
0.30305427
0.30377108
0.30449077
0.30521387
0.30594096
0.30667096
0.30740446
0.30814204
0.30888259
0.30962673
0.31037447
0.31112581
0.31188136
0.31264004
0.31340241
0.31416908
0.31493893
0.31571257
0.31649059
0.31727189
0.31805763
0.31884667
0.31963965
0.32043716
0.32123810
0.32204303
0.32285261
0.32366568
0.32448342
0.32530475
0.32613021
0.32696047
0.32779440
0.32863256
0.32947564
0.33032244
0.33117422
0.33202982
0.33288980
0.33375490
0.33462387
0.33549738
0.33637610
0.33725882
0.33814615
0.33903882
0.33993492
0.34083706
0.34174335
0.34265447
0.34357113
0.34449205
0.34541792
0.34634942
0.34728530
0.34822696
0.34917304
0.35012427
0.35108137
0.35204303
0.35301000
0.35398299
0.35496062
0.35594440
0.35693294
0.35792699
0.35892728
0.35993248
0.36094332
0.36196059
0.36298287
0.36401168
0.36504561
0.36608541
0.36713192
0.36818364
0.36924145
0.37030607
0.37137613
0.37245312
0.37353563
0.37462443
0.37571961
0.37682119
0.37792927
0.37904468
0.38016587
0.38129455
0.38232973
0.38334084
0.38435814
0.38538083
0.38621700
0.38698697
0.38776001
0.38853616
0.38912985
0.38965458
0.39017814
0.39070311
0.39105245
0.39133015
0.39160478
0.39187893
0.39199460
0.39202565
0.39205673
0.39208439
0.39198941
0.39178494
0.39158067
0.39133617
0.39106879
0.39080006
0.39062253
0.39087299
0.39165649
0.39348239
0.86556369
0.86840135
0.87126195
0.87413716
0.87703139
0.87994486
0.88287777
0.88583028
0.88880265
0.89179498
0.89480758
0.89784509
0.90089869
0.90397322
0.90706873
0.91018558
0.91332388
0.91648394
0.91966587
0.92287004
0.92609656
0.92935061
0.93262273
0.93591797
0.93923652
0.94257879
0.94594485
0.94933504
0.95274967
0.95618892
0.95965827
0.96314764
0.96666253
0.97020316
0.97376978
0.97736275
0.98098236
0.98462886
0.98830253
0.99200374
0.99573839
0.99949563
1.00328135
1.00709581
1.01093936
1.01481247
1.01870942
1.02264237
1.02660573
1.03060603
1.03463149
1.03868854
1.04277754
1.04689884
1.05105293
1.05524004
1.05946076
1.06371522
1.06800413
1.07233405
1.07669282
1.08108723
1.08551753
1.08998442
1.09448814
1.09902918
1.10360813
1.10822546
1.11288846
1.11758387
1.12231910
1.12709451
1.13191092
1.13676846
1.14166808
1.14661002
1.15159488
1.15662336
1.16170347
1.16682076
1.17198336
1.17719185
1.18244672
1.18774891
1.19309878
1.19849706
1.20394433
1.20944965
1.21499729
1.22059596
1.22624648
1.23194969
1.23770607
1.24351656
1.24938178
1.25530267
1.26127994
1.26732337
1.27341592
1.27956736
1.28577852
0.25820127
0.25875148
0.25930974
0.25986245
0.26041445
0.26096728
0.26152438
0.26208463
0.26264691
0.26321083
0.26377445
0.26434007
0.26491091
0.26548579
0.26606873
0.26665545
0.26725277
0.26786327
0.26854420
0.26986369
0.28121543
0.29253405
0.29320142
0.29387233
0.29454583
0.29522240
0.29590261
0.29658544
0.29727146
0.29796115
0.29865351
0.29934964
0.30004850
0.30075064
0.30145657
0.30216533
0.30287740
0.30359337
0.30431223
0.30503500
0.30576068
0.30648986
0.30722302
0.30795917
0.30869886
0.30944264
0.31018895
0.31093940
0.31169406
0.31245181
0.31321383
0.31397900
0.31474793
0.31552118
0.31629771
0.31707859
0.31786281
0.31865090
0.31944349
0.32023945
0.32103938
0.32184389
0.32265189
0.32346392
0.32428068
0.32510096
0.32592598
0.32675463
0.32758749
0.32842520
0.32926661
0.33011234
0.33096305
0.33181751
0.33267704
0.33354041
0.33440825
0.33528125
0.33615822
0.33703977
0.33792660
0.33881745
0.33971304
0.34061334
0.34151846
0.34242904
0.34334382
0.34426352
0.34518883
0.34611842
0.34705374
0.34799343
0.34893826
0.34988889
0.35084403
0.35180441
0.35277072
0.35374168
0.35471800
0.35570043
0.35668761
0.35768101
0.35867923
0.35968304
0.36069319
0.36170831
0.36272991
0.36375654
0.36478901
0.36582810
0.36687237
0.36792263
0.36897966
0.37004203
0.37111053
0.37218601
0.37326697
0.37435499
0.37544778
0.37654778
0.37765503
0.37876803
0.37988761
0.38101462
0.38214752
0.38324097
0.38425773
0.38527909
0.38630670
0.38724965
0.38802713
0.38880432
0.38958463
0.39027825
0.39080778
0.39133617
0.39186427
0.39230818
0.39258680
0.39286581
0.39314172
0.39334500
0.39337632
0.39340761
0.39343718
0.39342064
0.39321381
0.39300719
0.39278257
0.39251322
0.39224249
0.39202479
0.39209992
0.39268813
0.39399189
0.86769867
0.87055033
0.87342083
0.87631470
0.87922341
0.88215148
0.88509911
0.88806653
0.89105392
0.89406151
0.89708942
0.90013790
0.90320718
0.90630209
0.90941364
0.91254663
0.91570127
0.91887784
0.92207646
0.92529744
0.92854100
0.93180740
0.93510181
0.93841457
0.94175094
0.94511110
0.94849533
0.95190388
0.95533705
0.95879501
0.96227813
0.96578664
0.96932614
0.97288632
0.97647274
0.98008573
0.98372555
0.98739249
0.99108690
0.99480903
0.99855924
1.00234354
1.00615084
1.00998724
1.01385295
1.01774251
1.02166796
1.02562380
1.02961040
1.03362811
1.03767729
1.04176450
1.04587781
1.05002367
1.05420268
1.05841494
1.06266105
1.06694138
1.07125640
1.07560635
1.07999837
1.08441985
1.08887756
1.09337211
1.09790397
1.10247350
1.10708129
1.11172771
1.11641335
1.12113857
1.12591112
1.13071728
1.13556468
1.14045382
1.14538527
1.15035951
1.15537715
1.16043866
1.16554487
1.17070377
1.17590094
1.18114436
1.18643475
1.19177270
1.19715893
1.20259416
1.20807886
1.21361387
1.21919978
1.22484589
1.23053586
1.23627913
1.24207616
1.24792778
1.25383484
1.25979805
1.26581836
1.27189636
1.27804232
1.28423858
1.29049528
0.25861353
0.25916439
0.25971949
0.26027128
0.26082578
0.26138383
0.26194388
0.26250553
0.26306924
0.26363498
0.26420119
0.26476905
0.26534054
0.26591969
0.26650533
0.26709878
0.26770413
0.26838467
0.26961762
0.27764624
0.29236925
0.29303634
0.29370600
0.29437876
0.29505506
0.29573399
0.29641604
0.29710177
0.29779017
0.29848173
0.29917705
0.29987511
0.30057696
0.30128157
0.30198950
0.30270126
0.30341586
0.30413389
0.30485579
0.30558065
0.30630946
0.30704126
0.30777654
0.30851588
0.30925825
0.31000367
0.31075376
0.31150696
0.31226435
0.31302491
0.31378916
0.31455770
0.31532946
0.31610504
0.31688499
0.31766823
0.31845593
0.31924698
0.32004195
0.32084146
0.32164443
0.32245141
0.32326302
0.32407817
0.32489741
0.32572141
0.32654902
0.32738143
0.32821748
0.32905781
0.32990310
0.33075210
0.33160609
0.33246392
0.33332616
0.33419353
0.33506480
0.33594060
0.33682165
0.33770669
0.33859640
0.33949080
0.34038994
0.34129450
0.34220323
0.34311682
0.34403595
0.34495938
0.34588775
0.34682181
0.34776026
0.34870446
0.34965315
0.35060701
0.35156676
0.35253111
0.35350072
0.35447642
0.35545680
0.35644335
0.35743466
0.35843149
0.35943463
0.36044267
0.36145639
0.36247656
0.36350176
0.36453351
0.36557040
0.36661321
0.36766273
0.36871752
0.36977836
0.37084612
0.37191927
0.37299868
0.37408513
0.37517634
0.37627557
0.37738040
0.37849179
0.37961054
0.38073510
0.38186634
0.38300514
0.38414994
0.38517821
0.38620529
0.38723701
0.38827512
0.38906947
0.38985342
0.39063796
0.39142567
0.39196610
0.39250022
0.39303234
0.39356503
0.39385241
0.39413321
0.39441356
0.39469165
0.39473543
0.39476693
0.39479846
0.39482823
0.39465314
0.39444500
0.39423883
0.39396834
0.39369649
0.39343631
0.39339542
0.39382192
0.39482823
0.86984420
0.87271005
0.87559479
0.87849873
0.88142198
0.88436913
0.88733166
0.89031410
0.89331669
0.89633954
0.89938295
0.90244704
0.90553218
0.90863842
0.91177070
0.91491997
0.91809106
0.92128426
0.92449969
0.92773765
0.93099838
0.93428212
0.93758911
0.94091964
0.94427884
0.94765711
0.95105964
0.95448667
0.95793849
0.96141535
0.96491760
0.96844542
0.97199911
0.97558439
0.97919077
0.98282391
0.98648417
0.99017173
0.99388701
0.99763024
1.00140178
1.00520194
1.00903106
1.01289523
1.01677752
1.02069545
1.02464378
1.02862275
1.03263283
1.03667414
1.04074728
1.04485261
1.04899657
1.05316722
1.05737126
1.06160903
1.06588089
1.07018721
1.07452857
1.07890522
1.08331764
1.08776629
1.09225845
1.09678102
1.10134125
1.10593951
1.11057627
1.11525214
1.11996758
1.12472308
1.12951910
1.13436341
1.13924217
1.14416313
1.14912665
1.15413356
1.15918422
1.16427934
1.16941941
1.17460501
1.17983687
1.18512344
1.19044960
1.19582391
1.20124698
1.20671940
1.21224189
1.21781516
1.22343993
1.22911692
1.23485541
1.24063909
1.24647713
1.25237048
1.25831974
1.26432586
1.27038956
1.27651167
1.28269315
1.28893471
1.29524672
0.25902560
0.25957936
0.26012751
0.26067913
0.26123881
0.26180172
0.26236588
0.26292896
0.26349410
0.26406166
0.26463166
0.26520297
0.26577753
0.26635897
0.26694977
0.26755124
0.26821846
0.26938179
0.27525908
0.29220462
0.29287097
0.29353988
0.29421234
0.29488739
0.29556555
0.29624733
0.29693177
0.29761937
0.29831067
0.29900467
0.29970244
0.30040297
0.30110675
0.30181438
0.30252481
0.30323857
0.30395627
0.30467683
0.30540136
0.30612877
0.30685970
0.30759463
0.30833256
0.30907407
0.30981913
0.31056780
0.31132010
0.31207657
0.31283620
0.31360009
0.31436715
0.31513798
0.31591317
0.31669161
0.31747389
0.31826064
0.31905070
0.31984529
0.32064325
0.32144520
0.32225177
0.32306179
0.32387590
0.32469472
0.32551712
0.32634425
0.32717502
0.32801002
0.32884991
0.32969350
0.33054143
0.33139434
0.33225107
0.33311284
0.33397847
0.33484861
0.33572391
0.33660319
0.33748707
0.33837625
0.33926949
0.34016681
0.34107020
0.34197775
0.34289077
0.34380803
0.34473023
0.34565803
0.34659019
0.34752738
0.34847033
0.34941772
0.35037097
0.35132876
0.35229179
0.35326082
0.35423446
0.35521349
0.35619870
0.35718864
0.35818481
0.35918584
0.36019251
0.36120555
0.36222354
0.36324731
0.36427763
0.36531305
0.36635515
0.36740243
0.36845574
0.36951584
0.37058130
0.37165293
0.37273157
0.37381566
0.37490612
0.37600294
0.37710619
0.37821674
0.37933305
0.38045597
0.38158637
0.38272268
0.38386577
0.38501656
0.38610309
0.38713509
0.38817266
0.38921493
0.39011830
0.39090732
0.39169699
0.39248899
0.39313218
0.39366862
0.39420652
0.39474329
0.39512533
0.39540794
0.39569187
0.39597267
0.39610484
0.39613655
0.39616829
0.39619917
0.39610305
0.39589429
0.39568484
0.39543432
0.39516041
0.39488605
0.39470828
0.39500171
0.39582825
0.39792985
0.87488043
0.87777960
0.88069808
0.88363600
0.88659358
0.88957554
0.89257306
0.89559090
0.89862925
0.90168822
0.90476811
0.90786910
0.91099143
0.91413534
0.91730100
0.92049342
0.92370331
0.92693573
0.93019080
0.93346882
0.93677008
0.94009471
0.94344306
0.94681531
0.95021683
0.95363778
0.95708346
0.96055418
0.96405011
0.96757156
0.97111887
0.97469223
0.97829205
0.98191851
0.98557746
0.98925823
0.99296665
0.99670297
1.00046742
1.00426054
1.00808251
1.01193357
1.01581430
1.01972485
1.02366567
1.02763700
1.03163934
1.03567290
1.03973818
1.04383540
1.04796517
1.05212772
1.05632341
1.06055903
1.06482244
1.06912017
1.07345283
1.07782078
1.08222425
1.08666396
1.09114027
1.09565365
1.10021126
1.10479999
1.10942733
1.11409342
1.11879909
1.12354457
1.12833059
1.13315749
1.13802588
1.14293623
1.14789653
1.15289271
1.15793252
1.16301656
1.16814542
1.17331982
1.17854023
1.18380725
1.18912160
1.19449186
1.19990277
1.20536292
1.21087301
1.21643364
1.22204566
1.22770965
1.23342645
1.23919666
1.24502122
1.25090945
1.25684488
1.26283693
1.26888621
1.27499390
1.28116059
1.28738725
1.29367471
1.30002391
0.25943899
0.25999263
0.26054442
0.26109704
0.26165700
0.26222169
0.26278728
0.26335338
0.26391914
0.26448777
0.26506159
0.26563951
0.26621875
0.26680532
0.26741418
0.26805204
0.26913902
0.27332500
0.29204068
0.29270580
0.29337442
0.29404563
0.29471993
0.29539782
0.29607832
0.29676196
0.29744929
0.29813930
0.29883251
0.29952946
0.30022916
0.30093265
0.30163893
0.30234855
0.30306202
0.30377835
0.30449805
0.30522174
0.30594832
0.30667889
0.30741245
0.30814949
0.30889064
0.30963480
0.31038204
0.31113398
0.31188902
0.31264773
0.31341070
0.31417683
0.31494731
0.31572098
0.31649846
0.31728038
0.31806558
0.31885526
0.31964827
0.32044524
0.32124680
0.32205179
0.32286081
0.32367450
0.32449171
0.32531306
0.32613918
0.32696888
0.32780343
0.32864165
0.32948419
0.33033165
0.33118287
0.33203849
0.33289915
0.33376366
0.33463332
0.33550689
0.33638501
0.33726838
0.33815578
0.33904785
0.33994463
0.34084618
0.34175318
0.34266436
0.34358042
0.34450203
0.34542796
0.34635887
0.34729549
0.34823650
0.34918329
0.35013458
0.35109106
0.35205349
0.35302049
0.35399282
0.35497126
0.35595438
0.35694295
0.35793778
0.35893741
0.35994339
0.36095431
0.36197090
0.36299399
0.36402211
0.36505610
0.36609671
0.36714250
0.36819509
0.36925292
0.37031686
0.37138775
0.37246403
0.37354660
0.37463626
0.37573069
0.37683317
0.37794131
0.37905598
0.38017806
0.38130599
0.38244063
0.38358289
0.38473114
0.38588712
0.38703156
0.38806942
0.38911200
0.39016017
0.39117190
0.39196524
0.39276177
0.39355808
0.39430520
0.39484486
0.39538601
0.39592773
0.39640650
0.39669186
0.39697671
0.39726201
0.39748290
0.39751485
0.39754680
0.39757878
0.39756456
0.39735335
0.39714235
0.39691123
0.39663529
0.39635974
0.39614010
0.39623356
0.39688203
0.39826816
0.87706167
0.87997532
0.88290846
0.88586116
0.88883370
0.89182627
0.89483905
0.89787680
0.90093064
0.90400535
0.90710109
0.91021818
0.91335666
0.91651696
0.91969913
0.92290354
0.92613512
0.92938459
0.93265694
0.93595243
0.93927127
0.94261372
0.94598001
0.94937050
0.95278537
0.95622486
0.95969450
0.96318412
0.96669930
0.97024018
0.97380710
0.97740036
0.98102021
0.98466694
0.98834097
0.99204803
0.99577737
0.99953490
1.00332093
1.00713563
1.01097953
1.01485288
1.01875019
1.02268350
1.02664721
1.03064775
1.03467357
1.03873098
1.04282033
1.04694200
1.05109632
1.05528390
1.05950487
1.06375968
1.06805539
1.07237935
1.07673848
1.08113313
1.08556390
1.09003115
1.09453523
1.09907675
1.10365605
1.10827374
1.11293721
1.11763299
1.12236857
1.12714458
1.13196123
1.13681936
1.14171934
1.14666164
1.15164709
1.15668344
1.16175652
1.16687429
1.17203736
1.17724633
1.18250179
1.18780434
1.19315469
1.19855344
1.20400131
1.20950723
1.21505535
1.22065461
1.22630560
1.23200929
1.23776627
1.24357736
1.24944317
1.25536466
1.26135147
1.26738656
1.27347970
1.27963173
1.28584349
1.29211581
1.29844975
1.30484593
0.25985751
0.26041064
0.26096460
0.26151863
0.26207730
0.26264188
0.26320773
0.26377523
0.26434401
0.26491603
0.26549411
0.26607826
0.26666504
0.26726440
0.26790559
0.26892963
0.27227062
0.29187644
0.29254079
0.29320866
0.29387912
0.29455313
0.29522976
0.29590949
0.29659286
0.29727891
0.29796812
0.29866102
0.29935667
0.30005559
0.30075824
0.30146372
0.30217302
0.30288514
0.30360064
0.30432004
0.30504233
0.30576858
0.30649775
0.30723044
0.30796716
0.30870688
0.30945018
0.31019706
0.31094757
0.31170169
0.31246004
0.31322154
0.31398731
0.31475627
0.31552902
0.31630611
0.31708652
0.31787077
0.31865945
0.31945151
0.32024810
0.32104805
0.32185206
0.32266065
0.32347274
0.32428893
0.32510984
0.32593435
0.32676300
0.32759652
0.32843369
0.32927573
0.33012152
0.33097166
0.33182678
0.33268574
0.33354977
0.33441767
0.33529010
0.33616775
0.33704934
0.33793557
0.33882713
0.33972210
0.34062248
0.34152827
0.34243825
0.34335375
0.34427351
0.34519818
0.34612852
0.34706321
0.34800297
0.34894851
0.34989852
0.35085440
0.35181484
0.35278052
0.35375223
0.35472861
0.35571039
0.35669833
0.35769108
0.35869005
0.35969391
0.36070344
0.36171934
0.36274025
0.36376694
0.36480021
0.36583862
0.36688372
0.36793402
0.36899039
0.37005359
0.37112215
0.37219691
0.37327871
0.37436602
0.37545887
0.37655973
0.37766626
0.37878013
0.37989977
0.38102603
0.38215983
0.38329956
0.38444614
0.38560042
0.38676080
0.38792902
0.38900825
0.39005589
0.39110917
0.39216816
0.39302889
0.39382976
0.39463302
0.39543694
0.39602816
0.39657253
0.39711842
0.39766404
0.39798322
0.39826995
0.39855799
0.39884466
0.39890364
0.39893582
0.39896801
0.39900023
0.39882320
0.39861065
0.39839298
0.39811051
0.39782846
0.39756367
0.39753705
0.39799479
0.39913261
0.87925380
0.88218206
0.88512993
0.88809758
0.89108515
0.89409292
0.89712107
0.90016979
0.90324384
0.90633440
0.90944618
0.91257936
0.91573423
0.91891104
0.92210990
0.92533112
0.92857492
0.93184155
0.93513620
0.93844920
0.94178581
0.94514626
0.94853073
0.95193952
0.95537293
0.95883119
0.96231455
0.96582860
0.96936309
0.97292352
0.97651023
0.98012352
0.98376364
0.98743087
0.99112552
0.99484795
0.99859846
1.00238299
1.00619066
1.01002729
1.01389337
1.01778328
1.02170908
1.02566516
1.02965212
1.03367019
1.03772569
1.04180717
1.04592085
1.05006707
1.05424631
1.05845904
1.06270552
1.06698620
1.07130146
1.07565188
1.08004427
1.08446610
1.08892417
1.09341919
1.09795141
1.10252130
1.10712945
1.11177635
1.11646235
1.12119508
1.12596095
1.13076758
1.13561535
1.14050496
1.14543676
1.15041149
1.15542960
1.16049170
1.16559827
1.17075765
1.17595530
1.18119919
1.18649006
1.19182861
1.19721532
1.20265102
1.20813620
1.21367180
1.21926665
1.22490489
1.23059547
1.23633921
1.24213684
1.24798906
1.25389671
1.25986052
1.26588130
1.27196002
1.27810657
1.28430343
1.29056072
1.29687929
1.30326009
1.30970395
0.26027775
0.26083192
0.26138806
0.26194116
0.26249743
0.26305991
0.26362795
0.26419726
0.26477182
0.26534963
0.26593357
0.26652527
0.26712123
0.26773837
0.26874205
0.27140382
0.29171234
0.29237646
0.29304311
0.29371279
0.29438606
0.29506189
0.29574135
0.29642347
0.29710871
0.29779762
0.29848924
0.29918411
0.29988271
0.30058405
0.30128869
0.30199718
0.30270848
0.30342364
0.30414167
0.30486313
0.30558851
0.30631685
0.30704919
0.30778453
0.30852336
0.30926630
0.31001174
0.31076136
0.31151512
0.31227201
0.31303260
0.31379744
0.31456548
0.31533787
0.31611347
0.31689289
0.31767675
0.31846392
0.31925499
0.32005057
0.32084957
0.32165316
0.32246017
0.32327124
0.32408702
0.32490632
0.32572976
0.32655799
0.32738987
0.32822657
0.32906696
0.32991165
0.33076131
0.33161476
0.33247259
0.33333552
0.33420232
0.33507425
0.33595014
0.33683059
0.33771631
0.33860606
0.33949986
0.34039971
0.34130368
0.34221244
0.34312674
0.34404525
0.34496939
0.34589782
0.34683126
0.34777045
0.34871402
0.34966275
0.35061735
0.35157648
0.35254157
0.35351127
0.35448632
0.35546747
0.35645333
0.35744470
0.35844231
0.35944480
0.36045361
0.36146739
0.36248690
0.36351287
0.36454397
0.36558092
0.36662453
0.36767337
0.36872897
0.36978990
0.37085694
0.37193093
0.37301040
0.37409613
0.37518820
0.37628669
0.37739161
0.37850386
0.37962186
0.38074732
0.38187861
0.38301668
0.38416237
0.38531411
0.38647276
0.38763925
0.38881198
0.38995078
0.39100435
0.39206278
0.39312696
0.39409918
0.39490443
0.39571211
0.39652219
0.39721769
0.39776623
0.39831540
0.39886609
0.39928302
0.39957255
0.39986157
0.40015101
0.40030038
0.40032560
0.40035081
0.40037602
0.40026978
0.40005028
0.39983103
0.39956626
0.39928123
0.39899752
0.39884198
0.39918363
0.40007547
0.88145691
0.88439989
0.88736266
0.89034528
0.89334804
0.89637113
0.89941472
0.90247911
0.90556443
0.90867084
0.91180342
0.91495287
0.91812426
0.92131764
0.92453331
0.92777151
0.93103248
0.93431646
0.93762368
0.94095939
0.94431388
0.94769239
0.95109516
0.95452249
0.95797455
0.96145171
0.96495420
0.96848232
0.97203630
0.97562182
0.97922850
0.98286194
0.98652244
0.99021029
0.99392581
0.99766940
1.00144124
1.00524163
1.00907683
1.01293564
1.01681817
1.02073646
1.02468514
1.02866435
1.03267467
1.03671646
1.04078984
1.04489553
1.04903984
1.05321085
1.05741525
1.06165338
1.06592560
1.07023227
1.07457387
1.07895100
1.08336377
1.08781958
1.09230530
1.09682834
1.10138893
1.10598755
1.11062479
1.11530113
1.12001693
1.12477279
1.12956929
1.13441396
1.13929319
1.14421451
1.14917862
1.15418589
1.15923703
1.16433263
1.16947317
1.17465925
1.17989945
1.18517864
1.19050539
1.19588017
1.20130372
1.20677662
1.21229970
1.21787345
1.22349882
1.22917628
1.23491538
1.24069965
1.24653828
1.25243211
1.25838208
1.26438868
1.27045298
1.27657580
1.28275788
1.28900933
1.29531276
1.30167806
1.30810618
1.31459820
0.26069438
0.26124957
0.26180518
0.26235929
0.26291886
0.26348239
0.26405108
0.26462695
0.26520771
0.26578945
0.26638091
0.26697779
0.26759145
0.26852554
0.26995945
0.29154894
0.29221183
0.29287773
0.29354715
0.29421914
0.29489422
0.29557291
0.29625425
0.29693919
0.29762685
0.29831767
0.29901221
0.29970950
0.30041006
0.30111438
0.30182153
0.30253252
0.30324632
0.30396354
0.30468464
0.30540869
0.30613616
0.30686763
0.30760208
0.30834058
0.30908212
0.30982667
0.31057593
0.31132826
0.31208423
0.31284446
0.31360781
0.31437492
0.31514636
0.31592101
0.31670007
0.31748238
0.31826860
0.31905928
0.31985334
0.32065192
0.32145390
0.32225993
0.32307059
0.32388476
0.32470304
0.32552603
0.32635263
0.32718346
0.32801911
0.32885844
0.32970268
0.33055064
0.33140299
0.33226037
0.33312157
0.33398724
0.33485806
0.33573279
0.33661273
0.33749667
0.33838528
0.33927920
0.34017655
0.34107935
0.34198758
0.34290001
0.34381732
0.34474024
0.34566742
0.34660029
0.34753755
0.34847987
0.34942800
0.35038063
0.35133916
0.35230222
0.35327062
0.35424504
0.35522413
0.35620868
0.35719940
0.35819492
0.35919601
0.36020344
0.36121580
0.36223459
0.36325842
0.36428806
0.36532432
0.36636570
0.36741304
0.36846715
0.36952659
0.37059289
0.37166458
0.37274247
0.37382746
0.37491795
0.37601405
0.37711817
0.37822801
0.37934518
0.38046816
0.38159782
0.38273501
0.38387820
0.38502824
0.38618600
0.38734993
0.38852173
0.38969979
0.39088503
0.39195660
0.39302108
0.39409044
0.39516568
0.39598411
0.39679709
0.39761251
0.39841527
0.39896622
0.39951962
0.40007365
0.40059227
0.40088096
0.40116465
0.40144783
0.40167612
0.40170240
0.40172780
0.40175319
0.40172052
0.40149945
0.40127859
0.40103269
0.40074557
0.40045980
0.40024278
0.40037870
0.40114656
0.40284696
0.88662452
0.88960665
0.89260441
0.89562243
0.89866096
0.90172017
0.90480030
0.90790153
0.91102409
0.91416818
0.91733879
0.92052674
0.92373687
0.92696953
0.93022484
0.93350309
0.93680459
0.94012946
0.94347805
0.94685560
0.95025235
0.95367354
0.95711952
0.96059042
0.96408665
0.96760839
0.97115594
0.97472960
0.97832966
0.98196185
0.98561567
0.98929673
0.99300539
0.99674201
1.00050688
1.00430024
1.00812244
1.01197386
1.01585484
1.01976573
1.02370691
1.02767849
1.03168118
1.03571510
1.03978062
1.04387832
1.04800832
1.05217123
1.05637360
1.06060326
1.06486702
1.06916523
1.07349813
1.07786644
1.08227038
1.08671045
1.09118712
1.09570086
1.10025883
1.10484803
1.10947573
1.11414230
1.11884832
1.12359428
1.12838066
1.13320792
1.13807678
1.14299488
1.14794838
1.15294492
1.15798521
1.16306973
1.16819906
1.17337394
1.17859483
1.18386233
1.18917716
1.19454789
1.19995940
1.20542002
1.21093059
1.21649182
1.22210443
1.22776902
1.23348629
1.23925710
1.24509084
1.25097108
1.25690699
1.26289964
1.26894963
1.27505779
1.28122520
1.28745246
1.29374051
1.30009031
1.30651248
1.31298852
1.31952918
0.26111236
0.26166546
0.26222169
0.26277953
0.26334363
0.26390976
0.26448148
0.26505962
0.26564267
0.26623547
0.26683253
0.26744470
0.26830417
0.26962540
0.28133452
0.29204738
0.29271302
0.29338118
0.29405242
0.29472724
0.29540467
0.29608572
0.29676938
0.29745623
0.29814678
0.29884005
0.29953653
0.30023676
0.30093977
0.30164608
0.30235624
0.30306923
0.30378613
0.30450588
0.30522904
0.30595618
0.30668628
0.30741987
0.30815750
0.30889815
0.30964288
0.31039017
0.31114158
0.31189722
0.31265596
0.31341842
0.31418517
0.31495509
0.31572938
0.31650692
0.31728828
0.31807411
0.31886324
0.31965631
0.32045391
0.32125491
0.32206053
0.32286960
0.32368273
0.32450059
0.32532197
0.32614753
0.32697791
0.32781190
0.32865015
0.32949334
0.33034024
0.33119211
0.33204776
0.33290786
0.33377305
0.33464211
0.33551574
0.33639455
0.33727732
0.33816540
0.33905753
0.33995372
0.34085599
0.34176236
0.34267360
0.34359035
0.34451139
0.34543800
0.34636897
0.34730497
0.34824672
0.34919289
0.35014424
0.35110146
0.35206324
0.35303101
0.35400340
0.35498115
0.35596505
0.35695371
0.35794786
0.35894829
0.35995358
0.36096457
0.36198193
0.36300433
0.36403328
0.36506730
0.36610726
0.36715388
0.36820573
0.36926365
0.37032843
0.37139860
0.37247574
0.37355834
0.37464729
0.37574261
0.37684432
0.37795255
0.37906808
0.38018942
0.38131824
0.38245296
0.38359445
0.38474360
0.38589883
0.38706103
0.38823107
0.38940737
0.39059168
0.39178234
0.39291435
0.39398405
0.39505869
0.39613920
0.39707059
0.39788714
0.39870796
0.39953217
0.40017438
0.40073025
0.40128312
0.40183571
0.40217617
0.40246168
0.40274671
0.40303305
0.40308779
0.40311337
0.40313894
0.40316451
0.40296006
0.40273759
0.40250900
0.40222070
0.40193188
0.40167612
0.40169695
0.40222344
0.40355113
0.88886476
0.89185756
0.89487505
0.89790845
0.90096253
0.90403748
0.90713346
0.91025072
0.91338950
0.91654998
0.91973239
0.92293704
0.92616886
0.92941856
0.93269116
0.93598688
0.93930596
0.94264865
0.94601524
0.94940597
0.95282108
0.95626599
0.95973068
0.96322066
0.96673602
0.97027719
0.97384441
0.97743791
0.98105806
0.98470509
0.98837936
0.99208671
0.99581635
0.99957418
1.00336051
1.00717556
1.01101971
1.01489341
1.01879108
1.02272463
1.02669454
1.03068948
1.03471565
1.03877342
1.04286313
1.04698515
1.05113983
1.05532765
1.05954897
1.06380427
1.06810021
1.07242453
1.07678401
1.08117914
1.08561027
1.09007788
1.09458232
1.09912419
1.10370398
1.10832894
1.11298585
1.11768210
1.12241817
1.12719452
1.13201165
1.13687015
1.14177060
1.14671338
1.15169919
1.15673602
1.16180956
1.16692781
1.17209136
1.17730081
1.18255675
1.18785989
1.19321072
1.19860995
1.20406651
1.20956469
1.21511340
1.22071314
1.22636485
1.23206902
1.23782659
1.24363816
1.24950457
1.25542665
1.26141393
1.26744974
1.27354348
1.27969611
1.28590846
1.29218149
1.29851604
1.30491292
1.31137311
1.31790745
1.32449734
0.26153553
0.26209006
0.26264808
0.26320928
0.26377365
0.26434088
0.26491523
0.26549527
0.26608545
0.26668301
0.26729411
0.26807585
0.26937729
0.27959785
0.29188359
0.29254800
0.29321542
0.29388639
0.29455996
0.29523662
0.29591689
0.29659978
0.29728633
0.29797560
0.29866806
0.29936424
0.30006316
0.30076537
0.30147138
0.30218020
0.30289236
0.30360839
0.30432731
0.30505016
0.30577591
0.30650514
0.30723840
0.30797464
0.30871493
0.30945826
0.31020463
0.31095570
0.31170988
0.31246772
0.31322980
0.31399506
0.31476405
0.31553742
0.31631401
0.31709498
0.31787926
0.31866744
0.31946009
0.32025614
0.32105616
0.32186079
0.32266885
0.32348156
0.32429782
0.32511815
0.32594329
0.32677200
0.32760495
0.32844278
0.32928428
0.33013010
0.33098087
0.33183545
0.33269507
0.33355853
0.33442646
0.33529958
0.33617663
0.33705890
0.33794519
0.33883616
0.33973184
0.34063226
0.34153745
0.34244815
0.34336302
0.34428284
0.34520823
0.34613794
0.34707338
0.34801316
0.34895808
0.34990883
0.35086408
0.35182455
0.35279101
0.35376209
0.35473922
0.35572106
0.35670835
0.35770184
0.35870019
0.35970411
0.36071438
0.36172962
0.36275133
0.36377808
0.36481068
0.36584991
0.36689430
0.36794469
0.36900187
0.37006435
0.37113374
0.37220860
0.37328964
0.37437782
0.37547076
0.37657088
0.37767828
0.37879139
0.37991112
0.38103828
0.38217133
0.38331196
0.38445857
0.38561210
0.38677341
0.38794085
0.38911539
0.39029792
0.39148679
0.39268380
0.39387593
0.39495087
0.39603168
0.39711842
0.39816216
0.39898410
0.39980859
0.40063736
0.40138355
0.40193552
0.40248901
0.40304399
0.40347978
0.40376714
0.40405402
0.40434131
0.40448189
0.40450853
0.40453428
0.40456003
0.40443134
0.40420726
0.40398341
0.40370670
0.40341577
0.40312433
0.40302849
0.40343404
0.40443867
0.89111638
0.89412439
0.89715272
0.90020162
0.90327597
0.90636671
0.90947872
0.91261214
0.91576725
0.91894424
0.92214334
0.92536479
0.92860883
0.93188059
0.93517059
0.93848383
0.94182068
0.94518137
0.94856608
0.95197517
0.95540881
0.95886731
0.96235615
0.96586525
0.96940005
0.97296077
0.97654778
0.98016131
0.98380166
0.98746920
0.99116415
0.99488688
0.99864328
1.00242245
1.00623047
1.01006746
1.01393378
1.01782405
1.02175009
1.02570653
1.02969384
1.03371215
1.03776813
1.04184985
1.04596388
1.05011046
1.05429006
1.05850303
1.06274986
1.06703091
1.07134664
1.07570386
1.08009017
1.08451235
1.08897078
1.09346616
1.09799874
1.10256910
1.10717773
1.11182499
1.11651134
1.12124455
1.12601089
1.13081789
1.13566613
1.14055610
1.14548838
1.15046358
1.15548205
1.16054463
1.16565931
1.17081165
1.17600965
1.18125403
1.18654537
1.19188440
1.19727170
1.20270789
1.20819366
1.21372974
1.21932507
1.22496390
1.23065495
1.23639929
1.24219751
1.24805033
1.25395846
1.25992298
1.26594436
1.27203274
1.27817070
1.28436828
1.29062629
1.29694545
1.30332685
1.30977142
1.31628001
1.32285357
1.32949305
0.26196468
0.26251909
0.26307857
0.26364082
0.26420784
0.26477969
0.26535517
0.26593834
0.26653007
0.26713404
0.26787335
0.26912153
0.27752158
0.29171953
0.29238319
0.29305035
0.29372007
0.29439285
0.29506925
0.29574823
0.29643035
0.29711613
0.29780459
0.29849675
0.29919165
0.29988977
0.30059168
0.30129635
0.30200434
0.30271620
0.30343089
0.30414894
0.30487096
0.30559587
0.30632475
0.30705661
0.30779198
0.30853137
0.30927384
0.31001985
0.31076950
0.31152275
0.31228024
0.31304085
0.31380519
0.31457382
0.31534567
0.31612131
0.31690136
0.31768468
0.31847245
0.31926358
0.32005864
0.32085824
0.32166129
0.32246834
0.32328007
0.32409528
0.32491520
0.32573870
0.32656640
0.32739890
0.32823503
0.32907546
0.32992083
0.33076993
0.33162403
0.33248192
0.33334428
0.33421174
0.33508310
0.33595899
0.33684015
0.33772528
0.33861572
0.33950958
0.34040880
0.34131348
0.34222230
0.34313601
0.34405524
0.34497875
0.34590724
0.34684139
0.34777996
0.34872428
0.34967306
0.35062703
0.35158691
0.35255134
0.35352108
0.35449690
0.35547739
0.35646406
0.35745546
0.35845241
0.35945567
0.36046383
0.36147767
0.36249796
0.36352327
0.36455515
0.36559218
0.36663508
0.36768475
0.36873966
0.36980066
0.37086853
0.37194180
0.37302211
0.37410793
0.37519929
0.37629864
0.37740362
0.37851512
0.37963399
0.38075870
0.38189009
0.38302904
0.38417399
0.38532662
0.38648534
0.38765109
0.38882470
0.39000461
0.39119256
0.39238688
0.39358854
0.39479846
0.39592335
0.39700860
0.39810070
0.39919886
0.40008625
0.40091348
0.40174139
0.40257183
0.40314442
0.40370122
0.40425956
0.40478909
0.40508020
0.40536985
0.40565902
0.40588471
0.40591338
0.40593931
0.40596524
0.40591338
0.40568674
0.40546125
0.40520284
0.40491065
0.40461704
0.40441021
0.40465474
0.40550375
0.40777969
0.89640272
0.89944655
0.90251112
0.90559667
0.90870798
0.91183609
0.91498584
0.91815740
0.92135102
0.92456692
0.92780536
0.93106657
0.93435079
0.93765825
0.94099420
0.94434899
0.94772774
0.95113075
0.95455831
0.95801067
0.96148807
0.96499079
0.96851921
0.97207874
0.97565925
0.97926617
0.98289990
0.98656070
0.99024886
0.99396467
0.99770850
1.00148070
1.00528145
1.00911689
1.01297593
1.01685882
1.02077746
1.02472639
1.02870595
1.03271663
1.03675866
1.04083252
1.04494452
1.04908311
1.05325449
1.05745924
1.06169772
1.06597018
1.07027733
1.07461929
1.07899678
1.08340991
1.08786607
1.09235227
1.09687567
1.10143661
1.10603571
1.11067331
1.11535001
1.12006629
1.12482262
1.12962663
1.13446462
1.13934422
1.14426601
1.14923060
1.15423834
1.15928996
1.16438591
1.16952693
1.17471361
1.17995417
1.18523395
1.19056106
1.19593644
1.20136046
1.20683384
1.21235740
1.21793187
1.22355771
1.22924423
1.23497534
1.24076009
1.24659944
1.25249386
1.25844431
1.26445162
1.27051651
1.27663982
1.28282249
1.28907478
1.29537868
1.30174470
1.30817354
1.31466615
1.32122362
1.32784677
1.33453667
0.26240069
0.26295459
0.26351476
0.26407927
0.26464859
0.26522115
0.26579976
0.26638529
0.26698181
0.26769689
0.26888412
0.27554840
0.29155564
0.29221854
0.29288495
0.29355392
0.29422644
0.29490155
0.29557979
0.29626164
0.29694614
0.29763380
0.29832518
0.29901925
0.29971707
0.30041766
0.30112153
0.30182922
0.30253971
0.30325356
0.30397132
0.30469194
0.30541652
0.30614406
0.30687505
0.30761006
0.30834806
0.30908963
0.30983478
0.31058350
0.31133643
0.31209245
0.31285214
0.31361610
0.31438327
0.31515417
0.31592944
0.31670797
0.31749031
0.31827715
0.31906730
0.31986195
0.32066000
0.32146204
0.32226869
0.32307881
0.32389358
0.32471192
0.32553437
0.32636163
0.32719246
0.32802755
0.32886752
0.32971123
0.33055922
0.33141226
0.33226904
0.33313090
0.33399662
0.33486688
0.33574229
0.33662164
0.33750564
0.33839491
0.33928826
0.34018633
0.34108916
0.34199679
0.34290993
0.34382731
0.34474957
0.34567750
0.34660974
0.34754774
0.34849012
0.34943762
0.35039097
0.35134888
0.35231200
0.35328114
0.35425490
0.35523477
0.35621935
0.35720941
0.35820574
0.35920689
0.36021364
0.36122680
0.36224493
0.36326882
0.36429924
0.36533481
0.36637703
0.36742443
0.36847785
0.36953810
0.37060368
0.37167543
0.37275419
0.37383842
0.37492982
0.37602597
0.37712935
0.37824005
0.37935650
0.38047954
0.38161010
0.38274655
0.38389063
0.38504073
0.38619775
0.38736257
0.38853359
0.38971174
0.39089790
0.39209044
0.39329112
0.39449835
0.39571297
0.39689973
0.39799124
0.39908877
0.40019149
0.40118816
0.40201721
0.40284970
0.40368474
0.40436059
0.40492168
0.40548342
0.40604672
0.40640086
0.40669429
0.40698531
0.40727773
0.40732619
0.40735415
0.40738025
0.40740636
0.40717804
0.40695089
0.40671101
0.40641662
0.40612084
0.40587452
0.40594393
0.40660417
0.40806854
0.89869273
0.90175217
0.90483248
0.90793395
0.91105670
0.91420102
0.91737187
0.92056006
0.92377043
0.92700326
0.93025887
0.93353736
0.93683910
0.94016421
0.94351304
0.94689083
0.95028788
0.95370936
0.95715553
0.96062672
0.96412319
0.96764517
0.97119302
0.97476697
0.97837269
0.98199975
0.98565388
0.98933524
0.99304420
0.99678105
1.00054622
1.00433981
1.00816238
1.01201415
1.01590121
1.01980662
1.02374804
1.02772009
1.03172302
1.03575730
1.03982317
1.04392111
1.04805160
1.05221474
1.05641747
1.06064749
1.06491160
1.06921017
1.07354343
1.07791209
1.08231640
1.08675694
1.09123397
1.09575474
1.10030639
1.10489607
1.10952413
1.11419106
1.11889756
1.12364388
1.12843072
1.13325846
1.13812768
1.14304626
1.14800024
1.15299726
1.15803790
1.16312289
1.16825283
1.17342806
1.17864943
1.18391740
1.18924069
1.19460404
1.20001602
1.20547724
1.21098828
1.21655011
1.22216308
1.22782826
1.23354614
1.23931754
1.24515188
1.25103259
1.25696909
1.26296234
1.26901293
1.27512181
1.28128970
1.28751767
1.29380631
1.30016637
1.30657959
1.31305635
1.31959772
1.32620454
1.33287787
1.33961868
0.26284200
0.26339546
0.26395553
0.26452234
0.26509237
0.26566726
0.26625419
0.26684293
0.26755446
0.26866862
0.27411038
0.29139194
0.29205456
0.29271975
0.29338795
0.29405972
0.29473409
0.29541203
0.29609260
0.29677632
0.29746372
0.29815379
0.29884756
0.29954410
0.30024385
0.30094740
0.30165377
0.30236346
0.30307698
0.30379337
0.30451316
0.30523691
0.30596355
0.30669421
0.30742782
0.30816495
0.30890617
0.30965042
0.31039774
0.31114975
0.31190488
0.31266421
0.31342670
0.31419292
0.31496346
0.31573722
0.31651479
0.31729677
0.31808206
0.31887123
0.31966493
0.32046199
0.32126361
0.32206869
0.32287779
0.32369158
0.32450888
0.32533088
0.32615650
0.32698631
0.32782096
0.32865927
0.32950187
0.33034942
0.33120072
0.33205643
0.33291721
0.33378181
0.33465156
0.33552521
0.33640343
0.33728692
0.33817440
0.33906657
0.33996347
0.34086511
0.34177223
0.34268349
0.34359965
0.34452137
0.34544739
0.34637842
0.34731513
0.34825626
0.34920317
0.35015455
0.35111114
0.35207367
0.35304081
0.35401323
0.35499176
0.35597503
0.35696444
0.35795864
0.35895842
0.35996452
0.36097553
0.36199224
0.36301544
0.36404371
0.36507779
0.36611855
0.36716446
0.36821717
0.36927515
0.37033921
0.37141022
0.37248665
0.37356934
0.37465912
0.37575370
0.37685630
0.37796459
0.37907940
0.38020161
0.38132969
0.38246447
0.38360685
0.38475525
0.38591138
0.38707364
0.38824293
0.38942015
0.39060366
0.39179441
0.39299330
0.39419869
0.39541236
0.39663264
0.39786047
0.39897874
0.40007997
0.40118724
0.40229252
0.40312707
0.40396416
0.40480381
0.40558136
0.40614864
0.40671378
0.40728050
0.40773019
0.40802646
0.40832034
0.40861374
0.40874884
0.40877888
0.40880612
0.40883240
0.40868035
0.40845057
0.40822202
0.40793294
0.40763494
0.40734762
0.40730381
0.40777594
0.40897611
0.90099448
0.90406960
0.90716583
0.91028333
0.91342229
0.91658300
0.91976565
0.92297530
0.92620260
0.92945254
0.93272537
0.93602133
0.93934065
0.94268358
0.94605041
0.94944137
0.95285678
0.95630193
0.95976692
0.96325713
0.96677279
0.97031420
0.97388166
0.97747546
0.98109591
0.98474324
0.98842329
0.99212539
0.99585539
0.99961346
1.00340009
1.00721550
1.01106000
1.01493394
1.01883185
1.02276576
1.02673602
1.03073132
1.03475773
1.03881586
1.04290581
1.04702818
1.05118322
1.05537140
1.05959320
1.06385505
1.06814504
1.07246983
1.07682967
1.08122516
1.08565664
1.09012461
1.09462953
1.09917176
1.10375190
1.10837722
1.11303461
1.11773121
1.12246764
1.12724447
1.13206208
1.13692105
1.14182186
1.14676511
1.15175879
1.15678871
1.16186273
1.16698134
1.17214537
1.17735529
1.18261170
1.18791533
1.19326663
1.19866645
1.20412350
1.20962226
1.21517146
1.22077179
1.22642398
1.23212874
1.23788679
1.24369895
1.24956596
1.25549746
1.26147652
1.26751292
1.27360725
1.27976048
1.28597355
1.29224718
1.29858232
1.30497992
1.31144083
1.31797576
1.32456636
1.33122313
1.33794725
1.34473956
0.26329064
0.26384521
0.26440409
0.26497006
0.26554203
0.26612243
0.26671296
0.26736960
0.26845023
0.27290970
0.29122889
0.29189029
0.29255474
0.29322267
0.29389319
0.29456726
0.29524395
0.29592377
0.29660720
0.29729331
0.29798257
0.29867557
0.29937127
0.30007076
0.30077299
0.30147853
0.30218789
0.30290008
0.30361563
0.30433512
0.30505747
0.30578327
0.30651307
0.30724582
0.30798262
0.30872241
0.30946580
0.31021273
0.31096330
0.31171808
0.31247595
0.31323752
0.31400338
0.31477243
0.31554523
0.31632242
0.31710288
0.31788722
0.31867599
0.31946814
0.32026479
0.32106486
0.32186893
0.32267761
0.32348979
0.32430607
0.32512707
0.32595164
0.32678100
0.32761401
0.32845125
0.32929340
0.33013928
0.33098951
0.33184472
0.33270377
0.33356726
0.33443591
0.33530843
0.33618614
0.33706784
0.33795419
0.33884585
0.33974090
0.34064204
0.34154728
0.34245735
0.34337297
0.34429282
0.34521762
0.34614804
0.34708285
0.34802270
0.34896836
0.34991845
0.35087445
0.35183498
0.35280079
0.35377261
0.35474911
0.35573101
0.35671908
0.35771191
0.35871103
0.35971501
0.36072463
0.36174065
0.36276171
0.36378852
0.36482191
0.36586043
0.36690563
0.36795607
0.36901256
0.37007588
0.37114459
0.37221947
0.37330139
0.37438884
0.37548262
0.37658283
0.37768951
0.37880349
0.37992328
0.38104969
0.38218364
0.38332352
0.38447022
0.38562462
0.38678515
0.38795355
0.38912815
0.39030990
0.39149970
0.39269593
0.39389947
0.39511129
0.39632973
0.39755657
0.39879015
0.39996848
0.40107426
0.40218708
0.40330517
0.40424305
0.40508479
0.40592912
0.40677792
0.40738118
0.40795258
0.40852275
0.40906727
0.40936550
0.40966415
0.40995947
0.41018242
0.41021171
0.41024104
0.41026750
0.41019377
0.40996230
0.40973204
0.40946156
0.40916130
0.40886152
0.40867189
0.40902311
0.40995759
0.90330803
0.90639901
0.90951121
0.91264486
0.91580021
0.91897744
0.92217678
0.92539847
0.92864275
0.93191475
0.93520498
0.93851852
0.94185561
0.94521648
0.94860148
0.95201081
0.95544469
0.95890349
0.96239257
0.96590197
0.96943700
0.97299796
0.97658527
0.98019910
0.98383975
0.98750752
0.99120277
0.99492580
0.99868250
1.00246203
1.00627029
1.01010752
1.01397419
1.01786470
1.02179110
1.02574801
1.02973557
1.03376019
1.03781044
1.04189253
1.04600692
1.05015385
1.05433381
1.05854714
1.06279433
1.06707573
1.07139182
1.07574940
1.08013594
1.08455861
1.08901751
1.09351325
1.09804618
1.10261691
1.10722589
1.11187351
1.11656737
1.12129390
1.12606072
1.13086820
1.13571680
1.14060724
1.14554000
1.15051556
1.15553463
1.16060519
1.16571271
1.17086554
1.17606401
1.18130887
1.18660080
1.19194031
1.19732809
1.20276475
1.20825112
1.21379590
1.21938360
1.22502291
1.23071456
1.23645937
1.24225819
1.24811149
1.25402033
1.25998533
1.26600742
1.27209640
1.27823496
1.28443313
1.29069173
1.29701161
1.30339372
1.30983889
1.31634808
1.32292235
1.32957256
1.33627987
1.34305525
1.34989965
0.26374474
0.26429769
0.26485729
0.26542324
0.26599675
0.26658037
0.26723832
0.26823339
0.27195072
0.29106554
0.29172623
0.29239038
0.29305708
0.29372686
0.29440016
0.29507607
0.29575559
0.29643777
0.29712307
0.29781207
0.29850376
0.29919869
0.29989734
0.30059877
0.30130401
0.30201203
0.30272341
0.30343863
0.30415675
0.30487826
0.30560374
0.30633214
0.30706403
0.30779994
0.30853888
0.30928189
0.31002742
0.31077710
0.31153095
0.31228790
0.31304911
0.31381348
0.31458160
0.31535405
0.31612974
0.31690925
0.31769317
0.31848043
0.31927159
0.32006726
0.32086635
0.32167000
0.32247710
0.32328829
0.32410413
0.32492352
0.32574704
0.32657537
0.32740730
0.32824412
0.32908460
0.32992938
0.33077914
0.33163267
0.33249062
0.33335364
0.33422053
0.33509254
0.33596852
0.33684906
0.33773488
0.33862475
0.33951864
0.34041858
0.34132263
0.34223220
0.34314591
0.34406456
0.34498879
0.34591731
0.34685087
0.34779015
0.34873384
0.34968269
0.35063738
0.35159662
0.35256180
0.35353163
0.35450679
0.35548803
0.35647404
0.35746551
0.35846326
0.35946584
0.36047480
0.36148867
0.36250830
0.36353442
0.36456561
0.36560267
0.36664641
0.36769539
0.36875111
0.36981216
0.37087935
0.37195349
0.37303308
0.37411892
0.37521115
0.37630975
0.37741563
0.37852719
0.37964535
0.38077092
0.38190237
0.38304058
0.38418642
0.38533831
0.38649794
0.38766375
0.38883659
0.39001742
0.39120460
0.39239898
0.39360160
0.39481071
0.39602816
0.39725226
0.39848393
0.39972419
0.40096223
0.40207443
0.40319189
0.40431559
0.40536246
0.40621167
0.40706071
0.40791425
0.40862030
0.40919706
0.40977165
0.41034696
0.41071337
0.41101494
0.41131410
0.41161275
0.41165465
0.41168416
0.41171274
0.41171843
0.41148525
0.41125327
0.41100165
0.41069916
0.41039708
0.41016069
0.41028169
0.41108233
0.41294578
0.90874046
0.91186881
0.91501874
0.91819054
0.92138439
0.92460054
0.92783922
0.93110067
0.93438512
0.93769777
0.94102907
0.94438404
0.94776309
0.95116633
0.95459414
0.95804673
0.96152443
0.96502745
0.96855605
0.97211593
0.97569668
0.97930390
0.98293787
0.98659897
0.99028742
0.99400353
0.99774766
1.00152016
1.00532687
1.00915694
1.01301634
1.01689947
1.02081847
1.02476764
1.02874768
1.03275859
1.03680098
1.04087508
1.04498756
1.04912639
1.05329812
1.05750322
1.06174207
1.06601489
1.07032239
1.07466471
1.07904255
1.08346272
1.08791256
1.09239924
1.09692299
1.10148430
1.10608375
1.11072183
1.11539900
1.12011564
1.12487233
1.12967682
1.13451529
1.13939536
1.14431751
1.14928246
1.15429068
1.15934277
1.16443920
1.16958070
1.17477560
1.18000901
1.18528914
1.19061685
1.19599259
1.20141721
1.20689118
1.21241522
1.21799016
1.22361660
1.22930372
1.23503530
1.24082065
1.24666047
1.25255549
1.25850654
1.26451445
1.27057993
1.27670395
1.28289652
1.28914011
1.29544473
1.30181134
1.30824077
1.31473410
1.32129228
1.32791615
1.33460677
1.34136510
1.34820247
1.35509956
0.26420236
0.26475725
0.26531562
0.26588073
0.26645547
0.26706311
0.26801288
0.27102280
0.29090238
0.29156280
0.29222575
0.29289171
0.29356119
0.29423326
0.29490840
0.29558715
0.29626852
0.29695356
0.29764128
0.29833218
0.29902679
0.29972413
0.30042526
0.30112916
0.30183637
0.30254743
0.30326131
0.30397859
0.30469978
0.30542389
0.30615142
0.30688298
0.30761749
0.30835608
0.30909768
0.30984232
0.31059164
0.31134403
0.31210011
0.31286040
0.31362385
0.31439158
0.31516254
0.31593728
0.31671640
0.31749880
0.31828511
0.31907585
0.31987000
0.32066807
0.32147074
0.32227686
0.32308760
0.32390183
0.32472020
0.32554331
0.32637000
0.32720149
0.32803664
0.32887605
0.32972038
0.33056843
0.33142087
0.33227834
0.33313963
0.33400542
0.33487633
0.33575115
0.33663121
0.33751523
0.33840391
0.33929795
0.34019542
0.34109831
0.34200665
0.34291917
0.34383726
0.34475958
0.34568691
0.34661987
0.34755722
0.34849966
0.34944791
0.35040063
0.35135928
0.35232246
0.35329095
0.35426548
0.35524470
0.35622934
0.35722017
0.35821581
0.35921776
0.36022457
0.36123705
0.36225599
0.36327994
0.36430970
0.36534604
0.36638758
0.36743504
0.36848930
0.36954883
0.37061524
0.37168708
0.37276512
0.37385023
0.37494084
0.37603709
0.37714136
0.37825131
0.37936863
0.38049176
0.38162154
0.38275889
0.38390222
0.38505238
0.38621029
0.38737437
0.38854632
0.38972452
0.39090991
0.39210337
0.39330330
0.39451057
0.39572617
0.39694840
0.39817908
0.39941654
0.40066168
0.40191555
0.40307868
0.40420175
0.40533200
0.40646768
0.40734297
0.40819862
0.40905693
0.40986791
0.41044724
0.41102919
0.41160801
0.41207013
0.41237369
0.41267774
0.41297740
0.41310775
0.41313747
0.41316816
0.41319501
0.41302052
0.41278490
0.41255146
0.41224858
0.41194424
0.41166511
0.41167083
0.41221231
0.41361555
0.91108936
0.91423863
0.91740501
0.92059338
0.92380399
0.92703706
0.93029290
0.93357164
0.93687361
0.94019896
0.94354808
0.94692612
0.95032340
0.95374513
0.95719159
0.96066302
0.96415973
0.96768200
0.97123015
0.97480434
0.97841036
0.98203772
0.98569208
0.98937374
0.99308300
0.99682015
1.00058556
1.00437951
1.00820243
1.01205444
1.01594186
1.01984751
1.02378929
1.02776158
1.03176486
1.03579950
1.03986573
1.04396403
1.04809475
1.05226457
1.05646133
1.06069171
1.06495619
1.06925511
1.07358885
1.07795775
1.08236253
1.08680332
1.09128082
1.09580195
1.10035408
1.10494411
1.10957253
1.11423993
1.11894679
1.12369359
1.12848079
1.13330901
1.13818586
1.14309764
1.14805198
1.15304947
1.15809071
1.16317618
1.16830647
1.17348218
1.17870402
1.18397260
1.18929636
1.19466019
1.20007265
1.20553434
1.21104598
1.21660829
1.22222185
1.22788751
1.23360598
1.23938656
1.24521279
1.25109410
1.25703132
1.26302505
1.26907623
1.27518570
1.28135431
1.28758276
1.29387224
1.30023277
1.30664670
1.31312418
1.31966615
1.32627368
1.33294773
1.33968925
1.34649932
1.35337901
1.36033976
0.26466274
0.26521918
0.26577872
0.26634341
0.26692376
0.26780924
0.26979783
0.28129095
0.29139909
0.29206127
0.29272696
0.29339522
0.29406652
0.29474139
0.29541889
0.29609999
0.29678375
0.29747066
0.29816127
0.29885459
0.29955113
0.30025145
0.30095455
0.30166143
0.30237114
0.30308419
0.30380115
0.30452099
0.30524424
0.30597144
0.30670160
0.30743527
0.30817297
0.30891368
0.30965853
0.31040585
0.31115738
0.31191307
0.31267190
0.31343499
0.31420124
0.31497127
0.31574562
0.31652322
0.31730470
0.31809059
0.31887981
0.31967294
0.32047063
0.32127172
0.32207742
0.32288659
0.32369980
0.32451773
0.32533923
0.32616487
0.32699531
0.32782942
0.32866836
0.32951102
0.33035800
0.33120999
0.33206573
0.33292592
0.33379120
0.33466038
0.33553407
0.33641297
0.33729586
0.33818406
0.33907628
0.33997256
0.34087491
0.34178141
0.34269339
0.34360960
0.34453070
0.34545746
0.34638852
0.34732461
0.34826648
0.34921277
0.35016420
0.35112154
0.35208344
0.35305130
0.35402381
0.35500169
0.35598570
0.35697445
0.35796872
0.35896927
0.35997471
0.36098650
0.36200330
0.36302581
0.36405486
0.36508903
0.36612907
0.36717585
0.36822784
0.36928663
0.37035078
0.37142107
0.37249833
0.37358108
0.37467018
0.37576559
0.37686747
0.37797663
0.37909150
0.38021299
0.38134193
0.38247681
0.38361844
0.38476774
0.38592312
0.38708544
0.38825563
0.38943207
0.39061654
0.39180735
0.39300546
0.39421177
0.39542463
0.39664501
0.39787382
0.39910936
0.40035349
0.40160453
0.40286338
0.40408704
0.40521759
0.40635261
0.40749404
0.40848058
0.40934196
0.41020605
0.41107285
0.41170606
0.41229060
0.41287586
0.41343686
0.41374150
0.41404754
0.41435209
0.41457117
0.41460204
0.41463199
0.41466194
0.41456634
0.41432992
0.41409376
0.41380978
0.41350314
0.41319597
0.41306844
0.41348583
0.41454798
0.91345513
0.91661608
0.91979897
0.92300880
0.92623633
0.92948651
0.93275958
0.93605578
0.93937534
0.94271857
0.94608563
0.94947684
0.95289755
0.95633787
0.95980316
0.96329361
0.96680957
0.97035122
0.97391897
0.97751307
0.98113376
0.98478138
0.98846167
0.99216413
0.99589437
0.99965280
1.00343966
1.00725532
1.01110017
1.01497447
1.01887274
1.02281272
1.02677751
1.03077304
1.03479993
1.03885829
1.04294860
1.04707134
1.05122674
1.05541527
1.05963731
1.06389964
1.06818998
1.07251501
1.07687521
1.08127105
1.08570302
1.09017134
1.09467661
1.09921932
1.10380661
1.10842562
1.11308336
1.11778033
1.12251723
1.12729442
1.13211250
1.13697183
1.14187312
1.14681685
1.15181100
1.15684128
1.16191578
1.16703498
1.17219937
1.17740977
1.18266678
1.18797088
1.19332266
1.19873106
1.20418060
1.20967984
1.21522951
1.22083032
1.22648311
1.23218846
1.23794711
1.24375975
1.24962735
1.25555944
1.26153910
1.26757610
1.27367103
1.27982497
1.28603864
1.29231286
1.29864860
1.30504692
1.31151807
1.31804407
1.32463539
1.33129287
1.33801758
1.34481061
1.35167301
1.35860574
1.36561000
0.26512554
0.26568431
0.26624542
0.26681212
0.26762244
0.26892719
0.27963606
0.29123557
0.29189748
0.29256195
0.29322943
0.29390046
0.29457408
0.29525080
0.29593113
0.29661411
0.29730076
0.29799005
0.29868257
0.29937884
0.30007783
0.30078012
0.30148619
0.30219507
0.30290782
0.30362341
0.30434239
0.30506530
0.30579117
0.30652046
0.30725378
0.30799007
0.30873045
0.30947384
0.31022030
0.31097147
0.31172571
0.31248364
0.31324577
0.31401113
0.31478077
0.31555364
0.31633031
0.31711137
0.31789574
0.31868398
0.31947672
0.32027286
0.32107297
0.32187766
0.32268581
0.32349861
0.32431492
0.32513538
0.32596061
0.32678941
0.32762304
0.32846034
0.32930192
0.33014846
0.33099872
0.33185339
0.33271310
0.33357665
0.33444470
0.33531791
0.33619505
0.33707744
0.33796382
0.33885488
0.33975065
0.34065115
0.34155646
0.34246725
0.34338224
0.34430280
0.34522766
0.34615746
0.34709299
0.34803292
0.34897792
0.34992877
0.35088414
0.35184473
0.35281128
0.35378247
0.35475972
0.35574168
0.35672909
0.35772270
0.35872114
0.35972518
0.36073560
0.36175096
0.36277279
0.36379966
0.36483237
0.36587170
0.36691624
0.36796674
0.36902404
0.37008667
0.37115619
0.37223116
0.37331235
0.37440065
0.37549371
0.37659398
0.37770152
0.37881479
0.37993544
0.38106194
0.38219512
0.38333589
0.38448268
0.38563633
0.38679776
0.38796538
0.38914090
0.39032274
0.39151177
0.39270893
0.39391255
0.39512357
0.39634296
0.39756900
0.39880356
0.40004489
0.40129396
0.40255180
0.40381661
0.40508941
0.40623671
0.40737838
0.40852559
0.40962362
0.41049078
0.41136163
0.41223332
0.41297165
0.41355979
0.41415060
0.41474020
0.41511837
0.41542646
0.41573498
0.41604108
0.41607609
0.41610622
0.41613638
0.41612375
0.41588554
0.41564763
0.41538283
0.41507384
0.41476434
0.41453928
0.41476822
0.41565928
0.91583318
0.91901064
0.92221022
0.92543215
0.92868149
0.93194890
0.93523937
0.93855315
0.94189048
0.94525164
0.94863689
0.95204645
0.95548064
0.95893967
0.96242905
0.96593863
0.96947396
0.97303522
0.97662276
0.98023689
0.98387778
0.98754591
0.99124146
0.99497032
0.99872172
1.00250149
1.00631011
1.01014769
1.01401460
1.01790547
1.02183223
1.02578938
1.02977717
1.03380227
1.03785276
1.04193521
1.04604983
1.05019724
1.05437744
1.05859125
1.06283879
1.06712055
1.07144332
1.07579494
1.08018184
1.08460486
1.08906412
1.09356022
1.09809363
1.10266471
1.10727406
1.11192214
1.11661637
1.12134337
1.12611055
1.13091850
1.13576758
1.14065850
1.14559162
1.15056765
1.15558708
1.16065812
1.16576624
1.17091942
1.17611837
1.18136382
1.18665612
1.19199622
1.19738448
1.20282161
1.20830846
1.21385384
1.21944201
1.22508192
1.23077416
1.23651958
1.24231887
1.24817276
1.25408220
1.26004779
1.26607943
1.27216005
1.27829921
1.28449810
1.29075730
1.29707778
1.30346048
1.30990636
1.31641626
1.32299113
1.32964206
1.33635008
1.34312618
1.34997129
1.35688663
1.36387312
1.37093198
0.26559114
0.26615107
0.26671657
0.26744229
0.26864591
0.27699903
0.29107270
0.29173338
0.29239711
0.29306433
0.29373413
0.29440698
0.29508343
0.29576248
0.29644516
0.29713053
0.29781905
0.29851127
0.29920623
0.29990444
0.30060640
0.30131114
0.30201972
0.30273113
0.30344588
0.30416453
0.30488610
0.30561107
0.30634004
0.30707198
0.30780739
0.30854690
0.30928943
0.31003553
0.31078523
0.31153858
0.31229612
0.31305683
0.31382123
0.31458995
0.31536189
0.31613815
0.31691772
0.31770113
0.31848899
0.31928018
0.32007533
0.32087502
0.32167813
0.32248530
0.32329708
0.32411239
0.32493240
0.32575598
0.32658377
0.32741636
0.32825258
0.32909372
0.32993856
0.33078775
0.33164194
0.33249992
0.33336237
0.33422992
0.33510137
0.33597738
0.33685863
0.33774385
0.33863440
0.33952835
0.34042770
0.34133247
0.34224141
0.34315518
0.34407452
0.34499815
0.34592742
0.34686100
0.34779966
0.34874409
0.34969300
0.35064706
0.35160702
0.35257158
0.35354215
0.35451737
0.35549799
0.35648474
0.35747629
0.35847336
0.35947675
0.36048502
0.36149970
0.36251935
0.36354482
0.36457682
0.36561394
0.36665699
0.36770678
0.36876181
0.36982292
0.37089095
0.37196437
0.37304479
0.37413073
0.37522224
0.37632170
0.37742683
0.37853846
0.37965748
0.38078234
0.38191468
0.38305295
0.38419804
0.38535079
0.38650969
0.38767555
0.38884935
0.39002940
0.39121747
0.39241198
0.39361379
0.39482385
0.39604050
0.39726466
0.39849731
0.39973673
0.40098482
0.40223977
0.40350264
0.40477437
0.40605322
0.40726095
0.40840936
0.40956330
0.41072285
0.41164607
0.41252184
0.41340038
0.41424507
0.41483781
0.41543129
0.41602746
0.41650444
0.41681460
0.41712520
0.41743529
0.41756064
0.41759101
0.41762137
0.41765273
0.41745290
0.41721320
0.41696692
0.41665167
0.41633689
0.41606539
0.41611889
0.41680872
0.41838798
0.92141777
0.92463416
0.92787308
0.93113476
0.93441945
0.93773240
0.94106388
0.94441915
0.94779837
0.95120192
0.95463002
0.95808285
0.96156079
0.96506405
0.96859825
0.97215307
0.97573411
0.97934163
0.98297590
0.98663723
0.99032599
0.99404240
0.99778682
1.00155950
1.00536656
1.00919700
1.01305664
1.01694012
1.02085936
1.02480900
1.02878928
1.03280056
1.03684318
1.04092383
1.04503047
1.04916966
1.05334175
1.05754721
1.06178629
1.06605959
1.07036746
1.07471013
1.07908833
1.08350885
1.08795917
1.09244609
1.09697032
1.10153210
1.10613191
1.11077034
1.11544788
1.12016499
1.12492919
1.12972701
1.13456583
1.13944638
1.14436901
1.14933443
1.15434313
1.15939569
1.16449261
1.16963458
1.17482984
1.18006372
1.18534446
1.19067264
1.19604886
1.20147395
1.20694840
1.21247303
1.21804845
1.22368383
1.22936308
1.23509526
1.24088120
1.24672163
1.25261724
1.25856888
1.26457739
1.27064347
1.27676809
1.28296125
1.28920543
1.29551077
1.30187798
1.30830812
1.31480217
1.32136095
1.32798553
1.33467674
1.34144592
1.34827399
1.35517180
1.36214066
1.36918139
1.37629545
0.26605996
0.26661828
0.26726121
0.26835716
0.27448234
0.29090953
0.29156950
0.29223293
0.29289892
0.29356796
0.29424053
0.29491574
0.29559401
0.29627594
0.29696050
0.29764873
0.29833966
0.29903382
0.29973170
0.30043235
0.30113629
0.30184406
0.30255464
0.30326906
0.30398637
0.30470708
0.30543172
0.30615932
0.30689037
0.30762547
0.30836356
0.30910519
0.30985039
0.31059921
0.31135222
0.31210831
0.31286809
0.31363213
0.31439936
0.31517091
0.31594568
0.31672430
0.31750733
0.31829363
0.31908387
0.31987861
0.32067674
0.32147887
0.32228559
0.32309580
0.32391068
0.32472908
0.32555163
0.32637897
0.32720992
0.32804510
0.32888517
0.32972893
0.33057764
0.33143014
0.33228704
0.33314899
0.33401480
0.33488515
0.33576065
0.33664012
0.33752421
0.33841357
0.33930635
0.34020516
0.34110811
0.34201583
0.34292910
0.34384656
0.34476963
0.34569696
0.34662932
0.34756741
0.34850991
0.34945750
0.35041097
0.35136896
0.35233223
0.35330147
0.35427535
0.35525534
0.35624003
0.35723022
0.35822663
0.35922790
0.36023477
0.36124805
0.36226630
0.36329105
0.36432087
0.36535653
0.36639887
0.36744642
0.36849996
0.36956033
0.37062606
0.37169871
0.37277684
0.37386119
0.37495270
0.37604901
0.37715253
0.37826335
0.37937993
0.38050395
0.38163382
0.38277042
0.38391462
0.38506487
0.38622203
0.38738701
0.38855821
0.38973647
0.39092278
0.39211547
0.39331633
0.39452368
0.39573848
0.39696166
0.39819154
0.39942908
0.40067521
0.40192825
0.40319008
0.40445891
0.40573576
0.40702161
0.40829039
0.40944460
0.41060537
0.41177082
0.41280788
0.41368765
0.41457212
0.41545844
0.41612276
0.41672093
0.41731980
0.41789982
0.41821203
0.41852474
0.41883689
0.41904792
0.41907158
0.41909429
0.41911697
0.41898873
0.41874233
0.41849717
0.41819337
0.41787627
0.41756552
0.41751164
0.41800973
0.41934901
0.92383754
0.92707086
0.93032694
0.93360591
0.93690813
0.94023377
0.94358808
0.94696140
0.95035893
0.95378089
0.95722759
0.96069932
0.96419632
0.96771884
0.97126722
0.97484708
0.97844797
0.98207563
0.98573029
0.98941219
0.99312174
0.99685925
1.00062490
1.00441921
1.00824237
1.01210046
1.01598239
1.01988840
1.02383053
1.02780318
1.03180671
1.03584170
1.03990829
1.04400682
1.04813790
1.05230808
1.05650520
1.06073606
1.06500077
1.06930006
1.07363415
1.07800353
1.08240855
1.08684981
1.09133434
1.09584928
1.10040164
1.10499203
1.10962093
1.11428881
1.11899602
1.12374318
1.12853086
1.13336670
1.13823688
1.14314902
1.14810383
1.15310180
1.15814340
1.16322935
1.16836011
1.17353642
1.17875874
1.18403554
1.18935192
1.19471633
1.20012927
1.20559144
1.21110368
1.21666646
1.22228062
1.22794688
1.23366582
1.23944688
1.24527383
1.25115573
1.25709343
1.26308775
1.26913953
1.27524960
1.28141880
1.28764796
1.29394746
1.30029929
1.30671382
1.31319201
1.31973469
1.32634282
1.33301759
1.33975983
1.34657061
1.35345101
1.36041248
1.36743546
1.37453127
1.38170111
0.26653168
0.26713726
0.26813480
0.27215445
0.29074654
0.29140624
0.29206848
0.29273370
0.29340246
0.29407382
0.29474822
0.29542625
0.29610687
0.29679066
0.29747811
0.29816827
0.29886210
0.29955870
0.30025855
0.30096218
0.30166858
0.30237833
0.30309194
0.30380842
0.30452880
0.30525208
0.30597880
0.30670953
0.30744323
0.30818045
0.30892172
0.30966607
0.31041399
0.31116551
0.31192070
0.31268013
0.31344271
0.31420901
0.31497961
0.31575346
0.31653169
0.31731316
0.31809855
0.31888837
0.31968156
0.32047871
0.32128042
0.32208559
0.32289478
0.32370862
0.32452601
0.32534814
0.32617384
0.32700372
0.32783845
0.32867685
0.32952017
0.33036721
0.33121860
0.33207503
0.33293527
0.33379996
0.33466980
0.33554354
0.33642188
0.33730546
0.33819303
0.33908597
0.33998230
0.34088406
0.34179124
0.34270263
0.34361887
0.34454072
0.34546685
0.34639862
0.34733477
0.34827602
0.34922305
0.35017455
0.35113123
0.35209388
0.35306111
0.35403368
0.35501230
0.35599566
0.35698521
0.35797954
0.35897940
0.35998562
0.36099675
0.36201361
0.36303693
0.36406529
0.36510026
0.36614037
0.36718643
0.36823925
0.36929736
0.37036157
0.37143269
0.37250924
0.37359285
0.37468198
0.37577671
0.37687942
0.37798786
0.37910280
0.38022515
0.38135338
0.38248911
0.38363084
0.38477936
0.38593566
0.38709807
0.38826749
0.38944486
0.39062855
0.39182028
0.39301845
0.39422399
0.39543781
0.39665827
0.39788625
0.39912277
0.40036610
0.40161812
0.40287706
0.40414393
0.40541971
0.40670264
0.40799373
0.40929395
0.41048512
0.41165179
0.41282511
0.41397628
0.41486102
0.41575053
0.41664386
0.41741571
0.41801757
0.41862118
0.41922358
0.41960701
0.41991189
0.42021820
0.42051107
0.42053589
0.42055875
0.42058259
0.42052695
0.42027873
0.42003080
0.41974455
0.41942510
0.41910613
0.41891378
0.41929764
0.42032042
0.92627007
0.92952049
0.93279380
0.93609023
0.93941003
0.94275349
0.94612080
0.94951230
0.95293325
0.95637387
0.95983940
0.96333009
0.96684629
0.97038829
0.97395629
0.97755063
0.98117161
0.98482496
0.98850012
0.99220282
0.99593335
0.99969208
1.00347924
1.00729525
1.01114035
1.01501501
1.01891351
1.02285385
1.02681899
1.03081489
1.03484201
1.03890073
1.04299140
1.04711449
1.05127025
1.05545902
1.05968773
1.06394410
1.06823480
1.07256031
1.07692087
1.08131707
1.08574927
1.09021807
1.09472370
1.09926677
1.10385454
1.10847390
1.11313200
1.11782956
1.12256682
1.12734437
1.13216281
1.13702261
1.14192438
1.14687598
1.15186310
1.15689397
1.16196883
1.16708851
1.17225349
1.17746437
1.18272173
1.18802631
1.19337869
1.19878757
1.20423758
1.20973730
1.21528757
1.22088897
1.22654223
1.23224819
1.23800731
1.24382067
1.24969757
1.25562143
1.26160169
1.26763928
1.27373481
1.27988935
1.28610361
1.29237854
1.29871500
1.30511379
1.31158578
1.31811237
1.32470429
1.33136249
1.33808804
1.34488177
1.35174489
1.35867834
1.36568344
1.37277162
1.37992299
1.38714945
0.26704508
0.26793784
0.27010080
0.29058373
0.29124269
0.29190418
0.29256916
0.29323667
0.29390725
0.29458141
0.29525816
0.29593801
0.29662153
0.29730770
0.29799753
0.29869011
0.29938588
0.30008543
0.30078772
0.30149335
0.30220276
0.30291504
0.30363119
0.30435020
0.30507264
0.30579904
0.30652836
0.30726120
0.30799806
0.30873793
0.30948138
0.31022841
0.31097907
0.31173390
0.31249186
0.31325349
0.31401944
0.31478855
0.31556147
0.31633872
0.31711927
0.31790423
0.31869254
0.31948477
0.32028151
0.32108164
0.32188579
0.32269457
0.32350683
0.32432380
0.32514429
0.32596895
0.32679841
0.32763150
0.32846883
0.32931107
0.33015704
0.33100796
0.33186266
0.33272180
0.33358604
0.33445412
0.33532673
0.33620456
0.33708635
0.33797279
0.33886454
0.33975971
0.34066093
0.34156629
0.34247646
0.34339216
0.34431213
0.34523702
0.34616756
0.34710246
0.34804311
0.34898821
0.34993842
0.35089451
0.35185516
0.35282108
0.35379303
0.35476962
0.35575235
0.35673979
0.35773277
0.35873199
0.35973608
0.36074582
0.36176199
0.36278313
0.36381081
0.36484358
0.36588225
0.36692756
0.36797816
0.36903474
0.37009820
0.37116703
0.37224206
0.37332410
0.37441167
0.37550560
0.37660593
0.37771273
0.37882689
0.37994680
0.38107336
0.38220742
0.38334745
0.38449514
0.38564885
0.38680953
0.38797808
0.38915282
0.39033473
0.39152467
0.39272106
0.39392564
0.39513674
0.39635530
0.39758232
0.39881605
0.40005746
0.40130755
0.40256456
0.40383035
0.40510324
0.40638417
0.40767416
0.40897140
0.41027695
0.41153091
0.41270354
0.41388291
0.41506803
0.41604108
0.41693565
0.41783312
0.41871670
0.41931641
0.41991487
0.42051503
0.42099142
0.42129931
0.42160666
0.42191544
0.42201048
0.42203447
0.42205849
0.42207751
0.42182747
0.42157769
0.42130929
0.42098743
0.42066509
0.42041671
0.42059451
0.42148885
0.92871541
0.93198305
0.93527377
0.93858778
0.94192535
0.94528675
0.94867229
0.95208210
0.95551652
0.95898098
0.96246547
0.96597534
0.96951091
0.97307247
0.97666025
0.98027468
0.98391587
0.98758423
0.99128562
0.99500924
0.99876094
1.00254107
1.00634992
1.01018775
1.01405513
1.01794624
1.02187324
1.02583075
1.02982485
1.03384423
1.03789520
1.04197788
1.04609287
1.05024052
1.05442119
1.05863523
1.06288314
1.06716526
1.07148850
1.07584035
1.08022773
1.08465111
1.08911073
1.09360731
1.09814107
1.10271263
1.10732234
1.11197770
1.11666548
1.12139285
1.12616038
1.13096881
1.13581824
1.14070964
1.14564323
1.15061975
1.15564716
1.16071105
1.16581964
1.17097330
1.17617285
1.18141866
1.18671155
1.19205201
1.19744086
1.20287859
1.20837414
1.21391177
1.21950054
1.22514093
1.23083377
1.23657966
1.24237955
1.24823403
1.25414407
1.26011026
1.26614249
1.27222359
1.27836347
1.28456295
1.29082274
1.29714394
1.30352736
1.30997384
1.31648445
1.32306981
1.32971156
1.33642030
1.34319711
1.35004306
1.35695899
1.36394632
1.37100589
1.37813890
1.38534653
1.39264083
0.26865119
0.26904017
0.29042161
0.29107934
0.29174057
0.29240432
0.29307109
0.29374141
0.29441428
0.29509026
0.29576984
0.29645208
0.29713747
0.29782653
0.29851830
0.29921377
0.29991201
0.30061349
0.30131879
0.30202690
0.30273834
0.30345362
0.30417183
0.30489394
0.30561894
0.30634743
0.30707991
0.30781537
0.30855438
0.30929747
0.31004307
0.31079283
0.31154674
0.31230381
0.31306508
0.31382954
0.31459773
0.31537026
0.31614602
0.31692618
0.31770962
0.31849694
0.31928876
0.32008398
0.32088313
0.32168686
0.32249406
0.32330531
0.32412124
0.32494071
0.32576492
0.32659274
0.32742479
0.32826167
0.32910225
0.32994711
0.33079696
0.33165058
0.33250925
0.33337173
0.33423871
0.33511084
0.33598691
0.33686754
0.33775347
0.33864343
0.33953741
0.34043747
0.34134161
0.34225127
0.34316510
0.34408385
0.34500816
0.34593681
0.34687114
0.34780985
0.34875366
0.34970328
0.35065740
0.35161677
0.35258207
0.35355198
0.35452726
0.35550863
0.35649475
0.35748705
0.35848418
0.35948691
0.36049595
0.36150998
0.36252970
0.36355594
0.36458728
0.36562520
0.36666831
0.36771742
0.36877328
0.36983445
0.37090176
0.37197602
0.37305573
0.37414253
0.37523410
0.37633282
0.37743884
0.37855053
0.37966883
0.38079455
0.38192615
0.38306531
0.38421047
0.38536248
0.38652226
0.38768822
0.38886124
0.39004222
0.39122951
0.39242408
0.39362684
0.39483610
0.39605370
0.39727795
0.39850980
0.39975020
0.40099746
0.40225253
0.40351635
0.40478724
0.40606710
0.40735415
0.40864938
0.40995380
0.41126564
0.41258207
0.41376072
0.41494611
0.41613832
0.41722786
0.41812757
0.41902721
0.41992676
0.42060843
0.42120957
0.42181346
0.42238298
0.42269492
0.42300531
0.42331514
0.42349440
0.42351961
0.42354378
0.42356798
0.42338765
0.42313603
0.42288470
0.42256045
0.42223671
0.42194843
0.42198545
0.42266983
0.42427874
0.93445873
0.93776697
0.94109869
0.94445419
0.94783372
0.95123750
0.95466584
0.95811898
0.96159714
0.96510071
0.96863514
0.97219026
0.97577155
0.97937930
0.98301387
0.98667550
0.99036455
0.99408126
0.99782598
1.00160468
1.00540638
1.00923705
1.01309705
1.01698089
1.02090037
1.02485025
1.02883089
1.03284252
1.03688550
1.04096639
1.04507339
1.04921293
1.05338538
1.05759120
1.06183064
1.06610429
1.07041252
1.07475555
1.07914066
1.08355510
1.08800566
1.09249306
1.09701765
1.10157979
1.10618007
1.11081886
1.11549675
1.12021434
1.12497902
1.12977719
1.13461649
1.13949740
1.14442050
1.14938641
1.15439558
1.15944850
1.16454589
1.16969597
1.17488420
1.18011844
1.18539965
1.19072831
1.19610512
1.20153069
1.20700574
1.21253085
1.21810687
1.22374272
1.22942257
1.23515534
1.24094176
1.24678278
1.25267899
1.25863123
1.26464021
1.27070701
1.27684128
1.28302598
1.28927076
1.29557669
1.30194461
1.30837548
1.31487012
1.32142961
1.32805479
1.33474684
1.34151673
1.34834540
1.35524404
1.36221361
1.36925519
1.37636995
1.38355899
1.39082360
1.39816487
0.27489904
0.29025915
0.29091617
0.29157665
0.29223967
0.29290617
0.29357523
0.29424736
0.29492307
0.29560140
0.29628283
0.29696792
0.29765570
0.29834667
0.29904136
0.29973879
0.30043998
0.30114394
0.30185121
0.30256233
0.30327630
0.30399364
0.30471489
0.30543908
0.30616722
0.30689833
0.30763292
0.30837157
0.30911323
0.30985796
0.31060734
0.31135982
0.31211653
0.31287634
0.31363988
0.31440768
0.31517872
0.31595355
0.31673276
0.31751525
0.31830218
0.31909245
0.31988665
0.32068542
0.32148758
0.32229376
0.32310459
0.32391894
0.32473737
0.32556057
0.32638735
0.32721892
0.32805416
0.32889366
0.32973808
0.33058625
0.33143941
0.33229634
0.33315772
0.33402422
0.33489460
0.33576950
0.33664966
0.33753380
0.33842260
0.33931607
0.34021428
0.34111792
0.34202570
0.34293833
0.34385651
0.34477895
0.34570637
0.34663945
0.34757692
0.34852013
0.34946781
0.35042062
0.35137939
0.35234269
0.35331127
0.35428593
0.35526526
0.35625073
0.35724097
0.35823673
0.35923877
0.36024570
0.36125833
0.36227736
0.36330143
0.36433131
0.36536780
0.36640945
0.36745781
0.36851141
0.36957109
0.37063763
0.37170959
0.37278774
0.37387300
0.37496376
0.37606093
0.37716451
0.37827462
0.37939206
0.38051534
0.38164526
0.38278276
0.38392621
0.38507739
0.38623461
0.38739881
0.38857090
0.38974929
0.39093480
0.39212844
0.39332849
0.39453682
0.39575168
0.39697406
0.39820492
0.39944252
0.40068784
0.40194187
0.40320286
0.40447268
0.40574962
0.40703464
0.40832877
0.40963021
0.41093999
0.41225910
0.41358575
0.41482332
0.41601482
0.41721320
0.41841748
0.41931543
0.42021722
0.42112288
0.42190644
0.42251331
0.42312095
0.42373031
0.42409980
0.42441225
0.42472517
0.42498782
0.42501622
0.42504057
0.42506495
0.42495942
0.42470592
0.42445275
0.42414629
0.42382011
0.42349240
0.42341787
0.42391598
0.42527312
0.93694264
0.94027346
0.94362307
0.94699663
0.95039439
0.95381665
0.95726365
0.96073562
0.96423286
0.96775568
0.97130430
0.97488445
0.97848564
0.98211354
0.98576850
0.98945069
0.99316055
0.99689829
1.00066435
1.00445890
1.00828230
1.01214075
1.01602304
1.01992941
1.02387178
1.02784467
1.03184867
1.03588378
1.03995073
1.04404974
1.04818738
1.05235159
1.05654919
1.06078029
1.06504548
1.06934500
1.07367945
1.07804918
1.08245468
1.08689630
1.09138119
1.09589648
1.10044932
1.10504007
1.10966933
1.11433756
1.11904526
1.12379289
1.12858093
1.13341725
1.13828778
1.14320052
1.14815569
1.15315413
1.15819621
1.16328251
1.16841388
1.17359054
1.17881334
1.18409073
1.18940759
1.19477248
1.20018589
1.20564866
1.21116138
1.21672463
1.22233939
1.22800612
1.23373425
1.23950732
1.24533474
1.25121725
1.25715554
1.26315057
1.26920295
1.27531362
1.28148341
1.28771317
1.29401326
1.30036581
1.30678093
1.31325984
1.31980312
1.32641208
1.33308744
1.33983040
1.34664190
1.35353339
1.36048532
1.36750901
1.37460554
1.38177621
1.38902199
1.39634430
1.40374410
0.29009691
0.29075366
0.29141292
0.29207519
0.29274094
0.29340923
0.29408109
0.29475555
0.29543310
0.29611427
0.29679808
0.29748508
0.29817575
0.29886913
0.29956627
0.30026615
0.30096930
0.30167627
0.30238605
0.30309919
0.30381620
0.30453610
0.30525994
0.30598670
0.30671692
0.30745119
0.30818844
0.30892923
0.30967414
0.31042156
0.31117314
0.31192893
0.31268781
0.31345099
0.31421733
0.31498742
0.31576186
0.31653956
0.31732109
0.31810707
0.31889638
0.31969017
0.32048738
0.32128856
0.32209432
0.32290357
0.32371688
0.32453489
0.32535645
0.32618281
0.32701275
0.32784691
0.32868597
0.32952872
0.33037579
0.33122784
0.33208370
0.33294460
0.33380935
0.33467862
0.33555305
0.33643141
0.33731440
0.33820269
0.33909500
0.33999139
0.34089383
0.34180042
0.34271252
0.34362882
0.34455004
0.34547690
0.34640807
0.34734428
0.34828624
0.34923261
0.35018486
0.35114163
0.35210362
0.35307160
0.35404423
0.35502222
0.35600635
0.35699522
0.35799032
0.35899028
0.35999581
0.36100775
0.36202464
0.36304727
0.36407647
0.36511075
0.36615166
0.36719781
0.36824992
0.36930886
0.37037313
0.37144354
0.37252095
0.37360382
0.37469304
0.37578860
0.37689060
0.37799990
0.37911493
0.38023654
0.38136563
0.38250062
0.38364241
0.38479185
0.38594738
0.38711068
0.38828018
0.38945678
0.39064139
0.39183235
0.39303061
0.39423710
0.39545012
0.39667153
0.39789960
0.39913532
0.40037963
0.40163079
0.40288982
0.40415770
0.40543264
0.40671659
0.40800774
0.40930715
0.41061577
0.41193187
0.41325641
0.41459048
0.41589233
0.41708905
0.41829163
0.41949922
0.42050809
0.42141500
0.42232585
0.42321149
0.42382413
0.42443553
0.42504871
0.42551205
0.42582962
0.42614362
0.42645910
0.42652041
0.42654699
0.42657152
0.42654288
0.42628649
0.42603245
0.42574304
0.42541441
0.42508423
0.42486101
0.42524165
0.42627630
0.93944472
0.94278842
0.94615602
0.94955283
0.95296901
0.95640981
0.95987558
0.96336657
0.96688306
0.97042531
0.97399360
0.97758824
0.98120946
0.98486310
0.98853856
0.99224156
0.99597239
0.99973136
1.00351882
1.00733519
1.01118052
1.01505542
1.01896012
1.02289510
1.02686036
1.03085661
1.03488410
1.03894317
1.04303420
1.04715753
1.05131364
1.05550289
1.05973196
1.06398869
1.06827974
1.07260549
1.07696652
1.08136308
1.08579564
1.09026480
1.09477091
1.09932113
1.10390246
1.10852218
1.11318076
1.11787868
1.12261641
1.12739444
1.13221323
1.13707352
1.14197564
1.14692760
1.15191531
1.15694654
1.16202199
1.16714203
1.17230749
1.17751884
1.18277681
1.18808186
1.19344270
1.19884408
1.20429456
1.20979488
1.21534562
1.22094762
1.22660148
1.23230779
1.23806763
1.24388146
1.24975896
1.25568342
1.26166427
1.26770246
1.27379870
1.27995372
1.28616869
1.29244423
1.29878128
1.30519044
1.31165338
1.31818068
1.32477331
1.33143222
1.33815837
1.34495294
1.35181677
1.35875094
1.36575675
1.37284565
1.37999797
1.38722503
1.39452827
1.40190887
1.40936792
0.29059085
0.29124936
0.29191136
0.29257590
0.29324394
0.29391456
0.29458824
0.29526550
0.29594541
0.29662845
0.29731515
0.29800454
0.29869711
0.29939345
0.30009252
0.30079535
0.30150101
0.30220994
0.30292276
0.30363843
0.30435750
0.30508047
0.30580640
0.30653629
0.30726916
0.30800554
0.30874598
0.30948946
0.31023598
0.31098720
0.31174153
0.31249952
0.31326178
0.31402719
0.31479692
0.31556985
0.31634662
0.31712776
0.31791219
0.31870112
0.31949335
0.32028958
0.32109034
0.32189453
0.32270277
0.32351565
0.32433209
0.32515261
0.32597792
0.32680681
0.32764053
0.32847792
0.32931960
0.33016622
0.33101657
0.33187133
0.33273113
0.33359477
0.33446354
0.33533621
0.33621347
0.33709595
0.33798242
0.33887357
0.33976945
0.34067005
0.34157613
0.34248635
0.34340146
0.34432212
0.34524706
0.34617698
0.34711263
0.34805265
0.34899846
0.34994873
0.35090420
0.35186559
0.35283157
0.35380286
0.35478023
0.35576230
0.35674980
0.35774356
0.35874212
0.35974699
0.36075678
0.36177227
0.36279422
0.36382124
0.36485407
0.36589351
0.36693817
0.36798957
0.36904621
0.37010896
0.37117866
0.37225372
0.37333506
0.37442347
0.37551668
0.37661788
0.37772477
0.37883815
0.37995896
0.38108557
0.38221893
0.38335985
0.38450676
0.38566139
0.38682213
0.38798991
0.38916558
0.39034757
0.39153674
0.39273405
0.39393783
0.39514902
0.39636856
0.39759475
0.39882946
0.40007097
0.40132022
0.40257820
0.40384319
0.40511614
0.40639809
0.40768722
0.40898550
0.41029114
0.41160515
0.41292855
0.41425952
0.41559911
0.41694835
0.41816586
0.41937274
0.42058757
0.42170653
0.42261964
0.42353573
0.42445579
0.42514211
0.42575935
0.42637634
0.42693371
0.42725343
0.42757258
0.42789018
0.42803526
0.42806408
0.42808983
0.42811349
0.42788091
0.42762291
0.42735291
0.42702177
0.42668909
0.42642537
0.42657459
0.42748427
0.94196028
0.94532192
0.94870764
0.95211774
0.95555753
0.95901716
0.96250188
0.96601200
0.96954787
0.97310972
0.97669780
0.98031247
0.98395395
0.98762262
0.99132425
0.99504817
0.99880016
1.00258064
1.00638974
1.01022792
1.01409554
1.01798701
1.02191436
1.02587211
1.02986658
1.03388631
1.03793752
1.04202056
1.04613590
1.05028391
1.05446494
1.05867934
1.06292760
1.06721652
1.07153368
1.07588589
1.08027363
1.08469737
1.08915734
1.09365427
1.09818852
1.10276043
1.10737050
1.11202633
1.11671448
1.12144232
1.12621033
1.13101900
1.13586903
1.14076078
1.14569485
1.15067184
1.15569961
1.16076410
1.16587305
1.17102730
1.17622721
1.18147361
1.18676698
1.19210792
1.19749725
1.20293546
1.20843148
1.21396971
1.21955895
1.22519994
1.23089325
1.23663986
1.24244022
1.24829531
1.25420594
1.26018155
1.26620555
1.27228725
1.27842784
1.28462780
1.29088831
1.29721010
1.30359411
1.31004131
1.31655252
1.32313871
1.32978117
1.33649063
1.34326816
1.35011470
1.35703146
1.36401939
1.37107980
1.37821352
1.38543272
1.39271712
1.40007842
1.40751803
1.41503704
0.29108649
0.29174727
0.29241103
0.29307833
0.29374817
0.29442158
0.29509762
0.29577672
0.29645950
0.29714492
0.29783350
0.29852581
0.29922083
0.29991907
0.30062112
0.30132595
0.30203459
0.30274606
0.30346087
0.30417961
0.30490124
0.30562681
0.30635533
0.30708733
0.30782336
0.30856240
0.30930501
0.31005117
0.31080097
0.31155437
0.31231201
0.31307280
0.31383783
0.31460607
0.31537807
0.31615445
0.31693408
0.31771755
0.31850550
0.31929678
0.32009259
0.32089180
0.32169500
0.32250282
0.32331410
0.32412949
0.32494962
0.32577327
0.32660115
0.32743382
0.32827014
0.32911137
0.32995629
0.33080557
0.33165985
0.33251795
0.33338112
0.33424813
0.33511966
0.33599642
0.33687711
0.33776245
0.33865309
0.33954713
0.34044656
0.34135145
0.34226048
0.34317502
0.34409383
0.34501752
0.34594691
0.34688061
0.34781936
0.34876391
0.34971291
0.35066777
0.35162717
0.35259184
0.35356253
0.35453784
0.35551858
0.35650545
0.35749710
0.35849503
0.35949779
0.36050618
0.36152098
0.36254078
0.36356634
0.36459848
0.36563572
0.36667967
0.36772880
0.36878398
0.36984599
0.37091336
0.37198690
0.37306747
0.37415352
0.37524515
0.37634477
0.37745005
0.37856263
0.37968096
0.38080594
0.38193843
0.38307685
0.38422209
0.38537499
0.38653404
0.38770089
0.38887396
0.39005417
0.39124241
0.39243707
0.39363903
0.39484924
0.39606604
0.39729127
0.39852318
0.39976278
0.40101102
0.40226614
0.40352917
0.40480107
0.40608007
0.40736812
0.40866345
0.40996704
0.41127989
0.41260025
0.41392910
0.41526750
0.41661364
0.41796851
0.41924629
0.42046040
0.42168155
0.42290983
0.42383119
0.42475355
0.42567891
0.42646626
0.42709041
0.42771128
0.42833397
0.42868677
0.42901015
0.42932987
0.42956194
0.42958996
0.42961794
0.42964283
0.42948630
0.42922634
0.42896774
0.42864031
0.42830613
0.42800027
0.42802086
0.42869812
0.43034291
0.94786906
0.95127308
0.95470166
0.95815504
0.96163350
0.96514255
0.96867204
0.97222739
0.97580898
0.97941703
0.98305190
0.98671383
0.99040312
0.99412012
0.99786514
1.00164413
1.00544608
1.00927711
1.01313734
1.01702154
1.02094138
1.02489161
1.02887249
1.03288448
1.03693378
1.04100907
1.04511631
1.04925621
1.05342901
1.05763519
1.06187499
1.06614900
1.07045758
1.07480097
1.07918644
1.08360124
1.08805227
1.09254003
1.09706497
1.10162747
1.10622811
1.11086738
1.11554575
1.12027073
1.12502873
1.12982738
1.13466716
1.13954854
1.14447200
1.14943838
1.15444791
1.15950131
1.16459930
1.16974986
1.17493844
1.18017328
1.18545496
1.19078410
1.19616139
1.20158744
1.20706308
1.21258867
1.21817350
1.22380161
1.22948194
1.23521531
1.24100232
1.24684381
1.25274062
1.25869346
1.26470315
1.27077043
1.27690542
1.28309071
1.28933620
1.29564273
1.30201125
1.30844283
1.31493807
1.32149827
1.32812417
1.33482695
1.34158754
1.34841692
1.35531628
1.36228657
1.36932886
1.37644446
1.38363433
1.39089966
1.39824176
1.40567291
1.41317225
1.42075193
0.29158333
0.29224685
0.29291290
0.29358199
0.29425466
0.29492989
0.29560876
0.29629022
0.29697487
0.29766318
0.29835418
0.29904839
0.29974636
0.30044708
0.30115107
0.30185890
0.30256954
0.30328405
0.30400142
0.30472222
0.30544692
0.30617461
0.30690625
0.30764088
0.30837905
0.30912131
0.30986604
0.31061494
0.31136802
0.31212419
0.31288403
0.31364816
0.31441545
0.31518710
0.31596196
0.31674063
0.31752375
0.31831014
0.31910104
0.31989530
0.32069349
0.32149628
0.32230252
0.32311282
0.32392779
0.32474628
0.32556891
0.32639632
0.32722735
0.32806322
0.32890278
0.32974663
0.33059546
0.33144802
0.33230501
0.33316708
0.33403298
0.33490404
0.33577901
0.33665857
0.33754340
0.33843222
0.33932513
0.34022403
0.34112707
0.34203491
0.34294826
0.34386581
0.34478897
0.34571645
0.34664890
0.34758708
0.34852970
0.34947741
0.35043100
0.35138908
0.35235316
0.35332179
0.35429579
0.35527590
0.35626072
0.35725102
0.35824755
0.35924894
0.36025664
0.36126933
0.36228770
0.36331257
0.36434251
0.36537829
0.36642075
0.36746842
0.36852285
0.36958259
0.37064844
0.37172124
0.37279946
0.37388399
0.37497562
0.37607205
0.37717649
0.37828666
0.37940338
0.38052753
0.38165754
0.38279429
0.38393864
0.38508904
0.38624719
0.38741148
0.38858280
0.38976207
0.39094767
0.39214054
0.39334154
0.39454904
0.39576399
0.39698735
0.39821738
0.39945596
0.40070137
0.40195456
0.40321654
0.40448555
0.40576258
0.40704861
0.40834188
0.40964437
0.41095421
0.41227245
0.41360018
0.41493547
0.41627944
0.41763312
0.41899464
0.42033231
0.42155373
0.42278126
0.42401597
0.42504770
0.42597738
0.42690811
0.42779970
0.42842674
0.42905563
0.42968222
0.43012974
0.43045530
0.43078032
0.43109852
0.43112776
0.43115598
0.43118313
0.43110481
0.43084291
0.43058130
0.43027219
0.42993444
0.42959824
0.42949355
0.42999259
0.43136597
0.95042992
0.95385242
0.95729965
0.96077192
0.96426940
0.96779251
0.97134674
0.97492182
0.97852331
0.98215151
0.98580670
0.98948920
0.99319935
0.99693739
1.00070369
1.00449860
1.00832808
1.01218104
1.01606369
1.01997030
1.02391291
1.02788627
1.03189051
1.03592598
1.03999329
1.04409266
1.04823053
1.05239522
1.05659306
1.06082451
1.06509006
1.06938994
1.07372475
1.07809496
1.08250070
1.08694935
1.09142792
1.09594369
1.10049689
1.10508811
1.10971785
1.11438644
1.11909449
1.12384260
1.12863100
1.13346767
1.13833880
1.14325190
1.14820755
1.15320635
1.15824890
1.16333580
1.16846752
1.17364466
1.17887580
1.18414581
1.18946326
1.19482863
1.20024252
1.20570576
1.21121907
1.21678293
1.22239816
1.22807395
1.23379409
1.23956776
1.24539578
1.25127888
1.25721776
1.26321328
1.26926625
1.27537751
1.28154802
1.28778768
1.29407918
1.30043232
1.30684817
1.31332767
1.31987166
1.32648122
1.33315742
1.33990097
1.34671330
1.35360539
1.36055803
1.36758256
1.37467992
1.38185132
1.38909793
1.39642096
1.40382159
1.41130114
1.41887200
1.42650175
0.29208237
0.29274768
0.29341650
0.29408789
0.29476237
0.29544047
0.29612118
0.29680550
0.29749253
0.29818276
0.29887667
0.29957333
0.30027324
0.30097693
0.30168343
0.30239373
0.30310690
0.30382344
0.30454391
0.30526727
0.30599406
0.30672485
0.30745864
0.30819646
0.30893728
0.30968168
0.31042969
0.31118131
0.31193656
0.31269607
0.31345871
0.31422508
0.31499580
0.31576970
0.31654799
0.31732959
0.31811503
0.31890494
0.31969821
0.32049602
0.32129726
0.32210249
0.32291234
0.32372570
0.32454318
0.32536539
0.32619116
0.32702115
0.32785597
0.32869446
0.32953787
0.33038500
0.33123648
0.33209300
0.33295333
0.33381811
0.33468807
0.33556190
0.33644095
0.33732399
0.33821169
0.33910468
0.34000114
0.34090298
0.34181029
0.34272176
0.34363878
0.34456006
0.34548628
0.34641817
0.34735444
0.34829578
0.34924290
0.35019451
0.35115203
0.35211408
0.35308141
0.35405481
0.35503283
0.35601631
0.35700595
0.35800040
0.35900041
0.36000675
0.36101800
0.36203569
0.36305839
0.36408690
0.36512199
0.36616221
0.36720839
0.36826134
0.36931959
0.37038466
0.37145516
0.37253186
0.37361559
0.37470487
0.37579972
0.37690258
0.37801114
0.37912703
0.38024873
0.38137707
0.38251296
0.38365480
0.38480350
0.38595992
0.38712248
0.38829291
0.38946956
0.39065340
0.39184529
0.39304364
0.39424932
0.39546329
0.39668390
0.39791206
0.39914873
0.40039223
0.40164438
0.40290350
0.40417054
0.40544650
0.40672958
0.40802178
0.40932125
0.41062903
0.41194615
0.41327080
0.41460398
0.41594678
0.41729730
0.41865665
0.42002484
0.42140204
0.42265278
0.42388672
0.42512789
0.42627016
0.42720625
0.42814440
0.42908460
0.42977250
0.43040535
0.43103799
0.43158248
0.43191025
0.43223748
0.43256414
0.43267560
0.43270400
0.43273345
0.43273449
0.43247062
0.43220705
0.43191653
0.43157619
0.43123639
0.43099833
0.43135554
0.43240967
0.95300472
0.95644581
0.95991182
0.96340311
0.96691984
0.97046232
0.97403091
0.97762579
0.98125273
0.98490125
0.98857701
0.99228024
0.99601138
0.99977070
1.00355852
1.00737500
1.01122081
1.01509595
1.01900101
1.02293622
1.02690184
1.03089845
1.03492618
1.03898561
1.04307699
1.04720068
1.05135715
1.05555296
1.05977607
1.06403315
1.06832457
1.07265079
1.07701206
1.08140910
1.08584201
1.09031153
1.09481800
1.09936857
1.10395038
1.10857058
1.11322951
1.11792779
1.12266588
1.12744439
1.13226366
1.13712430
1.14203429
1.14697933
1.15196753
1.15699923
1.16207504
1.16719568
1.17236161
1.17757344
1.18283176
1.18813729
1.19349873
1.19890058
1.20435166
1.20985246
1.21540380
1.22100627
1.22666061
1.23236752
1.23812795
1.24395108
1.24982035
1.25574541
1.26172698
1.26776564
1.27386248
1.28001821
1.28623378
1.29250991
1.29884768
1.30525744
1.31172109
1.31824911
1.32484233
1.33150196
1.33822882
1.34502399
1.35188866
1.35882354
1.36584055
1.37291980
1.38007283
1.38730073
1.39460480
1.40198612
1.40944612
1.41698575
1.42459524
1.43229830
0.29258311
0.29325071
0.29392135
0.29459554
0.29527235
0.29595280
0.29663587
0.29732209
0.29801202
0.29870462
0.29940048
0.30010009
0.30080247
0.30150816
0.30221763
0.30292997
0.30364621
0.30436531
0.30508780
0.30581427
0.30654368
0.30727658
0.30801353
0.30875349
0.30949754
0.31024408
0.31099483
0.31174973
0.31250775
0.31326950
0.31403551
0.31480470
0.31557825
0.31635505
0.31713566
0.31792071
0.31870911
0.31950140
0.32029822
0.32109845
0.32190326
0.32271156
0.32352391
0.32434094
0.32516152
0.32598627
0.32681581
0.32764897
0.32848641
0.32932875
0.33017480
0.33102581
0.33188063
0.33273983
0.33360416
0.33447236
0.33534569
0.33622298
0.33710489
0.33799204
0.33888325
0.33977851
0.34067982
0.34158531
0.34249559
0.34341139
0.34433144
0.34525710
0.34618708
0.34712210
0.34806284
0.34900802
0.34995836
0.35091457
0.35187533
0.35284206
0.35381341
0.35479012
0.35577294
0.35676053
0.35775360
0.35875297
0.35975718
0.36076775
0.36178330
0.36280456
0.36383238
0.36486527
0.36590406
0.36694950
0.36800021
0.36905771
0.37012053
0.37118948
0.37226540
0.37334681
0.37443450
0.37552857
0.37662905
0.37773597
0.37885025
0.37997031
0.38109782
0.38223124
0.38337138
0.38451922
0.38567308
0.38683391
0.38800257
0.38917750
0.39036041
0.39154965
0.39274618
0.39395091
0.39516217
0.39638090
0.39760807
0.39884198
0.40008444
0.40133378
0.40259096
0.40385693
0.40512997
0.40641108
0.40770122
0.40899867
0.41030532
0.41161942
0.41294196
0.41427398
0.41561365
0.41696203
0.41832015
0.41968518
0.42106014
0.42244515
0.42375654
0.42499796
0.42624667
0.42750069
0.42844221
0.42938787
0.43033355
0.43112671
0.43176359
0.43240231
0.43303978
0.43337402
0.43370450
0.43403551
0.43423456
0.43426424
0.43429285
0.43432146
0.43411067
0.43384510
0.43357244
0.43323055
0.43288815
0.43260831
0.43272713
0.43365169
0.95559347
0.95905334
0.96253830
0.96604872
0.96958482
0.97314692
0.97673529
0.98035026
0.98399204
0.98766643
0.99136287
0.99508709
0.99883944
1.00262010
1.00642955
1.01026809
1.01413596
1.01802778
1.02195537
1.02591944
1.02990830
1.03392839
1.03797984
1.04206336
1.04617906
1.05032730
1.05450869
1.05872345
1.06297207
1.06726122
1.07157886
1.07593143
1.08031952
1.08474362
1.08920407
1.09370136
1.09823585
1.10280824
1.10742569
1.11207497
1.11676347
1.12149179
1.12626016
1.13106930
1.13591981
1.14081192
1.14574647
1.15072381
1.15575218
1.16081703
1.16592658
1.17108119
1.17628169
1.18152845
1.18682230
1.19216383
1.19755363
1.20300055
1.20848894
1.21402776
1.21961749
1.22525895
1.23095286
1.23669994
1.24250090
1.24835658
1.25427663
1.26024401
1.26626861
1.27235091
1.27849209
1.28469276
1.29095387
1.29727626
1.30366099
1.31010878
1.31663048
1.32320750
1.32985067
1.33656085
1.34333909
1.35018635
1.35710382
1.36409259
1.37115371
1.37828827
1.38550830
1.39279342
1.40015554
1.40759587
1.41511583
1.42270505
1.43038774
1.43815374
0.29308507
0.29375544
0.29442841
0.29510444
0.29578412
0.29646641
0.29715234
0.29784098
0.29853281
0.29922837
0.29992667
0.30062822
0.30133358
0.30204174
0.30275327
0.30346864
0.30418688
0.30490908
0.30563417
0.30636272
0.30709529
0.30783081
0.30856991
0.30931306
0.31005874
0.31080911
0.31156257
0.31231970
0.31308106
0.31384557
0.31461385
0.31538647
0.31616232
0.31694254
0.31772608
0.31851348
0.31930539
0.32010067
0.32089990
0.32170373
0.32251099
0.32332292
0.32413834
0.32495791
0.32578221
0.32661012
0.32744226
0.32827923
0.32911989
0.32996547
0.33081481
0.33166850
0.33252725
0.33338985
0.33425692
0.33512914
0.33600530
0.33688667
0.33777207
0.33866209
0.33955684
0.34045634
0.34136060
0.34227034
0.34318429
0.34410313
0.34502757
0.34595633
0.34689075
0.34782958
0.34877348
0.34972322
0.35067746
0.35163692
0.35260233
0.35357234
0.35454845
0.35552922
0.35651544
0.35750788
0.35850513
0.35950795
0.36051714
0.36153126
0.36255187
0.36357749
0.36460891
0.36564699
0.36669022
0.36773944
0.36879542
0.36985675
0.37092495
0.37199855
0.37307841
0.37416533
0.37525702
0.37635592
0.37746203
0.37857389
0.37969312
0.38081816
0.38194990
0.38308921
0.38423452
0.38538668
0.38654661
0.38771272
0.38888672
0.39006698
0.39125445
0.39245003
0.39365208
0.39486152
0.39607927
0.39730367
0.39853567
0.39977625
0.40102366
0.40227979
0.40354288
0.40481395
0.40609398
0.40738118
0.40867659
0.40998119
0.41129321
0.41261458
0.41394353
0.41528109
0.41662824
0.41798323
0.41934603
0.42071977
0.42210153
0.42349240
0.42486608
0.42611507
0.42737037
0.42863205
0.42968535
0.43063548
0.43159086
0.43248847
0.43312937
0.43377319
0.43441686
0.43484879
0.43518153
0.43551481
0.43580589
0.43583471
0.43586352
0.43589339
0.43576428
0.43549669
0.43522942
0.43489659
0.43455258
0.43422821
0.43422398
0.43489766
0.43666008
0.96166986
0.96517920
0.96870893
0.97226459
0.97584641
0.97945476
0.98308992
0.98675209
0.99044168
0.99415898
0.99790990
1.00168359
1.00548589
1.00931716
1.01317775
1.01706219
1.02098238
1.02493286
1.02891409
1.03292644
1.03697610
1.04105163
1.04515934
1.04929948
1.05347264
1.05767918
1.06191933
1.06619370
1.07050264
1.07485294
1.07923222
1.08364737
1.08809876
1.09258699
1.09711230
1.10167515
1.10627627
1.11091590
1.11559463
1.12032008
1.12507856
1.12987757
1.13471770
1.13959956
1.14452362
1.14949036
1.15450037
1.15955424
1.16466022
1.16980362
1.17499268
1.18022799
1.18551016
1.19083989
1.19621766
1.20164430
1.20712030
1.21264648
1.21823192
1.22386050
1.22954142
1.23527527
1.24106288
1.24690497
1.25280237
1.25875580
1.26476598
1.27084303
1.27696955
1.28315544
1.28940153
1.29570878
1.30207801
1.30851007
1.31500614
1.32156694
1.32819355
1.33489692
1.34165823
1.34848845
1.35538852
1.36235952
1.36940265
1.37651896
1.38370967
1.39097583
1.39832962
1.40575063
1.41325080
1.42083132
1.42848229
1.43622756
1.44405735
0.29358926
0.29426146
0.29493722
0.29561561
0.29629713
0.29698229
0.29767013
0.29836169
0.29905593
0.29975343
0.30045468
0.30115873
0.30186605
0.30257726
0.30329129
0.30400923
0.30473003
0.30545428
0.30618250
0.30691367
0.30764833
0.30838707
0.30912882
0.30987415
0.31062308
0.31137562
0.31213239
0.31289229
0.31365588
0.31442380
0.31519490
0.31596979
0.31674910
0.31753168
0.31831869
0.31910905
0.31990334
0.32070217
0.32150441
0.32231128
0.32312161
0.32393602
0.32475516
0.32557783
0.32640469
0.32723638
0.32807168
0.32891127
0.32975581
0.33060405
0.33145729
0.33231431
0.33317581
0.33404240
0.33491287
0.33578789
0.33666813
0.33755237
0.33844188
0.33933482
0.34023315
0.34113687
0.34204477
0.34295750
0.34387580
0.34479833
0.34572652
0.34665903
0.34759659
0.34853992
0.34948769
0.35044065
0.35139951
0.35236290
0.35333231
0.35430637
0.35528582
0.35627142
0.35726175
0.35825762
0.35925981
0.36026686
0.36127958
0.36229876
0.36332294
0.36435369
0.36538956
0.36643133
0.36747980
0.36853352
0.36959332
0.37066001
0.37173209
0.37281117
0.37389576
0.37498668
0.37608397
0.37718770
0.37829792
0.37941551
0.38053894
0.38166982
0.38280663
0.38395023
0.38510153
0.38625890
0.38742328
0.38859552
0.38977402
0.39096057
0.39215347
0.39335370
0.39456216
0.39577720
0.39699975
0.39823076
0.39946851
0.40071401
0.40196818
0.40322933
0.40449935
0.40577644
0.40706164
0.40835595
0.40965757
0.41096750
0.41228679
0.41361362
0.41494998
0.41629404
0.41764686
0.41900945
0.42037898
0.42175850
0.42314810
0.42454588
0.42595395
0.42723700
0.42849892
0.42976835
0.43093467
0.43189138
0.43285236
0.43381548
0.43450487
0.43515176
0.43580163
0.43633363
0.43666866
0.43699992
0.43732628
0.43739292
0.43741548
0.43743807
0.43737572
0.43710399
0.43683153
0.43651444
0.43616575
0.43581763
0.43569815
0.43620744
0.43767145
0.96430600
0.96782935
0.97138381
0.97495919
0.97856092
0.98218942
0.98584491
0.98952770
0.99323815
0.99697649
1.00074303
1.00454390
1.00836802
1.01222134
1.01610422
1.02001119
1.02395415
1.02792776
1.03193235
1.03596830
1.04003584
1.04414165
1.04827380
1.05243874
1.05663693
1.06086874
1.06513464
1.06943500
1.07377017
1.07814062
1.08254683
1.08699584
1.09147477
1.09599090
1.10054457
1.10513616
1.10976624
1.11443532
1.11914372
1.12389219
1.12868834
1.13351822
1.13838971
1.14330328
1.14825940
1.15325868
1.15830171
1.16338897
1.16852117
1.17369890
1.17893040
1.18420100
1.18951881
1.19488478
1.20029926
1.20576298
1.21127677
1.21684110
1.22245693
1.22813320
1.23385394
1.23962820
1.24545681
1.25134039
1.25727987
1.26327598
1.26932967
1.27544153
1.28162181
1.28785300
1.29414499
1.30049884
1.30691528
1.31339550
1.31994021
1.32655048
1.33322728
1.33997166
1.34679472
1.35367751
1.36063087
1.36765611
1.37475419
1.38192642
1.38917375
1.39649761
1.40389907
1.41137946
1.41895115
1.42658186
1.43430650
1.44211531
1.45000958
0.29409519
0.29476970
0.29544732
0.29612857
0.29681244
0.29749998
0.29819024
0.29888371
0.29958087
0.30028084
0.30098405
0.30169109
0.30240095
0.30311415
0.30383122
0.30455121
0.30527511
0.30600196
0.30673227
0.30746660
0.30820391
0.30894479
0.30968976
0.31043726
0.31118947
0.31194478
0.31270376
0.31346700
0.31423342
0.31500357
0.31577811
0.31655589
0.31733808
0.31812355
0.31891295
0.31970683
0.32050410
0.32130536
0.32211122
0.32292056
0.32373455
0.32455206
0.32537371
0.32620013
0.32703015
0.32786444
0.32870358
0.32954639
0.33039358
0.33124572
0.33210167
0.33296266
0.33382753
0.33469686
0.33557138
0.33644986
0.33733293
0.33822131
0.33911374
0.34001088
0.34091276
0.34181947
0.34273165
0.34364808
0.34456939
0.34549636
0.34642762
0.34736460
0.34830600
0.34925249
0.35020486
0.35116172
0.35212383
0.35309193
0.35406464
0.35504347
0.35602701
0.35701600
0.35801122
0.35901126
0.36001694
0.36102897
0.36204600
0.36306950
0.36409807
0.36513245
0.36617351
0.36721978
0.36827201
0.36933106
0.37039548
0.37146679
0.37254354
0.37362656
0.37471670
0.37581161
0.37691376
0.37802318
0.37913832
0.38026008
0.38138932
0.38252446
0.38366720
0.38481599
0.38597164
0.38713509
0.38830477
0.38948148
0.39066625
0.39185739
0.39305666
0.39426240
0.39547560
0.39669716
0.39792541
0.39916128
0.40040573
0.40165707
0.40291718
0.40418431
0.40545940
0.40674353
0.40803486
0.40933442
0.41064325
0.41195950
0.41328520
0.41461846
0.41596037
0.41731197
0.41867140
0.42003873
0.42141700
0.42280334
0.42419887
0.42560461
0.42701870
0.42836487
0.42963350
0.43091068
0.43219236
0.43315464
0.43412021
0.43509111
0.43588912
0.43654016
0.43718666
0.43780494
0.43813363
0.43846169
0.43879026
0.43893743
0.43896016
0.43898290
0.43899262
0.43871781
0.43844333
0.43814117
0.43779096
0.43744022
0.43719310
0.43758431
0.43874484
0.96695662
0.97049940
0.97406822
0.97766876
0.98129058
0.98493940
0.98861539
0.99231899
0.99605042
0.99980998
1.00359809
1.00741494
1.01126099
1.01514232
1.01904190
1.02297735
1.02694333
1.03094029
1.03496838
1.03902805
1.04311979
1.04724383
1.05140054
1.05559671
1.05982029
1.06407773
1.06836951
1.07269597
1.07705772
1.08145499
1.08588839
1.09035826
1.09487188
1.09941614
1.10399830
1.10861886
1.11327827
1.11797690
1.12271547
1.12749434
1.13231409
1.13717520
1.14208555
1.14703107
1.15201974
1.15705180
1.16212821
1.16724920
1.17241561
1.17762792
1.18288684
1.18820083
1.19355476
1.19895709
1.20440865
1.20991004
1.21546185
1.22106481
1.22671974
1.23242724
1.23818815
1.24401188
1.24988186
1.25580740
1.26178956
1.26782882
1.27392626
1.28008258
1.28629875
1.29257560
1.29892349
1.30532444
1.31178868
1.31831741
1.32491136
1.33157170
1.33829927
1.34509516
1.35196042
1.35889626
1.36591399
1.37299395
1.38014770
1.38737643
1.39468133
1.40206349
1.40952420
1.41706479
1.42467499
1.43239057
1.44017839
1.44805145
1.45601106
0.29460236
0.29527971
0.29595968
0.29664278
0.29732955
0.29801899
0.29871216
0.29940805
0.30010718
0.30081010
0.30151582
0.30222484
0.30293772
0.30365345
0.30437258
0.30509564
0.30582163
0.30655161
0.30728453
0.30802098
0.30876151
0.30950508
0.31025168
0.31100297
0.31175739
0.31251600
0.31327775
0.31404325
0.31481305
0.31558609
0.31636292
0.31714413
0.31792867
0.31871766
0.31950998
0.32030630
0.32110715
0.32191142
0.32271975
0.32353273
0.32434922
0.32517043
0.32599524
0.32682422
0.32765803
0.32849550
0.32933727
0.33018398
0.33103442
0.33188927
0.33274919
0.33361292
0.33448178
0.33535454
0.33623189
0.33711445
0.33800104
0.33889294
0.33978826
0.34068897
0.34159514
0.34250546
0.34342065
0.34434143
0.34526649
0.34619653
0.34713227
0.34807238
0.34901831
0.34996867
0.35092425
0.35188577
0.35285184
0.35382324
0.35480073
0.35578293
0.35677126
0.35776439
0.35876307
0.35976809
0.36077800
0.36179361
0.36281568
0.36384279
0.36487648
0.36591533
0.36696011
0.36801162
0.36906841
0.37013128
0.37120110
0.37227631
0.37335855
0.37444633
0.37553966
0.37664101
0.37774801
0.37886155
0.37998247
0.38110924
0.38224271
0.38338378
0.38453084
0.38568562
0.38684651
0.38801444
0.38919026
0.39037240
0.39156172
0.39275917
0.39396313
0.39517534
0.39639416
0.39762050
0.39885539
0.40009704
0.40134645
0.40260461
0.40386975
0.40514380
0.40642500
0.40771431
0.40901276
0.41031858
0.41163275
0.41295633
0.41428748
0.41562822
0.41697666
0.41833392
0.41970003
0.42107508
0.42245919
0.42385340
0.42525586
0.42666763
0.42808983
0.42949873
0.43077406
0.43205807
0.43334869
0.43442428
0.43539655
0.43637213
0.43726721
0.43791372
0.43856108
0.43921143
0.43960300
0.43993330
0.44026408
0.44049069
0.44051468
0.44053757
0.44056046
0.44034252
0.44006708
0.43978113
0.43942830
0.43907493
0.43879026
0.43896991
0.43996593
0.96962184
0.97318417
0.97677284
0.98038805
0.98403007
0.98770481
0.99140155
0.99512607
0.99887866
1.00265968
1.00646937
1.01030815
1.01417637
1.01806855
1.02200234
1.02596080
1.02995002
1.03397036
1.03802228
1.04210603
1.04622209
1.05037069
1.05455244
1.05876756
1.06302285
1.06730604
1.07162392
1.07597697
1.08036542
1.08478987
1.08925068
1.09374833
1.09828329
1.10285604
1.10747385
1.11212361
1.11681259
1.12154126
1.12631011
1.13111973
1.13597047
1.14086318
1.14579809
1.15078342
1.15580475
1.16087008
1.16597998
1.17113519
1.17633605
1.18158340
1.18687773
1.19221973
1.19761002
1.20305741
1.20854640
1.21408570
1.21967602
1.22531796
1.23101246
1.23676014
1.24256170
1.24841797
1.25433850
1.26030648
1.26633167
1.27241468
1.27855635
1.28475761
1.29101944
1.29734242
1.30372775
1.31018591
1.31669867
1.32327640
1.32992017
1.33663106
1.34341002
1.35025811
1.35717630
1.36416578
1.37122762
1.37837362
1.38558376
1.39286971
1.40023267
1.40767384
1.41519451
1.42278469
1.43046820
1.43823516
1.44608688
1.45403671
1.46206236
0.29511181
0.29579100
0.29647380
0.29715928
0.29784796
0.29854032
0.29923540
0.29993424
0.30063584
0.30134073
0.30204943
0.30276099
0.30347589
0.30419469
0.30491638
0.30564150
0.30637062
0.30710271
0.30783880
0.30857792
0.30932060
0.31006685
0.31081671
0.31157073
0.31232792
0.31308877
0.31385389
0.31462219
0.31539428
0.31617072
0.31695044
0.31773400
0.31852204
0.31931341
0.32010928
0.32090858
0.32171187
0.32251975
0.32333115
0.32414663
0.32496682
0.32579058
0.32661912
0.32745129
0.32828769
0.32912901
0.32997403
0.33082339
0.33167776
0.33253595
0.33339921
0.33426633
0.33513796
0.33601481
0.33689561
0.33778104
0.33867177
0.33956593
0.34046611
0.34137043
0.34227955
0.34319422
0.34411311
0.34503692
0.34596640
0.34690022
0.34783977
0.34878373
0.34973285
0.35068780
0.35164732
0.35261211
0.35358289
0.35455832
0.35553989
0.35652617
0.35751793
0.35851595
0.35951886
0.36052737
0.36154228
0.36256218
0.36358789
0.36462012
0.36565751
0.36670157
0.36775082
0.36880612
0.36986828
0.37093577
0.37200946
0.37309015
0.37417635
0.37526891
0.37636784
0.37747324
0.37858596
0.37970445
0.38082957
0.38196221
0.38310075
0.38424695
0.38539919
0.38655838
0.38772538
0.38889861
0.39007896
0.39126736
0.39246216
0.39366513
0.39487463
0.39609161
0.39731699
0.39854908
0.39978883
0.40103722
0.40229252
0.40355569
0.40482777
0.40610695
0.40739518
0.40869066
0.40999439
0.41130745
0.41262800
0.41395700
0.41529560
0.41664192
0.41799796
0.41936088
0.42073369
0.42211655
0.42350751
0.42490768
0.42631814
0.42773697
0.42916632
0.43060422
0.43192178
0.43321157
0.43450910
0.43570027
0.43667078
0.43764564
0.43862483
0.43929273
0.43994525
0.44059864
0.44108012
0.44141480
0.44174784
0.44205502
0.44208136
0.44210440
0.44212747
0.44198146
0.44170290
0.44142467
0.44107684
0.44072083
0.44039914
0.44043729
0.44124302
0.44361830
0.97588390
0.97949249
0.98312789
0.98679042
0.99048024
0.99420339
0.99794906
1.00172305
1.00552559
1.00935721
1.01321816
1.01710284
1.02102339
1.02497423
1.02895570
1.03297436
1.03701842
1.04109430
1.04520226
1.04934287
1.05351627
1.05772316
1.06196368
1.06623840
1.07054770
1.07489836
1.07927811
1.08369362
1.08814538
1.09263384
1.09715962
1.10172296
1.10632443
1.11096442
1.11565065
1.12036943
1.12512827
1.12992775
1.13476837
1.13965058
1.14457512
1.14954221
1.15455282
1.15960717
1.16471350
1.16985750
1.17504704
1.18028283
1.18556547
1.19089568
1.19627392
1.20170105
1.20717764
1.21271265
1.21829021
1.22391939
1.22960091
1.23533535
1.24112344
1.24696612
1.25286412
1.25881803
1.26482892
1.27090657
1.27703369
1.28322017
1.28946698
1.29577482
1.30214465
1.30857742
1.31507409
1.32163560
1.32827282
1.33496702
1.34172904
1.34855998
1.35546076
1.36243248
1.36947644
1.37659347
1.38378489
1.39105189
1.39840662
1.40582836
1.41332924
1.42091072
1.42856252
1.43630874
1.44413936
1.45205581
1.46005964
1.46816432
0.29562297
0.29630452
0.29698923
0.29767761
0.29836866
0.29906347
0.29976100
0.30046177
0.30116636
0.30187374
0.30258444
0.30329904
0.30401647
0.30473733
0.30546212
0.30618986
0.30692160
0.30765632
0.30839455
0.30913687
0.30988169
0.31063065
0.31138381
0.31214005
0.31290054
0.31366420
0.31443158
0.31520328
0.31597823
0.31675699
0.31754017
0.31832665
0.31911704
0.31991196
0.32071024
0.32151312
0.32231945
0.32312983
0.32394487
0.32476345
0.32558677
0.32641369
0.32724479
0.32808077
0.32892039
0.32976437
0.33061326
0.33146593
0.33232301
0.33318517
0.33405116
0.33492231
0.33579740
0.33667704
0.33756196
0.33845091
0.33934388
0.34024289
0.34114602
0.34205461
0.34296742
0.34388509
0.34480834
0.34573591
0.34666848
0.34760678
0.34854949
0.34949800
0.35045099
0.35140920
0.35237336
0.35334215
0.35431626
0.35529646
0.35628140
0.35727251
0.35826844
0.35926995
0.36027780
0.36129057
0.36230907
0.36333406
0.36436412
0.36540005
0.36644262
0.36749041
0.36854500
0.36960486
0.37067083
0.37174374
0.37282211
0.37390676
0.37499774
0.37609509
0.37719968
0.37830999
0.37942684
0.38055113
0.38168129
0.38281816
0.38396266
0.38511321
0.38627148
0.38743591
0.38860738
0.38978684
0.39097258
0.39216557
0.39336675
0.39457440
0.39579040
0.39701304
0.39824322
0.39948195
0.40072754
0.40198091
0.40324304
0.40451223
0.40579033
0.40707561
0.40836906
0.40967169
0.41098171
0.41230017
0.41362804
0.41496354
0.41630864
0.41766155
0.41902325
0.42039385
0.42177349
0.42316219
0.42456108
0.42596823
0.42738473
0.42881170
0.43024722
0.43169343
0.43307456
0.43437126
0.43567362
0.43696988
0.43794712
0.43892768
0.43991265
0.44068044
0.44133711
0.44199464
0.44256717
0.44290635
0.44324163
0.44357738
0.44365698
0.44368243
0.44370565
0.44363156
0.44334981
0.44307059
0.44273889
0.44238019
0.44202098
0.44195402
0.44252977
0.44420502
0.97859859
0.98222739
0.98588312
0.98956621
0.99327695
0.99701560
1.00078249
1.00458360
1.00840795
1.01226163
1.01614487
1.02005208
1.02399540
1.02796936
1.03197420
1.03601050
1.04008448
1.04418445
1.04831696
1.05248225
1.05668080
1.06091309
1.06517923
1.06947994
1.07381546
1.07818627
1.08259952
1.08704221
1.09152162
1.09603810
1.10059214
1.10518420
1.10981464
1.11448407
1.11919296
1.12394190
1.12873840
1.13356876
1.13844073
1.14335465
1.14831126
1.15331101
1.15835452
1.16344225
1.16857493
1.17376077
1.17898512
1.18425620
1.18957448
1.19494092
1.20035589
1.20582020
1.21133447
1.21689939
1.22252405
1.22819257
1.23391378
1.23968863
1.24551773
1.25140202
1.25734210
1.26333880
1.26939297
1.27550554
1.28168643
1.28791821
1.29421079
1.30056536
1.30698252
1.31346333
1.32000864
1.32661963
1.33329713
1.34004223
1.34686613
1.35374951
1.36070371
1.36772966
1.37482846
1.38200152
1.38924968
1.39657426
1.40397656
1.41146898
1.41903043
1.42666185
1.43438745
1.44219708
1.45009220
1.45807433
1.46614480
1.47430503
0.29613546
0.29681987
0.29750696
0.29819724
0.29889122
0.29958794
0.30028844
0.30099168
0.30169824
0.30240864
0.30312189
0.30383849
0.30455902
0.30528244
0.30600932
0.30674019
0.30747402
0.30821192
0.30895284
0.30969730
0.31044537
0.31119707
0.31195241
0.31271198
0.31347471
0.31424174
0.31501195
0.31578594
0.31656432
0.31734598
0.31813151
0.31892151
0.31971487
0.32051277
0.32131407
0.32211939
0.32292932
0.32374278
0.32456034
0.32538262
0.32620850
0.32703918
0.32787350
0.32871208
0.32955554
0.33040276
0.33125436
0.33211097
0.33297139
0.33383629
0.33470631
0.33558026
0.33645940
0.33734253
0.33823031
0.33912343
0.34001997
0.34092191
0.34182930
0.34274089
0.34365803
0.34457940
0.34550574
0.34643772
0.34737411
0.34831554
0.34926277
0.35021451
0.35117212
0.35213429
0.35310173
0.35407522
0.35505340
0.35603696
0.35702673
0.35802129
0.35902214
0.36002785
0.36103922
0.36205703
0.36307988
0.36410847
0.36514369
0.36618406
0.36723113
0.36828345
0.36934179
0.37040702
0.37147763
0.37255448
0.37363833
0.37472776
0.37582353
0.37692571
0.37803441
0.37915045
0.38027227
0.38140076
0.38253680
0.38367879
0.38482761
0.38598418
0.38714689
0.38831747
0.38949427
0.39067826
0.39187032
0.39306879
0.39427465
0.39548877
0.39670953
0.39793873
0.39917469
0.40041834
0.40167066
0.40292996
0.40419716
0.40547326
0.40675655
0.40804890
0.40934855
0.41065651
0.41197380
0.41329864
0.41463199
0.41597494
0.41732568
0.41868618
0.42005360
0.42143098
0.42281842
0.42421401
0.42561886
0.42703408
0.42845768
0.42989081
0.43133461
0.43278709
0.43423244
0.43553290
0.43684226
0.43815842
0.43922985
0.44021618
0.44120693
0.44207367
0.44273779
0.44340059
0.44406319
0.44440576
0.44474554
0.44508359
0.44524279
0.44527063
0.44529402
0.44529402
0.44501016
0.44472885
0.44441351
0.44405210
0.44369018
0.44348013
0.44394690
0.44531074
0.98132849
0.98497754
0.98865384
0.99235773
0.99608940
0.99984932
1.00363767
1.00745487
1.01130700
1.01518285
1.01908267
1.02301848
1.02698481
1.03098202
1.03501046
1.03907049
1.04316258
1.04728699
1.05145025
1.05564058
1.05986440
1.06412220
1.06841433
1.07274127
1.07710338
1.08150101
1.08593476
1.09040499
1.09491897
1.09946370
1.10404623
1.10866725
1.11332703
1.11802614
1.12276506
1.12754440
1.13236451
1.13723338
1.14213681
1.14708281
1.15207183
1.15710449
1.16218126
1.16730285
1.17246962
1.17768252
1.18294179
1.18825626
1.19361079
1.19901371
1.20446575
1.20996761
1.21551991
1.22112346
1.22677898
1.23248708
1.23825705
1.24407279
1.24994326
1.25586951
1.26185215
1.26789212
1.27399015
1.28014708
1.28636384
1.29264128
1.29898977
1.30539143
1.31185639
1.31838572
1.32498038
1.33164144
1.33836973
1.34516633
1.35203230
1.35897923
1.36598730
1.37306809
1.38022268
1.38745213
1.39475775
1.40214074
1.40960228
1.41714370
1.42475486
1.43247128
1.44025993
1.44813395
1.45609438
1.46414292
1.47228086
1.48050976
0.29665020
0.29733649
0.29802647
0.29871917
0.29941508
0.30011478
0.30081722
0.30152348
0.30223253
0.30294493
0.30366123
0.30438039
0.30510297
0.30582950
0.30655900
0.30729195
0.30802900
0.30876902
0.30951315
0.31025979
0.31101057
0.31176555
0.31252366
0.31328604
0.31405157
0.31482086
0.31559446
0.31637135
0.31715205
0.31793720
0.31872565
0.31951803
0.32031494
0.32111526
0.32192016
0.32272851
0.32354096
0.32435808
0.32517874
0.32600358
0.32683322
0.32766646
0.32850459
0.32934642
0.33019254
0.33104366
0.33189857
0.33275789
0.33362228
0.33449057
0.33536401
0.33624139
0.33712339
0.33801067
0.33890197
0.33979732
0.34069875
0.34160429
0.34251535
0.34343061
0.34435076
0.34527653
0.34620661
0.34714174
0.34808260
0.34902787
0.34997833
0.35093462
0.35189551
0.35286233
0.35383379
0.35481063
0.35579357
0.35678127
0.35777447
0.35877392
0.35977826
0.36078897
0.36180463
0.36282602
0.36385393
0.36488697
0.36592585
0.36697146
0.36802226
0.36907989
0.37014285
0.37121192
0.37228799
0.37336951
0.37445736
0.37555155
0.37665215
0.37776002
0.37887365
0.37999383
0.38112149
0.38225502
0.38339534
0.38454330
0.38569734
0.38685912
0.38802713
0.38920218
0.39038524
0.39157462
0.39277130
0.39397618
0.39518762
0.39640740
0.39763382
0.39886788
0.40011051
0.40136003
0.40261737
0.40388349
0.40515670
0.40643799
0.40772831
0.40902591
0.41033277
0.41164702
0.41296974
0.41430193
0.41564178
0.41699034
0.41834867
0.41971388
0.42109001
0.42247421
0.42386752
0.42527109
0.42668295
0.42810422
0.42953604
0.43097642
0.43242753
0.43388739
0.43535715
0.43670079
0.43801719
0.43934044
0.44051903
0.44151336
0.44250995
0.44347683
0.44414628
0.44481444
0.44548348
0.44591424
0.44625968
0.44660005
0.44684109
0.44686913
0.44689494
0.44691852
0.44668412
0.44639847
0.44610089
0.44573671
0.44537202
0.44509250
0.44537202
0.44646117
0.98407364
0.98774314
0.99144018
0.99516499
0.99891788
1.00269914
1.00650918
1.01034832
1.01421690
1.01810932
1.02204347
1.02600217
1.02999175
1.03401244
1.03806460
1.04214871
1.04626513
1.05041409
1.05459619
1.05881786
1.06306732
1.06735086
1.07166910
1.07602251
1.08041131
1.08483613
1.08929741
1.09379542
1.09833074
1.10291076
1.10752213
1.11217225
1.11686158
1.12159073
1.12635994
1.13117003
1.13602126
1.14091432
1.14584970
1.15083539
1.15585721
1.16092300
1.16603351
1.17118907
1.17639053
1.18163824
1.18693316
1.19227564
1.19767451
1.20311439
1.20860386
1.21414363
1.21973443
1.22537708
1.23107207
1.23682022
1.24262238
1.24848795
1.25440037
1.26036894
1.26639473
1.27247834
1.27862060
1.28482258
1.29108489
1.29740870
1.30379462
1.31025350
1.31676686
1.32334530
1.32998979
1.33670139
1.34348094
1.35032976
1.35724878
1.36423898
1.37130153
1.37844837
1.38565922
1.39294600
1.40030968
1.40775180
1.41527331
1.42286432
1.43054867
1.43831646
1.44618082
1.45411980
1.46214640
1.47026217
1.47846854
1.48676693
0.29716673
0.29785544
0.29854733
0.29924294
0.29994130
0.30064294
0.30134839
0.30205661
0.30276871
0.30348364
0.30420196
0.30492422
0.30564940
0.30637801
0.30711064
0.30784625
0.30858594
0.30932865
0.31007439
0.31082484
0.31157839
0.31233558
0.31309703
0.31386164
0.31463054
0.31540266
0.31617859
0.31695890
0.31774253
0.31853002
0.31932199
0.32011735
0.32091668
0.32172057
0.32252795
0.32333997
0.32415548
0.32497513
0.32579952
0.32662749
0.32746032
0.32829678
0.32913753
0.32998320
0.33083263
0.33168644
0.33254528
0.33340794
0.33427513
0.33514744
0.33602369
0.33690518
0.33779064
0.33868080
0.33957565
0.34047523
0.34137958
0.34228945
0.34320349
0.34412310
0.34504697
0.34597582
0.34691036
0.34784928
0.34879330
0.34974316
0.35069749
0.35165775
0.35262257
0.35359272
0.35456893
0.35554981
0.35653615
0.35752869
0.35852605
0.35952973
0.36053830
0.36155257
0.36257327
0.36359903
0.36463058
0.36566877
0.36671212
0.36776146
0.36881760
0.36987904
0.37094736
0.37202111
0.37310109
0.37418815
0.37527996
0.37637898
0.37748525
0.37859723
0.37971660
0.38084179
0.38197368
0.38311312
0.38425857
0.38541088
0.38657096
0.38773721
0.38891137
0.39009178
0.39127940
0.39247513
0.39367732
0.39488691
0.39610484
0.39732939
0.39856246
0.39980230
0.40104985
0.40230614
0.40356943
0.40484065
0.40612084
0.40740824
0.40870380
0.41000858
0.41132075
0.41264233
0.41397145
0.41530916
0.41665652
0.41801170
0.41937470
0.42074862
0.42213055
0.42352262
0.42492288
0.42633244
0.42775241
0.42918080
0.43061879
0.43206751
0.43352494
0.43499330
0.43647057
0.43787494
0.43919843
0.44052884
0.44181472
0.44281599
0.44381961
0.44482666
0.44556153
0.44623733
0.44691065
0.44743302
0.44778082
0.44812688
0.44845092
0.44847804
0.44850627
0.44853115
0.44836959
0.44808176
0.44779658
0.44743413
0.44706556
0.44674689
0.44682989
0.44777632
0.98682868
0.99051887
0.99424225
0.99798822
1.00176251
1.00556540
1.00939727
1.01325846
1.01714349
1.02106440
1.02501547
1.02899742
1.03301632
1.03706074
1.04113686
1.04524517
1.04938614
1.05356002
1.05776715
1.06200802
1.06628311
1.07059920
1.07494378
1.07932389
1.08373976
1.08819199
1.09268081
1.09720695
1.10177064
1.10637259
1.11101305
1.11569953
1.12041879
1.12517810
1.12997794
1.13481903
1.13970172
1.14462662
1.14959419
1.15460515
1.15966761
1.16476691
1.16991127
1.17510128
1.18033755
1.18562078
1.19095147
1.19633019
1.20175791
1.20723498
1.21277046
1.21834862
1.22397840
1.22966039
1.23539531
1.24118412
1.24702728
1.25292587
1.25888038
1.26490080
1.27097011
1.27709782
1.28328490
1.28953230
1.29584086
1.30221128
1.30864477
1.31514215
1.32170427
1.32834220
1.33503711
1.34179986
1.34863150
1.35553300
1.36250556
1.36955011
1.37666798
1.38386023
1.39113891
1.39848351
1.40590608
1.41340780
1.42099011
1.42864275
1.43638980
1.44422138
1.45213878
1.46014345
1.46824908
1.47643280
1.48470843
1.49307716
0.29768458
0.29837617
0.29907051
0.29976806
0.30046940
0.30117348
0.30188143
0.30259216
0.30330628
0.30402428
0.30474517
0.30546948
0.30619776
0.30692902
0.30766374
0.30840257
0.30914438
0.30988979
0.31063879
0.31139141
0.31214827
0.31290823
0.31367192
0.31443989
0.31521109
0.31598663
0.31676543
0.31754810
0.31833521
0.31912562
0.31992000
0.32071891
0.32152125
0.32232761
0.32313862
0.32395312
0.32477233
0.32559511
0.32642207
0.32725382
0.32808924
0.32892951
0.32977352
0.33062187
0.33147520
0.33233231
0.33319390
0.33406058
0.33493114
0.33580625
0.33668658
0.33757094
0.33846053
0.33935359
0.34025198
0.34115583
0.34206381
0.34297666
0.34389505
0.34481770
0.34574598
0.34667861
0.34761629
0.34855971
0.34950760
0.35046065
0.35141963
0.35238314
0.35335267
0.35432684
0.35530639
0.35629210
0.35728255
0.35827854
0.35928082
0.36028799
0.36130157
0.36232013
0.36334446
0.36437532
0.36541131
0.36645320
0.36750180
0.36855567
0.36961558
0.37068239
0.37175462
0.37283382
0.37391853
0.37500879
0.37610701
0.37721089
0.37832204
0.37943897
0.38056251
0.38169354
0.38283050
0.38397425
0.38512570
0.38628322
0.38744771
0.38862011
0.38979879
0.39098546
0.39217854
0.39337891
0.39458755
0.39580274
0.39702544
0.39825660
0.39949453
0.40074107
0.40199453
0.40325582
0.40452600
0.40580326
0.40708864
0.40838310
0.40968490
0.41099596
0.41231447
0.41364148
0.41497806
0.41632229
0.41767526
0.41903806
0.42040777
0.42178848
0.42317727
0.42457524
0.42598352
0.42740011
0.42882618
0.43026283
0.43170810
0.43316308
0.43462899
0.43610379
0.43758970
0.43905327
0.44038498
0.44172370
0.44306949
0.44412634
0.44513813
0.44615120
0.44698697
0.44766706
0.44834700
0.44896328
0.44931233
0.44966307
0.45000979
0.45009968
0.45012701
0.45015430
0.45006782
0.44977897
0.44948933
0.44914454
0.44877315
0.44841364
0.44838992
0.44909921
0.45112863
0.99331576
0.99705464
1.00082743
1.00462329
1.00844800
1.01230192
1.01618540
1.02009296
1.02403665
1.02801085
1.03201616
1.03605270
1.04012704
1.04422736
1.04836023
1.05252588
1.05672479
1.06095731
1.06522393
1.06952488
1.07386088
1.07823861
1.08264554
1.08708870
1.09156859
1.09608543
1.10063982
1.10523224
1.10986304
1.11453295
1.11924231
1.12399864
1.12878847
1.13361931
1.13849163
1.14340603
1.14836311
1.15336335
1.15840721
1.16349542
1.16863632
1.17381501
1.17903972
1.18431127
1.18963015
1.19499707
1.20041251
1.20587730
1.21139216
1.21695757
1.22258282
1.22825181
1.23397374
1.23974907
1.24557877
1.25146353
1.25740421
1.26340151
1.26945639
1.27557862
1.28175104
1.28798342
1.29427671
1.30063188
1.30704963
1.31353116
1.32007718
1.32668889
1.33336711
1.34012294
1.34693742
1.35382164
1.36077654
1.36780322
1.37490284
1.38207662
1.38932562
1.39665103
1.40405416
1.41154730
1.41910958
1.42674184
1.43446827
1.44227886
1.45017493
1.45815790
1.46622932
1.47439051
1.48265553
1.49100113
1.49944127
0.29820472
0.29889825
0.29959550
0.30029553
0.30099881
0.30170593
0.30241585
0.30312961
0.30384627
0.30456632
0.30529031
0.30601722
0.30674759
0.30748200
0.30821940
0.30896035
0.30970538
0.31045297
0.31120524
0.31196064
0.31271967
0.31348300
0.31424949
0.31502032
0.31579435
0.31657222
0.31735447
0.31814003
0.31892952
0.31972349
0.32052085
0.32132217
0.32212812
0.32293755
0.32375163
0.32456923
0.32539096
0.32621747
0.32704759
0.32788193
0.32872117
0.32956409
0.33041197
0.33126360
0.33211964
0.33298072
0.33384567
0.33471513
0.33558974
0.33646831
0.33735213
0.33823994
0.33913246
0.34002972
0.34093171
0.34183851
0.34275079
0.34366730
0.34458941
0.34551579
0.34644717
0.34738427
0.34832576
0.34927237
0.35022482
0.35118181
0.35214403
0.35311225
0.35408509
0.35506400
0.35604766
0.35703674
0.35803208
0.35903227
0.36003804
0.36105022
0.36206734
0.36309096
0.36411965
0.36515418
0.36619535
0.36724174
0.36829412
0.36935329
0.37041783
0.37148929
0.37256616
0.37364933
0.37473959
0.37583461
0.37693688
0.37804645
0.37916175
0.38028446
0.38141304
0.38254830
0.38369119
0.38484010
0.38599592
0.38715953
0.38832933
0.38950622
0.39069113
0.39188239
0.39308181
0.39428774
0.39550108
0.39672279
0.39795119
0.39918813
0.40043184
0.40168336
0.40294364
0.40421093
0.40548620
0.40677050
0.40806201
0.40936172
0.41067073
0.41198716
0.41331303
0.41464648
0.41598856
0.41734034
0.41869995
0.42006746
0.42144594
0.42283249
0.42422917
0.42563412
0.42704841
0.42847314
0.42990640
0.43134925
0.43280289
0.43426529
0.43573868
0.43722102
0.43871349
0.44021726
0.44157797
0.44292507
0.44427821
0.44544446
0.44646227
0.44748250
0.44842041
0.44910488
0.44979146
0.45047671
0.45085439
0.45120752
0.45156008
0.45173311
0.45176062
0.45178813
0.45178011
0.45148790
0.45119607
0.45086694
0.45049381
0.45012131
0.44996089
0.45049611
0.45207730
0.99612844
0.99988860
1.00367725
1.00749481
1.01134717
1.01522338
1.01912355
1.02305961
1.02702630
1.03102386
1.03505266
1.03911304
1.04320538
1.04733002
1.05149376
1.05568445
1.05990863
1.06416678
1.06845927
1.07278645
1.07714891
1.08154702
1.08598113
1.09045851
1.09496617
1.09951127
1.10409415
1.10871553
1.11337578
1.11807525
1.12281466
1.12759435
1.13241494
1.13728416
1.14218819
1.14713466
1.15212405
1.15715718
1.16223443
1.16735637
1.17252374
1.17773700
1.18300474
1.18831182
1.19366682
1.19907022
1.20452273
1.21002519
1.21557808
1.22118211
1.22683811
1.23254681
1.23831737
1.24413359
1.25000477
1.25593150
1.26191473
1.26795530
1.27405393
1.28021157
1.28642893
1.29271638
1.29905617
1.30545843
1.31192410
1.31845415
1.32504952
1.33171117
1.33844018
1.34523749
1.35210419
1.35905182
1.36606073
1.37314224
1.38029754
1.38752782
1.39483428
1.40221810
1.40968049
1.41722274
1.42484605
1.43255198
1.44034159
1.44821644
1.45617783
1.46422720
1.47236609
1.48059595
1.48891842
1.49734747
1.50585985
0.29872671
0.29942265
0.30012184
0.30082485
0.30153063
0.30223972
0.30295268
0.30366847
0.30438820
0.30511081
0.30583686
0.30656692
0.30729991
0.30803645
0.30877703
0.30952066
0.31026790
0.31101874
0.31177321
0.31253192
0.31329376
0.31405932
0.31482920
0.31560230
0.31637979
0.31716052
0.31794512
0.31873420
0.31952664
0.32032299
0.32112393
0.32192829
0.32273671
0.32354978
0.32436636
0.32518765
0.32601255
0.32684162
0.32767552
0.32851309
0.32935554
0.33020175
0.33105227
0.33190784
0.33276722
0.33363104
0.33450001
0.33537287
0.33625031
0.33713296
0.33801964
0.33891165
0.33980706
0.34070787
0.34161413
0.34252459
0.34343988
0.34436074
0.34528589
0.34621671
0.34715188
0.34809211
0.34903815
0.34998864
0.35094431
0.35190594
0.35287213
0.35384434
0.35482123
0.35580355
0.35679200
0.35778525
0.35878405
0.35978916
0.36079919
0.36181566
0.36283711
0.36386436
0.36489818
0.36593714
0.36698204
0.36803368
0.36909062
0.37015361
0.37122354
0.37229890
0.37338126
0.37446916
0.37556264
0.37666410
0.37777126
0.37888494
0.38000602
0.38113290
0.38226736
0.38340774
0.38455492
0.38570985
0.38687089
0.38803896
0.38921493
0.39039722
0.39158756
0.39278430
0.39398840
0.39520079
0.39641976
0.39764628
0.39888129
0.40012312
0.40137359
0.40263101
0.40389633
0.40517056
0.40645191
0.40774140
0.40904000
0.41034600
0.41166034
0.41298410
0.41431543
0.41565636
0.41700500
0.41836244
0.41972873
0.42110395
0.42248824
0.42388266
0.42528531
0.42669830
0.42811969
0.42955056
0.43099207
0.43244225
0.43390220
0.43537313
0.43685299
0.43834400
0.43984416
0.44135460
0.44277743
0.44413188
0.44549352
0.44676933
0.44779322
0.44882178
0.44985285
0.45055312
0.45124412
0.45193726
0.45240819
0.45276263
0.45311874
0.45337728
0.45340616
0.45343387
0.45346275
0.45320991
0.45291698
0.45260376
0.45222774
0.45185235
0.45157841
0.45196366
0.45322952
0.99895716
1.00273871
1.00654912
1.01038849
1.01425731
1.01815581
1.02208447
1.02604353
1.03003347
1.03405452
1.03810704
1.04219139
1.04630816
1.05045748
1.05463982
1.05886197
1.06311166
1.06739569
1.07171428
1.07606804
1.08045721
1.08488250
1.08934402
1.09384251
1.09837818
1.10295856
1.10757041
1.11222088
1.11691070
1.12164021
1.12640989
1.13122034
1.13607204
1.14096546
1.14590871
1.15088749
1.15590978
1.16097605
1.16608691
1.17124307
1.17644489
1.18169320
1.18698847
1.19233954
1.19773090
1.20317125
1.20866132
1.21420157
1.21979296
1.22543609
1.23113167
1.23688042
1.24268317
1.24854922
1.25446224
1.26043141
1.26645780
1.27254200
1.27868497
1.28488743
1.29115045
1.29747486
1.30387104
1.31032097
1.31683505
1.32341409
1.33005929
1.33677161
1.34355199
1.35040152
1.35732114
1.36431217
1.37138605
1.37852311
1.38573480
1.39302230
1.40038681
1.40782976
1.41535211
1.42294395
1.43062913
1.43839788
1.44626307
1.45420301
1.46223056
1.47034717
1.47855449
1.48685384
1.49524701
1.50373542
1.51232076
0.29925001
0.29994890
0.30065057
0.30135551
0.30206430
0.30277592
0.30349141
0.30420977
0.30493152
0.30565727
0.30638590
0.30711806
0.30785424
0.30859342
0.30933619
0.31008250
0.31083244
0.31158656
0.31234381
0.31310472
0.31386992
0.31463832
0.31541049
0.31618702
0.31696680
0.31775102
0.31853858
0.31933001
0.32012600
0.32092535
0.32172874
0.32253671
0.32334816
0.32416373
0.32498401
0.32580787
0.32663649
0.32746875
0.32830524
0.32914665
0.32999176
0.33084184
0.33169571
0.33255398
0.33341733
0.33428454
0.33515626
0.33603320
0.33691409
0.33779961
0.33869046
0.33958471
0.34048501
0.34138942
0.34229866
0.34321341
0.34413239
0.34505633
0.34598589
0.34691983
0.34785947
0.34880355
0.34975275
0.35070786
0.35166746
0.35263234
0.35360324
0.35457882
0.35556048
0.35654688
0.35753876
0.35853690
0.35953990
0.36054853
0.36156356
0.36258361
0.36361015
0.36464179
0.36567929
0.36672348
0.36777288
0.36882830
0.36989054
0.37095818
0.37203199
0.37311283
0.37419915
0.37529185
0.37639093
0.37749645
0.37860933
0.37972796
0.38085401
0.38198596
0.38312468
0.38427103
0.38542339
0.38658270
0.38774988
0.38892326
0.39010376
0.39129230
0.39248726
0.39369038
0.39490005
0.39611718
0.39734271
0.39857495
0.39981484
0.40106341
0.40231887
0.40358314
0.40485448
0.40613383
0.40742221
0.40871787
0.41002178
0.41133502
0.41265571
0.41398591
0.41532370
0.41667020
0.41802642
0.41938952
0.42076254
0.42214558
0.42353675
0.42493811
0.42634776
0.42776680
0.42919633
0.43063444
0.43208218
0.43354076
0.43500817
0.43648556
0.43797407
0.43947169
0.44098067
0.44249895
0.44398233
0.44534415
0.44671550
0.44809192
0.44913322
0.45016798
0.45120639
0.45200956
0.45270506
0.45340267
0.45397159
0.45432848
0.45467779
0.45501021
0.45503345
0.45505556
0.45507881
0.45489275
0.45459652
0.45429832
0.45392066
0.45354363
0.45323297
0.45341423
0.45449319
1.00180197
1.00560510
1.00943732
1.01329887
1.01718426
1.02110541
1.02505684
1.02904499
1.03305829
1.03710294
1.04117954
1.04528821
1.04942942
1.05360365
1.05781114
1.06205237
1.06633425
1.07064426
1.07498932
1.07936966
1.08378589
1.08823848
1.09272778
1.09725428
1.10181844
1.10642064
1.11106849
1.11574852
1.12046814
1.12522781
1.13002825
1.13486969
1.13975275
1.14467812
1.14964616
1.15465760
1.15972042
1.16482019
1.16996515
1.17515564
1.18039238
1.18567598
1.19100726
1.19638658
1.20181465
1.20730042
1.21282828
1.21840703
1.22403729
1.22971976
1.23545539
1.24124467
1.24708843
1.25298750
1.25894272
1.26496375
1.27103364
1.27716196
1.28334975
1.28959775
1.29590678
1.30227804
1.30871212
1.31521010
1.32178283
1.32841158
1.33510721
1.34187067
1.34870303
1.35560524
1.36257851
1.36962390
1.37674248
1.38393557
1.39121497
1.39856040
1.40598381
1.41348636
1.42106950
1.42872298
1.43647099
1.44430339
1.45222175
1.46023929
1.46833384
1.47651851
1.48479509
1.49316490
1.50162959
1.51019084
1.51885021
0.29977563
0.30047649
0.30118114
0.30188859
0.30259937
0.30331403
0.30403155
0.30475298
0.30547735
0.30620515
0.30693695
0.30767173
0.30841005
0.30915242
0.30989733
0.31064638
0.31139961
0.31215593
0.31291649
0.31368023
0.31444767
0.31521946
0.31599450
0.31677333
0.31755659
0.31834316
0.31913421
0.31992865
0.32072702
0.32152998
0.32233638
0.32314682
0.32396197
0.32478064
0.32560405
0.32643104
0.32726225
0.32809830
0.32893804
0.32978207
0.33063108
0.33148384
0.33234161
0.33320326
0.33406934
0.33494058
0.33581576
0.33669552
0.33758053
0.33846956
0.33936328
0.34026176
0.34116498
0.34207368
0.34298658
0.34390435
0.34482771
0.34575540
0.34668875
0.34762645
0.34856927
0.34951788
0.35047099
0.35142931
0.35239360
0.35336247
0.35433671
0.35531703
0.35630208
0.35729331
0.35828936
0.35929099
0.36029893
0.36131185
0.36233047
0.36335558
0.36438575
0.36542255
0.36646450
0.36751243
0.36856711
0.36962709
0.37069321
0.37176627
0.37284476
0.37393031
0.37502065
0.37611812
0.37722287
0.37833330
0.37945029
0.38057473
0.38170502
0.38284287
0.38398668
0.38513735
0.38629580
0.38746038
0.38863200
0.38981158
0.39099750
0.39219064
0.39339197
0.39459980
0.39581594
0.39703870
0.39826906
0.39950797
0.40075371
0.40200815
0.40326953
0.40453887
0.40581715
0.40710261
0.40839621
0.40969905
0.41100925
0.41232786
0.41365591
0.41499159
0.41633689
0.41768995
0.41905186
0.42042267
0.42180246
0.42319137
0.42459044
0.42599779
0.42741552
0.42884168
0.43027738
0.43172380
0.43317890
0.43464383
0.43611979
0.43760476
0.43910092
0.44060627
0.44212198
0.44364926
0.44518602
0.44656420
0.44794196
0.44932821
0.45048013
0.45152113
0.45256692
0.45347661
0.45416966
0.45486253
0.45550969
0.45586082
0.45621252
0.45656472
0.45664436
0.45666781
0.45669007
0.45656824
0.45627099
0.45597294
0.45560646
0.45522779
0.45488113
0.45492646
0.45584565
1.00466299
1.00848794
1.01234221
1.01622605
1.02013397
1.02407789
1.02805245
1.03205800
1.03610086
1.04016948
1.04427028
1.04840338
1.05256939
1.05676866
1.06100154
1.06526852
1.06956995
1.07390618
1.07828426
1.08269167
1.08713520
1.09161544
1.09613264
1.10068738
1.10528028
1.10991156
1.11458182
1.11929154
1.12404835
1.12883854
1.13366985
1.13854265
1.14345753
1.14841497
1.15341556
1.15846002
1.16354871
1.16868997
1.17386913
1.17909443
1.18436646
1.18968582
1.19505322
1.20046926
1.20593452
1.21144986
1.21702421
1.22264159
1.22831118
1.23403358
1.23980951
1.24563980
1.25152516
1.25746644
1.26346433
1.26951969
1.27564263
1.28181565
1.28804862
1.29434264
1.30069840
1.30711687
1.31359899
1.32014573
1.32675803
1.33344698
1.34019363
1.34700882
1.35389364
1.36084926
1.36787677
1.37497723
1.38215172
1.38940144
1.39672768
1.40414274
1.41162562
1.41918874
1.42682195
1.43454921
1.44236064
1.45025766
1.45824158
1.46631384
1.47448826
1.48274195
1.49108863
1.49952972
1.50806689
1.51670194
1.52543640
0.30030313
0.30100644
0.30171308
0.30242354
0.30313686
0.30385354
0.30457413
0.30529764
0.30602509
0.30675551
0.30748942
0.30822739
0.30896837
0.30971295
0.31046107
0.31121287
0.31196827
0.31272793
0.31349072
0.31425783
0.31502813
0.31580219
0.31658065
0.31736240
0.31814858
0.31893808
0.31973153
0.32052949
0.32133088
0.32213628
0.32294634
0.32375985
0.32457751
0.32539988
0.32622585
0.32705659
0.32789099
0.32872966
0.32957324
0.33042055
0.33127284
0.33212894
0.33298945
0.33385506
0.33472455
0.33559859
0.33647785
0.33736107
0.33824894
0.33914217
0.34003881
0.34094149
0.34184834
0.34276003
0.34367725
0.34459874
0.34552518
0.34645730
0.34739375
0.34833598
0.34928265
0.35023448
0.35119221
0.35215446
0.35312206
0.35409564
0.35507393
0.35605761
0.35704750
0.35804218
0.35904312
0.36004898
0.36106047
0.36207840
0.36310133
0.36413008
0.36516541
0.36620590
0.36725309
0.36830553
0.36936402
0.37042940
0.37150013
0.37257707
0.37366107
0.37475061
0.37584653
0.37694886
0.37805769
0.37917387
0.38029584
0.38142446
0.38256064
0.38370278
0.38485259
0.38600847
0.38717130
0.38834202
0.38951901
0.39070311
0.39189532
0.39309397
0.39430085
0.39551425
0.39673519
0.39796454
0.39920065
0.40044448
0.40169695
0.40295640
0.40422469
0.40550005
0.40678349
0.40807602
0.40937585
0.41068399
0.41200146
0.41332644
0.41466001
0.41600314
0.41735405
0.41871473
0.42008233
0.42145991
0.42284754
0.42424333
0.42564839
0.42706376
0.42848760
0.42992195
0.43136492
0.43281761
0.43428117
0.43575361
0.43723607
0.43872970
0.44023252
0.44174674
0.44327030
0.44480443
0.44635034
0.44779095
0.44917628
0.45057023
0.45183632
0.45288241
0.45392761
0.45492414
0.45561931
0.45631659
0.45701602
0.45740473
0.45775881
0.45811340
0.45826674
0.45829034
0.45831394
0.45825848
0.45795783
0.45765758
0.45730487
0.45692334
0.45654130
0.45649329
0.45720619
0.45946974
1.01138735
1.01526392
1.01916432
1.02310085
1.02706778
1.03106558
1.03509474
1.03915548
1.04324818
1.04737937
1.05153728
1.05572820
1.05995274
1.06421125
1.06850410
1.07283175
1.07719457
1.08159304
1.08602750
1.09050524
1.09501326
1.09955883
1.10414219
1.10876393
1.11342454
1.11812437
1.12286425
1.12764430
1.13247263
1.13733506
1.14223945
1.14718640
1.15217626
1.15720987
1.16228747
1.16741002
1.17257774
1.17779160
1.18305981
1.18836737
1.19372284
1.19912672
1.20457983
1.21008277
1.21563613
1.22124076
1.22689736
1.23261499
1.23837769
1.24419451
1.25006616
1.25599349
1.26197743
1.26801848
1.27411783
1.28027594
1.28650331
1.29278219
1.29912257
1.30552542
1.31199181
1.31852245
1.32511854
1.33178091
1.33851063
1.34530866
1.35218644
1.35912442
1.36613405
1.37321639
1.38037252
1.38760352
1.39491081
1.40229535
1.40975857
1.41731298
1.42492592
1.43263268
1.44042313
1.44829881
1.45626116
1.46431148
1.47245133
1.48068225
1.48900557
1.49743569
1.50594902
1.51455975
1.52326941
1.53207994
0.30083194
0.30153829
0.30224741
0.30295989
0.30367625
0.30439547
0.30511865
0.30584475
0.30657431
0.30730787
0.30804443
0.30878454
0.30952874
0.31027547
0.31102633
0.31178141
0.31253958
0.31330201
0.31406763
0.31483701
0.31561071
0.31638765
0.31716844
0.31795365
0.31874219
0.31953523
0.32033166
0.32113203
0.32193702
0.32274547
0.32355800
0.32437521
0.32519597
0.32602090
0.32685062
0.32768396
0.32852218
0.32936409
0.33021033
0.33106151
0.33191651
0.33277655
0.33364043
0.33450881
0.33538234
0.33625981
0.33714190
0.33802927
0.33892068
0.33981615
0.34071767
0.34162331
0.34253445
0.34344983
0.34437007
0.34529597
0.34622616
0.34716135
0.34810233
0.34904772
0.34999895
0.35095471
0.35191569
0.35288262
0.35385421
0.35483113
0.35581422
0.35680202
0.35779604
0.35879490
0.35979936
0.36081016
0.36182594
0.36284748
0.36387551
0.36490867
0.36594844
0.36699340
0.36804435
0.36910209
0.37016517
0.37123439
0.37231058
0.37339222
0.37448019
0.37557453
0.37667528
0.37778327
0.37889704
0.38001737
0.38114515
0.38227883
0.38341928
0.38456741
0.38572156
0.38688353
0.38805166
0.38922685
0.39041007
0.39159963
0.39279646
0.39400148
0.39521307
0.39643300
0.39765960
0.39889380
0.40013662
0.40138626
0.40264377
0.40391007
0.40518346
0.40646583
0.40775540
0.40905318
0.41036019
0.41167465
0.41299751
0.41432992
0.41566995
0.41701967
0.41837719
0.41974258
0.42111892
0.42250329
0.42389682
0.42530057
0.42671263
0.42813513
0.42956612
0.43100667
0.43245801
0.43391806
0.43538803
0.43686906
0.43835911
0.43985939
0.44137102
0.44289201
0.44442463
0.44596675
0.44751963
0.44902331
0.45041743
0.45181909
0.45318913
0.45423573
0.45528603
0.45634118
0.45707822
0.45778000
0.45848390
0.45895678
0.45931444
0.45967144
0.45989949
0.45992562
0.45994818
0.45996007
0.45965603
0.45935473
0.45901713
0.45863158
0.45824549
0.45807216
0.45862567
0.46033120
1.01429772
1.01819658
1.02212560
1.02608502
1.03007519
1.03409648
1.03814936
1.04223418
1.04635119
1.05050087
1.05468988
1.05890608
1.06315613
1.06744051
1.07175946
1.07611358
1.08050311
1.08492875
1.08939075
1.09388947
1.09843242
1.10300636
1.10761857
1.11226952
1.11695969
1.12168968
1.12645972
1.13127065
1.13612282
1.14101672
1.14596033
1.15093958
1.15596235
1.16102910
1.16614044
1.17129695
1.17649937
1.18174815
1.18704391
1.19239545
1.19778728
1.20322824
1.20871878
1.21425962
1.21985149
1.22549510
1.23119128
1.23694062
1.24275255
1.24861062
1.25452411
1.26049387
1.26652086
1.27260566
1.27874923
1.28495240
1.29121602
1.29754102
1.30393791
1.31038845
1.31690323
1.32348299
1.33012891
1.33684194
1.34362292
1.35047317
1.35739362
1.36439586
1.37146008
1.37859786
1.38581026
1.39309859
1.40046394
1.40790761
1.41543090
1.42302358
1.43070960
1.43849087
1.44634533
1.45428622
1.46231461
1.47043216
1.47864044
1.48694086
1.49533486
1.50382435
1.51242352
1.52110863
1.52989399
1.53878152
0.30136317
0.30207148
0.30278364
0.30349866
0.30421704
0.30493936
0.30566460
0.30639383
0.30712602
0.30786169
0.30860147
0.30934423
0.31009007
0.31084058
0.31159419
0.31235147
0.31311300
0.31387767
0.31464666
0.31541887
0.31619489
0.31697527
0.31775898
0.31854653
0.31933862
0.32013404
0.32093403
0.32173744
0.32254490
0.32335699
0.32417259
0.32499233
0.32581681
0.32664490
0.32747778
0.32831433
0.32915518
0.33000094
0.33085045
0.33170435
0.33256328
0.33342606
0.33429396
0.33516574
0.33604208
0.33692366
0.33780923
0.33869949
0.33959442
0.34049413
0.34139922
0.34230852
0.34322268
0.34414238
0.34506637
0.34599531
0.34692997
0.34786898
0.34881380
0.34976307
0.35071751
0.35167789
0.35264283
0.35361308
0.35458940
0.35557041
0.35655686
0.35754952
0.35854700
0.35955080
0.36055949
0.36157385
0.36259469
0.36362055
0.36465225
0.36569056
0.36673406
0.36778426
0.36883974
0.36990133
0.37096977
0.37204367
0.37312376
0.37421095
0.37530291
0.37640285
0.37750846
0.37862059
0.37974009
0.38086542
0.38199744
0.38313705
0.38428262
0.38543591
0.38659531
0.38776171
0.38893601
0.39011657
0.39130434
0.39250022
0.39370257
0.39491230
0.39613038
0.39735511
0.39858833
0.39982831
0.40107605
0.40233251
0.40359595
0.40486735
0.40614772
0.40743527
0.40873194
0.41003597
0.41134831
0.41267008
0.41399938
0.41533726
0.41668481
0.41804016
0.41940436
0.42077747
0.42215958
0.42355186
0.42495230
0.42636204
0.42778221
0.42921081
0.43065006
0.43209791
0.43355557
0.43502411
0.43650159
0.43798915
0.43948796
0.44099596
0.44251546
0.44404435
0.44558385
0.44713518
0.44869623
0.45026362
0.45166203
0.45306802
0.45448276
0.45559597
0.45665258
0.45771408
0.45854533
0.45925280
0.45996127
0.46051937
0.46088186
0.46124130
0.46154389
0.46157143
0.46159536
0.46161810
0.46136805
0.46106449
0.46074107
0.46035263
0.45996365
0.45968094
0.46011582
0.46153912
1.01722491
1.02114642
1.02510405
1.02908659
1.03310025
1.03714526
1.04122210
1.04533112
1.04947269
1.05364728
1.05785513
1.06209683
1.06637895
1.07068932
1.07503474
1.07941544
1.08383214
1.08828509
1.09277475
1.09730160
1.10186613
1.10646880
1.11111701
1.11579752
1.12051749
1.12527764
1.13007843
1.13492036
1.13980389
1.14472961
1.14969814
1.15471756
1.15977335
1.16487360
1.17001891
1.17520988
1.18044722
1.18573129
1.19106293
1.19644284
1.20187151
1.20735776
1.21288610
1.21846545
1.22409618
1.22977924
1.23551536
1.24130523
1.24714959
1.25304925
1.25901401
1.26502669
1.27109718
1.27722609
1.28341448
1.28966308
1.29597294
1.30234468
1.30877948
1.31527817
1.32185149
1.32848108
1.33517730
1.34194148
1.34877455
1.35567749
1.36265159
1.36969769
1.37681711
1.38402164
1.39129102
1.39863729
1.40606153
1.41356504
1.42114902
1.42880332
1.43655217
1.44438541
1.45230460
1.46032321
1.46841860
1.47660434
1.48488176
1.49325252
1.50171828
1.51028049
1.51894093
1.52770126
1.53657651
1.54554212
0.30189627
0.30260709
0.30332127
0.30403933
0.30476028
0.29158765
0.30621305
0.30694437
0.30767971
0.30841807
0.30915996
0.30990544
0.31065452
0.31140724
0.31216413
0.31292421
0.31368795
0.31445602
0.31522727
0.31600291
0.31678179
0.31756452
0.31835172
0.31914222
0.31993726
0.32073569
0.32153809
0.32234514
0.32315564
0.32397023
0.32478952
0.32561240
0.32643941
0.32727128
0.32810676
0.32894716
0.32979125
0.33063966
0.33149308
0.33235031
0.33321199
0.33407876
0.33494940
0.33582526
0.33670506
0.33758947
0.33847922
0.33937234
0.34027085
0.34117478
0.34208289
0.34299648
0.34391433
0.34483707
0.34576547
0.34669819
0.34763595
0.34857950
0.34952751
0.35048136
0.35143974
0.35240337
0.35337302
0.35434729
0.35532695
0.35631278
0.35730335
0.35829946
0.35930187
0.36030915
0.36132285
0.36234152
0.36336595
0.36439696
0.36543307
0.36647582
0.36752382
0.36857781
0.36963862
0.37070480
0.37177712
0.37285647
0.37394133
0.37503171
0.37613004
0.37723407
0.37834537
0.37946242
0.38058612
0.38171729
0.38285440
0.38399827
0.38514987
0.38630754
0.38747302
0.38864473
0.38982353
0.39101037
0.39220360
0.39340413
0.39461291
0.39582825
0.39705199
0.39828244
0.39952052
0.40076724
0.40202084
0.40328231
0.40455267
0.40583012
0.40711656
0.40841028
0.40971226
0.41102347
0.41234219
0.41366938
0.41500610
0.41635051
0.41770369
0.41906667
0.42043656
0.42181745
0.42320645
0.42460462
0.42601308
0.42742988
0.42885613
0.43029299
0.43173844
0.43319470
0.43465978
0.43613476
0.43762088
0.43911609
0.44062155
0.44213846
0.44366473
0.44520271
0.44675025
0.44830859
0.44987899
0.45145929
0.45291123
0.45432499
0.45574763
0.45696324
0.45802736
0.45909527
0.46002069
0.46073630
0.46144816
0.46209145
0.46245760
0.46282196
0.46318325
0.46322665
0.46325436
0.46327728
0.46309406
0.46278584
0.46247804
0.46208665
0.46169472
0.46137640
0.46161452
0.46277502
1.02017486
1.02411914
1.02809405
1.03209984
1.03614318
1.04021204
1.04431307
1.04844666
1.05261302
1.05681264
1.06104589
1.06531310
1.06961489
1.07395804
1.07833004
1.08273780
1.08718169
1.09166229
1.09617984
1.10073507
1.10532832
1.10995996
1.11463070
1.11934781
1.12409806
1.12888873
1.13372040
1.13859367
1.14350891
1.14846683
1.15346789
1.15851283
1.16360950
1.16874373
1.17392337
1.17914915
1.18442166
1.18974149
1.19510937
1.20052588
1.20599174
1.21150756
1.21708238
1.22270036
1.22837055
1.23409343
1.23986995
1.24570084
1.25158679
1.25752854
1.26352715
1.26959217
1.27570665
1.28188026
1.28811395
1.29440844
1.30076492
1.30718398
1.31366682
1.32021427
1.32682729
1.33351696
1.34026420
1.34708011
1.35396576
1.36092210
1.36795032
1.37505150
1.38222682
1.38947737
1.39681542
1.40422022
1.41170406
1.41926801
1.42690206
1.43463016
1.44244254
1.45034039
1.45832515
1.46639848
1.47457373
1.48282838
1.49117601
1.49961817
1.50815642
1.51679242
1.52552795
1.53436458
1.54330432
1.55236232
0.30243075
0.30314460
0.30386132
0.30458143
0.27118134
0.27725011
0.28703985
0.30749741
0.30823487
0.30897641
0.30972102
0.31046867
0.31122100
0.31197649
0.31273562
0.31349900
0.31426558
0.31503648
0.31581059
0.31658855
0.31737089
0.31815654
0.31894609
0.31974015
0.32053757
0.32133958
0.32214504
0.32295454
0.32376871
0.32458639
0.32540822
0.32623482
0.32706502
0.32789946
0.32873878
0.32958180
0.33042976
0.33128148
0.33213761
0.33299878
0.33386382
0.33473399
0.33560809
0.33648676
0.33737066
0.33825859
0.33915120
0.34004855
0.34095064
0.34185755
0.34276995
0.34368655
0.34460875
0.34553525
0.34646672
0.34740391
0.34834552
0.34929225
0.35024482
0.35120189
0.35216492
0.35313255
0.35410550
0.35508454
0.35606831
0.35705751
0.35805297
0.35905328
0.36005989
0.36107147
0.36208871
0.36311245
0.36414126
0.36517590
0.36621723
0.36726370
0.36831698
0.36937553
0.37044019
0.37151176
0.37258878
0.37367207
0.37476245
0.37585765
0.37696004
0.37806973
0.37918517
0.38030803
0.38143674
0.38257214
0.38371518
0.38486424
0.38602018
0.38718393
0.38835388
0.38953179
0.39071599
0.39190742
0.39310700
0.39431307
0.39552656
0.39674845
0.39797699
0.39921409
0.40045798
0.40170965
0.40297008
0.40423754
0.40551299
0.40679744
0.40808913
0.40938997
0.41069821
0.41201481
0.41334087
0.41467449
0.41601676
0.41736874
0.41872853
0.42009720
0.42147487
0.42286161
0.42425850
0.42566365
0.42707813
0.42850307
0.42993650
0.43138063
0.43283340
0.43429601
0.43576962
0.43725216
0.43874484
0.44024885
0.44176209
0.44328576
0.44482112
0.44636601
0.44792280
0.44948933
0.45106688
0.45265669
0.45416620
0.45558900
0.45701954
0.45833755
0.45941046
0.46048483
0.46150559
0.46222585
0.46294472
0.46366462
0.46404296
0.46441224
0.46477723
0.46489498
0.46492290
0.46494842
0.46483186
0.46452132
0.46421239
0.46383378
0.46343890
0.46308443
0.46315190
0.46417728
1.02314198
1.02710927
1.03110743
1.03513682
1.03919792
1.04329705
1.04742253
1.05158067
1.05577207
1.05999696
1.06425583
1.06854904
1.07287705
1.07724023
1.08163905
1.08608055
1.09055197
1.09506047
1.09960628
1.10419011
1.10881221
1.11347318
1.11817360
1.12291384
1.12769437
1.13252306
1.13738596
1.14229083
1.14723814
1.15222847
1.15726244
1.16234064
1.16746354
1.17263186
1.17785394
1.18311477
1.18842292
1.19377887
1.19918334
1.20463693
1.21014035
1.21569431
1.22129941
1.22695649
1.23267484
1.23843801
1.24425530
1.25012767
1.25605559
1.26204002
1.26808178
1.27418160
1.28034043
1.28656840
1.29284787
1.29918885
1.30559242
1.31205952
1.31859088
1.32518756
1.33185065
1.33858109
1.34537983
1.35225832
1.35919714
1.36620748
1.37329054
1.38044739
1.38767934
1.39498734
1.40237272
1.40983677
1.41739202
1.42500579
1.43271339
1.44050479
1.44838130
1.45634460
1.46439588
1.47253656
1.48076844
1.48910522
1.49752390
1.50603819
1.51464987
1.52336073
1.53217220
1.54108632
1.55010474
1.55922925
0.30296761
0.30368349
0.30440328
0.27138188
0.25675622
0.26515990
0.27409816
0.28338769
0.29587507
0.30953628
0.31028357
0.31103450
0.31178904
0.31254783
0.31330976
0.31407538
0.31484535
0.31561854
0.31639609
0.31717691
0.31796160
0.31875077
0.31954327
0.32033971
0.32114074
0.32194519
0.32275426
0.32356682
0.32438350
0.32520488
0.32602987
0.32685903
0.32769302
0.32853067
0.32937321
0.33021951
0.33107015
0.33192578
0.33278525
0.33364919
0.33451822
0.33539119
0.33626935
0.33715150
0.33803827
0.33893037
0.33982587
0.34072679
0.34163314
0.34254369
0.34345910
0.34438008
0.34530532
0.34623626
0.34717152
0.34811187
0.34905800
0.35000861
0.35096440
0.35192612
0.35289243
0.35386476
0.35484174
0.35582417
0.35681275
0.35780612
0.35880503
0.35981026
0.36082041
0.36183700
0.36285856
0.36388594
0.36491987
0.36595896
0.36700398
0.36805576
0.36911279
0.37017670
0.37124598
0.37232146
0.37340400
0.37449202
0.37558562
0.37668723
0.37779450
0.37890914
0.38002953
0.38115659
0.38229117
0.38343167
0.38457903
0.38573411
0.38689530
0.38806432
0.38923961
0.39042205
0.39161253
0.39280945
0.39401370
0.39522621
0.39644536
0.39767203
0.39890721
0.40014920
0.40139985
0.40265742
0.40392292
0.40519729
0.40647882
0.40776849
0.40906727
0.41037345
0.41168892
0.41301191
0.41434342
0.41568449
0.41703334
0.41839093
0.41975743
0.42113286
0.42251834
0.42391196
0.42531478
0.42672798
0.42814955
0.42958063
0.43102235
0.43247271
0.43393394
0.43540400
0.43688408
0.43837532
0.43987569
0.44138634
0.44290856
0.44444016
0.44598353
0.44753650
0.44910035
0.45067632
0.45226222
0.45385933
0.45542812
0.45685884
0.45829859
0.45971894
0.46079952
0.46188402
0.46297002
0.46372381
0.46445101
0.46517563
0.46563923
0.46601227
0.46638224
0.46657538
0.46660352
0.46663043
0.46658272
0.46626982
0.46595860
0.46559417
0.46519628
0.46480393
0.46477723
0.46558809
0.46836162
1.03011692
1.03413856
1.03819180
1.04227686
1.04639423
1.05054426
1.05473363
1.05895019
1.06320059
1.06748533
1.07180464
1.07615912
1.08054912
1.08497500
1.08943737
1.09394336
1.09847987
1.10305429
1.10766685
1.11231816
1.11700881
1.12173915
1.12650967
1.13132095
1.13617349
1.14107525
1.14601207
1.15099168
1.15601492
1.16108203
1.16619384
1.17135096
1.17655373
1.18180299
1.18710721
1.19245136
1.19784367
1.20328510
1.20877624
1.21431756
1.21991003
1.22555423
1.23125088
1.23700070
1.24281323
1.24867189
1.25458598
1.26055646
1.26658392
1.27266932
1.27881348
1.28501737
1.29128158
1.29761672
1.30400479
1.31045604
1.31697142
1.32355189
1.33019853
1.33691216
1.34369397
1.35054493
1.35746610
1.36446905
1.37153399
1.37867260
1.38588583
1.39317489
1.40054107
1.40798557
1.41550970
1.42310321
1.43080163
1.43857217
1.44642770
1.45436931
1.46239877
1.47051728
1.47872639
1.48702776
1.49542284
1.50391328
1.51251352
1.52119958
1.52998614
1.53887463
1.54786718
1.55696535
1.56617105
0.30350640
0.30422485
0.28739578
0.23913008
0.24557106
0.25364202
0.26212633
0.27072972
0.28038973
0.29125938
0.31084818
0.31160238
0.31235969
0.31312069
0.31388599
0.31465447
0.31542671
0.31620330
0.31698319
0.31776747
0.31855509
0.31934664
0.32014269
0.32094213
0.32174617
0.32255366
0.32336521
0.32418144
0.32500124
0.32582515
0.32665387
0.32748622
0.32832283
0.32916430
0.33000952
0.33085969
0.33171362
0.33257198
0.33343545
0.33430275
0.33517456
0.33605161
0.33693260
0.33781886
0.33870915
0.33960348
0.34050387
0.34140840
0.34231773
0.34323260
0.34415171
0.34507638
0.34600541
0.34693941
0.34787920
0.34882337
0.34977269
0.35072789
0.35168761
0.35265332
0.35362363
0.35459930
0.35558107
0.35656759
0.35755959
0.35855785
0.35956097
0.36056972
0.36158487
0.36260504
0.36363170
0.36466345
0.36570108
0.36674538
0.36779490
0.36885044
0.36991283
0.37098059
0.37205532
0.37313551
0.37422198
0.37531480
0.37641400
0.37751967
0.37863266
0.37975144
0.38087764
0.38200974
0.38314858
0.38429508
0.38544759
0.38660708
0.38777438
0.38894790
0.39012939
0.39131725
0.39251235
0.39371565
0.39492545
0.39614272
0.39736843
0.39860082
0.39984179
0.40108961
0.40234524
0.40360969
0.40488118
0.40616068
0.40744925
0.40874508
0.41005012
0.41136259
0.41268346
0.41401383
0.41535181
0.41669849
0.41805488
0.41941819
0.42079139
0.42217460
0.42356595
0.42496753
0.42637736
0.42779660
0.42922634
0.43066466
0.43211260
0.43357140
0.43503901
0.43651766
0.43800533
0.43950316
0.44101235
0.44253087
0.44405985
0.44560057
0.44715089
0.44871318
0.45028529
0.45186841
0.45346391
0.45506951
0.45668656
0.45813581
0.45958361
0.46103942
0.46219704
0.46328932
0.46438316
0.46523276
0.46596470
0.46669769
0.46724653
0.46762213
0.46799710
0.46826798
0.46829632
0.46832341
0.46834683
0.46803281
0.46771798
0.46736798
0.46696705
0.46656558
0.46641156
0.46701851
0.46890572
1.03314221
1.03718758
1.04126477
1.04537416
1.04951608
1.05369091
1.05789912
1.06214750
1.06642365
1.07073438
1.07508016
1.07946134
1.08387840
1.08833170
1.09282172
1.09734893
1.10191393
1.10652387
1.11116564
1.11584640
1.12056684
1.12532747
1.13012862
1.13497102
1.13985503
1.14478123
1.14975011
1.15477002
1.15982628
1.16492701
1.17007279
1.17526424
1.18050194
1.18578660
1.19111872
1.19649911
1.20193636
1.20741510
1.21294403
1.21852374
1.22415507
1.22983873
1.23557544
1.24136579
1.24721074
1.25311100
1.25907636
1.26508963
1.27116072
1.27729023
1.28347921
1.28972852
1.29603899
1.30241144
1.30884683
1.31535590
1.32192028
1.32855046
1.33524740
1.34201229
1.34884608
1.35574985
1.36272454
1.36977148
1.37690222
1.38409698
1.39136720
1.39871418
1.40613925
1.41364360
1.42122841
1.42888355
1.43663323
1.44446743
1.45239949
1.46040702
1.46850336
1.47669005
1.48496842
1.49334025
1.50180697
1.51037025
1.51903164
1.52780616
1.53666937
1.54563606
1.55470788
1.56388688
1.57317495
0.30404660
0.30476812
0.22570446
0.22940563
0.23622887
0.24313520
0.25095505
0.25943521
0.26787898
0.27725920
0.28772652
0.31217182
0.31293243
0.31369624
0.31446379
0.31523564
0.31601074
0.31679025
0.31757301
0.31835967
0.31915081
0.31994531
0.32074377
0.32154682
0.32235330
0.32316443
0.32397908
0.32479781
0.32562131
0.32644841
0.32727969
0.32811585
0.32895565
0.32979980
0.33064887
0.33150172
0.33235961
0.33322135
0.33408752
0.33495888
0.33583415
0.33671463
0.33759910
0.33848822
0.33938205
0.34028062
0.34118396
0.34209275
0.34300575
0.34392363
0.34484708
0.34577486
0.34670833
0.34764615
0.34858906
0.34953779
0.35049102
0.35144946
0.35241383
0.35338283
0.35435787
0.35533759
0.35632277
0.35731411
0.35831028
0.35931203
0.36032009
0.36133310
0.36235258
0.36337709
0.36440739
0.36544430
0.36648640
0.36753443
0.36858925
0.36964935
0.37071636
0.37178877
0.37286741
0.37395310
0.37504354
0.37614119
0.37724605
0.37835664
0.37947375
0.38059834
0.38172877
0.38286674
0.38401070
0.38516152
0.38632011
0.38748485
0.38865662
0.38983634
0.39102241
0.39221656
0.39341718
0.39462516
0.39584145
0.39706439
0.39829490
0.39953396
0.40077987
0.40203446
0.40329602
0.40456554
0.40584397
0.40712962
0.40842339
0.40972638
0.41103676
0.41235650
0.41368380
0.41501966
0.41636512
0.41771838
0.41907948
0.42045146
0.42183146
0.42322055
0.42461982
0.42602736
0.42744526
0.42887163
0.43030754
0.43175414
0.43320948
0.43467569
0.43615079
0.43763596
0.43913233
0.44063792
0.44215384
0.44368133
0.44521829
0.44676596
0.44832554
0.44989491
0.45147645
0.45306802
0.45467082
0.45628619
0.45791188
0.45941994
0.46087709
0.46234110
0.46360305
0.46470201
0.46580496
0.46675155
0.46748826
0.46822733
0.46886620
0.46924317
0.46962076
0.46997166
0.47000018
0.47002873
0.47005728
0.46980792
0.46949071
0.46915534
0.46875137
0.46834683
0.46805987
0.46856380
0.47015908
1.03618538
1.04025459
1.04435599
1.04848981
1.05265653
1.05685651
1.06109011
1.06535780
1.06965995
1.07400334
1.07837570
1.08278382
1.08722818
1.09170914
1.09622717
1.10078275
1.10537636
1.11000848
1.11468649
1.11939716
1.12414777
1.12893879
1.13377094
1.13864458
1.14356029
1.14851868
1.15352023
1.15856552
1.16366279
1.16879737
1.17397749
1.17920375
1.18447673
1.18979716
1.19516551
1.20058250
1.20604897
1.21157348
1.21714067
1.22275925
1.22842991
1.23415339
1.23993039
1.24576187
1.25164831
1.25759077
1.26358986
1.26965559
1.27577066
1.28194487
1.28817916
1.29447436
1.30083144
1.30725121
1.31373477
1.32028282
1.32690644
1.33358681
1.34033489
1.34715152
1.35403788
1.36099494
1.36802399
1.37512589
1.38230193
1.38955331
1.39689219
1.40429783
1.41178238
1.41934717
1.42698205
1.43471110
1.44252431
1.45042312
1.45840883
1.46649504
1.47465932
1.48291492
1.49126351
1.49970663
1.50824583
1.51688290
1.52561939
1.53445721
1.54339790
1.55245709
1.56160939
1.57087028
1.58024180
0.30458924
0.22490653
0.21564980
0.22089639
0.22744259
0.23415925
0.24108009
0.24861750
0.25685808
0.26527569
0.27429074
0.28462520
0.29789630
0.31427392
0.31504428
0.31581846
0.31659698
0.31737882
0.31816506
0.31895465
0.31974819
0.32054624
0.32134771
0.32215321
0.32296333
0.32377693
0.32459527
0.32541713
0.32624319
0.32707402
0.32790852
0.32874727
0.32959095
0.33043835
0.33129013
0.33214691
0.33300751
0.33387321
0.33474281
0.33561695
0.33649629
0.33737960
0.33826822
0.33916089
0.34005764
0.34096044
0.34186739
0.34277919
0.34369650
0.34461808
0.34554464
0.34647685
0.34741342
0.34835574
0.34930253
0.35025448
0.35121229
0.35217467
0.35314235
0.35411608
0.35509446
0.35607898
0.35706827
0.35806307
0.35906413
0.36007011
0.36108172
0.36209977
0.36312282
0.36415243
0.36518714
0.36622775
0.36727509
0.36832765
0.36938626
0.37045175
0.37152261
0.37260047
0.37368384
0.37477350
0.37586954
0.37697202
0.37808099
0.37919730
0.38031942
0.38144818
0.38258448
0.38372678
0.38487673
0.38603273
0.38719574
0.38836661
0.38954371
0.39072800
0.39192036
0.39311916
0.39432618
0.39553976
0.39676082
0.39799035
0.39922661
0.40047058
0.40172327
0.40298286
0.40425131
0.40552685
0.40681046
0.40810317
0.40940318
0.41071147
0.41202912
0.41335428
0.41468897
0.41603136
0.41738242
0.41874331
0.42011109
0.42148885
0.42287669
0.42427266
0.42567891
0.42709351
0.42851749
0.42995209
0.43139526
0.43284816
0.43431193
0.43578455
0.43726829
0.43876106
0.44026408
0.44177854
0.44330233
0.44483668
0.44638279
0.44793856
0.44950524
0.45108402
0.45267281
0.45427397
0.45588535
0.45750821
0.45914382
0.46071127
0.46217665
0.46365014
0.46501765
0.46612331
0.46723425
0.46827906
0.46902061
0.46976453
0.47049588
0.47087547
0.47125569
0.47163278
0.47170776
0.47173151
0.47175652
0.47157282
0.47125694
0.47093901
0.47053567
0.47013426
0.46981287
0.47011191
0.47143292
1.03924036
1.04333985
1.04746568
1.05162418
1.05581594
1.06004119
1.06430042
1.06859398
1.07292223
1.07728589
1.08168507
1.08612692
1.09059882
1.09510756
1.09965384
1.10423803
1.10886061
1.11352205
1.11822271
1.12296343
1.12775147
1.13257349
1.13743675
1.14234209
1.14728987
1.15228069
1.15731514
1.16239381
1.16751719
1.17268598
1.17790842
1.18316984
1.18847847
1.19383490
1.19923985
1.20469391
1.21019793
1.21575236
1.22135806
1.22702420
1.23273456
1.23849833
1.24431622
1.25018907
1.25611758
1.26210260
1.26814497
1.27424550
1.28040493
1.28663349
1.29291356
1.29925525
1.30565953
1.31212711
1.31865919
1.32525671
1.33192039
1.33865154
1.34546125
1.35233021
1.35926974
1.36628091
1.37336469
1.38052237
1.38775504
1.39506388
1.40245008
1.40992606
1.41747093
1.42508566
1.43279409
1.44058633
1.44846392
1.45642793
1.46448016
1.47262192
1.48085463
1.48919249
1.49761200
1.50612736
1.51474011
1.52345192
1.53226459
1.54117966
1.55019915
1.55932486
1.56857252
1.57791638
1.58737230
0.21322776
0.21179055
0.21268967
0.21464112
0.21933891
0.22562864
0.23226035
0.23926733
0.24655579
0.25438690
0.26298606
0.27168840
0.28165907
0.29356071
0.31562692
0.31640396
0.31718484
0.31797013
0.31875876
0.31955186
0.32034835
0.32114884
0.32195392
0.32276246
0.32357505
0.32439235
0.32521319
0.32603881
0.32686803
0.32770145
0.32853976
0.32938176
0.33022809
0.33107936
0.33193445
0.33279458
0.33365855
0.33452705
0.33540067
0.33627823
0.33716044
0.33804789
0.33893940
0.33983561
0.34073657
0.34164232
0.34255359
0.34346902
0.34438941
0.34531537
0.34624568
0.34718168
0.34812206
0.34906757
0.35001892
0.35097477
0.35193586
0.35290292
0.35387459
0.35485238
0.35583484
0.35682276
0.35781690
0.35881588
0.35982046
0.36083138
0.36184728
0.36286893
0.36389709
0.36493036
0.36597025
0.36701533
0.36806640
0.36912429
0.37018749
0.37125683
0.37233314
0.37341496
0.37450385
0.37559751
0.37669837
0.37780654
0.37892041
0.38004088
0.38116881
0.38230264
0.38344407
0.38459149
0.38574579
0.38690791
0.38807619
0.38925153
0.39043489
0.39162460
0.39282244
0.39402679
0.39523852
0.39645860
0.39768535
0.39891973
0.40016270
0.40141252
0.40267017
0.40393665
0.40521020
0.40649274
0.40778250
0.40908045
0.41038764
0.41170225
0.41302532
0.41435787
0.41569811
0.41704798
0.41840568
0.41977128
0.42114779
0.42253238
0.42392609
0.42533004
0.42674229
0.42816499
0.42959616
0.43103695
0.43248847
0.43394876
0.43541890
0.43690017
0.43839043
0.43989199
0.44140276
0.44292396
0.44445682
0.44599918
0.44755226
0.44911736
0.45069230
0.45227945
0.45387667
0.45548522
0.45710638
0.45873797
0.46038121
0.46200991
0.46348354
0.46496540
0.46644089
0.46755335
0.46867114
0.46979427
0.47056428
0.47130311
0.47204426
0.47248280
0.47285682
0.47323272
0.47337240
0.47339758
0.47342151
0.47329563
0.47297621
0.47265846
0.47226468
0.47185907
0.47150785
0.47164154
0.47280031
1.04231966
1.04643726
1.05059385
1.05477738
1.05899429
1.06324506
1.06753016
1.07184982
1.07620466
1.08059502
1.08502126
1.08948410
1.09399033
1.09852731
1.10310209
1.10771513
1.11236691
1.11705792
1.12178862
1.12655962
1.13137126
1.13623154
1.14112639
1.14606369
1.15104377
1.15606749
1.16113508
1.16624737
1.17140484
1.17660820
1.18185794
1.18716264
1.19250727
1.19790018
1.20334208
1.20883369
1.21437562
1.21996856
1.22561324
1.23131049
1.23706949
1.24287403
1.24873316
1.25464785
1.26061893
1.26664698
1.27273309
1.27887785
1.28508222
1.29134715
1.29768300
1.30407166
1.31052351
1.31703961
1.32362080
1.33026803
1.33698249
1.34376502
1.35061669
1.35754895
1.36454225
1.37160802
1.37874734
1.38596129
1.39325130
1.40061820
1.40806353
1.41558850
1.42318285
1.43088222
1.43865359
1.44650996
1.45445251
1.46248281
1.47060227
1.47881246
1.48711479
1.49551082
1.50401485
1.51260340
1.52129066
1.53007817
1.53896785
1.54796135
1.55706060
1.56626749
1.57558393
1.58501184
1.59456754
0.21289292
0.21102250
0.21213531
0.21334761
0.21472061
0.21836030
0.22396421
0.23058063
0.23737143
0.24458578
0.25244990
0.26041979
0.26924935
0.27892271
0.29028472
0.31699166
0.31777543
0.31856307
0.31935522
0.32015073
0.32095081
0.32175431
0.32256183
0.32337403
0.32418972
0.32501012
0.32583410
0.32666227
0.32749525
0.32833192
0.32917282
0.33001870
0.33086830
0.33172229
0.33258131
0.33344418
0.33431217
0.33518404
0.33606049
0.33694217
0.33782783
0.33871818
0.33961320
0.34051299
0.34141824
0.34232762
0.34324187
0.34416169
0.34508577
0.34601483
0.34694958
0.34788871
0.34883362
0.34978300
0.35073757
0.35169804
0.35266310
0.35363346
0.35460988
0.35559100
0.35657829
0.35757035
0.35856795
0.35957184
0.36058068
0.36159515
0.36261612
0.36364210
0.36467391
0.36571234
0.36675596
0.36780632
0.36886191
0.36992362
0.37099221
0.37206620
0.37314644
0.37423378
0.37532586
0.37642595
0.37753168
0.37864396
0.37976360
0.38088906
0.38202122
0.38316095
0.38430670
0.38546011
0.38661966
0.38778621
0.38896066
0.39014137
0.39132929
0.39252535
0.39372784
0.39493859
0.39615595
0.39738083
0.39861423
0.39985436
0.40110227
0.40235889
0.40362251
0.40489498
0.40617460
0.40746233
0.40875918
0.41006336
0.41137588
0.41269782
0.41402730
0.41536635
0.41671312
0.41806862
0.41943300
0.42080632
0.42218864
0.42358109
0.42498174
0.42639166
0.42781204
0.42924085
0.43068027
0.43212834
0.43358618
0.43505496
0.43653265
0.43802041
0.43951944
0.44102764
0.44254738
0.44407648
0.44561619
0.44716775
0.44872901
0.45030123
0.45188564
0.45348006
0.45508698
0.45670411
0.45833281
0.45997435
0.46162647
0.46329054
0.46479663
0.46628815
0.46778804
0.46899220
0.47011065
0.47123200
0.47208181
0.47282669
0.47357264
0.47408727
0.47446510
0.47484228
0.47504756
0.47507292
0.47509700
0.47502854
0.47470930
0.47438797
0.47400519
0.47359785
0.47321385
0.47324529
0.47425273
1.04541707
1.04955935
1.05373466
1.05794322
1.06219184
1.06646836
1.07077944
1.07512558
1.07950711
1.08392453
1.08837819
1.09286869
1.09739637
1.10196161
1.10657203
1.11121416
1.11589539
1.12061632
1.12537730
1.13017893
1.13502169
1.13990605
1.14483273
1.14980960
1.15482247
1.15987909
1.16498029
1.17012668
1.17531860
1.18055677
1.18584192
1.19117463
1.19655538
1.20199323
1.20747244
1.21300185
1.21858215
1.22421408
1.22989821
1.23563540
1.24142647
1.24727201
1.25318158
1.25913870
1.26515257
1.27122426
1.27735448
1.28354406
1.28979397
1.29610503
1.30247808
1.30891418
1.31542397
1.32198894
1.32861984
1.33531761
1.34208310
1.34891760
1.35582209
1.36279762
1.36984527
1.37697685
1.38417232
1.39144337
1.39879119
1.40621710
1.41372216
1.42130780
1.42896390
1.43671441
1.44456124
1.45248246
1.46049094
1.46858823
1.47677577
1.48505521
1.49342799
1.50189567
1.51045990
1.51912248
1.52789795
1.53676224
1.54572999
1.55480301
1.56398308
1.57327223
1.58267248
1.59218562
1.60181391
0.20980079
0.21073569
0.21175930
0.21296704
0.21401712
0.21531591
0.21768710
0.22271945
0.22894622
0.23558669
0.24283105
0.25031593
0.25892311
0.26717255
0.27641705
0.28719962
0.30213967
0.31915882
0.31995395
0.32075244
0.32155496
0.32236207
0.32317266
0.32398733
0.32480672
0.32562965
0.32645738
0.32728872
0.32812431
0.32896477
0.32980895
0.33065748
0.33151099
0.33236831
0.33323008
0.33409694
0.33496770
0.33584362
0.33672354
0.33760807
0.33849788
0.33939111
0.34028971
0.34119377
0.34210196
0.34301564
0.34393358
0.34485644
0.34578493
0.34671777
0.34765565
0.34859931
0.34954742
0.35050136
0.35145986
0.35242361
0.35339335
0.35436773
0.35534754
0.35633346
0.35732415
0.35832110
0.35932291
0.36033031
0.36134413
0.36236292
0.36338747
0.36441860
0.36545482
0.36649695
0.36754581
0.36859992
0.36966088
0.37072718
0.37179965
0.37287912
0.37396410
0.37505540
0.37615311
0.37725726
0.37836868
0.37948591
0.38060972
0.38174105
0.38287827
0.38402230
0.38517404
0.38633186
0.38749748
0.38866934
0.38984829
0.39103529
0.39222866
0.39342934
0.39463827
0.39585379
0.39707768
0.39830828
0.39954653
0.40079340
0.40204719
0.40330881
0.40457934
0.40585694
0.40714356
0.40843746
0.40973958
0.41105101
0.41236988
0.41369724
0.41503417
0.41637877
0.41773310
0.41909429
0.42046538
0.42184645
0.42323563
0.42463398
0.42604265
0.42745966
0.42888612
0.43032315
0.43176880
0.43322527
0.43469054
0.43616575
0.43765208
0.43914750
0.44065428
0.44217029
0.44369680
0.44523501
0.44678277
0.44834134
0.44991198
0.45149249
0.45308414
0.45468825
0.45630255
0.45792955
0.45956701
0.46121621
0.46287853
0.46455163
0.46611843
0.46761847
0.46912444
0.47042125
0.47154409
0.47267225
0.47361046
0.47435889
0.47510841
0.47570011
0.47608179
0.47646281
0.47673333
0.47676143
0.47678697
0.47677547
0.47645262
0.47612891
0.47575858
0.47534820
0.47493601
0.47488406
0.47571155
1.04853308
1.05270016
1.05690038
1.06113434
1.06540239
1.06971133
1.07404876
1.07842147
1.08282995
1.08727467
1.09175599
1.09627438
1.10083044
1.10542440
1.11005688
1.11473536
1.11944640
1.12419748
1.12898898
1.13382149
1.13869560
1.14361179
1.14857054
1.15357256
1.15862584
1.16371608
1.16885114
1.17403173
1.17925847
1.18453193
1.18985283
1.19522166
1.20063925
1.20610607
1.21163130
1.21719897
1.22281802
1.22848916
1.23421323
1.23999083
1.24582291
1.25170994
1.25765300
1.26366162
1.26971900
1.27583468
1.28200948
1.28824437
1.29454029
1.30089796
1.30731845
1.31380260
1.32035136
1.32697570
1.33365679
1.34040546
1.34722292
1.35411000
1.36106777
1.36809754
1.37520027
1.38237715
1.38964009
1.39696884
1.40437531
1.41186082
1.41942644
1.42706215
1.43479204
1.44260609
1.45050585
1.45849252
1.46657968
1.47474480
1.48300135
1.49135089
1.49979496
1.50833523
1.51697338
1.52571094
1.53454983
1.54350495
1.55255187
1.56170535
1.57096744
1.58033991
1.58982503
1.59942472
1.60914099
0.20951459
0.21046111
0.21143860
0.21255481
0.21354419
0.21478486
0.21600492
0.21736942
0.22181468
0.22746934
0.23390570
0.24097565
0.24857792
0.25681400
0.26532471
0.27410153
0.28430787
0.29747713
0.32055432
0.32135642
0.32216194
0.32297152
0.32378578
0.32460356
0.32542607
0.32625216
0.32708246
0.32791758
0.32875639
0.32959950
0.33044755
0.33129936
0.33215559
0.33301687
0.33388197
0.33475226
0.33562642
0.33650520
0.33738920
0.33827722
0.33916995
0.34006739
0.34096959
0.34187725
0.34278908
0.34370580
0.34462810
0.34555471
0.34648630
0.34742358
0.34836531
0.34931213
0.35026482
0.35122201
0.35218513
0.35315287
0.35412595
0.35510507
0.35608897
0.35707828
0.35807386
0.35907426
0.36008102
0.36109269
0.36211008
0.36313394
0.36416286
0.36519763
0.36623907
0.36728570
0.36833906
0.36939776
0.37046254
0.37153426
0.37261140
0.37369481
0.37478533
0.37588066
0.37698400
0.37809303
0.37920859
0.38033161
0.38146043
0.38259599
0.38373917
0.38488838
0.38604447
0.38720837
0.38837847
0.38955650
0.39074087
0.39193243
0.39313218
0.39433840
0.39555293
0.39677408
0.39800280
0.39924005
0.40048411
0.40173596
0.40299654
0.40426415
0.40553978
0.40682441
0.40811625
0.40941727
0.41072568
0.41204247
0.41336870
0.41470250
0.41604495
0.41739711
0.41875708
0.42012596
0.42150381
0.42289075
0.42428783
0.42569315
0.42710784
0.42853299
0.42996663
0.43141094
0.43286392
0.43432674
0.43580055
0.43728331
0.43877622
0.44028041
0.44179389
0.44331887
0.44485334
0.44639847
0.44795549
0.44952226
0.45110002
0.45269009
0.45429021
0.45590171
0.45752585
0.45916039
0.46080789
0.46246603
0.46413615
0.46581960
0.46744531
0.46895018
0.47046354
0.47185531
0.47298625
0.47412261
0.47514394
0.47590104
0.47665673
0.47732395
0.47771209
0.47809446
0.47843242
0.47846198
0.47848770
0.47851217
0.47821006
0.47788525
0.47752628
0.47711158
0.47669631
0.47653297
0.47718063
0.47950470
1.05585980
1.06008530
1.06434488
1.06863880
1.07296753
1.07733154
1.08173764
1.08617330
1.09064555
1.09515476
1.09970140
1.10428596
1.10890889
1.11357081
1.11827195
1.12301302
1.12780154
1.13262391
1.13748765
1.14239347
1.14734161
1.15233290
1.15736783
1.16244698
1.16757083
1.17274773
1.17796302
1.18322492
1.18853402
1.19389093
1.19929647
1.20475101
1.21025550
1.21581054
1.22141671
1.22708344
1.23279428
1.23855865
1.24437714
1.25025058
1.25617969
1.26216531
1.26820827
1.27430928
1.28047860
1.28669858
1.29297936
1.29932165
1.30572653
1.31219482
1.31872761
1.32532573
1.33199012
1.33872199
1.34553242
1.35240221
1.35934246
1.36635435
1.37343884
1.38059735
1.38783073
1.39514041
1.40252745
1.41000426
1.41754997
1.42516553
1.43287480
1.44066799
1.44854641
1.45651138
1.46456456
1.47270715
1.48095322
1.48927963
1.49770021
1.50621665
1.51483035
1.52354324
1.53235686
1.54127312
1.55029368
1.55942047
1.56866920
1.57801437
1.58747149
1.59704256
1.60672987
1.61653531
0.20925006
0.21018824
0.21115541
0.21216844
0.21319865
0.21432376
0.21554431
0.21675719
0.21794109
0.22107005
0.22623572
0.23246388
0.23921846
0.24680637
0.25475025
0.26332766
0.27196112
0.28187358
0.29405439
0.32196209
0.32277122
0.32358387
0.32440063
0.32522210
0.32604718
0.32687703
0.32771051
0.32854825
0.32939091
0.33023727
0.33108801
0.33194375
0.33280331
0.33366731
0.33453646
0.33540952
0.33628777
0.33717000
0.33805686
0.33894908
0.33984470
0.34074572
0.34165215
0.34256279
0.34347898
0.34439939
0.34532475
0.34625578
0.34719115
0.34813160
0.34907785
0.35002854
0.35098514
0.35194629
0.35291272
0.35388514
0.35486227
0.35584480
0.35683349
0.35782698
0.35882673
0.35983136
0.36084163
0.36185831
0.36288002
0.36390752
0.36494157
0.36598077
0.36702594
0.36807781
0.36913499
0.37019902
0.37126845
0.37234405
0.37342671
0.37451488
0.37560859
0.37671036
0.37781775
0.37893251
0.38005307
0.38118026
0.38231498
0.38345563
0.38460311
0.38575834
0.38691968
0.38808888
0.38926432
0.39044687
0.39163753
0.39283457
0.39403898
0.39525166
0.39647096
0.39769870
0.39893314
0.40017530
0.40142611
0.40268385
0.40394950
0.40522406
0.40650573
0.40779558
0.40909454
0.41040087
0.41171652
0.41303968
0.41437137
0.41571265
0.41706166
0.41841945
0.41978613
0.42116174
0.42254743
0.42394122
0.42534426
0.42675763
0.42817941
0.42961067
0.43105260
0.43250319
0.43396461
0.43543491
0.43691516
0.43840662
0.43990719
0.44141811
0.44294050
0.44447234
0.44601592
0.44756913
0.44913322
0.45070940
0.45229554
0.45389289
0.45550272
0.45712283
0.45875570
0.46039906
0.46205425
0.46372262
0.46540183
0.46709326
0.46877483
0.47028828
0.47181153
0.47329813
0.47443855
0.47557935
0.47668865
0.47745326
0.47821519
0.47895893
0.47934973
0.47973859
0.48012421
0.48017213
0.48020065
0.48022655
0.47998050
0.47965330
0.47930586
0.47888935
0.47847098
0.47819334
0.47874638
0.48055974
1.05903840
1.06328952
1.06757498
1.07189500
1.07625020
1.08064091
1.08506763
1.08953738
1.09403741
1.09857476
1.10314989
1.10776341
1.11241555
1.11710691
1.12183809
1.12660944
1.13142169
1.13628232
1.14117765
1.14611530
1.15109587
1.15611994
1.16118813
1.16630089
1.17145884
1.17666268
1.18192077
1.18721807
1.19256318
1.19795656
1.20339906
1.20889115
1.21443355
1.22002709
1.22567236
1.23137009
1.23712969
1.24293470
1.24879456
1.25470984
1.26068139
1.26671016
1.27279675
1.27894223
1.28514719
1.29142213
1.29774916
1.30413854
1.31059110
1.31710780
1.32368970
1.33033764
1.33705282
1.34383595
1.35068834
1.35762143
1.36461544
1.37168205
1.37882209
1.38603687
1.39332759
1.40069544
1.40814149
1.41566730
1.42327392
1.43096268
1.43873501
1.44659221
1.45453572
1.46256697
1.47068739
1.47889841
1.48720169
1.49559879
1.50410390
1.51269341
1.52138162
1.53017020
1.53906095
1.54805553
1.55715597
1.56636405
1.57568157
1.58512473
1.59466755
1.60432589
1.61410201
1.62399805
0.20900388
0.20992871
0.21088174
0.21185532
0.21285829
0.21394740
0.21509865
0.21627288
0.21744245
0.21862420
0.22039752
0.22532360
0.23111382
0.23764808
0.24526282
0.25301936
0.26142836
0.27014589
0.27967605
0.29107839
0.30757019
0.32419857
0.32501844
0.32584247
0.32667127
0.32750371
0.32834098
0.32918197
0.33002725
0.33087751
0.33173156
0.33259001
0.33345354
0.33432096
0.33519289
0.33607000
0.33695108
0.33783746
0.33872783
0.33962229
0.34052277
0.34142739
0.34233749
0.34325179
0.34417099
0.34509578
0.34602490
0.34695905
0.34789890
0.34884319
0.34979263
0.35074794
0.35170776
0.35267359
0.35364401
0.35461977
0.35560167
0.35658830
0.35758042
0.35857880
0.35958204
0.36059162
0.36160618
0.36262646
0.36365324
0.36468512
0.36572286
0.36676729
0.36781695
0.36887261
0.36993515
0.37100303
0.37207788
0.37315819
0.37424478
0.37533775
0.37643710
0.37754369
0.37865603
0.37977493
0.38090128
0.38203353
0.38317251
0.38431913
0.38547182
0.38663143
0.38779888
0.38897255
0.39015421
0.39134219
0.39253744
0.39374089
0.39495087
0.39616829
0.39739415
0.39862671
0.39986786
0.40111583
0.40237162
0.40363622
0.40490788
0.40618756
0.40747631
0.40877232
0.41007751
0.41139016
0.41271120
0.41404176
0.41537991
0.41672677
0.41808337
0.41944683
0.42082122
0.42220366
0.42359519
0.42499694
0.42640698
0.42782643
0.42925638
0.43069485
0.43214303
0.43360204
0.43506986
0.43654871
0.43803659
0.43953463
0.44104403
0.44256276
0.44409198
0.44563293
0.44718349
0.44874600
0.45031831
0.45190170
0.45349741
0.45510325
0.45672053
0.45835051
0.45999098
0.46164444
0.46330863
0.46498483
0.46667445
0.46837518
0.47008830
0.47163528
0.47316605
0.47470805
0.47589597
0.47704637
0.47820234
0.47901306
0.47978258
0.48055196
0.48099867
0.48139280
0.48178238
0.48189586
0.48192587
0.48195195
0.48176414
0.48143446
0.48110005
0.48067912
0.48025763
0.47993264
0.48033410
0.48189977
1.06223619
1.06651306
1.07082462
1.07517111
1.07955301
1.08397079
1.08842480
1.09291565
1.09744370
1.10201621
1.10662019
1.11126268
1.11594439
1.12066567
1.12542701
1.13022912
1.13507235
1.13995719
1.14488423
1.14986157
1.15487480
1.15993202
1.16503370
1.17018044
1.17537284
1.18061161
1.18589723
1.19123042
1.19661975
1.20204997
1.20752978
1.21305978
1.21864057
1.22427297
1.22995770
1.23569548
1.24148703
1.24733317
1.25324345
1.25920105
1.26521552
1.27128780
1.27741861
1.28360879
1.28985941
1.29617107
1.30254483
1.30899119
1.31549203
1.32205772
1.32868922
1.33538771
1.34215403
1.34898925
1.35589445
1.36287069
1.36991906
1.37705135
1.38424766
1.39151943
1.39886808
1.40629482
1.41380072
1.42138731
1.42904413
1.43679559
1.44464338
1.45256543
1.46057475
1.46867299
1.47686160
1.48514199
1.49351573
1.50198436
1.51054966
1.51922619
1.52798975
1.53685510
1.54582393
1.55489802
1.56407928
1.57336962
1.58277094
1.59228539
1.60191476
1.61167610
1.62154222
1.63152993
0.20876317
0.20968661
0.21062672
0.21158360
0.21256115
0.21357390
0.21471050
0.21584409
0.21697199
0.21813473
0.21931215
0.22055016
0.22449127
0.22992864
0.23622981
0.24350972
0.25138921
0.25961912
0.26858714
0.27768004
0.28868172
0.30248573
0.32563859
0.32646576
0.32729775
0.32813337
0.32897329
0.32981813
0.33066669
0.33151963
0.33237761
0.33323944
0.33410570
0.33497715
0.33585250
0.33673310
0.33761767
0.33850688
0.33940083
0.34029949
0.34120291
0.34211183
0.34302491
0.34394357
0.34486645
0.34579435
0.34672791
0.34766585
0.34860885
0.34955770
0.35051104
0.35146958
0.35243407
0.35340318
0.35437834
0.35535818
0.35634345
0.35733491
0.35833120
0.35933304
0.36034125
0.36135438
0.36237398
0.36339861
0.36442903
0.36546606
0.36650828
0.36755642
0.36861137
0.36967161
0.37073877
0.37181130
0.37289006
0.37397587
0.37506646
0.37616423
0.37726924
0.37837994
0.37949803
0.38062191
0.38175249
0.38289061
0.38403472
0.38518569
0.38634443
0.38750929
0.38868123
0.38986111
0.39104730
0.39224163
0.39344239
0.39465052
0.39586699
0.39709008
0.39832166
0.39955997
0.40080604
0.40206081
0.40332252
0.40459222
0.40587083
0.40715662
0.40845057
0.40975374
0.41106430
0.41238421
0.41371167
0.41504771
0.41639337
0.41774681
0.41910809
0.42048025
0.42186046
0.42325073
0.42464918
0.42605692
0.42747504
0.42890161
0.43033773
0.43178454
0.43324006
0.43470648
0.43618178
0.43766716
0.43916374
0.44066954
0.44218567
0.44371340
0.44525060
0.44679961
0.44835830
0.44992790
0.45150965
0.45310146
0.45470449
0.45632011
0.45794606
0.45958361
0.46123415
0.46289536
0.46456981
0.46625519
0.46795282
0.46966413
0.47138673
0.47298875
0.47452959
0.47607797
0.47736365
0.47852373
0.47968560
0.48058310
0.48136026
0.48213470
0.48265895
0.48305714
0.48345071
0.48363200
0.48366091
0.48368981
0.48356104
0.48322892
0.48289725
0.48248363
0.48205769
0.48170024
0.48193109
0.48324597
1.06544709
1.06975627
1.07409406
1.07846725
1.08287609
1.08732116
1.09180284
1.09632170
1.10087800
1.10547245
1.11011231
1.11478424
1.11949563
1.12424707
1.12903905
1.13387203
1.13874662
1.14366317
1.14862251
1.15362489
1.15867865
1.16376936
1.16890490
1.17408597
1.17931318
1.18458712
1.18990850
1.19527793
1.20069587
1.20617151
1.21168900
1.21725714
1.22287679
1.22854853
1.23427320
1.24005139
1.24588394
1.25177157
1.25771523
1.26372445
1.26978242
1.27589869
1.28207409
1.28830969
1.29460621
1.30096459
1.30738568
1.31387043
1.32042968
1.32704496
1.33372676
1.34047616
1.34729433
1.35418212
1.36114073
1.36817122
1.37527466
1.38245225
1.38971603
1.39704561
1.40445292
1.41193914
1.41950572
1.42714226
1.43487298
1.44268799
1.45058858
1.45858812
1.46666420
1.47483039
1.48308790
1.49143839
1.49988353
1.50842476
1.51706386
1.52580249
1.53464246
1.54359865
1.55264664
1.56180120
1.57106447
1.58043814
1.58992445
1.59952533
1.60924280
1.61907911
1.62905121
1.63913190
0.20854037
0.20945345
0.21038774
0.21133241
0.21229877
0.21327962
0.21432273
0.21545717
0.21656889
0.21770494
0.21885833
0.22003081
0.22120246
0.22365242
0.22891031
0.23492132
0.24202247
0.24972913
0.25761384
0.26679853
0.27571914
0.28622061
0.29903984
0.32709146
0.32792604
0.32876548
0.32960865
0.33045614
0.33130860
0.33216488
0.33302557
0.33389139
0.33476105
0.33563530
0.33651474
0.33739817
0.33828688
0.33917964
0.34007648
0.34097937
0.34188643
0.34279832
0.34371576
0.34463745
0.34556475
0.34649640
0.34743309
0.34837553
0.34932241
0.35027444
0.35123238
0.35219491
0.35316339
0.35413650
0.35511500
0.35609964
0.35708904
0.35808393
0.35908514
0.36009121
0.36110368
0.36212113
0.36314431
0.36417404
0.36520886
0.36624962
0.36729705
0.36834973
0.36940849
0.37047410
0.37154511
0.37262309
0.37370658
0.37479639
0.37589255
0.37699518
0.37810427
0.37922072
0.38034296
0.38147271
0.38260832
0.38375077
0.38490084
0.38605702
0.38722017
0.38839117
0.38956845
0.39075372
0.39194539
0.39314434
0.39435151
0.39556524
0.39678648
0.39801615
0.39925259
0.40049762
0.40174955
0.40300933
0.40427795
0.40555364
0.40683743
0.40813029
0.40943047
0.41073895
0.41205677
0.41338214
0.41471699
0.41605955
0.41741082
0.41877186
0.42013985
0.42151779
0.42290580
0.42430198
0.42570844
0.42712322
0.42854741
0.42998222
0.43142557
0.43287867
0.43434265
0.43581548
0.43729943
0.43879244
0.44029567
0.44181034
0.44333434
0.44486892
0.44641525
0.44797125
0.44953927
0.45111719
0.45270619
0.45430762
0.45591921
0.45754230
0.45917818
0.46082458
0.46248403
0.46415430
0.46583664
0.46753249
0.46923944
0.47095895
0.47269234
0.47434878
0.47589850
0.47745839
0.47883910
0.48000768
0.48117939
0.48216346
0.48294574
0.48372924
0.48433074
0.48473170
0.48513198
0.48538068
0.48540980
0.48544025
0.48537275
0.48503679
0.48470265
0.48430043
0.48387256
0.48348093
0.48355317
0.48472509
1.06868374
1.07301283
1.07737708
1.08178365
1.08621979
1.09069240
1.09520197
1.09974897
1.10433400
1.10895729
1.11361957
1.11832106
1.12306964
1.12785161
1.13267434
1.13753855
1.14244473
1.14739347
1.15238512
1.15742052
1.16250002
1.16762435
1.17280185
1.17801762
1.18327999
1.18858957
1.19394696
1.19935298
1.20480812
1.21031308
1.21586871
1.22148383
1.22714257
1.23285413
1.23861897
1.24443805
1.25031197
1.25624168
1.26222789
1.26827145
1.27437317
1.28054309
1.28676367
1.29304504
1.29938805
1.30579364
1.31226254
1.31879604
1.32539475
1.33205998
1.33880258
1.34560359
1.35247409
1.35941505
1.36642766
1.37351310
1.38067222
1.38790655
1.39521694
1.40260482
1.41008246
1.41762900
1.42524540
1.43295550
1.44074965
1.44862890
1.45659482
1.46464884
1.47279251
1.48103952
1.48936689
1.49778843
1.50630581
1.51492059
1.52363455
1.53244925
1.54136658
1.55038822
1.55952978
1.56876600
1.57811224
1.58757055
1.59714293
1.60683131
1.61663806
1.62656534
1.63661516
1.64678991
0.20832388
0.20922965
0.21015772
0.21110083
0.21205243
0.21301240
0.21400940
0.21507163
0.21617752
0.21729566
0.21843801
0.21959244
0.22075120
0.22191201
0.22331068
0.22785485
0.23367694
0.24050583
0.24809012
0.25602093
0.26472929
0.27400196
0.28412727
0.29613200
0.31409201
0.32939944
0.33024645
0.33109725
0.33195242
0.33281264
0.33367670
0.33454525
0.33541900
0.33629668
0.33717957
0.33806652
0.33895811
0.33985442
0.34075549
0.34166136
0.34257269
0.34348825
0.34440938
0.34533480
0.34626520
0.34720132
0.34814182
0.34908742
0.35003889
0.35099483
0.35195604
0.35292321
0.35389501
0.35487288
0.35585546
0.35684350
0.35783777
0.35883686
0.35984153
0.36085260
0.36186862
0.36289111
0.36391866
0.36495206
0.36599207
0.36703730
0.36808848
0.36914650
0.37020981
0.37128007
0.37235573
0.37343767
0.37452668
0.37562048
0.37672150
0.37782979
0.37894380
0.38006523
0.38119251
0.38232645
0.38346803
0.38461560
0.38577005
0.38693228
0.38810071
0.38927624
0.39045972
0.39164960
0.39284760
0.39405206
0.39526397
0.39648420
0.39771113
0.39894566
0.40018877
0.40143877
0.40269750
0.40396324
0.40523696
0.40651965
0.40780959
0.40910771
0.41041508
0.41172987
0.41305408
0.41438586
0.41572624
0.41707632
0.41843423
0.41979998
0.42117670
0.42256147
0.42395636
0.42535952
0.42677197
0.42819485
0.42962623
0.43106723
0.43251896
0.43397942
0.43544981
0.43693125
0.43842173
0.43992352
0.44143450
0.44295594
0.44448900
0.44603157
0.44758490
0.44915020
0.45072538
0.45231277
0.45391023
0.45551902
0.45714045
0.45877224
0.46041575
0.46207225
0.46373951
0.46542010
0.46711165
0.46881557
0.47053319
0.47226217
0.47400394
0.47571662
0.47727659
0.47884685
0.48032501
0.48149958
0.48268119
0.48375422
0.48454168
0.48533171
0.48601416
0.48641789
0.48682100
0.48714074
0.48717138
0.48720074
0.48719674
0.48685828
0.48652160
0.48613229
0.48569986
0.48527482
0.48526424
0.48625049
1.07194018
1.07629573
1.08068681
1.08511388
1.08958411
1.09408450
1.09862220
1.10319781
1.10781157
1.11246419
1.11715603
1.12188756
1.12665939
1.13147914
1.13633311
1.14122891
1.14616704
1.15114808
1.15617251
1.16124117
1.16635442
1.17151284
1.17671704
1.18197572
1.18727350
1.19261909
1.19801307
1.20345592
1.20894861
1.21449161
1.22008562
1.22573149
1.23143828
1.23718989
1.24299550
1.24885583
1.25477171
1.26074386
1.26677322
1.27286041
1.27900648
1.28521216
1.29148769
1.29781544
1.30420542
1.31065869
1.31717610
1.32375860
1.33040726
1.33712304
1.34390700
1.35077035
1.35769391
1.36468875
1.37175596
1.37889683
1.38611245
1.39340389
1.40077257
1.40821958
1.41574609
1.42335355
1.43104327
1.43881643
1.44667447
1.45461893
1.46265101
1.47077239
1.47898448
1.48728871
1.49569929
1.50419283
1.51278341
1.52147269
1.53026235
1.53915405
1.54814982
1.55725133
1.56646049
1.57577920
1.58522356
1.59476757
1.60442722
1.61420453
1.62410176
1.63412106
1.64426482
1.65453517
0.20811100
0.20901296
0.20992896
0.21087076
0.21181877
0.21276797
0.21374445
0.21475558
0.21579228
0.21690141
0.21802972
0.21916984
0.22032331
0.22149257
0.22266261
0.22384480
0.22659110
0.23247632
0.23909508
0.24630402
0.25461942
0.26286140
0.27249402
0.28212780
0.29372105
0.30889708
0.33088613
0.33174083
0.33259934
0.33346230
0.33433038
0.33520234
0.33607888
0.33696064
0.33784643
0.33873752
0.33963200
0.34053189
0.34143722
0.34234670
0.34326106
0.34418097
0.34510517
0.34603500
0.34696919
0.34790844
0.34885344
0.34980294
0.35075760
0.35171819
0.35268337
0.35365453
0.35463038
0.35561162
0.35659900
0.35759118
0.35858890
0.35959291
0.36060184
0.36161721
0.36263752
0.36366364
0.36469632
0.36573413
0.36677787
0.36782834
0.36888409
0.36994591
0.37101462
0.37208876
0.37316993
0.37425658
0.37534881
0.37644902
0.37755492
0.37866732
0.37978709
0.38091269
0.38204584
0.38318488
0.38433075
0.38548434
0.38664401
0.38781071
0.38898531
0.39016616
0.39135510
0.39255044
0.39375308
0.39496401
0.39618152
0.39740658
0.39864010
0.39988041
0.40112939
0.40238526
0.40364903
0.40492168
0.40620148
0.40748936
0.40878639
0.41009074
0.41140348
0.41272557
0.41405523
0.41539446
0.41674140
0.41809711
0.41946167
0.42083517
0.42221767
0.42361030
0.42501116
0.42642233
0.42784184
0.42927086
0.43071049
0.43215877
0.43361682
0.43508580
0.43656370
0.43805274
0.43955091
0.44105935
0.44257927
0.44410861
0.44564855
0.44720033
0.44876182
0.45033538
0.45191890
0.45351356
0.45512071
0.45673811
0.45836705
0.46000883
0.46166119
0.46332550
0.46500307
0.46669158
0.46839365
0.47010693
0.47183281
0.47357264
0.47532284
0.47708857
0.47866270
0.48024210
0.48181888
0.48300207
0.48418978
0.48535553
0.48614821
0.48694351
0.48770931
0.48811188
0.48851106
0.48889345
0.48892164
0.48894987
0.48897806
0.48866528
0.48833147
0.48796067
0.48753434
0.48710740
0.48698747
0.48778284
1.07521653
1.07959878
1.08401692
1.08847141
1.09296262
1.09749103
1.10206401
1.10666835
1.11131132
1.11599338
1.12071502
1.12547684
1.13027930
1.13512301
1.14000833
1.14494324
1.14991355
1.15492725
1.15998495
1.16508710
1.17023432
1.17542720
1.18066645
1.18595254
1.19128621
1.19667602
1.20210683
1.20758712
1.21311760
1.21869898
1.22433197
1.23001719
1.23575556
1.24154770
1.24740303
1.25330520
1.25926340
1.26527846
1.27135134
1.27748275
1.28367364
1.28992474
1.29623711
1.30261159
1.30905867
1.31556010
1.32212639
1.32875872
1.33545780
1.34222484
1.34906077
1.35596669
1.36294365
1.37000334
1.37712598
1.38432300
1.39159560
1.39894509
1.40637255
1.41387939
1.42146671
1.42912447
1.43688846
1.44472539
1.45264840
1.46065867
1.46875787
1.47694731
1.48522866
1.49360335
1.50207305
1.51063943
1.51931691
1.52808166
1.53694797
1.54591787
1.55499315
1.56417549
1.57346702
1.58286953
1.59238505
1.60203016
1.61177814
1.62164557
1.63163459
1.64174736
1.65198624
1.66235375
0.20790100
0.20880334
0.20971946
0.21065862
0.21160801
0.21255659
0.21351114
0.21450196
0.21551508
0.21654414
0.21763679
0.21876231
0.21990740
0.22106539
0.22223006
0.22340766
0.22459495
0.22616932
0.23116034
0.23769887
0.24477716
0.25301686
0.26128945
0.27067170
0.28027979
0.29152459
0.30551612
0.33238631
0.33324879
0.33411512
0.33498597
0.33586201
0.33674201
0.33762664
0.33851653
0.33940989
0.34030923
0.34121272
0.34212103
0.34303483
0.34395286
0.34487581
0.34580442
0.34673735
0.34767604
0.34861910
0.34956732
0.35052139
0.35147998
0.35244384
0.35341370
0.35438821
0.35536882
0.35635415
0.35734496
0.35834202
0.35934392
0.36035147
0.36136538
0.36238432
0.36340973
0.36444023
0.36547658
0.36651960
0.36756781
0.36862206
0.36968315
0.37074956
0.37182218
0.37290177
0.37398690
0.37507832
0.37617615
0.37728044
0.37839201
0.37950936
0.38063332
0.38176477
0.38290215
0.38404715
0.38519821
0.38635617
0.38752195
0.38869396
0.38987306
0.39106020
0.39225373
0.39345545
0.39466366
0.39587930
0.39710337
0.39833412
0.39957255
0.40081957
0.40207350
0.40333623
0.40460598
0.40588379
0.40717059
0.40846464
0.40976694
0.41107854
0.41239759
0.41372514
0.41506222
0.41640702
0.41776153
0.41912290
0.42049417
0.42187545
0.42326480
0.42466336
0.42607221
0.42748940
0.42891711
0.43035331
0.43179920
0.43325585
0.43472135
0.43619674
0.43768331
0.43917891
0.44068590
0.44220215
0.44372889
0.44526729
0.44681531
0.44837409
0.44994494
0.45152572
0.45311874
0.45472193
0.45633647
0.45796373
0.45960143
0.46125087
0.46291342
0.46458676
0.46627349
0.46797130
0.46968147
0.47140545
0.47314090
0.47488913
0.47665036
0.47842470
0.48005688
0.48164418
0.48324335
0.48451266
0.48570913
0.48690620
0.48774809
0.48853922
0.48933294
0.48976782
0.49016836
0.49057093
0.49063718
0.49066558
0.49069399
0.49042630
0.49009010
0.48972872
0.48929930
0.48887062
0.48866260
0.48931411
0.49195114
1.08292222
1.08736765
1.09184968
1.09636891
1.10092568
1.10552049
1.11016071
1.11483312
1.11954498
1.12429678
1.12908924
1.13392258
1.13879752
1.14371467
1.14867437
1.15368474
1.15873146
1.16382253
1.16895866
1.17414021
1.17936790
1.18464231
1.18996418
1.19533408
1.20075262
1.20622873
1.21174669
1.21731544
1.22293568
1.22860789
1.23433304
1.24011183
1.24594498
1.25183320
1.25778627
1.26378727
1.26984572
1.27596271
1.28213882
1.28837490
1.29467213
1.30103111
1.30745292
1.31393838
1.32049835
1.32711422
1.33379674
1.34054685
1.34736562
1.35425425
1.36121356
1.36824477
1.37534904
1.38253820
1.38979197
1.39712238
1.40453053
1.41201758
1.41958487
1.42722237
1.43495393
1.44276989
1.45067132
1.45867169
1.46674883
1.47491586
1.48317432
1.49152589
1.49997199
1.50851429
1.51715434
1.52589405
1.53474820
1.54369247
1.55274141
1.56189716
1.57116151
1.58053637
1.59002388
1.59962595
1.60934460
1.61918211
1.62915564
1.63923764
1.64944518
1.65978062
1.67024636
0.20770790
0.20860684
0.20951656
0.21045092
0.21139891
0.21234688
0.21329394
0.21426907
0.21527034
0.21628076
0.21731450
0.21838817
0.21950227
0.22064996
0.22180638
0.22296913
0.22415261
0.22534956
0.22663091
0.22971530
0.23621663
0.24343878
0.25136471
0.25976574
0.26869702
0.27873358
0.28950524
0.30267140
0.32292172
0.33477050
0.33564478
0.33652365
0.33740777
0.33829588
0.33918869
0.34008622
0.34098852
0.34189630
0.34280822
0.34372506
0.34464747
0.34557414
0.34650651
0.34744325
0.34838507
0.34933269
0.35028479
0.35124210
0.35220534
0.35317320
0.35414636
0.35512564
0.35610962
0.35709977
0.35809475
0.35909528
0.36010215
0.36111394
0.36213145
0.36315542
0.36418447
0.36522013
0.36626092
0.36730766
0.36836118
0.36941999
0.37048489
0.37155673
0.37263402
0.37371835
0.37480822
0.37590367
0.37700716
0.37811631
0.37923202
0.38035515
0.38148415
0.38262066
0.38376316
0.38491249
0.38606960
0.38723281
0.38840303
0.38958123
0.39076573
0.39195746
0.39315736
0.39436373
0.39557841
0.39679974
0.39802861
0.39926600
0.40051025
0.40176225
0.40302300
0.40429080
0.40556750
0.40685138
0.40814340
0.40944460
0.41075316
0.41207013
0.41339654
0.41473052
0.41607413
0.41742548
0.41878566
0.42015472
0.42153278
0.42291987
0.42431715
0.42572269
0.42713860
0.42856291
0.42999673
0.43144125
0.43289447
0.43435749
0.43583149
0.43731448
0.43880758
0.44031200
0.44182569
0.44335091
0.44488558
0.44643092
0.44798818
0.44955519
0.45113319
0.45272347
0.45432383
0.45593673
0.45755994
0.45919475
0.46084249
0.46250087
0.46417123
0.46585494
0.46754968
0.46925801
0.47097763
0.47270992
0.47445625
0.47621298
0.47798404
0.47976965
0.48145789
0.48305583
0.48466438
0.48602346
0.48721805
0.48841992
0.48933697
0.49013329
0.49093217
0.49143368
0.49183831
0.49224228
0.49236479
0.49239340
0.49242201
0.49220008
0.49186143
0.49150831
0.49107575
0.49064395
0.49034661
0.49092811
0.49291426
1.08626616
1.09073913
1.09524906
1.09979653
1.10438192
1.10900569
1.11366832
1.11837029
1.12311924
1.12790155
1.13272476
1.13758945
1.14249611
1.14744520
1.15243733
1.15747321
1.16255319
1.16768563
1.17285597
1.17807221
1.18333507
1.18864512
1.19400311
1.19940960
1.20486522
1.21037078
1.21592677
1.22154248
1.22720182
1.23291385
1.23867929
1.24449897
1.25037348
1.25630379
1.26229060
1.26833475
1.27444613
1.28060758
1.28682888
1.29311085
1.29945445
1.30586064
1.31233037
1.31886435
1.32546389
1.33212972
1.33887303
1.34567475
1.35254598
1.35948777
1.36650109
1.37358725
1.38074720
1.38798225
1.39529347
1.40269327
1.41016066
1.41770804
1.42532527
1.43303633
1.44083118
1.44871140
1.45667827
1.46473324
1.47289002
1.48112571
1.48945415
1.49787664
1.50639510
1.51501083
1.52372575
1.53254163
1.54145992
1.55048275
1.55962551
1.56886280
1.57821023
1.58766961
1.59724319
1.60693288
1.61674094
1.62666929
1.63672042
1.64691186
1.65721548
1.66764891
1.67821443
0.20752797
0.20842463
0.20932980
0.21025279
0.21119249
0.21214239
0.21309094
0.21405186
0.21503656
0.21604240
0.21705851
0.21808769
0.21914583
0.22024561
0.22139010
0.22254403
0.22370723
0.22489516
0.22610842
0.22733483
0.22891502
0.23467633
0.24213935
0.24959290
0.25798681
0.26686573
0.27711633
0.28759962
0.30039942
0.31743371
0.33630618
0.33718851
0.33807549
0.33896780
0.33986351
0.34076527
0.34167120
0.34258193
0.34349820
0.34441873
0.34534419
0.34627533
0.34721079
0.34815204
0.34909770
0.35004851
0.35100523
0.35196647
0.35293299
0.35390556
0.35488278
0.35586542
0.35685423
0.35784784
0.35884771
0.35985243
0.36086282
0.36187965
0.36290148
0.36392984
0.36496326
0.36600262
0.36704862
0.36809990
0.36915720
0.37022138
0.37129089
0.37236664
0.37344941
0.37453771
0.37563238
0.37673345
0.37784103
0.37895590
0.38007659
0.38120392
0.38233879
0.38347960
0.38462806
0.38578260
0.38694406
0.38811341
0.38928899
0.39047173
0.39166251
0.39285973
0.39406514
0.39527711
0.39649656
0.39772445
0.39895907
0.40020138
0.40145236
0.40271026
0.40397701
0.40525079
0.40653268
0.40782359
0.40912181
0.41042832
0.41174415
0.41306749
0.41439936
0.41574082
0.41709000
0.41844898
0.41981485
0.42119065
0.42257652
0.42397052
0.42537373
0.42678732
0.42820928
0.42964178
0.43108287
0.43253365
0.43399531
0.43546578
0.43694627
0.43843794
0.43993872
0.44145095
0.44297248
0.44450453
0.44604835
0.44760180
0.44916609
0.45074251
0.45232886
0.45392761
0.45553651
0.45715687
0.45878997
0.46043360
0.46208906
0.46375766
0.46543711
0.46712881
0.46883407
0.47055060
0.47228098
0.47402287
0.47577637
0.47754550
0.47932652
0.48112217
0.48286843
0.48447180
0.48608583
0.48753166
0.48873371
0.48994172
0.49093625
0.49173778
0.49254191
0.49310815
0.49351832
0.49392641
0.49410188
0.49413344
0.49416226
0.49398673
0.49364561
0.49330223
0.49286649
0.49243155
0.49209666
0.49255827
0.49434888
1.08963072
1.09413159
1.09866977
1.10324562
1.10785985
1.11251283
1.11720514
1.12193704
1.12670934
1.13152957
1.13638389
1.14128006
1.14621866
1.15120018
1.15622509
1.16129422
1.16640782
1.17156684
1.17677939
1.18203056
1.18732893
1.19267499
1.19806945
1.20351291
1.20900607
1.21454954
1.22014415
1.22579050
1.23149788
1.23725009
1.24305630
1.24891722
1.25483370
1.26080644
1.26683629
1.27292418
1.27907085
1.28528643
1.29155338
1.29788160
1.30427229
1.31072617
1.31724429
1.32382751
1.33047688
1.33719337
1.34397805
1.35084212
1.35776639
1.36476195
1.37182999
1.37897158
1.38618803
1.39348030
1.40084970
1.40829754
1.41583622
1.42343318
1.43112373
1.43889785
1.44675684
1.45470214
1.46273518
1.47085750
1.47907043
1.48737574
1.49578726
1.50428176
1.51287341
1.52156365
1.53035438
1.53924727
1.54824412
1.55734670
1.56655705
1.57589078
1.58532238
1.59486759
1.60452843
1.61430693
1.62420547
1.63422608
1.64437115
1.65464294
1.66504383
1.67559206
1.68625891
0.20735487
0.20824346
0.20915024
0.21007167
0.21100448
0.21195118
0.21289903
0.21385127
0.21482323
0.21581610
0.21682478
0.21784347
0.21887259
0.21992697
0.22100280
0.22214076
0.22328770
0.22445221
0.22563951
0.22686546
0.22811152
0.22951123
0.23321770
0.24028766
0.24808389
0.25652310
0.26531008
0.27545077
0.28575331
0.29824269
0.31421509
0.33785605
0.33874652
0.33964172
0.34054166
0.34144640
0.34235659
0.34327099
0.34419030
0.34511518
0.34604442
0.34697932
0.34791863
0.34886304
0.34981325
0.35076797
0.35172793
0.35269386
0.35366437
0.35464028
0.35562226
0.35660902
0.35760197
0.35859972
0.35960311
0.36061281
0.36162749
0.36264789
0.36367479
0.36470678
0.36574543
0.36678922
0.36783898
0.36889556
0.36995745
0.37102544
0.37210044
0.37318087
0.37426761
0.37536070
0.37646016
0.37756693
0.37867939
0.37979844
0.38092494
0.38205731
0.38319644
0.38434321
0.38549602
0.38665661
0.38782337
0.38899720
0.39017901
0.39136714
0.39256257
0.39376616
0.39497629
0.39619476
0.39741987
0.39865261
0.39989391
0.40114203
0.40239799
0.40366277
0.40493459
0.40621537
0.40750337
0.40879953
0.41010493
0.41141772
0.41273898
0.41406968
0.41540805
0.41675603
0.41811183
0.41947550
0.42085007
0.42223269
0.42362443
0.42502639
0.42643660
0.42785728
0.42928639
0.43072510
0.43217450
0.43363267
0.43510067
0.43657976
0.43806785
0.43956611
0.44107574
0.44259468
0.44412524
0.44566530
0.44721606
0.44877881
0.45035136
0.45193496
0.45353091
0.45513701
0.45675570
0.45838475
0.46002546
0.46167916
0.46334359
0.46502006
0.46670994
0.46841091
0.47012556
0.47185156
0.47359028
0.47534186
0.47710645
0.47888419
0.48067653
0.48248103
0.48427936
0.48589212
0.48751563
0.48904523
0.49025747
0.49147302
0.49254328
0.49335280
0.49416226
0.49479410
0.49520981
0.49562073
0.49585128
0.49588582
0.49591482
0.49578774
0.49544278
0.49509963
0.49467036
0.49423084
0.49387023
0.49419931
0.49579328
1.09300959
1.09754515
1.10211170
1.10671651
1.11135983
1.11604238
1.12076449
1.12552667
1.13032961
1.13517368
1.14005935
1.14499474
1.14996552
1.15497983
1.16003788
1.16514051
1.17028821
1.17548156
1.18072128
1.18600786
1.19134998
1.19673240
1.20216370
1.20764446
1.21317554
1.21875739
1.22439086
1.23007667
1.23581564
1.24160826
1.24746430
1.25336695
1.25932574
1.26534140
1.27141488
1.27754700
1.28373849
1.28999019
1.29630315
1.30268776
1.30912602
1.31562817
1.32219517
1.32882810
1.33552790
1.34229565
1.34913230
1.35603905
1.36301672
1.37007725
1.37720060
1.38439834
1.39167178
1.39902210
1.40645039
1.41395795
1.42154622
1.42920482
1.43696964
1.44480753
1.45273137
1.46074259
1.46884274
1.47703314
1.48531544
1.49369109
1.50216186
1.51072919
1.51940775
1.52817345
1.53704095
1.54601192
1.55508816
1.56427169
1.57356429
1.58296800
1.59248483
1.60213113
1.61188030
1.62174904
1.63173926
1.64185333
1.65209365
1.66246235
1.67296219
1.68359542
1.69436467
0.20718955
0.20807476
0.20897420
0.20989183
0.21081956
0.21176182
0.21271509
0.21365593
0.21461809
0.21560201
0.21659920
0.21760805
0.21863441
0.21967076
0.22072110
0.22179893
0.22290017
0.22405159
0.22522211
0.22640665
0.22763719
0.22889735
0.23019774
0.23200244
0.23868598
0.24658550
0.25474989
0.26368183
0.27317104
0.28404838
0.29642493
0.31159964
0.33941957
0.34031835
0.34122252
0.34213087
0.34304407
0.34396282
0.34488586
0.34581384
0.34674749
0.34768555
0.34862936
0.34957761
0.35053104
0.35149041
0.35245430
0.35342354
0.35439879
0.35537875
0.35636413
0.35735571
0.35835212
0.35935482
0.36036241
0.36137566
0.36239538
0.36342013
0.36445066
0.36548784
0.36653015
0.36757922
0.36863351
0.36969391
0.37076116
0.37183383
0.37291270
0.37399867
0.37508938
0.37618807
0.37729242
0.37840328
0.37952149
0.38064554
0.38177624
0.38291451
0.38405877
0.38521072
0.38636875
0.38753375
0.38870668
0.38988587
0.39107221
0.39226669
0.39346761
0.39467591
0.39589250
0.39711577
0.39834750
0.39958599
0.40083221
0.40208715
0.40334904
0.40461886
0.40589765
0.40718362
0.40847871
0.40978110
0.41109183
0.41241193
0.41373956
0.41507578
0.41642162
0.41777524
0.41913772
0.42050907
0.42188945
0.42327991
0.42467856
0.42608649
0.42750481
0.42893156
0.43036893
0.43181491
0.43327063
0.43473727
0.43621278
0.43769836
0.43919519
0.44070119
0.44221753
0.44374546
0.44528291
0.44683212
0.44839105
0.44996089
0.45154288
0.45313489
0.45473820
0.45635402
0.45798022
0.45961922
0.46126881
0.46293026
0.46460497
0.46629059
0.46798849
0.46970007
0.47142294
0.47315976
0.47490689
0.47666824
0.47844398
0.48023173
0.48203287
0.48384890
0.48567733
0.48732078
0.48895523
0.49056959
0.49179211
0.49301529
0.49416089
0.49497849
0.49579328
0.49649164
0.49691159
0.49732670
0.49761450
0.49764788
0.49767989
0.49760059
0.49725306
0.49690741
0.49648610
0.49604473
0.49565798
0.49584991
0.49724475
1.09641623
1.10097337
1.10557544
1.11020923
1.11488199
1.11959422
1.12434649
1.12913930
1.13397312
1.13884854
1.14376605
1.14872622
1.15373707
1.15878427
1.16387582
1.16901231
1.17419434
1.17942262
1.18469751
1.19001985
1.19539022
1.20081747
1.20628595
1.21180451
1.21737373
1.22299445
1.22866726
1.23439300
1.24017227
1.24600601
1.25189483
1.25784850
1.26385009
1.26990914
1.27602673
1.28220344
1.28844023
1.29473805
1.30109763
1.30752015
1.31401598
1.32056689
1.32718349
1.33386672
1.34061754
1.34743702
1.35432637
1.36128640
1.36831844
1.37542343
1.38261330
1.38986802
1.39719915
1.40460813
1.41209602
1.41966414
1.42730248
1.43503499
1.44285166
1.45076585
1.45875537
1.46683347
1.47500145
1.48326087
1.49161339
1.50006044
1.50860369
1.51724494
1.52598560
1.53484094
1.54378617
1.55283630
1.56199312
1.57125854
1.58063471
1.59012330
1.59972656
1.60944653
1.61930001
1.62925994
1.63934326
1.64955211
1.65988898
1.67035615
1.68095613
1.69169164
1.70256495
0.20703436
0.20791751
0.20880921
0.20972119
0.21064542
0.21159291
0.21254566
0.21347684
0.21443246
0.21540137
0.21639040
0.21738589
0.21839942
0.21942894
0.22047341
0.22152951
0.22261277
0.22370470
0.22484204
0.22600794
0.22720309
0.22842912
0.22969811
0.23098126
0.23243201
0.23726860
0.24478994
0.25296542
0.26185909
0.27162373
0.28259629
0.29453754
0.30940017
0.34099832
0.34190547
0.34281814
0.34373501
0.34465680
0.34558421
0.34651595
0.34745276
0.34839529
0.34934229
0.35029513
0.35125250
0.35221511
0.35318369
0.35415694
0.35513556
0.35612029
0.35710981
0.35810483
0.35910615
0.36011234
0.36112493
0.36214247
0.36316580
0.36419564
0.36523062
0.36627221
0.36731905
0.36837184
0.36943150
0.37049645
0.37156761
0.37264571
0.37372935
0.37481928
0.37591559
0.37701833
0.37812838
0.37924415
0.38036653
0.38149640
0.38263220
0.38377476
0.38492498
0.38608131
0.38724545
0.38841575
0.38959318
0.39077860
0.39197043
0.39316952
0.39437684
0.39559072
0.39681301
0.39804196
0.39927855
0.40052375
0.40177584
0.40303579
0.40430456
0.40558043
0.40686533
0.40815744
0.40945777
0.41076738
0.41208443
0.41340998
0.41474503
0.41608775
0.41743919
0.41880044
0.42016861
0.42154774
0.42293495
0.42433134
0.42573798
0.42715293
0.42857733
0.43001232
0.43145591
0.43291026
0.43437338
0.43584645
0.43733060
0.43882382
0.44032726
0.44184214
0.44336638
0.44490227
0.44644773
0.44800395
0.44957221
0.45115033
0.45273960
0.45434123
0.45595309
0.45757759
0.45921251
0.46085918
0.46251890
0.46418941
0.46587202
0.46756810
0.46927533
0.47099507
0.47272873
0.47447395
0.47623208
0.47800329
0.47978774
0.48158687
0.48339820
0.48522323
0.48706341
0.48875788
0.49040198
0.49205586
0.49333230
0.49456590
0.49578914
0.49661213
0.49743649
0.49820083
0.49862370
0.49904448
0.49938887
0.49942392
0.49945754
0.49942672
0.49907663
0.49872845
0.49831659
0.49787059
0.49745595
0.49752548
0.49878156
1.09984410
1.10442984
1.10905409
1.11371708
1.11842656
1.12316883
1.12795162
1.13277531
1.13764036
1.14254737
1.14749694
1.15248966
1.15752590
1.16260636
1.16773927
1.17290998
1.17812681
1.18339014
1.18870068
1.19405913
1.19946611
1.20492232
1.21042836
1.21599329
1.22160113
1.22726107
1.23297369
1.23873961
1.24455988
1.25043499
1.25636590
1.26235330
1.26839805
1.27451003
1.28067207
1.28689396
1.29317665
1.29952085
1.30592775
1.31239808
1.31893277
1.32553303
1.33220947
1.33894360
1.34574604
1.35261798
1.35956049
1.36657453
1.37366140
1.38082218
1.38805807
1.39537001
1.40277064
1.41023886
1.41778708
1.42540514
1.43311703
1.44091284
1.44879401
1.45676172
1.46481764
1.47297525
1.48121202
1.48954141
1.49796498
1.50648427
1.51510108
1.52381706
1.53263390
1.54155338
1.55057728
1.55972111
1.56895959
1.57830811
1.58776879
1.59734356
1.60703444
1.61684370
1.62677336
1.63682580
1.64701855
1.65732348
1.66775823
1.67832518
1.68902695
1.69986606
1.71084511
0.20688036
0.20776196
0.20865133
0.20955479
0.21047804
0.21142578
0.21238159
0.21330364
0.21425386
0.21521516
0.21619092
0.21718059
0.21818472
0.21919899
0.22022627
0.22127561
0.22233999
0.22342952
0.22452837
0.22566840
0.22682180
0.22801509
0.22923310
0.23050418
0.23177436
0.23314194
0.23601055
0.24310830
0.25125402
0.26002452
0.26963028
0.28023523
0.29290760
0.30772120
0.34259182
0.34350747
0.34442872
0.34535423
0.34628475
0.34722096
0.34816158
0.34910730
0.35005885
0.35101491
0.35197690
0.35294351
0.35391542
0.35489339
0.35587609
0.35686424
0.35785863
0.35885784
0.35986337
0.36087382
0.36188996
0.36291257
0.36394024
0.36497375
0.36601388
0.36705923
0.36811131
0.36916870
0.37023214
0.37130252
0.37237832
0.37346038
0.37454954
0.37564349
0.37674463
0.37785307
0.37896720
0.38008878
0.38121617
0.38235027
0.38349199
0.38463968
0.38579512
0.38695669
0.38812527
0.38930178
0.39048457
0.39167458
0.39287272
0.39407736
0.39528942
0.39650983
0.39773691
0.39897248
0.40021488
0.40146503
0.40272394
0.40398982
0.40526372
0.40654659
0.40783668
0.40913591
0.41044250
0.41175747
0.41308185
0.41441384
0.41575441
0.41710466
0.41846275
0.41982871
0.42120561
0.42259055
0.42398566
0.42538899
0.42680165
0.42822474
0.42965630
0.43109852
0.43254942
0.43401012
0.43548176
0.43696237
0.43845305
0.43995506
0.44146627
0.44298792
0.44452119
0.44606400
0.44761866
0.44918308
0.45075849
0.45234612
0.45394382
0.45555285
0.45717448
0.45880654
0.46045148
0.46210703
0.46377456
0.46545538
0.46714720
0.46885136
0.47056925
0.47229853
0.47404182
0.47579548
0.47756344
0.47934586
0.48114038
0.48294836
0.48477128
0.48660672
0.48845744
0.49020210
0.49185735
0.49352103
0.49488354
0.49612769
0.49737257
0.49825662
0.49908784
0.49991763
0.50034761
0.50077271
0.50117600
0.50121123
0.50124651
0.50126630
0.50091505
0.50056291
0.50016063
0.49971133
0.49926841
0.49927261
0.50038278
1.10329354
1.10790813
1.11256158
1.11725414
1.12198663
1.12676632
1.13157988
1.13643467
1.14133132
1.14627028
1.15125227
1.15627766
1.16134727
1.16646135
1.17162073
1.17683375
1.18208551
1.18738437
1.19273102
1.19812596
1.20356989
1.20906353
1.21460760
1.22020268
1.22585809
1.23155761
1.23731029
1.24311709
1.24897850
1.25489557
1.26086891
1.26689947
1.27298796
1.27913523
1.28535140
1.29161894
1.29794788
1.30433917
1.31079376
1.31731248
1.32389641
1.33054650
1.33726370
1.34405923
1.35091388
1.35783887
1.36483514
1.37190402
1.37904644
1.38626361
1.39355659
1.40092695
1.40837550
1.41591501
1.42351294
1.43120432
1.43897927
1.44683909
1.45478535
1.46281934
1.47094262
1.47915649
1.48746264
1.49587524
1.50437081
1.51296341
1.52165473
1.53044653
1.53934050
1.54833841
1.55744207
1.56665349
1.57598853
1.58542120
1.59496760
1.60462964
1.61440945
1.62430918
1.63433111
1.64447749
1.65475059
1.66515279
1.67570245
1.68637073
1.69717562
1.70811987
1.71920621
0.20673667
0.20761608
0.20850250
0.20940146
0.21031590
0.21124713
0.21220006
0.21313176
0.21406884
0.21502747
0.21599837
0.21697861
0.21797739
0.21898353
0.21999411
0.22102804
0.22208339
0.22315502
0.22425088
0.22535756
0.22648962
0.22764650
0.22883908
0.23005435
0.23129371
0.23256533
0.23385592
0.23546422
0.24165185
0.24946873
0.25817391
0.26757577
0.27869081
0.29146397
0.34328091
0.34420028
0.34512457
0.34605449
0.34698880
0.34792814
0.34887329
0.34982288
0.35077834
0.35173836
0.35270363
0.35367492
0.35465086
0.35563222
0.35661972
0.35761201
0.35860986
0.35961398
0.36062303
0.36163852
0.36265895
0.36368519
0.36471799
0.36575595
0.36679980
0.36785039
0.36890626
0.36996898
0.37103707
0.37211132
0.37319261
0.37427941
0.37537178
0.37647212
0.37757814
0.37869146
0.37981060
0.38093635
0.38206962
0.38320881
0.38435483
0.38550854
0.38666838
0.38783604
0.38900995
0.39019099
0.39138004
0.39257553
0.39377835
0.39498943
0.39620709
0.39743230
0.39866599
0.39990649
0.40115559
0.40241164
0.40367559
0.40494841
0.40622836
0.40751642
0.40881363
0.41011816
0.41143200
0.41275331
0.41408315
0.41542256
0.41676971
0.41812560
0.41949034
0.42086402
0.42224771
0.42363954
0.42504057
0.42645195
0.42787167
0.42930087
0.43074071
0.43218920
0.43364850
0.43511665
0.43659475
0.43808401
0.43958238
0.44109103
0.44261119
0.44414073
0.44568092
0.44723290
0.44879463
0.45036843
0.45195219
0.45354709
0.45515445
0.45677209
0.45840126
0.46004328
0.46169594
0.46336168
0.46503830
0.46672708
0.46842939
0.47014296
0.47186908
0.47360918
0.47535965
0.47712564
0.47890353
0.48069471
0.48250064
0.48431888
0.48615089
0.48799813
0.48985812
0.49165627
0.49331999
0.49499500
0.49644455
0.49769518
0.49895075
0.49991202
0.50074875
0.50158691
0.50208354
0.50251156
0.50293893
0.50301147
0.50304699
0.50307965
0.50276566
0.50241089
0.50201839
0.50156432
0.50111246
0.50103068
0.50199431
1.10676467
1.11140847
1.11609137
1.12081385
1.12557650
1.13037980
1.13522434
1.14011776
1.14504635
1.15001762
1.15503228
1.16009080
1.16519392
1.17034209
1.17553592
1.18077612
1.18606317
1.19140577
1.19678867
1.20222056
1.20770180
1.21323335
1.21881580
1.22444987
1.23013628
1.23587561
1.24167752
1.24752545
1.25342870
1.25938809
1.26540434
1.27147841
1.27761114
1.28380322
1.29005563
1.29636931
1.30275452
1.30919337
1.31569624
1.32226396
1.32889760
1.33559811
1.34236658
1.34920394
1.35611129
1.36310029
1.37015104
1.37727511
1.38447368
1.39174795
1.39909899
1.40652812
1.41403663
1.42162561
1.42929661
1.43705082
1.44488955
1.45281434
1.46082652
1.46892750
1.47711897
1.48540223
1.49377882
1.50225055
1.51083171
1.51949847
1.52826524
1.53713381
1.54610586
1.55518329
1.56436801
1.57366168
1.58306658
1.59258449
1.60223198
1.61198258
1.62185240
1.63184392
1.64195931
1.65220094
1.66257107
1.67307222
1.68370688
1.69449365
1.70540333
1.71645427
1.72764933
0.20659247
0.20747209
0.20835753
0.20925252
0.21016096
0.21108456
0.21202238
0.21295965
0.21389008
0.21483956
0.21580824
0.21678808
0.21777125
0.21876983
0.21977870
0.22079693
0.22183320
0.22289236
0.22397266
0.22507574
0.22618139
0.22730696
0.22846548
0.22964241
0.23086263
0.23210226
0.23337822
0.23466736
0.23609132
0.24036910
0.24777517
0.25637126
0.26602617
0.27692920
0.28996223
0.34489587
0.34582391
0.34675694
0.34769571
0.34863889
0.34958723
0.35054141
0.35150012
0.35246477
0.35343406
0.35440868
0.35538939
0.35637483
0.35736576
0.35836294
0.35936496
0.36037263
0.36138666
0.36240572
0.36343125
0.36446187
0.36549833
0.36654148
0.36758983
0.36864421
0.36970541
0.37077197
0.37184548
0.37292445
0.37400967
0.37510124
0.37619922
0.37730363
0.37841535
0.37953281
0.38065773
0.38178852
0.38292605
0.38407120
0.38522238
0.38638049
0.38754642
0.38871858
0.38989869
0.39108512
0.39227879
0.39348066
0.39468902
0.39590484
0.39712906
0.39835998
0.39959943
0.40084577
0.40209985
0.40336275
0.40463266
0.40591061
0.40719759
0.40849182
0.40979525
0.41110608
0.41242531
0.41375399
0.41509029
0.41643527
0.41778997
0.41915151
0.42052299
0.42190444
0.42329401
0.42469376
0.42610180
0.42751920
0.42894709
0.43038350
0.43182957
0.43328646
0.43475214
0.43622881
0.43771452
0.43921036
0.44071755
0.44223401
0.44376096
0.44529960
0.44684783
0.44840798
0.44997793
0.45155892
0.45315221
0.45475560
0.45637041
0.45799789
0.45963585
0.46128675
0.46294832
0.46462193
0.46630892
0.46800697
0.46971741
0.47144166
0.47317737
0.47492462
0.47668737
0.47846198
0.48025116
0.48205245
0.48386732
0.48569721
0.48753968
0.48939615
0.49126819
0.49311772
0.49479273
0.49647915
0.49801406
0.49927402
0.50054038
0.50157845
0.50242078
0.50326598
0.50383151
0.50426257
0.50469434
0.50482601
0.50486040
0.50489616
0.50462997
0.50427258
0.50388855
0.50343251
0.50297731
0.50280118
0.50361627
1.11025763
1.11493087
1.11964357
1.12439620
1.12918949
1.13402379
1.13889956
1.14381754
1.14878559
1.15378940
1.15883708
1.16392910
1.16906607
1.17424858
1.17947733
1.18475270
1.19007552
1.19544649
1.20087409
1.20634317
1.21186221
1.21743202
1.22305322
1.22872663
1.23445296
1.24023283
1.24606705
1.25195646
1.25791073
1.26391292
1.26997256
1.27609074
1.28226805
1.28850555
1.29480398
1.30116427
1.30758739
1.31408381
1.32063544
1.32725275
1.33393657
1.34068823
1.34750843
1.35439849
1.36135924
1.36839199
1.37550843
1.38268852
1.38994396
1.39727592
1.40468562
1.41217446
1.41974342
1.42738259
1.43511593
1.44293356
1.45084870
1.45883906
1.46691811
1.47508693
1.48334742
1.49170089
1.50014889
1.50869322
1.51733541
1.52607715
1.53493357
1.54387987
1.55293107
1.56208909
1.57135570
1.58073294
1.59022272
1.59982717
1.60954833
1.61940312
1.62936437
1.63944900
1.64965916
1.65999734
1.67046583
1.68106723
1.69180417
1.70267904
1.71369457
1.72487032
1.73617589
0.20644775
0.20732783
0.20821252
0.20910479
0.21000871
0.21092898
0.21185961
0.21279162
0.21371058
0.21465977
0.21562029
0.21659525
0.21757640
0.21856515
0.21956509
0.22058159
0.22159736
0.22263755
0.22370216
0.22478895
0.22588891
0.22700115
0.22814016
0.22929452
0.23047315
0.23167270
0.23292077
0.23418912
0.23547076
0.23677750
0.23924096
0.24625699
0.25450477
0.26412985
0.27509999
0.28848895
0.34652609
0.34746292
0.34840485
0.34935257
0.35030478
0.35126218
0.35222554
0.35319352
0.35416749
0.35514617
0.35613027
0.35712057
0.35811564
0.35911629
0.36012328
0.36113518
0.36215353
0.36317691
0.36420608
0.36524186
0.36628276
0.36732966
0.36838329
0.36944222
0.37050802
0.37157923
0.37265664
0.37374112
0.37483111
0.37592670
0.37703031
0.37813962
0.37925547
0.38037872
0.38150784
0.38264453
0.38378716
0.38493663
0.38609385
0.38725722
0.38842762
0.38960597
0.39079061
0.39198336
0.39318255
0.39438906
0.39560392
0.39682540
0.39805442
0.39929199
0.40053639
0.40178946
0.40304947
0.40431744
0.40559429
0.40687835
0.40817055
0.40947190
0.41078067
0.41209877
0.41342437
0.41475856
0.41610235
0.41745389
0.41881424
0.42018348
0.42156172
0.42294902
0.42434651
0.42575222
0.42716831
0.42859283
0.43002686
0.43147159
0.43292499
0.43438822
0.43586245
0.43734562
0.43884003
0.44034359
0.44185749
0.44338292
0.44491783
0.44646341
0.44802088
0.44958812
0.45116749
0.45275685
0.45435748
0.45597062
0.45759407
0.45922911
0.46087709
0.46253571
0.46420756
0.46589029
0.46758530
0.46929389
0.47101378
0.47274631
0.47449291
0.47624993
0.47802255
0.47980714
0.48160511
0.48341790
0.48524308
0.48708209
0.48893642
0.49080360
0.49268505
0.49458238
0.49627292
0.49796948
0.49959493
0.50086290
0.50213593
0.50325036
0.50408977
0.50493056
0.50554866
0.50597686
0.50640583
0.50658023
0.50661629
0.50665230
0.50642890
0.50607902
0.50571239
0.50526595
0.50482029
0.50456703
0.50524157
0.50836843
1.11847568
1.12321854
1.12800169
1.13282573
1.13769126
1.14259875
1.14754879
1.15254188
1.15757859
1.16266716
1.16779292
1.17296410
1.17818129
1.18344522
1.18875623
1.19411516
1.19952273
1.20497942
1.21048594
1.21605146
1.22165990
1.22732031
1.23303342
1.23880005
1.24462080
1.25049651
1.25642788
1.26241589
1.26847029
1.27457392
1.28073657
1.28695905
1.29324234
1.29958725
1.30599475
1.31246579
1.31900120
1.32560205
1.33227932
1.33901405
1.34581721
1.35268986
1.35963321
1.36664808
1.37373567
1.38089716
1.38813376
1.39545763
1.40284801
1.41031706
1.41786611
1.42548501
1.43319786
1.44099450
1.44887650
1.45684516
1.46491408
1.47306061
1.48129833
1.48962867
1.49805319
1.50657356
1.51519144
1.52390838
1.53272629
1.54164684
1.55068541
1.55981684
1.56905639
1.57840610
1.58786798
1.59744394
1.60713601
1.61694646
1.62687743
1.63693118
1.64712524
1.65743148
1.66786766
1.67843604
1.68913913
1.69997966
1.71096027
1.72208357
1.73335254
1.74478698
0.20629989
0.20718111
0.20806770
0.20895800
0.20986015
0.21077487
0.21170314
0.21263403
0.21354264
0.21447638
0.21543370
0.21640065
0.21738058
0.21836700
0.21936215
0.22036423
0.22137496
0.22240250
0.22345167
0.22451676
0.22560348
0.22670943
0.22783968
0.22898716
0.23014566
0.23132677
0.23252369
0.23374537
0.23500909
0.23629063
0.23759544
0.23921299
0.24485999
0.25280806
0.26232719
0.27352658
0.34723043
0.34817177
0.34911755
0.35006848
0.35102528
0.35198665
0.35295400
0.35392597
0.35490331
0.35588676
0.35687497
0.35786870
0.35886869
0.35987353
0.36088404
0.36190099
0.36292294
0.36395141
0.36498496
0.36602443
0.36707059
0.36812198
0.36917940
0.37024370
0.37131336
0.37239000
0.37347215
0.37456056
0.37565538
0.37675658
0.37786427
0.37897933
0.38010013
0.38122842
0.38236260
0.38350356
0.38465217
0.38580683
0.38696846
0.38813797
0.38931370
0.39049742
0.39168751
0.39288488
0.39409044
0.39530259
0.39652219
0.39775023
0.39898500
0.40022749
0.40147862
0.40273669
0.40400359
0.40527755
0.40655959
0.40785068
0.40914908
0.41045576
0.41177177
0.41309530
0.41442829
0.41576898
0.41711834
0.41847751
0.41984355
0.42121956
0.42260560
0.42399979
0.42540321
0.42681700
0.42823917
0.42967185
0.43111315
0.43256414
0.43402597
0.43549669
0.43697846
0.43846926
0.43997028
0.44148269
0.44300443
0.44453672
0.44608074
0.44763443
0.44919896
0.45077559
0.45236221
0.45396119
0.45557034
0.45719093
0.45882428
0.46046814
0.46212384
0.46379268
0.46547243
0.46716559
0.46886989
0.47058666
0.47231731
0.47405949
0.47581327
0.47758263
0.47936395
0.48115987
0.48296800
0.48478979
0.48662668
0.48847622
0.49033985
0.49221912
0.49411151
0.49601984
0.49776199
0.49946874
0.50118023
0.50244778
0.50372028
0.50489473
0.50573969
0.50658602
0.50725871
0.50768983
0.50812316
0.50834084
0.50837570
0.50841200
0.50822330
0.50787091
0.50750893
0.50705934
0.50661051
0.50629348
0.50692070
0.50951654
1.12203610
1.12681627
1.13163018
1.13648546
1.14138258
1.14632201
1.15130436
1.15633035
1.16140020
1.16651487
1.17168248
1.17688823
1.18214047
1.18743980
1.19278693
1.19818234
1.20362687
1.20912099
1.21466565
1.22026122
1.22591722
1.23161721
1.23737049
1.24317777
1.24903989
1.25495756
1.26093149
1.26696253
1.27305162
1.27919948
1.28541636
1.29168451
1.29801416
1.30440617
1.31086135
1.31738079
1.32396531
1.33061612
1.33733404
1.34413028
1.35098565
1.35791135
1.36490846
1.37197804
1.37912118
1.38633919
1.39363301
1.40100408
1.40846467
1.41599381
1.42359257
1.43128490
1.43906069
1.44692147
1.45486856
1.46290350
1.47102761
1.47924256
1.48756218
1.49596322
1.50445986
1.51305342
1.52174580
1.53053856
1.53943360
1.54843259
1.55753744
1.56676388
1.57608616
1.58552015
1.59506762
1.60473096
1.61451197
1.62441301
1.63443613
1.64458382
1.65485823
1.66527748
1.67581296
1.68648255
1.69728887
1.70823467
1.71932244
1.73055518
1.74193561
1.75346673
0.20615104
0.20703171
0.20791897
0.20881240
0.20971157
0.21062523
0.21154690
0.21247362
0.21338163
0.21429925
0.21524873
0.21621062
0.21718457
0.21816894
0.21915446
0.22015247
0.22116096
0.22218096
0.22321351
0.22427207
0.22534415
0.22642940
0.22753389
0.22867270
0.22982356
0.23098457
0.23216160
0.23336659
0.23458819
0.23585045
0.23712763
0.23843469
0.23990357
0.24358237
0.25118560
0.26057914
0.27177593
0.34888285
0.34983319
0.35078803
0.35174808
0.35271412
0.35368475
0.35466146
0.35564288
0.35662973
0.35762280
0.35862070
0.35962418
0.36063400
0.36164880
0.36267003
0.36369634
0.36472845
0.36576721
0.36681113
0.36786103
0.36891773
0.36997974
0.37104866
0.37212300
0.37320358
0.37429121
0.37538365
0.37648326
0.37759015
0.37870276
0.37982193
0.38094857
0.38208109
0.38322118
0.38436726
0.38552022
0.38668096
0.38784787
0.38902184
0.39020380
0.39139211
0.39258853
0.39379141
0.39500171
0.39622033
0.39744562
0.39867851
0.39991996
0.40116826
0.40242440
0.40368932
0.40496132
0.40624225
0.40753043
0.40882677
0.41013232
0.41144532
0.41276672
0.41409761
0.41543615
0.41678435
0.41814032
0.41950417
0.42087895
0.42226174
0.42365366
0.42505580
0.42646626
0.42788711
0.42931640
0.43075532
0.43220493
0.43366331
0.43513152
0.43661082
0.43809912
0.43959868
0.44110745
0.44262660
0.44415736
0.44569764
0.44724864
0.44881162
0.45038441
0.45196825
0.45356444
0.45517075
0.45678967
0.45841897
0.46005994
0.46171388
0.46337858
0.46505651
0.46674544
0.46844667
0.47016159
0.47188783
0.47362682
0.47537869
0.47714356
0.47892156
0.48071417
0.48251894
0.48433864
0.48617080
0.48801684
0.48987833
0.49175271
0.49364150
0.49554622
0.49746430
0.49925861
0.50097144
0.50269610
0.50402981
0.50531185
0.50654709
0.50740039
0.50825375
0.50897747
0.50941449
0.50984931
0.51010936
0.51014882
0.51018393
0.51002896
0.50967413
0.50931972
0.50886691
0.50841343
0.50807095
0.50861394
0.51070940
1.12562633
1.13043010
1.13527501
1.14016891
1.14509785
1.15006959
1.15508473
1.16014373
1.16524732
1.17039585
1.17559028
1.18083084
1.18612635
1.19146156
1.19684505
1.20227730
1.20775914
1.21329129
1.21887422
1.22450876
1.23019576
1.23593569
1.24173820
1.24758673
1.25349045
1.25945044
1.26546741
1.27154207
1.27767539
1.28386807
1.29012108
1.29644477
1.30282128
1.30926085
1.31576431
1.32233274
1.32896698
1.33566821
1.34243739
1.34927547
1.35618365
1.36317337
1.37022483
1.37734973
1.38454914
1.39182413
1.39917600
1.40660596
1.41411531
1.42170513
1.42937696
1.43713200
1.44497168
1.45289731
1.46091044
1.46901238
1.47720480
1.48548901
1.49386668
1.50233936
1.51092148
1.51958930
1.52835715
1.53722680
1.54619992
1.55527842
1.56446421
1.57375908
1.58316517
1.59269857
1.60233295
1.61208475
1.62195587
1.63194871
1.64206541
1.65230834
1.66267979
1.67318225
1.68383431
1.69460654
1.70551765
1.71657014
1.72776675
1.73911047
1.75060403
1.76225066
0.20599906
0.20687939
0.20776680
0.20866185
0.20956342
0.21047555
0.21139565
0.21232358
0.21322571
0.21413839
0.21506435
0.21602431
0.21699315
0.21797125
0.21895255
0.21994491
0.22094794
0.22196376
0.22299120
0.22403130
0.22509651
0.22616588
0.22725269
0.22836407
0.22949910
0.23065563
0.23182295
0.23300278
0.23420946
0.23542590
0.23668934
0.23797184
0.23928405
0.24060042
0.24257161
0.24948096
0.25887606
0.34959751
0.35055107
0.35151052
0.35247454
0.35344386
0.35441926
0.35539931
0.35638553
0.35737652
0.35837305
0.35937586
0.36038357
0.36139694
0.36241677
0.36344165
0.36447304
0.36550960
0.36655205
0.36760122
0.36865565
0.36971617
0.37078354
0.37185636
0.37293616
0.37402147
0.37511232
0.37621114
0.37731561
0.37842661
0.37954497
0.38066915
0.38180080
0.38293841
0.38408279
0.38523489
0.38639307
0.38755822
0.38873130
0.38991064
0.39109716
0.39229175
0.39349282
0.39470217
0.39591804
0.39714146
0.39837334
0.39961201
0.40085840
0.40211347
0.40337554
0.40464646
0.40592450
0.40721065
0.40850589
0.40980846
0.41111937
0.41243964
0.41376746
0.41510481
0.41644987
0.41780367
0.41916633
0.42053789
0.42191845
0.42330912
0.42470795
0.42611608
0.42753458
0.42896155
0.43039912
0.43184528
0.43330121
0.43476805
0.43624380
0.43772957
0.43922660
0.44073281
0.44225049
0.44377756
0.44531521
0.44686466
0.44842380
0.44999385
0.45157611
0.45316836
0.45477304
0.45638797
0.45801440
0.45965365
0.46130347
0.46296519
0.46464014
0.46632603
0.46802542
0.46973601
0.47145915
0.47319624
0.47494364
0.47670525
0.47848129
0.48026931
0.48207074
0.48388705
0.48571578
0.48755971
0.48941633
0.49128717
0.49317375
0.49507347
0.49698788
0.49891856
0.50075722
0.50248039
0.50421542
0.50562191
0.50691205
0.50820732
0.50907212
0.50993109
0.51070797
0.51115233
0.51159012
0.51189172
0.51193291
0.51196975
0.51184899
0.51149017
0.51113468
0.51068598
0.51022929
0.50986683
0.51031995
0.51228064
1.12923968
1.13407433
1.13895059
1.14386904
1.14883745
1.15384173
1.15888989
1.16398239
1.16911983
1.17430282
1.17953193
1.18480790
1.19013131
1.19551063
1.20093083
1.20640039
1.21192002
1.21749032
1.22311211
1.22878599
1.23451281
1.24029326
1.24612808
1.25202692
1.25797296
1.26397574
1.27003610
1.27615476
1.28233278
1.28857076
1.29486990
1.30123079
1.30766416
1.31415176
1.32070410
1.32732201
1.33400667
1.34075892
1.34757984
1.35447061
1.36143219
1.36846566
1.37558281
1.38276374
1.39001989
1.39735270
1.40476322
1.41225278
1.41982269
1.42746270
1.43519700
1.44301546
1.45093143
1.45892286
1.46700263
1.47517252
1.48343396
1.49178839
1.50023746
1.50878274
1.51742601
1.52618194
1.53502619
1.54397357
1.55302596
1.56218505
1.57145274
1.58083117
1.59032214
1.59992778
1.60966480
1.61950624
1.62946880
1.63955462
1.64976621
1.66010571
1.67057562
1.68117845
1.69191670
1.70279300
1.71382666
1.72498739
1.73629451
1.74775076
1.75935924
1.77112293
0.20583779
0.20671962
0.20760784
0.20850128
0.20940268
0.21032460
0.21124437
0.21217173
0.21308507
0.21398109
0.21490441
0.21584880
0.21681237
0.21778430
0.21875909
0.21974072
0.22073779
0.22174449
0.22276878
0.22380370
0.22485340
0.22591528
0.22699216
0.22808667
0.22920033
0.23033269
0.23149794
0.23266624
0.23383994
0.23504944
0.23627464
0.23753582
0.23881856
0.24012947
0.24145518
0.24304457
0.24801788
0.25715050
0.35127258
0.35223532
0.35320401
0.35417739
0.35515681
0.35614097
0.35713059
0.35812646
0.35912716
0.36013347
0.36114618
0.36216384
0.36318728
0.36421725
0.36525235
0.36629409
0.36734101
0.36839396
0.36945373
0.37051883
0.37159008
0.37266836
0.37375209
0.37484294
0.37593859
0.37704149
0.37815166
0.37926757
0.38039011
0.38152012
0.38265604
0.38379958
0.38494912
0.38610560
0.38726985
0.38844034
0.38961789
0.39080349
0.39199546
0.39319557
0.39440218
0.39561623
0.39683867
0.39806777
0.39930454
0.40054989
0.40180215
0.40306225
0.40433121
0.40560725
0.40689230
0.40818459
0.40948510
0.41079488
0.41211212
0.41343781
0.41477305
0.41611597
0.41746858
0.41882902
0.42019737
0.42157671
0.42296410
0.42436066
0.42576751
0.42718267
0.42860830
0.43004245
0.43148622
0.43294078
0.43440413
0.43587738
0.43736175
0.43885517
0.44035992
0.44187394
0.44339839
0.44493452
0.44648018
0.44803667
0.44960514
0.45118350
0.45277297
0.45437488
0.45598695
0.45761171
0.45924687
0.46089378
0.46255374
0.46422452
0.46590737
0.46760371
0.46931121
0.47103247
0.47276515
0.47451064
0.47626904
0.47804052
0.47982526
0.48162463
0.48343629
0.48526159
0.48710206
0.48895523
0.49082389
0.49270552
0.49460164
0.49651378
0.49843937
0.50038141
0.50226486
0.50399983
0.50574541
0.50722259
0.50852239
0.50982738
0.51075190
0.51161951
0.51245022
0.51289761
0.51334137
0.51368654
0.51372802
0.51376659
0.51368207
0.51332062
0.51296121
0.51251811
0.51205808
0.51167542
0.51203603
0.51386154
1.13287616
1.13774216
1.14265013
1.14760053
1.15259409
1.15763879
1.16272032
1.16784656
1.17301822
1.17823589
1.18350029
1.18881178
1.19417131
1.19957924
1.20503652
1.21055186
1.21610951
1.22171855
1.22737956
1.23309326
1.23886037
1.24468172
1.25055802
1.25648999
1.26247859
1.26853359
1.27463782
1.28080106
1.28702426
1.29330814
1.29965377
1.30606186
1.31253350
1.31906962
1.32568109
1.33234906
1.33908451
1.34588850
1.35276186
1.35970581
1.36672151
1.37380993
1.38097215
1.38820958
1.39553416
1.40292537
1.41039526
1.41794527
1.42556500
1.43327868
1.44107616
1.44895911
1.45692861
1.46499848
1.47314596
1.48138463
1.48971593
1.49814141
1.50666285
1.51528168
1.52399981
1.53281868
1.54174030
1.55077994
1.55991244
1.56915319
1.57850409
1.58796716
1.59754419
1.60723758
1.61704934
1.62698162
1.63705158
1.64723194
1.65753949
1.66797698
1.67854679
1.68925130
1.70009339
1.71107543
1.72220027
1.73348761
1.74490678
1.75647736
1.76820242
1.78008509
0.20566465
0.20655124
0.20744453
0.20833997
0.20923997
0.21015872
0.21108906
0.21202289
0.21295379
0.21382970
0.21474004
0.21567410
0.21663268
0.21759981
0.21857186
0.21954775
0.22053187
0.22153282
0.22254792
0.22358079
0.22462158
0.22567670
0.22674581
0.22782364
0.22892620
0.23004276
0.23118016
0.23233613
0.23350650
0.23468871
0.23589671
0.23712952
0.23838837
0.23966938
0.24098055
0.24229887
0.24367973
0.24679576
0.25576124
0.35296381
0.35393581
0.35491392
0.35589674
0.35688570
0.35787949
0.35887882
0.35988447
0.36089504
0.36191130
0.36293402
0.36396182
0.36499545
0.36603573
0.36708120
0.36813340
0.36919090
0.37025449
0.37132499
0.37240091
0.37348312
0.37457240
0.37566647
0.37676856
0.37787631
0.37899062
0.38011232
0.38123986
0.38237411
0.38351595
0.38466379
0.38581938
0.38698107
0.38814980
0.38932645
0.39050943
0.39169958
0.39289787
0.39410266
0.39531577
0.39653543
0.39776269
0.39899841
0.40024099
0.40149128
0.40275034
0.40401644
0.40529141
0.40657350
0.40786377
0.40916318
0.41046995
0.41178510
0.41310966
0.41444182
0.41578257
0.41713300
0.41849127
0.41985840
0.42123452
0.42261964
0.42401496
0.42541847
0.42683131
0.42825460
0.42968640
0.43112883
0.43257990
0.43404081
0.43551266
0.43699348
0.43848437
0.43998659
0.44149801
0.44302097
0.44455338
0.44609639
0.44765130
0.44921595
0.45079160
0.45237947
0.45397738
0.45558664
0.45720854
0.45884085
0.46048602
0.46214184
0.46380961
0.46549067
0.46718276
0.46888718
0.47060534
0.47233486
0.47407842
0.47583234
0.47760057
0.47938332
0.48117808
0.48298636
0.48480958
0.48664531
0.48849630
0.49036011
0.49223819
0.49413207
0.49603921
0.49796110
0.49989939
0.50185138
0.50378019
0.50552708
0.50728327
0.50883347
0.51014298
0.51145631
0.51244283
0.51331913
0.51419252
0.51465487
0.51510465
0.51549399
0.51553583
0.51557612
0.51552683
0.51516432
0.51480073
0.51436341
0.51390010
0.51349837
0.51376361
0.51545370
1.13653624
1.14143372
1.14637363
1.15135658
1.15638292
1.16145325
1.16656840
1.17173648
1.17694271
1.18219543
1.18749535
1.19284284
1.19823885
1.20368385
1.20917857
1.21472359
1.22032821
1.22597623
1.23167682
1.23743069
1.24323857
1.24910128
1.25501943
1.26099396
1.26702571
1.27311540
1.27927303
1.28548133
1.29175019
1.29808044
1.30447304
1.31092894
1.31744897
1.32403433
1.33068573
1.33740437
1.34420133
1.35105741
1.35798395
1.36498177
1.37205207
1.37919605
1.38641477
1.39370942
1.40108132
1.40854263
1.41607273
1.42367232
1.43136537
1.43914211
1.44700384
1.45495188
1.46298766
1.47111273
1.47932863
1.48764920
1.49605131
1.50454879
1.51314342
1.52183688
1.53063071
1.53952682
1.54852688
1.55763292
1.56686032
1.57618392
1.58561897
1.59516776
1.60483217
1.61461449
1.62451673
1.63454115
1.64469016
1.65498137
1.66538656
1.67592335
1.68659437
1.69740224
1.70834935
1.71943867
1.73067296
1.74205494
1.75358760
1.76529157
1.77713501
1.78913844
0.20528847
0.20632404
0.20726216
0.20816284
0.20907164
0.20999484
0.21092448
0.21186239
0.21280485
0.21367569
0.21457359
0.21550412
0.21645460
0.21741615
0.21837878
0.21935187
0.22033341
0.22132705
0.22233443
0.22335887
0.22439477
0.22544119
0.22650230
0.22757636
0.22866184
0.22976808
0.23088330
0.23202179
0.23318073
0.23435593
0.23554678
0.23675925
0.23799060
0.23925479
0.24053800
0.24183111
0.24315047
0.24449441
0.24636571
0.35369530
0.35467136
0.35565284
0.35664046
0.35763285
0.35863152
0.35963506
0.36064422
0.36165980
0.36268038
0.36370674
0.36473966
0.36577773
0.36682248
0.36787245
0.36892843
0.36999127
0.37105948
0.37213388
0.37321529
0.37430224
0.37539554
0.37649521
0.37760136
0.37871483
0.37983409
0.38095999
0.38209340
0.38323274
0.38437888
0.38553277
0.38669273
0.38786057
0.38903460
0.39021578
0.39140502
0.39260066
0.39380363
0.39501485
0.39623266
0.39745891
0.39869189
0.39993253
0.40118182
0.40243804
0.40370214
0.40497512
0.40625525
0.40754440
0.40884084
0.41014555
0.41145957
0.41278109
0.41411111
0.41545069
0.41679800
0.41815504
0.41951901
0.42089286
0.42227677
0.42366880
0.42507002
0.42648157
0.42790151
0.42933092
0.43077096
0.43221962
0.43367913
0.43514749
0.43662581
0.43811527
0.43961388
0.44112274
0.44264311
0.44417289
0.44571438
0.44726551
0.44882745
0.45040148
0.45198545
0.45358062
0.45518821
0.45680609
0.45843670
0.46007776
0.46173066
0.46339667
0.46507353
0.46676257
0.46846515
0.47017896
0.47190660
0.47364575
0.47539645
0.47716272
0.47894090
0.48073235
0.48253858
0.48435709
0.48618940
0.48803693
0.48989722
0.49177310
0.49366203
0.49556553
0.49748516
0.49941832
0.50136656
0.50333148
0.50530612
0.50706220
0.50883055
0.51045310
0.51177251
0.51309574
0.51414651
0.51502866
0.51590937
0.51642424
0.51687711
0.51731426
0.51735634
0.51739842
0.51738644
0.51701975
0.51665509
0.51622355
0.51575691
0.51533282
0.51550144
0.51705426
1.14022005
1.14514947
1.15012157
1.15513718
1.16019666
1.16530061
1.17044973
1.17564464
1.18088567
1.18618166
1.19151747
1.19690132
1.20233417
1.20781660
1.21334910
1.21893263
1.22456777
1.23025525
1.23600435
1.24179888
1.24764788
1.25355232
1.25951290
1.26553035
1.27160561
1.27773952
1.28393292
1.29018652
1.29651093
1.30288804
1.30932820
1.31583238
1.32240152
1.32903647
1.33573842
1.34250832
1.34934711
1.35626626
1.36324644
1.37029874
1.37742436
1.38462448
1.39190030
1.39925301
1.40668380
1.41419387
1.42178464
1.42945731
1.43721330
1.44505382
1.45298040
1.46099436
1.46909726
1.47729051
1.48557580
1.49395442
1.50244081
1.51101124
1.51968014
1.52844906
1.53731966
1.54629397
1.55537355
1.56456041
1.57385647
1.58327782
1.59279823
1.60243392
1.61218691
1.62205935
1.63205338
1.64217138
1.65241563
1.66278851
1.67329240
1.68394578
1.69471955
1.70563209
1.71668601
1.72788417
1.73922944
1.75072455
1.76237273
1.77417696
1.78614032
1.79828429
0.20336363
0.20539933
0.20696695
0.20796828
0.20887782
0.20980203
0.21073444
0.21167469
0.21262641
0.21351089
0.21440999
0.21533701
0.21627392
0.21722433
0.21818580
0.21915582
0.22013612
0.22112690
0.22212829
0.22314271
0.22416982
0.22521099
0.22626936
0.22733192
0.22841360
0.22950649
0.23060900
0.23173273
0.23287171
0.23403640
0.23521715
0.23641114
0.23763414
0.23887016
0.24012202
0.24140312
0.24269828
0.24402013
0.24537541
0.35442913
0.35540998
0.35639551
0.35738727
0.35838386
0.35938600
0.36039451
0.36140794
0.36242712
0.36345276
0.36448351
0.36552009
0.36656338
0.36761186
0.36866710
0.36972767
0.37079436
0.37186801
0.37294710
0.37403247
0.37512419
0.37622228
0.37732762
0.37843868
0.37955630
0.38068134
0.38181227
0.38294995
0.38409522
0.38524655
0.38640481
0.38757089
0.38874319
0.38992345
0.39111003
0.39230385
0.39350587
0.39471442
0.39593127
0.39715475
0.39838582
0.39962545
0.40087193
0.40212619
0.40338925
0.40465936
0.40593746
0.40722463
0.40851900
0.40982261
0.41113362
0.41245303
0.41378188
0.41511837
0.41646352
0.41781840
0.41918015
0.42055279
0.42193344
0.42332318
0.42472315
0.42613137
0.42754897
0.42897704
0.43041366
0.43186101
0.43331704
0.43478292
0.43625984
0.43774572
0.43924180
0.44074920
0.44226587
0.44379416
0.44533190
0.44688037
0.44844073
0.45001093
0.45159215
0.45318568
0.45478931
0.45640436
0.45803207
0.45967028
0.46132141
0.46298325
0.46465713
0.46634436
0.46804264
0.46975335
0.47147787
0.47321385
0.47496262
0.47672442
0.47849929
0.48028874
0.48209032
0.48390546
0.48573565
0.48757839
0.48943520
0.49130753
0.49319288
0.49509412
0.49700871
0.49893814
0.50088406
0.50284374
0.50482029
0.50681102
0.50860810
0.51038724
0.51208460
0.51341242
0.51474565
0.51586002
0.51674807
0.51763767
0.51820582
0.51866180
0.51911861
0.51918977
0.51923215
0.51925945
0.51889008
0.51852131
0.51809567
0.51762563
0.51718044
0.51725560
0.51866484
1.14392781
1.14888930
1.15389419
1.15894270
1.16403568
1.16917360
1.17435706
1.17958665
1.18486309
1.19018698
1.19556689
1.20098758
1.20645761
1.21197772
1.21754861
1.22317088
1.22884536
1.23457277
1.24035382
1.24619794
1.25208855
1.25803518
1.26403856
1.27009952
1.27621877
1.28239739
1.28863609
1.29493582
1.30129743
1.30773139
1.31421971
1.32077265
1.32739127
1.33407664
1.34082961
1.34765124
1.35454273
1.36150503
1.36853933
1.37565732
1.38283885
1.39009595
1.39742947
1.40484083
1.41233122
1.41990197
1.42754281
1.43527794
1.44310904
1.45101428
1.45900655
1.46708727
1.47525811
1.48352051
1.49187589
1.50032592
1.50887227
1.51752949
1.52627349
1.53511882
1.54406738
1.55312073
1.56228101
1.57154989
1.58092952
1.59042168
1.60002851
1.60976672
1.61960936
1.62957323
1.63966036
1.64987326
1.66021407
1.67068541
1.68128955
1.69202924
1.70292330
1.71394217
1.72510445
1.73641300
1.74787092
1.75948095
1.77124631
1.78317010
1.79525554
1.80750585
0.20121947
0.20323059
0.20533560
0.20740223
0.20863569
0.20959279
0.21052210
0.21146497
0.21243736
0.21334276
0.21424328
0.21517146
0.21610640
0.21705136
0.21800569
0.21896899
0.21994109
0.22092874
0.22192696
0.22293535
0.22395660
0.22499409
0.22603779
0.22709265
0.22816795
0.22925140
0.23034967
0.23146182
0.23259054
0.23373830
0.23491140
0.23610102
0.23730339
0.23852925
0.23976915
0.24102199
0.24228898
0.24361737
0.24499547
0.35516673
0.35615095
0.35714135
0.35813653
0.35913804
0.36014441
0.36115643
0.36217490
0.36319840
0.36422768
0.36526358
0.36630464
0.36735240
0.36840540
0.36946446
0.37053040
0.37160173
0.37267926
0.37376386
0.37485400
0.37594971
0.37705347
0.37816292
0.37927970
0.38040230
0.38153157
0.38266838
0.38381115
0.38496077
0.38611814
0.38728166
0.38845304
0.38963071
0.39081550
0.39200839
0.39320773
0.39441442
0.39562944
0.39685103
0.39808112
0.39931798
0.40056252
0.40181574
0.40307593
0.40434405
0.40562111
0.40690532
0.40819767
0.40949923
0.41080815
0.41212642
0.41345221
0.41478658
0.41613054
0.41748229
0.41884381
0.42021227
0.42159069
0.42297918
0.42437583
0.42578176
0.42719805
0.42862275
0.43005699
0.43150192
0.43295553
0.43442002
0.43589339
0.43737680
0.43887141
0.44037518
0.44188929
0.44341496
0.44495007
0.44649699
0.44805357
0.44962105
0.45120066
0.45279026
0.45439109
0.45600447
0.45762816
0.45926347
0.46091169
0.46257058
0.46424267
0.46592566
0.46762091
0.46932977
0.47104993
0.47278273
0.47452959
0.47628689
0.47805980
0.47984466
0.48164290
0.48345599
0.48528144
0.48712075
0.48897538
0.49084282
0.49272597
0.49462226
0.49653319
0.49846032
0.50040108
0.50235701
0.50432974
0.50631654
0.50832051
0.51016200
0.51195353
0.51372510
0.51506144
0.51640475
0.51758498
0.51847899
0.51937610
0.51999968
0.52045888
0.52092034
0.52103621
0.52107894
0.52112168
0.52077407
0.52040255
0.51998144
0.51950794
0.51904291
0.51907015
0.52037215
1.14765239
1.15264630
1.15769148
1.16277349
1.16790020
1.17307234
1.17829049
1.18355536
1.18886745
1.19422734
1.19963586
1.20509362
1.21060944
1.21616769
1.22177720
1.22743881
1.23315299
1.23892069
1.24474263
1.25061953
1.25655210
1.26255023
1.26859689
1.27470171
1.28086555
1.28708935
1.29337394
1.29972017
1.30612898
1.31260133
1.31913805
1.32575011
1.33241892
1.33915508
1.34595966
1.35283387
1.35977852
1.36679494
1.37388408
1.38104713
1.38829613
1.39561069
1.40300274
1.41047359
1.41802430
1.42564487
1.43335938
1.44115782
1.44904160
1.45701218
1.46508288
1.47323132
1.48147094
1.48980319
1.49822974
1.50675213
1.51537204
1.52409112
1.53291106
1.54184711
1.55087447
1.56000817
1.56925011
1.57860208
1.58806622
1.59764457
1.60733914
1.61715209
1.62710059
1.63715708
1.64733863
1.65764761
1.66808641
1.67865753
1.68936360
1.70020700
1.71119058
1.72231686
1.73360574
1.74502647
1.75659871
1.76832545
1.78020978
1.79225492
1.80446422
1.81684089
0.19905281
0.20106696
0.20308752
0.20519713
0.20734160
0.20928279
0.21030521
0.21125090
0.21221903
0.21316749
0.21407092
0.21500175
0.21593784
0.21688159
0.21783361
0.21879376
0.21976405
0.22074243
0.22173262
0.22273783
0.22375222
0.22477616
0.22581440
0.22686227
0.22792605
0.22900367
0.23009123
0.23119847
0.23232159
0.23345627
0.23461880
0.23580015
0.23699692
0.23820686
0.23944178
0.24069087
0.24196589
0.24330036
0.35492381
0.35590741
0.35689571
0.35788956
0.35888967
0.35989463
0.36090600
0.36192232
0.36294439
0.36397299
0.36500669
0.36604625
0.36709255
0.36814407
0.36920238
0.37026602
0.37133583
0.37241262
0.37349486
0.37458342
0.37567836
0.37677971
0.37788835
0.37900272
0.38012367
0.38125208
0.38238642
0.38352752
0.38467628
0.38583109
0.38699287
0.38816249
0.38933837
0.39052227
0.39171252
0.39291003
0.39411578
0.39532804
0.39654779
0.39777601
0.39901096
0.40025449
0.40150487
0.40276313
0.40403017
0.40530431
0.40658653
0.40787780
0.40917635
0.41048416
0.41179940
0.41312310
0.41445628
0.41579714
0.41714671
0.41850603
0.41987228
0.42124945
0.42263469
0.42402908
0.42543373
0.42684668
0.42826903
0.42970195
0.43114343
0.43259463
0.43405667
0.43552759
0.43700957
0.43850058
0.44000182
0.44151443
0.44303641
0.44456893
0.44611317
0.44766706
0.44923297
0.45080870
0.45239556
0.45399475
0.45560414
0.45722499
0.45885858
0.46050268
0.46215984
0.46382773
0.46550772
0.46720114
0.46890572
0.47062275
0.47235367
0.47409609
0.47585142
0.47761980
0.47940138
0.48119760
0.48300600
0.48482808
0.48666525
0.48851508
0.49037904
0.49225861
0.49415126
0.49605992
0.49798203
0.49991903
0.50187260
0.50384009
0.50582445
0.50782311
0.50983763
0.51172686
0.51352799
0.51534325
0.51672256
0.51807308
0.51930791
0.52019876
0.52109265
0.52175403
0.52221173
0.52267170
0.52281910
0.52286518
0.52291125
0.52259958
0.52223927
0.52183819
0.52137959
0.52092034
0.52089751
0.52209377
1.15140867
1.15643549
1.16150630
1.16662955
1.17179048
1.17699718
1.18225038
1.18755078
1.19289887
1.19829535
1.20374084
1.20923603
1.21478164
1.22038674
1.22603536
1.23173654
1.23749089
1.24329937
1.24916255
1.25508142
1.26105654
1.26708877
1.27318823
1.27933741
1.28554630
1.29181576
1.29814672
1.30453992
1.31099653
1.31751728
1.32410324
1.33075535
1.33748472
1.34427238
1.35112929
1.35805643
1.36505497
1.37212610
1.37927079
1.38649035
1.39378583
1.40115845
1.40862072
1.41615152
1.42375207
1.43144596
1.43922353
1.44708610
1.45503509
1.46307182
1.47119784
1.47942698
1.48773623
1.49613929
1.50463784
1.51323354
1.52192795
1.53072286
1.53962004
1.54862130
1.55774200
1.56695688
1.57628155
1.58571780
1.59526777
1.60493350
1.61471701
1.62462056
1.63464630
1.64479649
1.65508902
1.66549563
1.67603385
1.68670630
1.69751549
1.70846415
1.71955502
1.73079073
1.74217427
1.75372589
1.76541412
1.77725923
1.78926432
1.80143273
1.81376779
1.82627296
0.20845562
0.19908842
0.20085642
0.20292222
0.20505033
0.20721102
0.20946355
0.21097298
0.21199384
0.21296346
0.21387877
0.21481156
0.21575515
0.21670678
0.21766207
0.21861641
0.21958540
0.22056410
0.22154936
0.22254346
0.22355495
0.22457682
0.22560261
0.22664303
0.22769716
0.22876821
0.22985294
0.23094860
0.23206201
0.23319386
0.23433895
0.23551126
0.23670068
0.23791109
0.23914453
0.24039540
0.24168959
0.24317273
0.35566348
0.35665044
0.35764363
0.35864165
0.35964596
0.36065519
0.36167011
0.36269146
0.36371788
0.36475015
0.36578900
0.36683306
0.36788309
0.36893991
0.37000203
0.37107110
0.37214556
0.37322626
0.37431404
0.37540659
0.37650636
0.37761340
0.37872612
0.37984625
0.38097221
0.38210487
0.38324511
0.38439134
0.38554445
0.38670534
0.38787240
0.38904735
0.39022860
0.39141706
0.39261365
0.39381668
0.39502713
0.39624590
0.39747134
0.39870527
0.39994600
0.40119448
0.40245169
0.40371588
0.40498802
0.40626916
0.40755749
0.40885401
0.41015974
0.41147289
0.41279542
0.41412556
0.41546425
0.41681263
0.41816881
0.41953284
0.42090780
0.42229080
0.42368391
0.42508525
0.42649588
0.42791691
0.42934644
0.43078554
0.43223536
0.43369395
0.43516344
0.43664187
0.43813038
0.43963015
0.44113913
0.44265851
0.44418952
0.44573000
0.44728237
0.44884443
0.45041743
0.45200267
0.45359793
0.45520452
0.45682368
0.45845321
0.46009442
0.46174863
0.46341357
0.46509176
0.46678093
0.46848240
0.47019759
0.47192413
0.47366339
0.47541550
0.47718063
0.47896022
0.48075184
0.48255688
0.48437688
0.48620930
0.48805565
0.48991743
0.49179211
0.49368256
0.49558622
0.49750462
0.49943933
0.50138772
0.50335139
0.50533193
0.50732666
0.50933868
0.51136523
0.51329994
0.51511359
0.51693565
0.51837182
0.51972336
0.52100420
0.52190244
0.52280372
0.52350181
0.52396405
0.52442563
0.52460182
0.52464819
0.52469462
0.52440089
0.52403814
0.52363884
0.52317715
0.52271467
0.52266097
0.52381450
1.15518963
1.16024959
1.16535401
1.17050362
1.17569900
1.18094838
1.18623710
1.19157326
1.19695771
1.20239103
1.20787394
1.21340704
1.21899104
1.22462678
1.23031473
1.23606443
1.24185944
1.24770916
1.25361407
1.25957525
1.26559329
1.27166927
1.27780378
1.28399777
1.29026139
1.29657710
1.30295479
1.30939567
1.31590044
1.32247019
1.32910597
1.33580863
1.34257913
1.34941876
1.35633862
1.36331952
1.37037253
1.37749898
1.38469994
1.39197648
1.39933002
1.40676165
1.41427255
1.42187548
1.42953765
1.43729448
1.44513595
1.45306337
1.46107829
1.46918213
1.47737634
1.48566258
1.49404216
1.50252950
1.51110101
1.51977098
1.52854085
1.53741264
1.54638791
1.55546868
1.56465673
1.57395399
1.58337641
1.59289801
1.60253489
1.61228919
1.62216282
1.63215816
1.64227748
1.65252304
1.66289723
1.67341828
1.68405724
1.69483244
1.70574641
1.71680188
1.72800159
1.73934841
1.75084507
1.76249492
1.77430069
1.78628373
1.79841149
1.81070507
1.82316792
1.83580339
0.20978992
0.20985174
0.20016955
0.20063816
0.20271747
0.20486295
0.20708276
0.20933521
0.21159971
0.21269043
0.21364722
0.21459481
0.21555293
0.21650936
0.21747114
0.21843077
0.21940379
0.22038333
0.22136779
0.22236082
0.22336364
0.22437808
0.22540379
0.22643574
0.22748010
0.22854234
0.22961900
0.23070973
0.23181480
0.23294118
0.23408164
0.23524265
0.23642401
0.23763001
0.23887144
0.24013303
0.24142899
0.35541990
0.35640624
0.35739735
0.35839397
0.35939690
0.36040473
0.36141896
0.36243817
0.36346316
0.36449468
0.36553136
0.36657393
0.36762324
0.36867779
0.36973843
0.37080595
0.37187889
0.37295881
0.37404424
0.37513524
0.37623420
0.37733883
0.37845075
0.37956843
0.38069275
0.38182455
0.38296229
0.38410684
0.38525906
0.38641739
0.38758272
0.38875592
0.38993540
0.39112294
0.39231685
0.39351806
0.39472753
0.39594358
0.39716715
0.39839920
0.39963803
0.40088546
0.40213981
0.40340206
0.40467316
0.40595135
0.40723765
0.40853307
0.40983582
0.41114691
0.41246736
0.41379535
0.41513288
0.41647813
0.41783214
0.41919497
0.42056671
0.42194745
0.42333829
0.42473733
0.42614669
0.42756438
0.42899153
0.43042928
0.43187568
0.43333182
0.43479887
0.43627480
0.43776187
0.43925804
0.44076446
0.44228238
0.44380966
0.44534752
0.44689718
0.44845656
0.45002800
0.45160934
0.45320183
0.45480675
0.45642191
0.45804858
0.45968807
0.46133813
0.46300012
0.46467531
0.46636146
0.46806112
0.46977195
0.47149536
0.47323272
0.47498038
0.47674355
0.47851858
0.48030689
0.48210990
0.48392519
0.48575422
0.48759842
0.48945537
0.49132651
0.49321339
0.49511340
0.49702951
0.49895912
0.50090379
0.50286508
0.50484037
0.50683123
0.50883925
0.51086187
0.51290208
0.51487821
0.51669854
0.51853037
0.52002400
0.52138418
0.52271163
0.52361882
0.52452451
0.52525973
0.52572668
0.52619290
0.52639520
0.52644348
0.52649021
0.52621472
0.52585095
0.52545202
0.52498710
0.52452147
0.52443492
0.52554661
1.15899551
1.16408896
1.16922736
1.17441130
1.17964137
1.18491828
1.19025064
1.19562316
1.20104432
1.20651484
1.21203554
1.21760690
1.22322977
1.22890484
1.23463273
1.24041426
1.24625897
1.25215018
1.25809741
1.26410139
1.27016294
1.27628291
1.28246212
1.28870142
1.29500175
1.30137348
1.30779874
1.31428766
1.32084131
1.32746053
1.33414662
1.34090030
1.34772265
1.35461485
1.36157799
1.36862350
1.37573171
1.38291407
1.39017189
1.39750624
1.40491843
1.41240966
1.41998124
1.42762303
1.43537056
1.44319093
1.45109701
1.45909023
1.46717203
1.47534370
1.48360705
1.49196339
1.50041449
1.50896180
1.51762009
1.52636516
1.53521156
1.54416108
1.55321562
1.56237698
1.57164705
1.58102775
1.59052110
1.60014355
1.60986865
1.61971259
1.62967765
1.63976610
1.64998031
1.66032243
1.67079508
1.68140078
1.69214189
1.70303738
1.71405768
1.72522140
1.73653162
1.74799109
1.75960279
1.77136970
1.78329515
1.79538226
1.80765259
1.82007337
1.83266592
1.84543395
0.21113838
0.21120954
0.21127421
0.21131760
0.20133555
0.20246269
0.20468746
0.20691089
0.20923334
0.21161656
0.21335426
0.21436867
0.21532477
0.21629074
0.21727020
0.21823983
0.21921545
0.22019877
0.22118570
0.22217764
0.22317852
0.22418846
0.22520559
0.22623572
0.22727446
0.22832657
0.22939411
0.23047644
0.23157595
0.23268937
0.23382919
0.23498242
0.23616618
0.23737270
0.23861048
0.23987350
0.35517737
0.35616162
0.35715136
0.35814735
0.35914817
0.36015460
0.36116743
0.36218521
0.36320952
0.36423886
0.36527407
0.36631593
0.36736301
0.36841607
0.36947596
0.37054119
0.37161258
0.37269098
0.37377486
0.37486583
0.37596163
0.37706465
0.37817496
0.37929103
0.38041449
0.38154384
0.38267991
0.38382357
0.38497326
0.38612989
0.38729429
0.38846493
0.38964263
0.39082837
0.39202049
0.39322075
0.39442754
0.39564174
0.39686432
0.39809358
0.39933139
0.40057603
0.40182844
0.40308964
0.40435785
0.40563405
0.40691927
0.40821174
0.40951243
0.41082236
0.41213977
0.41346663
0.41480109
0.41614416
0.41749698
0.41885760
0.42022616
0.42160565
0.42299324
0.42439100
0.42579705
0.42721239
0.42863825
0.43007258
0.43151656
0.43297133
0.43443486
0.43590835
0.43739292
0.43888655
0.44039151
0.44190574
0.44343042
0.44496676
0.44651267
0.44806936
0.44963807
0.45121667
0.45280755
0.45440850
0.45602083
0.45764583
0.45928124
0.46092841
0.46258861
0.46425962
0.46594396
0.46763933
0.46934709
0.47106862
0.47280157
0.47454733
0.47630599
0.47807777
0.47986406
0.48166245
0.48347434
0.48530129
0.48714074
0.48899418
0.49086314
0.49274507
0.49464148
0.49655396
0.49847987
0.50042218
0.50237828
0.50434971
0.50633812
0.50834084
0.51035947
0.51239562
0.51444668
0.51646167
0.51829177
0.52013642
0.52168524
0.52305567
0.52442873
0.52534503
0.52625668
0.52702796
0.52750278
0.52797061
0.52820086
0.52825105
0.52829808
0.52804106
0.52767479
0.52727777
0.52680963
0.52634072
0.52622247
0.52729028
1.16282666
1.16795385
1.17312646
1.17834508
1.18361044
1.18892300
1.19428349
1.19969249
1.20515883
1.21066713
1.21622586
1.22183597
1.22749805
1.23321283
1.23898113
1.24480355
1.25068104
1.25661421
1.26261294
1.26866019
1.27476561
1.28093016
1.28715456
1.29343975
1.29978657
1.30619609
1.31266904
1.31921625
1.32581925
1.33248878
1.33922565
1.34603095
1.35290587
1.35985124
1.36686838
1.37395835
1.38112223
1.38837194
1.39568734
1.40308022
1.41055179
1.41810334
1.42572486
1.43344021
1.44123960
1.44912422
1.45710754
1.46516728
1.47331667
1.48155725
1.48989046
1.49831796
1.50684142
1.51546228
1.52418244
1.53300357
1.54194069
1.55096912
1.56010389
1.56934690
1.57870007
1.58816540
1.59774494
1.60744083
1.61725497
1.62720466
1.63726246
1.64744532
1.65775561
1.66819584
1.67876840
1.68947577
1.70032072
1.71130574
1.72245026
1.73372400
1.74514627
1.75672007
1.76844835
1.78033435
1.79238117
1.80459225
1.81697071
1.82952023
1.84226334
1.85516596
0.21242265
0.21251345
0.21259238
0.21266298
0.21271966
0.21276365
0.20278421
0.20445564
0.20679601
0.20913698
0.21154362
0.21390010
0.21508488
0.21607231
0.21705084
0.21803933
0.21902691
0.22001041
0.22099924
0.22199172
0.22299176
0.22399916
0.22501400
0.22603664
0.22707237
0.22811560
0.22917643
0.23025164
0.23134270
0.23245144
0.23358862
0.23473915
0.23591547
0.23711973
0.23835008
0.23964939
0.35591736
0.35690647
0.35790035
0.35889980
0.35990557
0.36091626
0.36193264
0.36295548
0.36398339
0.36501789
0.36605754
0.36710313
0.36815548
0.36921310
0.37027681
0.37134746
0.37242353
0.37350664
0.37459525
0.37568948
0.37679169
0.37789959
0.37901402
0.38013583
0.38126352
0.38239875
0.38353992
0.38468790
0.38584363
0.38700548
0.38817436
0.38935116
0.39053425
0.39172545
0.39292303
0.39412796
0.39534122
0.39656106
0.39778847
0.39902437
0.40026706
0.40151846
0.40277678
0.40404302
0.40531817
0.40660045
0.40789089
0.40919048
0.41049743
0.41181272
0.41313747
0.41446981
0.41581172
0.41716138
0.41851982
0.41988713
0.42126343
0.42264876
0.42404425
0.42544797
0.42686203
0.42828450
0.42971647
0.43115911
0.43261039
0.43407151
0.43554357
0.43702459
0.43851680
0.44001812
0.44152978
0.44305295
0.44458556
0.44612882
0.44768396
0.44924885
0.45082584
0.45241278
0.45401096
0.45562163
0.45724261
0.45887515
0.46052057
0.46217665
0.46384466
0.46552598
0.46721831
0.46892422
0.47064140
0.47237122
0.47411504
0.47586924
0.47763774
0.47942075
0.48121580
0.48302567
0.48484787
0.48668388
0.48853520
0.49039930
0.49227765
0.49417186
0.49607930
0.49800292
0.49994010
0.50189239
0.50386149
0.50584459
0.50784338
0.50985950
0.51189023
0.51393867
0.51600206
0.51805347
0.51989639
0.52175248
0.52335554
0.52473789
0.52612293
0.52708101
0.52800190
0.52880973
0.52928776
0.52976191
0.53001899
0.53007108
0.53011847
0.52988017
0.52951133
0.52911782
0.52864480
0.52817267
0.52802068
0.52904546
1.16668308
1.17184448
1.17705166
1.18230546
1.18760622
1.19295478
1.19835174
1.20379782
1.20929348
1.21484804
1.22044528
1.22609448
1.23179615
1.23755121
1.24336016
1.24922395
1.25514328
1.26111901
1.26715195
1.27325201
1.27940178
1.28561127
1.29188144
1.29821301
1.30460691
1.31106412
1.31758559
1.32417214
1.33082509
1.33755517
1.34434342
1.35120106
1.35812891
1.36512828
1.37220013
1.37934566
1.38656592
1.39386225
1.40124667
1.40869868
1.41623044
1.42383170
1.43152654
1.43930507
1.44716847
1.45511830
1.46315598
1.47129512
1.47951305
1.48782325
1.49622726
1.50472689
1.51332355
1.52201903
1.53081501
1.53971326
1.54871559
1.55783737
1.56705344
1.57637930
1.58581674
1.59536791
1.60503483
1.61481953
1.62472427
1.63475132
1.64491808
1.65519679
1.66560471
1.67614424
1.68681812
1.69762886
1.70857894
1.71967125
1.73090851
1.74229360
1.75384676
1.76553667
1.77738345
1.78939021
1.80156040
1.81389713
1.82640409
1.83908474
1.85194266
1.86500120
0.21367158
0.21374804
0.21383303
0.21391706
0.21398701
0.21406215
0.21412988
0.21418501
0.20440540
0.20659128
0.20907655
0.21145466
0.21390319
0.21579491
0.21683826
0.21782614
0.21882497
0.21982023
0.22081089
0.22180362
0.22280335
0.22381018
0.22482330
0.22584219
0.22687182
0.22791174
0.22896302
0.23003443
0.23111743
0.23221733
0.23334885
0.23449610
0.23566872
0.23686856
0.23809853
0.35567415
0.35666117
0.35765371
0.35865247
0.35965613
0.36066541
0.36168113
0.36270183
0.36372903
0.36476135
0.36579952
0.36684439
0.36789450
0.36895061
0.37001356
0.37108192
0.37215644
0.37323800
0.37432507
0.37541848
0.37651831
0.37762460
0.37873822
0.37985760
0.38098362
0.38211718
0.38325664
0.38440380
0.38555697
0.38671708
0.38788506
0.38905928
0.39024058
0.39142996
0.39262575
0.39382976
0.39504027
0.39625826
0.39748466
0.39871779
0.39995858
0.40120804
0.40246442
0.40372962
0.40500185
0.40628213
0.40757146
0.40886807
0.41017297
0.41148716
0.41280884
0.41414002
0.41547883
0.41682631
0.41818354
0.41954768
0.42092174
0.42230582
0.42369804
0.42510048
0.42651120
0.42793134
0.42936197
0.43080118
0.43225008
0.43370980
0.43517834
0.43665686
0.43814656
0.43964535
0.44115555
0.44267502
0.44420502
0.44574675
0.44729811
0.44886029
0.45043454
0.45201874
0.45361528
0.45522198
0.45684010
0.45847094
0.46011227
0.46176541
0.46343166
0.46510878
0.46679807
0.46850091
0.47021499
0.47194290
0.47368228
0.47543329
0.47719982
0.47897828
0.48077130
0.48257652
0.48439533
0.48622924
0.48807573
0.48993632
0.49181250
0.49370173
0.49560553
0.49752548
0.49945894
0.50140893
0.50337273
0.50535202
0.50734836
0.50935906
0.51138580
0.51343018
0.51548952
0.51756692
0.51965511
0.52151096
0.52337867
0.52503663
0.52642947
0.52782500
0.52882701
0.52975714
0.53060359
0.53108484
0.53156382
0.53184968
0.53190213
0.53195137
0.53173208
0.53136069
0.53096920
0.53049290
0.53001583
0.52983284
0.53081244
1.17055750
1.17576110
1.18100321
1.18629241
1.19162905
1.19701409
1.20244789
1.20793128
1.21346498
1.21904957
1.22468567
1.23038280
1.23612452
1.24192011
1.24777031
1.25367594
1.25963759
1.26565635
1.27173281
1.27786791
1.28406250
1.29032683
1.29664314
1.30302155
1.30946302
1.31596851
1.32253897
1.32917547
1.33587873
1.34265006
1.34950054
1.35641098
1.36339259
1.37044644
1.37757361
1.38477528
1.39205265
1.39940703
1.40683937
1.41435122
1.42195499
1.42961800
1.43737566
1.44521809
1.45314646
1.46116233
1.46926701
1.47746217
1.48574936
1.49414253
1.50261831
1.51119089
1.51986182
1.52863276
1.53750563
1.54648197
1.55556381
1.56475306
1.57405138
1.58347499
1.59299779
1.60263598
1.61239135
1.62226629
1.63226295
1.64238358
1.65263045
1.66300595
1.67352831
1.68416882
1.69494545
1.70586085
1.71691787
1.72811902
1.73946738
1.75096571
1.76261711
1.77444220
1.78640926
1.79853868
1.81083405
1.82329857
1.83593595
1.84874976
1.86174369
1.87492144
0.21496254
0.21503083
0.21511061
0.21519175
0.21527503
0.21535811
0.21544386
0.21552734
0.21559601
0.20534626
0.20639916
0.20896634
0.21136227
0.21376319
0.21612608
0.21758305
0.21860917
0.21961521
0.22061549
0.22161584
0.22261389
0.22362038
0.22463179
0.22564666
0.22667189
0.22770970
0.22875704
0.22981793
0.23089828
0.23198943
0.23311049
0.23425415
0.23543057
0.23663555
0.23798648
0.35641623
0.35740811
0.35840479
0.35940707
0.36041567
0.36142921
0.36244851
0.36347428
0.36450514
0.36554262
0.36658525
0.36763388
0.36868927
0.36974996
0.37081677
0.37189054
0.37296975
0.37405527
0.37514710
0.37624532
0.37735081
0.37846202
0.37957975
0.38070497
0.38183603
0.38297382
0.38411927
0.38527074
0.38642997
0.38759536
0.38876781
0.38994822
0.39113495
0.39232895
0.39353111
0.39473978
0.39595681
0.39718044
0.39841169
0.39965150
0.40089810
0.40215254
0.40341577
0.40468603
0.40596524
0.40725163
0.40854621
0.40984997
0.41116115
0.41248074
0.41380978
0.41514644
0.41649276
0.41784683
0.41920877
0.42058161
0.42196244
0.42335239
0.42475253
0.42616096
0.42757979
0.42900705
0.43044385
0.43189138
0.43334764
0.43481371
0.43629083
0.43777695
0.43927431
0.44078085
0.44229776
0.44382623
0.44536421
0.44691288
0.44847351
0.45004392
0.45162538
0.45321912
0.45482302
0.45643947
0.45806625
0.45970470
0.46135607
0.46301818
0.46469229
0.46637979
0.46807835
0.46979055
0.47151411
0.47325033
0.47499940
0.47676143
0.47853661
0.48032632
0.48212817
0.48394492
0.48577410
0.48761714
0.48947555
0.49134687
0.49323252
0.49513406
0.49704894
0.49897870
0.50092494
0.50288498
0.50486183
0.50685287
0.50885963
0.51088387
0.51292276
0.51497799
0.51705128
0.51913977
0.52124679
0.52313405
0.52501494
0.52672857
0.52813035
0.52953655
0.53058618
0.53152251
0.53240961
0.53289419
0.53337961
0.53369302
0.53374583
0.53379709
0.53359705
0.53322303
0.53283358
0.53235388
0.53187352
0.53165585
0.53259122
1.17446554
1.17969620
1.18497360
1.19030631
1.19567931
1.20110106
1.20657218
1.21209323
1.21766520
1.22328866
1.22896421
1.23469269
1.24048340
1.24632013
1.25221193
1.25815964
1.26416421
1.27022636
1.27634692
1.28252673
1.28876674
1.29506767
1.30144012
1.30786598
1.31435549
1.32090986
1.32752991
1.33421659
1.34097099
1.34779418
1.35468709
1.36165082
1.36869717
1.37580609
1.38298929
1.39024794
1.39758313
1.40499616
1.41248822
1.42006052
1.42770314
1.43545163
1.44327283
1.45117986
1.45917392
1.46725667
1.47542930
1.48369360
1.49205101
1.50050306
1.50906420
1.51771057
1.52645671
1.53530419
1.54425490
1.55331051
1.56247294
1.57174420
1.58112609
1.59062064
1.60024428
1.60997057
1.61981571
1.62978208
1.63987184
1.65008736
1.66043091
1.67090487
1.68151188
1.69227052
1.70315146
1.71417320
1.72533846
1.73665023
1.74811125
1.75972450
1.77149308
1.78342021
1.79550898
1.80778110
1.82020366
1.83279800
1.84556782
1.85851693
1.87164891
1.88496792
0.21629363
0.21635830
0.21642645
0.21649724
0.21657389
0.21665034
0.21673080
0.21682505
0.21692070
0.21701404
0.21710563
0.20676838
0.20881043
0.21130255
0.21362312
0.21600859
0.21826740
0.21939676
0.22040816
0.22141598
0.22242473
0.22342980
0.22444202
0.22545317
0.22647376
0.22750801
0.22855085
0.22960152
0.23067684
0.23176591
0.23287994
0.23401918
0.23520069
0.23640455
0.35617161
0.35716212
0.35815743
0.35915905
0.36016554
0.36117768
0.36219627
0.36321989
0.36424932
0.36528531
0.36632648
0.36737439
0.36842752
0.36948669
0.37055275
0.37162423
0.37270188
0.37378663
0.37487689
0.37597355
0.37707663
0.37818620
0.37930316
0.38042587
0.38155529
0.38269225
0.38383517
0.38498577
0.38614243
0.38730609
0.38847762
0.38965544
0.39084038
0.39203343
0.39323291
0.39443976
0.39565492
0.39687669
0.39810696
0.39934394
0.40058866
0.40184206
0.40310240
0.40437070
0.40564790
0.40693229
0.40822577
0.40952656
0.41083565
0.41215411
0.41348007
0.41481462
0.41615877
0.41751069
0.41887239
0.42024103
0.42161962
0.42300832
0.42440519
0.42581129
0.42722777
0.42865267
0.43008816
0.43153226
0.43298608
0.43445078
0.43592435
0.43740797
0.43890280
0.44040677
0.44192222
0.44344699
0.44498235
0.44652948
0.44808629
0.44965398
0.45123383
0.45282367
0.45442590
0.45603836
0.45766228
0.45929903
0.46094629
0.46260545
0.46427777
0.46596104
0.46765652
0.46936566
0.47108608
0.47282040
0.47456628
0.47632384
0.47809702
0.47988218
0.48168069
0.48349404
0.48531979
0.48716074
0.48901433
0.49088210
0.49276555
0.49466211
0.49657336
0.49850079
0.50044185
0.50239956
0.50437117
0.50635833
0.50836265
0.51038140
0.51241630
0.51446897
0.51653665
0.51862252
0.52072376
0.52284211
0.52476889
0.52665997
0.52843142
0.52984387
0.53126079
0.53235710
0.53329968
0.53422803
0.53471589
0.53520465
0.53554761
0.53560239
0.53565556
0.53547674
0.53509843
0.53471106
0.53422803
0.53374422
0.53349149
0.53438199
1.17839968
1.18366551
1.18897855
1.19433951
1.19975722
1.20521605
1.21072471
1.21628404
1.22189462
1.22755730
1.23327267
1.23904145
1.24486446
1.25074255
1.25668514
1.26267564
1.26872349
1.27482951
1.28099465
1.28721964
1.29350555
1.29985297
1.30626309
1.31273675
1.31928468
1.32588840
1.33255851
1.33929610
1.34610224
1.35297775
1.35992396
1.36694193
1.37403262
1.38120794
1.38844776
1.39576399
1.40315759
1.41062999
1.41818249
1.42580473
1.43352103
1.44132125
1.44920683
1.45719099
1.46525168
1.47340202
1.48164356
1.48997772
1.49840629
1.50693071
1.51555264
1.52427387
1.53310919
1.54203415
1.55106366
1.56019962
1.56944370
1.57879806
1.58826470
1.59784544
1.60754240
1.61737251
1.62730885
1.63736784
1.64755201
1.65786374
1.66830528
1.67887926
1.68958807
1.70043433
1.71142089
1.72256684
1.73384213
1.74526596
1.75684142
1.76857138
1.78045905
1.79250753
1.80472028
1.81710052
1.82967067
1.84239686
1.85530126
1.86838782
1.88166022
1.89512253
0.21765807
0.21770972
0.21777338
0.21784320
0.21791014
0.21797445
0.21803907
0.21811521
0.21821201
0.21831210
0.21841335
0.21851391
0.21861105
0.20859192
0.21120252
0.21355161
0.21575907
0.21827301
0.22012742
0.22120686
0.22223118
0.22324066
0.22425258
0.22526258
0.22628117
0.22730725
0.22834240
0.22938937
0.23045585
0.23154312
0.23264982
0.23379172
0.23497342
0.35592803
0.35691649
0.35791042
0.35891065
0.35991576
0.36092722
0.36194366
0.36296585
0.36399457
0.36502838
0.36606809
0.36711448
0.36816615
0.36922458
0.37028837
0.37135831
0.37243521
0.37351760
0.37460628
0.37570137
0.37680283
0.37791163
0.37902611
0.38014722
0.38127577
0.38241023
0.38355148
0.38470039
0.38585535
0.38701811
0.38818705
0.38936308
0.39054710
0.39173749
0.39293519
0.39414108
0.39535350
0.39657342
0.39780179
0.39903688
0.40028057
0.40153113
0.40278953
0.40405679
0.40533108
0.40661439
0.40790489
0.40920365
0.41051161
0.41182703
0.41315091
0.41448426
0.41582531
0.41717505
0.41853458
0.41990101
0.42127836
0.42266381
0.42405838
0.42546320
0.42687637
0.42829892
0.42973202
0.43117371
0.43262616
0.43408737
0.43555850
0.43704069
0.43853191
0.44003335
0.44154620
0.44306839
0.44460222
0.44614559
0.44769973
0.44926584
0.45084181
0.45242891
0.45402834
0.45563796
0.45726022
0.45889288
0.46053725
0.46219465
0.46386281
0.46554303
0.46723673
0.46894154
0.47066009
0.47239003
0.47413272
0.47588831
0.47765699
0.47943884
0.48123533
0.48304403
0.48486638
0.48670384
0.48855397
0.49041957
0.49229810
0.49419105
0.49610004
0.49802241
0.49995977
0.50191367
0.50388145
0.50586617
0.50786513
0.50987995
0.51191229
0.51395947
0.51602304
0.51810473
0.52020180
0.52231747
0.52444881
0.52641231
0.52831692
0.53014684
0.53156698
0.53299469
0.53413826
0.53508717
0.53603142
0.53653389
0.53702277
0.53739405
0.53745407
0.53751409
0.53736806
0.53698874
0.53660184
0.53611374
0.53562820
0.53533983
0.53618318
1.18236041
1.18766165
1.19301081
1.19840825
1.20385480
1.20935106
1.21490598
1.22050393
1.22615361
1.23185587
1.23761141
1.24342096
1.24928534
1.25520527
1.26118159
1.26722407
1.27331567
1.27946615
1.28567636
1.29194701
1.29827929
1.30467379
1.31113172
1.31765378
1.32424116
1.33090460
1.33762550
1.34441447
1.35127282
1.35820150
1.36520159
1.37227416
1.37942040
1.38664150
1.39393866
1.40132391
1.40877676
1.41630936
1.42391145
1.43160713
1.43938649
1.44725084
1.45520163
1.46324027
1.47138023
1.47959912
1.48791027
1.49631536
1.50481594
1.51341367
1.52211010
1.53090715
1.53980649
1.54882336
1.55793285
1.56715000
1.57647705
1.58591568
1.59546793
1.60513604
1.61492205
1.62482810
1.63485646
1.64502454
1.65530455
1.66571379
1.67625475
1.68693006
1.69774210
1.70869374
1.71978760
1.73102641
1.74243009
1.75396776
1.76565921
1.77750766
1.78951621
1.80168796
1.81402659
1.82653534
1.83921778
1.85207748
1.86513793
1.87836409
1.89177907
1.90538716
0.21904309
0.21907894
0.21913315
0.21919332
0.21925704
0.21931350
0.21936567
0.21943003
0.21951391
0.21960734
0.21971035
0.21981318
0.21991502
0.22001314
0.20932758
0.21109708
0.21347171
0.21566418
0.21800996
0.22056547
0.22200805
0.22305211
0.22406232
0.22507431
0.22609089
0.22710946
0.22813666
0.22917910
0.23024122
0.23132046
0.23242047
0.23356502
0.23478962
0.35667118
0.35766447
0.35866261
0.35966703
0.36067638
0.36169142
0.36271292
0.36373943
0.36477181
0.36581081
0.36685497
0.36790588
0.36896208
0.37002435
0.37109351
0.37216812
0.37324896
0.37433687
0.37542957
0.37652946
0.37763661
0.37874949
0.37986976
0.38099587
0.38212866
0.38326904
0.38441542
0.38556868
0.38672969
0.38789690
0.38907203
0.39025342
0.39144203
0.39263874
0.39384195
0.39505255
0.39627150
0.39749709
0.39873120
0.39997208
0.40122071
0.40247807
0.40374243
0.40501475
0.40629604
0.40758455
0.40888217
0.41018716
0.41150048
0.41282320
0.41415349
0.41549239
0.41684094
0.41819730
0.41956154
0.42093667
0.42231986
0.42371318
0.42511469
0.42652550
0.42794678
0.42937648
0.43081683
0.43226582
0.43372458
0.43519428
0.43667293
0.43816164
0.43966165
0.44117084
0.44269043
0.44422165
0.44576240
0.44731495
0.44887725
0.45045051
0.45203596
0.45363146
0.45523828
0.45685768
0.45848745
0.46013010
0.46178338
0.46344855
0.46512699
0.46681643
0.46851817
0.47023362
0.47196040
0.47370121
0.47545233
0.47721773
0.47899759
0.48078948
0.48259482
0.48441508
0.48624784
0.48809582
0.48995656
0.49183151
0.49372226
0.49562624
0.49754494
0.49947998
0.50142866
0.50339270
0.50537354
0.50736862
0.50938094
0.51140785
0.51345092
0.51551193
0.51758802
0.51968086
0.52179229
0.52391934
0.52606541
0.52806616
0.52998269
0.53186554
0.53328532
0.53471428
0.53588295
0.53683001
0.53778207
0.53830087
0.53879458
0.53917480
0.53923690
0.53929734
0.53915358
0.53879130
0.53842461
0.53795761
0.53749138
0.53719127
0.53799498
1.18634772
1.19168496
1.19707036
1.20250475
1.20798874
1.21352279
1.21910799
1.22475314
1.23044229
1.23618460
1.24198079
1.24783158
1.25373769
1.25970006
1.26571929
1.27179646
1.27793217
1.28413665
1.29039240
1.29670930
1.30308831
1.30953050
1.31603670
1.32260776
1.32924485
1.33594894
1.34272099
1.34957218
1.35648334
1.36346567
1.37052023
1.37764823
1.38485074
1.39212894
1.39948404
1.40691721
1.41444111
1.42203450
1.42969847
1.43745697
1.44530022
1.45322943
1.46124625
1.46935189
1.47754812
1.48583615
1.49423027
1.50270712
1.51128066
1.51995265
1.52872467
1.53759861
1.54657602
1.55565906
1.56484926
1.57416272
1.58357358
1.59309769
1.60273695
1.61249363
1.62236977
1.63236773
1.64248967
1.65273786
1.66313028
1.67363846
1.68428040
1.69505847
1.70597529
1.71703374
1.72823644
1.73958635
1.75108624
1.76273930
1.77456605
1.78653467
1.79866588
1.81096292
1.82342935
1.83606851
1.84888411
1.86187994
1.87505972
1.88844752
1.90200746
1.91576362
0.22047833
0.22049388
0.22053187
0.22057477
0.22061522
0.22066937
0.22072081
0.22077447
0.22084075
0.22091340
0.22100006
0.22110794
0.22120933
0.22131109
0.22141984
0.22153668
0.21105902
0.21336679
0.21557459
0.21778111
0.22030096
0.22263226
0.22387238
0.22488607
0.22589636
0.22691230
0.22793743
0.22897185
0.23002729
0.23109911
0.23219369
0.23333876
0.35642692
0.35741815
0.35841489
0.35941795
0.36042589
0.36144024
0.36245957
0.36348468
0.36451635
0.36555314
0.36659583
0.36764526
0.36869994
0.36976147
0.37082836
0.37190142
0.37298149
0.37406704
0.37515816
0.37625727
0.37736201
0.37847409
0.37959191
0.38071635
0.38184831
0.38298619
0.38413087
0.38528326
0.38644171
0.38760802
0.38878053
0.38996017
0.39114785
0.39234191
0.39354330
0.39475292
0.39596912
0.39719287
0.39842507
0.39966404
0.40091166
0.40216616
0.40342855
0.40469983
0.40597820
0.40726468
0.40856028
0.40986317
0.41117540
0.41249508
0.41382325
0.41516098
0.41650641
0.41786057
0.41922358
0.42059553
0.42197746
0.42336750
0.42476672
0.42617628
0.42759416
0.42902151
0.43045947
0.43190604
0.43336347
0.43482965
0.43630582
0.43779311
0.43928948
0.44079614
0.44231424
0.44384173
0.44537982
0.44692972
0.44848934
0.45006099
0.45164257
0.45323527
0.45484045
0.45645586
0.45808277
0.45972249
0.46137282
0.46303624
0.46471050
0.46639690
0.46809679
0.46980792
0.47153157
0.47326919
0.47501713
0.47678059
0.47855589
0.48034447
0.48214778
0.48396334
0.48579264
0.48763716
0.48949441
0.49136719
0.49325299
0.49515334
0.49706978
0.49899969
0.50094467
0.50290626
0.50488186
0.50687450
0.50888145
0.51090437
0.51294494
0.51500034
0.51707232
0.51916254
0.52126813
0.52339250
0.52553266
0.52769041
0.52972722
0.53164953
0.53356665
0.53499711
0.53643525
0.53763098
0.53858590
0.53954250
0.54008108
0.54057646
0.54096746
0.54103154
0.54109240
0.54094934
0.54058462
0.54021549
0.53974539
0.53927606
0.53897887
0.53980106
1.19036210
1.19573557
1.20115781
1.20662940
1.21215105
1.21772349
1.22334743
1.22902358
1.23475266
1.24054396
1.24638116
1.25227356
1.25822186
1.26422703
1.27028978
1.27641094
1.28259146
1.28883207
1.29514313
1.30150676
1.30793321
1.31442344
1.32097852
1.32759917
1.33428657
1.34104168
1.34786558
1.35475922
1.36173415
1.36877084
1.37588060
1.38306451
1.39032388
1.39765990
1.40507376
1.41256666
1.42013991
1.42779469
1.43553257
1.44335473
1.45126271
1.45925772
1.46734130
1.47551489
1.48378015
1.49213850
1.50059152
1.50915372
1.51780117
1.52654839
1.53539693
1.54434872
1.55340540
1.56256902
1.57184136
1.58122432
1.59073436
1.60034502
1.61007249
1.61991894
1.62988663
1.63997757
1.65019441
1.66053927
1.67101467
1.68162310
1.69238317
1.70326555
1.71428871
1.72545552
1.73676884
1.74823141
1.75984633
1.77161658
1.78354526
1.79565394
1.80790973
1.82033396
1.83293009
1.84570181
1.85865271
1.87178671
1.88510764
1.89861953
1.91232646
1.92625368
0.22195795
0.22195159
0.22195601
0.22198868
0.22202550
0.22205985
0.22209421
0.22213466
0.22219899
0.22226253
0.22232583
0.22240944
0.22251287
0.22261639
0.22271916
0.22282901
0.22294791
0.21206380
0.21309936
0.21544856
0.21767378
0.22004034
0.22267152
0.22459210
0.22570617
0.22672011
0.22773504
0.22876556
0.22981139
0.23088360
0.23196797
0.23326109
0.35717216
0.35816824
0.35916919
0.36017573
0.36118868
0.36220661
0.36323100
0.36426049
0.36529583
0.36633781
0.36738500
0.36843818
0.36949819
0.37056357
0.37163585
0.37271360
0.37379763
0.37488875
0.37598467
0.37708780
0.37819827
0.37931445
0.38043809
0.38156757
0.38270375
0.38384756
0.38499743
0.38615417
0.38731873
0.38848951
0.38966823
0.39085326
0.39204553
0.39324594
0.39445287
0.39566723
0.39688998
0.39811942
0.39935648
0.40060219
0.40185475
0.40311611
0.40438446
0.40566087
0.40694624
0.40823889
0.40954068
0.41084987
0.41216746
0.41349447
0.41482911
0.41617239
0.41752538
0.41888618
0.42025492
0.42163461
0.42302239
0.42442036
0.42582658
0.42724213
0.42866817
0.43010271
0.43154690
0.43300188
0.43446562
0.43594038
0.43742409
0.43891793
0.44042313
0.44193757
0.44346246
0.44499904
0.44654515
0.44810319
0.44967103
0.45124984
0.45284095
0.45444214
0.45605472
0.45767996
0.45931560
0.46096420
0.46262348
0.46429473
0.46597934
0.46767497
0.46938300
0.47110477
0.47283798
0.47458401
0.47634295
0.47811499
0.47990158
0.48170024
0.48351243
0.48533964
0.48717940
0.48903313
0.49090239
0.49278462
0.49468273
0.49659413
0.49852034
0.50046301
0.50241941
0.50439113
0.50637990
0.50838298
0.51040334
0.51243842
0.51448977
0.51655912
0.51864368
0.52074510
0.52286518
0.52500105
0.52715594
0.52932709
0.53139085
0.53332686
0.53527707
0.53671998
0.53816742
0.53938884
0.54035163
0.54131621
0.54187155
0.54237181
0.54277205
0.54283822
0.54289949
0.54275876
0.54238999
0.54201835
0.54154509
0.54107267
0.54077846
0.54162091
1.19439566
1.19981372
1.20527315
1.21078241
1.21634221
1.22195339
1.22761655
1.23333240
1.23910177
1.24492538
1.25081277
1.25674725
1.26273835
1.26878679
1.27489340
1.28105915
1.28728485
1.29357135
1.29991949
1.30633020
1.31281424
1.31935322
1.32595754
1.33262837
1.33936667
1.34617352
1.35304976
1.35999668
1.36701536
1.37410676
1.38128293
1.38852358
1.39584053
1.40323508
1.41070831
1.41826153
1.42588472
1.43360186
1.44140291
1.44930124
1.45727456
1.46533608
1.47348738
1.48172987
1.49006510
1.49849451
1.50702000
1.51564300
1.52437830
1.53320158
1.54212773
1.55115831
1.56029534
1.56954062
1.57889616
1.58836389
1.59794581
1.60764408
1.61747539
1.62741292
1.63747334
1.64765882
1.65797186
1.66841471
1.67899013
1.68970037
1.70054805
1.71155250
1.72268355
1.73396039
1.74538577
1.75696278
1.76869440
1.78058374
1.79263389
1.80484843
1.81723046
1.82980239
1.84253037
1.85543668
1.86852503
1.88179946
1.89526379
1.90892220
1.92277884
1.93683815
0.22348113
0.22345757
0.22344242
0.22344214
0.22344522
0.22347553
0.22350471
0.22353473
0.22356899
0.22362657
0.22368614
0.22374463
0.22381975
0.22392336
0.22403271
0.22414216
0.22425625
0.22437666
0.22449721
0.21356930
0.21515404
0.21755885
0.21987970
0.22238916
0.22509851
0.22651470
0.22753359
0.22855906
0.22959530
0.23066369
0.23174419
0.35692722
0.35792121
0.35892078
0.35992667
0.36093748
0.36195472
0.36297694
0.36400500
0.36503962
0.36607939
0.36712509
0.36817756
0.36923531
0.37029994
0.37136993
0.37244612
0.37352934
0.37461811
0.37571245
0.37681481
0.37792283
0.37903741
0.38015938
0.38128722
0.38242257
0.38356388
0.38471201
0.38586789
0.38702989
0.38819891
0.38937587
0.39055911
0.39175043
0.39294818
0.39415330
0.39536667
0.39658669
0.39781424
0.39905030
0.40029317
0.40154472
0.40280321
0.40406960
0.40534493
0.40662739
0.40791798
0.40921775
0.41052487
0.41184133
0.41316527
0.41449779
0.41583988
0.41718972
0.41854835
0.41991585
0.42129233
0.42267784
0.42407355
0.42547745
0.42689171
0.42831439
0.42974657
0.43118939
0.43264088
0.43410221
0.43557447
0.43705571
0.43854812
0.44004968
0.44156155
0.44308496
0.44461778
0.44616127
0.44771662
0.44928172
0.45085895
0.45244613
0.45404455
0.45565546
0.45727667
0.45890945
0.46055511
0.46221143
0.46388093
0.46556130
0.46725389
0.46896008
0.47067750
0.47240758
0.47415167
0.47590613
0.47767621
0.47945821
0.48125353
0.48306370
0.48488617
0.48672247
0.48857409
0.49043846
0.49231851
0.49421164
0.49611938
0.49804333
0.49998081
0.50193346
0.50390285
0.50588626
0.50788540
0.50990188
0.51193291
0.51398170
0.51604545
0.51812583
0.52022463
0.52233893
0.52447045
0.52662104
0.52878773
0.53097391
0.53306335
0.53501320
0.53697574
0.53845394
0.53991073
0.54115820
0.54213065
0.54309994
0.54367220
0.54417747
0.54458869
0.54465699
0.54471868
0.54457867
0.54420906
0.54383498
0.54335856
0.54288131
0.54259002
0.54345310
1.19846475
1.20391178
1.20941675
1.21496403
1.22056246
1.22621274
1.23191559
1.23767161
1.24348176
1.24934673
1.25526726
1.26124418
1.26728725
1.27337945
1.27953053
1.28574133
1.29201269
1.29834557
1.30474079
1.31119931
1.31772208
1.32431996
1.33097434
1.33769584
1.34448564
1.35134470
1.35827410
1.36527491
1.37234819
1.37949526
1.38671708
1.39402592
1.40140116
1.40885484
1.41638815
1.42399120
1.43168771
1.43946803
1.44733322
1.45528495
1.46333647
1.47146547
1.47968519
1.48799741
1.49640346
1.50490499
1.51350367
1.52220130
1.53099930
1.53989971
1.54891765
1.55802822
1.56724668
1.57657480
1.58601451
1.59556806
1.60523736
1.61502469
1.62493193
1.63497663
1.64513099
1.65541232
1.66582286
1.67636526
1.68704200
1.69785547
1.70880854
1.71990383
1.73114419
1.74254954
1.75408876
1.76578188
1.77763188
1.78964210
1.80181563
1.81415594
1.82666647
1.83935082
1.85223174
1.86527479
1.87850285
1.89191985
1.90552998
1.91933727
1.93334603
1.94756091
0.22506464
0.22500575
0.22496282
0.22493751
0.22492813
0.22492869
0.22493097
0.22495940
0.22498897
0.22502367
0.22506748
0.22511986
0.22517653
0.22525489
0.22535042
0.22545432
0.22556432
0.22567555
0.22579664
0.22591873
0.22604296
0.21505760
0.21730548
0.21980910
0.22215629
0.22481392
0.22715758
0.22834064
0.22937341
0.23042572
0.35668191
0.35767454
0.35867345
0.35967720
0.36068660
0.36170244
0.36272326
0.36375061
0.36478302
0.36582133
0.36686632
0.36791652
0.36897278
0.37003589
0.37110436
0.37217978
0.37326071
0.37434790
0.37544143
0.37654141
0.37764782
0.37876159
0.37988111
0.38100728
0.38214096
0.38328061
0.38442788
0.38558120
0.38674146
0.38790959
0.38908392
0.39026627
0.39145494
0.39265087
0.39385504
0.39506570
0.39628384
0.39751041
0.39874369
0.39998466
0.40123427
0.40249082
0.40375617
0.40502858
0.40630904
0.40759853
0.40889531
0.41020039
0.41151476
0.41283661
0.41416794
0.41550693
0.41685462
0.41821203
0.41957635
0.42095059
0.42233488
0.42372727
0.42512992
0.42654085
0.42796117
0.42939201
0.43083143
0.43228051
0.43374044
0.43520918
0.43668899
0.43817782
0.43967685
0.44118726
0.44270697
0.44423717
0.44577911
0.44733068
0.44889310
0.45046759
0.45205203
0.45364881
0.45525575
0.45687410
0.45850518
0.46014675
0.46180013
0.46346664
0.46514401
0.46683478
0.46853667
0.47025099
0.47197917
0.47371885
0.47547013
0.47723693
0.47901565
0.48080897
0.48261446
0.48443356
0.48626775
0.48811454
0.48997542
0.49185190
0.49374145
0.49564692
0.49756581
0.49949959
0.50144988
0.50341403
0.50539362
0.50739032
0.50940138
0.51142991
0.51347315
0.51553279
0.51761055
0.51970363
0.52181369
0.52394247
0.52608716
0.52825105
0.53043121
0.53262949
0.53474802
0.53671026
0.53868532
0.54019749
0.54166543
0.54293925
0.54391974
0.54489708
0.54548490
0.54599690
0.54641759
0.54648465
0.54655010
0.54641253
0.54603875
0.54566211
0.54518247
0.54470199
0.54441381
0.54529607
1.20256162
1.20804608
1.21358073
1.21916640
1.22481215
1.23050189
1.23624480
1.24204147
1.24789274
1.25379956
1.25976241
1.26578236
1.27186000
1.27800560
1.28420150
1.29045784
1.29677534
1.30315518
1.30959797
1.31610477
1.32267666
1.32931435
1.33601916
1.34280193
1.34964383
1.35655570
1.36353874
1.37059414
1.37772286
1.38492608
1.39220512
1.39956105
1.40699506
1.41451979
1.42211401
1.42977881
1.43753827
1.44538236
1.45331252
1.46133018
1.46943688
1.47763395
1.48593533
1.49431813
1.50279593
1.51137054
1.52004349
1.52881658
1.53769147
1.54667008
1.55575418
1.56495941
1.57426012
1.58367217
1.59319746
1.60283804
1.61259592
1.62247336
1.63247252
1.64259577
1.65284526
1.66323912
1.67374873
1.68439198
1.69517148
1.70608974
1.71714973
1.72835398
1.73970532
1.75120687
1.76287889
1.77468991
1.78666019
1.79879308
1.81109190
1.82356012
1.83620107
1.84901857
1.86201632
1.87519801
1.88858771
1.90214968
1.91590786
1.92986655
1.94403005
1.95840311
0.22670481
0.22661707
0.22655188
0.22649509
0.22645475
0.22643055
0.22641672
0.22641586
0.22643027
0.22645879
0.22648990
0.22652622
0.22656630
0.22662860
0.22671057
0.22680013
0.22690275
0.22700751
0.22711584
0.22723615
0.22735922
0.22748213
0.22760721
0.21694714
0.21963660
0.22208284
0.22453545
0.22729158
0.22909385
0.23020758
0.35742891
0.35842571
0.35942811
0.36043683
0.36145052
0.36246991
0.36349580
0.36452678
0.36556438
0.36660716
0.36765590
0.36871141
0.36977223
0.37083918
0.37191308
0.37299243
0.37407884
0.37517002
0.37626839
0.37737402
0.37848535
0.37960324
0.38072857
0.38185978
0.38299856
0.38414329
0.38529491
0.38645431
0.38761985
0.38879243
0.38997298
0.39115989
0.39235488
0.39355633
0.39476517
0.39598235
0.39720616
0.39843756
0.39967752
0.40092430
0.40217981
0.40344229
0.40471271
0.40599209
0.40727866
0.40857339
0.40987733
0.41118869
0.41250941
0.41383767
0.41517451
0.41652101
0.41787529
0.41923741
0.42061043
0.42199147
0.42338160
0.42478195
0.42619056
0.42760956
0.42903703
0.43047404
0.43192178
0.43337822
0.43484452
0.43632185
0.43780819
0.43930575
0.44081250
0.44232962
0.44385833
0.44539654
0.44694543
0.44850627
0.45007691
0.45165974
0.45325258
0.45485672
0.45647341
0.45810044
0.45973912
0.46139076
0.46305311
0.46472868
0.46641523
0.46811405
0.46982652
0.47155032
0.47328681
0.47503614
0.47679847
0.47857392
0.48036391
0.48216605
0.48398310
0.48581254
0.48765588
0.48951459
0.49138618
0.49327216
0.49517402
0.49708921
0.49902067
0.50096583
0.50292617
0.50490338
0.50689471
0.50890183
0.51092637
0.51296562
0.51502270
0.51709485
0.51918370
0.52129108
0.52341402
0.52555442
0.52771389
0.52988964
0.53208494
0.53429699
0.53644174
0.53841805
0.54040575
0.54195070
0.54343152
0.54473203
0.54571903
0.54670620
0.54730970
0.54782510
0.54825705
0.54832464
0.54839218
0.54825538
0.54788077
0.54750329
0.54701871
0.54653502
0.54624987
0.54715323
1.20668662
1.21220887
1.21778190
1.22340631
1.22908294
1.23482108
1.24060452
1.24644220
1.25233519
1.25828421
1.26428998
1.27035332
1.27647507
1.28265619
1.28889740
1.29520905
1.30157340
1.30800045
1.31449139
1.32104707
1.32766855
1.33435667
1.34111249
1.34793699
1.35484171
1.36180711
1.36884451
1.37595499
1.38313973
1.39039993
1.39773679
1.40515137
1.41264510
1.42021918
1.42787492
1.43561363
1.44343674
1.45134544
1.45934141
1.46742594
1.47560060
1.48386681
1.49222612
1.50069273
1.50924325
1.51789176
1.52664006
1.53548968
1.54444242
1.55350029
1.56266499
1.57193851
1.58132267
1.59083390
1.60044575
1.61017442
1.62002218
1.62999105
1.64008343
1.65030158
1.66064775
1.67112458
1.68175018
1.69249582
1.70337963
1.71440434
1.72557271
1.73688745
1.74835157
1.75996804
1.77173996
1.78367043
1.79578066
1.80803823
1.82046425
1.83306217
1.84583580
1.85878861
1.87192452
1.88524735
1.89876127
1.91249084
1.92639959
1.94051206
1.95483291
1.96936667
0.22841477
0.22829612
0.22819632
0.22810566
0.22804460
0.22799551
0.22795464
0.22793041
0.22792137
0.22792517
0.22793801
0.22796164
0.22799611
0.22803058
0.22809660
0.22817643
0.22826801
0.22837228
0.22847869
0.22858578
0.22869797
0.22882202
0.22894622
0.22907351
0.21811895
0.21927379
0.22198342
0.22441486
0.22700809
0.35718289
0.35817835
0.35918006
0.36018667
0.36119893
0.36221766
0.36324137
0.36427093
0.36530706
0.36634836
0.36739635
0.36844963
0.36950895
0.37057513
0.37164673
0.37272453
0.37380940
0.37489980
0.37599659
0.37709981
0.37820950
0.37932658
0.38044947
0.38157901
0.38271609
0.38385916
0.38500991
0.38616675
0.38733053
0.38850221
0.38968018
0.39086527
0.39205846
0.39325812
0.39446598
0.39568043
0.39690238
0.39813277
0.39936993
0.40061480
0.40186837
0.40312889
0.40439826
0.40567473
0.40695927
0.40825292
0.40955389
0.41086316
0.41218176
0.41350794
0.41484362
0.41618699
0.41753909
0.41890097
0.42026979
0.42164859
0.42303747
0.42443451
0.42584184
0.42725751
0.42868263
0.43011832
0.43156260
0.43301663
0.43448153
0.43595532
0.43744022
0.43893418
0.44043839
0.44195402
0.44347903
0.44501460
0.44656196
0.44811898
0.44968691
0.45126700
0.45285708
0.45445955
0.45607224
0.45769641
0.45933339
0.46098092
0.46264032
0.46431291
0.46599641
0.46769339
0.46940157
0.47112224
0.47285682
0.47460300
0.47636080
0.47813427
0.47991970
0.48171848
0.48353213
0.48535818
0.48719940
0.48905328
0.49092135
0.49280509
0.49470198
0.49661490
0.49854130
0.50048268
0.50244069
0.50441259
0.50640005
0.50840473
0.51042384
0.51245910
0.51451206
0.51658010
0.51866633
0.52076793
0.52288669
0.52502424
0.52717781
0.52934915
0.53153998
0.53374743
0.53597492
0.53814787
0.54013681
0.54213727
0.54371703
0.54520756
0.54653668
0.54753023
0.54852402
0.54914504
0.54966563
0.55011070
0.55017871
0.55024844
0.55011410
0.54973525
0.54935348
0.54886568
0.54837871
0.54809672
0.54902142
1.21083999
1.21640038
1.22201216
1.22767580
1.23339224
1.23916221
1.24498641
1.25087440
1.25680935
1.26280105
1.26885009
1.27495742
1.28112376
1.28735006
1.29363716
1.29998589
1.30640697
1.31288207
1.31942165
1.32602668
1.33269823
1.33943725
1.34624469
1.35312176
1.36006951
1.36708891
1.37419164
1.38135803
1.38859940
1.39591718
1.40331244
1.41078651
1.41834068
1.42596471
1.43368268
1.44149625
1.44938374
1.45735812
1.46542060
1.47357273
1.48181617
1.49015236
1.49858284
1.50710928
1.51573336
1.52446961
1.53329408
1.54222119
1.55125296
1.56039107
1.56963754
1.57899415
1.58846307
1.59804618
1.60776019
1.61757827
1.62751710
1.63757873
1.64776552
1.65807998
1.66852427
1.67910099
1.68981266
1.70066178
1.71166766
1.72280025
1.73407865
1.74550557
1.75708425
1.76881742
1.78070843
1.79276037
1.80497646
1.81737888
1.82993400
1.84266388
1.85557210
1.86866236
1.88193870
1.89540505
1.90906549
1.92292416
1.93698561
1.95127571
1.96575642
1.98045361
0.23022038
0.23004930
0.22990519
0.22979300
0.22969870
0.22961722
0.22954853
0.22949968
0.22946893
0.22943963
0.22943047
0.22942337
0.22943905
0.22946951
0.22951834
0.22958405
0.22966255
0.22975682
0.22986124
0.22996964
0.23008141
0.23019448
0.23030765
0.23044302
0.23058003
0.23071721
0.21947332
0.22164150
0.22430429
0.35793203
0.35893163
0.35993686
0.36094844
0.36196500
0.36298731
0.36401615
0.36505011
0.36609069
0.36713645
0.36818823
0.36924678
0.37031069
0.37138078
0.37245780
0.37354031
0.37462994
0.37572435
0.37682599
0.37793487
0.37904951
0.38017076
0.38129947
0.38243407
0.38357544
0.38472450
0.38587961
0.38704252
0.38821161
0.38938779
0.39057195
0.39176250
0.39296034
0.39416638
0.39537898
0.39659992
0.39782757
0.39906284
0.40030667
0.40155742
0.40281597
0.40408337
0.40535784
0.40664133
0.40793201
0.40923092
0.41053906
0.41185465
0.41317871
0.41451228
0.41585347
0.41720438
0.41856310
0.41992971
0.42130730
0.42269292
0.42408767
0.42549270
0.42690605
0.42832983
0.42976213
0.43120402
0.43265668
0.43411809
0.43558940
0.43707180
0.43856326
0.44006598
0.44157797
0.44310039
0.44463444
0.44617802
0.44773239
0.44929874
0.45087495
0.45246226
0.45406193
0.45567179
0.45729429
0.45892718
0.46057180
0.46222943
0.46389785
0.46557835
0.46727228
0.46897736
0.47069618
0.47242638
0.47416934
0.47592521
0.47769415
0.47947627
0.48127306
0.48308203
0.48490599
0.48674244
0.48859286
0.49045873
0.49233758
0.49423084
0.49614012
0.49806282
0.50000191
0.50195467
0.50392282
0.50590783
0.50790715
0.50992233
0.51195502
0.51400250
0.51606643
0.51814848
0.52024591
0.52236187
0.52449363
0.52664286
0.52881128
0.53099608
0.53320062
0.53542197
0.53766185
0.53986490
0.54186493
0.54387987
0.54549491
0.54699516
0.54835165
0.54935181
0.55035561
0.55099618
0.55151856
0.55197692
0.55204540
0.55211562
0.55198377
0.55160230
0.55121797
0.55072856
0.55023825
0.54995775
0.55090237
1.21502209
1.22062111
1.22627187
1.23197520
1.23773193
1.24354255
1.24940813
1.25532925
1.26131570
1.26735044
1.27344322
1.27959490
1.28580630
1.29207838
1.29841185
1.30480766
1.31126690
1.31779039
1.32438898
1.33104396
1.33776617
1.34455669
1.35141647
1.35834658
1.36534822
1.37242234
1.37957013
1.38680351
1.39410233
1.40147841
1.40893292
1.41646707
1.42407095
1.43176842
1.43954945
1.44741559
1.45536816
1.46342063
1.47155058
1.47977138
1.48808444
1.49649143
1.50499403
1.51359379
1.52229238
1.53109157
1.54000628
1.54901206
1.55812371
1.56734324
1.57667255
1.58611345
1.59566820
1.60533881
1.61512721
1.62503576
1.63508177
1.64523745
1.65552008
1.66593206
1.67647576
1.68715394
1.69796884
1.70892346
1.72002017
1.73127890
1.74266887
1.75420976
1.76590443
1.77775621
1.78976810
1.80194330
1.81428540
1.82679772
1.83948386
1.85236669
1.86541164
1.87864161
1.89206064
1.90567267
1.91948211
1.93349302
1.94771004
1.96213770
1.97680271
1.99166620
0.33182123
0.33268076
0.23171191
0.23155516
0.23141128
0.23131354
0.23119427
0.23112223
0.23106642
0.23102413
0.23098727
0.23095490
0.23094112
0.23095520
0.23098396
0.23103043
0.23109372
0.23117895
0.23126756
0.23137097
0.23148440
0.23161422
0.23174901
0.23188396
0.23201907
0.23263827
0.35570469
0.35669190
0.22124866
0.35868356
0.35968810
0.36069757
0.36171272
0.36273435
0.36376101
0.36479348
0.36583260
0.36687690
0.36792794
0.36898425
0.37004665
0.37111595
0.37219068
0.37327164
0.37435970
0.37545252
0.37655336
0.37765986
0.37877285
0.37989327
0.38101950
0.38215244
0.38329297
0.38443950
0.38559371
0.38675407
0.38792142
0.38909668
0.39027825
0.39146698
0.39266387
0.39386722
0.39507884
0.39629707
0.39752284
0.39875710
0.39999813
0.40124694
0.40250447
0.40376899
0.40504149
0.40632293
0.40761161
0.40890941
0.41021454
0.41152805
0.41285098
0.41418144
0.41552052
0.41686925
0.41822580
0.41959119
0.42096552
0.42234892
0.42374241
0.42514414
0.42655516
0.42797661
0.42940652
0.43084708
0.43229625
0.43375525
0.43522516
0.43670401
0.43819293
0.43969315
0.44120255
0.44272348
0.44425380
0.44579476
0.44734755
0.44891009
0.45048356
0.45206925
0.45366499
0.45527321
0.45689169
0.45852172
0.46016461
0.46181810
0.46348354
0.46516225
0.46685192
0.46855518
0.47026965
0.47199669
0.47373775
0.47548917
0.47725484
0.47903499
0.48082715
0.48263279
0.48445332
0.48628634
0.48813462
0.48999566
0.49187094
0.49376199
0.49566627
0.49758527
0.49952060
0.50146967
0.50343537
0.50541514
0.50741053
0.50942320
0.51145047
0.51349390
0.51555520
0.51763165
0.51972640
0.52183664
0.52396405
0.52611047
0.52827299
0.53045338
0.53265339
0.53487015
0.53710699
0.53936106
0.54159123
0.54360580
0.54563200
0.54726928
0.54876924
0.55013108
0.55113095
0.55213445
0.55277056
0.55329633
0.55374730
0.55382824
0.55390924
0.55378348
0.55342531
0.55306423
0.55259895
0.55210876
0.55182976
0.55279803
1.21923316
1.22487116
1.23056138
1.23630488
1.24210215
1.24795401
1.25386131
1.25982487
1.26584530
1.27192366
1.27806985
1.28426635
1.29052329
1.29684150
1.30322194
1.30966544
1.31617296
1.32274544
1.32938385
1.33609939
1.34287286
1.34971547
1.35662806
1.36361194
1.37066805
1.37779748
1.38500154
1.39228141
1.39963806
1.40708411
1.41459846
1.42218220
1.42985916
1.43761945
1.44546449
1.45339561
1.46141422
1.46952176
1.47773206
1.48602223
1.49440587
1.50288475
1.51146030
1.52013433
1.52890849
1.53778458
1.54676425
1.55584943
1.56505573
1.57435763
1.58377087
1.59329724
1.60293901
1.61269820
1.62257683
1.63257730
1.64270186
1.65296805
1.66334784
1.67385888
1.68450356
1.69528449
1.70620430
1.71726561
1.72847140
1.73982441
1.75132751
1.76300108
1.77481377
1.78678572
1.79892039
1.81122088
1.82369089
1.83633375
1.84915304
1.86215270
1.87535608
1.88872802
1.90229201
1.91605222
1.93001306
1.94417870
1.95855391
1.97314322
1.98795152
2.00298381
0.33246765
0.33332992
0.33419728
0.33506858
0.23323511
0.23307966
0.23294453
0.23282571
0.23270760
0.23262793
0.23256502
0.23252764
0.23249485
0.23248209
0.23249364
0.23252705
0.23257536
0.23264465
0.23273864
0.23284520
0.23297198
0.23310591
0.23324153
0.23339169
0.35448065
0.35546106
0.35644764
0.35743895
0.35843655
0.35943899
0.36044705
0.36146152
0.36248097
0.36350620
0.36453798
0.36557490
0.36661774
0.36766729
0.36872208
0.36978376
0.37085077
0.37192395
0.37300414
0.37408984
0.37518111
0.37628034
0.37738523
0.37849742
0.37961540
0.38073999
0.38187206
0.38301009
0.38415492
0.38530743
0.38646606
0.38763252
0.38880518
0.38998497
0.39117277
0.39236701
0.39356852
0.39477831
0.39599469
0.39721945
0.39845094
0.39969006
0.40093786
0.40219253
0.40345508
0.40472651
0.40600505
0.40729263
0.40858746
0.40989056
0.41120294
0.41252279
0.41385114
0.41518906
0.41653466
0.41789001
0.41925222
0.42062435
0.42200646
0.42339671
0.42479613
0.42620584
0.42762396
0.42905152
0.43048966
0.43193644
0.43339404
0.43486047
0.43633682
0.43782434
0.43932092
0.44082886
0.44234613
0.44387382
0.44541326
0.44696227
0.44852209
0.45009398
0.45167580
0.45326877
0.45487416
0.45648980
0.45811811
0.45975694
0.46140751
0.46307117
0.46474567
0.46643233
0.46813250
0.46984386
0.47156906
0.47330570
0.47505391
0.47681764
0.47859320
0.48038206
0.48218566
0.48400152
0.48583242
0.48767591
0.48953345
0.49140653
0.49329266
0.49519330
0.49711004
0.49904028
0.50098693
0.50294745
0.50492340
0.50691634
0.50892365
0.51094693
0.51298779
0.51504356
0.51711583
0.51920640
0.52131242
0.52343714
0.52557766
0.52773577
0.52991331
0.53210723
0.53431940
0.53655171
0.53880107
0.54107106
0.54332370
0.54534620
0.54738373
0.54902989
0.55054116
0.55190504
0.55291307
0.55392307
0.55455464
0.55508381
0.55552387
0.55560708
0.55568862
0.55554467
0.55518425
0.55481565
0.55434912
0.55388170
0.55365771
0.55469120
1.22346520
1.22914243
1.23488116
1.24066496
1.24650335
1.25239694
1.25834644
1.26435280
1.27041674
1.27653921
1.28272080
1.28897202
1.29527509
1.30164003
1.30806780
1.31455934
1.32111573
1.32773781
1.33442664
1.34118319
1.34800851
1.35491395
1.36188006
1.36891818
1.37602949
1.38321495
1.39047599
1.39781356
1.40522897
1.41272354
1.42030990
1.42795515
1.43569469
1.44351864
1.45142829
1.45942521
1.46751070
1.47568619
1.48395336
1.49231362
1.50078130
1.50933290
1.51798236
1.52673161
1.53558230
1.54453623
1.55359519
1.56276107
1.57203567
1.58143508
1.59093332
1.60054648
1.61027634
1.62012529
1.63009548
1.64018917
1.65040863
1.66075623
1.67123437
1.68186152
1.69260848
1.70349371
1.71451986
1.72568977
1.73700607
1.74847186
1.76008987
1.77186346
1.78381336
1.79590750
1.80816674
1.82059455
1.83319438
1.84596980
1.85892451
1.87206233
1.88538718
1.89890301
1.91263473
1.92654550
1.94066012
1.95498312
1.96951914
1.98427296
1.99924946
2.01445365
0.33311656
0.33398223
0.33485237
0.33572772
0.33660701
0.23501778
0.23478250
0.23461632
0.23448220
0.23434728
0.23422611
0.23413922
0.23409550
0.23406255
0.23404963
0.23405272
0.23409487
0.23414785
0.23424830
0.23436426
0.23449455
0.23464695
0.23485498
0.35423869
0.35521847
0.35620296
0.35719293
0.35818914
0.35919020
0.36019760
0.36120993
0.36222798
0.36325249
0.36428210
0.36531755
0.36635968
0.36740699
0.36846107
0.36952046
0.37058595
0.37165835
0.37273625
0.37382039
0.37491164
0.37600771
0.37711179
0.37822157
0.37933791
0.38046166
0.38159129
0.38272762
0.38387159
0.38502157
0.38617846
0.38734317
0.38851410
0.38969296
0.39087814
0.39207056
0.39327115
0.39447823
0.39569274
0.39691564
0.39814523
0.39938337
0.40062833
0.40188107
0.40314257
0.40441111
0.40568766
0.40697324
0.40826604
0.40956801
0.41087738
0.41219515
0.41352233
0.41485715
0.41620061
0.41755378
0.41891477
0.42028469
0.42166358
0.42305157
0.42444971
0.42585611
0.42727187
0.42869812
0.43013287
0.43157828
0.43303242
0.43449637
0.43597132
0.43745527
0.43894932
0.44045472
0.44196939
0.44349560
0.44503129
0.44657764
0.44813591
0.44970396
0.45128301
0.45287436
0.45447579
0.45608860
0.45771408
0.45934999
0.46099883
0.46265835
0.46432987
0.46601471
0.46771061
0.46941888
0.47114095
0.47287443
0.47462198
0.47637993
0.47815225
0.47993910
0.48173806
0.48355055
0.48537803
0.48721805
0.48907346
0.49094167
0.49282420
0.49472260
0.49663430
0.49856085
0.50050378
0.50246054
0.50443405
0.50642169
0.50842506
0.51044583
0.51248121
0.51453292
0.51660258
0.51868749
0.52079082
0.52290970
0.52504593
0.52720124
0.52937275
0.53156221
0.53377146
0.53599751
0.53824389
0.54050750
0.54279023
0.54506063
0.54709607
0.54914504
0.55080181
0.55232286
0.55369043
0.55470675
0.55572331
0.55635029
0.55688465
0.55731356
0.55739909
0.55748117
0.55731708
0.55695438
0.55657822
0.55610871
0.55563831
0.55545795
0.55658865
1.22773504
1.23345208
1.23922265
1.24505603
1.25093591
1.25687146
1.26286376
1.26891339
1.27502131
1.28118825
1.28741515
1.29370296
1.30005240
1.30647409
1.31294978
1.31949008
1.32609582
1.33276808
1.33950782
1.34631598
1.35319376
1.36014223
1.36717284
1.37426591
1.38143301
1.38867521
1.39599383
1.40338993
1.41086483
1.41841984
1.42604470
1.43376350
1.44157803
1.44946647
1.45744157
1.46550500
1.47365820
1.48190260
1.49023974
1.49867117
1.50719857
1.51583660
1.52456105
1.53338647
1.54231477
1.55134761
1.56048679
1.56973445
1.57909226
1.58856225
1.59814668
1.60786188
1.61768126
1.62762129
1.63768423
1.64787233
1.65818810
1.66863370
1.67921185
1.68992496
1.70079184
1.71178293
1.72291696
1.73419690
1.74562550
1.75720561
1.76894045
1.78083313
1.79288673
1.80510461
1.81750870
1.83006573
1.84279740
1.85570753
1.86879969
1.88207793
1.89554632
1.90920877
1.92306960
1.93715429
1.95142543
1.96590841
1.98060787
1.99552894
2.01067638
2.02605557
0.33376741
0.33463708
0.33551067
0.33638945
0.33727223
0.33815962
0.33905238
0.23655127
0.23634836
0.23616774
0.23600210
0.23587421
0.23576267
0.23569211
0.23566060
0.23565406
0.23567215
0.23572020
0.23580670
0.23593485
0.23607002
0.23638132
0.35399777
0.35497549
0.35595864
0.35694796
0.35794210
0.35894176
0.35994777
0.36095870
0.36197606
0.36299843
0.36402658
0.36506131
0.36610121
0.36714706
0.36819965
0.36925751
0.37032226
0.37139240
0.37246871
0.37355208
0.37464100
0.37573546
0.37683794
0.37794611
0.37906164
0.38018295
0.38131091
0.38244638
0.38358784
0.38473612
0.38589215
0.38705429
0.38822430
0.38940057
0.39058396
0.39177543
0.39297333
0.39417860
0.39539215
0.39661232
0.39784002
0.39907625
0.40031928
0.40157101
0.40282965
0.40409622
0.40537170
0.40665433
0.40794510
0.40924504
0.41055232
0.41186896
0.41319311
0.41452578
0.41586804
0.41721809
0.41857690
0.41994458
0.42132124
0.42270797
0.42410284
0.42550695
0.42692140
0.42834428
0.42977664
0.43121967
0.43267140
0.43413395
0.43560538
0.43708682
0.43857944
0.44008121
0.44159332
0.44311693
0.44464999
0.44619480
0.44774929
0.44931462
0.45089206
0.45247951
0.45407814
0.45568928
0.45731074
0.45894375
0.46058968
0.46224624
0.46391597
0.46559662
0.46728945
0.46899590
0.47071359
0.47244519
0.47418830
0.47594303
0.47771338
0.47949564
0.48129126
0.48310170
0.48492450
0.48676106
0.48861298
0.49047765
0.49235800
0.49425143
0.49615949
0.49808374
0.50002158
0.50197452
0.50394422
0.50592798
0.50792891
0.50994420
0.51197565
0.51402473
0.51608884
0.51816958
0.52026868
0.52238333
0.52451682
0.52666622
0.52883327
0.53101987
0.53322303
0.53544450
0.53768623
0.53994513
0.54222310
0.54452205
0.54680699
0.54885548
0.55091941
0.55258524
0.55411619
0.55548745
0.55651206
0.55753529
0.55815762
0.55869550
0.55911487
0.55920273
0.55928528
0.55910087
0.55873758
0.55835199
0.55787951
0.55740607
0.55727172
0.55849916
1.23203492
1.23779213
1.24360335
1.24946952
1.25539124
1.26137817
1.26741362
1.27350700
1.27965927
1.28587139
1.29214394
1.29847813
1.30487466
1.31133449
1.31786847
1.32445788
1.33111370
1.33783662
1.34462774
1.35148835
1.35841918
1.36542153
1.37249637
1.37964499
1.38687921
1.39417875
1.40155566
1.40901101
1.41654599
1.42415071
1.43184900
1.43963099
1.44749796
1.45546341
1.46350491
1.47163570
1.47985744
1.48817158
1.49657953
1.50508308
1.51368392
1.52238357
1.53118372
1.54009962
1.54910648
1.55821919
1.56743979
1.57677031
1.58621240
1.59576833
1.60544014
1.61522985
1.62515450
1.63518691
1.64534390
1.65562785
1.66604114
1.67658639
1.68726587
1.69808233
1.70903826
1.72013652
1.73139679
1.74278831
1.75433075
1.76602709
1.77788043
1.78989398
1.80207109
1.81441486
1.82692897
1.83963597
1.85250163
1.86554849
1.87878036
1.89220142
1.90581560
1.91962695
1.93364012
1.94785929
1.96228909
1.97695637
1.99182212
2.00691319
2.02223468
2.03779197
0.33442146
0.33529389
0.33617154
0.33705318
0.33794007
0.33883101
0.33972600
0.34062704
0.34153220
0.23810139
0.23790441
0.23771092
0.23756118
0.23743221
0.23733567
0.23728156
0.23730054
0.23732680
0.23742208
0.23753963
0.35278472
0.35375646
0.35473284
0.35571536
0.35670263
0.35769537
0.35869440
0.35969830
0.36070853
0.36172375
0.36274469
0.36377215
0.36480471
0.36584315
0.36688825
0.36793858
0.36899498
0.37005818
0.37112680
0.37220237
0.37328339
0.37437072
0.37546441
0.37656450
0.37767106
0.37878495
0.37990463
0.38103175
0.38216475
0.38330454
0.38445196
0.38560542
0.38676584
0.38793409
0.38910860
0.39029106
0.39147991
0.39267600
0.39388031
0.39509112
0.39630944
0.39753616
0.39876959
0.40001163
0.40126050
0.40251720
0.40378273
0.40505531
0.40633592
0.40762562
0.40892255
0.41022781
0.41154233
0.41286439
0.41419590
0.41553506
0.41688293
0.41824055
0.41960505
0.42097947
0.42236394
0.42375654
0.42515936
0.42657048
0.42799100
0.42942205
0.43086165
0.43231097
0.43377110
0.43524006
0.43672007
0.43820912
0.43970835
0.44121897
0.44273889
0.44426933
0.44581151
0.44736329
0.44892707
0.45050067
0.45208532
0.45368233
0.45528951
0.45690811
0.45853943
0.46018127
0.46183607
0.46350163
0.46517926
0.46687031
0.46857244
0.47028702
0.47201547
0.47375542
0.47550821
0.47727403
0.47905302
0.48084664
0.48265240
0.48447180
0.48630628
0.48815337
0.49001589
0.49189132
0.49378115
0.49568698
0.49760613
0.49954024
0.50149083
0.50345534
0.50543666
0.50743222
0.50944364
0.51147252
0.51351613
0.51557612
0.51765424
0.51974761
0.52185804
0.52398723
0.52613229
0.52829653
0.53047705
0.53267568
0.53489423
0.53712970
0.53938395
0.54165882
0.54395133
0.54626495
0.54856288
0.55062634
0.55270362
0.55437851
0.55592287
0.55729616
0.55832922
0.55936086
0.55997497
0.56051987
0.56092614
0.56101453
0.56109941
0.56089604
0.56053042
0.56013888
0.55966163
0.55918515
0.55909556
0.56042457
1.23636496
1.24216282
1.24801528
1.25392318
1.25988722
1.26590836
1.27199638
1.27813399
1.28433120
1.29058886
1.29690766
1.30328870
1.30973279
1.31624103
1.32281423
1.32945335
1.33616960
1.34294379
1.34978712
1.35670042
1.36368501
1.37074184
1.37787211
1.38507700
1.39235759
1.39972615
1.40716195
1.41467714
1.42226171
1.42993963
1.43770075
1.44554663
1.45347869
1.46149814
1.46960664
1.47781789
1.48610902
1.49449372
1.50297356
1.51155019
1.52022529
1.52900040
1.53787756
1.54685831
1.55595815
1.56515205
1.57445514
1.58386946
1.59339714
1.60304010
1.61280048
1.62268043
1.63268220
1.64280796
1.65307558
1.66345668
1.67396903
1.68461514
1.69539750
1.70631874
1.71738160
1.72858894
1.73994339
1.75146532
1.76312339
1.77493763
1.78691137
1.79904771
1.81134999
1.82382166
1.83646631
1.84928751
1.86228907
1.87549436
1.88886833
1.90243435
1.91619670
1.93015957
1.94432735
1.95870471
1.97329640
1.98810697
2.00316429
2.01842833
2.03392673
2.04966521
0.33507803
0.33595392
0.33683440
0.33772016
0.33860993
0.33950439
0.34040362
0.34130758
0.34221706
0.34313071
0.34404925
0.23970456
0.23949976
0.23925415
0.23910342
0.23900069
0.23896122
0.23897758
0.23907581
0.35254577
0.35351548
0.35449123
0.35547170
0.35645762
0.35744974
0.35844666
0.35944915
0.36045799
0.36147180
0.36249205
0.36351734
0.36454844
0.36558616
0.36662906
0.36767790
0.36873356
0.36979449
0.37086156
0.37193561
0.37301508
0.37410164
0.37519297
0.37629145
0.37739721
0.37850869
0.37962672
0.38075218
0.38188353
0.38302246
0.38416734
0.38531911
0.38647863
0.38764432
0.38881707
0.38999778
0.39118481
0.39237997
0.39358157
0.39479056
0.39600790
0.39723185
0.39846343
0.39970353
0.40095049
0.40220615
0.40346879
0.40473941
0.40601894
0.40730569
0.40860060
0.40990472
0.41121623
0.41253713
0.41386557
0.41520262
0.41654930
0.41790375
0.41926605
0.42063925
0.42202047
0.42341182
0.42481133
0.42622015
0.42763937
0.42906702
0.43050423
0.43195218
0.43340883
0.43487534
0.43635288
0.43783942
0.43933719
0.44084415
0.44236150
0.44389042
0.44542885
0.44697797
0.44853905
0.45010993
0.45169300
0.45328605
0.45489043
0.45650735
0.45813462
0.45977357
0.46142545
0.46308804
0.46476388
0.46645066
0.46814975
0.46986249
0.47158656
0.47332332
0.47507292
0.47683552
0.47861251
0.48040152
0.48220393
0.48402125
0.48585099
0.48769462
0.48955363
0.49142551
0.49331316
0.49521396
0.49712947
0.49906126
0.50100672
0.50296736
0.50494486
0.50693655
0.50894547
0.51096892
0.51300848
0.51506591
0.51713842
0.51922762
0.52133530
0.52345866
0.52560097
0.52775925
0.52993536
0.53213108
0.53434348
0.53657436
0.53882551
0.54109406
0.54338342
0.54569060
0.54801571
0.55033183
0.55241030
0.55450112
0.55618346
0.55773968
0.55911487
0.56015652
0.56119668
0.56180423
0.56235445
0.56275088
0.56283987
0.56292707
0.56270462
0.56233490
0.56193548
0.56145513
0.56097561
0.56093317
0.56236154
1.24072552
1.24656451
1.25245857
1.25840867
1.26441562
1.27048028
1.27660322
1.28278553
1.28903735
1.29534101
1.30170655
1.30813503
1.31462729
1.32118440
1.32780719
1.33449662
1.34125388
1.34809017
1.35498607
1.36195302
1.36899185
1.37610388
1.38329029
1.39055204
1.39789045
1.40530670
1.41280210
1.42038918
1.42803526
1.43577576
1.44360065
1.45151114
1.45950902
1.46759534
1.47577178
1.48403990
1.49241376
1.50086987
1.50942242
1.51807308
1.52682328
1.53567505
1.54463005
1.55369020
1.56285715
1.57213283
1.58153343
1.59103286
1.60064721
1.61037838
1.62022853
1.63020003
1.64029503
1.65051579
1.66086471
1.67135990
1.68197274
1.69272113
1.70360792
1.71463549
1.72580683
1.73712468
1.74859202
1.76021171
1.77198684
1.78393853
1.79603434
1.80829537
1.82072496
1.83332658
1.84610379
1.85906041
1.87220013
1.88552690
1.89906514
1.91277850
1.92669153
1.94080830
1.95513344
1.96967173
1.98442781
1.99940658
2.01461339
2.03005314
2.04575491
2.06167746
0.33573657
0.33661655
0.33750051
0.33838978
0.33928308
0.34018046
0.34108391
0.34199154
0.34290397
0.34382197
0.34474424
0.34567213
0.34660435
0.24124934
0.24097598
0.24078724
0.24069120
0.24070258
0.35230643
0.35327482
0.35424927
0.35522839
0.35621366
0.35720369
0.35819924
0.35920107
0.36020780
0.36122021
0.36223903
0.36326289
0.36429328
0.36532882
0.36637023
0.36741835
0.36847174
0.36953118
0.37059751
0.37166923
0.37274796
0.37383217
0.37492269
0.37601960
0.37712297
0.37823281
0.37935004
0.38047305
0.38160354
0.38273996
0.38388318
0.38503405
0.38619104
0.38735497
0.38852683
0.38970491
0.39089015
0.39208353
0.39328331
0.39449134
0.39570594
0.39692804
0.39815861
0.39939591
0.40064186
0.40189469
0.40315536
0.40442491
0.40570155
0.40698627
0.40828007
0.40958121
0.41089064
0.41220945
0.41353577
0.41487166
0.41621521
0.41756749
0.41892958
0.42029858
0.42167756
0.42306665
0.42446387
0.42587140
0.42728725
0.42871258
0.43014845
0.43159294
0.43304718
0.43451229
0.43598628
0.43747032
0.43896556
0.44046998
0.44198585
0.44351107
0.44504687
0.44659445
0.44815171
0.44971988
0.45130017
0.45289049
0.45449319
0.45610613
0.45773056
0.45936775
0.46101555
0.46267518
0.46434802
0.46603179
0.46772903
0.46943745
0.47115839
0.47289327
0.47463968
0.47639778
0.47817153
0.47995722
0.48175761
0.48357025
0.48539656
0.48723808
0.48909226
0.49096063
0.49284467
0.49474186
0.49665511
0.49858180
0.50052351
0.50248182
0.50445408
0.50644183
0.50844681
0.51046628
0.51250333
0.51455522
0.51662356
0.51871014
0.52081215
0.52293122
0.52506918
0.52722311
0.52939636
0.53158599
0.53379387
0.53602177
0.53826666
0.54053050
0.54281509
0.54511738
0.54744101
0.54978108
0.55211216
0.55420417
0.55631036
0.55800194
0.55956835
0.56094730
0.56199402
0.56304461
0.56364721
0.56420106
0.56458759
0.56467712
0.56476492
0.56452310
0.56415099
0.56374359
0.56326020
0.56277758
0.56278116
0.56434417
1.24511695
1.25099742
1.25693369
1.26292646
1.26897669
1.27508521
1.28125286
1.28748035
1.29376876
1.30012834
1.30654120
1.31301761
1.31955862
1.32616496
1.33283794
1.33957839
1.34638727
1.35326576
1.36021495
1.36724639
1.37434018
1.38150811
1.38875115
1.39607048
1.40346742
1.41094315
1.41849887
1.42612457
1.43385589
1.44165981
1.44954908
1.45752513
1.46558952
1.47374356
1.48198891
1.49032700
1.49875951
1.50728798
1.51592696
1.52465248
1.53347898
1.54240835
1.55144227
1.56058264
1.56983125
1.57919025
1.58866155
1.59826148
1.60796356
1.61778414
1.62772548
1.63778973
1.64797914
1.65829623
1.66874325
1.67932272
1.69003725
1.70090556
1.71189821
1.72303379
1.73431516
1.74574530
1.75732708
1.76906347
1.78095782
1.79301310
1.80525112
1.81763864
1.83019745
1.84293091
1.85584295
1.86893702
1.88221729
1.89568758
1.90935218
1.92321503
1.93730187
1.95157516
1.96606040
1.98076212
1.99568546
2.01083541
2.02621698
2.04183602
2.05769730
2.07383132
0.33639836
0.33728117
0.33816928
0.33906141
0.33995828
0.34085989
0.34176630
0.34267822
0.34359434
0.34451538
0.34544203
0.34637302
0.34730971
0.34825081
0.34919700
0.24271648
0.24289764
0.35206741
0.35303521
0.35400763
0.35498610
0.35596931
0.35695800
0.35795289
0.35895264
0.35995796
0.36096966
0.36198637
0.36300951
0.36403775
0.36507180
0.36611250
0.36715841
0.36821032
0.36926901
0.37033305
0.37140325
0.37248039
0.37356305
0.37465280
0.37574735
0.37684911
0.37795815
0.37907293
0.38019431
0.38132316
0.38245788
0.38360023
0.38474861
0.38590387
0.38706690
0.38823617
0.38941249
0.39059681
0.39178750
0.39298636
0.39419168
0.39540443
0.39662555
0.39785334
0.39908877
0.40033278
0.40158367
0.40284333
0.40410998
0.40538463
0.40666828
0.40795913
0.40925822
0.41056654
0.41188228
0.41320652
0.41454026
0.41588166
0.41723275
0.41859165
0.41995847
0.42133620
0.42272201
0.42411700
0.42552221
0.42693573
0.42835972
0.42979223
0.43123430
0.43268716
0.43414879
0.43562031
0.43710291
0.43859458
0.44009754
0.44160974
0.44313237
0.44466665
0.44621047
0.44776505
0.44933161
0.45090806
0.45249674
0.45409551
0.45570561
0.45732835
0.45896152
0.46060637
0.46226424
0.46393290
0.46561366
0.46730787
0.46901318
0.47073227
0.47246274
0.47420597
0.47596213
0.47773132
0.47951373
0.48131078
0.48312005
0.48494431
0.48678103
0.48863176
0.49049795
0.49237707
0.49427065
0.49618024
0.49810323
0.50004262
0.50199574
0.50396419
0.50594956
0.50794917
0.50996470
0.51199770
0.51404554
0.51611131
0.51819223
0.52029002
0.52240634
0.52453846
0.52668804
0.52885687
0.53104204
0.53324699
0.53546864
0.53770894
0.53996968
0.54224789
0.54454535
0.54686409
0.54919928
0.55155790
0.55390579
0.55600971
0.55812967
0.55983061
0.56140733
0.56279182
0.56384182
0.56489396
0.56548977
0.56605083
0.56643629
0.56652462
0.56661481
0.56635338
0.56597883
0.56556344
0.56507689
0.56459117
0.56464309
0.56640208
1.24953091
1.25546205
1.26144075
1.26747680
1.27357078
1.27972376
1.28593636
1.29220963
1.29854441
1.30494165
1.31140220
1.31793678
1.32452691
1.33118331
1.33790696
1.34469891
1.35156012
1.35849178
1.36549485
1.37257040
1.37973046
1.38695490
1.39425528
1.40163291
1.40908909
1.41662490
1.42423046
1.43192959
1.43971252
1.44758046
1.45554674
1.46358907
1.47172093
1.47994351
1.48825860
1.49666762
1.50517225
1.51377404
1.52247465
1.53128910
1.54019284
1.54920077
1.55831468
1.56753647
1.57686806
1.58631134
1.59586847
1.60554147
1.61533248
1.62525833
1.63529205
1.64545035
1.65573561
1.66615033
1.67669690
1.68737781
1.69819570
1.70915318
1.72026956
1.73151469
1.74290776
1.75445187
1.76614976
1.77800477
1.79001999
1.80219877
1.81454432
1.82706022
1.83976901
1.85263658
1.86568534
1.87891924
1.89234221
1.90595841
1.91977191
1.93378711
1.94800854
1.96246219
1.97711003
1.99197817
2.00707173
2.02239561
2.03795528
2.05375648
2.06980443
2.08610511
0.33706275
0.33794904
0.33884004
0.33973572
0.34063616
0.34154204
0.34245208
0.34336701
0.34428748
0.34521225
0.34614199
0.34707743
0.34801725
0.34896287
0.34991297
0.35086823
0.35182944
0.35279521
0.35376629
0.35474345
0.35572532
0.35671335
0.35770616
0.35870451
0.35970920
0.36071879
0.36173403
0.36275578
0.36378255
0.36481592
0.36585441
0.36689883
0.36794999
0.36900645
0.37006897
0.37113839
0.37221324
0.37329513
0.37438253
0.37547550
0.37657645
0.37768307
0.37879625
0.37991679
0.38104317
0.38217705
0.38331690
0.38446358
0.38561794
0.38677844
0.38794592
0.38912135
0.39030305
0.39149195
0.39268899
0.39389250
0.39510429
0.39632267
0.39754859
0.39878300
0.40002421
0.40127316
0.40253085
0.40379554
0.40506911
0.40634984
0.40763867
0.40893665
0.41024196
0.41155565
0.41287875
0.41420940
0.41554961
0.41689757
0.41825429
0.41961989
0.42099440
0.42237797
0.42377168
0.42517358
0.42658582
0.42800644
0.42943656
0.43087730
0.43232670
0.43378589
0.43525600
0.43673506
0.43822423
0.43972462
0.44123426
0.44275540
0.44428596
0.44582713
0.44738016
0.44894290
0.45051661
0.45210254
0.45369852
0.45530698
0.45692569
0.45855597
0.46019909
0.46185285
0.46351853
0.46519750
0.46688744
0.46859095
0.47030568
0.47203299
0.47377431
0.47552601
0.47729197
0.47907236
0.48086482
0.48267204
0.48449156
0.48632488
0.48817345
0.49003479
0.49191034
0.49380171
0.49570629
0.49762562
0.49956128
0.50151062
0.50347668
0.50545675
0.50745249
0.50946552
0.51149309
0.51353687
0.51559854
0.51767528
0.51977038
0.52188098
0.52400881
0.52615559
0.52831846
0.53049922
0.53269958
0.53491676
0.53715402
0.53940845
0.54168189
0.54397625
0.54628843
0.54862040
0.55097228
0.55334449
0.55570942
0.55782533
0.55995560
0.56164289
0.56322098
0.56457686
0.56563354
0.56669235
0.56725943
0.56782401
0.56817561
0.56828266
0.56838787
0.56811941
0.56777513
0.56738418
0.56690532
0.56642008
0.56651920
0.56847501
1.25398505
1.25994968
1.26597142
1.27206004
1.27819824
1.28439605
1.29065430
1.29697382
1.30335546
1.30980027
1.31630921
1.32288301
1.32953286
1.33623981
1.34301472
1.34985876
1.35677290
1.36375821
1.37081575
1.37794685
1.38515246
1.39243388
1.39980316
1.40723979
1.41475594
1.42234135
1.43001997
1.43778205
1.44562888
1.45356178
1.46158218
1.46970379
1.47790384
1.48619592
1.49458158
1.50306237
1.51164007
1.52031612
1.52909231
1.53797054
1.54695237
1.55605340
1.56524837
1.57455266
1.58396816
1.59349692
1.60314107
1.61290276
1.62278390
1.63278699
1.64292932
1.65318298
1.66356552
1.67407930
1.68472672
1.69551051
1.70643330
1.71749759
1.72870648
1.74006248
1.75158596
1.76324558
1.77506149
1.78703690
1.79917490
1.81147897
1.82395244
1.83659899
1.84942198
1.86244488
1.87563276
1.88900864
1.90257668
1.91634107
1.93030608
1.94447601
1.95885563
1.97344947
1.98826241
2.00332189
2.01858854
2.03408957
2.04983044
2.06581688
2.08205462
2.09854960
0.33772913
0.33861959
0.33951345
0.34041336
0.34131742
0.34222627
0.34314063
0.34405923
0.34498277
0.34591195
0.34684545
0.34778473
0.34872839
0.34967718
0.35063186
0.35159105
0.35255554
0.35352600
0.35450113
0.35548165
0.35646832
0.35745978
0.35845748
0.35946003
0.36046821
0.36148280
0.36250240
0.36352846
0.36455965
0.36559668
0.36664039
0.36768931
0.36874425
0.36980602
0.37087315
0.37194648
0.37302682
0.37411264
0.37520483
0.37630340
0.37740842
0.37852076
0.37963885
0.38076359
0.38189584
0.38303399
0.38417977
0.38533163
0.38649037
0.38765699
0.38882980
0.39000973
0.39119771
0.39239207
0.39359376
0.39480370
0.39602023
0.39724517
0.39847681
0.39971611
0.40096402
0.40221888
0.40348253
0.40475321
0.40603191
0.40731966
0.40861467
0.40991792
0.41123047
0.41255051
0.41387904
0.41521713
0.41656294
0.41791844
0.41928086
0.42065316
0.42203549
0.42342591
0.42482552
0.42623547
0.42765373
0.42908254
0.43051985
0.43196684
0.43342465
0.43489128
0.43636784
0.43785557
0.43935236
0.44086054
0.44237798
0.44390592
0.44544557
0.44699481
0.44855487
0.45012701
0.45170903
0.45330337
0.45490786
0.45652375
0.45815232
0.45979136
0.46144220
0.46310613
0.46478087
0.46646777
0.46816820
0.46987984
0.47160530
0.47334218
0.47509068
0.47685468
0.47863051
0.48041967
0.48222354
0.48403969
0.48587090
0.48771468
0.48957250
0.49144587
0.49333230
0.49523324
0.49715030
0.49908084
0.50102788
0.50298870
0.50496495
0.50695825
0.50896585
0.51098943
0.51303065
0.51508677
0.51716095
0.51925033
0.52135670
0.52348179
0.52562267
0.52778119
0.52995902
0.53215337
0.53436595
0.53659862
0.53884840
0.54111874
0.54340667
0.54571396
0.54804099
0.55038798
0.55275512
0.55514443
0.55751085
0.55963874
0.56178296
0.56345272
0.56504101
0.56637323
0.56743664
0.56846958
0.56904018
0.56960833
0.56992567
0.57003337
0.57014108
0.56982899
0.56948256
0.56908023
0.56862390
0.56819195
0.56841695
0.57059795
1.25847101
1.26447856
1.27054369
1.27666736
1.28285956
1.28910267
1.29540706
1.30177319
1.30820239
1.31469536
1.32125306
1.32787645
1.33456671
1.34132469
1.34816158
1.35505831
1.36202598
1.36906564
1.37617838
1.38336551
1.39062810
1.39796722
1.40538430
1.41289175
1.42046857
1.42811549
1.43585682
1.44368255
1.45159400
1.45959270
1.46768010
1.47585750
1.48412657
1.49250138
1.50095856
1.50951207
1.51816368
1.52691507
1.53576779
1.54472387
1.55378509
1.56295311
1.57224393
1.58163178
1.59113252
1.60074794
1.61048031
1.62033176
1.63030457
1.64040077
1.65062284
1.66097319
1.67146981
1.68208396
1.69283390
1.70372200
1.71475112
1.72592402
1.73724341
1.74871230
1.76033354
1.77212799
1.78406370
1.79616129
1.80842400
1.82085526
1.83345866
1.84623778
1.85919631
1.87233794
1.88566673
1.89920700
1.91292238
1.92683744
1.94095647
1.95528376
1.96982431
1.98458266
1.99956381
2.01477289
2.03023839
2.04591942
2.06184459
2.07801986
2.09445071
2.11114335
0.33839878
0.33929214
0.34019023
0.34109306
0.34200138
0.34291390
0.34383127
0.34475425
0.34568152
0.34661379
0.34755179
0.34849420
0.34944242
0.35039511
0.35135302
0.35231689
0.35328534
0.35425913
0.35523903
0.35622364
0.35721445
0.35821006
0.35921124
0.36021873
0.36123118
0.36224934
0.36327401
0.36430374
0.36534005
0.36638153
0.36742899
0.36848319
0.36954269
0.37060830
0.37168086
0.37275887
0.37384394
0.37493452
0.37603074
0.37713495
0.37824488
0.37936133
0.38048524
0.38161501
0.38275149
0.38389558
0.38504571
0.38620362
0.38736764
0.38853869
0.38971770
0.39090303
0.39209560
0.39329633
0.39450359
0.39571914
0.39694130
0.39817107
0.39940935
0.40065446
0.40190738
0.40316907
0.40443778
0.40571541
0.40700021
0.40829319
0.40959534
0.41090488
0.41222283
0.41355020
0.41488519
0.41622883
0.41758218
0.41894338
0.42031348
0.42169255
0.42308071
0.42447907
0.42588568
0.42730162
0.42872804
0.43016300
0.43160865
0.43306297
0.43452713
0.43600231
0.43748644
0.43898073
0.44048634
0.44200122
0.44352767
0.44506356
0.44661015
0.44816864
0.44973692
0.45131621
0.45290777
0.45450944
0.45612365
0.45774820
0.45938435
0.46103346
0.46269321
0.46436498
0.46605009
0.46774626
0.46945480
0.47117710
0.47291085
0.47465867
0.47641692
0.47818950
0.47997662
0.48177585
0.48358864
0.48541641
0.48725674
0.48911241
0.49098092
0.49286377
0.49476248
0.49667451
0.49860135
0.50054461
0.50250167
0.50447547
0.50646347
0.50846720
0.51048827
0.51252401
0.51457602
0.51664609
0.51873130
0.52083498
0.52295429
0.52509087
0.52724653
0.52941841
0.53160822
0.53381789
0.53604436
0.53828943
0.54055512
0.54283822
0.54514241
0.54746455
0.54980487
0.55216867
0.55455118
0.55695611
0.55932397
0.56146574
0.56362402
0.56527245
0.56687284
0.56817925
0.56925130
0.57025611
0.57083219
0.57140392
0.57168651
0.57179672
0.57189959
0.57154882
0.57120037
0.57078457
0.57032740
0.56991655
0.57028902
0.57291746
1.26298916
1.26904011
1.27514911
1.28131735
1.28754556
1.29383457
1.30019486
1.30660832
1.31308544
1.31962705
1.32623422
1.33290780
1.33964896
1.34645855
1.35333788
1.36029816
1.36731994
1.37441456
1.38158309
1.38882697
1.39614713
1.40354490
1.41102135
1.41857803
1.42620456
1.43393672
1.44174147
1.44963169
1.45760870
1.46567392
1.47382903
1.48207533
1.49041438
1.49884784
1.50739002
1.51601732
1.52474391
1.53357148
1.54250181
1.55153692
1.56067836
1.56992817
1.57928836
1.58876085
1.59836185
1.60806525
1.61788702
1.62782967
1.63789523
1.64808595
1.65840435
1.66885281
1.67943358
1.69016564
1.70101941
1.71201348
1.72315049
1.73443341
1.74586511
1.75744855
1.76918662
1.78108251
1.79313958
1.80537927
1.81776857
1.83032918
1.84306455
1.85597837
1.86907446
1.88235664
1.89582896
1.90949547
1.92338133
1.93744946
1.95172501
1.96621239
1.98091650
1.99584210
2.01099443
2.02637863
2.04199982
2.05786395
2.07400060
2.09036779
2.10699534
2.12388945
0.33907109
0.33996737
0.34086904
0.34177616
0.34268746
0.34360430
0.34452537
0.34545141
0.34638312
0.34731919
0.34826034
0.34920728
0.35015869
0.35111600
0.35207787
0.35304502
0.35401818
0.35499603
0.35597929
0.35696873
0.35796297
0.35896349
0.35996887
0.36097991
0.36199740
0.36301988
0.36404815
0.36508304
0.36612305
0.36716977
0.36822173
0.36927974
0.37034461
0.37141487
0.37249133
0.37357482
0.37466386
0.37575924
0.37686110
0.37796938
0.37908503
0.38020650
0.38133457
0.38247022
0.38361183
0.38476107
0.38591641
0.38707870
0.38824886
0.38942525
0.39060882
0.39180046
0.39299852
0.39420390
0.39541763
0.39663795
0.39786670
0.39910221
0.40034539
0.40159726
0.40285608
0.40412283
0.40539846
0.40668127
0.40797314
0.40927231
0.41057980
0.41189659
0.41322091
0.41455376
0.41589624
0.41724643
0.41860643
0.41997331
0.42135018
0.42273709
0.42413214
0.42553645
0.42695111
0.42837417
0.42980778
0.43124998
0.43270189
0.43416467
0.43563631
0.43711796
0.43861079
0.44011277
0.44162509
0.44314891
0.44468221
0.44622725
0.44778195
0.44934750
0.45092520
0.45251286
0.45411173
0.45572311
0.45734480
0.45897925
0.46062425
0.46228105
0.46395105
0.46563193
0.46732503
0.46903172
0.47074971
0.47248155
0.47422493
0.47597995
0.47775057
0.47953311
0.48132902
0.48313972
0.48496279
0.48679969
0.48865187
0.49051687
0.49239749
0.49429125
0.49619961
0.49812415
0.50006229
0.50201559
0.50398558
0.50596970
0.50797093
0.50998658
0.51201832
0.51406777
0.51613224
0.51821333
0.52031279
0.52242780
0.52456164
0.52671140
0.52887887
0.53106582
0.53326935
0.53549123
0.53773332
0.53999263
0.54227269
0.54457039
0.54688764
0.54922467
0.55158180
0.55395925
0.55635899
0.55877793
0.56114715
0.56330472
0.56547719
0.56710583
0.56871659
0.56999868
0.57107759
0.57205397
0.57263368
0.57321084
0.57345831
0.57356918
0.57363200
0.57328099
0.57292855
0.57250106
0.57203925
0.57164979
0.57217348
1.26150334
1.26753998
1.27363455
1.27978814
1.28600144
1.29227531
1.29861069
1.30500865
1.31147945
1.31800508
1.32459593
1.33125305
1.33797741
1.34476995
1.35163200
1.35856426
1.36556816
1.37264454
1.37980533
1.38703048
1.39433169
1.40171015
1.40916717
1.41670382
1.42431021
1.43201029
1.43979394
1.44767463
1.45563006
1.46367335
1.47180605
1.48002970
1.48834574
1.49675572
1.50526130
1.51386416
1.52256584
1.53138137
1.54028618
1.54929519
1.55841017
1.56763315
1.57696581
1.58641028
1.59596860
1.60564280
1.61544967
1.62536228
1.63539720
1.64555681
1.65584350
1.66625953
1.67680740
1.68748975
1.69830906
1.70926797
1.72038591
1.73163259
1.74302721
1.75457287
1.76627243
1.77812910
1.79014599
1.80232644
1.81467390
1.82721031
1.83990216
1.85277152
1.86582220
1.87905812
1.89248312
1.90610123
1.91991687
1.93393421
1.94815779
1.96261370
1.97726381
1.99213421
2.00723004
2.02255654
2.03811860
2.05392218
2.06997275
2.08627629
2.10286331
2.11969090
2.13679028
0.33974481
0.34064594
0.34155121
0.34246132
0.34337693
0.34429681
0.34522229
0.34615210
0.34708691
0.34802747
0.34897247
0.34992328
0.35087860
0.35183915
0.35280570
0.35377684
0.35475335
0.35573599
0.35672337
0.35771623
0.35871536
0.35971937
0.36072972
0.36174506
0.36276612
0.36379370
0.36482638
0.36586493
0.36691019
0.36796066
0.36901793
0.37008050
0.37114924
0.37222493
0.37330610
0.37439355
0.37548739
0.37658760
0.37769511
0.37880832
0.37992814
0.38105541
0.38218856
0.38332847
0.38447604
0.38562965
0.38679105
0.38795862
0.38913324
0.39031589
0.39150488
0.39270112
0.39390558
0.39511657
0.39633590
0.39756191
0.39879552
0.40003771
0.40128675
0.40254360
0.40380928
0.40508202
0.40636283
0.40765268
0.40894979
0.41025615
0.41156992
0.41289213
0.41422385
0.41556320
0.41691124
0.41826904
0.41963372
0.42100933
0.42239299
0.42378581
0.42518881
0.42660013
0.42802086
0.42945209
0.43089190
0.43234247
0.43380174
0.43527091
0.43675116
0.43824041
0.43973985
0.44125068
0.44277084
0.44430259
0.44584388
0.44739589
0.44895989
0.45053372
0.45211864
0.45371586
0.45532328
0.45694327
0.45857370
0.46021575
0.46187082
0.46353665
0.46521452
0.46690580
0.46860820
0.47032306
0.47205177
0.47379199
0.47554505
0.47731116
0.47909042
0.48088431
0.48269036
0.48451003
0.48634481
0.48819220
0.49005502
0.49193075
0.49382088
0.49572700
0.49764648
0.49958089
0.50153184
0.50349659
0.50547689
0.50747418
0.50948590
0.51151514
0.51355910
0.51561946
0.51769787
0.51979166
0.52190244
0.52403194
0.52617735
0.52834201
0.53052294
0.53272194
0.53494084
0.53717673
0.53943133
0.54170662
0.54399949
0.54631358
0.54864407
0.55099618
0.55337030
0.55576319
0.55817866
0.56061345
0.56298405
0.56515580
0.56733173
0.56894928
0.57057053
0.57182795
0.57291746
0.57386315
0.57444656
0.57502925
0.57524109
0.57535452
0.57537496
0.57502180
0.57466906
0.57422787
0.57376325
0.57339549
0.57407045
1.26604342
1.27212369
1.27826250
1.28446102
1.29071987
1.29703999
1.30342233
1.30986774
1.31637728
1.32295191
1.32960236
1.33631003
1.34308565
1.34993041
1.35684526
1.36383128
1.37088966
1.37802148
1.38522792
1.39252102
1.39988029
1.40731776
1.41483462
1.42242086
1.43010044
1.43786335
1.44571102
1.45364487
1.46166623
1.46978867
1.47798979
1.48628283
1.49466944
1.50315130
1.51172996
1.52040696
1.52918434
1.53806353
1.54706001
1.55614865
1.56534469
1.57465005
1.58406687
1.59359682
1.60324216
1.61300504
1.62288749
1.63289189
1.64303541
1.65329051
1.66367435
1.67418945
1.68483829
1.69562364
1.70654774
1.71761370
1.72882390
1.74019861
1.75170660
1.76336789
1.77518547
1.78716254
1.79930222
1.81160808
1.82408333
1.83673167
1.84955657
1.86258137
1.87577105
1.88914895
1.90271902
1.91648543
1.93045259
1.94462478
1.95900655
1.97360265
1.98844016
2.00347972
2.01874876
2.03425217
2.04999566
2.06598473
2.08222508
2.09872270
2.11548400
2.13251519
2.14984870
0.34042248
0.34132656
0.34223613
0.34314990
0.34406921
0.34499279
0.34592137
0.34685561
0.34779423
0.34873796
0.34968749
0.35064152
0.35160148
0.35256600
0.35353583
0.35451171
0.35549229
0.35647833
0.35747054
0.35846758
0.35947093
0.36047918
0.36149308
0.36251345
0.36353886
0.36457008
0.36560795
0.36665097
0.36770070
0.36875570
0.36981678
0.37088475
0.37195814
0.37303776
0.37412444
0.37521589
0.37631452
0.37742043
0.37853202
0.37965101
0.38077581
0.38190728
0.38304636
0.38419139
0.38534331
0.38650298
0.38766882
0.38884255
0.39002255
0.39120975
0.39240506
0.39360681
0.39481595
0.39603344
0.39725757
0.39849019
0.39972955
0.40097669
0.40223253
0.40349531
0.40476608
0.40604579
0.40733272
0.40862873
0.40993208
0.41124380
0.41256487
0.41389349
0.41523069
0.41657755
0.41793218
0.41929469
0.42066807
0.42204949
0.42344102
0.42484075
0.42624974
0.42766917
0.42909703
0.43053445
0.43198258
0.43343943
0.43490720
0.43638390
0.43787065
0.43936864
0.44087583
0.44239339
0.44392255
0.44546118
0.44701165
0.44857183
0.45014295
0.45172623
0.45331955
0.45492414
0.45654130
0.45816883
0.45980918
0.46146014
0.46312299
0.46479908
0.46648613
0.46818545
0.46989846
0.47162279
0.47335982
0.47510970
0.47687256
0.47864982
0.48043913
0.48224181
0.48405942
0.48588946
0.48773471
0.48959270
0.49146488
0.49335280
0.49525392
0.49716973
0.49910185
0.50104761
0.50300860
0.50498641
0.50697845
0.50898767
0.51101142
0.51305139
0.51510912
0.51718199
0.51927155
0.52137959
0.52350330
0.52564597
0.52780467
0.52998114
0.53217721
0.53438997
0.53662127
0.53887284
0.54114175
0.54342985
0.54573911
0.54806465
0.55041349
0.55278087
0.55516869
0.55757892
0.56000847
0.56245929
0.56483120
0.56701732
0.56917667
0.57080472
0.57243848
0.57366896
0.57476556
0.57568383
0.57627094
0.57685733
0.57703495
0.57714909
0.57713038
0.57677323
0.57641834
0.57596326
0.57549584
0.57515001
0.57602102
1.27060723
1.27673137
1.28292429
1.28916812
1.29547298
1.30183995
1.30826962
1.31476331
1.32132173
1.32794583
1.33463669
1.34140551
1.34823310
1.35513055
1.36209893
1.36913931
1.37625289
1.38344073
1.39070415
1.39804411
1.40546203
1.41297030
1.42054784
1.42819571
1.43593788
1.44376457
1.45167696
1.45967650
1.46776474
1.47594321
1.48422551
1.49258900
1.50104713
1.50960171
1.51825428
1.52700675
1.53586066
1.54481781
1.55387998
1.56304920
1.57234120
1.58173025
1.59123206
1.60084867
1.61058235
1.62043512
1.63040912
1.64050663
1.65073001
1.66109717
1.67157960
1.68219519
1.69294655
1.70383620
1.71486676
1.72604120
1.73736215
1.74883258
1.76045549
1.77225149
1.78418887
1.79628813
1.80855262
1.82098567
1.83359087
1.84637189
1.85933220
1.87247586
1.88582659
1.89934886
1.91306639
1.92698348
1.94110453
1.95543420
1.96997690
1.98473752
1.99972105
2.01493263
2.03040028
2.04608393
2.06201172
2.07818961
2.09462309
2.11131883
2.12828255
2.14552116
2.16304135
0.34110287
0.34201059
0.34292313
0.34384125
0.34476361
0.34569159
0.34662393
0.34756130
0.34850442
0.34945202
0.35040477
0.35136342
0.35232663
0.35329586
0.35426971
0.35524896
0.35623434
0.35722446
0.35822013
0.35922211
0.36022896
0.36124218
0.36226040
0.36328438
0.36431491
0.36535054
0.36639211
0.36744034
0.36849385
0.36955419
0.37061989
0.37169173
0.37277058
0.37385494
0.37494558
0.37604263
0.37714612
0.37825611
0.37937346
0.38049662
0.38162726
0.38276383
0.38390717
0.38505822
0.38621533
0.38737944
0.38855141
0.38972965
0.39091593
0.39210856
0.39330852
0.39451671
0.39573145
0.39695370
0.39818442
0.39942190
0.40066800
0.40192100
0.40318185
0.40445155
0.40572834
0.40701324
0.40830722
0.40960854
0.41091910
0.41223714
0.41356364
0.41489971
0.41624343
0.41759589
0.41895816
0.42032737
0.42170754
0.42309579
0.42449322
0.42590094
0.42731699
0.42874250
0.43017861
0.43162328
0.43307877
0.43454304
0.43601725
0.43750256
0.43899697
0.44050160
0.44201767
0.44354314
0.44507915
0.44662696
0.44818443
0.44975397
0.45133337
0.45292389
0.45452687
0.45614004
0.45776469
0.45940214
0.46105018
0.46271127
0.46438316
0.46606717
0.46776468
0.46947336
0.47119457
0.47292969
0.47467640
0.47643602
0.47820878
0.47999474
0.48179543
0.48360834
0.48543495
0.48727676
0.48913124
0.49100125
0.49288425
0.49478173
0.49669528
0.49862230
0.50056434
0.50252295
0.50449550
0.50648367
0.50848895
0.51050878
0.51254612
0.51459837
0.51666707
0.51875401
0.52085632
0.52297580
0.52511406
0.52726841
0.52944201
0.53163207
0.53384030
0.53606856
0.53831387
0.54057807
0.54286307
0.54516578
0.54748815
0.54983032
0.55219269
0.55457711
0.55698049
0.55940479
0.56185210
0.56431907
0.56669056
0.56889105
0.57103360
0.57267052
0.57431865
0.57552189
0.57662559
0.57751614
0.57810694
0.57869899
0.57884008
0.57895494
0.57889467
0.57853532
0.57817829
0.57771105
0.57723892
0.57696205
0.57804126
1.27521312
1.28138196
1.28761077
1.29390979
1.30026126
1.30667543
1.31315327
1.31969547
1.32630336
1.33297765
1.33971953
1.34652984
1.35340989
1.36037087
1.36739337
1.37448883
1.38165820
1.38890278
1.39622378
1.40362227
1.41109967
1.41865718
1.42629600
1.43401766
1.44182324
1.44971430
1.45769227
1.46575844
1.47391438
1.48216164
1.49050176
1.49893618
1.50747943
1.51610768
1.52483523
1.53366399
1.54259539
1.55163157
1.56077421
1.57002521
1.57938647
1.58887422
1.59846234
1.60816693
1.61799002
1.62793386
1.63800073
1.64819276
1.65851247
1.66896224
1.67954457
1.69027793
1.70113313
1.71212864
1.72326732
1.73455179
1.74598503
1.75757003
1.76930976
1.78120732
1.79328406
1.80550742
1.81789851
1.83046091
1.84319806
1.85611379
1.86921179
1.88249600
1.89597034
1.90963888
1.92352676
1.93759716
1.95187473
1.96636438
1.98107076
1.99599874
2.01115346
2.02654004
2.04216385
2.05805421
2.07416964
2.09053946
2.10716987
2.12406683
2.14123702
2.15868711
2.17642379
0.34178534
0.34269735
0.34361356
0.34453472
0.34546149
0.34639257
0.34732935
0.34827057
0.34921688
0.35016903
0.35112569
0.35208762
0.35305551
0.35402805
0.35500664
0.35598996
0.35697874
0.35797375
0.35897362
0.35997906
0.36099091
0.36200771
0.36303100
0.36405933
0.36509353
0.36613435
0.36718038
0.36823240
0.36929122
0.37035540
0.37142649
0.37250301
0.37358579
0.37467569
0.37577036
0.37687224
0.37798142
0.37909633
0.38021865
0.38134685
0.38248172
0.38362423
0.38477272
0.38592812
0.38709134
0.38826072
0.38943803
0.39062166
0.39181253
0.39301151
0.39421701
0.39542991
0.39665118
0.39787915
0.39911473
0.40035892
0.40160996
0.40286976
0.40413660
0.40541139
0.40669522
0.40798622
0.40928644
0.41059399
0.41190994
0.41323531
0.41456825
0.41590983
0.41726112
0.41862020
0.41998720
0.42136514
0.42275113
0.42414731
0.42555171
0.42696545
0.42838964
0.42982230
0.43126461
0.43271768
0.43417948
0.43565229
0.43713406
0.43862593
0.44012910
0.44164151
0.44316438
0.44469887
0.44624290
0.44779885
0.44936451
0.45094118
0.45253012
0.45412910
0.45573947
0.45736244
0.45899582
0.46064213
0.46229908
0.46396798
0.46565020
0.46734345
0.46904904
0.47076836
0.47249910
0.47424263
0.47599903
0.47776851
0.47955251
0.48134854
0.48315808
0.48498261
0.48681965
0.48867065
0.49053714
0.49241656
0.49431184
0.49622035
0.49814367
0.50008339
0.50203681
0.50400555
0.50599128
0.50799119
0.51000851
0.51204044
0.51408857
0.51615471
0.51823598
0.52033412
0.52245080
0.52458328
0.52673477
0.52890241
0.53108799
0.53329331
0.53551537
0.53775609
0.54001719
0.54229581
0.54459369
0.54691285
0.54924840
0.55160743
0.55398512
0.55638337
0.55880421
0.56124449
0.56370610
0.56619126
0.56856400
0.57077909
0.57289165
0.57453370
0.57618511
0.57734752
0.57845449
0.57930166
0.57990557
0.58048803
0.58062434
0.58076078
0.58066982
0.58031017
0.57994145
0.57946759
0.57899451
0.57880998
0.58007753
1.27985251
1.28606641
1.29234099
1.29867709
1.30507553
1.31154704
1.31807339
1.32466495
1.33132267
1.33804774
1.34484112
1.35170376
1.35863686
1.36564147
1.37272918
1.37988019
1.38710618
1.39440811
1.40178740
1.40924525
1.41678274
1.42439008
1.43209088
1.43987548
1.44775701
1.45571339
1.46375763
1.47189128
1.48011589
1.48843288
1.49684381
1.50535047
1.51395428
1.52267003
1.53147352
1.54037952
1.54938960
1.55850577
1.56772971
1.57706368
1.58650935
1.59606886
1.60574424
1.61555231
1.62546611
1.63550234
1.64566326
1.65595126
1.66636872
1.67691803
1.68760180
1.69842255
1.70939934
1.72050238
1.73175049
1.74314678
1.75469398
1.76639509
1.77825344
1.79027212
1.80245423
1.81480336
1.82734156
1.84003532
1.85290658
1.86595917
1.87919688
1.89262390
1.90624416
1.92006183
1.93408132
1.94832838
1.96276510
1.97741759
1.99229038
2.00738859
2.02271724
2.03828216
2.05408812
2.07014132
2.08644748
2.10303712
2.11986780
2.13696980
2.15435004
2.17201543
2.18997264
0.34247118
0.34338620
0.34430680
0.34523165
0.34616217
0.34709707
0.34803700
0.34898272
0.34993291
0.35088828
0.35184959
0.35281548
0.35378739
0.35476395
0.35574594
0.35673407
0.35772702
0.35872549
0.35973027
0.36073998
0.36175537
0.36277720
0.36380413
0.36483762
0.36587623
0.36692077
0.36797205
0.36902863
0.37009129
0.37116084
0.37223583
0.37331784
0.37440538
0.37549847
0.37659955
0.37770632
0.37881961
0.37994030
0.38106683
0.38220087
0.38334084
0.38448766
0.38564217
0.38680282
0.38797045
0.38914603
0.39032787
0.39151779
0.39271411
0.39391777
0.39512971
0.39634827
0.39757434
0.39880890
0.40005028
0.40129939
0.40255725
0.40382212
0.40509585
0.40637675
0.40766576
0.40896389
0.41026938
0.41158324
0.41290653
0.41423735
0.41557774
0.41692588
0.41828281
0.41964856
0.42102328
0.42240804
0.42380095
0.42520303
0.42661548
0.42803630
0.42946661
0.43090755
0.43235716
0.43381760
0.43528688
0.43676615
0.43825659
0.43975616
0.44126600
0.44278735
0.44431812
0.44585952
0.44741276
0.44897574
0.45055082
0.45213586
0.45373207
0.45534074
0.45695972
0.45859024
0.46023360
0.46188760
0.46355477
0.46523276
0.46692297
0.46862671
0.47034171
0.47206929
0.47381088
0.47556284
0.47732908
0.47910976
0.48090249
0.48271000
0.48452982
0.48636341
0.48821229
0.49007389
0.49195114
0.49384144
0.49574631
0.49766734
0.49960193
0.50155163
0.50351799
0.50549841
0.50749445
0.50950778
0.51153570
0.51358128
0.51564181
0.51771897
0.51981443
0.52192539
0.52405357
0.52620071
0.52836394
0.53054667
0.53274584
0.53496337
0.53720105
0.53945589
0.54172969
0.54402447
0.54633707
0.54866940
0.55102175
0.55339438
0.55578923
0.55820316
0.56063813
0.56309623
0.56557423
0.56807411
0.57043523
0.57266128
0.57472473
0.57637912
0.57803184
0.57914710
0.58026284
0.58105272
0.58166027
0.58218533
0.58232248
0.58245969
0.58232248
0.58199883
0.58165461
0.58122158
0.58075887
0.58066791
0.58212632
1.28452587
1.29078531
1.29710615
1.30348909
1.30993521
1.31644547
1.32303047
1.32967186
1.33638024
1.34315658
1.35000205
1.35691762
1.36390448
1.37096357
1.37809622
1.38530338
1.39259720
1.39995730
1.40739560
1.41491330
1.42250049
1.43018091
1.43794465
1.44579327
1.45372796
1.46176219
1.46987367
1.47807562
1.48636961
1.49475729
1.50324011
1.51181972
1.52049792
1.52927625
1.53815663
1.54715407
1.55624390
1.56544101
1.57474756
1.58416545
1.59369671
1.60334325
1.61310732
1.62299109
1.63301170
1.64314163
1.65339792
1.66378319
1.67429972
1.68494999
1.69573665
1.70666230
1.71772969
1.72894144
1.74031770
1.75182724
1.76349020
1.77530944
1.78728807
1.79942954
1.81173706
1.82421422
1.83686435
1.84971035
1.86271775
1.87590945
1.88928938
1.90286148
1.91662991
1.93059909
1.94477344
1.95915747
1.97375584
1.98859560
2.00363779
2.01890898
2.03441501
2.05016088
2.06615257
2.08239555
2.09889603
2.11565995
2.13271952
2.15003037
2.16762471
2.18550920
2.20369148
0.34315982
0.34407851
0.34500214
0.34593144
0.34686506
0.34780443
0.34874821
0.34969711
0.35065189
0.35161120
0.35257578
0.35354638
0.35452160
0.35550296
0.35648903
0.35748059
0.35847840
0.35948110
0.36048940
0.36150411
0.36252379
0.36354926
0.36458129
0.36561847
0.36666229
0.36771134
0.36876640
0.36982831
0.37089556
0.37196901
0.37304947
0.37413546
0.37522775
0.37632647
0.37743163
0.37854409
0.37966233
0.38078722
0.38191959
0.38305789
0.38420382
0.38535580
0.38651472
0.38768148
0.38885444
0.39003453
0.39122266
0.39241716
0.39361987
0.39482909
0.39604577
0.39727086
0.39850268
0.39974213
0.40099022
0.40224522
0.40350905
0.40477988
0.40605876
0.40734670
0.40864187
0.40994531
0.41125804
0.41257825
0.41390792
0.41524523
0.41659120
0.41794690
0.41930950
0.42068198
0.42206451
0.42345512
0.42485595
0.42626506
0.42768353
0.42911252
0.43055007
0.43199724
0.43345526
0.43492210
0.43639994
0.43788680
0.43938380
0.44089219
0.44240987
0.44393805
0.44547790
0.44702739
0.44858879
0.45016000
0.45174229
0.45333686
0.45494157
0.45655769
0.45818651
0.45982581
0.46147808
0.46314105
0.46481606
0.46650445
0.46820393
0.46991581
0.47164154
0.47337869
0.47512746
0.47689173
0.47866786
0.48045856
0.48226142
0.48407784
0.48590934
0.48775342
0.48961154
0.49148524
0.49337193
0.49527457
0.49719056
0.49912143
0.50106877
0.50302994
0.50500649
0.50700009
0.50900805
0.51103199
0.51307356
0.51512998
0.51720452
0.51929426
0.52140099
0.52352643
0.52566767
0.52782655
0.53000480
0.53219950
0.53441405
0.53664553
0.53889567
0.54116642
0.54345477
0.54576254
0.54808992
0.55043733
0.55280662
0.55519462
0.55760336
0.56003487
0.56248593
0.56495851
0.56745476
0.56997126
0.57231700
0.57455778
0.57656956
0.57823461
0.57983381
0.58095789
0.58208066
0.58281440
0.58342373
0.58389264
0.58403248
0.58416855
0.58396542
0.58363992
0.58327848
0.58284301
0.58240825
0.58246922
0.58432966
1.28923345
1.29553902
1.30190659
1.30833697
1.31483126
1.32139039
1.32801521
1.33470678
1.34147632
1.34830463
1.35520279
1.36217189
1.36921299
1.37632740
1.38351607
1.39078021
1.39812100
1.40555084
1.41304886
1.42062724
1.42827594
1.43601906
1.44384646
1.45175982
1.45976031
1.46784949
1.47602880
1.48431218
1.49267650
1.50113571
1.50969136
1.51834500
1.52709842
1.53595340
1.54491162
1.55397499
1.56315899
1.57243836
1.58182859
1.59133160
1.60094953
1.61068439
1.62053835
1.63051367
1.64061248
1.65083718
1.66120565
1.67168951
1.68230653
1.69305921
1.70395029
1.71498239
1.72615826
1.73748076
1.74895287
1.76059473
1.77237511
1.78431404
1.79641497
1.80868125
1.82111609
1.83372319
1.84650588
1.85946822
1.87261379
1.88596642
1.89949071
1.91321027
1.92712951
1.94125271
1.95558453
1.97012949
1.98489249
1.99987829
2.01511502
2.03056264
2.04624867
2.06217909
2.07835937
2.09479570
2.11149406
2.12846065
2.14570236
2.16322541
2.18106389
2.19917178
2.21758294
0.34385055
0.34477362
0.34570101
0.34663337
0.34757149
0.34851399
0.34946230
0.35041511
0.35137314
0.35233709
0.35330567
0.35427958
0.35525960
0.35624433
0.35723522
0.35823095
0.35923225
0.36023989
0.36125246
0.36227074
0.36329550
0.36432534
0.36536181
0.36640340
0.36745098
0.36850530
0.36956495
0.37063068
0.37170339
0.37278152
0.37386671
0.37495744
0.37605378
0.37715814
0.37826818
0.37938479
0.38050884
0.38163874
0.38277537
0.38391960
0.38506988
0.38622791
0.38739207
0.38856328
0.38974246
0.39092794
0.39212066
0.39332154
0.39452893
0.39574465
0.39696699
0.39819691
0.39943534
0.40068063
0.40193370
0.40319553
0.40446442
0.40574223
0.40702721
0.40832034
0.40962267
0.41093239
0.41225052
0.41357806
0.41491324
0.41625804
0.41761059
0.41897196
0.42034224
0.42172152
0.42310989
0.42450842
0.42591521
0.42733240
0.42875800
0.43019316
0.43163899
0.43309352
0.43455788
0.43603328
0.43751761
0.43901321
0.44051796
0.44203305
0.44355971
0.44509584
0.44664264
0.44820136
0.44976985
0.45135054
0.45294121
0.45454311
0.45615757
0.45778236
0.45941874
0.46106809
0.46272811
0.46440133
0.46608549
0.46778190
0.46949193
0.47121328
0.47294730
0.47469538
0.47645390
0.47822803
0.48001418
0.48181367
0.48362803
0.48545480
0.48729542
0.48915139
0.49102020
0.49290335
0.49480236
0.49671468
0.49864325
0.50058544
0.50254279
0.50451696
0.50650525
0.50850928
0.51053071
0.51256680
0.51462066
0.51668954
0.51877517
0.52087921
0.52299881
0.52513576
0.52729183
0.52946407
0.53165585
0.53386432
0.53609115
0.53833830
0.54060268
0.54288626
0.54519081
0.54751337
0.54985410
0.55221838
0.55460131
0.55700666
0.55943120
0.56187695
0.56434596
0.56683493
0.56934595
0.57188118
0.57420933
0.57646501
0.57842439
0.58010209
0.58164889
0.58278006
0.58390987
0.58458489
0.58519989
0.58560801
0.58575064
0.58588946
0.58561957
0.58529222
0.58491141
0.58447355
0.58404970
0.58429509
0.58665991
1.29397559
1.30032778
1.30674267
1.31322098
1.31976402
1.32637250
1.33304751
1.33979011
1.34660125
1.35349214
1.36044371
1.36746693
1.37456310
1.38173330
1.38897872
1.39630044
1.40369976
1.41117799
1.41873634
1.42637599
1.43409848
1.44190502
1.44979692
1.45777583
1.46584296
1.47399986
1.48224807
1.49058914
1.49903715
1.50756884
1.51619804
1.52492678
1.53375649
1.54268897
1.55172622
1.56086993
1.57012212
1.57948458
1.58897352
1.59856284
1.60826862
1.61809301
1.62803805
1.63810623
1.64829957
1.65862072
1.66907179
1.67967141
1.69039035
1.70124698
1.71224403
1.72338414
1.73467004
1.74610496
1.75769150
1.76943278
1.78133214
1.79341054
1.80563569
1.81802857
1.83059263
1.84333169
1.85624933
1.86934924
1.88263535
1.89611173
1.90980279
1.92367232
1.93774474
1.95202458
1.96651649
1.98122513
1.99615550
2.01131248
2.02670145
2.04232788
2.05822086
2.07433891
2.09071136
2.10734439
2.12424421
2.14141726
2.15887022
2.17660999
2.19464374
2.21300650
2.23165083
0.34454471
0.34547088
0.34640267
0.34733886
0.34828079
0.34922716
0.35017866
0.35113609
0.35209805
0.35306531
0.35403860
0.35501656
0.35600066
0.35698950
0.35798386
0.35898447
0.35999000
0.36100116
0.36201876
0.36304137
0.36406976
0.36510476
0.36614490
0.36719173
0.36824381
0.36930194
0.37036696
0.37143734
0.37251392
0.37359756
0.37468672
0.37578225
0.37688422
0.37799266
0.37910846
0.38023004
0.38135827
0.38249406
0.38363579
0.38478521
0.38594067
0.38710311
0.38827342
0.38944998
0.39063367
0.39182547
0.39302367
0.39423010
0.39544308
0.39666358
0.39789248
0.39912814
0.40037152
0.40162355
0.40288255
0.40414944
0.40542525
0.40670821
0.40800026
0.40929961
0.41060725
0.41192424
0.41324872
0.41458178
0.41592440
0.41727480
0.41863498
0.42000204
0.42137909
0.42276621
0.42416146
0.42556596
0.42698079
0.42840406
0.42983788
0.43128029
0.43273240
0.43419537
0.43566722
0.43714908
0.43864214
0.44014433
0.44165796
0.44318092
0.44471443
0.44625968
0.44781461
0.44938040
0.45095831
0.45254621
0.45414650
0.45575696
0.45737889
0.45901358
0.46065882
0.46231589
0.46398613
0.46566725
0.46736184
0.46906757
0.47078580
0.47251794
0.47426158
0.47601685
0.47778776
0.47957057
0.48136806
0.48317775
0.48500112
0.48683962
0.48869076
0.49055606
0.49243701
0.49433103
0.49624109
0.49816459
0.50010306
0.50205803
0.50402695
0.50601143
0.50801295
0.51002896
0.51206106
0.51411086
0.51617563
0.51825857
0.52035689
0.52247226
0.52460647
0.52675658
0.52892447
0.53111178
0.53331566
0.53553957
0.53778040
0.54004014
0.54232055
0.54461867
0.54693633
0.54927385
0.55163139
0.55401099
0.55640942
0.55882877
0.56127101
0.56373292
0.56621647
0.56872386
0.57125169
0.57380396
0.57611424
0.57838494
0.58029312
0.58198166
0.58347350
0.58461368
0.58574486
0.58636618
0.58698684
0.58733547
0.58747894
0.58761078
0.58728123
0.58695197
0.58655357
0.58611321
0.58572364
0.58619815
1.29240668
1.29874337
1.30515218
1.31161475
1.31814170
1.32473397
1.33139241
1.33811820
1.34491229
1.35177565
1.35870945
1.36571479
1.37280333
1.37995517
1.38718188
1.39448464
1.40186465
1.40932333
1.41686177
1.42446983
1.43217158
1.43996871
1.44783938
1.45579672
1.46384192
1.47197652
1.48020196
1.48852003
1.49693191
1.50543952
1.51404440
1.52276123
1.53156579
1.54047275
1.54948401
1.55860126
1.56782639
1.57716143
1.58660829
1.59616899
1.60586011
1.61565495
1.62557006
1.63560760
1.64576983
1.65605915
1.66647792
1.67702866
1.68771374
1.69853592
1.70951426
1.72061872
1.73186851
1.74326622
1.75481498
1.76651788
1.77837777
1.79039812
1.80258203
1.81495142
1.82747293
1.84016848
1.85304153
1.86609602
1.87933588
1.89276481
1.90638709
1.92020679
1.93422842
1.94847763
1.96291661
1.97757137
1.99244642
2.00754714
2.02287817
2.03844547
2.05425406
2.07030988
2.08664298
2.10321116
2.12004447
2.13714933
2.15453267
2.17220092
2.19016123
2.20842123
2.22698832
2.24587011
0.34524170
0.34617162
0.34710655
0.34804720
0.34899229
0.34994322
0.35089865
0.35185933
0.35282597
0.35379723
0.35477385
0.35575661
0.35674408
0.35773781
0.35873634
0.35974044
0.36075094
0.36176640
0.36278757
0.36381528
0.36484808
0.36588749
0.36693212
0.36798272
0.36904010
0.37010282
0.37117168
0.37224752
0.37332880
0.37441641
0.37551036
0.37661073
0.37771836
0.37883171
0.37995166
0.38107905
0.38221234
0.38335240
0.38450012
0.38565388
0.38681543
0.38798314
0.38915792
0.39034072
0.39152986
0.39272624
0.39393085
0.39514199
0.39636150
0.39758766
0.39882141
0.40006375
0.40131298
0.40257001
0.40383586
0.40510878
0.40639067
0.40767977
0.40897706
0.41028357
0.41159752
0.41291991
0.41425180
0.41559133
0.41693956
0.41829753
0.41966242
0.42103821
0.42242208
0.42381507
0.42521828
0.42662978
0.42805070
0.42948216
0.43092215
0.43237290
0.43383241
0.43530178
0.43678224
0.43827170
0.43977135
0.44128239
0.44280276
0.44433478
0.44587627
0.44742852
0.44899273
0.45056680
0.45215192
0.45374942
0.45535704
0.45697731
0.45860794
0.46025026
0.46190560
0.46357167
0.46524978
0.46694133
0.46864399
0.47036034
0.47208807
0.47382855
0.47558191
0.47734827
0.47912782
0.48092198
0.48272833
0.48454961
0.48638335
0.48823103
0.49009413
0.49197018
0.49386063
0.49576703
0.49768683
0.49962297
0.50157279
0.50353789
0.50551993
0.50751615
0.50952822
0.51155776
0.51360208
0.51566273
0.51774156
0.51983565
0.52194834
0.52407670
0.52622247
0.52838749
0.53056878
0.53276819
0.53498745
0.53722370
0.53948039
0.54175442
0.54404771
0.54636222
0.54869312
0.55104566
0.55342019
0.55581355
0.55822939
0.56066465
0.56312120
0.56560117
0.56810129
0.57062358
0.57317024
0.57573783
0.57803184
0.58031958
0.58217204
0.58387345
0.58530957
0.58645695
0.58753318
0.58815831
0.58878475
0.58907312
0.58921742
0.58928567
0.58895421
0.58862120
0.58820498
0.58776021
0.58740914
0.58811361
1.29717231
1.30355597
1.31000268
1.31651366
1.32309937
1.32974136
1.33645046
1.34322751
1.35007370
1.35699010
1.36397767
1.37103748
1.37817085
1.38538969
1.39267349
1.40003443
1.40747344
1.41499209
1.42258000
1.43026137
1.43802595
1.44587541
1.45381105
1.46184623
1.46995866
1.47816157
1.48645651
1.49484515
1.50332904
1.51190960
1.52058887
1.52936828
1.53826296
1.54724824
1.55633914
1.56553745
1.57484519
1.58426416
1.59379661
1.60344434
1.61320972
1.62309468
1.63311660
1.64324772
1.65350544
1.66389203
1.67440999
1.68506169
1.69584978
1.70677686
1.71784568
1.72907591
1.74043679
1.75194800
1.76361251
1.77543330
1.78741372
1.79955697
1.81186616
1.82434511
1.83699703
1.84984481
1.86285424
1.87604785
1.88942969
1.90300381
1.91677439
1.93074572
1.94492221
1.95930839
1.97393095
1.98875117
2.00379562
2.01906943
2.03457785
2.05032611
2.06632042
2.08256602
2.09906936
2.11583614
2.13289833
2.15021229
2.16780949
2.18569708
2.20388246
2.22237277
2.24117613
2.26030040
0.34594086
0.34687519
0.34781393
0.34875777
0.34970742
0.35066155
0.35162163
0.35258627
0.35355619
0.35453221
0.35551289
0.35649902
0.35749137
0.35848853
0.35949197
0.36050034
0.36151439
0.36253488
0.36356041
0.36459175
0.36562973
0.36667284
0.36772272
0.36877787
0.36983907
0.37090716
0.37198070
0.37306044
0.37414724
0.37523884
0.37633839
0.37744364
0.37855539
0.37967449
0.38079944
0.38193107
0.38307026
0.38421544
0.38536748
0.38652730
0.38769329
0.38886717
0.39004734
0.39123467
0.39243013
0.39363205
0.39484137
0.39605901
0.39728329
0.39851606
0.39975560
0.40100288
0.40225887
0.40352184
0.40479279
0.40607268
0.40735975
0.40865594
0.40995947
0.41127133
0.41259259
0.41392139
0.41525880
0.41660583
0.41796064
0.41932431
0.42069691
0.42207852
0.42347023
0.42487013
0.42627934
0.42769894
0.42912701
0.43056464
0.43201298
0.43347004
0.43493801
0.43641493
0.43790188
0.43940008
0.44090748
0.44242638
0.44395465
0.44549352
0.44704422
0.44860461
0.45017594
0.45175949
0.45335302
0.45495787
0.45657527
0.45820302
0.45984364
0.46149483
0.46315792
0.46483427
0.46652156
0.46822241
0.46993443
0.47165903
0.47339758
0.47514647
0.47690961
0.47868717
0.48047671
0.48227972
0.48409760
0.48592791
0.48777348
0.48963174
0.49150422
0.49339247
0.49529389
0.49721140
0.49914241
0.50108850
0.50305122
0.50502801
0.50702029
0.50902987
0.51105398
0.51309425
0.51515234
0.51722556
0.51931697
0.52142394
0.52354801
0.52569097
0.52785003
0.53002691
0.53222340
0.53443652
0.53666979
0.53892016
0.54118949
0.54347962
0.54578763
0.54811358
0.55046284
0.55283064
0.55521888
0.55762959
0.56005955
0.56251258
0.56498539
0.56748003
0.56999868
0.57253790
0.57509983
0.57767731
0.57996225
0.58226532
0.58406508
0.58577567
0.58715916
0.58831185
0.58933252
0.58996147
0.59059370
0.59082109
0.59096622
0.59096819
0.59063488
0.59030187
0.58986568
0.58941835
0.58910239
0.59013551
1.30197322
1.30840433
1.31489921
1.32145905
1.32808459
1.33478689
1.34154701
1.34837604
1.35527503
1.36224484
1.36928678
1.37640190
1.38359129
1.39085627
1.39819789
1.40562856
1.41312730
1.42070663
1.42835617
1.43610013
1.44392848
1.45184267
1.45984411
1.46793425
1.47612679
1.48439884
1.49276423
1.50122428
1.50978088
1.51843560
1.52719009
1.53604615
1.54500544
1.55407000
1.56325507
1.57253563
1.58192694
1.59143126
1.60105026
1.61078644
1.62064159
1.63061821
1.64071834
1.65095973
1.66131425
1.67179942
1.68241787
1.69317198
1.70406449
1.71509814
1.72627544
1.73759949
1.74907315
1.76071668
1.77249861
1.78443933
1.79654193
1.80880988
1.82124650
1.83385539
1.84663999
1.85960424
1.87277138
1.88610637
1.89963257
1.91335428
1.92727554
1.94140100
1.95573497
1.97028220
1.98504746
2.00003552
2.01527476
2.03072476
2.04641342
2.06234622
2.07852936
2.09496832
2.11166930
2.12863898
2.14588332
2.16343570
2.18125105
2.19936204
2.21777654
2.23650169
2.25554585
2.27491713
0.34664351
0.34758097
0.34852421
0.34947193
0.35042548
0.35138354
0.35234687
0.35331619
0.35429016
0.35526952
0.35625499
0.35724527
0.35824177
0.35924312
0.36025009
0.36126345
0.36228180
0.36330590
0.36433652
0.36537230
0.36641398
0.36746234
0.36851600
0.36957645
0.37064227
0.37171423
0.37279323
0.37387770
0.37496930
0.37606570
0.37716931
0.37828025
0.37939692
0.38052022
0.38165101
0.38278770
0.38393119
0.38508236
0.38623965
0.38740471
0.38857600
0.38975438
0.39094082
0.39213362
0.39333370
0.39454207
0.39575696
0.39698026
0.39821026
0.39944789
0.40069416
0.40194732
0.40320832
0.40447819
0.40575516
0.40704024
0.40833440
0.40963587
0.41094661
0.41226482
0.41359150
0.41492775
0.41627166
0.41762429
0.41898677
0.42035615
0.42173651
0.42312497
0.42452258
0.42593050
0.42734677
0.42877245
0.43020874
0.43165365
0.43310934
0.43457380
0.43604824
0.43753377
0.43902835
0.44053322
0.44204950
0.44357517
0.44511142
0.44665945
0.44821715
0.44978690
0.45136654
0.45295733
0.45456052
0.45617393
0.45779884
0.45943654
0.46108481
0.46274614
0.46441829
0.46610257
0.46780032
0.46950927
0.47123200
0.47296613
0.47471312
0.47647300
0.47824603
0.48003229
0.48183325
0.48364645
0.48547468
0.48731545
0.48917022
0.49104053
0.49292383
0.49482161
0.49673548
0.49866280
0.50060654
0.50256407
0.50453699
0.50652689
0.50853109
0.51055121
0.51258892
0.51464152
0.51671058
0.51879781
0.52090055
0.52302188
0.52515900
0.52731371
0.52948767
0.53167808
0.53388834
0.53611535
0.53836107
0.54062736
0.54291111
0.54521424
0.54753864
0.54987961
0.55224234
0.55462724
0.55703104
0.55945754
0.56190354
0.56437099
0.56686199
0.56937331
0.57190692
0.57446510
0.57704431
0.57960534
0.58190560
0.58422416
0.58596081
0.58767867
0.58899516
0.59015703
0.59111738
0.59176195
0.59240985
0.59257752
0.59272552
0.59266037
0.59232509
0.59198433
0.59153581
0.59108597
0.59090739
0.59222853
1.30680978
1.31328881
1.31983256
1.32644176
1.33311749
1.33986068
1.34667253
1.35356426
1.36051643
1.36754048
1.37463737
1.38180840
1.38905454
1.39637709
1.40377724
1.41125631
1.41882682
1.42645609
1.43417931
1.44198680
1.44987965
1.45785940
1.46592748
1.47408533
1.48233449
1.49067652
1.49912560
1.50765824
1.51628852
1.52501822
1.53384900
1.54278266
1.55182087
1.56096578
1.57021904
1.57959664
1.58907282
1.59866333
1.60837030
1.61819589
1.62814236
1.63821173
1.64840651
1.65872884
1.66918135
1.67978227
1.69050264
1.70136082
1.71235931
1.72350085
1.73478842
1.74622476
1.75781298
1.76955593
1.78147471
1.79353702
1.80576384
1.81815851
1.83072448
1.84346533
1.85638487
1.86948669
1.88277471
1.89625311
1.90994632
1.92381787
1.93789244
1.95217443
1.96666861
1.98137951
1.99631214
2.01147175
2.02686310
2.04251528
2.05838752
2.07450819
2.09088326
2.10751915
2.12442183
2.14159775
2.15905356
2.17679644
2.19483328
2.21319914
2.23184681
2.25081134
2.27010107
2.28972435
0.34734902
0.34829032
0.34923673
0.35018900
0.35114577
0.35210851
0.35307580
0.35404846
0.35502717
0.35601062
0.35699952
0.35799465
0.35899460
0.36000091
0.36101213
0.36202905
0.36305246
0.36408094
0.36511523
0.36615619
0.36720234
0.36825526
0.36931345
0.37037775
0.37144896
0.37252563
0.37360853
0.37469855
0.37579337
0.37689620
0.37800470
0.37911975
0.38024223
0.38137054
0.38250557
0.38364819
0.38479686
0.38595238
0.38711575
0.38828528
0.38946274
0.39064655
0.39183754
0.39303669
0.39424232
0.39545539
0.39667684
0.39790493
0.39914158
0.40038502
0.40163624
0.40289620
0.40416321
0.40543818
0.40672216
0.40801334
0.40931374
0.41062146
0.41193759
0.41326311
0.41459626
0.41593802
0.41728947
0.41864875
0.42001691
0.42139405
0.42278025
0.42417660
0.42558122
0.42699513
0.42841953
0.42985240
0.43129492
0.43274817
0.43421021
0.43568322
0.43716520
0.43865728
0.44016066
0.44167331
0.44319636
0.44473109
0.44627535
0.44783151
0.44939741
0.45097432
0.45256346
0.45416272
0.45577329
0.45739651
0.45903015
0.46067551
0.46233389
0.46400306
0.46568555
0.46737903
0.46908489
0.47080448
0.47253549
0.47428054
0.47603595
0.47780570
0.47958997
0.48138630
0.48319614
0.48502094
0.48685828
0.48871091
0.49057633
0.49245608
0.49435163
0.49626046
0.49818411
0.50012410
0.50207788
0.50404835
0.50603300
0.50803328
0.51005089
0.51208311
0.51413167
0.51619810
0.51827973
0.52037972
0.52249527
0.52462810
0.52678001
0.52894801
0.53113395
0.53333962
0.53556210
0.53780478
0.54006469
0.54234374
0.54464370
0.54696155
0.54929757
0.55165702
0.55403513
0.55643380
0.55885512
0.56129581
0.56375968
0.56624347
0.56874931
0.57127923
0.57382989
0.57640344
0.57900202
0.58153486
0.58384669
0.58610356
0.58782423
0.58955306
0.59078187
0.59195083
0.59282619
0.59347647
0.59405875
0.59423327
0.59440589
0.59429872
0.59400719
0.59366649
0.59321338
0.59276104
0.59272748
0.59436029
1.31168234
1.31821001
1.32480288
1.33146214
1.33818865
1.34498334
1.35184753
1.35878205
1.36579859
1.37287748
1.38003004
1.38725746
1.39456105
1.40194201
1.40940142
1.41694069
1.42454958
1.43225229
1.44005024
1.44792187
1.45588005
1.46392620
1.47206163
1.48028815
1.48860705
1.49702013
1.50552869
1.51414740
1.52285242
1.53165805
1.54056609
1.54957843
1.55869675
1.56792307
1.57725930
1.58670735
1.59626925
1.60596156
1.61575758
1.62567401
1.63571274
1.64587629
1.65616703
1.66658711
1.67713928
1.68782580
1.69866562
1.70962918
1.72073519
1.73198640
1.74338579
1.75493610
1.76664054
1.77850223
1.79052424
1.80270982
1.81508088
1.82760429
1.84030163
1.85317659
1.86623299
1.87947476
1.89290571
1.90653002
1.92035186
1.93439651
1.94862688
1.96306825
1.97772515
1.99260259
2.00770545
2.02303910
2.03860879
2.05441999
2.07047844
2.08681440
2.10338521
2.12022114
2.13732910
2.15471506
2.17238641
2.19035006
2.20861316
2.22718334
2.24609685
2.26530552
2.28484559
2.30472565
0.34805673
0.34900257
0.34995285
0.35090834
0.35186976
0.35283577
0.35380778
0.35478446
0.35576656
0.35675481
0.35774785
0.35874718
0.35975134
0.36076117
0.36177742
0.36279866
0.36382568
0.36485928
0.36589804
0.36694270
0.36799413
0.36905080
0.37011436
0.37118328
0.37225839
0.37334055
0.37442821
0.37552145
0.37662268
0.37772956
0.37884381
0.37996382
0.38109049
0.38222465
0.38336480
0.38451174
0.38566640
0.38682720
0.38799581
0.38917071
0.39035270
0.39154276
0.39273924
0.39394307
0.39515516
0.39637384
0.39760098
0.39883482
0.40007636
0.40132654
0.40258366
0.40384868
0.40512261
0.40640366
0.40769282
0.40899116
0.41029683
0.41161180
0.41293430
0.41426530
0.41560590
0.41695422
0.41831130
0.41967726
0.42105216
0.42243710
0.42383018
0.42523250
0.42664513
0.42806613
0.42949665
0.43093780
0.43238762
0.43384722
0.43531775
0.43679723
0.43828788
0.43978766
0.44129771
0.44281930
0.44435030
0.44589192
0.44744539
0.44900858
0.45058390
0.45216915
0.45376560
0.45537454
0.45699373
0.45862448
0.46026811
0.46192238
0.46358976
0.46526802
0.46695849
0.46866250
0.47037774
0.47210562
0.47384748
0.47559968
0.47736621
0.47914717
0.48094016
0.48274797
0.48456806
0.48640195
0.48825112
0.49011302
0.49199057
0.49388117
0.49578637
0.49770772
0.49964261
0.50159258
0.50355929
0.50554001
0.50753784
0.50955009
0.51157832
0.51362431
0.51568514
0.51776266
0.51985842
0.52196974
0.52409983
0.52624583
0.52840942
0.53059250
0.53279209
0.53500998
0.53724808
0.53950328
0.54177916
0.54407269
0.54638571
0.54871845
0.55107123
0.55344427
0.55583954
0.55825394
0.56069112
0.56314790
0.56562632
0.56812847
0.57065099
0.57319605
0.57576579
0.57835674
0.58097118
0.58347160
0.58579880
0.58796793
0.58970153
0.59140605
0.59258145
0.59375757
0.59454685
0.59520096
0.59569693
0.59587240
0.59604800
0.59585047
0.59555739
0.59522086
0.59481508
0.59441185
0.59455878
0.59677935
1.31659150
1.32316816
1.32981098
1.33652067
1.34329855
1.35014546
1.35706246
1.36405075
1.37111139
1.37824559
1.38546515
1.39274979
1.40011144
1.40755141
1.41507077
1.42265964
1.43034172
1.43810737
1.44595766
1.45390606
1.46193027
1.47004366
1.47824752
1.48654342
1.49493301
1.50341785
1.51199961
1.52067983
1.52947342
1.53835595
1.54734242
1.55643439
1.56563377
1.57494271
1.58436286
1.59389651
1.60354555
1.61331201
1.62321305
1.63322139
1.64335394
1.65361297
1.66400099
1.67452025
1.68517327
1.69596279
1.70689142
1.71796179
1.72919345
1.74055588
1.75206876
1.76373482
1.77555728
1.78753936
1.79968429
1.81199527
1.82447600
1.83714867
1.84997940
1.86299074
1.87618625
1.88957012
1.90314627
1.91691887
1.93089235
1.94507098
1.95945942
1.97408414
1.98890674
2.00395346
2.01922965
2.03474045
2.05049157
2.06648827
2.08273673
2.09924245
2.11603737
2.13307738
2.15039420
2.16799426
2.18588495
2.20407343
2.22256708
2.24137378
2.26050115
2.27995825
2.29978251
2.31992459
0.34876803
0.34971702
0.35067192
0.35163134
0.35259673
0.35356674
0.35454208
0.35552356
0.35650975
0.35750142
0.35849935
0.35950214
0.36051130
0.36152539
0.36254522
0.36357155
0.36460295
0.36564022
0.36668420
0.36773336
0.36878932
0.36985061
0.37091798
0.37199235
0.37307215
0.37415826
0.37525070
0.37634954
0.37745485
0.37856746
0.37968582
0.38081166
0.38194335
0.38308179
0.38422787
0.38538000
0.38653907
0.38770595
0.38887906
0.39006016
0.39124757
0.39244226
0.39364511
0.39485449
0.39607134
0.39729658
0.39852855
0.39976907
0.40101641
0.40227160
0.40353557
0.40480658
0.40608564
0.40737373
0.40866908
0.40997270
0.41128561
0.41260597
0.41393584
0.41527331
0.41661948
0.41797537
0.41933814
0.42071083
0.42209354
0.42348433
0.42488536
0.42629465
0.42771333
0.42914253
0.43058026
0.43202767
0.43348587
0.43495291
0.43643096
0.43791804
0.43941528
0.44092387
0.44244176
0.44397014
0.44551024
0.44705993
0.44862157
0.45019302
0.45177552
0.45337033
0.45497531
0.45659167
0.45822072
0.45986027
0.46151158
0.46317601
0.46485126
0.46653992
0.46823964
0.46995181
0.47167778
0.47341520
0.47516423
0.47692877
0.47870520
0.48049617
0.48229930
0.48411605
0.48594782
0.48779219
0.48965061
0.49152458
0.49341160
0.49531317
0.49723083
0.49916202
0.50110966
0.50307113
0.50504804
0.50704199
0.50905025
0.51107597
0.51311642
0.51517326
0.51724809
0.51933819
0.52144527
0.52357107
0.52571273
0.52787352
0.53005058
0.53224564
0.53446060
0.53669244
0.53894299
0.54121417
0.54350287
0.54581273
0.54813892
0.55048668
0.55285639
0.55524486
0.55765402
0.56008601
0.56253749
0.56501228
0.56750721
0.57002419
0.57256550
0.57512772
0.57771289
0.58032340
0.58295566
0.58541930
0.58776408
0.58984417
0.59158885
0.59320748
0.59439200
0.59557533
0.59627557
0.59693348
0.59734613
0.59752256
0.59769917
0.59740829
0.59711367
0.59675336
0.59634751
0.59598011
0.59643143
1.31496727
1.32152772
1.32815397
1.33485699
1.34161782
1.34844756
1.35534728
1.36231780
1.36936045
1.37647641
1.38366663
1.39093232
1.39828575
1.40570617
1.41320586
1.42078602
1.42843640
1.43618119
1.44401050
1.45192564
1.45992792
1.46801901
1.47621238
1.48448551
1.49285185
1.50131297
1.50987053
1.51852632
1.52728188
1.53613889
1.54509938
1.55417848
1.56335127
1.57263291
1.58202541
1.59153080
1.60115111
1.61088848
1.62074494
1.63072276
1.64082420
1.65106690
1.66142273
1.67190933
1.68252921
1.69328475
1.70417869
1.71521378
1.72639275
1.73771822
1.74921060
1.76083863
1.77262211
1.78456450
1.79666889
1.80893850
1.82137692
1.83398759
1.84677410
1.85974014
1.87290931
1.88624620
1.89977455
1.91349816
1.92742169
1.94154918
1.95588541
1.97043478
1.98520243
2.00021553
2.01543450
2.03088689
2.04657793
2.06251359
2.07869911
2.09514093
2.11184478
2.12881708
2.14606452
2.16362000
2.18143821
2.19955230
2.21796989
2.23669839
2.25574589
2.27512074
2.29483128
2.31488609
2.33532548
0.34948221
0.35043514
0.35139325
0.35235733
0.35332602
0.35430074
0.35528016
0.35626498
0.35725603
0.35825187
0.35925329
0.36026102
0.36127371
0.36229286
0.36331701
0.36434698
0.36538354
0.36642528
0.36747298
0.36852744
0.36958718
0.37065384
0.37172589
0.37280416
0.37388948
0.37498036
0.37607682
0.37718129
0.37829149
0.37940904
0.38053241
0.38166246
0.38280004
0.38394362
0.38509405
0.38625219
0.38741651
0.38858789
0.38976720
0.39095283
0.39214656
0.39334676
0.39455429
0.39577016
0.39699265
0.39822274
0.39946136
0.40070680
0.40196094
0.40322202
0.40449107
0.40576905
0.40705419
0.40834752
0.40965003
0.41095990
0.41227916
0.41360593
0.41494128
0.41628626
0.41763899
0.41900057
0.42037103
0.42175049
0.42314005
0.42453778
0.42594478
0.42736214
0.42878795
0.43022332
0.43166935
0.43312410
0.43458867
0.43606424
0.43754882
0.43904459
0.44054958
0.44206488
0.44359177
0.44512811
0.44667515
0.44823408
0.44980282
0.45138371
0.45297462
0.45457676
0.45619145
0.45781648
0.45945314
0.46110272
0.46276298
0.46443525
0.46612087
0.46781754
0.46952784
0.47124946
0.47298375
0.47473210
0.47649089
0.47826400
0.48005170
0.48185149
0.48366615
0.48549321
0.48733410
0.48919037
0.49105948
0.49294293
0.49484226
0.49675488
0.49868375
0.50062627
0.50258392
0.50455844
0.50654709
0.50855142
0.51057321
0.51260960
0.51466382
0.51673305
0.51881903
0.52092338
0.52304339
0.52518070
0.52733713
0.52950972
0.53170192
0.53391075
0.53613800
0.53838551
0.54065031
0.54293591
0.54523927
0.54756224
0.54990506
0.55226803
0.55465144
0.55705720
0.55948216
0.56192839
0.56439781
0.56688726
0.56940061
0.57193452
0.57449102
0.57707238
0.57967514
0.58230156
0.58495373
0.58738196
0.58974057
0.59173244
0.59349030
0.59502184
0.59621167
0.59735012
0.59801441
0.59867811
0.59900248
0.59918195
0.59927475
0.59897625
0.59868014
0.59829581
0.59788585
0.59756869
0.59833199
1.31990099
1.32651091
1.33318734
1.33993125
1.34675407
1.35363626
1.36058927
1.36761403
1.37471175
1.38188350
1.38913047
1.39645374
1.40385485
1.41133463
1.41890597
1.42653608
1.43426025
1.44206858
1.44996226
1.45794296
1.46601200
1.47417080
1.48242092
1.49077642
1.49921393
1.50774753
1.51637888
1.52510965
1.53394151
1.54287624
1.55191565
1.56106162
1.57031596
1.57969487
1.58917212
1.59876382
1.60847211
1.61829889
1.62824655
1.63831723
1.64851332
1.65883708
1.66930664
1.67989326
1.69061506
1.70147467
1.71247458
1.72361767
1.73490679
1.74634469
1.75793445
1.76967907
1.78159952
1.79366362
1.80589211
1.81828856
1.83085632
1.84359896
1.85652041
1.86962414
1.88291419
1.89641464
1.91008973
1.92396343
1.93804014
1.95232439
1.96682072
1.98153389
1.99646890
2.01163077
2.02702475
2.04267955
2.05855417
2.07467747
2.09105539
2.10769391
2.12459922
2.14177799
2.15923691
2.17698264
2.19504976
2.21339178
2.23204279
2.25101066
2.27030373
2.28993058
2.30989957
2.33021998
2.35090113
0.35019866
0.35115618
0.35211825
0.35308561
0.35405901
0.35503709
0.35602129
0.35701025
0.35800472
0.35900548
0.36001110
0.36102238
0.36204010
0.36306283
0.36409211
0.36512646
0.36616674
0.36721370
0.36826593
0.36932418
0.37038931
0.37145981
0.37253731
0.37362030
0.37470961
0.37580526
0.37690738
0.37801594
0.37913188
0.38025358
0.38138279
0.38251790
0.38365978
0.38480932
0.38596493
0.38712752
0.38829798
0.38947469
0.39065939
0.39185047
0.39304885
0.39425543
0.39546856
0.39668921
0.39791828
0.39915410
0.40039852
0.40164983
0.40290898
0.40417695
0.40545204
0.40673518
0.40802738
0.40932691
0.41063473
0.41195187
0.41327655
0.41461074
0.41595259
0.41730317
0.41866353
0.42003080
0.42140803
0.42279533
0.42419076
0.42559648
0.42701051
0.42843395
0.42986798
0.43131059
0.43276289
0.43422610
0.43569815
0.43718129
0.43867350
0.44017589
0.44168973
0.44321293
0.44474664
0.44629213
0.44784728
0.44941330
0.45099145
0.45257959
0.45418009
0.45579079
0.45741296
0.45904791
0.46069339
0.46235070
0.46402121
0.46570259
0.46739742
0.46910343
0.47082192
0.47255430
0.47429821
0.47605377
0.47782496
0.47960806
0.48140582
0.48321581
0.48503944
0.48687825
0.48872969
0.49059528
0.49247652
0.49437085
0.49627984
0.49820501
0.50014377
0.50209910
0.50406837
0.50605309
0.50805503
0.51007134
0.51210374
0.51415390
0.51621908
0.51830238
0.52040100
0.52251679
0.52465129
0.52680182
0.52897000
0.53115773
0.53336203
0.53558630
0.53782755
0.54008764
0.54236847
0.54466701
0.54698676
0.54932302
0.55168098
0.55406100
0.55645990
0.55887967
0.56132233
0.56378466
0.56627053
0.56877655
0.57130486
0.57385761
0.57643139
0.57902837
0.58165079
0.58429509
0.58696359
0.58935595
0.59173244
0.59363282
0.59540200
0.59684539
0.59804451
0.59909523
0.59976542
0.60043097
0.60067010
0.60085052
0.60085052
0.60055256
0.60025281
0.59984422
0.59943414
0.59920412
0.60041684
1.32487202
1.33153188
1.33825898
1.34505451
1.35191941
1.35885465
1.36587203
1.37295163
1.38010490
1.38733315
1.39463758
1.40201926
1.40947950
1.41701961
1.42462945
1.43234444
1.44013178
1.44800436
1.45596337
1.46401048
1.47214687
1.48037434
1.48869431
1.49710822
1.50561786
1.51423764
1.52294362
1.53175032
1.54065943
1.54967284
1.55879235
1.56801975
1.57735705
1.58680630
1.59638369
1.60606301
1.61586034
1.62577796
1.63581800
1.64598286
1.65627491
1.66669631
1.67724979
1.68793786
1.69877911
1.70974410
1.72085166
1.73210442
1.74350524
1.75505722
1.76676333
1.77862656
1.79065025
1.80285585
1.81521046
1.82773566
1.84043479
1.85331166
1.86636996
1.87961364
1.89304662
1.90667295
1.92049682
1.93454373
1.94877625
1.96321976
1.97787893
1.99275875
2.00786400
2.02320004
2.03877234
2.05458617
2.07067108
2.08698559
2.10355902
2.12039804
2.13750863
2.15489769
2.17257214
2.19053864
2.20880485
2.22737837
2.24629521
2.26550722
2.28505087
2.30493450
2.32516718
2.34575820
2.36668587
0.35091871
0.35187951
0.35284626
0.35381764
0.35479507
0.35577723
0.35676482
0.35775864
0.35875729
0.35976154
0.36077213
0.36178771
0.36280975
0.36383685
0.36486977
0.36590931
0.36695406
0.36800477
0.36906230
0.37012514
0.37119412
0.37227008
0.37335151
0.37444001
0.37553331
0.37663382
0.37774161
0.37885511
0.37997517
0.38110271
0.38223615
0.38337716
0.38452420
0.38567811
0.38683981
0.38800767
0.38918260
0.39036554
0.39155483
0.39275223
0.39395612
0.39516744
0.39638710
0.39761341
0.39884734
0.40008983
0.40133920
0.40259731
0.40386242
0.40513551
0.40641758
0.40770683
0.40900430
0.41031101
0.41162512
0.41294771
0.41427976
0.41561946
0.41696885
0.41832605
0.41969112
0.42106712
0.42245114
0.42384434
0.42524773
0.42665944
0.42808157
0.42951220
0.43095243
0.43240339
0.43386307
0.43533266
0.43681332
0.43830299
0.43980396
0.44131413
0.44283471
0.44436693
0.44590867
0.44746113
0.44902557
0.45059988
0.45218638
0.45378295
0.45539084
0.45701134
0.45864221
0.46028477
0.46194035
0.46360666
0.46528506
0.46697685
0.46867979
0.47039640
0.47212440
0.47386512
0.47561875
0.47738540
0.47916523
0.48095965
0.48276630
0.48458785
0.48642188
0.48826987
0.49013329
0.49200961
0.49390036
0.49580708
0.49772719
0.49966222
0.50161380
0.50357926
0.50556159
0.50755811
0.50957054
0.51160038
0.51364505
0.51570606
0.51778525
0.51987970
0.52199274
0.52412146
0.52626759
0.52843297
0.53061461
0.53281438
0.53503412
0.53727072
0.53952783
0.54180229
0.54409599
0.54641086
0.54874212
0.55109513
0.55347008
0.55586386
0.55828017
0.56071585
0.56317288
0.56565326
0.56815386
0.57067847
0.57322377
0.57579184
0.57838494
0.58099961
0.58363801
0.58630240
0.58896983
0.59134322
0.59373575
0.59554541
0.59732610
0.59868014
0.59988666
0.60085052
0.60152465
0.60216361
0.60234696
0.60252845
0.60243666
0.60213506
0.60181546
0.60140270
0.60098851
0.60095400
0.60255295
1.32988048
1.33659089
1.34336948
1.35021710
1.35713494
1.36412394
1.37118542
1.37833095
1.38554060
1.39282608
1.40018857
1.40762925
1.41514957
1.42273927
1.43042219
1.43818867
1.44603992
1.45398915
1.46201432
1.47012866
1.47833347
1.48663032
1.49502099
1.50350678
1.51208949
1.52077067
1.52956533
1.53844905
1.54743648
1.55652964
1.56573021
1.57504022
1.58446157
1.59399641
1.60364664
1.61341441
1.62331676
1.63332629
1.64346015
1.65372050
1.66410983
1.67463052
1.68528497
1.69607592
1.70700598
1.71809447
1.72931099
1.74067509
1.75218940
1.76385713
1.77568126
1.78766501
1.79981160
1.81212449
1.82462561
1.83728147
1.85011399
1.86312723
1.87632465
1.88971055
1.90328872
1.91706336
1.93103898
1.94521976
1.95963204
1.97423744
1.98906231
2.00411153
2.01939011
2.03490329
2.05065680
2.06665635
2.08290720
2.09941578
2.11621332
2.13325620
2.15057588
2.16817904
2.18607283
2.20426440
2.22276139
2.24157119
2.26070213
2.28019190
2.29999065
2.32013631
2.34063792
2.36150503
2.38271594
0.35164177
0.35260651
0.35357657
0.35455269
0.35553348
0.35652044
0.35751218
0.35850945
0.35951304
0.36052153
0.36153567
0.36255628
0.36358193
0.36461416
0.36565149
0.36669475
0.36774474
0.36880001
0.36986136
0.37092957
0.37200323
0.37308389
0.37417006
0.37526178
0.37636149
0.37746686
0.37857872
0.37969798
0.38082305
0.38195565
0.38309416
0.38423949
0.38539252
0.38655165
0.38771778
0.38889182
0.39007214
0.39125961
0.39245522
0.39365730
0.39486763
0.39608455
0.39730901
0.39854193
0.39978164
0.40102908
0.40228525
0.40354839
0.40482038
0.40609953
0.40738678
0.40868315
0.40998685
0.41129890
0.41262034
0.41394931
0.41528785
0.41663411
0.41798910
0.41935298
0.42072573
0.42210755
0.42349946
0.42489955
0.42630997
0.42772874
0.42915702
0.43059587
0.43204337
0.43350065
0.43496886
0.43644595
0.43793312
0.43943155
0.44093916
0.44245827
0.44398677
0.44552585
0.44707677
0.44863740
0.45020896
0.45179272
0.45338652
0.45499274
0.45660922
0.45823723
0.45987809
0.46152952
0.46319288
0.46486947
0.46655703
0.46825811
0.46997041
0.47169527
0.47343409
0.47518325
0.47694665
0.47872451
0.48051435
0.48231891
0.48413578
0.48596638
0.48781222
0.48967081
0.49154359
0.49343213
0.49533385
0.49725029
0.49918303
0.50112939
0.50309247
0.50506955
0.50706220
0.50907212
0.51109654
0.51313716
0.51519561
0.51726913
0.51936096
0.52146822
0.52359265
0.52573603
0.52789545
0.53007269
0.53226954
0.53448308
0.53671509
0.53896749
0.54123718
0.54352778
0.54583615
0.54816252
0.55051219
0.55288041
0.55526912
0.55768025
0.56011069
0.56256413
0.56503743
0.56753254
0.57005161
0.57259130
0.57515371
0.57774103
0.58034986
0.58298427
0.58564079
0.58832163
0.59095448
0.59334391
0.59567899
0.59745842
0.59924853
0.60050392
0.60172188
0.60260594
0.60329425
0.60384887
0.60403121
0.60421574
0.60403121
0.60372806
0.60338420
0.60296726
0.60255295
0.60271204
0.60509276
1.33492696
1.34168863
1.34851909
1.35541952
1.36239076
1.36943424
1.37655091
1.38374186
1.39100838
1.39836264
1.40578389
1.41328442
1.42086542
1.42851663
1.43626237
1.44409251
1.45200849
1.46001172
1.46811581
1.47629809
1.48457217
1.49293947
1.50140166
1.50996017
1.51861703
1.52737355
1.53623176
1.54519320
1.55427349
1.56344736
1.57273018
1.58212388
1.59163046
1.60125196
1.61099052
1.62084818
1.63082731
1.64094520
1.65117407
1.66153133
1.67201924
1.68264043
1.69339752
1.70429289
1.71532953
1.72650993
1.73783708
1.74933100
1.76096046
1.77274573
1.78468978
1.79679585
1.80906725
1.82150745
1.83411992
1.84690821
1.85989559
1.87304723
1.88638616
1.89991641
1.91364217
1.92756772
1.94169748
1.95603585
1.97058749
1.98535740
2.00037289
2.01559424
2.03104901
2.04674268
2.06268096
2.07886910
2.09531355
2.11202025
2.12899542
2.14627147
2.16380405
2.18162537
2.19974256
2.21816325
2.23689508
2.25594616
2.27532434
2.29503822
2.31509686
2.33553982
2.35631585
2.37743306
2.39896464
0.35236710
0.35333654
0.35431060
0.35529009
0.35627568
0.35726607
0.35826269
0.35926417
0.36027125
0.36128470
0.36230317
0.36332738
0.36435816
0.36539406
0.36643660
0.36748436
0.36853811
0.36959872
0.37066466
0.37173676
0.37281588
0.37390047
0.37499219
0.37608874
0.37719250
0.37830356
0.37942037
0.38054380
0.38167474
0.38281158
0.38395604
0.38510653
0.38626394
0.38742918
0.38860062
0.38977915
0.39096573
0.39215866
0.39335892
0.39456743
0.39578247
0.39700595
0.39823610
0.39947391
0.40072033
0.40197363
0.40323481
0.40450487
0.40578198
0.40706816
0.40836155
0.40966320
0.41097414
0.41229251
0.41361940
0.41495579
0.41629988
0.41765371
0.41901535
0.42038494
0.42176548
0.42315415
0.42455196
0.42596006
0.42737651
0.42880344
0.43023890
0.43168402
0.43313989
0.43460459
0.43607920
0.43756494
0.43905976
0.44056591
0.44208136
0.44360724
0.44514480
0.44669196
0.44824991
0.44981989
0.45139974
0.45299077
0.45459419
0.45620784
0.45783415
0.45947093
0.46111944
0.46278104
0.46445343
0.46613798
0.46783599
0.46954519
0.47126818
0.47300258
0.47474983
0.47651002
0.47828329
0.48006982
0.48187107
0.48368457
0.48551306
0.48735413
0.48920920
0.49107981
0.49296340
0.49486151
0.49677569
0.49870330
0.50064600
0.50260526
0.50457847
0.50656867
0.50857323
0.51059371
0.51263177
0.51468468
0.51675409
0.51884168
0.52094471
0.52306646
0.52520394
0.52735901
0.52953339
0.53172415
0.53393316
0.53616220
0.53840834
0.54067332
0.54295909
0.54526263
0.54758751
0.54992884
0.55229205
0.55467737
0.55708158
0.55950677
0.56195498
0.56442291
0.56691438
0.56942612
0.57196021
0.57451886
0.57709861
0.57970160
0.58233011
0.58498061
0.58765733
0.59035671
0.59293675
0.59534025
0.59754866
0.59933931
0.60104936
0.60227156
0.60349876
0.60426295
0.60496116
0.60542828
0.60564452
0.60586303
0.60562599
0.60532945
0.60496116
0.60454202
0.60416448
0.60465294
1.33325720
1.34000194
1.34682536
1.35370839
1.36066210
1.36768758
1.37478602
1.38195860
1.38920629
1.39653051
1.40393233
1.41142416
1.41898513
1.42661607
1.43434119
1.44215035
1.45004499
1.45802653
1.46609652
1.47425628
1.48250735
1.49086380
1.49930239
1.50783694
1.51646936
1.52520108
1.53403401
1.54296982
1.55201030
1.56115746
1.57042682
1.57979298
1.58927143
1.59886444
1.60857379
1.61840189
1.62835085
1.63842285
1.64862025
1.65896082
1.66941619
1.68000424
1.69072747
1.70158851
1.71258998
1.72373450
1.73502517
1.74646461
1.75805604
1.76981986
1.78172433
1.79379010
1.80602038
1.81841850
1.83098817
1.84373271
1.85665596
1.86976159
1.88305354
1.89655614
1.91023326
1.92410898
1.93818784
1.95247424
1.96697283
1.98168838
1.99662566
2.01178980
2.02720928
2.04284358
2.05872083
2.07484674
2.09122729
2.10786843
2.12477684
2.14195848
2.15942025
2.17716908
2.19523931
2.21358442
2.23223853
2.25120997
2.27050662
2.29013681
2.31010938
2.33043361
2.35111833
2.37217379
2.39360952
2.41543651
0.35309613
0.35406888
0.35504770
0.35603127
0.35702100
0.35801554
0.35901561
0.36002204
0.36103338
0.36205041
0.36307395
0.36410254
0.36513770
0.36617804
0.36722431
0.36827734
0.36933568
0.37040010
0.37147143
0.37254822
0.37363127
0.37472144
0.37581638
0.37691933
0.37802798
0.37914318
0.38026577
0.38139424
0.38252941
0.38367218
0.38482097
0.38597751
0.38714015
0.38830984
0.38948748
0.39067140
0.39186254
0.39306185
0.39426765
0.39548174
0.39670247
0.39793074
0.39916754
0.40041113
0.40166253
0.40292266
0.40418983
0.40546587
0.40674910
0.40804049
0.40934104
0.41064894
0.41196522
0.41329095
0.41462427
0.41596621
0.41731784
0.41867730
0.42004567
0.42142299
0.42280939
0.42420593
0.42561072
0.42702484
0.42844942
0.42988253
0.43132627
0.43277869
0.43424094
0.43571416
0.43719631
0.43868861
0.44019222
0.44170508
0.44322947
0.44476330
0.44630781
0.44786417
0.44943032
0.45100746
0.45259684
0.45419633
0.45580831
0.45743060
0.45906448
0.46071127
0.46236873
0.46403813
0.46572086
0.46741462
0.46912074
0.47084060
0.47257188
0.47431716
0.47607288
0.47784290
0.47962743
0.48142403
0.48323548
0.48505926
0.48689687
0.48874980
0.49061555
0.49249560
0.49439147
0.49630061
0.49822453
0.50016487
0.50211895
0.50408977
0.50607473
0.50807530
0.51009327
0.51212585
0.51417470
0.51624149
0.51832348
0.52042383
0.52253979
0.52467299
0.52682519
0.52899361
0.53117990
0.53338599
0.53560883
0.53785032
0.54011226
0.54239166
0.54469204
0.54701030
0.54934675
0.55170661
0.55408514
0.55648422
0.55890596
0.56134713
0.56381148
0.56629574
0.56880200
0.57133240
0.57388353
0.57645756
0.57905662
0.58167738
0.58432198
0.58699262
0.58968592
0.59240592
0.59493041
0.59734815
0.59943014
0.60123205
0.60282022
0.60405171
0.60522652
0.60592908
0.60663116
0.60698694
0.60720438
0.60732245
0.60706973
0.60681522
0.60647613
0.60611266
0.60579705
0.60660636
1.33832943
1.34512568
1.35199130
1.35893774
1.36594534
1.37302566
1.38017976
1.38740885
1.39471412
1.40209663
1.40955770
1.41709864
1.42470920
1.43242514
1.44021332
1.44808674
1.45604670
1.46409476
1.47223210
1.48046052
1.48878145
1.49719632
1.50571966
1.51432776
1.52303481
1.53184259
1.54075277
1.54976726
1.55888784
1.56811643
1.57745492
1.58690536
1.59648395
1.60616446
1.61596298
1.62588191
1.63592327
1.64608943
1.65638280
1.66680562
1.67736053
1.68806589
1.69889259
1.70985913
1.72096813
1.73222244
1.74362481
1.75517845
1.76688612
1.77875102
1.79077637
1.80298376
1.81534004
1.82786703
1.84056795
1.85344672
1.86650693
1.87975264
1.89318752
1.90681589
1.92066264
1.93469095
1.94892561
1.96337128
1.97803283
1.99291492
2.00802255
2.02336121
2.03893590
2.05475211
2.07083964
2.08715677
2.10373306
2.12057471
2.13768840
2.15508032
2.17275763
2.19072747
2.20899677
2.22760129
2.24649358
2.26570916
2.28525615
2.30514336
2.32537985
2.34597468
2.36690617
2.38824654
2.40997505
2.43213606
0.35382819
0.35480496
0.35578719
0.35677555
0.35776871
0.35876814
0.35977244
0.36078238
0.36179873
0.36282012
0.36384726
0.36488098
0.36591986
0.36696541
0.36801618
0.36907300
0.37013668
0.37120575
0.37228099
0.37336326
0.37445104
0.37554443
0.37664577
0.37775281
0.37886718
0.37998736
0.38111416
0.38224846
0.38338873
0.38453582
0.38569063
0.38685158
0.38802034
0.38919538
0.39037752
0.39156774
0.39276439
0.39396834
0.39518058
0.39639944
0.39762673
0.39886075
0.40010244
0.40135279
0.40261006
0.40387526
0.40514934
0.40643054
0.40772083
0.40901840
0.41032425
0.41163942
0.41296208
0.41429326
0.41563404
0.41698253
0.41834080
0.41970596
0.42108107
0.42246619
0.42385945
0.42526194
0.42667478
0.42809600
0.42952776
0.43096808
0.43241808
0.43387893
0.43534863
0.43682832
0.43831918
0.43981916
0.44132945
0.44285125
0.44438246
0.44592541
0.44747800
0.44904146
0.45061699
0.45220247
0.45379916
0.45540830
0.45702776
0.45865995
0.46030262
0.46195713
0.46362478
0.46530330
0.46699402
0.46869829
0.47041380
0.47214317
0.47388405
0.47563654
0.47740459
0.47918457
0.48097786
0.48278594
0.48460633
0.48644182
0.48828995
0.49015218
0.49202999
0.49392092
0.49582642
0.49774808
0.49968326
0.50163358
0.50360060
0.50558168
0.50757986
0.50959241
0.51162100
0.51366729
0.51572847
0.51780629
0.51990247
0.52201414
0.52414459
0.52629095
0.52845490
0.53063840
0.53283834
0.53505665
0.53729510
0.53955072
0.54182535
0.54412091
0.54643434
0.54876751
0.55112070
0.55349416
0.55588990
0.55830473
0.56074059
0.56319958
0.56567848
0.56818104
0.57070410
0.57324958
0.57581979
0.57841128
0.58102614
0.58366674
0.58632946
0.58901852
0.59173048
0.59446746
0.59693545
0.59937161
0.60132146
0.60313481
0.60460156
0.60584038
0.60690004
0.60760647
0.60831034
0.60855371
0.60877222
0.60877430
0.60852039
0.60826045
0.60789490
0.60752970
0.60739082
0.60875142
1.34344041
1.35028875
1.35720730
1.36419713
1.37125933
1.37840569
1.38561606
1.39290237
1.40026569
1.40770721
1.41522837
1.42281878
1.43050265
1.43826997
1.44613385
1.45407236
1.46209836
1.47021365
1.47841942
1.48671722
1.49510884
1.50359571
1.51217937
1.52086163
1.52965736
1.53854215
1.54753065
1.55662489
1.56582665
1.57513785
1.58456039
1.59409630
1.60374773
1.61353147
1.62342036
1.63343132
1.64356637
1.65382814
1.66421878
1.67474079
1.68539667
1.69618905
1.70712066
1.71821046
1.72942865
1.74079418
1.75231016
1.76397955
1.77580535
1.78779078
1.79993904
1.81225359
1.82475650
1.83741415
1.85024869
1.86326373
1.87646317
1.88985097
1.90343118
1.91720796
1.93118560
1.94536865
1.95978296
1.97439075
1.98921788
2.00426936
2.01955032
2.03506613
2.05082226
2.06682420
2.08307791
2.09961390
2.11638951
2.13343525
2.15075779
2.16836405
2.18626094
2.20445561
2.22295570
2.24176884
2.26090312
2.28039622
2.30019855
2.32034802
2.34085345
2.36172438
2.38293910
2.40457082
2.42659903
2.44903445
0.35456255
0.35554415
0.35653046
0.35752225
0.35852030
0.35952321
0.36053246
0.36154670
0.36256662
0.36359307
0.36462462
0.36566201
0.36670610
0.36775538
0.36881149
0.36987287
0.37094042
0.37201488
0.37309483
0.37418106
0.37527364
0.37637261
0.37747884
0.37859079
0.37970930
0.38083529
0.38196713
0.38310570
0.38425192
0.38540420
0.38656425
0.38773045
0.38890371
0.39008495
0.39127252
0.39246735
0.39367035
0.39487991
0.39609689
0.39732230
0.39855441
0.39979511
0.40104264
0.40229797
0.40356210
0.40483329
0.40611345
0.40740076
0.40869629
0.41000101
0.41131315
0.41263372
0.41396376
0.41530141
0.41664776
0.41800383
0.41936681
0.42074066
0.42212257
0.42351356
0.42491478
0.42632428
0.42774314
0.42917255
0.43061048
0.43205911
0.43351650
0.43498373
0.43646201
0.43794927
0.43944672
0.44095555
0.44247365
0.44400337
0.44554257
0.44709250
0.44865435
0.45022604
0.45180878
0.45340383
0.45500901
0.45662680
0.45825493
0.45989472
0.46154749
0.46321097
0.46488649
0.46657538
0.46827537
0.46998778
0.47171402
0.47345173
0.47520229
0.47696584
0.47874251
0.48053378
0.48233721
0.48415422
0.48598629
0.48783094
0.48969102
0.49156395
0.49345127
0.49535453
0.49727112
0.49920261
0.50115055
0.50311238
0.50509101
0.50708389
0.50909251
0.51111853
0.51315933
0.51521647
0.51729167
0.51938218
0.52149111
0.52361572
0.52575773
0.52791893
0.53009635
0.53229183
0.53450716
0.53673935
0.53899032
0.54126191
0.54355103
0.54586124
0.54818785
0.55053604
0.55290622
0.55529511
0.55770469
0.56013709
0.56258905
0.56506431
0.56755966
0.57007718
0.57261890
0.57518160
0.57776731
0.58037823
0.58301103
0.58566773
0.58835077
0.59105653
0.59378922
0.59651935
0.59895408
0.60140675
0.60322678
0.60505164
0.60639352
0.60763967
0.60858077
0.60929108
0.60990274
0.61012852
0.61034822
0.61023313
0.60997593
0.60968763
0.60932028
0.60895342
0.60905761
0.61114240
1.34859061
1.35549176
1.36246383
1.36950803
1.37662542
1.38381720
1.39109540
1.39843953
1.40586162
1.41336298
1.42094481
1.42859685
1.43634343
1.44417453
1.45209146
1.46009552
1.46820056
1.47638381
1.48465884
1.49302709
1.50149024
1.51004994
1.51870763
1.52746534
1.53632450
1.54530060
1.55436850
1.56354344
1.57282746
1.58222234
1.59173000
1.60135281
1.61109257
1.62095153
1.63093197
1.64105105
1.65128136
1.66163993
1.67212927
1.68275189
1.69351029
1.70440722
1.71544516
1.72662711
1.73797274
1.74945128
1.76108253
1.77286935
1.78481507
1.79692280
1.80919600
1.82163799
1.83425224
1.84706163
1.86003172
1.87318528
1.88652611
1.90005839
1.91378629
1.92771387
1.94184577
1.95618629
1.97074020
1.98553455
2.00053024
2.01575398
2.03121138
2.04690742
2.06284809
2.07903910
2.09548616
2.11219549
2.12917352
2.14645267
2.16398811
2.18181252
2.19993281
2.21835685
2.23709202
2.25614619
2.27552795
2.29524541
2.31533790
2.33575439
2.35653424
2.37765551
2.39919090
2.42112017
2.44345379
2.45955849
0.35530072
0.35628566
0.35727683
0.35827279
0.35927501
0.36028218
0.36129498
0.36231422
0.36333850
0.36436862
0.36540529
0.36644715
0.36749572
0.36854956
0.36960945
0.37067622
0.37174839
0.37282678
0.37391225
0.37500247
0.37609985
0.37720448
0.37831482
0.37943250
0.38055602
0.38168618
0.38282391
0.38396764
0.38511819
0.38627651
0.38744098
0.38861334
0.38979197
0.39097774
0.39217162
0.39337197
0.39457965
0.39579567
0.39701834
0.39824945
0.39948735
0.40073296
0.40198725
0.40324852
0.40451774
0.40579587
0.40708119
0.40837562
0.40967736
0.41098741
0.41230685
0.41363379
0.41496933
0.41631448
0.41766742
0.41902918
0.42039981
0.42177948
0.42316923
0.42456713
0.42597434
0.42739192
0.42881790
0.43025348
0.43169969
0.43315464
0.43462050
0.43609524
0.43758002
0.43907601
0.44058120
0.44209671
0.44362381
0.44516039
0.44670877
0.44826683
0.44983581
0.45141691
0.45300806
0.45461044
0.45622537
0.45785064
0.45948872
0.46113735
0.46279788
0.46447161
0.46615627
0.46785319
0.46956375
0.47128564
0.47302020
0.47476882
0.47652787
0.47830257
0.48008925
0.48188934
0.48370427
0.48553160
0.48737282
0.48922938
0.49109879
0.49298388
0.49488217
0.49679509
0.49872428
0.50066710
0.50262511
0.50459993
0.50658888
0.50859505
0.51061565
0.51265240
0.51470697
0.51677656
0.51886284
0.52096760
0.52308798
0.52522719
0.52738243
0.52955544
0.53174800
0.53395718
0.53618479
0.53843272
0.54069793
0.54298395
0.54528773
0.54761106
0.54995435
0.55231774
0.55470157
0.55710775
0.55953318
0.56197983
0.56444973
0.56693965
0.56945342
0.57198781
0.57454479
0.57712662
0.57972991
0.58235675
0.58500946
0.58768451
0.59038413
0.59311062
0.59586042
0.59853721
0.60098851
0.60331470
0.60514420
0.60694557
0.60819608
0.60944963
0.61027080
0.61098719
0.61148459
0.61170948
0.61193240
0.61169684
0.61144048
0.61112350
0.61075449
0.61041307
0.61087185
1.34689665
1.35378039
1.36073482
1.36776114
1.37486041
1.38203371
1.38928223
1.39660716
1.40400982
1.41150248
1.41906428
1.42669618
1.43442202
1.44223213
1.45012772
1.45811021
1.46618104
1.47434175
1.48260605
1.49095118
1.49939072
1.50792634
1.51655984
1.52529263
1.53412652
1.54306352
1.55210507
1.56125331
1.57052386
1.57989109
1.58937085
1.59896493
1.60867560
1.61850488
1.62845516
1.63852835
1.64872706
1.65906894
1.66952586
1.68011522
1.69083989
1.70170236
1.71270525
1.72385144
1.73514354
1.74658465
1.75817752
1.76994300
1.78184915
1.79391658
1.80614865
1.81854856
1.83112001
1.84386635
1.85679150
1.86989903
1.88321292
1.89669764
1.91037667
1.92425466
1.93833554
1.95262420
1.96712494
1.98184276
1.99678242
2.01197195
2.02737093
2.04300761
2.05888748
2.07501602
2.09139919
2.10804319
2.12495422
2.14213896
2.15960360
2.17738223
2.19542885
2.21377707
2.23243451
2.25140929
2.27070928
2.29034305
2.31031942
2.33064699
2.35133576
2.37239504
2.39383483
2.41566586
2.43789864
2.46034050
2.45288181
0.35604194
0.35703102
0.35802561
0.35902646
0.36003223
0.36104435
0.36206147
0.36308432
0.36411369
0.36514819
0.36618859
0.36723569
0.36828801
0.36934716
0.37041166
0.37148228
0.37255993
0.37364304
0.37473246
0.37582827
0.37693051
0.37804002
0.37915528
0.38027716
0.38140649
0.38254175
0.38368374
0.38483346
0.38598922
0.38715279
0.38832253
0.38949940
0.39068425
0.39187551
0.39307401
0.39428076
0.39549404
0.39671484
0.39794409
0.39918005
0.40042466
0.40167612
0.40293542
0.40420356
0.40547881
0.40676212
0.40805450
0.40935421
0.41066316
0.41197953
0.41330439
0.41463876
0.41598079
0.41733155
0.41869208
0.42005953
0.42143795
0.42282444
0.42422009
0.42562598
0.42704022
0.42846388
0.42989808
0.43134090
0.43279448
0.43425682
0.43572909
0.43721244
0.43870485
0.44020748
0.44172153
0.44324493
0.44477886
0.44632459
0.44787997
0.44944733
0.45102459
0.45261297
0.45421371
0.45582464
0.45744705
0.45908225
0.46072796
0.46238673
0.46405628
0.46573794
0.46743304
0.46913928
0.47085804
0.47259068
0.47433487
0.47609198
0.47786215
0.47964552
0.48144358
0.48325384
0.48507777
0.48691687
0.48876861
0.49063584
0.49251601
0.49441069
0.49632135
0.49824545
0.50018454
0.50214016
0.50410974
0.50609481
0.50809705
0.51011378
0.51214796
0.51419699
0.51626247
0.51834613
0.52044517
0.52256125
0.52469617
0.52684700
0.52901721
0.53120369
0.53340834
0.53563303
0.53787470
0.54013520
0.54241645
0.54471534
0.54703552
0.54937214
0.55173057
0.55411100
0.55651033
0.55893058
0.56137365
0.56383646
0.56632274
0.56882924
0.57135803
0.57391125
0.57648557
0.57908303
0.58170593
0.58435076
0.58701974
0.58971518
0.59243351
0.59517902
0.59794813
0.60056674
0.60303468
0.60523272
0.60707182
0.60875142
0.61000937
0.61125153
0.61197025
0.61269063
0.61307472
0.61330074
0.61342752
0.61316973
0.61291212
0.61256415
0.61219335
0.61191553
0.61277920
1.35206318
1.35901034
1.36601877
1.37309980
1.38025475
1.38748455
1.39479053
1.40217388
1.40963578
1.41717756
1.42480052
1.43250585
1.44029498
1.44816923
1.45613015
1.46417904
1.47231734
1.48054671
1.48886859
1.49728453
1.50580883
1.51441801
1.52312601
1.53193486
1.54084611
1.54986179
1.55898345
1.56821322
1.57755280
1.58701849
1.59658420
1.60626590
1.61606574
1.62598586
1.63602853
1.64619601
1.65649068
1.66691482
1.67747116
1.68817794
1.69900608
1.70997405
1.72108459
1.73234034
1.74374437
1.75529957
1.76700890
1.77887547
1.79092050
1.80311155
1.81546974
1.82799840
1.84070122
1.85358191
1.86664402
1.87989151
1.89332855
1.90697932
1.92080772
1.93483818
1.94907498
1.96352291
1.97818673
1.99307108
2.00818110
2.02352214
2.03909922
2.05494189
2.07100844
2.08732820
2.10390711
2.12075162
2.13786817
2.15526295
2.17294335
2.19091606
2.20918870
2.22779655
2.24669218
2.26591110
2.28546143
2.30535245
2.32559252
2.34619117
2.36712646
2.38847065
2.41023612
2.43236876
2.45491147
2.45369315
2.44627452
0.35678557
0.35777950
0.35877827
0.35978264
0.36079335
0.36180905
0.36283121
0.36385840
0.36489144
0.36593112
0.36697599
0.36802682
0.36908448
0.37014747
0.37121734
0.37229267
0.37337422
0.37446287
0.37555629
0.37665695
0.37776485
0.37887847
0.37999952
0.38112637
0.38225996
0.38340113
0.38454828
0.38570234
0.38686419
0.38803220
0.38920814
0.39039037
0.39157981
0.39277738
0.39398143
0.39519289
0.39641270
0.39763916
0.39887324
0.40011594
0.40136546
0.40262374
0.40388900
0.40516225
0.40644449
0.40773392
0.40903249
0.41033843
0.41165274
0.41297644
0.41430771
0.41564763
0.41699719
0.41835457
0.41971982
0.42109600
0.42248023
0.42387462
0.42527720
0.42668909
0.42811143
0.42954227
0.43098268
0.43243384
0.43389374
0.43536460
0.43684441
0.43833429
0.43983546
0.44134587
0.44286668
0.44439909
0.44594106
0.44749376
0.44905844
0.45063296
0.45221969
0.45381650
0.45542464
0.45704538
0.45867649
0.46031931
0.46197513
0.46364170
0.46532154
0.46701238
0.46871555
0.47043246
0.47216070
0.47390172
0.47565562
0.47742254
0.47920391
0.48099735
0.48280427
0.48462611
0.48646045
0.48830870
0.49017242
0.49204904
0.49394149
0.49584714
0.49776757
0.49970430
0.50165480
0.50362056
0.50560319
0.50760007
0.50961280
0.51164305
0.51368803
0.51575089
0.51782894
0.51992375
0.52203709
0.52416623
0.52631271
0.52847844
0.53066051
0.53286225
0.53508073
0.53731775
0.53957522
0.54185009
0.54414421
0.54645950
0.54879123
0.55114633
0.55351996
0.55591422
0.55833095
0.56076705
0.56322455
0.56570542
0.56820643
0.57073152
0.57327729
0.57584590
0.57843947
0.58105463
0.58369350
0.58635843
0.58904582
0.59175998
0.59449720
0.59725994
0.60005045
0.60260391
0.60508865
0.60713601
0.60898882
0.61053240
0.61180407
0.61293113
0.61367285
0.61440361
0.61467308
0.61490023
0.61490875
0.61464971
0.61438453
0.61401153
0.61363900
0.61351842
0.61497039
1.35727978
1.36427033
1.37134385
1.37848043
1.38569164
1.39297867
1.40034282
1.40778518
1.41530704
1.42289841
1.43058312
1.43835139
1.44621611
1.45415545
1.46218252
1.47029865
1.47850537
1.48680425
1.49519670
1.50368452
1.51226926
1.52096570
1.52974939
1.53863525
1.54762495
1.55672026
1.56592309
1.57523537
1.58465910
1.59419632
1.60384893
1.61363375
1.62352395
1.63353622
1.64367259
1.65393567
1.66432762
1.67485106
1.68550837
1.69630229
1.70725155
1.71832657
1.72954631
1.74091339
1.75243092
1.76410186
1.77592933
1.78791642
1.80006647
1.81240118
1.82488739
1.83754694
1.85038328
1.86340022
1.87660170
1.88999140
1.90357363
1.91735256
1.93133235
1.94553864
1.95993412
1.97454405
1.98937345
2.00442743
2.01971078
2.03522921
2.05098772
2.06699228
2.08327293
2.09978724
2.11656570
2.13361430
2.15093970
2.16854906
2.18644881
2.20464659
2.22315001
2.24196649
2.26113296
2.28060079
2.30040669
2.32055974
2.34106898
2.36194372
2.38316250
2.40479827
2.42683053
2.44927025
2.45450521
2.44708180
2.43970299
0.35753301
0.35853040
0.35953408
0.36054268
0.36155769
0.36257771
0.36360347
0.36463583
0.36567327
0.36671668
0.36776680
0.36882219
0.36988440
0.37095201
0.37202579
0.37310657
0.37419286
0.37528473
0.37638456
0.37749004
0.37860209
0.37972146
0.38084668
0.38197941
0.38311806
0.38426355
0.38541672
0.38657600
0.38774228
0.38891646
0.39009690
0.39128542
0.39248031
0.39368254
0.39489305
0.39611012
0.39733472
0.39856780
0.39980766
0.40105617
0.40231159
0.40357491
0.40484709
0.40612641
0.40741381
0.40871036
0.41001424
0.41132742
0.41264808
0.41397724
0.41531596
0.41666240
0.41801757
0.41938162
0.42075458
0.42213657
0.42352867
0.42492896
0.42633960
0.42775857
0.42918703
0.43062609
0.43207380
0.43353128
0.43499967
0.43647698
0.43796545
0.43946302
0.44097084
0.44249016
0.44401887
0.44555819
0.44710934
0.44867021
0.45024315
0.45182598
0.45342001
0.45502648
0.45664319
0.45827144
0.45991254
0.46156424
0.46322903
0.46490470
0.46659249
0.46829385
0.47000641
0.47173151
0.47347063
0.47522005
0.47698373
0.47876182
0.48055196
0.48235682
0.48417398
0.48600486
0.48785099
0.48970988
0.49158296
0.49347180
0.49537382
0.49729195
0.49922362
0.50117034
0.50313371
0.50511110
0.50710410
0.50911433
0.51113909
0.51318151
0.51523882
0.51731271
0.51940489
0.52151251
0.52363729
0.52578104
0.52794081
0.53012002
0.53231567
0.53452963
0.53676367
0.53901482
0.54128492
0.54357588
0.54588467
0.54821146
0.55056161
0.55293024
0.55532110
0.55773091
0.56016177
0.56261569
0.56508946
0.56758499
0.57010454
0.57264471
0.57520950
0.57779545
0.58040476
0.58303964
0.58569664
0.58837801
0.59108597
0.59381700
0.59657538
0.59935749
0.60216361
0.60464269
0.60714221
0.60902423
0.61088651
0.61227334
0.61355227
0.61453301
0.61527860
0.61593008
0.61619234
0.61645693
0.61638862
0.61613685
0.61584055
0.61546582
0.61509150
0.61521906
0.61748552
1.36253679
1.36958182
1.37669992
1.38389254
1.39117146
1.39851642
1.40593934
1.41344154
1.42102420
1.42867720
1.43642461
1.44425654
1.45217431
1.46019137
1.46828532
1.47646952
1.48474550
1.49311483
1.50157893
1.51013958
1.51879835
1.52755713
1.53641737
1.54539442
1.55446351
1.56363964
1.57292473
1.58232069
1.59182966
1.60145366
1.61119461
1.62105489
1.63105142
1.64115703
1.65138853
1.66174841
1.67223918
1.68286324
1.69362307
1.70452142
1.71556091
1.72674441
1.73809159
1.74957168
1.76120448
1.77299297
1.78494036
1.79704976
1.80932474
1.82176840
1.83438456
1.84719574
1.86016774
1.87332320
1.88666606
1.90020037
1.91393030
1.92786002
1.94199407
1.95633674
1.97089303
1.98568964
2.00068760
2.01591372
2.03137350
2.04707241
2.06301546
2.07920909
2.09565902
2.11237097
2.12937737
2.14663386
2.16417241
2.18199968
2.20012331
2.21855044
2.23728871
2.25634646
2.27573156
2.29545259
2.31554866
2.33596897
2.35675263
2.37787771
2.39941740
2.42135072
2.44368863
2.45531774
2.44788933
2.44050574
2.43316674
0.35828361
0.35928518
0.36029238
0.36130598
0.36232457
0.36334965
0.36437979
0.36541581
0.36645848
0.36750636
0.36856025
0.36962095
0.37068704
0.37176004
0.37283850
0.37392324
0.37501431
0.37611178
0.37721568
0.37832686
0.37944382
0.38056821
0.38169846
0.38283545
0.38398007
0.38513070
0.38628826
0.38745362
0.38862520
0.38980475
0.39099061
0.39218372
0.39338499
0.39459279
0.39580801
0.39703164
0.39826193
0.39949989
0.40074649
0.40199995
0.40326223
0.40453151
0.40580884
0.40709516
0.40838873
0.40969056
0.41100165
0.41232023
0.41364822
0.41498384
0.41632813
0.41768211
0.41904396
0.42041373
0.42179447
0.42318332
0.42458233
0.42598963
0.42740628
0.42883340
0.43026906
0.43171436
0.43317047
0.43463537
0.43611127
0.43759614
0.43909118
0.44059753
0.44211319
0.44363931
0.44517711
0.44672447
0.44828263
0.44985285
0.45143294
0.45302534
0.45462784
0.45624176
0.45786831
0.45950532
0.46115407
0.46281594
0.46448857
0.46617457
0.46787164
0.46958110
0.47130436
0.47303903
0.47478655
0.47654700
0.47832057
0.48010737
0.48190889
0.48372269
0.48555148
0.48739284
0.48924819
0.49111912
0.49300301
0.49490142
0.49681589
0.49874383
0.50068820
0.50264639
0.50461996
0.50661051
0.50861537
0.51063615
0.51267457
0.51472783
0.51679909
0.51888555
0.52098894
0.52311105
0.52524889
0.52740431
0.52957904
0.53177023
0.53398120
0.53620905
0.53845555
0.54072261
0.54300714
0.54531109
0.54763633
0.54997814
0.55234343
0.55472749
0.55713218
0.55955958
0.56200641
0.56447476
0.56696671
0.56947893
0.57201535
0.57457262
0.57715285
0.57975823
0.58238536
0.58503640
0.58771360
0.59041351
0.59313828
0.59589034
0.59866607
0.60146976
0.60419935
0.60669523
0.60905552
0.61092216
0.61273915
0.61402422
0.61531049
0.61614114
0.61689276
0.61740416
0.61766982
0.61793357
0.61772555
0.61751765
0.61724573
0.61692697
0.61658508
0.61709380
1.36080766
1.36783469
1.37493467
1.38210881
1.38935816
1.39668393
1.40409839
1.41158092
1.41914356
1.42677617
1.43450296
1.44231391
1.45021033
1.45819378
1.46626556
1.47442722
1.48269260
1.49103856
1.49947917
1.50801587
1.51665020
1.52538407
1.53421915
1.54315710
1.55219984
1.56136286
1.57062089
1.57998931
1.58947015
1.59906542
1.60877740
1.61860800
1.62855935
1.63863397
1.64883399
1.65917730
1.66963542
1.68022633
1.69095230
1.70181620
1.71282065
1.72396827
1.73526192
1.74670458
1.75831652
1.77006626
1.78197408
1.79404318
1.80627692
1.81867862
1.83125186
1.84400010
1.85692704
1.87005627
1.88335240
1.89683902
1.91052020
1.92440021
1.93848336
1.95277417
1.96727717
1.98199725
1.99693930
2.01213098
2.02753258
2.04317188
2.05905414
2.07518530
2.09157133
2.10821795
2.12513185
2.14231944
2.15978718
2.17756867
2.19561839
2.21396971
2.23263049
2.25160861
2.27091217
2.29054928
2.31052923
2.33086061
2.35158420
2.37261629
2.39406037
2.41589546
2.43813252
2.45613074
2.44869757
2.44130921
2.43393183
2.42663217
0.35903662
0.36004314
0.36105460
0.36207178
0.36309543
0.36412412
0.36515942
0.36619988
0.36724627
0.36829945
0.36935788
0.37042245
0.37149394
0.37257084
0.37365481
0.37474430
0.37583938
0.37694249
0.37805128
0.37916660
0.38028935
0.38141793
0.38255405
0.38369617
0.38484511
0.38600177
0.38716456
0.38833439
0.38951218
0.39069626
0.39188844
0.39308703
0.39429298
0.39550725
0.39672810
0.39795652
0.39919350
0.40043727
0.40168971
0.40294909
0.40421644
0.40549266
0.40677607
0.40806761
0.40936834
0.41067642
0.41199383
0.41331878
0.41465229
0.41599536
0.41734621
0.41870588
0.42007440
0.42145193
0.42283851
0.42423525
0.42564023
0.42705557
0.42847934
0.42991263
0.43135658
0.43280920
0.43427166
0.43574509
0.43722746
0.43872106
0.44022378
0.44173688
0.44326147
0.44479555
0.44634026
0.44789687
0.44946325
0.45104060
0.45263022
0.45422992
0.45584217
0.45746469
0.45909882
0.46074587
0.46240357
0.46407443
0.46575621
0.46745020
0.46915781
0.47087672
0.47260824
0.47435382
0.47610980
0.47788012
0.47966492
0.48146182
0.48327354
0.48509762
0.48693553
0.48878872
0.49065477
0.49253511
0.49443129
0.49634072
0.49826637
0.50020564
0.50216001
0.50413120
0.50611645
0.50811738
0.51013565
0.51216859
0.51421779
0.51628494
0.51836729
0.52046800
0.52258426
0.52471781
0.52687043
0.52903920
0.53122592
0.53343236
0.53565556
0.53789908
0.54015976
0.54243958
0.54474038
0.54705906
0.54939592
0.55175620
0.55413514
0.55653644
0.55895686
0.56139845
0.56386328
0.56634796
0.56885469
0.57138556
0.57393718
0.57651353
0.57911128
0.58173251
0.58437955
0.58704877
0.58974254
0.59246314
0.59520692
0.59797823
0.60077345
0.60359496
0.60624892
0.60876179
0.61095363
0.61283195
0.61449057
0.61578518
0.61700183
0.61775982
0.61851543
0.61888748
0.61915439
0.61927503
0.61906612
0.61885732
0.61855197
0.61823183
0.61801934
0.61906612
1.36609209
1.37317395
1.38032961
1.38756025
1.39486706
1.40225124
1.40971398
1.41725659
1.42488027
1.43258655
1.44037652
1.44825172
1.45621347
1.46426332
1.47240269
1.48063290
1.48895574
1.49738526
1.50589800
1.51450813
1.52321732
1.53202713
1.54093957
1.54995620
1.55907905
1.56830990
1.57765067
1.58711755
1.59668446
1.60636735
1.61616838
1.62608981
1.63613379
1.64630258
1.65659857
1.66702414
1.67759764
1.68829000
1.69911969
1.71008909
1.72120106
1.73245835
1.74386394
1.75542068
1.76713169
1.77899992
1.79104662
1.80323946
1.81559932
1.82812977
1.84083450
1.85371697
1.86678100
1.88003051
1.89346945
1.90712237
1.92095280
1.93498540
1.94922435
1.96367455
1.97834063
1.99322736
2.00833988
2.02368307
2.03926277
2.05510783
2.07117701
2.08749962
2.10408139
2.12092853
2.13804793
2.15544581
2.17312908
2.19110489
2.20940804
2.22799182
2.24689054
2.26611304
2.28566694
2.30556130
2.32580519
2.34640765
2.36734676
2.38869524
2.41046453
2.43260145
2.45514846
2.44950628
2.44207954
2.43473077
2.42742634
2.42016554
0.35979354
0.36080357
0.36182007
0.36284155
0.36386883
0.36490268
0.36594167
0.36698735
0.36803824
0.36909521
0.37015900
0.37122819
0.37230355
0.37338597
0.37447390
0.37556818
0.37666890
0.37777606
0.37889057
0.38001087
0.38113782
0.38227227
0.38341269
0.38456073
0.38571489
0.38687596
0.38804489
0.38922006
0.39040235
0.39159271
0.39278951
0.39399451
0.39520603
0.39642504
0.39765248
0.39888665
0.40012851
0.40137902
0.40263647
0.40390274
0.40517607
0.40645748
0.40774792
0.40904567
0.41035166
0.41166702
0.41298985
0.41432220
0.41566217
0.41701087
0.41836932
0.41973466
0.42110994
0.42249528
0.42388874
0.42529142
0.42670444
0.42812586
0.42955780
0.43099833
0.43244854
0.43390960
0.43537951
0.43686047
0.43835047
0.43985069
0.44136229
0.44288319
0.44441465
0.44595781
0.44751063
0.44907430
0.45065007
0.45223579
0.45383388
0.45544210
0.45706180
0.45869422
0.46033716
0.46199191
0.46365979
0.46533856
0.46703076
0.46873409
0.47044986
0.47217950
0.47392064
0.47567341
0.47744173
0.47922197
0.48101556
0.48282391
0.48464459
0.48648039
0.48832878
0.49019131
0.49206945
0.49396068
0.49586648
0.49778843
0.49972394
0.50167602
0.50364190
0.50562334
0.50762182
0.50963473
0.51166362
0.51371026
0.51577181
0.51785153
0.51994652
0.52205855
0.52418935
0.52633607
0.52850044
0.53068423
0.53288460
0.53510487
0.53734213
0.53959811
0.54187483
0.54416913
0.54648298
0.54881656
0.55117017
0.55354410
0.55594027
0.55835551
0.56079358
0.56325126
0.56573057
0.56823367
0.57075715
0.57330316
0.57587379
0.57846576
0.58108306
0.58372223
0.58638549
0.58907509
0.59178752
0.59452504
0.59728998
0.60007876
0.60289580
0.60573727
0.60831034
0.61084253
0.61286360
0.61475372
0.61625421
0.61755407
0.61862504
0.61938709
0.62010562
0.62037790
0.62064612
0.62062448
0.62041467
0.62018555
0.61986375
0.61954230
0.61957031
0.62127650
1.37141776
1.37855506
1.38576710
1.39305496
1.40041995
1.40786314
1.41538584
1.42297804
1.43066370
1.43844438
1.44629836
1.45423865
1.46226656
1.47038364
1.47859132
1.48689115
1.49528468
1.50377345
1.51235926
1.52105665
1.52984142
1.53872836
1.54771912
1.55681551
1.56601954
1.57533300
1.58475780
1.59429622
1.60396457
1.61373615
1.62362766
1.63364112
1.64377892
1.65404320
1.66443658
1.67496145
1.68562019
1.69641542
1.70736623
1.71844268
1.72966385
1.74103260
1.75255167
1.76422429
1.77605331
1.78804219
1.80019391
1.81253040
1.82501841
1.83767974
1.85051799
1.86353683
1.87674010
1.89013195
1.90371621
1.91749704
1.93149996
1.94568753
1.96008515
1.97469735
1.98952913
2.00458527
2.01987123
2.03539205
2.05115318
2.06716037
2.08344364
2.09996080
2.11674190
2.13379335
2.15112162
2.16873384
2.18663692
2.20483780
2.22334433
2.24216413
2.26133394
2.28080535
2.30061483
2.32077146
2.34128451
2.36216331
2.38338590
2.40502572
2.42706227
2.44953990
2.45028186
2.44288373
2.43553042
2.42822099
2.42095542
2.41373324
0.36055365
0.36156797
0.36258805
0.36361462
0.36464629
0.36568454
0.36672801
0.36777744
0.36883363
0.36989516
0.37096283
0.37203744
0.37311751
0.37420467
0.37529659
0.37639570
0.37750205
0.37861416
0.37973282
0.38085890
0.38199088
0.38312963
0.38427600
0.38542840
0.38658860
0.38775495
0.38892835
0.39010975
0.39129746
0.39249244
0.39369562
0.39490530
0.39612335
0.39734802
0.39858031
0.39982113
0.40106884
0.40232435
0.40358862
0.40485999
0.40614030
0.40742782
0.40872350
0.41002840
0.41134071
0.41266242
0.41399166
0.41532952
0.41667703
0.41803232
0.41939545
0.42076951
0.42215160
0.42354277
0.42494419
0.42635387
0.42777398
0.42920256
0.43064067
0.43208954
0.43354711
0.43501455
0.43649304
0.43798053
0.43947929
0.44098723
0.44250557
0.44403550
0.44557491
0.44712508
0.44868717
0.45025909
0.45184204
0.45343733
0.45504275
0.45666078
0.45828915
0.45992917
0.46158218
0.46324593
0.46492168
0.46661085
0.46831110
0.47002500
0.47175026
0.47348824
0.47523907
0.47700289
0.47877985
0.48057142
0.48237512
0.48419240
0.48602477
0.48786971
0.48973009
0.49160331
0.49349093
0.49539450
0.49731141
0.49924463
0.50119150
0.50315362
0.50513262
0.50712574
0.50913471
0.51116115
0.51320225
0.51525974
0.51733530
0.51942611
0.52153546
0.52366042
0.52580279
0.52796435
0.53014213
0.53233796
0.53455371
0.53678632
0.53903931
0.54130960
0.54359913
0.54590982
0.54823679
0.55058545
0.55295599
0.55534536
0.55775541
0.56018823
0.56264061
0.56511635
0.56761217
0.57013011
0.57267237
0.57523549
0.57782358
0.58043313
0.58306640
0.58572555
0.58840716
0.59111345
0.59384668
0.59660333
0.59938574
0.60219622
0.60503107
0.60786170
0.61038798
0.61289316
0.61478770
0.61668974
0.61802793
0.61933535
0.62025684
0.62102288
0.62160194
0.62187338
0.62214291
0.62197769
0.62176692
0.62150425
0.62118113
0.62086695
0.62125701
0.62509233
1.37677443
1.38397861
1.39124763
1.39859331
1.40601707
1.41352010
1.42110360
1.42875743
1.43650579
1.44433856
1.45225728
1.46027529
1.46837020
1.47655535
1.48483217
1.49320245
1.50166762
1.51022923
1.51888907
1.52764881
1.53652346
1.54548836
1.55455852
1.56373584
1.57302201
1.58241916
1.59192932
1.60155451
1.61129677
1.62115824
1.63115609
1.64126289
1.65149581
1.66185701
1.67234921
1.68297458
1.69373584
1.70463574
1.71567667
1.72687840
1.73821032
1.74969208
1.76132643
1.77311659
1.78506565
1.79717684
1.80945349
1.82189894
1.83451688
1.84732997
1.86030388
1.87346125
1.88680613
1.90034235
1.91407430
1.92800617
1.94214237
1.95648730
1.97106755
1.98584461
2.00084496
2.01607370
2.03153586
2.04723716
2.06318283
2.07937908
2.09583163
2.11254644
2.12955570
2.14681506
2.16435647
2.18218684
2.20031357
2.21874404
2.23748565
2.25654674
2.27593517
2.29568958
2.31575942
2.33618355
2.35697103
2.37810016
2.39964366
2.42158127
2.44392347
2.45109153
2.44368863
2.43633032
2.42901635
2.42174602
2.41451907
2.40733504
0.36131623
0.36233562
0.36336002
0.36439022
0.36542705
0.36646903
0.36751774
0.36857170
0.36963171
0.37069860
0.37177092
0.37284943
0.37393504
0.37502539
0.37612370
0.37722766
0.37833813
0.37945595
0.38057962
0.38170993
0.38284782
0.38399166
0.38514236
0.38630083
0.38746545
0.38863793
0.38981670
0.39100266
0.39219669
0.39339718
0.39460590
0.39582121
0.39704403
0.39827532
0.39951333
0.40075910
0.40201357
0.40327501
0.40454438
0.40582269
0.40710819
0.40840280
0.40970469
0.41101494
0.41233453
0.41366169
0.41499835
0.41634274
0.41769585
0.41905877
0.42042863
0.42180845
0.42319840
0.42459652
0.42600390
0.42742166
0.42884788
0.43028468
0.43173006
0.43318522
0.43465129
0.43612623
0.43761119
0.43910742
0.44061282
0.44212967
0.44365588
0.44519269
0.44674128
0.44829956
0.44986877
0.45145011
0.45304149
0.45464528
0.45625928
0.45788479
0.45952311
0.46117201
0.46283278
0.46450678
0.46619168
0.46789008
0.46959969
0.47132182
0.47305790
0.47480553
0.47656485
0.47833985
0.48012680
0.48192716
0.48374239
0.48557001
0.48741284
0.48926836
0.49113807
0.49302348
0.49492204
0.49683529
0.49876481
0.50070792
0.50266767
0.50464141
0.50663066
0.50863719
0.51065814
0.51269525
0.51475012
0.51682007
0.51890671
0.52101183
0.52313256
0.52527213
0.52742773
0.52960110
0.53179407
0.53400362
0.53623164
0.53847998
0.54074556
0.54303199
0.54533613
0.54765993
0.55000365
0.55236745
0.55475169
0.55715835
0.55958420
0.56203306
0.56450164
0.56699198
0.56950629
0.57204109
0.57459861
0.57718092
0.57978469
0.58241391
0.58506525
0.58774078
0.59044284
0.59316796
0.59591830
0.59869623
0.60149825
0.60432857
0.60718364
0.60993409
0.61247981
0.61481744
0.61672175
0.61850035
0.61981195
0.62112689
0.62189513
0.62266523
0.62310553
0.62337828
0.62355077
0.62333900
0.62312734
0.62282646
0.62250191
0.62226689
0.62314475
1.37500906
1.38218391
1.38943398
1.39677155
1.40417600
1.41165924
1.41922271
1.42685628
1.43458390
1.44239569
1.45029306
1.45827734
1.46635008
1.47452486
1.48277903
1.49112606
1.49956763
1.50810528
1.51674068
1.52547562
1.53431165
1.54325080
1.55229461
1.56145871
1.57071781
1.58008742
1.58956945
1.59916604
1.60887921
1.61871099
1.62866366
1.63873959
1.64895618
1.65928555
1.66974509
1.68033731
1.69106483
1.70193017
1.71293604
1.72408521
1.73538041
1.74682462
1.75843811
1.77018952
1.78209901
1.79416978
1.80640519
1.81880867
1.83138371
1.84413385
1.85706270
1.87019372
1.88349187
1.89698052
1.91066384
1.92454588
1.93863118
1.95292413
1.96742940
1.98215175
1.99709606
2.01229024
2.02769423
2.04333591
2.05922079
2.07535458
2.09174323
2.10839272
2.12530947
2.14249992
2.15999675
2.17775512
2.19580793
2.21416259
2.23282671
2.25180793
2.27111483
2.29075575
2.31073928
2.33110499
2.35180187
2.37283778
2.39428568
2.41612482
2.43836617
2.45190191
2.44449401
2.43713093
2.42981195
2.42253709
2.41530538
2.40808415
2.40093851
0.36208281
0.36310577
0.36413530
0.36516991
0.36621043
0.36725765
0.36831012
0.36936939
0.37043402
0.37150478
0.37258255
0.37366578
0.37475535
0.37585130
0.37695366
0.37806332
0.37917870
0.38030070
0.38143018
0.38256559
0.38370773
0.38485757
0.38601348
0.38717720
0.38834712
0.38952410
0.39070913
0.39190051
0.39309919
0.39430609
0.39551952
0.39674136
0.39796987
0.39920601
0.40045077
0.40170240
0.40296188
0.40423021
0.40550560
0.40679002
0.40808165
0.40938151
0.41069064
0.41200718
0.41333222
0.41466677
0.41600898
0.41736090
0.41872063
0.42008829
0.42146689
0.42285356
0.42424941
0.42565551
0.42706993
0.42849481
0.42992818
0.43137121
0.43282500
0.43428755
0.43576002
0.43724358
0.43873620
0.44023904
0.44175330
0.44327694
0.44481221
0.44635704
0.44791263
0.44948027
0.45105773
0.45264634
0.45424733
0.45585850
0.45748234
0.45911658
0.46076256
0.46242157
0.46409136
0.46577325
0.46746862
0.46917513
0.47089541
0.47262707
0.47437152
0.47612891
0.47789934
0.47968301
0.48148134
0.48329189
0.48511612
0.48695549
0.48880753
0.49067506
0.49255556
0.49445051
0.49636149
0.49828589
0.50022531
0.50218129
0.50415117
0.50613803
0.50813913
0.51015615
0.51219070
0.51424009
0.51630592
0.51838988
0.52048928
0.52260727
0.52474099
0.52689224
0.52906281
0.53124970
0.53345472
0.53567976
0.53792185
0.54018438
0.54246438
0.54476368
0.54708427
0.54942131
0.55178016
0.55416101
0.55656081
0.55898148
0.56142503
0.56388825
0.56637502
0.56888199
0.57141125
0.57396495
0.57653970
0.57913768
0.58176106
0.58440638
0.58707786
0.58977187
0.59249073
0.59523678
0.59800637
0.60080189
0.60362566
0.60647404
0.60935158
0.61200809
0.61457121
0.61670679
0.61862504
0.62022877
0.62155634
0.62272185
0.62351805
0.62431407
0.62461418
0.62489045
0.62491900
0.62470627
0.62448269
0.62415642
0.62383050
0.62378460
0.62536466
1.38040459
1.38763607
1.39494359
1.40232849
1.40979207
1.41734684
1.42496014
1.43266726
1.44045818
1.44833422
1.45629692
1.46434760
1.47248793
1.48071921
1.48904300
1.49747348
1.50598717
1.51459837
1.52330852
1.53211951
1.54103291
1.55005074
1.55917466
1.56840658
1.57776260
1.58721662
1.59678471
1.60646880
1.61627114
1.62619376
1.63623905
1.64640915
1.65670645
1.66713345
1.67770827
1.68840218
1.69923317
1.71020412
1.72131753
1.73257649
1.74398363
1.75554192
1.76725447
1.77914214
1.79117286
1.80336726
1.81572890
1.82826126
1.84096777
1.85385215
1.86691809
1.88016951
1.89363062
1.90726542
1.92109799
1.93513262
1.94937384
1.96382618
1.97849452
1.99338353
2.00849843
2.02384424
2.03944969
2.05527401
2.07134581
2.08767080
2.10425544
2.12110543
2.13822770
2.15562844
2.17331481
2.19129372
2.20959997
2.22818685
2.24708915
2.26631498
2.28587246
2.30577040
2.32601786
2.34662414
2.36756730
2.38895154
2.41069317
2.43283415
2.45271277
2.44530010
2.43793201
2.43060827
2.42332840
2.41605926
2.40886617
2.40171576
2.39460778
0.36285263
0.36387998
0.36491314
0.36595294
0.36699793
0.36804891
0.36910668
0.37016979
0.37123981
0.37231523
0.37339693
0.37448570
0.37557927
0.37668085
0.37778810
0.37890187
0.38002303
0.38115004
0.38228378
0.38342506
0.38457239
0.38572657
0.38688856
0.38805673
0.38923281
0.39041519
0.39160478
0.39280251
0.39400673
0.39521831
0.39643830
0.39766493
0.39890006
0.40014201
0.40139171
0.40265015
0.40391558
0.40518901
0.40647140
0.40776101
0.40905976
0.41036588
0.41168034
0.41300422
0.41433570
0.41567576
0.41702551
0.41838306
0.41974950
0.42112488
0.42250931
0.42390388
0.42530665
0.42671877
0.42814130
0.42957231
0.43101397
0.43246430
0.43392441
0.43539548
0.43687549
0.43836561
0.43986699
0.44137761
0.44289973
0.44443128
0.44597346
0.44752750
0.44909129
0.45066604
0.45225301
0.45385006
0.45545843
0.45707941
0.45871076
0.46035501
0.46200991
0.46367672
0.46535683
0.46704793
0.46875137
0.47046852
0.47219703
0.47393957
0.47569248
0.47745967
0.47924134
0.48103505
0.48284224
0.48466438
0.48649898
0.48834890
0.49021158
0.49208850
0.49398124
0.49588719
0.49780792
0.49974501
0.50169581
0.50366330
0.50564486
0.50764209
0.50965661
0.51168567
0.51373100
0.51579422
0.51787263
0.51996779
0.52208149
0.52421099
0.52635938
0.52852398
0.53070641
0.53290850
0.53512740
0.53736484
0.53962266
0.54189795
0.54419410
0.54650813
0.54884028
0.55119580
0.55356991
0.55596453
0.55838174
0.56081831
0.56327623
0.56575757
0.56825906
0.57078457
0.57333082
0.57589990
0.57849395
0.58110958
0.58374900
0.58641446
0.58910239
0.59181702
0.59455484
0.59731805
0.60010916
0.60292435
0.60576618
0.60863692
0.61153293
0.61409205
0.61667049
0.61860138
0.62053144
0.62194073
0.62327784
0.62426805
0.62506598
0.62572080
0.62603545
0.62634826
0.62627554
0.62607729
0.62581980
0.62549210
0.62516481
0.62542838
0.62814301
1.38584268
1.39313126
1.40049708
1.40794110
1.41546464
1.42305768
1.43075562
1.43852568
1.44638062
1.45432186
1.46235061
1.47046864
1.47867727
1.48697805
1.49537253
1.50386238
1.51246202
1.52114761
1.52993345
1.53882146
1.54781330
1.55691087
1.56611598
1.57543051
1.58485663
1.59439611
1.60406566
1.61383867
1.62373137
1.63374615
1.64388514
1.65415084
1.66454554
1.67507172
1.68573189
1.69654477
1.70748091
1.71855891
1.72978151
1.74115181
1.75267255
1.76434672
1.77617741
1.78816783
1.80033958
1.81265962
1.82514942
1.83781254
1.85065258
1.86367333
1.87687862
1.89027238
1.90385866
1.91764164
1.93164670
1.94583642
1.96023619
1.97485077
1.98968482
2.00474334
2.02003169
2.03555489
2.05131865
2.06732845
2.08361435
2.10013413
2.11691809
2.13397241
2.15130377
2.16891885
2.18682480
2.20502901
2.22353888
2.24239016
2.26153517
2.28100991
2.30082297
2.32098341
2.34150004
2.36238265
2.38360929
2.40525317
2.42729402
2.44977593
2.44610643
2.43873358
2.43140507
2.42408752
2.41684675
2.40964890
2.40249395
2.39538121
2.38831043
0.36362502
0.36465749
0.36569506
0.36673859
0.36778882
0.36884433
0.36990669
0.37097442
0.37204832
0.37312925
0.37421569
0.37530768
0.37640762
0.37751329
0.37862623
0.37974495
0.38087031
0.38200319
0.38314199
0.38428760
0.38544092
0.38660035
0.38776678
0.38894111
0.39012170
0.39131036
0.39250544
0.39370781
0.39491844
0.39613569
0.39736134
0.39859369
0.39983371
0.40108240
0.40233797
0.40360144
0.40487379
0.40615326
0.40744087
0.40873757
0.41004163
0.41135499
0.41267580
0.41400516
0.41534406
0.41669068
0.41804606
0.41941026
0.42078343
0.42216662
0.42355791
0.42495838
0.42636919
0.42778838
0.42921704
0.43065631
0.43210423
0.43356296
0.43503049
0.43650803
0.43799669
0.43949446
0.44100362
0.44252205
0.44405100
0.44559166
0.44714192
0.44870299
0.45027617
0.45185924
0.45345351
0.45506021
0.45667717
0.45830685
0.45994702
0.46159896
0.46326402
0.46493989
0.46662796
0.46832958
0.47004238
0.47176903
0.47350714
0.47525683
0.47702208
0.47879919
0.48058957
0.48239473
0.48421216
0.48604336
0.48788980
0.48974895
0.49162370
0.49351147
0.49541381
0.49733225
0.49926421
0.50121123
0.50317496
0.50515264
0.50714743
0.50915658
0.51118165
0.51322442
0.51528209
0.51735634
0.51944882
0.52155685
0.52368355
0.52582610
0.52798623
0.53016579
0.53236187
0.53457618
0.53681058
0.53906214
0.54133266
0.54362404
0.54593325
0.54826212
0.55061096
0.55298007
0.55537134
0.55778164
0.56021291
0.56266731
0.56514144
0.56763929
0.57015753
0.57269812
0.57526338
0.57784981
0.58045965
0.58309501
0.58575255
0.58843637
0.59114289
0.59387445
0.59663332
0.59941602
0.60222471
0.60506195
0.60792392
0.61081529
0.61361575
0.61619020
0.61857343
0.62050551
0.62232345
0.62366438
0.62500674
0.62581980
0.62662172
0.62711400
0.62742788
0.62766463
0.62750530
0.62734383
0.62710738
0.62683356
0.62657315
0.62734163
1.38405395
1.39132369
1.39867032
1.40609491
1.41359866
1.42118299
1.42883766
1.43658686
1.44442058
1.45235205
1.46035910
1.46845496
1.47664106
1.48491895
1.49329019
1.50175631
1.51031899
1.51897979
1.52774060
1.53661633
1.54558229
1.55465364
1.56383193
1.57311928
1.58251774
1.59202898
1.60165536
1.61139882
1.62127638
1.63126075
1.64136887
1.65160310
1.66196573
1.67245913
1.68308592
1.69384873
1.70474994
1.71579242
1.72699571
1.73832917
1.74981248
1.76144838
1.77324021
1.78519094
1.79730380
1.80958223
1.82202947
1.83466816
1.84746420
1.86043990
1.87359929
1.88694608
1.90048444
1.91421843
1.92815244
1.94229066
1.95663786
1.97122037
1.98599970
2.00100231
2.01623344
2.03169823
2.04740191
2.06335044
2.07954907
2.09600449
2.11274719
2.12973404
2.14699626
2.16454077
2.18237424
2.20050406
2.21893764
2.23768258
2.25674701
2.27613902
2.29589677
2.31597042
2.33639812
2.35718966
2.37832260
2.39987016
2.42181182
2.44415855
2.44691348
2.43953586
2.43216920
2.42488003
2.41763449
2.41043210
2.40327239
2.39615512
2.38907981
2.38201451
0.36440143
0.36543757
0.36648035
0.36752835
0.36858237
0.36964321
0.37070942
0.37178257
0.37286115
0.37394604
0.37503722
0.37613481
0.37723887
0.37835020
0.37946728
0.38059181
0.38172221
0.38285932
0.38400409
0.38515487
0.38631257
0.38747808
0.38864982
0.38982952
0.39101553
0.39220878
0.39341021
0.39461815
0.39583352
0.39705729
0.39828777
0.39952680
0.40077266
0.40202630
0.40328872
0.40455818
0.40583566
0.40712216
0.40841591
0.40971789
0.41102919
0.41234791
0.41367611
0.41501191
0.41635635
0.41771054
0.41907257
0.42044252
0.42182347
0.42321250
0.42461172
0.42601919
0.42743602
0.42886338
0.43029922
0.43174472
0.43320104
0.43466613
0.43614224
0.43762735
0.43912259
0.44062918
0.44214505
0.44367248
0.44520938
0.44675699
0.44831651
0.44988582
0.45146614
0.45305878
0.45466152
0.45627567
0.45790246
0.45953971
0.46118993
0.46285084
0.46452373
0.46621001
0.46790731
0.46961826
0.47134054
0.47307551
0.47482455
0.47658402
0.47835785
0.48014623
0.48194674
0.48376080
0.48558989
0.48743153
0.48928720
0.49115840
0.49304262
0.49494269
0.49685609
0.49878436
0.50072908
0.50268757
0.50466144
0.50665230
0.50865752
0.51068014
0.51271737
0.51477098
0.51684260
0.51892942
0.52103317
0.52315563
0.52529383
0.52745122
0.52962476
0.53181630
0.53402770
0.53625590
0.53850281
0.54077023
0.54305518
0.54536122
0.54768521
0.55002743
0.55239314
0.55477762
0.55718273
0.55961061
0.56205791
0.56452668
0.56701910
0.56953180
0.57206869
0.57462639
0.57720715
0.57981300
0.58244061
0.58509213
0.58776987
0.59047025
0.59319758
0.59594822
0.59872442
0.60152870
0.60435730
0.60721266
0.61009717
0.61300713
0.61570847
0.61830270
0.62047952
0.62242138
0.62404919
0.62539762
0.62657315
0.62737924
0.62818515
0.62851340
0.62882870
0.62889981
0.62873989
0.62857115
0.62830043
0.62803000
0.62798572
0.62950033
1.38950992
1.39684832
1.40425348
1.41173756
1.41930199
1.42693627
1.43466485
1.44247758
1.45037580
1.45836103
1.46643472
1.47461045
1.48286545
1.49121344
1.49965608
1.50819468
1.51683116
1.52556717
1.53440428
1.54334438
1.55240285
1.56155467
1.57081485
1.58018565
1.58966887
1.59926665
1.60898089
1.61881399
1.62876809
1.63884521
1.64906311
1.65939379
1.66985476
1.68044829
1.69117725
1.70204401
1.71305144
1.72420204
1.73549879
1.74696171
1.75855970
1.77031267
1.78222382
1.79429638
1.80653358
1.81893885
1.83151567
1.84426761
1.85721767
1.87033129
1.88363147
1.89712214
1.91080737
1.92469156
1.93877900
1.95307410
1.96758163
1.98230624
1.99727535
2.01244950
2.02785611
2.04350019
2.05938768
2.07552409
2.09191537
2.10856771
2.12548709
2.14270616
2.16018033
2.17794156
2.19599748
2.21435547
2.23302269
2.25200748
2.27131772
2.29096198
2.31094909
2.33131862
2.35201931
2.37305927
2.39451122
2.41635442
2.43860006
2.44772100
2.44030499
2.43296719
2.42567325
2.41842270
2.41121554
2.40405130
2.39692950
2.38981748
2.38277960
2.37578297
0.36518115
0.36622173
0.36726826
0.36832154
0.36938012
0.37044480
0.37151641
0.37259346
0.37367755
0.37476718
0.37586239
0.37696564
0.37807456
0.37919003
0.38031289
0.38144162
0.38257790
0.38372016
0.38486922
0.38602605
0.38718900
0.38835898
0.38953689
0.39072114
0.39191344
0.39311221
0.39431831
0.39553273
0.39675376
0.39798233
0.39921945
0.40046337
0.40171599
0.40297556
0.40424305
0.40551946
0.40680301
0.40809473
0.40939564
0.41070390
0.41202149
0.41334662
0.41468027
0.41602358
0.41737461
0.41873443
0.42010316
0.42148086
0.42286864
0.42426458
0.42566976
0.42708528
0.42850927
0.42994273
0.43138689
0.43283972
0.43430239
0.43577603
0.43725860
0.43875241
0.44025537
0.44176865
0.44329348
0.44482777
0.44637272
0.44792956
0.44949615
0.45107490
0.45266360
0.45426354
0.45587602
0.45749879
0.45913434
0.46078044
0.46243837
0.46410951
0.46579155
0.46748582
0.46919370
0.47091284
0.47264591
0.47439048
0.47614673
0.47791860
0.47970241
0.48149958
0.48331159
0.48513594
0.48697415
0.48882768
0.49069399
0.49257600
0.49447110
0.49638087
0.49830684
0.50024641
0.50220108
0.50417256
0.50615817
0.50816089
0.51017809
0.51221132
0.51426238
0.51632839
0.51841104
0.52051210
0.52262872
0.52476269
0.52691567
0.52908480
0.53127348
0.53347868
0.53570235
0.53794622
0.54020733
0.54248750
0.54478872
0.54710782
0.54944676
0.55180579
0.55418515
0.55658692
0.55900776
0.56144983
0.56391507
0.56640023
0.56890923
0.57143873
0.57399082
0.57656771
0.57916594
0.58178765
0.58443516
0.58710492
0.58979923
0.59252030
0.59526461
0.59803653
0.60083228
0.60365433
0.60650510
0.60938078
0.61228389
0.61521691
0.61781770
0.62042981
0.62239522
0.62435126
0.62578237
0.62713832
0.62813640
0.62894648
0.62959605
0.62991691
0.63023579
0.63013989
0.62997931
0.62976980
0.62949806
0.62922662
0.62953150
0.63229090
1.39502013
1.40240586
1.40987027
1.41742587
1.42504001
1.43274796
1.44053972
1.44841671
1.45638037
1.46443200
1.47257316
1.48080540
1.48914266
1.49756169
1.50607646
1.51468861
1.52339983
1.53221178
1.54112637
1.55014515
1.55927026
1.56850338
1.57786047
1.58731568
1.59688497
1.60657036
1.61637390
1.62629783
1.63634431
1.64651573
1.65681446
1.66725838
1.67781901
1.68851423
1.69934678
1.71031916
1.72143412
1.73269451
1.74410319
1.75566316
1.76737726
1.77926660
1.79129899
1.80349517
1.81585860
1.82839274
1.84110105
1.85398722
1.86705518
1.88030863
1.89377165
1.90740848
1.92124307
1.93527985
1.94952333
1.96397793
1.97864842
1.99353981
2.00865698
2.02400541
2.03961325
2.05544019
2.07151461
2.08784223
2.10442948
2.12128234
2.13840747
2.15581107
2.17350054
2.19150949
2.20979214
2.22838211
2.24728775
2.26651692
2.28607798
2.30597949
2.32623076
2.34684062
2.36778760
2.38917613
2.41092181
2.43306684
2.44852924
2.44110823
2.43376541
2.42646670
2.41921163
2.41199970
2.40483069
2.39770436
2.39058781
2.38354540
2.37654424
2.36958432
0.36596349
0.36700928
0.36806032
0.36911738
0.37018132
0.37125063
0.37232691
0.37340868
0.37449676
0.37559116
0.37669200
0.37779933
0.37891397
0.38003439
0.38116229
0.38229609
0.38343662
0.38458484
0.38573912
0.38690034
0.38806942
0.38924474
0.39042717
0.39161772
0.39281464
0.39401981
0.39523149
0.39645064
0.39767826
0.39891258
0.40015459
0.40140527
0.40266290
0.40392932
0.40520284
0.40648440
0.40777501
0.40907291
0.41037911
0.41169462
0.41301766
0.41435015
0.41569033
0.41703919
0.41839781
0.41976336
0.42113882
0.42252436
0.42391801
0.42532191
0.42673412
0.42815572
0.42958787
0.43102860
0.43247902
0.43394029
0.43541041
0.43689051
0.43838179
0.43988219
0.44139403
0.44291514
0.44444680
0.44599023
0.44754326
0.44910830
0.45068315
0.45226911
0.45386744
0.45547590
0.45709583
0.45872849
0.46037167
0.46202788
0.46369484
0.46537384
0.46706632
0.46876988
0.47048593
0.47221583
0.47395724
0.47571155
0.47747889
0.47925940
0.48105454
0.48286188
0.48468286
0.48651895
0.48836765
0.49023181
0.49210891
0.49400043
0.49590793
0.49782881
0.49976465
0.50171703
0.50368327
0.50566494
0.50766379
0.50967705
0.51170778
0.51375324
0.51581514
0.51789522
0.51999056
0.52210295
0.52423412
0.52638119
0.52854753
0.53073013
0.53293085
0.53515154
0.53738916
0.53964555
0.54192269
0.54421741
0.54653335
0.54886568
0.55121970
0.55359572
0.55599058
0.55840629
0.56084484
0.56330293
0.56578273
0.56828630
0.57081020
0.57335854
0.57592785
0.57852030
0.58113807
0.58377773
0.58644152
0.58913159
0.59184456
0.59458458
0.59734815
0.60013747
0.60295498
0.60579705
0.60866606
0.61156446
0.61448848
0.61733347
0.61994147
0.62236696
0.62432283
0.62616760
0.62752742
0.62889093
0.62970740
0.63052154
0.63100660
0.63132888
0.63154614
0.63138485
0.63122362
0.63097525
0.63070250
0.63050818
0.63138932
1.39320767
1.40057421
1.40801907
1.41554344
1.42313731
1.43083620
1.43860710
1.44646287
1.45440495
1.46243477
1.47055364
1.47876322
1.48706508
1.49546051
1.50395131
1.51255202
1.52123857
1.53002560
1.53891456
1.54790747
1.55700612
1.56621242
1.57552814
1.58495545
1.59451044
1.60416687
1.61394107
1.62383509
1.63385105
1.64399147
1.65425849
1.66465449
1.67518210
1.68585956
1.69665790
1.70759547
1.71867502
1.72989929
1.74127102
1.75279331
1.76446915
1.77630150
1.78829360
1.80046701
1.81278884
1.82528043
1.83794534
1.85078728
1.86380994
1.87701714
1.89041293
1.90400124
1.91780698
1.93179345
1.94598532
1.96038735
1.97500408
1.98984051
2.00490141
2.02019215
2.03571796
2.05148411
2.06752038
2.08378506
2.10030770
2.11709428
2.13415146
2.15148568
2.16910386
2.18701291
2.20522022
2.22373319
2.24258780
2.26173639
2.28121448
2.30103111
2.32119513
2.34171557
2.36260223
2.38383269
2.40548086
2.42755866
2.44930410
2.44191194
2.43456435
2.42726088
2.42000103
2.41278434
2.40561080
2.39844751
2.39135861
2.38431168
2.37730622
2.37034154
2.36344910
0.36674991
0.36779946
0.36885580
0.36991745
0.37098524
0.37206000
0.37314019
0.37422749
0.37531954
0.37641877
0.37752530
0.37863752
0.37975630
0.38088253
0.38201466
0.38315436
0.38430005
0.38545260
0.38661295
0.38777944
0.38895300
0.39013454
0.39132240
0.39251840
0.39372087
0.39493072
0.39614889
0.39737374
0.39860618
0.39984718
0.40109503
0.40235162
0.40361518
0.40488669
0.40616718
0.40745485
0.40875071
0.41005579
0.41136828
0.41268921
0.41401958
0.41535762
0.41670531
0.41806078
0.41942412
0.42079836
0.42218062
0.42357200
0.42497361
0.42638350
0.42780381
0.42923257
0.43067089
0.43211997
0.43357775
0.43504539
0.43652409
0.43801180
0.43951076
0.44101891
0.44253746
0.44406763
0.44560727
0.44715765
0.44871998
0.45029211
0.45187646
0.45347083
0.45507649
0.45669475
0.45832336
0.45996365
0.46161690
0.46328089
0.46495813
0.46664631
0.46834683
0.47006100
0.47178653
0.47352603
0.47527587
0.47703996
0.47881851
0.48060906
0.48241302
0.48423192
0.48606327
0.48790851
0.48976916
0.49164268
0.49353200
0.49543449
0.49735171
0.49928522
0.50123245
0.50319487
0.50517416
0.50716764
0.50917840
0.51120371
0.51324517
0.51530451
0.51737887
0.51947010
0.52157974
0.52370507
0.52584785
0.52800971
0.53018790
0.53238577
0.53460026
0.53683329
0.53908664
0.54135734
0.54364729
0.54595834
0.54828578
0.55063653
0.55300581
0.55539560
0.55780780
0.56023937
0.56269217
0.56516838
0.56766462
0.57018489
0.57272577
0.57528943
0.57787794
0.58048803
0.58312178
0.58578146
0.58846360
0.59117234
0.59390414
0.59666133
0.59944630
0.60225528
0.60509074
0.60795510
0.61084461
0.61376172
0.61670893
0.61944741
0.62207335
0.62427902
0.62625134
0.62790596
0.62928224
0.63046795
0.63128632
0.63210005
0.63242346
0.63274717
0.63279665
0.63263476
0.63245714
0.63218313
0.63190931
0.63192952
0.63360983
1.39874721
1.40617263
1.41367722
1.42126238
1.42891800
1.43666804
1.44450259
1.45243502
1.46044302
1.46853971
1.47672677
1.48500562
1.49337780
1.50184500
1.51040864
1.51907063
1.52784550
1.53670919
1.54567623
1.55474865
1.56392813
1.57321668
1.58261621
1.59212863
1.60175622
1.61150098
1.62137973
1.63136542
1.64147484
1.65171039
1.66207433
1.67256916
1.68319738
1.69396150
1.70486426
1.71592474
1.72711301
1.73844802
1.74993289
1.76157045
1.77336383
1.78531623
1.79743087
1.80971098
1.82216001
1.83480048
1.84759843
1.86057603
1.87373734
1.88708615
1.90062642
1.91436255
1.92829859
1.94243908
1.95680988
1.97137320
1.98615491
2.00115991
2.01639342
2.03186059
2.04756689
2.06351781
2.07971931
2.09617710
2.11292267
2.12991238
2.14717770
2.16472507
2.18256164
2.20069456
2.21913123
2.23787951
2.25694728
2.27637172
2.29610395
2.31618142
2.33661294
2.35740805
2.37854505
2.40009665
2.42204261
2.44439340
2.44271612
2.43536377
2.42805552
2.42079091
2.41356969
2.40635872
2.39922333
2.39212990
2.38507843
2.37806845
2.37109947
2.36420250
2.35728335
0.36753973
0.36859381
0.36965397
0.37072101
0.37179345
0.37287208
0.37395781
0.37504831
0.37614673
0.37725085
0.37836146
0.37947941
0.38060319
0.38173366
0.38287169
0.38401568
0.38516736
0.38632515
0.38748989
0.38866255
0.38984147
0.39102754
0.39222175
0.39342239
0.39463127
0.39584672
0.39706969
0.39830115
0.39953935
0.40078527
0.40203992
0.40330151
0.40457198
0.40584955
0.40713519
0.40842995
0.40973204
0.41104245
0.41236225
0.41368955
0.41502643
0.41637099
0.41772428
0.41908640
0.42045742
0.42183745
0.42322758
0.42462587
0.42603448
0.42745143
0.42887783
0.43031484
0.43176043
0.43321580
0.43468207
0.43615720
0.43764240
0.43913883
0.44064444
0.44216150
0.44368795
0.44522497
0.44677380
0.44833231
0.44990173
0.45148334
0.45307493
0.45467895
0.45629320
0.45791894
0.45955753
0.46120667
0.46286768
0.46454191
0.46622708
0.46792576
0.46963564
0.47135803
0.47309437
0.47484228
0.47660187
0.47837713
0.48016438
0.48196632
0.48378053
0.48560843
0.48745155
0.48930737
0.49117738
0.49306309
0.49496198
0.49687693
0.49880534
0.50074875
0.50270885
0.50468290
0.50667250
0.50867933
0.51070064
0.51273954
0.51479334
0.51686358
0.51895213
0.52105606
0.52317715
0.52531707
0.52747309
0.52964681
0.53184015
0.53405011
0.53628016
0.53852719
0.54079324
0.54308003
0.54538459
0.54770881
0.55005288
0.55241716
0.55480355
0.55720890
0.55963522
0.56208450
0.56455356
0.56704438
0.56955910
0.57209444
0.57465422
0.57723522
0.57983947
0.58246922
0.58512098
0.58779705
0.59049964
0.59322524
0.59597814
0.59875464
0.60155720
0.60438812
0.60724372
0.61012644
0.61303878
0.61597693
0.61894339
0.62156504
0.62419581
0.62616760
0.62815410
0.62958270
0.63097078
0.63197440
0.63282144
0.63349253
0.63384670
0.63417190
0.63405216
0.63388962
0.63367295
0.63339788
0.63312751
0.63356018
1.39692497
1.40433109
1.41181600
1.41938114
1.42701638
1.43474579
1.44255936
1.45045853
1.45844471
1.46653128
1.47469592
1.48295200
1.49130094
1.49974442
1.50828421
1.51692164
1.52565861
1.53449690
1.54343808
1.55249763
1.56165051
1.57091188
1.58028388
1.58976829
1.59936714
1.60908282
1.61891711
1.62887239
1.63896596
1.64917004
1.65950203
1.66996431
1.68055940
1.69128978
1.70215797
1.71316683
1.72431898
1.73563421
1.74708176
1.75868130
1.77043593
1.78234875
1.79442298
1.80666196
1.81906891
1.83164752
1.84440136
1.85735333
1.87046885
1.88377094
1.89726365
1.91095102
1.92483723
1.93892682
1.95322406
1.96773386
1.98248291
1.99743223
2.01260877
2.02801776
2.04366446
2.05955434
2.07569361
2.09208751
2.10874248
2.12566471
2.14288664
2.16036367
2.17812824
2.19618726
2.21454811
2.23321891
2.25220680
2.27152061
2.29116845
2.31118917
2.33153248
2.35223675
2.37328076
2.39473677
2.41658425
2.43883395
2.44352102
2.43616366
2.42885065
2.42158127
2.41432261
2.40713978
2.39999962
2.39290166
2.38584566
2.37883115
2.37185764
2.36492491
2.35803270
2.35118055
0.36833221
0.36939162
0.37045637
0.37152725
0.37260514
0.37368855
0.37477902
0.37587431
0.37697682
0.37808660
0.37920213
0.38032427
0.38145390
0.38258943
0.38373256
0.38488171
0.38603777
0.38720164
0.38837168
0.38954884
0.39073399
0.39192554
0.39312437
0.39433143
0.39554504
0.39676702
0.39799568
0.39923200
0.40047690
0.40172869
0.40298834
0.40425682
0.40553239
0.40681696
0.40810877
0.40940881
0.41071811
0.41203484
0.41336006
0.41469479
0.41603717
0.41738927
0.41874921
0.42011705
0.42149583
0.42288271
0.42427874
0.42568502
0.42709965
0.42852473
0.42995831
0.43140152
0.43285552
0.43431827
0.43579096
0.43727472
0.43876755
0.44027171
0.44178510
0.44330895
0.44484445
0.44638950
0.44794533
0.44951317
0.45109090
0.45267972
0.45428094
0.45589235
0.45751643
0.45915094
0.46079713
0.46245641
0.46412647
0.46580860
0.46750423
0.46921101
0.47093153
0.47266346
0.47440818
0.47616583
0.47793657
0.47972050
0.48151910
0.48332995
0.48515579
0.48699412
0.48884645
0.49071428
0.49259508
0.49449173
0.49640164
0.49832636
0.50026745
0.50222236
0.50419259
0.50617975
0.50818121
0.51020002
0.51223344
0.51428318
0.51635081
0.51843369
0.52053344
0.52265179
0.52478588
0.52693748
0.52910841
0.53129566
0.53350270
0.53572655
0.53796899
0.54023188
0.54251230
0.54481202
0.54713303
0.54947054
0.55182976
0.55421108
0.55661130
0.55903411
0.56147635
0.56394005
0.56642729
0.56893474
0.57146442
0.57401860
0.57659388
0.57919419
0.58181620
0.58446205
0.58713400
0.58982855
0.59254789
0.59529448
0.59806460
0.60086268
0.60368502
0.60653400
0.60941207
0.61231548
0.61524671
0.61820823
0.62105542
0.62369496
0.62608391
0.62806767
0.62987900
0.63126838
0.63261223
0.63346326
0.63431424
0.63479608
0.63516080
0.63539201
0.63528544
0.63514942
0.63489121
0.63461506
0.63443637
0.63548505
1.40248322
1.40995967
1.41750491
1.42511988
1.43282866
1.44062138
1.44849920
1.45646369
1.46451628
1.47265840
1.48089159
1.48922980
1.49764979
1.50616562
1.51477885
1.52349102
1.53230417
1.54121971
1.55023968
1.55936587
1.56861389
1.57795835
1.58741486
1.59698522
1.60667181
1.61647666
1.62640178
1.63644958
1.64662242
1.65692234
1.66736770
1.67792964
1.68862641
1.69946027
1.71043420
1.72155058
1.73281252
1.74422288
1.75578439
1.76751769
1.77939117
1.79142523
1.80362308
1.81598830
1.82852423
1.84123433
1.85412240
1.86719227
1.88046753
1.89391267
1.90755153
1.92138827
1.93542719
1.94967270
1.96412957
1.97880244
1.99369609
2.00881577
2.02418947
2.03977680
2.05560637
2.07168341
2.08801365
2.10460377
2.12145948
2.13858724
2.15599394
2.17368627
2.19169855
2.20998406
2.22857761
2.24748635
2.26671886
2.28628349
2.30618858
2.32644343
2.34705734
2.36803961
2.38940048
2.41115022
2.43329978
2.44432616
2.43696404
2.42964625
2.42233920
2.41510868
2.40792131
2.40077639
2.39367390
2.38661337
2.37959433
2.37258482
2.36567926
2.35878253
2.35192609
2.34510922
0.36912888
0.37019211
0.37126225
0.37233782
0.37341964
0.37450856
0.37560228
0.37670398
0.37781134
0.37892526
0.38004658
0.38117373
0.38230759
0.38344902
0.38459647
0.38575166
0.38691294
0.38808125
0.38925749
0.39044002
0.39162979
0.39282766
0.39403200
0.39524466
0.39646390
0.39769068
0.39892599
0.40016809
0.40141794
0.40267655
0.40394217
0.40521666
0.40649831
0.40778810
0.40908703
0.41039330
0.41170797
0.41303203
0.41436365
0.41570392
0.41705385
0.41841158
0.41977820
0.42115378
0.42253840
0.42393315
0.42533612
0.42674842
0.42817116
0.42960238
0.43104425
0.43249479
0.43395510
0.43542638
0.43690658
0.43839690
0.43989852
0.44140935
0.44293168
0.44446346
0.44600588
0.44756013
0.44912416
0.45069912
0.45228633
0.45388362
0.45549339
0.45711344
0.45874506
0.46038955
0.46204469
0.46371174
0.46539211
0.46708345
0.46878716
0.47050458
0.47223336
0.47397617
0.47572935
0.47749680
0.47927874
0.48107275
0.48288023
0.48470265
0.48653755
0.48838776
0.49025071
0.49212795
0.49402100
0.49592727
0.49784830
0.49978569
0.50173682
0.50370461
0.50568652
0.50768405
0.50969893
0.51172835
0.51377547
0.51583761
0.51791632
0.52001333
0.52212590
0.52425575
0.52640456
0.52856946
0.53075385
0.53295481
0.53517407
0.53741348
0.53967011
0.54194576
0.54424238
0.54655683
0.54889107
0.55124533
0.55361986
0.55601668
0.55843258
0.56086957
0.56332970
0.56580973
0.56831169
0.57083768
0.57338440
0.57595581
0.57854849
0.58116466
0.58380646
0.58647048
0.58915889
0.59187406
0.59461242
0.59737819
0.60016781
0.60298359
0.60582799
0.60869730
0.61159384
0.61452025
0.61747271
0.62045360
0.62318188
0.62583959
0.62798345
0.62998152
0.63156629
0.63296318
0.63410187
0.63495684
0.63573921
0.63610727
0.63647348
0.63651669
0.63640749
0.63627779
0.63605952
0.63583690
0.63592547
0.63786703
1.40809703
1.41562223
1.42322838
1.43091667
1.43868852
1.44654524
1.45448816
1.46251893
1.47063875
1.47884929
1.48715198
1.49554849
1.50405300
1.51264203
1.52132964
1.53011763
1.53900766
1.54800177
1.55710149
1.56630886
1.57562578
1.58505416
1.59461045
1.60426807
1.61404347
1.62393868
1.63395607
1.64409769
1.65436602
1.66476345
1.67529249
1.68597138
1.69677114
1.70771015
1.71879125
1.73001695
1.74139023
1.75291419
1.76459157
1.77642560
1.78843737
1.80059445
1.81291807
1.82541144
1.83807826
1.85092199
1.86394656
1.87715578
1.89055347
1.90414381
1.91795158
1.93194020
1.94613433
1.96053851
1.97515750
1.98999619
2.00505948
2.02035260
2.03588080
2.05164957
2.06768847
2.08395576
2.10048103
2.11727047
2.13433051
2.15166783
2.16928887
2.18720102
2.20541143
2.22395539
2.24278569
2.26193762
2.28141928
2.30123949
2.32140708
2.34193134
2.36282158
2.38405609
2.40570831
2.42779040
2.44513202
2.43776512
2.43040919
2.42313051
2.41589546
2.40870333
2.40155387
2.39444685
2.38738155
2.38032627
2.37334394
2.36640263
2.35953307
2.35267210
2.34585094
2.33906937
0.36992899
0.37099683
0.37207088
0.37315193
0.37423849
0.37533140
0.37643072
0.37753651
0.37864959
0.37976846
0.38089395
0.38202697
0.38316590
0.38431251
0.38546515
0.38662469
0.38779211
0.38896576
0.39014649
0.39133531
0.39253053
0.39373305
0.39494386
0.39616126
0.39738706
0.39861956
0.39985976
0.40110859
0.40236434
0.40362799
0.40490052
0.40618014
0.40746886
0.40876481
0.41006902
0.41138256
0.41270354
0.41403309
0.41537216
0.41671896
0.41807452
0.41943893
0.42081228
0.42219564
0.42358714
0.42498782
0.42639881
0.42781821
0.42924809
0.43068653
0.43213463
0.43359357
0.43506134
0.43653908
0.43802795
0.43952593
0.44103420
0.44255397
0.44408312
0.44562399
0.44717449
0.44873580
0.45030919
0.45189252
0.45348701
0.45509395
0.45671114
0.45834106
0.45998147
0.46163365
0.46329898
0.46497512
0.46666345
0.46836531
0.47007838
0.47180405
0.47354367
0.47529364
0.47705916
0.47883654
0.48062721
0.48243263
0.48425037
0.48608184
0.48792857
0.48978803
0.49166307
0.49355116
0.49545380
0.49737257
0.49930483
0.50125217
0.50321621
0.50519425
0.50718933
0.50919878
0.51122427
0.51326734
0.51532537
0.51740146
0.51949281
0.52160114
0.52372819
0.52587116
0.52803165
0.53021163
0.53240806
0.53462434
0.53685755
0.53910947
0.54138207
0.54367220
0.54598182
0.54831111
0.55066037
0.55303156
0.55542159
0.55783230
0.56026584
0.56271887
0.56519347
0.56769180
0.57021046
0.57275343
0.57531732
0.57790422
0.58051646
0.58315045
0.58580846
0.58849275
0.59119982
0.59393191
0.59669137
0.59947455
0.60228586
0.60512161
0.60798419
0.61087602
0.61379343
0.61673886
0.61971486
0.62266958
0.62532514
0.62789708
0.62989461
0.63186449
0.63326490
0.63466936
0.63560075
0.63645756
0.63705206
0.63742161
0.63775277
0.63764536
0.63753575
0.63735998
0.63714325
0.63695633
0.63759285
1.40625036
1.41375589
1.42134190
1.42899823
1.43674922
1.44459641
1.45251799
1.46052682
1.46862459
1.47681260
1.48509240
1.49346554
1.50193369
1.51049840
1.51916134
1.52793729
1.53680205
1.54577029
1.55484366
1.56402433
1.57331395
1.58271468
1.59222841
1.60185719
1.61161768
1.62148309
1.63147008
1.64158082
1.65181768
1.66218293
1.67267919
1.68330884
1.69407439
1.70497859
1.71604061
1.72723031
1.73856688
1.75005329
1.76169252
1.77348757
1.78544164
1.79755795
1.80983973
1.82230926
1.83493292
1.84773266
1.86071217
1.87387538
1.88722622
1.90076852
1.91450667
1.92844486
1.94258749
1.95696056
1.97152603
1.98631001
2.00131726
2.01655316
2.03202295
2.04773164
2.06368518
2.07988930
2.09637475
2.11309838
2.13009095
2.14735889
2.16490936
2.18274879
2.20088482
2.21932483
2.23807645
2.25714755
2.27657557
2.29631138
2.31639242
2.33682775
2.35762668
2.37876749
2.40032315
2.42227316
2.44462848
2.43856668
2.43120599
2.42392254
2.41668248
2.40948582
2.40233183
2.39522004
2.38815022
2.38109040
2.37410378
2.36715794
2.36028385
2.35341859
2.34659314
2.33980727
2.33302975
0.37073180
0.37180507
0.37288380
0.37396881
0.37506014
0.37615788
0.37726283
0.37837350
0.37949076
0.38061541
0.38174593
0.38288322
0.38402811
0.38517904
0.38633773
0.38750255
0.38867444
0.38985428
0.39104044
0.39223385
0.39343542
0.39464352
0.39585906
0.39708298
0.39831361
0.39955279
0.40079883
0.40205264
0.40331522
0.40458485
0.40586248
0.40714917
0.40844309
0.40974620
0.41105670
0.41237563
0.41370398
0.41503996
0.41638461
0.41773897
0.41910020
0.42047232
0.42185244
0.42324167
0.42464107
0.42604876
0.42746580
0.42889333
0.43032938
0.43177614
0.43323162
0.43469691
0.43617323
0.43765855
0.43915400
0.44066080
0.44217688
0.44370344
0.44524169
0.44678950
0.44834927
0.44991881
0.45149937
0.45309222
0.45469522
0.45631075
0.45793661
0.45957413
0.46122459
0.46288574
0.46455890
0.46624541
0.46794298
0.46965298
0.47137675
0.47311196
0.47486126
0.47662100
0.47839513
0.48018378
0.48198459
0.48379892
0.48562831
0.48747024
0.48932755
0.49119771
0.49308223
0.49498260
0.49689633
0.49882489
0.50076991
0.50272870
0.50470293
0.50669414
0.50869966
0.51072264
0.51276022
0.51481414
0.51688612
0.51897329
0.52107894
0.52320021
0.52533877
0.52749652
0.52967048
0.53186238
0.53407413
0.53630275
0.53855169
0.54081786
0.54310322
0.54540968
0.54773408
0.55007672
0.55244285
0.55482775
0.55723506
0.55966163
0.56210935
0.56458044
0.56707150
0.56958461
0.57212198
0.57468021
0.57726330
0.57986778
0.58249587
0.58514988
0.58782619
0.59052712
0.59325492
0.59600610
0.59878284
0.60158765
0.60441685
0.60727477
0.61015785
0.61306834
0.61600894
0.61897570
0.62197119
0.62480932
0.62748098
0.62980765
0.63181740
0.63356245
0.63497043
0.63624370
0.63710451
0.63796759
0.63837260
0.63874370
0.63888580
0.63877803
0.63866574
0.63844812
0.63822836
0.63816887
0.63962501
1.41189432
1.41946042
1.42709649
1.43482673
1.44264126
1.45054126
1.45852828
1.46661592
1.47478139
1.48303843
1.49138844
1.49983299
1.50837362
1.51701212
1.52575016
1.53458953
1.54354513
1.55259240
1.56174648
1.57100892
1.58038211
1.58986759
1.59946775
1.60918462
1.61902010
1.62897670
1.63907158
1.64927709
1.65961039
1.67007399
1.68067050
1.69140220
1.70227194
1.71328223
1.72443593
1.73575270
1.74720180
1.75880301
1.77055919
1.78247368
1.79454958
1.80679023
1.81919909
1.83177948
1.84455419
1.85748899
1.87060654
1.88391054
1.89740515
1.91109455
1.92498291
1.93907464
1.95337415
1.96788609
1.98263741
1.99758911
2.01276803
2.02817941
2.04382873
2.05972123
2.07586288
2.09225965
2.10891747
2.12586784
2.14306736
2.16054726
2.17831469
2.19637704
2.21474099
2.23341489
2.25240636
2.27172351
2.29137492
2.31139922
2.33174610
2.35245442
2.37350225
2.39496231
2.41681385
2.43906784
2.43933535
2.43200302
2.42471480
2.41747022
2.41026878
2.40311003
2.39599371
2.38888741
2.38185501
2.37486386
2.36791372
2.36103535
2.35416555
2.34733582
2.34051490
2.33376384
2.32705188
0.37153891
0.37261608
0.37370032
0.37479007
0.37588543
0.37698880
0.37809783
0.37921426
0.38033646
0.38146535
0.38260177
0.38374415
0.38489336
0.38605031
0.38721341
0.38838440
0.38956162
0.39074600
0.39193848
0.39313740
0.39434364
0.39555821
0.39677939
0.39800903
0.39924541
0.40048951
0.40174228
0.40300202
0.40426967
0.40554625
0.40682998
0.40812281
0.40942293
0.41073138
0.41204914
0.41337445
0.41470832
0.41605178
0.41740298
0.41876301
0.42013192
0.42150980
0.42289779
0.42429391
0.42569926
0.42711502
0.42853916
0.42997286
0.43141720
0.43287024
0.43433416
0.43580696
0.43728977
0.43878379
0.44028696
0.44180045
0.44332552
0.44486001
0.44640630
0.44796225
0.44952908
0.45110804
0.45269698
0.45429718
0.45590988
0.45753288
0.45916870
0.46081504
0.46247324
0.46414462
0.46582690
0.46752143
0.46922955
0.47094896
0.47268105
0.47442716
0.47618368
0.47795582
0.47973990
0.48153734
0.48334965
0.48517430
0.48701277
0.48886660
0.49073324
0.49261552
0.49451095
0.49642101
0.49834728
0.50028718
0.50224221
0.50421399
0.50619990
0.50820297
0.51022047
0.51225406
0.51430547
0.51637179
0.51845485
0.52055627
0.52267325
0.52480906
0.52696091
0.52913040
0.53131944
0.53352505
0.53575069
0.53799337
0.54025489
0.54253709
0.54483706
0.54715657
0.54949594
0.55185544
0.55423695
0.55663741
0.55905873
0.56150293
0.56396687
0.56645250
0.56896198
0.57149196
0.57404453
0.57662189
0.57922059
0.58184469
0.58449084
0.58716112
0.58985782
0.59257752
0.59532237
0.59809476
0.60089111
0.60371572
0.60656500
0.60944128
0.61234707
0.61527860
0.61823833
0.62122881
0.62424618
0.62696159
0.62965173
0.63172990
0.63375419
0.63526958
0.63668519
0.63775045
0.63861763
0.63932407
0.63969630
0.64006895
0.64002293
0.63991249
0.63975835
0.63954002
0.63931948
0.63964576
0.64245301
1.41758382
1.42519975
1.43290937
1.44070292
1.44858170
1.45654714
1.46460068
1.47274375
1.48099017
1.48931706
1.49773800
1.50625479
1.51486909
1.52358234
1.53239644
1.54131317
1.55033422
1.55946147
1.56871068
1.57805634
1.58751392
1.59708560
1.60677338
1.61657941
1.62650585
1.63655496
1.64672899
1.65704572
1.66747701
1.67804039
1.68873847
1.69957387
1.71054924
1.72166717
1.73293066
1.74434245
1.75590563
1.76764059
1.77951562
1.79155135
1.80375099
1.81611800
1.82865572
1.84136772
1.85425770
1.86732936
1.88060653
1.89405370
1.90769470
1.92153347
1.93557453
1.94982219
1.96428132
1.97895646
1.99385250
2.00899720
2.02435064
2.03994060
2.05577254
2.07185197
2.08818531
2.10477781
2.12163639
2.13876724
2.15617681
2.17389870
2.19188738
2.21017623
2.22877288
2.24768519
2.26692104
2.28648901
2.30639791
2.32665634
2.34730482
2.36826015
2.38962507
2.41137886
2.43353248
2.44013786
2.43280077
2.42550778
2.41825843
2.41105223
2.40388894
2.39673591
2.38965726
2.38262010
2.37562466
2.36866999
2.36178708
2.35491300
2.34804797
2.34125352
2.33449841
2.32778215
2.32110429
0.37234950
0.37343141
0.37451959
0.37561417
0.37671512
0.37782338
0.37893736
0.38005793
0.38118598
0.38231990
0.38346058
0.38460895
0.38576335
0.38692558
0.38809395
0.38926941
0.39045289
0.39164269
0.39283979
0.39404508
0.39525694
0.39647627
0.39770401
0.39893851
0.40018159
0.40143153
0.40268931
0.40395591
0.40522957
0.40651131
0.40780210
0.40910017
0.41040751
0.41172224
0.41304544
0.41437814
0.41571850
0.41706753
0.41842633
0.41979206
0.42116773
0.42255345
0.42394727
0.42535138
0.42676377
0.42818558
0.42961794
0.43105885
0.43250948
0.43397096
0.43544129
0.43692267
0.43841311
0.43991372
0.44142577
0.44294712
0.44447899
0.44602263
0.44757590
0.44914114
0.45071626
0.45230243
0.45390099
0.45550969
0.45712987
0.45876279
0.46040621
0.46206266
0.46372986
0.46540913
0.46710184
0.46880567
0.47052199
0.47225216
0.47399384
0.47574842
0.47751603
0.47929683
0.48109224
0.48289987
0.48472112
0.48655751
0.48840651
0.49026963
0.49214837
0.49404019
0.49594799
0.49786919
0.49980533
0.50175804
0.50372458
0.50570661
0.50770581
0.50971937
0.51175040
0.51379627
0.51585853
0.51793891
0.52003461
0.52214736
0.52427888
0.52642632
0.52859300
0.53077602
0.53297716
0.53519821
0.53743619
0.53969300
0.54197049
0.54426569
0.54658198
0.54891473
0.55126917
0.55364567
0.55604094
0.55845886
0.56089604
0.56335467
0.56583673
0.56833887
0.57086331
0.57341212
0.57598191
0.57857668
0.58119309
0.58383328
0.58649945
0.58918816
0.59190166
0.59464222
0.59740627
0.60019815
0.60301423
0.60585690
0.60872853
0.61162537
0.61454999
0.61750484
0.62048602
0.62349617
0.62642545
0.62911320
0.63159543
0.63362336
0.63551456
0.63694721
0.63836342
0.63925982
0.64013571
0.64065409
0.64102781
0.64127260
0.64116406
0.64105320
0.64085472
0.64063334
0.64049733
0.64147830
1.41570103
1.42330801
1.43099725
1.43876994
1.44662750
1.45457137
1.46260297
1.47072375
1.47893524
1.48723900
1.49564898
1.50414205
1.51273203
1.52142060
1.53020966
1.53910089
1.54809594
1.55719686
1.56640542
1.57572341
1.58516717
1.59471047
1.60436928
1.61414599
1.62404239
1.63406110
1.64420402
1.65447366
1.66487253
1.67540276
1.68608320
1.69688439
1.70782483
1.71890736
1.73013461
1.74150956
1.75303495
1.76471400
1.77654970
1.78856313
1.80072200
1.81304729
1.82554245
1.83821106
1.85105681
1.86408329
1.87729430
1.89069402
1.90430677
1.91809630
1.93208694
1.94628322
1.96068966
1.97531092
1.99015200
2.00521755
2.02051330
2.03604388
2.05183887
2.06785679
2.08412671
2.10065460
2.11744690
2.13450980
2.15184975
2.16947389
2.18738914
2.20563006
2.22414994
2.24298358
2.26213861
2.28162384
2.30144763
2.32161903
2.34214711
2.36304116
2.38427973
2.40596843
2.42802238
2.44094086
2.43359900
2.42630124
2.41904736
2.41183639
2.40463591
2.39751053
2.39042735
2.38338590
2.37638569
2.36942649
2.36253953
2.35562992
2.34879160
2.34199286
2.33523345
2.32851291
2.32183099
2.31518722
0.37316287
0.37425029
0.37534249
0.37644187
0.37754852
0.37866086
0.37978062
0.38090619
0.38203844
0.38317829
0.38432410
0.38547683
0.38663730
0.38780394
0.38897848
0.39015934
0.39134735
0.39254349
0.39374611
0.39495614
0.39617446
0.39739949
0.39863208
0.39987323
0.40112126
0.40237799
0.40364173
0.40491340
0.40619406
0.40748191
0.40877795
0.41008320
0.41139585
0.41271791
0.41404754
0.41538572
0.41673359
0.41808924
0.41945276
0.42082721
0.42220965
0.42360225
0.42500302
0.42641312
0.42783362
0.42926258
0.43070111
0.43215036
0.43360835
0.43507728
0.43655512
0.43804306
0.43954223
0.44105059
0.44256938
0.44409975
0.44563961
0.44719023
0.44875276
0.45032513
0.45190972
0.45350432
0.45511025
0.45672873
0.45835760
0.45999813
0.46165162
0.46331584
0.46499336
0.46668181
0.46838257
0.47009701
0.47182280
0.47356132
0.47531268
0.47707704
0.47885585
0.48064667
0.48245096
0.48427013
0.48610175
0.48794729
0.48980823
0.49168208
0.49357167
0.49547449
0.49739200
0.49932584
0.50127333
0.50323611
0.50521576
0.50720960
0.50921917
0.51124626
0.51328808
0.51534772
0.51742250
0.51951402
0.52162409
0.52374977
0.52589291
0.52805519
0.53023374
0.53243190
0.53464681
0.53688020
0.53913397
0.54140508
0.54369545
0.54600692
0.54833478
0.55068594
0.55305564
0.55544585
0.55785853
0.56029052
0.56274557
0.56522042
0.56771713
0.57023787
0.57277924
0.57534331
0.57793236
0.58054292
0.58317912
0.58583736
0.58851999
0.59122926
0.59396166
0.59671932
0.59950483
0.60231435
0.60515243
0.60801530
0.61090541
0.61382520
0.61677092
0.61974502
0.62275016
0.62578237
0.62857115
0.63127738
0.63347900
0.63551909
0.63715696
0.63859701
0.63978368
0.64068407
0.64151990
0.64193636
0.64235330
0.64241821
0.64230931
0.64217490
0.64195257
0.64173037
0.64187384
0.64388222
1.42142129
1.42907858
1.43684196
1.44467854
1.45260096
1.46061075
1.46870935
1.47689831
1.48517907
1.49355328
1.50202239
1.51058817
1.51926506
1.52802920
1.53689492
1.54586422
1.55493879
1.56412053
1.57341135
1.58281314
1.59232807
1.60195804
1.61171985
1.62158656
1.63157475
1.64168680
1.65192497
1.66229165
1.67278922
1.68342018
1.69418728
1.70510924
1.71615636
1.72734761
1.73868573
1.75017381
1.76181459
1.77361119
1.78556693
1.79768503
1.80998695
1.82243991
1.83506536
1.84786689
1.86084831
1.87401354
1.88736629
1.90091062
1.91465080
1.92859113
1.94275701
1.95711112
1.97167885
1.98646522
2.00147486
2.01671314
2.03218532
2.04789662
2.06385279
2.08005953
2.09654760
2.11327386
2.13026929
2.14754033
2.16509366
2.18293619
2.20107555
2.21951866
2.23827338
2.25737667
2.27677941
2.29651880
2.31660342
2.33704233
2.35784531
2.37898993
2.40054989
2.42250395
2.44174457
2.43439794
2.42709541
2.41983652
2.41258812
2.40541577
2.39828587
2.39119792
2.38415194
2.37714744
2.37018371
2.36326098
2.35637832
2.34953570
2.34273267
2.33596897
2.32924414
2.32255816
2.31588006
2.30927038
0.37398061
0.37507123
0.37616980
0.37727404
0.37838477
0.37950289
0.38062680
0.38175821
0.38289556
0.38403970
0.38519153
0.38634947
0.38751435
0.38868716
0.38986623
0.39105332
0.39224681
0.39344761
0.39465666
0.39587227
0.39709538
0.39832699
0.39956537
0.40081236
0.40206626
0.40332800
0.40459865
0.40587637
0.40716219
0.40845713
0.40975940
0.41107094
0.41238993
0.41371745
0.41505447
0.41639921
0.41775271
0.41911501
0.42048621
0.42186645
0.42325675
0.42465526
0.42606404
0.42748120
0.42890781
0.43034500
0.43179080
0.43324637
0.43471286
0.43618819
0.43767470
0.43917027
0.44067609
0.44219336
0.44372004
0.44525728
0.44680631
0.44836506
0.44993585
0.45151654
0.45310837
0.45471263
0.45632711
0.45795313
0.45959193
0.46124130
0.46290380
0.46457708
0.46626252
0.46796143
0.46967155
0.47139421
0.47313082
0.47487900
0.47664016
0.47841442
0.48020193
0.48200417
0.48381865
0.48564687
0.48749027
0.48934639
0.49121669
0.49310270
0.49500188
0.49691713
0.49884588
0.50078964
0.50275004
0.50472438
0.50671434
0.50872147
0.51074314
0.51278239
0.51483649
0.51690716
0.51899600
0.52110028
0.52322173
0.52536207
0.52751839
0.52969408
0.53188622
0.53409660
0.53632700
0.53857446
0.54084086
0.54312807
0.54543304
0.54775769
0.55010223
0.55246687
0.55485368
0.55725950
0.55968624
0.56213599
0.56460547
0.56709677
0.56961197
0.57214773
0.57470804
0.57728946
0.57989424
0.58252448
0.58517677
0.58785528
0.59055650
0.59328258
0.59603602
0.59881306
0.60161614
0.60444760
0.60730380
0.61018920
0.61310005
0.61603880
0.61900800
0.62200379
0.62502867
0.62803221
0.63073379
0.63333476
0.63537389
0.63736457
0.63880783
0.64025539
0.64121258
0.64211464
0.64274067
0.64315867
0.64353073
0.64347488
0.64342141
0.64327723
0.64305645
0.64286834
0.64354700
1.41953957
1.42717659
1.43490767
1.44272304
1.45062399
1.45862389
1.46670043
1.47486699
1.48312497
1.49147594
1.49992144
1.50846314
1.51710260
1.52584171
1.53468204
1.54363883
1.55268729
1.56184232
1.57110608
1.58048034
1.58996701
1.59956837
1.60928643
1.61912322
1.62909603
1.63917720
1.64938402
1.65971875
1.67018378
1.68078160
1.69151473
1.70238590
1.71339774
1.72456956
1.73587120
1.74732184
1.75892460
1.77068257
1.78259861
1.79467630
1.80691862
1.81932926
1.83191144
1.84468806
1.85762465
1.87074411
1.88405013
1.89754677
1.91123819
1.92512870
1.93922246
1.95352423
1.96806014
1.98279202
1.99774611
2.01292753
2.02834129
2.04399300
2.05988812
2.07603240
2.09243178
2.10909224
2.12604570
2.14324784
2.16073084
2.17850137
2.19656658
2.21493411
2.23361111
2.25260592
2.27192664
2.29161096
2.31160951
2.33195996
2.35267210
2.37372375
2.39518785
2.41704345
2.43930173
2.43519711
2.42788982
2.42059326
2.41337323
2.40619612
2.39906168
2.39196920
2.38491869
2.37790942
2.37090993
2.36401415
2.35712719
2.35028028
2.34347296
2.33670497
2.32997584
2.32325530
2.31660342
2.30998945
2.30341339
0.37480190
0.37589732
0.37699997
0.37810990
0.37922555
0.38034785
0.38147759
0.38261327
0.38375655
0.38490584
0.38606206
0.38722605
0.38839626
0.38957357
0.39075887
0.39195055
0.39315042
0.39435676
0.39557052
0.39679265
0.39802149
0.39925796
0.40050304
0.40175498
0.40301570
0.40428343
0.40555918
0.40684393
0.40813592
0.40943611
0.41074559
0.41206250
0.41338885
0.41472280
0.41606539
0.41741768
0.41877779
0.42014581
0.42152479
0.42291185
0.42430907
0.42571455
0.42712936
0.42855465
0.42998844
0.43143186
0.43288603
0.43434900
0.43582296
0.43730587
0.43879893
0.44030330
0.44181690
0.44334096
0.44487670
0.44642198
0.44797802
0.44954610
0.45112404
0.45271426
0.45431456
0.45592621
0.45755053
0.45918527
0.46083173
0.46249124
0.46416155
0.46584520
0.46753985
0.46924686
0.47096768
0.47269988
0.47444487
0.47620279
0.47797379
0.47975931
0.48155689
0.48336801
0.48519415
0.48703277
0.48888540
0.49075353
0.49263462
0.49453154
0.49644178
0.49836683
0.50030828
0.50226343
0.50423402
0.50622147
0.50822330
0.51024097
0.51227617
0.51432627
0.51639426
0.51847750
0.52057755
0.52269626
0.52483076
0.52698272
0.52915400
0.53134167
0.53354907
0.53577328
0.53801614
0.54027945
0.54256028
0.54486042
0.54718184
0.54951972
0.55187935
0.55426109
0.55666173
0.55908501
0.56152773
0.56399190
0.56647956
0.56898743
0.57151765
0.57407230
0.57664800
0.57924885
0.58187133
0.58451772
0.58719015
0.58988523
0.59260708
0.59535223
0.59812289
0.60092151
0.60374439
0.60659599
0.60947257
0.61237657
0.61531049
0.61827052
0.62125915
0.62427902
0.62732619
0.63018894
0.63290918
0.63522875
0.63728243
0.63901883
0.64046735
0.64173734
0.64264554
0.64354700
0.64396840
0.64438802
0.64454901
0.64449537
0.64443469
0.64427376
0.64411056
0.64411288
0.64564317
1.42527962
1.43299019
1.44078457
1.44866431
1.45663059
1.46468508
1.47282898
1.48107648
1.48940432
1.49782622
1.50634408
1.51495934
1.52367365
1.53248882
1.54140651
1.55042875
1.55957079
1.56880748
1.57815421
1.58761299
1.59718585
1.60687482
1.61668217
1.62660992
1.63666034
1.64683568
1.65715373
1.66758633
1.67815113
1.68885064
1.69968748
1.71066427
1.72178376
1.73304880
1.74446213
1.75604415
1.76776350
1.77964020
1.79167759
1.80387902
1.81624770
1.82878721
1.84150100
1.85439289
1.86746645
1.88074565
1.89419484
1.90783775
1.92167866
1.93572187
1.94997180
1.96443307
1.97911048
1.99400878
2.00915575
2.02451181
2.04010415
2.05593872
2.07202101
2.08835673
2.10495210
2.12181354
2.13894701
2.15635967
2.17408442
2.19207621
2.21036839
2.22896814
2.24788380
2.26712322
2.28669477
2.30660701
2.32686925
2.34752154
2.36848068
2.38984966
2.41160774
2.43376541
2.43599701
2.42868495
2.42138362
2.41415882
2.40697694
2.39983773
2.39274096
2.38568568
2.37867212
2.37166810
2.36476779
2.35787654
2.35102510
2.34421372
2.33744144
2.33070803
2.32398319
2.31732726
2.31070924
2.30412889
2.29758596
0.37562525
0.37672707
0.37783462
0.37894866
0.38007009
0.38119739
0.38233221
0.38347298
0.38462058
0.38577589
0.38693735
0.38810581
0.38928220
0.39046487
0.39165562
0.39285278
0.39405730
0.39527011
0.39648950
0.39771646
0.39895192
0.40019420
0.40144420
0.40270299
0.40396875
0.40524343
0.40652522
0.40781519
0.40911430
0.41042075
0.41173556
0.41305983
0.41439164
0.41573304
0.41708219
0.41844013
0.41980693
0.42118269
0.42256749
0.42396244
0.42536560
0.42677912
0.42820105
0.42963246
0.43107453
0.43252525
0.43398577
0.43545726
0.43693769
0.43842930
0.43993005
0.44144109
0.44296366
0.44449565
0.44603828
0.44759277
0.44915703
0.45073223
0.45231968
0.45391718
0.45552719
0.45714748
0.45877934
0.46042407
0.46207947
0.46374679
0.46542740
0.46711901
0.46882421
0.47054064
0.47226968
0.47401276
0.47576621
0.47753397
0.47931617
0.48111045
0.48291951
0.48474094
0.48657614
0.48842663
0.49028987
0.49216741
0.49406075
0.49596733
0.49789008
0.49982640
0.50177783
0.50374597
0.50572819
0.50772607
0.50974125
0.51177102
0.51381701
0.51588094
0.51796001
0.52005744
0.52217036
0.52430052
0.52644968
0.52861500
0.53079820
0.53300107
0.53522074
0.53746057
0.53971756
0.54199362
0.54429060
0.54660547
0.54893845
0.55129480
0.55366975
0.55606705
0.55848336
0.56092083
0.56338143
0.56586188
0.56836432
0.57089078
0.57343799
0.57600987
0.57860303
0.58121967
0.58386201
0.58652651
0.58921546
0.59193116
0.59467000
0.59743434
0.60022652
0.60304284
0.60588783
0.60875767
0.61165690
0.61458182
0.61753482
0.62051851
0.62352896
0.62656873
0.62964058
0.63236278
0.63508147
0.63713413
0.63920015
0.64067942
0.64213550
0.64317262
0.64408493
0.64477783
0.64519852
0.64561975
0.64557290
0.64551908
0.64541137
0.64524764
0.64508396
0.64556122
1.42338765
1.43107772
1.43885136
1.44670975
1.45465457
1.46268713
1.47080886
1.47902131
1.48732603
1.49573696
1.50423098
1.51282203
1.52151167
1.53030181
1.53919399
1.54819024
1.55729222
1.56650186
1.57582104
1.58526599
1.59481049
1.60447061
1.61424839
1.62414622
1.63416600
1.64431036
1.65458131
1.66498148
1.67552900
1.68619502
1.69699764
1.70793962
1.71902359
1.73025239
1.74162877
1.75315583
1.76483643
1.77669156
1.78868902
1.80084956
1.81317663
1.82567358
1.83834398
1.85119152
1.86421990
1.87743294
1.89083457
1.90444934
1.91824102
1.93223381
1.94643223
1.96084082
1.97546446
1.99030769
2.00537586
2.02067375
2.03623009
2.05200434
2.06802487
2.08429742
2.10082817
2.11762333
2.13468885
2.15203190
2.16965914
2.18757749
2.20582151
2.22434449
2.24318147
2.26234007
2.28182864
2.30165601
2.32183099
2.34236264
2.36326098
2.38453531
2.40619612
2.42825413
2.43679738
2.42944717
2.42217445
2.41494489
2.40775847
2.40061450
2.39351296
2.38645339
2.37940335
2.37242675
2.36552215
2.35862637
2.35177064
2.34495473
2.33817816
2.33141017
2.32471156
2.31805158
2.31142926
2.30484486
2.29829788
2.29178786
0.37645382
0.37755972
0.37867296
0.37979195
0.38091758
0.38205075
0.38318983
0.38433656
0.38548934
0.38664904
0.38781661
0.38899040
0.39017129
0.39136025
0.39255562
0.39375919
0.39496928
0.39618683
0.39741278
0.39864546
0.39988580
0.40113482
0.40239072
0.40365544
0.40492722
0.40620703
0.40749589
0.40879202
0.41009641
0.41141012
0.41273132
0.41406196
0.41540027
0.41674724
0.41810399
0.41946760
0.42084113
0.42222470
0.42361635
0.42501724
0.42642844
0.42784801
0.42927811
0.43071675
0.43216506
0.43362421
0.43509218
0.43657011
0.43805921
0.43955740
0.44106701
0.44258589
0.44411525
0.44565636
0.44720706
0.44876862
0.45034224
0.45192578
0.45352167
0.45512769
0.45674515
0.45837530
0.46001595
0.46166840
0.46333393
0.46501034
0.46670017
0.46840104
0.47011438
0.47184157
0.47358021
0.47533044
0.47709623
0.47887388
0.48066485
0.48247057
0.48428857
0.48612168
0.48796734
0.48982710
0.49170247
0.49359083
0.49549380
0.49741286
0.49934545
0.50129455
0.50325745
0.50523585
0.50723124
0.50924104
0.51126683
0.51331025
0.51536864
0.51744509
0.51953679
0.52164549
0.52377290
0.52591622
0.52807713
0.53025740
0.53245419
0.53467089
0.53690451
0.53915685
0.54142982
0.54372036
0.54603040
0.54836011
0.55070978
0.55307972
0.55547184
0.55788302
0.56031698
0.56277049
0.56524557
0.56774431
0.57026345
0.57280505
0.57537121
0.57795864
0.58057135
0.58320582
0.58586437
0.58854920
0.59125680
0.59398937
0.59674937
0.59953308
0.60234290
0.60518128
0.60804439
0.61093688
0.61385483
0.61680084
0.61977744
0.62278068
0.62581539
0.62887758
0.63181514
0.63454944
0.63698822
0.63905329
0.64088935
0.64234871
0.64370292
0.64461672
0.64553076
0.64601105
0.64643568
0.64665407
0.64660007
0.64654601
0.64638871
0.64622444
0.64617282
0.64746791
1.42915893
1.43692315
1.44476056
1.45268393
1.46069467
1.46879423
1.47698414
1.48526585
1.49364102
1.50211108
1.51067781
1.51935589
1.52812099
1.53698778
1.54595816
1.55503392
1.56421673
1.57350874
1.58291173
1.59242785
1.60207343
1.61182201
1.62168992
1.63167942
1.64179277
1.65203226
1.66240025
1.67289925
1.68353164
1.69430017
1.70522356
1.71627223
1.72746491
1.73880470
1.75029421
1.76193666
1.77373493
1.78569233
1.79781210
1.81011581
1.82257056
1.83519781
1.84800124
1.86098456
1.87415159
1.88750637
1.90105271
1.91479504
1.92875826
1.94290543
1.95726180
1.97183180
1.98662043
2.00163245
2.01687312
2.03234768
2.04806161
2.06402016
2.08025408
2.09672046
2.11344957
2.13044786
2.14772177
2.16527796
2.18312359
2.20126605
2.21971226
2.23847055
2.25757694
2.27698326
2.29672623
2.31681442
2.33725715
2.35806394
2.37921262
2.40077639
2.42273474
2.43756485
2.43024325
2.42296576
2.41573143
2.40854025
2.40139174
2.39428568
2.38718939
2.38016701
2.37318587
2.36624527
2.35937667
2.35251665
2.34569645
2.33888483
2.33214331
2.32544065
2.31877613
2.31215000
2.30556130
2.29901028
2.29246688
2.28598976
0.37728602
0.37839684
0.37951422
0.38063902
0.38176969
0.38290709
0.38405213
0.38520321
0.38636205
0.38752702
0.38869905
0.38987905
0.39106536
0.39225891
0.39346066
0.39466891
0.39588547
0.39710867
0.39833948
0.39957881
0.40082499
0.40207896
0.40334171
0.40461153
0.40589026
0.40717617
0.40847027
0.40977356
0.41108423
0.41240332
0.41373187
0.41506803
0.41641384
0.41776741
0.41912884
0.42050111
0.42188144
0.42327085
0.42467046
0.42607835
0.42749557
0.42892331
0.43035957
0.43180653
0.43326220
0.43472770
0.43620422
0.43768975
0.43918544
0.44069245
0.44220874
0.44373661
0.44527400
0.44682202
0.44838199
0.44995177
0.45153257
0.45312569
0.45472890
0.45634466
0.45797080
0.45960855
0.46125925
0.46292064
0.46459407
0.46628082
0.46797866
0.46969014
0.47141296
0.47314844
0.47489801
0.47665802
0.47843242
0.48022136
0.48202243
0.48383707
0.48566672
0.48750895
0.48936656
0.49123701
0.49312183
0.49502254
0.49693656
0.49886683
0.50081074
0.50276989
0.50474584
0.50673598
0.50874186
0.51076514
0.51280308
0.51485735
0.51692963
0.51901716
0.52112317
0.52324480
0.52538377
0.52754188
0.52971619
0.53190845
0.53412062
0.53634959
0.53859890
0.54086554
0.54315132
0.54545814
0.54778296
0.55012602
0.55249262
0.55487794
0.55728394
0.55971265
0.56216085
0.56463236
0.56712389
0.56963748
0.57217532
0.57473403
0.57731569
0.57992256
0.58255118
0.58520567
0.58788246
0.59058392
0.59331226
0.59606397
0.59884125
0.60164660
0.60447633
0.60733485
0.61021847
0.61312962
0.61607075
0.61903811
0.62203419
0.62506163
0.62811643
0.63120347
0.63398665
0.63673985
0.63887662
0.64096087
0.64254576
0.64402664
0.64514709
0.64606494
0.64682561
0.64725131
0.64767289
0.64768231
0.64762807
0.64753151
0.64736903
0.64720422
0.64753854
0.65024942
1.43498874
1.44280493
1.45071864
1.45870757
1.46678507
1.47495258
1.48321140
1.49156332
1.50000989
1.50855255
1.51719320
1.52593327
1.53478789
1.54373252
1.55278206
1.56193829
1.57120311
1.58057857
1.59006643
1.59966898
1.60938823
1.61922634
1.62920034
1.63928294
1.64949095
1.65982699
1.67029345
1.68089271
1.69162726
1.70249987
1.71351314
1.72468650
1.73598969
1.74744189
1.75904632
1.77080584
1.78272367
1.79480290
1.80704713
1.81945944
1.83204341
1.84482181
1.85776043
1.87088168
1.88418972
1.89768839
1.91138184
1.92527437
1.93937039
1.95367432
1.96821249
1.98294663
1.99790299
2.01308680
2.02850294
2.04415727
2.06005502
2.07620192
2.09260392
2.10929227
2.12622333
2.14342856
2.16091442
2.17868805
2.19675636
2.21512699
2.23380733
2.25280547
2.27212954
2.29181743
2.31181955
2.33217382
2.35288978
2.37394547
2.39541340
2.41727328
2.43836617
2.43103981
2.42375755
2.41651845
2.40932274
2.40216970
2.39502668
2.38795805
2.38093114
2.37394547
2.36700058
2.36012745
2.35326314
2.34640765
2.33962274
2.33287692
2.32616997
2.31950140
2.31287098
2.30627823
2.29969335
2.29317570
2.28669477
2.28025031
0.37812114
0.37923768
0.38036004
0.38148904
0.38262561
0.38376814
0.38491833
0.38607460
0.38723785
0.38840899
0.38958636
0.39077088
0.39196351
0.39316258
0.39436984
0.39558369
0.39680505
0.39803484
0.39927140
0.40051565
0.40176859
0.40302849
0.40429631
0.40557304
0.40685695
0.40814996
0.40945023
0.41075885
0.41207680
0.41340229
0.41473633
0.41607997
0.41743138
0.41879258
0.42016068
0.42153877
0.42292690
0.42432323
0.42572880
0.42714474
0.42856908
0.43000400
0.43144754
0.43290079
0.43436491
0.43583789
0.43732092
0.43881515
0.44031852
0.44183335
0.44335753
0.44489226
0.44643876
0.44799495
0.44956198
0.45114121
0.45273039
0.45433080
0.45594373
0.45756701
0.45920303
0.46084964
0.46250808
0.46417972
0.46586224
0.46755704
0.46926543
0.47098511
0.47271869
0.47446382
0.47622061
0.47799304
0.47977740
0.48157513
0.48338771
0.48521265
0.48705277
0.48890555
0.49077246
0.49265507
0.49455079
0.49646115
0.49838775
0.50032794
0.50228471
0.50425541
0.50624168
0.50824505
0.51026291
0.51229686
0.51434857
0.51641524
0.51850015
0.52060044
0.52271777
0.52485394
0.52700615
0.52917600
0.53136545
0.53357148
0.53579748
0.53804052
0.54030240
0.54258507
0.54488546
0.54720539
0.54954517
0.55190504
0.55428529
0.55668789
0.55910963
0.56155431
0.56401867
0.56650478
0.56901473
0.57154518
0.57409823
0.57667607
0.57927525
0.58189988
0.58454651
0.58721727
0.58991456
0.59263474
0.59538013
0.59815305
0.60094994
0.60377306
0.60662496
0.60950178
0.61240816
0.61534029
0.61830056
0.62129170
0.62430966
0.62735933
0.63043672
0.63341594
0.63616639
0.63867033
0.64075553
0.64266175
0.64414787
0.64558226
0.64653194
0.64747965
0.64806193
0.64849162
0.64877051
0.64871615
0.64866179
0.64851528
0.64834994
0.64826965
0.64930063
1.43307090
1.44086623
1.44874680
1.45671403
1.46476936
1.47292650
1.48116267
1.48949146
1.49791455
1.50643325
1.51504958
1.52376497
1.53258121
1.54149997
1.55052328
1.55966640
1.56890428
1.57825220
1.58771217
1.59728622
1.60697639
1.61678493
1.62671387
1.63676560
1.64695752
1.65726173
1.66769576
1.67826188
1.68896282
1.69980109
1.71077943
1.72190034
1.73316693
1.74459887
1.75616539
1.76788628
1.77976477
1.79180384
1.80400693
1.81637740
1.82891870
1.84163439
1.85452807
1.86762321
1.88088477
1.89433599
1.90798092
1.92182386
1.93586922
1.95012128
1.96458483
1.97926450
1.99418747
2.00931454
2.02467299
2.04026794
2.05610490
2.07218981
2.08852816
2.10512638
2.12199044
2.13912702
2.15656853
2.17427039
2.19226527
2.21056056
2.22916365
2.24808240
2.26732516
2.28690028
2.30681634
2.32711267
2.34773827
2.36870146
2.39007425
2.41183639
2.43399835
2.43183708
2.42454982
2.41730618
2.41010571
2.40291548
2.39580035
2.38872719
2.38169575
2.37470555
2.36775613
2.36087871
2.35397887
2.34715009
2.34036088
2.33361101
2.32689977
2.32022691
2.31359243
2.30696583
2.30040669
2.29388475
2.28739977
2.28095150
2.27453923
0.37896076
0.38008147
0.38120964
0.38234371
0.38348454
0.38463303
0.38578761
0.38694996
0.38811851
0.38929412
0.39047772
0.39166769
0.39286494
0.39407039
0.39528239
0.39650276
0.39772978
0.39896443
0.40020767
0.40145779
0.40271574
0.40398249
0.40525633
0.40653822
0.40782920
0.40912744
0.41043493
0.41174987
0.41307324
0.41440612
0.41574663
0.41709685
0.41845489
0.41982079
0.42119762
0.42258254
0.42397657
0.42538086
0.42679346
0.42821547
0.42964801
0.43108913
0.43254101
0.43400165
0.43547219
0.43695378
0.43844441
0.43994525
0.44145751
0.44297910
0.44451231
0.44605505
0.44760853
0.44917402
0.45074934
0.45233577
0.45393455
0.45554352
0.45716393
0.45879707
0.46044075
0.46209744
0.46376491
0.46544445
0.46713740
0.46884149
0.47055930
0.47228849
0.47403044
0.47578529
0.47755319
0.47933426
0.48112997
0.48293787
0.48475942
0.48659608
0.48844537
0.49031013
0.49218783
0.49407995
0.49598807
0.49790958
0.49984604
0.50179905
0.50376594
0.50574976
0.50774777
0.50976169
0.51179308
0.51383924
0.51590186
0.51798260
0.52007866
0.52219331
0.52432370
0.52647150
0.52863854
0.53082192
0.53302342
0.53524488
0.53748327
0.53974211
0.54201835
0.54431391
0.54663068
0.54896384
0.55131871
0.55369562
0.55609137
0.55850965
0.56094730
0.56340635
0.56588888
0.56839150
0.57091641
0.57346565
0.57603592
0.57862937
0.58124810
0.58388883
0.58655548
0.58924472
0.59195870
0.59469980
0.59746444
0.60025483
0.60307348
0.60591668
0.60878682
0.61168635
0.61461151
0.61756694
0.62054878
0.62355953
0.62660182
0.62967175
0.63277417
0.63559395
0.63836116
0.64054805
0.64264321
0.64426672
0.64576024
0.64693844
0.64788741
0.64872086
0.64919406
0.64966559
0.64977944
0.64975333
0.64966798
0.64950204
0.64933616
0.64957315
0.65185672
1.43893278
1.44679213
1.45473778
1.46277130
1.47089398
1.47910738
1.48741293
1.49582493
1.50431991
1.51291203
1.52160275
1.53039384
1.53928721
1.54828453
1.55738759
1.56659842
1.57593262
1.58536482
1.59491050
1.60457182
1.61435091
1.62424994
1.63427103
1.64441669
1.65468907
1.66510606
1.67563939
1.68630683
1.69711089
1.70805430
1.71913981
1.73037004
1.74174809
1.75327671
1.76495898
1.77681565
1.78881478
1.80097711
1.81330585
1.82580459
1.83847690
1.85132635
1.86435652
1.87757158
1.89099538
1.90459204
1.91838574
1.93238056
1.94658124
1.96099210
1.97561789
1.99046350
2.00553393
2.02083445
2.03639317
2.05217004
2.06819296
2.08446836
2.10100174
2.11779952
2.13486814
2.15221405
2.16984415
2.18776560
2.20601273
2.22453904
2.24337935
2.26254129
2.28203344
2.30186439
2.32204294
2.34257841
2.36348057
2.38475895
2.40642381
2.42848611
2.43263459
2.42534256
2.41809416
2.41085649
2.40369415
2.39657450
2.38949680
2.38246083
2.37546611
2.36851239
2.36159921
2.35472608
2.34789324
2.34109974
2.33434534
2.32763004
2.32095313
2.31431437
2.30768347
2.30112052
2.29459453
2.28810549
2.28165317
2.27523708
2.26885700
0.37980410
0.38092983
0.38206223
0.38320220
0.38434818
0.38550103
0.38666165
0.38782844
0.38900316
0.39018413
0.39137232
0.39256862
0.39377138
0.39498153
0.39620006
0.39742520
0.39865884
0.39989930
0.40114745
0.40240437
0.40366825
0.40494013
0.40622094
0.40750897
0.40880612
0.41011059
0.41142344
0.41274565
0.41407546
0.41541386
0.41676190
0.41811773
0.41948241
0.42085606
0.42223871
0.42363149
0.42503247
0.42644274
0.42786345
0.42929259
0.43073133
0.43218079
0.43363899
0.43510813
0.43658617
0.43807432
0.43957371
0.44108230
0.44260129
0.44413188
0.44567198
0.44722393
0.44878557
0.45035818
0.45194298
0.45353785
0.45514399
0.45676273
0.45839182
0.46003377
0.46168634
0.46335083
0.46502858
0.46671727
0.46841830
0.47013301
0.47185907
0.47359911
0.47534949
0.47711414
0.47889322
0.48068431
0.48248887
0.48430833
0.48614025
0.48798743
0.48984733
0.49172148
0.49361137
0.49551448
0.49743232
0.49936646
0.50131428
0.50327879
0.50525737
0.50725150
0.50926292
0.51128888
0.51333100
0.51539099
0.51746613
0.51955801
0.52166843
0.52379447
0.52593952
0.52810061
0.53027952
0.53247809
0.53469336
0.53692716
0.53918135
0.54145288
0.54374528
0.54605550
0.54838377
0.55073535
0.55310547
0.55549610
0.55790925
0.56034166
0.56279713
0.56527245
0.56776965
0.57029086
0.57283270
0.57539725
0.57798678
0.58059788
0.58323449
0.58589327
0.58857644
0.59128624
0.59401911
0.59677738
0.59956336
0.60237348
0.60521007
0.60807556
0.61096621
0.61388659
0.61683291
0.61980760
0.62281334
0.62584621
0.62890869
0.63200355
0.63502032
0.63778472
0.64034063
0.64243680
0.64438337
0.64587742
0.64734310
0.64829558
0.64925325
0.64985532
0.65033019
0.65068203
0.65068674
0.65069389
0.65061778
0.65049177
0.65038246
0.65125573
1.43700445
1.44484270
1.45276690
1.46077859
1.46887910
1.47706985
1.48535264
1.49372876
1.50219989
1.51078045
1.51944661
1.52821279
1.53708076
1.54605222
1.55512893
1.56431293
1.57360613
1.58301032
1.59252751
1.60217440
1.61192417
1.62179339
1.63178408
1.64189875
1.65213954
1.66250896
1.67300928
1.68364310
1.69442916
1.70533788
1.71638811
1.72758234
1.73892355
1.75041473
1.76205873
1.77385867
1.78581774
1.79795730
1.81024468
1.82270110
1.83533025
1.84813547
1.86112070
1.87428975
1.88764644
1.90119481
1.91493917
1.92890453
1.94305396
1.95741248
1.97198474
1.98677564
2.00179005
2.01703310
2.03251004
2.04822659
2.06421185
2.08042407
2.09689331
2.11362529
2.13062620
2.14790297
2.16546226
2.18331122
2.20145655
2.21990609
2.23869562
2.25777745
2.27718735
2.29693365
2.31702566
2.33747196
2.35828257
2.37943530
2.40100312
2.42299867
2.43343282
2.42613602
2.41888285
2.41164041
2.40447354
2.39734912
2.39026690
2.38322639
2.37622714
2.36926889
2.36235142
2.35547400
2.34863663
2.34183884
2.33508039
2.32836056
2.32167959
2.31500649
2.30840182
2.30183458
2.29530478
2.28881168
2.28235531
2.27593517
2.26952219
2.26317406
0.38065040
0.38178197
0.38291946
0.38406375
0.38521570
0.38637379
0.38753968
0.38871178
0.38989100
0.39107823
0.39227188
0.39347282
0.39468202
0.39589781
0.39712197
0.39835283
0.39959139
0.40083852
0.40209258
0.40335453
0.40462533
0.40590322
0.40718922
0.40848434
0.40978676
0.41109848
0.41241765
0.41374534
0.41508254
0.41642746
0.41778114
0.41914362
0.42051503
0.42189643
0.42328596
0.42468464
0.42609364
0.42751098
0.42893776
0.43037519
0.43182120
0.43327802
0.43474364
0.43621922
0.43770590
0.43920168
0.44070771
0.44222522
0.44375211
0.44528958
0.44683886
0.44839782
0.44996884
0.45154977
0.45314184
0.45474634
0.45636106
0.45798728
0.45962635
0.46127599
0.46293870
0.46461225
0.46629792
0.46799710
0.46970749
0.47143042
0.47316730
0.47491449
0.47667718
0.47845170
0.48023951
0.48204201
0.48385680
0.48568529
0.48752898
0.48938540
0.49125734
0.49314231
0.49504182
0.49695736
0.49888641
0.50083047
0.50279123
0.50476593
0.50675762
0.50876367
0.51078564
0.51282519
0.51487970
0.51695067
0.51903987
0.52114457
0.52326632
0.52540702
0.52756375
0.52973980
0.53193229
0.53414303
0.53637385
0.53862172
0.54089016
0.54317617
0.54548156
0.54780823
0.55015153
0.55251664
0.55490386
0.55731010
0.55973727
0.56218749
0.56465745
0.56715101
0.56966484
0.57220107
0.57476187
0.57734376
0.57994902
0.58257979
0.58523256
0.58791161
0.59061331
0.59333998
0.59609389
0.59887147
0.60167509
0.60450715
0.60736388
0.61024779
0.61316127
0.61610061
0.61907041
0.62206680
0.62509233
0.62814969
0.63123482
0.63435268
0.63720942
0.63999301
0.64222819
0.64433670
0.64599699
0.64749616
0.64870435
0.64966321
0.65051794
0.65099376
0.65146786
0.65159428
0.65159905
0.65157998
0.65147740
0.65137488
0.65158236
0.65348405
1.44288683
1.45080137
1.45879126
1.46686971
1.47503805
1.48329794
1.49165082
1.50009835
1.50864208
1.51728368
1.52602482
1.53488064
1.54382634
1.55287683
1.56203425
1.57130015
1.58067679
1.59016585
1.59976971
1.60949016
1.61934423
1.62930477
1.63938856
1.64959800
1.65993536
1.67040312
1.68100381
1.69173980
1.70261383
1.71364510
1.72480357
1.73610818
1.74756205
1.75916803
1.77092910
1.78284860
1.79492962
1.80717552
1.81958961
1.83219433
1.84495568
1.85789609
1.87101936
1.88432932
1.89783001
1.91152561
1.92542017
1.93951833
1.95384586
1.96836483
1.98310125
1.99805999
2.01324606
2.02866483
2.04432154
2.06022191
2.07637143
2.09277630
2.10946727
2.12640119
2.14360929
2.16109824
2.17887473
2.19694614
2.21531987
2.23400354
2.25300503
2.27233267
2.29202414
2.31202984
2.33238769
2.35310745
2.37416697
2.39563918
2.41750312
2.43423152
2.42692995
2.41963911
2.41242480
2.40525317
2.39812422
2.39103746
2.38399243
2.37698865
2.36999440
2.36310410
2.35622239
2.34938073
2.34257841
2.33581567
2.32909179
2.32237625
2.31572938
2.30912042
2.30254912
2.29601526
2.28951812
2.28305793
2.27660465
2.27021694
2.26386499
2.25754833
0.38150132
0.38263711
0.38378054
0.38492998
0.38608631
0.38725048
0.38842085
0.38959914
0.39078376
0.39197558
0.39317560
0.39438209
0.39559600
0.39681831
0.39804730
0.39928484
0.40052918
0.40178129
0.40304217
0.40431008
0.40558597
0.40687090
0.40816304
0.40946344
0.41077307
0.41209015
0.41341668
0.41475081
0.41609359
0.41744605
0.41880634
0.42017555
0.42155373
0.42294097
0.42433840
0.42574409
0.42715910
0.42858458
0.43001854
0.43146217
0.43291658
0.43437976
0.43585390
0.43733704
0.43883029
0.44033489
0.44184873
0.44337299
0.44490895
0.44645444
0.44801185
0.44957903
0.45115721
0.45274764
0.45434821
0.45596009
0.45758465
0.45921963
0.46086633
0.46252611
0.46419665
0.46588054
0.46757546
0.46928275
0.47100380
0.47273627
0.47448280
0.47623974
0.47801101
0.47979680
0.48159468
0.48340610
0.48523250
0.48707142
0.48892432
0.49079275
0.49267414
0.49457142
0.49648193
0.49840727
0.50034904
0.50230455
0.50427544
0.50626326
0.50826538
0.51028484
0.51231897
0.51436937
0.51643771
0.51852131
0.52062172
0.52274078
0.52487564
0.52702951
0.52919960
0.53138763
0.53359544
0.53582007
0.53806329
0.54032701
0.54260820
0.54490876
0.54723060
0.54956889
0.55193073
0.55431116
0.55671227
0.55913597
0.56157911
0.56404549
0.56653184
0.56904018
0.57157272
0.57412601
0.57670218
0.57930350
0.58192652
0.58457530
0.58724636
0.58994192
0.59266430
0.59540999
0.59818119
0.60098034
0.60380381
0.60665387
0.60953313
0.61243767
0.61537218
0.61833280
0.62132204
0.62434250
0.62739027
0.63046795
0.63357824
0.63663280
0.63941139
0.64201736
0.64412689
0.64611185
0.64761394
0.64911121
0.65007132
0.65103424
0.65165627
0.65213376
0.65250188
0.65250671
0.65251148
0.65243971
0.65233690
0.65228194
0.65312439
1.44094789
1.44882929
1.45679748
1.46485376
1.47301185
1.48124897
1.48957872
1.49800277
1.50652254
1.51513982
1.52385628
1.53267348
1.54159343
1.55063128
1.55976212
1.56900108
1.57835019
1.58781123
1.59738660
1.60707796
1.61688769
1.62681794
1.63687098
1.64706421
1.65736973
1.66780508
1.67837274
1.68907499
1.69991469
1.71089447
1.72201693
1.73328507
1.74471867
1.75628674
1.76800931
1.77988935
1.79193008
1.80413496
1.81650722
1.82905030
1.84176779
1.85468268
1.86776042
1.88102388
1.89447713
1.90812409
1.92196918
1.93601656
1.95027089
1.96473658
1.97941852
1.99434388
2.00947332
2.02483416
2.04043150
2.05627108
2.07235861
2.08869982
2.10530066
2.12216759
2.13930702
2.15675139
2.17445636
2.19245434
2.21075273
2.22935915
2.24828124
2.26752734
2.28710604
2.30702567
2.32732558
2.34795499
2.36892200
2.39029884
2.41206527
2.43423152
2.42769122
2.42042875
2.41320968
2.40603352
2.39890003
2.39180851
2.38475895
2.37771893
2.37075210
2.36385727
2.35697103
2.35012507
2.34331870
2.33655167
2.32979298
2.32310367
2.31645274
2.30983973
2.30326438
2.29672623
2.29022527
2.28373146
2.27730370
2.27091217
2.26455617
2.25823569
2.25195050
0.38235602
0.38349694
0.38464469
0.38580015
0.38696173
0.38813034
0.38930687
0.39048970
0.39168063
0.39287794
0.39408261
0.39529556
0.39651513
0.39774224
0.39897785
0.40022027
0.40147138
0.40272939
0.40399534
0.40527019
0.40655217
0.40784228
0.40914157
0.41044819
0.41176414
0.41308761
0.41441962
0.41576120
0.41711053
0.41846865
0.41983563
0.42121157
0.42259759
0.42399171
0.42539510
0.42680880
0.42823091
0.42966253
0.43110481
0.43255574
0.43401647
0.43548816
0.43696880
0.43846062
0.43996158
0.44147283
0.44299561
0.44452783
0.44607070
0.44762543
0.44918990
0.45076647
0.45235300
0.45395076
0.45556101
0.45718154
0.45881364
0.46045861
0.46211424
0.46378180
0.46546268
0.46715456
0.46886000
0.47057670
0.47230604
0.47404939
0.47580311
0.47757113
0.47935361
0.48114818
0.48295751
0.48477921
0.48661470
0.48846549
0.49032906
0.49220687
0.49410051
0.49600741
0.49793047
0.49986708
0.50181884
0.50378734
0.50576985
0.50776953
0.50978357
0.51181370
0.51386154
0.51592433
0.51800370
0.52010149
0.52221477
0.52434528
0.52649486
0.52866054
0.53084570
0.53304738
0.53526741
0.53750759
0.53976500
0.54204148
0.54433888
0.54665416
0.54898924
0.55134434
0.55371970
0.55611742
0.55853420
0.56097209
0.56343311
0.56591403
0.56841874
0.57094389
0.57349151
0.57606393
0.57865757
0.58127469
0.58391756
0.58658254
0.58927399
0.59198827
0.59472764
0.59749448
0.60028523
0.60310209
0.60594761
0.60881805
0.61171788
0.61464334
0.61759692
0.62058121
0.62359232
0.62663275
0.62970519
0.63280565
0.63593686
0.63882160
0.64162165
0.64389855
0.64602745
0.64773178
0.64924377
0.65047991
0.65144640
0.65232259
0.65280104
0.65328020
0.65341687
0.65342170
0.65340489
0.65330178
0.65319866
0.65339530
0.65527624
1.44687438
1.45482099
1.46285546
1.47097898
1.47919333
1.48751235
1.49591291
1.50440896
1.51300204
1.52169383
1.53048599
1.53938043
1.54837883
1.55748296
1.56669486
1.57603037
1.58546364
1.59501052
1.60467303
1.61445343
1.62435365
1.63437617
1.64452302
1.65479672
1.66521513
1.67574978
1.68641865
1.69722414
1.70816910
1.71925604
1.73048782
1.74186742
1.75339758
1.76509893
1.77693987
1.78894067
1.80110466
1.81343520
1.82593572
1.83860981
1.85146105
1.86449325
1.87771022
1.89113593
1.90473473
1.91853046
1.93252742
1.94673026
1.96114326
1.97577143
1.99061930
2.00569224
2.02101779
2.03655624
2.05233550
2.06836128
2.08463931
2.10117531
2.11797595
2.13504744
2.15239620
2.17002940
2.18798065
2.20620418
2.22473383
2.24357724
2.26274252
2.28223825
2.30207276
2.32225513
2.34279442
2.36373162
2.38498259
2.40665150
2.42871809
2.42848611
2.42121887
2.41399503
2.40681434
2.39967608
2.39258003
2.38549399
2.37848139
2.37151003
2.36461091
2.35772038
2.35086989
2.34405923
2.33725715
2.33052492
2.32383156
2.31717634
2.31055927
2.30397987
2.29743767
2.29090309
2.28443503
2.27800322
2.27160764
2.26524782
2.25892353
2.25263453
2.24635196
0.38321376
0.38436064
0.38551354
0.38667342
0.38784111
0.38901505
0.39019695
0.39138523
0.39258075
0.39378446
0.39499468
0.39621240
0.39743853
0.39867136
0.39991277
0.40116102
0.40241712
0.40368199
0.40495393
0.40623391
0.40752295
0.40881926
0.41012383
0.41143769
0.41275907
0.41408992
0.41542840
0.41677555
0.41813245
0.41949627
0.42086998
0.42225373
0.42364559
0.42504770
0.42645806
0.42787784
0.42930812
0.43074697
0.43219548
0.43365484
0.43512303
0.43660223
0.43809047
0.43958890
0.44109869
0.44261780
0.44414741
0.44568872
0.44723967
0.44880256
0.45037529
0.45195907
0.45355517
0.45516145
0.45677912
0.45840952
0.46005043
0.46170312
0.46336892
0.46504557
0.46673563
0.46843681
0.47015041
0.47187784
0.47361675
0.47536725
0.47713330
0.47891125
0.48070380
0.48250848
0.48432678
0.48616016
0.48800614
0.48986620
0.49174184
0.49363053
0.49553517
0.49745318
0.49938607
0.50133550
0.50329876
0.50527740
0.50727320
0.50928330
0.51131088
0.51335323
0.51541191
0.51748872
0.51958078
0.52168983
0.52381760
0.52596128
0.52812409
0.53030324
0.53250039
0.53471750
0.53695148
0.53920418
0.54147756
0.54376853
0.54608065
0.54840910
0.55075920
0.55313128
0.55552208
0.55793369
0.56036812
0.56282204
0.56529760
0.56779683
0.57031643
0.57286036
0.57542515
0.57801306
0.58062625
0.58326125
0.58592027
0.58860564
0.59131372
0.59404886
0.59680736
0.59959167
0.60240406
0.60524094
0.60810465
0.61099768
0.61391622
0.61686498
0.61984003
0.62284386
0.62587917
0.62894201
0.63203496
0.63516080
0.63822150
0.64101630
0.64362848
0.64575559
0.64776009
0.64929116
0.65082473
0.65182334
0.65282494
0.65346724
0.65394980
0.65432960
0.65433443
0.65434164
0.65426946
0.65416610
0.65410602
0.65493631
1.44492471
1.45284986
1.46086252
1.46896386
1.47715569
1.48543942
1.49381649
1.50228858
1.51087022
1.51953745
1.52830470
1.53717363
1.54614615
1.55522406
1.56440926
1.57370341
1.58310878
1.59264147
1.60227525
1.61202633
1.62189674
1.63188887
1.64200485
1.65224695
1.66261768
1.67311943
1.68377054
1.69454205
1.70545232
1.71650386
1.72769964
1.73904252
1.75053525
1.76218081
1.77398241
1.78594315
1.79808450
1.81037354
1.82283187
1.83546269
1.84826982
1.86125696
1.87442791
1.88778663
1.90133703
1.91510403
1.92905092
1.94320238
1.95756316
1.97213769
1.98693085
2.00194764
2.01719308
2.03267264
2.04839158
2.06437922
2.08059430
2.09706616
2.11380076
2.13080478
2.14808440
2.16564679
2.18349862
2.20164704
2.22012758
2.23889279
2.25797796
2.27739120
2.29714108
2.31723666
2.33768702
2.35850143
2.37965798
2.40122986
2.42322946
2.42928147
2.42200947
2.41478109
2.40759563
2.40045261
2.39331985
2.38626146
2.37924433
2.37226868
2.36536503
2.35847020
2.35161543
2.34476948
2.33799410
2.33125758
2.32455993
2.31790066
2.31127930
2.30469561
2.29811978
2.29161096
2.28513885
2.27870321
2.27230358
2.26593995
2.25961161
2.25329018
2.24703240
2.24080944
0.38407618
0.38522738
0.38638636
0.38755149
0.38872367
0.38990381
0.39109027
0.39228484
0.39348587
0.39469427
0.39591101
0.39713436
0.39836532
0.39960483
0.40085116
0.40210623
0.40336823
0.40463820
0.40591711
0.40720320
0.40849745
0.40980092
0.41111177
0.41243103
0.41375977
0.41509610
0.41644210
0.41779584
0.41915745
0.42052993
0.42191043
0.42330104
0.42469984
0.42610791
0.42752638
0.42895329
0.43038973
0.43183690
0.43329278
0.43475848
0.43623525
0.43772098
0.43921793
0.44072410
0.44224060
0.44376871
0.44530627
0.44685456
0.44841477
0.44998476
0.45156693
0.45315912
0.45476258
0.45637861
0.45800495
0.45964295
0.46129391
0.46295556
0.46463042
0.46631625
0.46801436
0.46972609
0.47144917
0.47318491
0.47493348
0.47669503
0.47846970
0.48025894
0.48206028
0.48387653
0.48570517
0.48754770
0.48940557
0.49127632
0.49316144
0.49506247
0.49697679
0.49890599
0.50085163
0.50281107
0.50478739
0.50677782
0.50878400
0.51080763
0.51284593
0.51490200
0.51697320
0.51906109
0.52116746
0.52328938
0.52542871
0.52758718
0.52976191
0.53195614
0.53416711
0.53639650
0.53864616
0.54091316
0.54319936
0.54550660
0.54783183
0.55017704
0.55254233
0.55492806
0.55733627
0.55976367
0.56221235
0.56468427
0.56717628
0.56969035
0.57222867
0.57478786
0.57737190
0.57997733
0.58260649
0.58526146
0.58793879
0.59064269
0.59336960
0.59612185
0.59890169
0.60170561
0.60453588
0.60739499
0.61027914
0.61319083
0.61613262
0.61910057
0.62209940
0.62512529
0.62818074
0.63126838
0.63438433
0.63753122
0.64041436
0.64322841
0.64548397
0.64762104
0.64931250
0.65085328
0.65210271
0.65310758
0.65402186
0.65455097
0.65508091
0.65525210
0.65525693
0.65524006
0.65513635
0.65503269
0.65521836
0.65708804
1.45088410
1.45887494
1.46695435
1.47512364
1.48338449
1.49173832
1.50018692
1.50873160
1.51737428
1.52612960
1.53497326
1.54392004
1.55297172
1.56213021
1.57139730
1.58077502
1.59026539
1.59987032
1.60960662
1.61944735
1.62940919
1.63949430
1.64970505
1.66004372
1.67051291
1.68111491
1.69185233
1.70272791
1.71376061
1.72492051
1.73622668
1.74768209
1.75928974
1.77105248
1.78297365
1.79505634
1.80730391
1.81973839
1.83232629
1.84508955
1.85803187
1.87115705
1.88446903
1.89797163
1.91166925
1.92556596
1.93966627
1.95399594
1.96851730
1.98325598
1.99821699
2.01340556
2.02882671
2.04448605
2.06038880
2.07654095
2.09297299
2.10964227
2.12657905
2.14379001
2.16128182
2.17906141
2.19713593
2.21551299
2.23419976
2.25320482
2.27256465
2.29223061
2.31223989
2.33260179
2.35332537
2.37438869
2.39586473
2.41773295
2.43007731
2.42280078
2.41556764
2.40837741
2.40119743
2.39409256
2.38702941
2.38000798
2.37302756
2.36608815
2.35922027
2.35236120
2.34551096
2.33873129
2.33199048
2.32528877
2.31862521
2.31199980
2.30541205
2.29883218
2.29231930
2.28584313
2.27940345
2.27300000
2.26663232
2.26030040
2.25397515
2.24771357
2.24148655
2.23529410
0.38494247
0.38609889
0.38726228
0.38843355
0.38961107
0.39079577
0.39198855
0.39318776
0.39439520
0.39560920
0.39683071
0.39806065
0.39929736
0.40054178
0.40179488
0.40305495
0.40432385
0.40559986
0.40688393
0.40817708
0.40947756
0.41078636
0.41210449
0.41343012
0.41476533
0.41610819
0.41745976
0.41882113
0.42018944
0.42156771
0.42295605
0.42435256
0.42575935
0.42717445
0.42859903
0.43003413
0.43147787
0.43293130
0.43439564
0.43586886
0.43735209
0.43884653
0.44035012
0.44186518
0.44338956
0.44492450
0.44647124
0.44802764
0.44959491
0.45117435
0.45276377
0.45436558
0.45597762
0.45760110
0.45923740
0.46088424
0.46254292
0.46421483
0.46589762
0.46759388
0.46930131
0.47102126
0.47275510
0.47450051
0.47625756
0.47803026
0.47981492
0.48161292
0.48342577
0.48525101
0.48709142
0.48894447
0.49081171
0.49269462
0.49459064
0.49650133
0.49842823
0.50036871
0.50232583
0.50429684
0.50628340
0.50828713
0.51030535
0.51233959
0.51439166
0.51645869
0.51854396
0.52064455
0.52276230
0.52489883
0.52705139
0.52922165
0.53141147
0.53361785
0.53584427
0.53808767
0.54034996
0.54263306
0.54493380
0.54725415
0.54959434
0.55195469
0.55433708
0.55673838
0.55916053
0.56160569
0.56407052
0.56655711
0.56906748
0.57159841
0.57415378
0.57673025
0.57932991
0.58195508
0.58460218
0.58727348
0.58997124
0.59269196
0.59543788
0.59821135
0.60100877
0.60383451
0.60668492
0.60956234
0.61246926
0.61540198
0.61836284
0.62135458
0.62437320
0.62742347
0.63050145
0.63360983
0.63675123
0.63981128
0.64262003
0.64521253
0.64735252
0.64933378
0.65087473
0.65238231
0.65338808
0.65439695
0.65505922
0.65558755
0.65601283
0.65608048
0.65615064
0.65610951
0.65600556
0.65594268
0.65675586
1.44891191
1.45688093
1.46495020
1.47309721
1.48133528
1.48966599
1.49809098
1.50661182
1.51523006
1.52394760
1.53276587
1.54168689
1.55072594
1.55985785
1.56909788
1.57844806
1.58791041
1.59748685
1.60717952
1.61699057
1.62692213
1.63699138
1.64717090
1.65747786
1.66791451
1.67848349
1.68918729
1.70002842
1.71100962
1.72213364
1.73342001
1.74483836
1.75640798
1.76813221
1.78001392
1.79205644
1.80426300
1.81663692
1.82918179
1.84190118
1.85481799
1.86789763
1.88116300
1.89461827
1.90826726
1.92211437
1.93616402
1.95042050
1.96488845
1.97959471
1.99450040
2.00963211
2.02499533
2.04059529
2.05643749
2.07252765
2.08887124
2.10547495
2.12234473
2.13951254
2.15693450
2.17464232
2.19264340
2.21094489
2.22955441
2.24848008
2.26772976
2.28731179
2.30726480
2.32753873
2.34817195
2.36914277
2.39052367
2.41229391
2.43087387
2.42359257
2.41635442
2.40915966
2.40197515
2.39486551
2.38779783
2.38077188
2.37378716
2.36684322
2.35997105
2.35307646
2.34625292
2.33946896
2.33272409
2.32601786
2.31935024
2.31272078
2.30609894
2.29954481
2.29302788
2.28654790
2.28010416
2.27369666
2.26732516
2.26096058
2.25466013
2.24839497
2.24216413
2.23596787
2.22980595
0.38581187
0.38697436
0.38814303
0.38931879
0.39050257
0.39169267
0.39289096
0.39409569
0.39530784
0.39652836
0.39775556
0.39899036
0.40023378
0.40148404
0.40274307
0.40400907
0.40528309
0.40656608
0.40785629
0.40915471
0.41046238
0.41177750
0.41310105
0.41443411
0.41577479
0.41712520
0.41848341
0.41984949
0.42122653
0.42261162
0.42400587
0.42541033
0.42682314
0.42824638
0.42967808
0.43111941
0.43257150
0.43403235
0.43550307
0.43698490
0.43847573
0.43997788
0.44148925
0.44301105
0.44454449
0.44608745
0.44764116
0.44920689
0.45078245
0.45237026
0.45396814
0.45557731
0.45719916
0.45883137
0.46047530
0.46213225
0.46379995
0.46547973
0.46717295
0.46887732
0.47059539
0.47232485
0.47406706
0.47582218
0.47759032
0.47937170
0.48116767
0.48297587
0.48479903
0.48663467
0.48848426
0.49034929
0.49222729
0.49411973
0.49602816
0.49794996
0.49988675
0.50184005
0.50380731
0.50579143
0.50778979
0.50980401
0.51183575
0.51388228
0.51594526
0.51802635
0.52012277
0.52223778
0.52436846
0.52651668
0.52868408
0.53086782
0.53306973
0.53529155
0.53753036
0.53978956
0.54206622
0.54436219
0.54667938
0.54901296
0.55136997
0.55374557
0.55614173
0.55856049
0.56099862
0.56345809
0.56594104
0.56844413
0.57096952
0.57351923
0.57609004
0.57868582
0.58130318
0.58394432
0.58661157
0.58930129
0.59201580
0.59475744
0.59752256
0.60031557
0.60313272
0.60597652
0.60884929
0.61174732
0.61467308
0.61762911
0.62061149
0.62362504
0.62666583
0.62973636
0.63283944
0.63597089
0.63913357
0.64201277
0.64484322
0.64707720
0.64922720
0.65089375
0.65244210
0.65366882
0.65467858
0.65556586
0.65609741
0.65662992
0.65680677
0.65687704
0.65692312
0.65688431
0.65684795
0.65705162
0.65890980
1.45490432
1.46293962
1.47106409
1.47929168
1.48759937
1.49600101
1.50449800
1.51309204
1.52178478
1.53057814
1.53947353
1.54847300
1.55757833
1.56680524
1.57612801
1.58556247
1.59511054
1.60477436
1.61455584
1.62445748
1.63448119
1.64462936
1.65491974
1.66532421
1.67586029
1.68653047
1.69733739
1.70828378
1.71937227
1.73060560
1.74198675
1.75351846
1.76522148
1.77706397
1.78906655
1.80123222
1.81356454
1.82606685
1.83874273
1.85159588
1.86462998
1.87786865
1.89127660
1.90487742
1.91867518
1.93267429
1.94687927
1.96129453
1.97592497
1.99077523
2.00585032
2.02117848
2.03671956
2.05250120
2.06852961
2.08481002
2.10134888
2.11815238
2.13522673
2.15257859
2.17024112
2.18816900
2.20639563
2.22492838
2.24377513
2.26294398
2.28244305
2.30228114
2.32246709
2.34301019
2.36395144
2.38520622
2.40687943
2.42895007
2.42438459
2.41714191
2.40990996
2.40275335
2.39563918
2.38856697
2.38153625
2.37454700
2.36759877
2.36069083
2.35382318
2.34699535
2.34020710
2.33345795
2.32674766
2.32007575
2.31341195
2.30681634
2.30025816
2.29373717
2.28725290
2.28080535
2.27439404
2.26798964
2.26165009
2.25534582
2.24907660
2.24284220
2.23664212
2.23047638
2.22431684
0.38668600
0.38785294
0.38902780
0.39020893
0.39139727
0.39259371
0.39379665
0.39500785
0.39622563
0.39745092
0.39868474
0.39992535
0.40117368
0.40243074
0.40369481
0.40496776
0.40624782
0.40753600
0.40883332
0.41013801
0.41145101
0.41277343
0.41410339
0.41544196
0.41679019
0.41814622
0.41951108
0.42088491
0.42226776
0.42366073
0.42506191
0.42647341
0.42789328
0.42932263
0.43076262
0.43221125
0.43366963
0.43513897
0.43661723
0.43810558
0.43960518
0.44111401
0.44263431
0.44416401
0.44570434
0.44725651
0.44881839
0.45039123
0.45197627
0.45357135
0.45517892
0.45679671
0.45842606
0.46006826
0.46172109
0.46338582
0.46506381
0.46675277
0.46845528
0.47016904
0.47189534
0.47363564
0.47538629
0.47715122
0.47893059
0.48072198
0.48252812
0.48434657
0.48617876
0.48802623
0.48988643
0.49176085
0.49365106
0.49555448
0.49747264
0.49940708
0.50135523
0.50331867
0.50529891
0.50729340
0.50930518
0.51133144
0.51337391
0.51543427
0.51750976
0.51960200
0.52171272
0.52383918
0.52598459
0.52814603
0.53032535
0.53252429
0.53473997
0.53697413
0.53922874
0.54150063
0.54379344
0.54610407
0.54843277
0.55078477
0.55315530
0.55554813
0.55795997
0.56039280
0.56284875
0.56532454
0.56782222
0.57034385
0.57288617
0.57545120
0.57804126
0.58065277
0.58328992
0.58594924
0.58863288
0.59134322
0.59407657
0.59683537
0.59962195
0.60243261
0.60527182
0.60813582
0.61102700
0.61394799
0.61689490
0.61987025
0.62287658
0.62590998
0.62897533
0.63206863
0.63519251
0.63834971
0.64140898
0.64423180
0.64680445
0.64895266
0.65091521
0.65246361
0.65394980
0.65496039
0.65597415
0.65660810
0.65714139
0.65753460
0.65760505
0.65767312
0.65766340
0.65762448
0.65763420
0.65853196
1.45293295
1.46094644
1.46904874
1.47724152
1.48552620
1.49390423
1.50239003
1.51095998
1.51962817
1.52839649
1.53726661
1.54624021
1.55531919
1.56450546
1.57380080
1.58320737
1.59274125
1.60237622
1.61212850
1.62200022
1.63199353
1.64211082
1.65235436
1.66272640
1.67322946
1.68388200
1.69465494
1.70556664
1.71661973
1.72781706
1.73916137
1.75065577
1.76230299
1.77410614
1.78608656
1.79821169
1.81050253
1.82296252
1.83559513
1.84840417
1.86139321
1.87456608
1.88792670
1.90147924
1.91524827
1.92919719
1.94335091
1.95771384
1.97229064
1.98708606
2.00210524
2.01735306
2.03283501
2.04858017
2.06454682
2.08076453
2.09723926
2.11397672
2.13098335
2.14826608
2.16583133
2.18368602
2.20183778
2.22032142
2.23908997
2.25817847
2.27759504
2.29734874
2.31744790
2.33790183
2.35872006
2.37988067
2.40148902
2.42346048
2.42517734
2.41789722
2.41069317
2.40353203
2.39641309
2.38933635
2.38230133
2.37530756
2.36832309
2.36144257
2.35457039
2.34773827
2.34094572
2.33419228
2.32747769
2.32077146
2.31413388
2.30753398
2.30097175
2.29444671
2.28795862
2.28150702
2.27506256
2.26868343
2.26234007
2.25603199
2.24975896
2.24352074
2.23731685
2.23111939
2.22498393
2.21888232
0.38756415
0.38873640
0.38991576
0.39110315
0.39229694
0.39349806
0.39470741
0.39592335
0.39714766
0.39837870
0.39961737
0.40086472
0.40211892
0.40338102
0.40465200
0.40593007
0.40721714
0.40851152
0.40981412
0.41112602
0.41244537
0.41377321
0.41511062
0.41645572
0.41781056
0.41917226
0.42054385
0.42192546
0.42331514
0.42471403
0.42612320
0.42754075
0.42896879
0.43040535
0.43185157
0.43330860
0.43477443
0.43625021
0.43773711
0.43923312
0.44073936
0.44225708
0.44378421
0.44532299
0.44687137
0.44843057
0.45000184
0.45158297
0.45317528
0.45478001
0.45639497
0.45802265
0.45966077
0.46131065
0.46297362
0.46464741
0.46633336
0.46803281
0.46974343
0.47146788
0.47320378
0.47495124
0.47671419
0.47848901
0.48027709
0.48207986
0.48389494
0.48572505
0.48756772
0.48942441
0.49129668
0.49318194
0.49508172
0.49699759
0.49892697
0.50087136
0.50283241
0.50480741
0.50679946
0.50880581
0.51082814
0.51286805
0.51492286
0.51699418
0.51908380
0.52118880
0.52331251
0.52545202
0.52760911
0.52978551
0.53197843
0.53418952
0.53642070
0.53866899
0.54093623
0.54322422
0.54553002
0.54785717
0.55020082
0.55256635
0.55495405
0.55736071
0.55979007
0.56223899
0.56470937
0.56720340
0.56971771
0.57225442
0.57481569
0.57739812
0.58000571
0.58263505
0.58528841
0.58796793
0.59067017
0.59339732
0.59615177
0.59892994
0.60173613
0.60456669
0.60742402
0.61031055
0.61322254
0.61616248
0.61913288
0.62212986
0.62515599
0.62821394
0.63129973
0.63441825
0.63756543
0.64074403
0.64361215
0.64645916
0.64866889
0.65083903
0.65248275
0.65404111
0.65524250
0.65625709
0.65711713
0.65765369
0.65818864
0.65833473
0.65840292
0.65844184
0.65840530
0.65836638
0.65867090
0.66077858
1.45895863
1.46703899
1.47520924
1.48347104
1.49182582
1.50027537
1.50882113
1.51747775
1.52622116
1.53506589
1.54401374
1.55306661
1.56222618
1.57149446
1.58087325
1.59036481
1.59997094
1.60970843
1.61955047
1.62951350
1.63960004
1.64981210
1.66015208
1.67062259
1.68122602
1.69196498
1.70285821
1.71387613
1.72503757
1.73634529
1.74780226
1.75941145
1.77117586
1.78309870
1.79518306
1.80743241
1.81986868
1.83245838
1.84522343
1.85816765
1.87129474
1.88460863
1.89811337
1.91181302
1.92571187
1.93983531
1.95414615
1.96866965
1.98341060
1.99837410
2.01356506
2.02898860
2.04465032
2.06055570
2.07671070
2.09314537
2.10981727
2.12675691
2.14397073
2.16146564
2.17924809
2.19732594
2.21570587
2.23439622
2.25343299
2.27276778
2.29243731
2.31245017
2.33281565
2.35354304
2.37461042
2.39609051
2.41796279
2.42593765
2.41868567
2.41147685
2.40431118
2.39718771
2.39010644
2.38306665
2.37603688
2.36907959
2.36219454
2.35531807
2.34848166
2.34168482
2.33492708
2.32817793
2.32149792
2.31485605
2.30825210
2.30168581
2.29515672
2.28866458
2.28217983
2.27576065
2.26937771
2.26303029
2.25671840
2.25044155
2.24419951
2.23796391
2.23179078
2.22565174
2.21954632
2.21347427
0.38844541
0.38962388
0.39080864
0.39200062
0.39320078
0.39440742
0.39562151
0.39684397
0.39807311
0.39931080
0.40055531
0.40180758
0.40306863
0.40433672
0.40561372
0.40689787
0.40819019
0.40949169
0.41080058
0.41211784
0.41344455
0.41477886
0.41612178
0.41747445
0.41883492
0.42020431
0.42158270
0.42297012
0.42436776
0.42577362
0.42718881
0.42861450
0.43004867
0.43149355
0.43294710
0.43441048
0.43588486
0.43736821
0.43886167
0.44036648
0.44188052
0.44340613
0.44494119
0.44648692
0.44804454
0.44961196
0.45119035
0.45278105
0.45438182
0.45599514
0.45761877
0.45925400
0.46090215
0.46256095
0.46423176
0.46591592
0.46761107
0.46931863
0.47103995
0.47277269
0.47451949
0.47627670
0.47804824
0.47983432
0.48163247
0.48344415
0.48527086
0.48711008
0.48896462
0.49083200
0.49271369
0.49461126
0.49652210
0.49844775
0.50038981
0.50234568
0.50431830
0.50630504
0.50830746
0.51032728
0.51236171
0.51441246
0.51648116
0.51856512
0.52066588
0.52278531
0.52492052
0.52707481
0.52924526
0.53143364
0.53364182
0.53586686
0.53811044
0.54037458
0.54265618
0.54495716
0.54727942
0.54961812
0.55198032
0.55436122
0.55676275
0.55918694
0.56163049
0.56409556
0.56658411
0.56909293
0.57162595
0.57417971
0.57675642
0.57935822
0.58198166
0.58463097
0.58730251
0.58999860
0.59272152
0.59546775
0.59823948
0.60103923
0.60386318
0.60671592
0.60959363
0.61249876
0.61543387
0.61839509
0.62138492
0.62440604
0.62745440
0.63053495
0.63364363
0.63678312
0.63995618
0.64298445
0.64582354
0.64833105
0.65050364
0.65243256
0.65401226
0.65549099
0.65653789
0.65755647
0.65816677
0.65870255
0.65906596
0.65913671
0.65920508
0.65918553
0.65914893
0.65917826
0.66020262
1.45697629
1.46503460
1.47318256
1.48142159
1.48975325
1.49817920
1.50670111
1.51532042
1.52403891
1.53285837
1.54179370
1.55082047
1.55995345
1.56919467
1.57854605
1.58800960
1.59758723
1.60728109
1.61709344
1.62702620
1.63709676
1.64727759
1.65758586
1.66802394
1.67859423
1.68929946
1.70014203
1.71112478
1.72225022
1.73353827
1.74495804
1.75652933
1.76825511
1.78013849
1.79218268
1.80439103
1.81676674
1.82931340
1.84205365
1.85495329
1.86803484
1.88130224
1.89475942
1.90841055
1.92225969
1.93631136
1.95057011
1.96504021
1.97974873
1.99465680
2.00979114
2.02515674
2.04075909
2.05660391
2.07269645
2.08904290
2.10564923
2.12254715
2.13969254
2.15711737
2.17482829
2.19283247
2.21113706
2.22974992
2.24867892
2.26793194
2.28751755
2.30747414
2.32775164
2.34838867
2.36936355
2.39074850
2.41252279
2.42673135
2.41947460
2.41226125
2.40509081
2.39796281
2.39087677
2.38380075
2.37679815
2.36983657
2.36294723
2.35606647
2.34922552
2.34242439
2.33563185
2.32890892
2.32222486
2.31557870
2.30897069
2.30240035
2.29586720
2.28934145
2.28288221
2.27645922
2.27007222
2.26372099
2.25740528
2.25112462
2.24485040
2.23863935
2.23246264
2.22631979
2.22021079
2.21413493
2.20809245
0.38933158
0.39051455
0.39170560
0.39290309
0.39410791
0.39532101
0.39654073
0.39776802
0.39900380
0.40024638
0.40149763
0.40275583
0.40402192
0.40529692
0.40657908
0.40787032
0.40916884
0.41047564
0.41179177
0.41311541
0.41444761
0.41578937
0.41713887
0.41849717
0.41986436
0.42124048
0.42262667
0.42402101
0.42542458
0.42683849
0.42826080
0.42969260
0.43113509
0.43258622
0.43404821
0.43551907
0.43699992
0.43849194
0.43999311
0.44150460
0.44302759
0.44456002
0.44610423
0.44765806
0.44922277
0.45079958
0.45238635
0.45398432
0.45559481
0.45721558
0.45884910
0.46049318
0.46214902
0.46381807
0.46549800
0.46719012
0.46889582
0.47061279
0.47234362
0.47408599
0.47583997
0.47760954
0.47939107
0.48118588
0.48299554
0.48481750
0.48665461
0.48850435
0.49036822
0.49224770
0.49414030
0.49604750
0.49797088
0.49990779
0.50185984
0.50382864
0.50581151
0.50781155
0.50982594
0.51185638
0.51390457
0.51596767
0.51804745
0.52014554
0.52225924
0.52439165
0.52654004
0.52870607
0.53089160
0.53309363
0.53531408
0.53755468
0.53981251
0.54208934
0.54438716
0.54670286
0.54903835
0.55139387
0.55376971
0.55616778
0.55858505
0.56102335
0.56348485
0.56596625
0.56847137
0.57099700
0.57354516
0.57611799
0.57871211
0.58132976
0.58397311
0.58663863
0.58933055
0.59204537
0.59478527
0.59755266
0.60034394
0.60316133
0.60600746
0.60887843
0.61177886
0.61470491
0.61765909
0.62064397
0.62365568
0.62669671
0.62976980
0.63287091
0.63600498
0.63916796
0.64235562
0.64518917
0.64799351
0.65016627
0.65235126
0.65393299
0.65551996
0.65669286
0.65774846
0.65861237
0.65920019
0.65975481
0.65986979
0.65993828
0.65996766
0.65993094
0.65989423
0.66027367
0.66275662
1.46302378
1.47114921
1.47937775
1.48768640
1.49608898
1.50458694
1.51318204
1.52187586
1.53067029
1.53956676
1.54856741
1.55768740
1.56690180
1.57622576
1.58566129
1.59521067
1.60487556
1.61465836
1.62456119
1.63458622
1.64473581
1.65502751
1.66543329
1.67597067
1.68664229
1.69745076
1.70839858
1.71948850
1.73072338
1.74210608
1.75365674
1.76534402
1.77718818
1.78919244
1.80135977
1.81369388
1.82619798
1.83887577
1.85173070
1.86476672
1.87800741
1.89141726
1.90502012
1.91882002
1.93282127
1.94702840
1.96144581
1.97607851
1.99093103
2.00603127
2.02133918
2.03688264
2.05266690
2.06869793
2.08498096
2.10152268
2.11832881
2.13540602
2.15276074
2.17042637
2.18835735
2.20658708
2.22512317
2.24397326
2.26314545
2.28264809
2.30248976
2.32267928
2.34325695
2.36417103
2.38543010
2.40710711
2.42752552
2.42026424
2.41304612
2.40587091
2.39873838
2.39164782
2.38456726
2.37756014
2.37059402
2.36370015
2.35681510
2.34996986
2.34316444
2.33636761
2.32964039
2.32295203
2.31630206
2.30968976
2.30311537
2.29657817
2.29004836
2.28358507
2.27715802
2.27076721
2.26441216
2.25809240
2.25180793
2.24553013
2.23931527
2.23313475
2.22698832
2.22087550
2.21479630
2.20875001
2.20270967
0.39022177
0.39141017
0.39260584
0.39380971
0.39502010
0.39623797
0.39746425
0.39869726
0.39993882
0.40118724
0.40244350
0.40370855
0.40498066
0.40626082
0.40755001
0.40884647
0.41015217
0.41146529
0.41278681
0.41411784
0.41545650
0.41680387
0.41816095
0.41952494
0.42089984
0.42228279
0.42367485
0.42507714
0.42648771
0.42790768
0.42933816
0.43077719
0.43222699
0.43368548
0.43515387
0.43663329
0.43812177
0.43962038
0.44113040
0.44264972
0.44417953
0.44572109
0.44727224
0.44883537
0.45040834
0.45199233
0.45358869
0.45519519
0.45681429
0.45844376
0.46008492
0.46173903
0.46340391
0.46508083
0.46677113
0.46847254
0.47018641
0.47191411
0.47365329
0.47540534
0.47717041
0.47894862
0.48074144
0.48254642
0.48436502
0.48619869
0.48804495
0.48990664
0.49178123
0.49367023
0.49557519
0.49749351
0.49942672
0.50137645
0.50334001
0.50531900
0.50731510
0.50932556
0.51135349
0.51339614
0.51545519
0.51753235
0.51962477
0.52173567
0.52386230
0.52600634
0.52816957
0.53034908
0.53254664
0.53476405
0.53699845
0.53925157
0.54152536
0.54381669
0.54612756
0.54845810
0.55080861
0.55318111
0.55557239
0.55798441
0.56041926
0.56287366
0.56534970
0.56784934
0.57036942
0.57291383
0.57547909
0.57806748
0.58068120
0.58331668
0.58597624
0.58866209
0.59137070
0.59410435
0.59686542
0.59965020
0.60246319
0.60530061
0.60816693
0.61105847
0.61397767
0.61692697
0.61990261
0.62290710
0.62594301
0.62900651
0.63210005
0.63522649
0.63838172
0.64157081
0.64455605
0.64740902
0.64982688
0.65200955
0.65385371
0.65544033
0.65684068
0.65789914
0.65895861
0.65955192
0.66014141
0.66051620
0.66065103
0.66074175
0.66071481
0.66067803
0.66072702
0.66188914
1.46103036
1.46913362
1.47732735
1.48561299
1.49400461
1.50247884
1.51104975
1.51971900
1.52848840
1.53735948
1.54633427
1.55541432
1.56460166
1.57389832
1.58332002
1.59284103
1.60247719
1.61223078
1.62210369
1.63209832
1.64221692
1.65246165
1.66283512
1.67333961
1.68399358
1.69476795
1.70568109
1.71673572
1.72793448
1.73928034
1.75077629
1.76242507
1.77423000
1.78621197
1.79833877
1.81063139
1.82309318
1.83572769
1.84853852
1.86152947
1.87470424
1.88806689
1.90164173
1.91539252
1.92934358
1.94349945
1.95786452
1.97244358
1.98724139
2.00226283
2.01751328
2.03299761
2.04874516
2.06471467
2.08093500
2.09741211
2.11415243
2.13116193
2.14844751
2.16601562
2.18387365
2.20205569
2.22051525
2.23928714
2.25837898
2.27779913
2.29755616
2.31765914
2.33811688
2.35893893
2.38010335
2.40171576
2.42369151
2.42105436
2.41383147
2.40665150
2.39951444
2.39238715
2.38533401
2.37832260
2.37135196
2.36445379
2.35756421
2.35071468
2.34387398
2.33710384
2.33037257
2.32367992
2.31702566
2.31040931
2.30383062
2.29725981
2.29075575
2.28428841
2.27785754
2.27146268
2.26510358
2.25878024
2.25246334
2.24621010
2.23999166
2.23380733
2.22765708
2.22154069
2.21545768
2.20938063
2.20336413
2.19738007
0.39111519
0.39230993
0.39351109
0.39471966
0.39593655
0.39716008
0.39839119
0.39963084
0.40087736
0.40213257
0.40339473
0.40466487
0.40594393
0.40723020
0.40852463
0.40982828
0.41113931
0.41245970
0.41378766
0.41512418
0.41647035
0.41782427
0.41918606
0.42055875
0.42193943
0.42333025
0.42472923
0.42613751
0.42755616
0.42898327
0.43041992
0.43186730
0.43332335
0.43479034
0.43626624
0.43775219
0.43924937
0.44075572
0.44227248
0.44380078
0.44533861
0.44688821
0.44844753
0.45001775
0.45160016
0.45319259
0.45479628
0.45641252
0.45803913
0.45967856
0.46132860
0.46299049
0.46466562
0.46635169
0.46805003
0.46976203
0.47148538
0.47322139
0.47497025
0.47673208
0.47850829
0.48029652
0.48209816
0.48391467
0.48574361
0.48758641
0.48944461
0.49131566
0.49320245
0.49510238
0.49701703
0.49894795
0.50089252
0.50285226
0.50482887
0.50681967
0.50882763
0.51085013
0.51288873
0.51494521
0.51701671
0.51910496
0.52121168
0.52333403
0.52547526
0.52763253
0.52980763
0.53200227
0.53421360
0.53644335
0.53869343
0.54096085
0.54324746
0.54555511
0.54788077
0.55022466
0.55259210
0.55497825
0.55738688
0.55981475
0.56226385
0.56473625
0.56722867
0.56974322
0.57228202
0.57484168
0.57742620
0.58003217
0.58266175
0.58531725
0.58799511
0.59069759
0.59342700
0.59617972
0.59896016
0.60176462
0.60459542
0.60745507
0.61033982
0.61325210
0.61619443
0.61916298
0.62216246
0.62518895
0.62824500
0.63133335
0.63444990
0.63759744
0.64077860
0.64392650
0.64677387
0.64948779
0.65167058
0.65377444
0.65536070
0.65695465
0.65804750
0.65910989
0.65990156
0.66049170
0.66105831
0.66119337
0.66133094
0.66141695
0.66144890
0.66142678
0.66188174
0.66474652
1.46712363
1.47529483
1.48355758
1.49191344
1.50036395
1.50891066
1.51756823
1.52631271
1.53515851
1.54410756
1.55316138
1.56232214
1.57159150
1.58097160
1.59046423
1.60008609
1.60981035
1.61965358
1.62961793
1.63970566
1.64991915
1.66026056
1.67073238
1.68133724
1.69207752
1.70297217
1.71399164
1.72515452
1.73646379
1.74792242
1.75953317
1.77129924
1.78322375
1.79530978
1.80757928
1.81999886
1.83259046
1.84535742
1.85830343
1.87143242
1.88474834
1.89825499
1.91195679
1.92585766
1.93998337
1.95429635
1.96882212
1.98356533
1.99853110
2.01372433
2.02915049
2.04481483
2.06072283
2.07690454
2.09331775
2.10999227
2.12693477
2.14415145
2.16164923
2.17943501
2.19751573
2.21589899
2.23459244
2.25363255
2.27297091
2.29264402
2.31266069
2.33302975
2.35376096
2.37483215
2.39631629
2.41819286
2.42184472
2.41461730
2.40743279
2.40025854
2.39315915
2.38610148
2.37908554
2.37211061
2.36520767
2.35831380
2.35142899
2.34461498
2.33784056
2.33110499
2.32440805
2.31774974
2.31112909
2.30451655
2.29797149
2.29146338
2.28499222
2.27855730
2.27215862
2.26579571
2.25943971
2.25314760
2.24689054
2.24066830
2.23448038
2.22832632
2.22220635
2.21609211
2.21003890
2.20401883
2.19803143
2.19207621
0.39201358
0.39321294
0.39442053
0.39563471
0.39685637
0.39808646
0.39932334
0.40056792
0.40182120
0.40308142
0.40435049
0.40562665
0.40691090
0.40820423
0.40950489
0.41081384
0.41213214
0.41345799
0.41479334
0.41613638
0.41748816
0.41884971
0.42021820
0.42159668
0.42298520
0.42438191
0.42578888
0.42720419
0.42862895
0.43006426
0.43150818
0.43296289
0.43442640
0.43589979
0.43738431
0.43887791
0.44038171
0.44189698
0.44342160
0.44495675
0.44650373
0.44806033
0.44962898
0.45120752
0.45279717
0.45439923
0.45601147
0.45763522
0.45927176
0.46091884
0.46257898
0.46424994
0.46593297
0.46762949
0.46933720
0.47105742
0.47279152
0.47453719
0.47629580
0.47806749
0.47985241
0.48165202
0.48346385
0.48528937
0.48713008
0.48898342
0.49085096
0.49273416
0.49463049
0.49654287
0.49846870
0.50040954
0.50236690
0.50433826
0.50632519
0.50832921
0.51034772
0.51238382
0.51443475
0.51650214
0.51858777
0.52068871
0.52280682
0.52494371
0.52709663
0.52926886
0.53145748
0.53366423
0.53589106
0.53813487
0.54039758
0.54268104
0.54498219
0.54730463
0.54964358
0.55200428
0.55438715
0.55678886
0.55921149
0.56165707
0.56412238
0.56660938
0.56912023
0.57165164
0.57420748
0.57678443
0.57938462
0.58201021
0.58465785
0.58732963
0.59002793
0.59274918
0.59549564
0.59826964
0.60106760
0.60389394
0.60674489
0.60962290
0.61253041
0.61546367
0.61842519
0.62141746
0.62443668
0.62748760
0.63056624
0.63367522
0.63681728
0.63998842
0.64319122
0.64613765
0.64900237
0.65132964
0.65352243
0.65528107
0.65687466
0.65819842
0.65925878
0.66025162
0.66084236
0.66143662
0.66173661
0.66187191
0.66200238
0.66203684
0.66206884
0.66221172
0.66366595
1.46511900
1.47326791
1.48150790
1.48984063
1.49826753
1.50679040
1.51541066
1.52413023
1.53296387
1.54188728
1.55091500
1.56004918
1.56929159
1.57864404
1.58810878
1.59768760
1.60738277
1.61719620
1.62714517
1.63720214
1.64738429
1.65769386
1.66813338
1.67870510
1.68941164
1.70025575
1.71123993
1.72236693
1.73365641
1.74507785
1.75665069
1.76837814
1.78026319
1.79230905
1.80451906
1.81689656
1.82944500
1.84218717
1.85508859
1.86817205
1.88144135
1.89490056
1.90855372
1.92240500
1.93645883
1.95071971
1.96521378
1.97990286
1.99481320
2.00994992
2.02531791
2.04092288
2.05677009
2.07286549
2.08921456
2.10582376
2.12272429
2.13987279
2.15730047
2.17501426
2.19302154
2.21132946
2.22994542
2.24887776
2.26813412
2.28775263
2.30768347
2.32796478
2.34860563
2.36958432
2.39097309
2.41275167
2.42263579
2.41540360
2.40818191
2.40103555
2.39393163
2.38686943
2.37984872
2.37286949
2.36596227
2.35903263
2.35217476
2.34535646
2.33857751
2.33183789
2.32513690
2.31847405
2.31181955
2.30523300
2.29868364
2.29217172
2.28569627
2.27925754
2.27285480
2.26645923
2.26012802
2.25383234
2.24757147
2.24134541
2.23515368
2.22899604
2.22284460
2.21675444
2.21069765
2.20467401
2.19868302
2.19272447
2.18679810
0.39291608
0.39412099
0.39533332
0.39655399
0.39778134
0.39901632
0.40025988
0.40151030
0.40276858
0.40403569
0.40530986
0.40659302
0.40788341
0.40918201
0.41048983
0.41180512
0.41312885
0.41446209
0.41580296
0.41715354
0.41851193
0.41987821
0.42125544
0.42264071
0.42403516
0.42543983
0.42685282
0.42827624
0.42970818
0.43114969
0.43260199
0.43406302
0.43553504
0.43701601
0.43850705
0.44000942
0.44152102
0.44304302
0.44457668
0.05972982
0.05947491
0.05937136
0.05926542
0.05987728
0.06059330
0.06132665
0.45723319
0.45886567
0.46050984
0.46216702
0.46383500
0.46551624
0.46720850
0.46891311
0.47063145
0.47236118
0.47410366
0.47585908
0.47762749
0.47941041
0.48120540
0.48301387
0.48483732
0.48667324
0.48852313
0.49038848
0.49226677
0.49416089
0.49606824
0.49799037
0.49992886
0.50188112
0.50384861
0.50583309
0.50783181
0.50984639
0.51187843
0.51392531
0.51599014
0.51807004
0.52016681
0.52228218
0.52441329
0.52656180
0.52872962
0.53091377
0.53311759
0.53533822
0.53757739
0.53983706
0.54211414
0.54441047
0.54672807
0.54906207
0.55141950
0.55379552
0.55619210
0.55861133
0.56104988
0.56350982
0.56599325
0.56849682
0.57102263
0.57357287
0.57614410
0.57874036
0.58135825
0.58399993
0.58666766
0.58935785
0.59207290
0.59481508
0.59758073
0.60037225
0.60319203
0.60603631
0.60890967
0.61180830
0.61473465
0.61769122
0.62067425
0.62368625
0.62672979
0.62980098
0.63290465
0.63603681
0.63920015
0.64239734
0.64549333
0.64835465
0.65097708
0.65317953
0.65520149
0.65679467
0.65834689
0.65941024
0.66047454
0.66119337
0.66178823
0.66228068
0.66241628
0.66255432
0.66262341
0.66265547
0.66269988
0.66341120
1.46310794
1.47124648
1.47946382
1.48777354
1.49617696
1.50467598
1.51327217
1.52196705
1.53076231
1.53965998
1.54866171
1.55778289
1.56699824
1.57632339
1.58576024
1.59531069
1.60497689
1.61476099
1.62466502
1.63469136
1.64485729
1.65513527
1.66554236
1.67608118
1.68675423
1.69756401
1.70851338
1.71960485
1.73084116
1.74222541
1.75377762
1.76546657
1.77731240
1.78931832
1.80148745
1.81382322
1.82632911
1.83900869
1.85186553
1.86492300
1.87814605
1.89155793
1.90516281
1.91896474
1.93296814
1.94717741
1.96159720
1.97623205
1.99108696
2.00618935
2.02149987
2.03704572
2.05283260
2.06886601
2.08515191
2.10169625
2.11850524
2.13558531
2.15296912
2.17061162
2.18854570
2.20677853
2.22531772
2.24417114
0.06137691
0.06064076
0.05992202
0.05925834
0.05935113
0.05944419
0.05953755
0.06041030
2.42342758
2.41615772
2.40896416
2.40181303
2.39470434
2.38763785
2.38061261
2.37362885
2.36665440
2.35978317
2.35292101
2.34609842
2.33931518
2.33257127
2.32586598
2.31916881
2.31254029
2.30594969
2.29939628
2.29288030
2.28640103
2.27995825
2.27352262
2.26715207
2.26081705
2.25451756
2.24825287
2.24202299
2.23582745
2.22963834
2.22351098
2.21741724
2.21135688
2.20532942
2.19933486
2.19337273
2.18741608
2.18151832
0.39382192
0.39503327
0.39625120
0.39747667
0.39871064
0.39995140
0.40119991
0.40245715
0.40372136
0.40499449
0.40627471
0.40756306
0.40886056
0.41016540
0.41147861
0.41280118
0.41413134
0.41547105
0.41681850
0.41817471
0.41953978
0.42091379
0.42229682
0.42368996
0.42509133
0.42650202
0.42792311
0.42935267
0.43079284
0.43224168
0.43370029
0.43516982
0.43664831
0.43813792
0.05922855
0.05906523
0.05896388
0.05886280
0.05875867
0.05865491
0.05855468
0.05851550
0.05917798
0.05987728
0.06059330
0.06132665
0.45846030
0.46010274
0.46175581
0.46342081
0.46509904
0.46678826
0.46849105
0.47020504
0.47193164
0.47367221
0.47542313
0.47718832
0.47896796
0.48075962
0.48256606
0.48438478
0.48621726
0.48806503
0.48992553
0.49180028
0.49369079
0.49559450
0.49751434
0.49944773
0.50139618
0.50336134
0.50534052
0.50733536
0.50934744
0.51137406
0.51341838
0.51547760
0.11927150
0.51964748
0.52175707
0.52388388
0.52602965
0.52819151
0.53037274
0.53257048
0.53478658
0.53702277
0.53927606
0.54154843
0.54384160
0.54615265
0.54848176
0.55083418
0.55320519
0.55559838
0.55801070
0.56044400
0.56290036
0.56537664
0.56787473
0.57039684
0.57293963
0.57550704
0.57809567
0.58070773
0.58334535
0.58600515
0.58868933
0.59140015
0.59413409
0.59689343
0.59968054
0.60249174
0.60533148
0.60819608
0.61108786
0.61400944
0.61695689
0.61993283
0.62293977
0.62597382
0.62903982
0.63213372
0.63525826
0.63841605
0.64160317
0.64482224
0.64769644
0.65057498
0.65277708
0.65499413
0.65666384
0.65829086
0.65955925
0.66062653
0.66154474
0.66214031
0.66273689
0.66296148
0.66309732
0.66321099
0.66324556
0.66327769
0.66354722
0.66539013
1.46921849
1.47741318
1.48569977
1.49409235
1.50256753
1.51113951
1.51980984
1.52858031
1.53745246
1.54642832
1.55550945
1.56469798
1.57400966
1.58341861
1.59294081
1.60257828
1.61233294
1.62220716
1.63220310
1.64232290
1.65256906
1.66294384
1.67346549
1.68410504
1.69488084
1.70579553
1.71685159
1.72805190
1.73939931
1.75089681
1.76254725
1.77437150
1.78633749
1.79846597
1.81076038
1.82322395
1.83586025
1.84867299
1.86166573
1.87484252
1.88820708
1.90178394
1.91553676
1.92948997
1.94364798
1.95801532
1.97259665
1.98739672
2.00242043
2.01767325
2.03318334
2.04891014
2.06488228
2.08110523
2.09758520
2.11432815
2.13134050
2.14862895
2.16620016
2.18406129
2.20224643
2.22070932
2.23948431
2.25857949
0.06137691
0.06064076
0.05992205
0.05922018
0.05853457
0.05854869
0.05862758
0.05871919
0.05881111
0.05890332
0.05905600
0.05924201
2.38840675
2.38137698
2.37435699
2.36740971
2.36053443
2.35366750
2.34684062
2.34005332
2.33330488
2.32656503
2.31989431
2.31326175
2.30666685
2.30010939
2.29358935
2.28710604
2.28063011
2.27421975
2.26784515
2.26150656
2.25520301
2.24893451
2.24270082
2.23650169
2.23030877
2.22417784
2.21808052
2.21201634
2.20598555
2.19998741
2.19399452
2.18806148
2.18216014
2.17629075
0.39473277
0.39594889
0.39717337
0.39840457
0.39964342
0.40089089
0.40214527
0.40340754
0.40467867
0.40595689
0.40724418
0.40853870
0.40984148
0.41115355
0.41247308
0.41380110
0.41513869
0.41648397
0.41783899
0.41920087
0.42057267
0.42195445
0.42334434
0.42474341
0.42615280
0.42757052
0.42899877
0.43043554
0.43188196
0.43333918
0.05908548
0.05886428
0.05863719
0.05841122
0.05832972
0.05829136
0.05825306
0.05821478
0.05817658
0.05813689
0.05809715
0.05849483
0.05917798
0.05987728
0.06059330
0.06132665
0.06207797
0.46134531
0.46300855
0.46468258
0.46637002
0.46806848
0.46977940
0.47150409
0.47324026
0.47498798
0.47675121
0.47852629
0.48031595
0.48211774
0.48393309
0.48576349
0.48760644
0.48946345
0.49133599
0.49322158
0.49512306
0.49703786
0.49896753
0.50091368
0.50287360
0.50484896
0.50684130
0.11807596
0.11789218
0.11770875
0.11752588
0.11734366
0.11716223
0.11698206
0.11730105
0.11794718
0.52765447
0.52983129
0.53202450
0.53423762
0.53646761
0.53871626
0.54098552
0.54327232
0.54557848
0.54790437
0.55025017
0.55261779
0.55500424
0.55741131
0.55984116
0.56229049
0.56476134
0.56725580
0.56977057
0.57230961
0.57486951
0.57745242
0.03323632
0.03316474
0.03320123
0.03320599
0.03321074
0.03321548
0.03322024
0.03322500
0.03322974
0.03323450
0.03323927
0.03324401
0.03324878
0.03325353
0.03325830
0.03326307
0.03326782
0.03327260
0.03327737
0.03328213
0.63763165
0.64081091
0.64402431
0.64703959
0.64991462
0.65237039
0.65458465
0.65648460
0.03328227
0.03327563
0.03326896
0.03326232
0.03325568
0.03324902
0.03324239
0.03323574
0.03322911
0.03322246
0.03321584
0.03320920
0.03320258
0.03319595
0.03318934
0.03318270
0.03317610
0.03316950
0.03316517
0.03324549
1.52640438
1.53525126
1.54420125
1.55325627
1.56241810
1.57168865
1.58106983
1.59056377
1.60018671
1.60991228
1.61975682
1.62972248
1.63981140
1.65002620
1.66036892
1.67084217
1.68144834
1.69220626
1.70308626
1.71410716
1.72527158
1.73658240
1.74804258
0.11871421
0.11844485
0.11862852
0.11881231
0.11899681
1.82012916
1.83272254
1.84549129
1.85843933
1.87157023
1.88488805
1.89839673
1.91210055
1.92602432
1.94013131
1.95444655
1.96897447
1.98372006
1.99868822
2.01388383
2.02931237
2.04497933
2.06088972
2.07707405
2.09348989
2.11016750
2.12711263
2.14433241
2.16183305
2.17962170
2.19770575
2.21609211
2.23481703
2.25383234
0.06213114
0.06137691
0.06064076
0.05992202
0.05922018
0.05853456
0.05809331
0.05812817
0.05816310
0.05819807
0.05823316
0.05826887
0.05832693
0.05842947
0.05861140
0.05879444
0.05897861
2.35441470
2.34758353
2.34079170
2.33403921
2.32729506
2.32062030
2.31398344
2.30738449
2.30082297
2.29429889
2.28781152
2.28133154
2.27491713
2.26853895
2.26219630
2.25588894
2.24961662
2.24337935
2.23714828
2.23097968
2.22484493
2.21874404
2.21267629
2.20664167
2.20063996
2.19464374
2.18870711
2.18280244
2.17692947
2.17108822
0.39564788
0.39686963
0.39809895
0.39933679
0.40058145
0.40183389
0.40309510
0.40436333
0.40564051
0.40692484
0.40821734
0.40951902
0.41082805
0.41214550
0.41347238
0.41480687
0.41615000
0.41750285
0.41886351
0.42023310
0.42161164
0.42299926
0.42439708
0.42580315
0.42721856
0.42864442
0.43007880
0.05872126
0.05850273
0.05828073
0.05814308
0.05806676
0.05798944
0.05791667
0.05787885
0.05784109
0.05780244
0.05776316
0.05772393
0.05768476
0.05782729
0.05849483
0.05917798
0.05987728
0.06059330
0.06132665
0.06207797
0.46259582
0.46426687
0.46595126
0.46764672
0.46935576
0.47107610
0.47280911
0.47455618
0.47631365
0.47808546
0.47987181
0.48167026
0.48348355
0.48530921
0.48714873
0.48900357
0.49087125
0.49275327
0.49465111
0.49656227
0.49848965
0.50043064
0.50238681
0.50435972
0.50634676
0.11618642
0.11600824
0.11583062
0.03219857
0.03114553
0.03071950
0.03030492
0.03007548
0.03008475
0.03009404
0.03010334
0.02967507
0.02959555
0.02951646
0.02981155
0.02936916
0.02936940
0.02936966
0.02936990
0.02937014
0.02937604
0.02938659
0.02939715
0.02940771
0.02941828
0.02942886
0.02943945
0.02945004
0.02946064
0.02947125
0.02948187
0.02950101
0.02952266
0.02954436
0.02954722
0.02952216
0.02949714
0.02947216
0.02944723
0.02942234
0.02939748
0.02943937
0.02948236
0.02952545
0.02956869
0.02961203
0.02965552
0.02969912
0.02974287
0.02978673
0.02983073
0.02987485
0.02991912
0.02996350
0.03002029
0.03007069
0.03004711
0.03000234
0.02995776
0.02991335
0.02986910
0.02982496
0.02978095
0.02973709
0.02969334
0.02964972
0.02960624
0.02956288
0.02951964
0.02947654
0.02943355
0.02939848
0.02940736
0.02941624
0.02942513
0.02943403
0.02944294
0.02945184
0.02946075
0.02946967
0.02947859
0.02948734
0.02949574
0.02950027
0.02948477
0.02946927
0.02945381
0.02943835
0.02942290
0.02940748
0.02939207
0.02937668
0.02937014
0.02936990
0.02936966
0.02936941
0.02944821
0.02983938
0.02950078
0.02957724
0.02965410
0.03010215
0.03009287
0.03008359
0.03007432
0.03035386
0.03098697
0.03189829
0.03286479
0.11728042
0.11746027
1.86830938
1.88158059
1.89504182
1.90869701
1.92255032
1.93660629
1.95086932
1.96536565
1.98005712
1.99496973
2.01010871
2.02547932
2.04108667
2.05693650
2.07303429
2.08938622
2.10602307
2.12290144
2.14005280
2.15748334
2.17520046
2.19321060
2.21152163
2.23014116
2.24907660
2.26833653
0.06213116
0.06137691
0.06064076
0.05992202
0.05922018
0.05853456
0.05786465
0.05767945
0.05771446
0.05774955
0.05778465
0.05781982
0.05786032
0.05792489
0.05798957
0.05805444
0.05811944
0.05818459
0.05844883
0.05874593
2.32802558
2.32134652
2.31470561
2.30810237
2.30153704
2.29500866
2.28848791
2.28203344
2.27561522
2.26923299
2.26288652
2.25657535
2.25029922
2.24402976
2.23782325
2.23165083
2.22551250
2.21940780
2.21333671
2.20729852
2.20126605
2.19529343
2.18935323
2.18344498
2.17756867
2.17172384
2.16591024
0.39656636
0.39779466
0.39902973
0.40027249
0.40152389
0.40278226
0.40404853
0.40532371
0.40660602
0.40789741
0.40919611
0.41050309
0.41181940
0.41314322
0.41447559
0.41581753
0.41716725
0.41852671
0.41989309
0.42126939
0.42265579
0.42405030
0.42545405
0.42686817
0.05863683
0.05825352
0.05797903
0.05790316
0.05782747
0.05775197
0.05767545
0.05759873
0.05752221
0.05747179
0.05744013
0.05742660
0.05741306
0.05739953
0.05738602
0.05737250
0.05782728
0.05849483
0.05917798
0.05987730
0.06059330
0.06132665
0.06207797
0.46385312
0.46553329
0.46722689
0.46893165
0.47064888
0.47237998
0.47412261
0.47587687
0.47764674
0.47942850
0.48122361
0.48303354
0.48485580
0.48669320
0.48854324
0.49040741
0.49228719
0.49418008
0.49608758
0.49801126
0.02996080
0.02958339
0.02935208
0.02922781
0.02916108
0.02908386
0.02898508
0.02888697
0.02879989
0.02872498
0.02865046
0.02857633
0.02850258
0.02842921
0.02835622
0.02828360
0.02821135
0.02880844
0.02948429
0.02808658
0.02807970
0.02807281
0.02806593
0.02805905
0.02805218
0.02804531
0.02805267
0.02806229
0.02807191
0.02808155
0.02809118
0.02810083
0.02811048
0.02812014
0.02812980
0.02814917
0.02816889
0.02818863
0.02820841
0.02822821
0.02824803
0.02826790
0.02828778
0.02830769
0.02832764
0.02834760
0.02836760
0.02838242
0.02835929
0.02833621
0.02831316
0.02829015
0.02826717
0.02824423
0.02822133
0.02819847
0.02817565
0.02815286
0.02813010
0.02810738
0.02808470
0.02806704
0.02805301
0.02803900
0.02802501
0.02801102
0.02799705
0.02798310
0.02797804
0.02798609
0.02799414
0.02800219
0.02801025
0.02801830
0.02802637
0.02803444
0.02804252
0.02805060
0.02805868
0.02806677
0.02807486
0.02808296
0.02809107
0.02809917
0.02810728
0.02811540
0.02812352
0.02813156
0.02813922
0.02814688
0.02815454
0.02816222
0.02816988
0.02817756
0.02818524
0.02819293
0.02818303
0.02816888
0.02815475
0.02814062
0.02812651
0.02811242
0.02809833
0.02939056
0.02871297
0.02806591
0.02813461
0.02820414
0.02827403
0.02834426
0.02841483
0.02850496
0.02859960
0.02869488
0.02879079
0.02888735
0.02898456
0.02911172
0.02931258
0.02951622
0.02996884
0.03019492
1.96174848
1.97638559
1.99126518
2.00634766
2.02166057
2.03720903
2.05299830
2.06903434
2.08532310
2.10187006
2.11868191
2.13576460
2.15315127
2.17079687
2.18873405
2.20696998
2.22551250
2.24436927
2.26354837
2.28305793
0.06213116
0.06137691
0.06064076
0.05992202
0.05922018
0.05853456
0.05786463
0.05737174
0.05738389
0.05739605
0.05740819
0.05742036
0.05743253
0.05746509
0.05752920
0.05759348
0.05765787
0.05772242
0.05779590
0.05789359
0.05798895
0.05824553
0.05853852
2.30225134
2.29568958
2.28919435
2.28273582
2.27631354
2.26992750
2.26357698
2.25726199
2.25095367
2.24470901
2.23849869
2.23232269
2.22618055
2.22007227
2.21399736
2.20792818
2.20191956
2.19594336
2.18999958
2.18408799
2.17820811
2.17235994
2.16651654
2.16073084
0.39748999
0.39872316
0.39996490
0.40121347
0.40246987
0.40373510
0.40500736
0.40628862
0.40757707
0.40887371
0.41017959
0.41149285
0.41281459
0.41414580
0.41548464
0.41683215
0.41818944
0.41955361
0.42092872
0.42231184
0.42370409
0.05860208
0.05822855
0.05784936
0.05769027
0.05759398
0.05751526
0.05744058
0.05736479
0.05728891
0.05723724
0.05720973
0.05718878
0.05717802
0.05716727
0.05715525
0.05714186
0.05712845
0.05711505
0.05717476
0.05782728
0.05849483
0.05913746
0.05986344
0.06059330
0.06132665
0.06207797
0.46511605
0.46680662
0.46850830
0.47022367
0.47195041
0.47368985
0.47544217
0.47720751
0.47898600
0.48077908
0.48258436
0.48440456
0.48623720
0.02989220
0.02990133
0.02932249
0.02909304
0.02886714
0.02864473
0.02843649
0.02823186
0.02808514
0.02802352
0.02794108
0.02784990
0.02775931
0.02766931
0.02757990
0.02749106
0.02740279
0.02731508
0.02722793
0.02714960
0.02708303
0.02701678
0.02754560
0.02816287
0.02697346
0.02696711
0.02696076
0.02695441
0.02694807
0.02694173
0.02693539
0.02692906
0.02692273
0.02691639
0.02691007
0.02690375
0.02689744
0.02689111
0.02688480
0.02688748
0.02689779
0.02691580
0.02693382
0.02695188
0.02696995
0.02698806
0.02700618
0.02702432
0.02704250
0.02706070
0.02707892
0.02709717
0.02711544
0.02713373
0.02715206
0.02717040
0.02718877
0.02720716
0.02722559
0.02724403
0.02726250
0.02728100
0.02729952
0.02728458
0.02726321
0.02724186
0.02722056
0.02719929
0.02718277
0.02716961
0.02715647
0.02714334
0.02713022
0.02711711
0.02710403
0.02709095
0.02707788
0.02706483
0.02705178
0.02703876
0.02702574
0.02701274
0.02699975
0.02698677
0.02697381
0.02696085
0.02694791
0.02693498
0.02692206
0.02690916
0.02689627
0.02688339
0.02687271
0.02688013
0.02688756
0.02689498
0.02690198
0.02690898
0.02691599
0.02692299
0.02693000
0.02693702
0.02694404
0.02695107
0.02695809
0.02696512
0.02697216
0.02697919
0.02698624
0.02699328
0.02699138
0.02697839
0.02806591
0.02744737
0.02702736
0.02706346
0.02709967
0.02717432
0.02726033
0.02734688
0.02743398
0.02752164
0.02760985
0.02769864
0.02778799
0.02787793
0.02797526
0.02816069
0.02834859
0.02853901
0.02873201
0.02892764
0.02912595
0.02932699
0.02953084
2.06504989
2.08127546
2.09775805
2.11450386
2.13151932
2.14881063
2.16638470
2.18427563
2.20243716
2.22090316
2.23968148
2.25878024
2.27820730
2.29797149
0.06213116
0.06137691
0.06064076
0.05991339
0.05915892
0.05853456
0.05786463
0.05720986
0.05711388
0.05712590
0.05713795
0.05714897
0.05715945
0.05716986
0.05718509
0.05721191
0.05723873
0.05726773
0.05733142
0.05742049
0.05751760
0.05761303
0.05770750
0.05780226
0.05812153
0.05855724
2.27701235
2.27062249
2.26426816
2.25792050
2.25163722
2.24538851
2.23917437
2.23299479
2.22684908
2.22073698
2.21463084
2.20858574
2.20257330
2.19659376
2.19064641
2.18473125
2.17884803
2.17296982
2.16714978
2.16136050
2.15560222
0.39841792
0.39965686
0.40090352
0.40215892
0.40342125
0.40469155
0.40597078
0.40725723
0.40855277
0.40985563
0.41116685
0.41248742
0.41381556
0.41515225
0.41649860
0.41785273
0.41921568
0.42058757
0.42196846
0.05819427
0.05782559
0.05756503
0.05741825
0.05731643
0.05722136
0.05713250
0.05707061
0.05703100
0.05700151
0.05697434
0.05694722
0.05692244
0.05691183
0.05690116
0.05689052
0.05687989
0.05686924
0.05685861
0.05866241
0.05717478
0.05782728
0.05849483
0.05865213
0.05863928
0.05863874
0.05863820
0.05863766
0.05863712
0.05863658
0.05863604
0.05861839
0.05860764
0.05859965
0.05859168
0.05858372
0.02930128
0.02906873
0.02884069
0.02861868
0.02840007
0.02818477
0.02797271
0.02777150
0.02757629
0.02738381
0.02719400
0.02702845
0.02696968
0.02688472
0.02680029
0.02671639
0.02663302
0.02655016
0.02646782
0.02638600
0.02630467
0.02622384
0.02619200
0.02616305
0.02613416
0.02638883
0.02695481
0.02754560
0.02605145
0.02605264
0.02605421
0.02605578
0.02605734
0.02605891
0.02606048
0.02606204
0.02606361
0.02606518
0.02606674
0.02606832
0.02606988
0.02607145
0.02607302
0.02607459
0.02607616
0.02607794
0.02607974
0.02608153
0.02609096
0.02610246
0.02611398
0.02612549
0.02613702
0.02614856
0.02616011
0.02617167
0.02618324
0.02619483
0.02620642
0.02621802
0.02622963
0.02624125
0.02625288
0.02626453
0.02627618
0.02628785
0.02629952
0.02631121
0.02632290
0.02633461
0.02634632
0.02635804
0.02636106
0.02636185
0.02635592
0.02634420
0.02633248
0.02632078
0.02630908
0.02629740
0.02628572
0.02627406
0.02626241
0.02625076
0.02623913
0.02622751
0.02621590
0.02620429
0.02619270
0.02618112
0.02616955
0.02615799
0.02614644
0.02613489
0.02612336
0.02611184
0.02610034
0.02608884
0.02608120
0.02607940
0.02607762
0.02607595
0.02607486
0.02607377
0.02607268
0.02607114
0.02606951
0.02606789
0.02606627
0.02606465
0.02606302
0.02606140
0.02605979
0.02605816
0.02605654
0.02605492
0.02605330
0.02605168
0.02744737
0.02685552
0.02628865
0.02622695
0.02626096
0.02629505
0.02632922
0.02636349
0.02639784
0.02644056
0.02652197
0.02660389
0.02668631
0.02676925
0.02685271
0.02693668
0.02709592
0.02726982
0.02744599
0.02762444
0.02780522
0.02798839
0.02817400
0.02837011
0.02857427
0.02878139
0.02900192
0.02946489
0.05859599
0.05860659
0.05861443
0.05861526
0.05861609
0.05861692
0.05861775
0.05861860
0.05861941
0.05862026
0.05862107
0.05862178
0.05864548
0.05853456
0.05786615
0.05721014
0.05866243
0.05685754
0.05686792
0.05687829
0.05688869
0.05689907
0.05690920
0.05692001
0.05694658
0.05697336
0.05700061
0.05702782
0.05706234
0.05714580
0.05724195
0.05733519
0.05742558
0.05753015
0.05778648
0.05820909
2.25860810
2.25232077
2.24606848
2.23985076
2.23366714
2.22751784
2.22137427
2.21529245
2.20924354
2.20322776
2.19724441
2.19129372
2.18537498
2.17946172
2.17360663
2.16778302
2.16199064
2.15622902
2.15049791
0.39934933
0.40059498
0.40184751
0.40310788
0.40437713
0.40565345
0.40693787
0.40823138
0.40953219
0.41084230
0.41215983
0.41348583
0.41482139
0.41616461
0.41751656
0.41887829
0.42024699
0.05786916
0.05744944
0.05729859
0.05715424
0.05704155
0.05695808
0.05688280
0.05682833
0.05678517
0.05675597
0.05672679
0.05669763
0.05666850
0.05663894
0.05662012
0.05283711
0.05266896
0.05249143
0.05229699
0.05210396
0.05191239
0.05171929
0.05163426
0.05154952
0.05146504
0.05138086
0.05129693
0.05121331
0.05112993
0.05104683
0.05096399
0.05089600
0.05083350
0.02938740
0.02897429
0.02850949
0.02816296
0.02794806
0.02773934
0.02753391
0.02733150
0.02713691
0.02695049
0.02676661
0.02658522
0.02640628
0.02622973
0.02605553
0.02598420
0.02590532
0.02582693
0.02574900
0.02568098
0.02565315
0.02562538
0.02559767
0.02557002
0.02554243
0.02551490
0.02548743
0.02546002
0.02543266
0.02584613
0.02638883
0.02535402
0.02535499
0.02535596
0.02535694
0.02535791
0.02535888
0.02536012
0.02536161
0.02536310
0.02536458
0.02536607
0.02536755
0.02536903
0.02537052
0.02537200
0.02537348
0.02537497
0.02537646
0.02537810
0.02537980
0.02538150
0.02538319
0.02538488
0.02538658
0.02538828
0.02539518
0.02540607
0.02541698
0.02542789
0.02543882
0.02544975
0.02546069
0.02547164
0.02548260
0.02549357
0.02550455
0.02551554
0.02552654
0.02553754
0.02169083
0.02170344
0.02171608
0.02172873
0.02174139
0.02175407
0.02176676
0.02177554
0.02177043
0.02175846
0.02174649
0.02173454
0.02172261
0.02171068
0.02169877
0.02168687
0.02194135
0.02552441
0.02551341
0.02550242
0.02549145
0.02548048
0.02546951
0.02545856
0.02544762
0.02543669
0.02542577
0.02541485
0.02540394
0.02539305
0.02538795
0.02538625
0.02538455
0.02538286
0.02538116
0.02537946
0.02537777
0.02537635
0.02537531
0.02537429
0.02537326
0.02537223
0.02537120
0.02537017
0.02536914
0.02536760
0.02536607
0.02536454
0.02536300
0.02536147
0.02535993
0.02535839
0.02535686
0.02535532
0.02685552
0.02628865
0.02574521
0.02544060
0.02547260
0.02550466
0.02553682
0.02556905
0.02560137
0.02563377
0.02566624
0.02569881
0.02573145
0.02576418
0.02582256
0.02590021
0.02597832
0.02610872
0.02627016
0.02643360
0.02660223
0.02678167
0.02696353
0.02714788
0.02733477
0.02752426
0.02771639
0.02790890
0.02823973
0.02867850
0.02913110
0.02979125
0.05079770
0.05087948
0.05096165
0.05104445
0.05112752
0.05121086
0.05129446
0.05137835
0.05146251
0.05154695
0.05163167
0.05171666
0.05182581
0.05193550
0.05206318
0.05231528
0.05256981
0.05282725
0.05661931
0.05663727
0.05666482
0.05669236
0.05671996
0.05674759
0.05678130
0.05682563
0.05688051
0.05696561
0.05704890
0.05713927
0.05728080
0.05746377
0.05787965
2.24052739
2.23434019
2.22815919
2.22203994
2.21595430
2.20990181
2.20388246
2.19789553
2.19194126
2.18601918
2.18010235
2.17424393
2.16841698
2.16262102
2.15685606
2.15112162
2.14541793
0.40028599
0.40153658
0.40279591
0.40406227
0.40533662
0.40661997
0.40791050
0.40921021
0.41051731
0.05271585
0.05260555
0.05249571
0.05234932
0.05220359
0.05206399
0.05196449
0.05186535
0.05176658
0.05166819
0.05157017
0.05147254
0.05137527
0.05127837
0.05118184
0.05108566
0.05098985
0.05039287
0.05032610
0.05025953
0.05019312
0.05012688
0.05006082
0.04999495
0.04992924
0.04986370
0.04979834
0.04973315
0.04966813
0.04961634
0.04956855
0.04952083
0.04947322
0.04942571
0.04937827
0.04933093
0.02974248
0.02910889
0.02870352
0.02830928
0.02784541
0.02738131
0.02710977
0.02691243
0.02671902
0.02653067
0.02635246
0.02617662
0.02600312
0.02583190
0.02566292
0.02549614
0.02533151
0.02519726
0.02513728
0.02510925
0.02508262
0.02505604
0.02502953
0.02500306
0.02497666
0.02495031
0.02492401
0.02489777
0.02487158
0.02484546
0.02481939
0.02479337
0.02482505
0.02532530
0.02584613
0.02469387
0.02469480
0.02469572
0.02469664
0.02469757
0.02469849
0.02469941
0.02470034
0.02470126
0.02470218
0.02470346
0.02470488
0.02470628
0.02470769
0.02470910
0.02471051
0.02471191
0.02471333
0.02471484
0.02471645
0.02471806
0.02471967
0.02472128
0.02472288
0.02472449
0.02472610
0.02472771
0.02472932
0.02473093
0.02473555
0.02156844
0.02158123
0.02159379
0.02160636
0.02161894
0.02163154
0.02164412
0.02165668
0.02166926
0.02168185
0.02169446
0.02170708
0.02171972
0.02173237
0.02174504
0.02175772
0.02176527
0.02177218
0.02176707
0.02175510
0.02174314
0.02173119
0.02171926
0.02170734
0.02169543
0.02168354
0.02167166
0.02165979
0.02164794
0.02163610
0.02162424
0.02161237
0.02160051
0.02158867
0.02157685
0.02474376
0.02473342
0.02473060
0.02472899
0.02472737
0.02472577
0.02472416
0.02472255
0.02472094
0.02471933
0.02471772
0.02471611
0.02471450
0.02471330
0.02471233
0.02471135
0.02471037
0.02470940
0.02470842
0.02470744
0.02470647
0.02470550
0.02470452
0.02470354
0.02470250
0.02470104
0.02469959
0.02469813
0.02469668
0.02469522
0.02469376
0.02574521
0.02522379
0.02472307
0.02472942
0.02475969
0.02479004
0.02482046
0.02485096
0.02488153
0.02491218
0.02494290
0.02497370
0.02500457
0.02503552
0.02506888
0.02510818
0.02514762
0.02521631
0.02536166
0.02552470
0.02568984
0.02585713
0.02602661
0.02619834
0.02637235
0.02654867
0.02672737
0.02690850
0.02711240
0.02751657
0.02793299
0.02836219
0.02880481
0.02926144
0.04928260
0.04932984
0.04937716
0.04942458
0.04947208
0.04951969
0.04956737
0.04961516
0.04966444
0.04971924
0.04977417
0.04982920
0.04988436
0.04993964
0.04999506
0.05006332
0.05014274
0.05022242
0.05030235
0.05038254
0.05098871
0.05108380
0.05117925
0.05127505
0.05137120
0.05146774
0.05156462
0.05166188
0.05175949
0.05185749
0.05195585
0.05205458
0.05219003
0.05233605
0.05248286
0.05259724
0.05270876
2.18663692
2.18074322
2.17488146
2.16905093
2.16325188
2.15748334
2.15174580
2.14601278
2.14033580
0.05058394
0.05052857
0.05047333
0.05041819
0.05036318
0.05030828
0.05025163
0.05019138
0.05013128
0.05007131
0.05001150
0.04995182
0.04989232
0.04983629
0.04978642
0.04973665
0.04968697
0.04963740
0.04958795
0.04953857
0.04948929
0.04944011
0.04901188
0.04896668
0.04892653
0.04888644
0.04884641
0.04880646
0.04876658
0.04872676
0.04868700
0.04864729
0.04860767
0.04856810
0.04852861
0.04848917
0.04844980
0.04841050
0.04837126
0.04833208
0.04829295
0.04825390
0.02883634
0.02843776
0.02805075
0.02766990
0.02721158
0.02676819
0.02633903
0.02613339
0.02595098
0.02578039
0.02561208
0.02544596
0.02528198
0.02516475
0.02506808
0.02497216
0.02487696
0.02478249
0.02468873
0.02463345
0.02458400
0.02453813
0.02449422
0.02445047
0.02440687
0.02436342
0.02433455
0.02430955
0.02428459
0.02425967
0.02423481
0.02421000
0.02418524
0.02416054
0.02434417
0.02482505
0.02532530
0.02406725
0.02406812
0.02406900
0.02406987
0.02407075
0.02407163
0.02407250
0.02407338
0.02407426
0.02407514
0.02407601
0.02407689
0.02407777
0.02407864
0.02407996
0.02408130
0.02408263
0.02408397
0.02408537
0.02408690
0.02408842
0.02408995
0.02409148
0.02409301
0.02409453
0.02409606
0.02409759
0.02409912
0.02146133
0.02149757
0.02153393
0.02156330
0.02158376
0.02159737
0.02160994
0.02162253
0.02163513
0.02164773
0.02166030
0.02167288
0.02168548
0.02169809
0.02171072
0.02172336
0.02173602
0.02174811
0.02175501
0.02176191
0.02176882
0.02176372
0.02175175
0.02173979
0.02172785
0.02171592
0.02170400
0.02169210
0.02168021
0.02166833
0.02165647
0.02164463
0.02163279
0.02162092
0.02160906
0.02159721
0.02158537
0.02157355
0.02155644
0.02152123
0.02148614
0.02145116
0.02409878
0.02409725
0.02409573
0.02409419
0.02409267
0.02409113
0.02408961
0.02408808
0.02408655
0.02408502
0.02408403
0.02408311
0.02408217
0.02408125
0.02408032
0.02407939
0.02407847
0.02407754
0.02407661
0.02407569
0.02407476
0.02407384
0.02407290
0.02407198
0.02407106
0.02407000
0.02406862
0.02406723
0.02522379
0.02472307
0.02424184
0.02410129
0.02413762
0.02417405
0.02421059
0.02424725
0.02428402
0.02432089
0.02435789
0.02439499
0.02443221
0.02446954
0.02450697
0.02454454
0.02458221
0.02464476
0.02471440
0.02480539
0.02489904
0.02499341
0.02508849
0.02518430
0.02531298
0.02547538
0.02563988
0.02580653
0.02597535
0.02614639
0.02644514
0.02682954
0.02722526
0.02763283
0.02807729
0.02854116
0.02898009
0.04816498
0.04820081
0.04823670
0.04827449
0.04831988
0.04836534
0.04841089
0.04845652
0.04850223
0.04854804
0.04859392
0.04863990
0.04868597
0.04873213
0.04877836
0.04882469
0.04887112
0.04891761
0.04896421
0.04901084
0.04943717
0.04948611
0.04953515
0.04958428
0.04963352
0.04968285
0.04973228
0.04978181
0.04983144
0.04988660
0.04994643
0.05000640
0.05006653
0.05012678
0.05018719
0.05024774
0.05030568
0.05036099
0.05041642
0.05047195
0.05052763
0.05058341
0.04904227
0.04899397
0.04894577
0.04889767
0.04884966
0.04880174
0.04875391
0.04870618
0.04865854
0.04861100
0.04856355
0.04851620
0.04846894
0.04842177
0.04837469
0.04832770
0.04828079
0.04823398
0.04818726
0.04783645
0.04779924
0.04776553
0.04773187
0.04769827
0.04766471
0.04763119
0.04759771
0.04756430
0.04753093
0.04749759
0.04746431
0.04743109
0.04739789
0.04736475
0.04733165
0.04729861
0.04726561
0.04723265
0.02931211
0.02840056
0.02779689
0.02742701
0.02704393
0.02660595
0.02618193
0.02577121
0.02539819
0.02523263
0.02513232
0.02503590
0.02494022
0.02484526
0.02475104
0.02465752
0.02456470
0.02447258
0.02438114
0.02429040
0.02420091
0.02415231
0.02410439
0.02405703
0.02400987
0.02396689
0.02392499
0.02388325
0.02384164
0.02380018
0.02375887
0.02371770
0.02367667
0.02363578
0.02360624
0.02358270
0.02355921
0.02388158
0.02434417
0.02482505
0.02349923
0.02349669
0.02349415
0.02349161
0.02348907
0.02348653
0.02348399
0.02348145
0.02347892
0.02347913
0.02347997
0.02348080
0.02348163
0.02348247
0.02348330
0.02348414
0.02348497
0.02348588
0.02348716
0.02348862
0.02349007
0.02349152
0.02349297
0.02349443
0.02349588
0.02349733
0.02135425
0.02139013
0.02142612
0.02146224
0.02149849
0.02153485
0.02155816
0.02157861
0.02159911
0.02161353
0.02162612
0.02163873
0.02165135
0.02166392
0.02167650
0.02168911
0.02170173
0.02171436
0.02172700
0.02173787
0.02174476
0.02175166
0.02175856
0.02176546
0.02176036
0.02174840
0.02173644
0.02172451
0.02171258
0.02170066
0.02168877
0.02167688
0.02166502
0.02165316
0.02164132
0.02162948
0.02161761
0.02160574
0.02159390
0.02158207
0.02157025
0.02155321
0.02151801
0.02148293
0.02144796
0.02141310
0.02137836
0.02134372
0.02349699
0.02349554
0.02349408
0.02349263
0.02349118
0.02348972
0.02348827
0.02348689
0.02348601
0.02348512
0.02348424
0.02348336
0.02348248
0.02348160
0.02348072
0.02347983
0.02347895
0.02347949
0.02348203
0.02348456
0.02348710
0.02348964
0.02349218
0.02349472
0.02349726
0.02349981
0.02472307
0.02424184
0.02377899
0.02360310
0.02362430
0.02365112
0.02368610
0.02372118
0.02375637
0.02379167
0.02382706
0.02386256
0.02389817
0.02393388
0.02396971
0.02400563
0.02404167
0.02410699
0.02417357
0.02424058
0.02431765
0.02440765
0.02449832
0.02458965
0.02468168
0.02477440
0.02486782
0.02496194
0.02505678
0.02515235
0.02526448
0.02545403
0.02582085
0.02621263
0.02661649
0.02703299
0.02746274
0.02790637
0.02830035
0.02966973
0.04723216
0.04726510
0.04729808
0.04733111
0.04736419
0.04739732
0.04743049
0.04746370
0.04749697
0.04753028
0.04756363
0.04759704
0.04763049
0.04766399
0.04769753
0.04773112
0.04776476
0.04779844
0.04783476
0.04819253
0.04823904
0.04828564
0.04833231
0.04837910
0.04842596
0.04847293
0.04851995
0.04856711
0.04861433
0.04866167
0.04870908
0.04875660
0.04880419
0.04885190
0.04889967
0.04894757
0.04899553
0.04904362
0.04779585
0.04776057
0.04772534
0.04769017
0.04765505
0.04761996
0.04758494
0.04755232
0.04752098
0.04748967
0.04745840
0.04742718
0.04739600
0.04736486
0.04733377
0.04730271
0.04729627
0.04690137
0.04687615
0.04685095
0.04682579
0.04680065
0.04677553
0.04675046
0.04672486
0.04669771
0.04667060
0.04664351
0.04661646
0.04658945
0.04656246
0.04653550
0.04650857
0.04648168
0.04645481
0.02896903
0.02816813
0.02718427
0.02683040
0.02644567
0.02602669
0.02562080
0.02522735
0.02502662
0.02484922
0.02471967
0.02462638
0.02453380
0.02444191
0.02435071
0.02426019
0.02417033
0.02408114
0.02399260
0.02390472
0.02381747
0.02373645
0.02368970
0.02364314
0.02359758
0.02355218
0.02350698
0.02346194
0.02342163
0.02338162
0.02334175
0.02330201
0.02326240
0.02322293
0.02318360
0.02314439
0.02310532
0.02306638
0.02303849
0.02343624
0.02388158
0.02434417
0.02304015
0.02303313
0.02302659
0.02302410
0.02302161
0.02301912
0.02301663
0.02301414
0.02301165
0.02300916
0.02300667
0.02300418
0.02300169
0.02299920
0.02299672
0.02299423
0.02299175
0.02298926
0.02298574
0.02298336
0.02298444
0.02298568
0.02298692
0.02121303
0.02124843
0.02128395
0.02131952
0.02135516
0.02139104
0.02142704
0.02146316
0.02149940
0.02153249
0.02155302
0.02157347
0.02159396
0.02161448
0.02162971
0.02164233
0.02165495
0.02166754
0.02168013
0.02169274
0.02170536
0.02171800
0.02172763
0.02173452
0.02174141
0.02174831
0.02175520
0.02176211
0.02175701
0.02174505
0.02173310
0.02172116
0.02170924
0.02169733
0.02168544
0.02167356
0.02166170
0.02164984
0.02163801
0.02162616
0.02161429
0.02160244
0.02159059
0.02157877
0.02156695
0.02154998
0.02151480
0.02147972
0.02144476
0.02140992
0.02137518
0.02134059
0.02130612
0.02127176
0.02123751
0.02298787
0.02298663
0.02298539
0.02298414
0.02298355
0.02298582
0.02298832
0.02299081
0.02299331
0.02299581
0.02299831
0.02300081
0.02300330
0.02300581
0.02300830
0.02301081
0.02301331
0.02301581
0.02301831
0.02302081
0.02302395
0.02302753
0.02303504
0.02303859
0.02424184
0.02377899
0.02333348
0.02312512
0.02314547
0.02316586
0.02318628
0.02321746
0.02325117
0.02328497
0.02331888
0.02335288
0.02338698
0.02342119
0.02345549
0.02348989
0.02352884
0.02359219
0.02365591
0.02372006
0.02378457
0.02384943
0.02393526
0.02402245
0.02411027
0.02419874
0.02428786
0.02437764
0.02446809
0.02455920
0.02465101
0.02474349
0.02488463
0.02506850
0.02530019
0.02567623
0.02606361
0.02646285
0.02687452
0.02729003
0.02796961
0.02902116
0.04644382
0.04647033
0.04649689
0.04652348
0.04655010
0.04657675
0.04660341
0.04663012
0.04665685
0.04668362
0.04671043
0.04673726
0.04676413
0.04679103
0.04681794
0.04684490
0.04687188
0.04689890
0.04729990
0.04730240
0.04733344
0.04736454
0.04739567
0.04742684
0.04745806
0.04748931
0.04752061
0.04755195
0.04758452
0.04761955
0.04765464
0.04768977
0.04772496
0.04776020
0.04779549
0.04683304
0.04680264
0.04677228
0.04674195
0.04671167
0.04668142
0.04665121
0.04662105
0.04659092
0.04656083
0.04653078
0.04650077
0.04647079
0.04644085
0.04657511
0.04614378
0.04611748
0.04609121
0.04606496
0.04603875
0.04601257
0.04598643
0.04596031
0.04593422
0.04590815
0.04588212
0.04585612
0.04583014
0.04580420
0.04577828
0.04575239
0.04572654
0.02863389
0.02788602
0.02664605
0.02625920
0.02587329
0.02547213
0.02514502
0.02495049
0.02475896
0.02457034
0.02440624
0.02428045
0.02415564
0.02405144
0.02396312
0.02387545
0.02378842
0.02370201
0.02361625
0.02353108
0.02344655
0.02336260
0.02328948
0.02324447
0.02319964
0.02315533
0.02311163
0.02306810
0.02302472
0.02298151
0.02293901
0.02290063
0.02286238
0.02282426
0.02278626
0.02274839
0.02271064
0.02267302
0.02263552
0.02261332
0.02259886
0.02300719
0.02343624
0.02388158
0.02259757
0.02259755
0.02259752
0.02258694
0.02257894
0.02257115
0.02256494
0.02256179
0.02255940
0.02255701
0.02255462
0.02255222
0.02254984
0.02254744
0.02254505
0.02254267
0.02254028
0.02253789
0.02253323
0.02252892
0.02252780
0.02110858
0.02114364
0.02117882
0.02121411
0.02124952
0.02128501
0.02132050
0.02135612
0.02139194
0.02142795
0.02146407
0.02150032
0.02152736
0.02154788
0.02156832
0.02158880
0.02160932
0.02162988
0.02164592
0.02165855
0.02167116
0.02168376
0.02169637
0.02170900
0.02171741
0.02172429
0.02173118
0.02173806
0.02174496
0.02175185
0.02175875
0.02175365
0.02174170
0.02172975
0.02171782
0.02170590
0.02169400
0.02168212
0.02167024
0.02165838
0.02164653
0.02163470
0.02162284
0.02161098
0.02159913
0.02158729
0.02157547
0.02156366
0.02154675
0.02151158
0.02147651
0.02144156
0.02140673
0.02137204
0.02133747
0.02130301
0.02126866
0.02123442
0.02120030
0.02116628
0.02113237
0.02109857
0.02252799
0.02252985
0.02253249
0.02253489
0.02253729
0.02253969
0.02254209
0.02254449
0.02254689
0.02254929
0.02255245
0.02255562
0.02255879
0.02256196
0.02256644
0.02257306
0.02258085
0.02258726
0.02259020
0.02259316
0.02259611
0.02377899
0.02333348
0.02290436
0.02266612
0.02268567
0.02270525
0.02272487
0.02274452
0.02276701
0.02279942
0.02283192
0.02286451
0.02289721
0.02292999
0.02296287
0.02299584
0.02303818
0.02309891
0.02315998
0.02322144
0.02328326
0.02334540
0.02340789
0.02348082
0.02356472
0.02364923
0.02373433
0.02382006
0.02390641
0.02399339
0.02408100
0.02416925
0.02429497
0.02445056
0.02462005
0.02480528
0.02499332
0.02518423
0.02553321
0.02591627
0.02631097
0.02670213
0.02765891
0.02868680
0.04572644
0.04575229
0.04577816
0.04580408
0.04583002
0.04585600
0.04588199
0.04590801
0.04593407
0.04596017
0.04598629
0.04601242
0.04603859
0.04606480
0.04609104
0.04611730
0.04614360
0.04657730
0.04644068
0.04647061
0.04650057
0.04653059
0.04656062
0.04659071
0.04662083
0.04665098
0.04668119
0.04671143
0.04674171
0.04677203
0.04680239
0.04683279
0.04592658
0.04590214
0.04587773
0.04585335
0.04582899
0.04580466
0.04578035
0.04575606
0.04573182
0.04570760
0.04568339
0.04565921
0.04587559
0.04541247
0.04538701
0.04536156
0.04533615
0.04531076
0.04528540
0.04526006
0.04523476
0.04520949
0.04518424
0.04515902
0.04513382
0.04510865
0.04508352
0.04505841
0.02907430
0.02830640
0.02757533
0.02644134
0.02571181
0.02532518
0.02506818
0.02487484
0.02468445
0.02449696
0.02431230
0.02413039
0.02397877
0.02385757
0.02373706
0.02361777
0.02350273
0.02341839
0.02333466
0.02325152
0.02316896
0.02308699
0.02300561
0.02292479
0.02285904
0.02281568
0.02277248
0.02272945
0.02268726
0.02264530
0.02260350
0.02256186
0.02252036
0.02247902
0.02243904
0.02240231
0.02236570
0.02232922
0.02229285
0.02225659
0.02222046
0.02220355
0.02218961
0.02219458
0.02259358
0.02300719
0.02343624
0.02217167
0.02217165
0.02217162
0.02217160
0.02217158
0.02215934
0.02214981
0.02214231
0.02213482
0.02212780
0.02212196
0.02211769
0.02211539
0.02211309
0.02211079
0.02210850
0.02210620
0.02210272
0.02209819
0.02100517
0.02103988
0.02107471
0.02110965
0.02114472
0.02117989
0.02121519
0.02125060
0.02128598
0.02132148
0.02135710
0.02139286
0.02142886
0.02146499
0.02150124
0.02152224
0.02154275
0.02156318
0.02158365
0.02160416
0.02162471
0.02164529
0.02166216
0.02167479
0.02168739
0.02170000
0.02170720
0.02171407
0.02172095
0.02172783
0.02173472
0.02174161
0.02174850
0.02175540
0.02175030
0.02173835
0.02172641
0.02171449
0.02170257
0.02169068
0.02167879
0.02166693
0.02165507
0.02164322
0.02163139
0.02161953
0.02160767
0.02159582
0.02158399
0.02157217
0.02156037
0.02154353
0.02150836
0.02147331
0.02143837
0.02140359
0.02136891
0.02133435
0.02129990
0.02126556
0.02123133
0.02119721
0.02116320
0.02112931
0.02109552
0.02106184
0.02102826
0.02099479
0.02209683
0.02209987
0.02210291
0.02210596
0.02210900
0.02211205
0.02211509
0.02211814
0.02212345
0.02212929
0.02213673
0.02214423
0.02215172
0.02215610
0.02215894
0.02216178
0.02216462
0.02216745
0.02217030
0.02333348
0.02290436
0.02249074
0.02222498
0.02224378
0.02226260
0.02228147
0.02230036
0.02231928
0.02233824
0.02236488
0.02239616
0.02242752
0.02245898
0.02249051
0.02252214
0.02256757
0.02262585
0.02268443
0.02274334
0.02280264
0.02286225
0.02292217
0.02298240
0.02304331
0.02312411
0.02320548
0.02328742
0.02336995
0.02345305
0.02353675
0.02362106
0.02373285
0.02388075
0.02403137
0.02418735
0.02436610
0.02454753
0.02473166
0.02491859
0.02510835
0.02539179
0.02577057
0.02641881
0.02735503
0.02842326
0.04503335
0.04505843
0.04508352
0.04510864
0.04513381
0.04515900
0.04518421
0.04520945
0.04523471
0.04526002
0.04528535
0.04531070
0.04533608
0.04536149
0.04538694
0.04541240
0.04587645
0.04565918
0.04568346
0.04570775
0.04573208
0.04575643
0.04578080
0.04580521
0.04582964
0.04585408
0.04587857
0.04590308
0.04592760
0.04522095
0.04519899
0.04517705
0.04515514
0.04513324
0.04511138
0.04508953
0.04506770
0.04504589
0.04502411
0.04519595
0.04472018
0.04469775
0.04467536
0.04465315
0.04463095
0.04460877
0.04458661
0.04456447
0.04454236
0.04452027
0.04449820
0.04447615
0.04445463
0.04443359
0.04441259
0.02798633
0.02727150
0.02623976
0.02518698
0.02499180
0.02479963
0.02461039
0.02442402
0.02424045
0.02405962
0.02388146
0.02370593
0.02356602
0.02344918
0.02333275
0.02321748
0.02310333
0.02299031
0.02289787
0.02281781
0.02273831
0.02265936
0.02258095
0.02250308
0.02244422
0.02240241
0.02236076
0.02231927
0.02227818
0.02223773
0.02219742
0.02215725
0.02211723
0.02207736
0.02203762
0.02199803
0.02196039
0.02192521
0.02189014
0.02185519
0.02182184
0.02180837
0.02179492
0.02178149
0.02180942
0.02219458
0.02259358
0.02300719
0.02176152
0.02176150
0.02176148
0.02176145
0.02176143
0.02176141
0.02175956
0.02174762
0.02173669
0.02172947
0.02172225
0.02171504
0.02170784
0.02170165
0.02169603
0.02169073
0.02168836
0.02087520
0.02092641
0.02097162
0.02100622
0.02104094
0.02107578
0.02111072
0.02114579
0.02118097
0.02121627
0.02125158
0.02128696
0.02132246
0.02135808
0.02139382
0.02142977
0.02146590
0.02149665
0.02151712
0.02153762
0.02155804
0.02157850
0.02159900
0.02161954
0.02164012
0.02166073
0.02167841
0.02169013
0.02169700
0.02170386
0.02171073
0.02171761
0.02172449
0.02173137
0.02173826
0.02174520
0.02175221
0.02174695
0.02173501
0.02172307
0.02171116
0.02169925
0.02168735
0.02167547
0.02166361
0.02165176
0.02163991
0.02162808
0.02161621
0.02160436
0.02159252
0.02158069
0.02156887
0.02155707
0.02154030
0.02150515
0.02147011
0.02143522
0.02140045
0.02136579
0.02133123
0.02129679
0.02126246
0.02122825
0.02119414
0.02116014
0.02112625
0.02109246
0.02105878
0.02102521
0.02099174
0.02095838
0.02091234
0.02166372
0.02168851
0.02169191
0.02169752
0.02170314
0.02170974
0.02171695
0.02172417
0.02173138
0.02173837
0.02174110
0.02174383
0.02174656
0.02174930
0.02175203
0.02175476
0.02175750
0.02176024
0.02290436
0.02249074
0.02209179
0.02180069
0.02181877
0.02183689
0.02185503
0.02187321
0.02189142
0.02190965
0.02192792
0.02194660
0.02197672
0.02200692
0.02203720
0.02206757
0.02211580
0.02217176
0.02222802
0.02228455
0.02234146
0.02239867
0.02245619
0.02251399
0.02257210
0.02263051
0.02269968
0.02277809
0.02285703
0.02293652
0.02301658
0.02309719
0.02319617
0.02333743
0.02348056
0.02362631
0.02377388
0.02394222
0.02411736
0.02429507
0.02447543
0.02465849
0.02484430
0.02503294
0.02528545
0.02619814
0.02717919
0.02820597
0.04441270
0.04443370
0.04445474
0.04447626
0.04449831
0.04452038
0.04454246
0.04456459
0.04458671
0.04460887
0.04463105
0.04465324
0.04467546
0.04469784
0.04472027
0.04519666
0.04502445
0.04504620
0.04506797
0.04508977
0.04511157
0.04513342
0.04515526
0.04517715
0.04519904
0.04522096
0.04455581
0.04453449
0.04451319
0.04449192
0.04447066
0.04444943
0.04442822
0.04440703
0.04453725
0.04415224
0.04413038
0.04410855
0.04408672
0.04406491
0.04404314
0.04402138
0.04399965
0.04397793
0.04395623
0.04393457
0.04391292
0.04389128
0.04386967
0.02767151
0.02697426
0.02604120
0.02510881
0.02475714
0.02453678
0.02435151
0.02416902
0.02398926
0.02381214
0.02363762
0.02346564
0.02329614
0.02316723
0.02305438
0.02294198
0.02283053
0.02272015
0.02261083
0.02250256
0.02240000
0.02232337
0.02224727
0.02217168
0.02209661
0.02204419
0.02200386
0.02196367
0.02192364
0.02188375
0.02184457
0.02180566
0.02176690
0.02172828
0.02168979
0.02165144
0.02161323
0.02157515
0.02153720
0.02150174
0.02146801
0.02144001
0.02142701
0.02141402
0.02140106
0.02138811
0.02143740
0.02180942
0.02219458
0.02259358
0.02136628
0.02136626
0.02136623
0.02136621
0.02136619
0.02136617
0.02136615
0.02136612
0.02136243
0.02135092
0.02133942
0.02133174
0.02132479
0.02131783
0.02131089
0.02126261
0.02076825
0.02082207
0.02087114
0.02092141
0.02096961
0.02100728
0.02104201
0.02107684
0.02111180
0.02114686
0.02118205
0.02121728
0.02125255
0.02128793
0.02132344
0.02135906
0.02139480
0.02143068
0.02146681
0.02149154
0.02151200
0.02153250
0.02155290
0.02157336
0.02159384
0.02161437
0.02163506
0.02165610
0.02167707
0.02168769
0.02169465
0.02170163
0.02170860
0.02171559
0.02172257
0.02172956
0.02173655
0.02174287
0.02174900
0.02174363
0.02173169
0.02171976
0.02170784
0.02169593
0.02168404
0.02167216
0.02166030
0.02164845
0.02163661
0.02162477
0.02161290
0.02160105
0.02158922
0.02157739
0.02156558
0.02155378
0.02153708
0.02150195
0.02146695
0.02143207
0.02139731
0.02136266
0.02132811
0.02129367
0.02125935
0.02122513
0.02119102
0.02115703
0.02112314
0.02108936
0.02105569
0.02102213
0.02098867
0.02095521
0.02090929
0.02085669
0.02080440
0.02075230
0.02128335
0.02131280
0.02131975
0.02132669
0.02133365
0.02133873
0.02134136
0.02134399
0.02134662
0.02134925
0.02135189
0.02135453
0.02135716
0.02135980
0.02136244
0.02136507
0.02249074
0.02209179
0.02170675
0.02139229
0.02140971
0.02142715
0.02144462
0.02146212
0.02147965
0.02149720
0.02151479
0.02153240
0.02155004
0.02157270
0.02160180
0.02163097
0.02168176
0.02173555
0.02178961
0.02184393
0.02189857
0.02195354
0.02200878
0.02206430
0.02212011
0.02217619
0.02223257
0.02229054
0.02236614
0.02244226
0.02251889
0.02259604
0.02268321
0.02281828
0.02295496
0.02309370
0.02323467
0.02337738
0.02353282
0.02370200
0.02387363
0.02404776
0.02422446
0.02440376
0.02458574
0.02482374
0.02516711
0.02603944
0.02700842
0.02793069
0.04386988
0.04389148
0.04391310
0.04393475
0.04395641
0.04397810
0.04399982
0.04402154
0.04404330
0.04406507
0.04408687
0.04410868
0.04413053
0.04415238
0.04453662
0.04440838
0.04442954
0.04445071
0.04447191
0.04449313
0.04451437
0.04453563
0.04455691
0.04390995
0.04388925
0.04386857
0.04384791
0.04382727
0.04380664
0.04389745
0.04359856
0.04357724
0.04355593
0.04353466
0.04351341
0.04349216
0.04347095
0.04344976
0.04342857
0.04340743
0.04338628
0.04336517
0.04334408
0.04332301
0.02668347
0.02584565
0.02505167
0.02474564
0.02436968
0.02412972
0.02391930
0.02374322
0.02356970
0.02339870
0.02323017
0.02306405
0.02290028
0.02278172
0.02267258
0.02256409
0.02245627
0.02234947
0.02224368
0.02213889
0.02203508
0.02193224
0.02184990
0.02177699
0.02170456
0.02165817
0.02161923
0.02158044
0.02154179
0.02150328
0.02146506
0.02142750
0.02139007
0.02135277
0.02131560
0.02127857
0.02124165
0.02120487
0.02116821
0.02113168
0.02109528
0.02107132
0.02105876
0.02104622
0.02103369
0.02102470
0.02101687
0.02107787
0.02143740
0.02180942
0.02219458
0.02098513
0.02098511
0.02098509
0.02098507
0.02098505
0.02098503
0.02098501
0.02098499
0.02098497
0.02098495
0.02097954
0.02096844
0.02095735
0.02093612
0.02072559
0.02066216
0.02071543
0.02076897
0.02082110
0.02086708
0.02091640
0.02096459
0.02100835
0.02104307
0.02107791
0.02111286
0.02114794
0.02118309
0.02121825
0.02125352
0.02128891
0.02132442
0.02136004
0.02139579
0.02143165
0.02146603
0.02148644
0.02150689
0.02152759
0.02154842
0.02156929
0.02159020
0.02161115
0.02163215
0.02165300
0.02167384
0.02168605
0.02169302
0.02169999
0.02170696
0.02171394
0.02172093
0.02172729
0.02173342
0.02173954
0.02174568
0.02174031
0.02172837
0.02171644
0.02170453
0.02169262
0.02168074
0.02166886
0.02166076
0.02165308
0.02164540
0.02163337
0.02160841
0.02159421
0.02158288
0.02157156
0.02156026
0.02154896
0.02153543
0.02149876
0.02146376
0.02142889
0.02139413
0.02135948
0.02132494
0.02129051
0.02125620
0.02122199
0.02118789
0.02115391
0.02112003
0.02108626
0.02105260
0.02101905
0.02098560
0.02095205
0.02090625
0.02085369
0.02080144
0.02074941
0.02069758
0.02064602
0.02083706
0.02095021
0.02095351
0.02095605
0.02095859
0.02096112
0.02096367
0.02096620
0.02096874
0.02097129
0.02097383
0.02097637
0.02097891
0.02098146
0.02098400
0.02209179
0.02170675
0.02133489
0.02101091
0.02102135
0.02103250
0.02104933
0.02106619
0.02108308
0.02109999
0.02111693
0.02113390
0.02115090
0.02116792
0.02118497
0.02121295
0.02126444
0.02131617
0.02136816
0.02142040
0.02147290
0.02152574
0.02157885
0.02163223
0.02168586
0.02173977
0.02179394
0.02184838
0.02190310
0.02196884
0.02204227
0.02211618
0.02219246
0.02232173
0.02245251
0.02258483
0.02271939
0.02285582
0.02299389
0.02313720
0.02330071
0.02346656
0.02363478
0.02380544
0.02397857
0.02416550
0.02443300
0.02475973
0.02510371
0.02588266
0.02683978
0.04332324
0.04334431
0.04336540
0.04338651
0.04340765
0.04342880
0.04344997
0.04347116
0.04349237
0.04351360
0.04353485
0.04355613
0.04357742
0.04359873
0.04389557
0.04380893
0.04382952
0.04385014
0.04387077
0.04389141
0.04391208
0.04330796
0.04329003
0.04327212
0.04325421
0.04327562
0.04305859
0.04303780
0.04301702
0.04299676
0.04297727
0.04295781
0.04293837
0.04291894
0.04289953
0.04288014
0.04286077
0.04284140
0.04282207
0.02639786
0.02565302
0.02499481
0.02469015
0.02439283
0.02399741
0.02374149
0.02353331
0.02333215
0.02316456
0.02299937
0.02283652
0.02267596
0.02251764
0.02240883
0.02230322
0.02219845
0.02209407
0.02199068
0.02188826
0.02178678
0.02168624
0.02158662
0.02148792
0.02139610
0.02132618
0.02128542
0.02124782
0.02121035
0.02117302
0.02113581
0.02109873
0.02106223
0.02102670
0.02100733
0.02098800
0.02096870
0.02094944
0.02093022
0.02091102
0.02089138
0.02087178
0.02085220
0.02083521
0.02082263
0.02081007
0.02079975
0.02079210
0.02078445
0.02077681
0.02107787
0.02143740
0.02180942
0.02063516
0.02063336
0.02063132
0.02062927
0.02062722
0.02062517
0.02062313
0.02062108
0.02061904
0.02061717
0.02061715
0.02061713
0.02060656
0.02053167
0.02055714
0.02060987
0.02066287
0.02071615
0.02076969
0.02081705
0.02086301
0.02091139
0.02095956
0.02100593
0.02104414
0.02107898
0.02111394
0.02114901
0.02118406
0.02121922
0.02125449
0.02128989
0.02132539
0.02136103
0.02139677
0.02143176
0.02146206
0.02148287
0.02150373
0.02152471
0.02154553
0.02156640
0.02158730
0.02160822
0.02162898
0.02164977
0.02167060
0.02168441
0.02169138
0.02169835
0.02170532
0.02171174
0.02171786
0.02172398
0.02173010
0.02173623
0.02174236
0.02173699
0.02172505
0.02171313
0.02170395
0.02169624
0.02168853
0.02168083
0.02167314
0.02166545
0.02165776
0.02164337
0.02161958
0.02159465
0.02157491
0.02156360
0.02155230
0.02154102
0.02152975
0.02150317
0.02146536
0.02142769
0.02139094
0.02135630
0.02132177
0.02128735
0.02125305
0.02121885
0.02118476
0.02115079
0.02111692
0.02108316
0.02104952
0.02101597
0.02098244
0.02094888
0.02090321
0.02085068
0.02079845
0.02074648
0.02069471
0.02064316
0.02059186
0.02054082
0.02054519
0.02061152
0.02061354
0.02061556
0.02061761
0.02061973
0.02062186
0.02062398
0.02062611
0.02062824
0.02063037
0.02063249
0.02063462
0.02063579
0.02170675
0.02133489
0.02097545
0.02077186
0.02078206
0.02079228
0.02080250
0.02081274
0.02082298
0.02083324
0.02084409
0.02085722
0.02087037
0.02088354
0.02089672
0.02091384
0.02094023
0.02096668
0.02099320
0.02101978
0.02106350
0.02111430
0.02116540
0.02121674
0.02126834
0.02132018
0.02137229
0.02142464
0.02147725
0.02153012
0.02158540
0.02165629
0.02172763
0.02184632
0.02197157
0.02209827
0.02222646
0.02235701
0.02248911
0.02262278
0.02275804
0.02291278
0.02307313
0.02323574
0.02340066
0.02356794
0.02379508
0.02405438
0.02436532
0.02469836
0.02504062
0.02572775
0.02811728
0.04281015
0.04283077
0.04285141
0.04287207
0.04289275
0.04291344
0.04293417
0.04295491
0.04297567
0.04299645
0.04301723
0.04303801
0.04305880
0.04327241
0.04325280
0.04327074
0.04328869
0.04330666
0.04279500
0.04277859
0.04276219
0.04297097
0.04253822
0.04251945
0.04250071
0.04248198
0.04246418
0.04245121
0.04243823
0.04242526
0.04241230
0.04239776
0.04237838
0.04235902
0.02546323
0.02493819
0.02463491
0.02433891
0.02402945
0.02363635
0.02336555
0.02316388
0.02296567
0.02277313
0.02261345
0.02245600
0.02230073
0.02215115
0.02204795
0.02194571
0.02184441
0.02174339
0.02164325
0.02154402
0.02144570
0.02134828
0.02125173
0.02115606
0.02106125
0.02099593
0.02097095
0.02095129
0.02093166
0.02091207
0.02089251
0.02087312
0.02085403
0.02083498
0.02081596
0.02079698
0.02077803
0.02075871
0.02073935
0.02072002
0.02070074
0.02068148
0.02066227
0.02064309
0.02062431
0.02061199
0.02059968
0.02058739
0.02057512
0.02056285
0.02055060
0.02073032
0.02107787
0.02143740
0.02180942
0.02059727
0.02030572
0.02030458
0.02030181
0.02029959
0.02029730
0.02029501
0.02029303
0.02029105
0.02031384
0.02036920
0.02042011
0.02045319
0.02050539
0.02055785
0.02061058
0.02066359
0.02071686
0.02076728
0.02081301
0.02085895
0.02090639
0.02095453
0.02100088
0.02104520
0.02108004
0.02111501
0.02114998
0.02118502
0.02122019
0.02125547
0.02129086
0.02132530
0.02135981
0.02139443
0.02143023
0.02145911
0.02147992
0.02150084
0.02152183
0.02154265
0.02156350
0.02158430
0.02160501
0.02162576
0.02164654
0.02166709
0.02168089
0.02168974
0.02169621
0.02170232
0.02170843
0.02171454
0.02172066
0.02173020
0.02175480
0.02177945
0.02177221
0.02174671
0.02172410
0.02171637
0.02170865
0.02170094
0.02169323
0.02168552
0.02167783
0.02166867
0.02165309
0.02163075
0.02160580
0.02158090
0.02155607
0.02154435
0.02153308
0.02152181
0.02150379
0.02147101
0.02143332
0.02139576
0.02135833
0.02132103
0.02128419
0.02124990
0.02121572
0.02118164
0.02114768
0.02111382
0.02108007
0.02104643
0.02101289
0.02097927
0.02094571
0.02090017
0.02084768
0.02079546
0.02074351
0.02069181
0.02064030
0.02058902
0.02053799
0.02048722
0.02043670
0.02040516
0.02035241
0.02029694
0.02029273
0.02029449
0.02029625
0.02029812
0.02030027
0.02030242
0.02030483
0.02031283
0.02059194
0.02170675
0.02133489
0.02097545
0.02062803
0.02055015
0.02055701
0.02056978
0.02058257
0.02059537
0.02060819
0.02062103
0.02063388
0.02064674
0.02065963
0.02067252
0.02068544
0.02070564
0.02073151
0.02075743
0.02078342
0.02080949
0.02083562
0.02086182
0.02088808
0.02091441
0.02094081
0.02096727
0.02099380
0.02102040
0.02106765
0.02111852
0.02116963
0.02122100
0.02128359
0.02139074
0.02151081
0.02163224
0.02175505
0.02187952
0.02200602
0.02213399
0.02226345
0.02239444
0.02253756
0.02269269
0.02284996
0.02300943
0.02318956
0.02343584
0.02368730
0.02398329
0.02430590
0.02463730
0.02497786
0.02557467
0.04235875
0.04237518
0.04239162
0.04240806
0.04242453
0.04244100
0.04245749
0.04247399
0.04249050
0.04250703
0.04252356
0.04254012
0.04296673
0.04276086
0.04277727
0.04279368
0.04229759
0.04237483
0.04209774
0.04207937
0.04206101
0.04204267
0.04202435
0.04200603
0.04198773
0.04196946
0.04195120
0.04193296
0.04191473
0.02808706
0.02488183
0.02457991
0.02428523
0.02399753
0.02366743
0.02328599
0.02300132
0.02280587
0.02261372
0.02242477
0.02224026
0.02208795
0.02193771
0.02179845
0.02169851
0.02159948
0.02150134
0.02140365
0.02130661
0.02121044
0.02111514
0.02102090
0.02097470
0.02092869
0.02088213
0.02083539
0.02078886
0.02076059
0.02074132
0.02072208
0.02070295
0.02068418
0.02066544
0.02064672
0.02062771
0.02060859
0.02058951
0.02057046
0.02055145
0.02053248
0.02051354
0.02049463
0.02047576
0.02045692
0.02043812
0.02041936
0.02041405
0.02041228
0.02041052
0.02040876
0.02040700
0.02040523
0.02040347
0.02073032
0.02107787
0.02143740
0.02180942
0.02058524
0.02026991
0.02019305
0.02014551
0.02013990
0.02013754
0.02017288
0.02020834
0.02025395
0.02030734
0.02035029
0.02040196
0.02045389
0.02050609
0.02055856
0.02061129
0.02066430
0.02071758
0.02076325
0.02080897
0.02085490
0.02090139
0.02094951
0.02099584
0.02104237
0.02108111
0.02111601
0.02115094
0.02118584
0.02121990
0.02125406
0.02128834
0.02132273
0.02135723
0.02139281
0.02142911
0.02145617
0.02147697
0.02149807
0.02151895
0.02153976
0.02156043
0.02158109
0.02160179
0.02162253
0.02164732
0.02171477
0.02176399
0.02179968
0.02182796
0.02185632
0.02188405
0.02190900
0.02193400
0.02195906
0.02198418
0.02200936
0.02200210
0.02197606
0.02195008
0.02192416
0.02189830
0.02187250
0.02184491
0.02181632
0.02178782
0.02175162
0.02170366
0.02164194
0.02161697
0.02159204
0.02156718
0.02154237
0.02152514
0.02151388
0.02149783
0.02147385
0.02143895
0.02140137
0.02136392
0.02132660
0.02128941
0.02125235
0.02121542
0.02117862
0.02114456
0.02111071
0.02107697
0.02104335
0.02100974
0.02097609
0.02094255
0.02089715
0.02084468
0.02079248
0.02074054
0.02068885
0.02063742
0.02058617
0.02053516
0.02048440
0.02043390
0.02038363
0.02033362
0.02029206
0.02023692
0.02019245
0.02015986
0.02013573
0.02014159
0.02015460
0.02020993
0.02030713
0.02057397
0.02170675
0.02133490
0.02097545
0.02062803
0.02040910
0.02041320
0.02041730
0.02042140
0.02042542
0.02042948
0.02043354
0.02043760
0.02044166
0.02044573
0.02045310
0.02046574
0.02047840
0.02050155
0.02052691
0.02055234
0.02057783
0.02060338
0.02062900
0.02065468
0.02068042
0.02070624
0.02073216
0.02075814
0.02078420
0.02081032
0.02083650
0.02086275
0.02088907
0.02091545
0.02094189
0.02098870
0.02106898
0.02118546
0.02130323
0.02142231
0.02154324
0.02166587
0.02178990
0.02191537
0.02204228
0.02217443
0.02232458
0.02247678
0.02263106
0.02284824
0.02308729
0.02333126
0.02361306
0.02392571
0.02424676
0.02457654
0.02491541
0.02903572
0.04193705
0.04195316
0.04196926
0.04198539
0.04200152
0.04201766
0.04203383
0.04205000
0.04206618
0.04208238
0.04209859
0.04236970
0.04229723
0.04208289
0.04164830
0.04163031
0.04161233
0.04159439
0.04157645
0.04155853
0.04154063
0.04152273
0.04150486
0.04148699
0.02486438
0.02452516
0.02423178
0.02394534
0.02366559
0.02331615
0.02294586
0.02264828
0.02245877
0.02227239
0.02208908
0.02190877
0.02173177
0.02158632
0.02145681
0.02135997
0.02126400
0.02116888
0.02107437
0.02099933
0.02095321
0.02090730
0.02086159
0.02081599
0.02076955
0.02072332
0.02067729
0.02063147
0.02058584
0.02055441
0.02053554
0.02051706
0.02049835
0.02047947
0.02046063
0.02044182
0.02042305
0.02040938
0.02039935
0.02038933
0.02037932
0.02036932
0.02035933
0.02034935
0.02033938
0.02032942
0.02031946
0.02030952
0.02029971
0.02029090
0.02028211
0.02027647
0.02027474
0.02027299
0.02027125
0.02039392
0.02073032
0.02107787
0.02143740
0.02180942
0.02057322
0.02026427
0.02018923
0.02014242
0.02013676
0.02013461
0.02016993
0.02020539
0.02024841
0.02029957
0.02035098
0.02040266
0.02045459
0.02050680
0.02055926
0.02061200
0.02066501
0.02071373
0.02075923
0.02080494
0.02085084
0.02089695
0.02094449
0.02099080
0.02103731
0.02108181
0.02111553
0.02114936
0.02118330
0.02121735
0.02125151
0.02128578
0.02132015
0.02135551
0.02139169
0.02142602
0.02145322
0.02147414
0.02149529
0.02151603
0.02153661
0.02156736
0.02163517
0.02170340
0.02177113
0.02183874
0.02190677
0.02197101
0.02200519
0.02203402
0.02206292
0.02209190
0.02212095
0.02215008
0.02217929
0.02219859
0.02221668
0.02221158
0.02219369
0.02217153
0.02214208
0.02211271
0.02208343
0.02205422
0.02202508
0.02199602
0.02195816
0.02189265
0.02182411
0.02175600
0.02168831
0.02162104
0.02155418
0.02152870
0.02150596
0.02149188
0.02147143
0.02144383
0.02140699
0.02136951
0.02133217
0.02129496
0.02125789
0.02122093
0.02118411
0.02114742
0.02111085
0.02107441
0.02104026
0.02100656
0.02097292
0.02093939
0.02089414
0.02084168
0.02078949
0.02073757
0.02068590
0.02063448
0.02058332
0.02053233
0.02048159
0.02043109
0.02038084
0.02033084
0.02028109
0.02023157
0.02018948
0.02015690
0.02013261
0.02013845
0.02015083
0.02020614
0.02030142
0.02055603
0.02170675
0.02133477
0.02097545
0.02062803
0.02029194
0.02027277
0.02027681
0.02028086
0.02028490
0.02028895
0.02029300
0.02029706
0.02030111
0.02030851
0.02031623
0.02032396
0.02033169
0.02034134
0.02035473
0.02036811
0.02038146
0.02039483
0.02040821
0.02042762
0.02045286
0.02047814
0.02050350
0.02052891
0.02055440
0.02057994
0.02060554
0.02063121
0.02065695
0.02068275
0.02070861
0.02073454
0.02078332
0.02083747
0.02089190
0.02094662
0.02100163
0.02109961
0.02121715
0.02133608
0.02145636
0.02157800
0.02170102
0.02182546
0.02196823
0.02211559
0.02228939
0.02251683
0.02274896
0.02298577
0.02325407
0.02355724
0.02386840
0.02418791
0.02451607
0.02501521
0.04150790
0.04152367
0.04153945
0.04155524
0.04157105
0.04158686
0.04160270
0.04161854
0.04163439
0.04165026
0.04207747
0.04120834
0.04119074
0.04117315
0.04115557
0.04113801
0.04112045
0.04110293
0.04108541
0.04106792
0.02455303
0.02417856
0.02389337
0.02361483
0.02334270
0.02297516
0.02261553
0.02230593
0.02212207
0.02194121
0.02176329
0.02158824
0.02141598
0.02124644
0.02112572
0.02103184
0.02097722
0.02093158
0.02088595
0.02084033
0.02079491
0.02074969
0.02070413
0.02065819
0.02061245
0.02056691
0.02052157
0.02047643
0.02043149
0.02039981
0.02038054
0.02037051
0.02036050
0.02035052
0.02034055
0.02033058
0.02032063
0.02031069
0.02030076
0.02029083
0.02028092
0.02027102
0.02026112
0.02025124
0.02024136
0.02023149
0.02022164
0.02021180
0.02020196
0.02019213
0.02018283
0.02017413
0.02016543
0.02015674
0.02014806
0.02014074
0.02013902
0.02039392
0.02073032
0.02107787
0.02143740
0.02180942
0.02040007
0.02025863
0.02018541
0.02013932
0.02013361
0.02013167
0.02016699
0.02020246
0.02024639
0.02030025
0.02035167
0.02040335
0.02045529
0.02050750
0.02055997
0.02061271
0.02066444
0.02070973
0.02075522
0.02080090
0.02084679
0.02089288
0.02093948
0.02098617
0.02103341
0.02107869
0.02111300
0.02114683
0.02118076
0.02121480
0.02124895
0.02128321
0.02131835
0.02135440
0.02139057
0.02142267
0.02145028
0.02148676
0.02155530
0.02162303
0.02169119
0.02175977
0.02182777
0.02189574
0.02196413
0.02203295
0.02208597
0.02212768
0.02215195
0.02217001
0.02218809
0.02220621
0.02222435
0.02224252
0.02226056
0.02227818
0.02229583
0.02229060
0.02227192
0.02225328
0.02223525
0.02221733
0.02219943
0.02218156
0.02216372
0.02214591
0.02211736
0.02207396
0.02201435
0.02194490
0.02187590
0.02180732
0.02173918
0.02167145
0.02160415
0.02153681
0.02146788
0.02144236
0.02141260
0.02137511
0.02133775
0.02130052
0.02126343
0.02122645
0.02118931
0.02115219
0.02111520
0.02107834
0.02104124
0.02100566
0.02097033
0.02093622
0.02089112
0.02083869
0.02078651
0.02073460
0.02068294
0.02063154
0.02058040
0.02052950
0.02047877
0.02042829
0.02037806
0.02032807
0.02027833
0.02022883
0.02018653
0.02015394
0.02012948
0.02013530
0.02014707
0.02020236
0.02029573
0.02053812
0.02170675
0.02133477
0.02097545
0.02062803
0.02029193
0.02013425
0.02013886
0.02014645
0.02015405
0.02016165
0.02016926
0.02017687
0.02018449
0.02019212
0.02019975
0.02020739
0.02021503
0.02022268
0.02023568
0.02024894
0.02026221
0.02027550
0.02028879
0.02030203
0.02031530
0.02032858
0.02034188
0.02035519
0.02036852
0.02038187
0.02039524
0.02040862
0.02042994
0.02045517
0.02048047
0.02050583
0.02053125
0.02058193
0.02063504
0.02068844
0.02074220
0.02079625
0.02085058
0.02090519
0.02096009
0.02101618
0.02113287
0.02125086
0.02137017
0.02149083
0.02162307
0.02176582
0.02197387
0.02219489
0.02242038
0.02265036
0.02290585
0.02319994
0.02350168
0.02381137
0.02416918
0.02470449
0.04106705
0.04108509
0.04110315
0.04112123
0.04113923
0.04115755
0.04118031
0.04119584
0.04121136
0.04077518
0.04076330
0.04075023
0.04073325
0.04071626
0.04069930
0.02499394
0.02424938
0.02384163
0.02356428
0.02329332
0.02300452
0.02264398
0.02229458
0.02197376
0.02179532
0.02161975
0.02144698
0.02127695
0.02110960
0.02098196
0.02091001
0.02086381
0.02081866
0.02077371
0.02072866
0.02068373
0.02063899
0.02059346
0.02054800
0.02050275
0.02045770
0.02041284
0.02038918
0.02036649
0.02034386
0.02032127
0.02029873
0.02027625
0.02026253
0.02025261
0.02024270
0.02023280
0.02022291
0.02021303
0.02020316
0.02019330
0.02018346
0.02017365
0.02016386
0.02015406
0.02014428
0.02013451
0.02012475
0.02011500
0.02010526
0.02009552
0.02008580
0.02007609
0.02006729
0.02005868
0.02005008
0.02004149
0.02003291
0.02002953
0.02006827
0.02039392
0.02073032
0.02107787
0.02143740
0.02180942
0.02039414
0.02025300
0.02018159
0.02013622
0.02013046
0.02012874
0.02016405
0.02019954
0.02024368
0.02029772
0.02035205
0.02040404
0.02045599
0.02050820
0.02056068
0.02061342
0.02066046
0.02070573
0.02075120
0.02079687
0.02084274
0.02089027
0.02093583
0.02098284
0.02103006
0.02107547
0.02110993
0.02114430
0.02117822
0.02121226
0.02124640
0.02128132
0.02131724
0.02135328
0.02141144
0.02150140
0.02158920
0.02167429
0.02174747
0.02181644
0.02188472
0.02194648
0.02199163
0.02203697
0.02208250
0.02212414
0.02216352
0.02220303
0.02223198
0.02225017
0.02226839
0.02228663
0.02230462
0.02232231
0.02234003
0.02235777
0.02237555
0.02237031
0.02235150
0.02233272
0.02231397
0.02229526
0.02227697
0.02225897
0.02224101
0.02222307
0.02219286
0.02215331
0.02211390
0.02207058
0.02202509
0.02197978
0.02193466
0.02186614
0.02179762
0.02172882
0.02165133
0.02156639
0.02147587
0.02138463
0.02134191
0.02130426
0.02126674
0.02122935
0.02119208
0.02115496
0.02111796
0.02108069
0.02104343
0.02100784
0.02097250
0.02093645
0.02088889
0.02083569
0.02078353
0.02073163
0.02067999
0.02062861
0.02057748
0.02052660
0.02047596
0.02042549
0.02037527
0.02032530
0.02027557
0.02022608
0.02018360
0.02015099
0.02012636
0.02013216
0.02014332
0.02019858
0.02029003
0.02052025
0.02170675
0.02133477
0.02097545
0.02062803
0.02029193
0.02003541
0.02003749
0.02003958
0.02004166
0.02004693
0.02005445
0.02006198
0.02006951
0.02007705
0.02008459
0.02009215
0.02009970
0.02010726
0.02011801
0.02013112
0.02014424
0.02015737
0.02017052
0.02018370
0.02019688
0.02021008
0.02022322
0.02023639
0.02024956
0.02026276
0.02027597
0.02028920
0.02030244
0.02031571
0.02032899
0.02034228
0.02035560
0.02037172
0.02039816
0.02043747
0.02048975
0.02054229
0.02059513
0.02064841
0.02070197
0.02075581
0.02080992
0.02086433
0.02091902
0.02097399
0.02104925
0.02116631
0.02128859
0.02145649
0.02166717
0.02188203
0.02210115
0.02232459
0.02256789
0.02285331
0.02314605
0.02344638
0.02387640
0.02440140
0.02546399
0.04068331
0.04069937
0.04071544
0.04073151
0.04074758
0.04076369
0.04035566
0.04034043
0.04032522
0.04031001
0.02467936
0.02395316
0.02351396
0.02324414
0.02298044
0.02267250
0.02232222
0.02198260
0.02165316
0.02147807
0.02130755
0.02113973
0.02099311
0.02092109
0.02084955
0.02077851
0.02070795
0.02066248
0.02061819
0.02057373
0.02052914
0.02048397
0.02043900
0.02040128
0.02037856
0.02035590
0.02033329
0.02031072
0.02028821
0.02026575
0.02024333
0.02022097
0.02019866
0.02017639
0.02015569
0.02014587
0.02013607
0.02012627
0.02011649
0.02010671
0.02009695
0.02008719
0.02007744
0.02006771
0.02005798
0.02004826
0.02003855
0.02002885
0.02001916
0.02000948
0.01999984
0.01999020
0.01998058
0.01997097
0.01996158
0.01995306
0.01994484
0.01994505
0.01994527
0.01994548
0.01994570
0.02006827
0.02039392
0.02073032
0.02107787
0.02143740
0.02180942
0.02038822
0.02024736
0.02017778
0.02013312
0.02012731
0.02012581
0.02016111
0.02019662
0.02024097
0.02029499
0.02034931
0.02040391
0.02045669
0.02050890
0.02056138
0.02061142
0.02065648
0.02070173
0.02074737
0.02079477
0.02084239
0.02089006
0.02093425
0.02097950
0.02102672
0.02107226
0.02110671
0.02114127
0.02117569
0.02120971
0.02124441
0.02128020
0.02136386
0.02145902
0.02154938
0.02164051
0.02173241
0.02182494
0.02189412
0.02194305
0.02198819
0.02203352
0.02207903
0.02212060
0.02215997
0.02219947
0.02223911
0.02227890
0.02231260
0.02233092
0.02234885
0.02236661
0.02238440
0.02240221
0.02242006
0.02243793
0.02245583
0.02245059
0.02243165
0.02241273
0.02239385
0.02237500
0.02235618
0.02233740
0.02231884
0.02230078
0.02226888
0.02222906
0.02218938
0.02214984
0.02211045
0.02206721
0.02202172
0.02197643
0.02193133
0.02187958
0.02179956
0.02170315
0.02160910
0.02151673
0.02142513
0.02133432
0.02126953
0.02123213
0.02119486
0.02115773
0.02112029
0.02108288
0.02104561
0.02101002
0.02097466
0.02093275
0.02088799
0.02083453
0.02078134
0.02072866
0.02067703
0.02062567
0.02057455
0.02052369
0.02047308
0.02042269
0.02037248
0.02032253
0.02027281
0.02022334
0.02018067
0.02014804
0.02012324
0.02012902
0.02013957
0.02019480
0.02028434
0.02050320
0.02170662
0.02133477
0.02097545
0.02062803
0.02029193
0.01996661
0.01995006
0.01995213
0.01995420
0.01995626
0.01995833
0.01996040
0.01996246
0.01996453
0.01997075
0.01997821
0.01998568
0.01999316
0.02000171
0.02001466
0.02002763
0.02004061
0.02005361
0.02006663
0.02007966
0.02009271
0.02010579
0.02011887
0.02013197
0.02014502
0.02015808
0.02017115
0.02018425
0.02019736
0.02021048
0.02022363
0.02023679
0.02024996
0.02027332
0.02029972
0.02032618
0.02035222
0.02037829
0.02040442
0.02045222
0.02050458
0.02055720
0.02061010
0.02066327
0.02071672
0.02077044
0.02082444
0.02087872
0.02093329
0.02098881
0.02116396
0.02136891
0.02157786
0.02179089
0.02200807
0.02223976
0.02251689
0.02280102
0.02314708
0.02359062
0.02410565
0.02483249
0.04031054
0.04032615
0.04034176
0.04035738
0.03997668
0.02512486
0.02437260
0.02366407
0.02319517
0.02293257
0.02267587
0.02234995
0.02200948
0.02167923
0.02135875
0.02116993
0.02100425
0.02093218
0.02086057
0.02078945
0.02071881
0.02064865
0.02057897
0.02050975
0.02046489
0.02042033
0.02039065
0.02036796
0.02034532
0.02032273
0.02030019
0.02027770
0.02025526
0.02023287
0.02021053
0.02018824
0.02016600
0.02014380
0.02012166
0.02009956
0.02007751
0.02005552
0.02004026
0.02003055
0.02002086
0.02001118
0.02000150
0.01999184
0.01998218
0.01997254
0.01996290
0.01995328
0.01994366
0.01993405
0.01992445
0.01991486
0.01990528
0.01989571
0.01988615
0.01988055
0.01987518
0.01986981
0.01986387
0.01986158
0.01986180
0.01986202
0.01986224
0.01986245
0.01986267
0.02006827
0.02039392
0.02073032
0.02107787
0.02143740
0.02180942
0.02038230
0.02024173
0.02017397
0.02013003
0.02012416
0.02012288
0.02015817
0.02019370
0.02023826
0.02029227
0.02034657
0.02040116
0.02045604
0.02050960
0.02056209
0.02060746
0.02065317
0.02070014
0.02074732
0.02079473
0.02084234
0.02088898
0.02093316
0.02097753
0.02102337
0.02106904
0.02110348
0.02113803
0.02117269
0.02122070
0.02131630
0.02141276
0.02150683
0.02159758
0.02168912
0.02177182
0.02184765
0.02191767
0.02197324
0.02202895
0.02207557
0.02211707
0.02215642
0.02219591
0.02223554
0.05508500
0.05508500
0.05508500
0.05508500
0.05508500
0.05508500
0.05508500
0.05508500
0.05508500
0.05508500
0.05508500
0.05508500
0.05508500
0.05508500
0.05508500
0.05508500
0.05508500
0.05508500
0.05508500
0.05508500
0.05508500
0.05508500
0.05508500
0.05508500
0.02222556
0.02218590
0.02214637
0.02210699
0.02206383
0.02201441
0.02195850
0.02190297
0.02182738
0.02175161
0.02166174
0.02156654
0.02147218
0.02137864
0.02128591
0.02119764
0.02116003
0.02112249
0.02108507
0.02104779
0.02101219
0.02097204
0.02092906
0.02088625
0.02083364
0.02078046
0.02072754
0.02067490
0.02062273
0.02057163
0.02052078
0.02047018
0.02041983
0.02036970
0.02031975
0.02027005
0.02022059
0.02017774
0.02014508
0.02012011
0.02012588
0.02013583
0.02019103
0.02027865
0.02048945
0.02170662
0.02133477
0.02097545
0.02062803
0.02029193
0.01996661
0.01986333
0.01986538
0.01986744
0.01986950
0.01987155
0.01987360
0.01987566
0.01987772
0.01987977
0.01988183
0.01988389
0.01988595
0.01988800
0.01989954
0.01991236
0.01992519
0.01993804
0.01995091
0.01996380
0.01997670
0.01998962
0.02000256
0.02001551
0.02002848
0.02004146
0.02005446
0.02006742
0.02008038
0.02009336
0.02010635
0.02011935
0.02013238
0.02014980
0.02017587
0.02020201
0.02022822
0.02025449
0.02028061
0.02030649
0.02033244
0.02035845
0.02038453
0.02041483
0.02046700
0.02051943
0.02057214
0.02062511
0.02067836
0.02073188
0.02078568
0.02086825
0.02095151
0.02107875
0.02128204
0.02148922
0.02170040
0.02192104
0.02219024
0.02246613
0.02287840
0.02331161
0.02381698
0.02452626
0.03996367
0.03997901
0.02407336
0.02338189
0.02288491
0.02262926
0.02237773
0.02203643
0.02170538
0.02138413
0.02107225
0.02094348
0.02087193
0.02080087
0.02073028
0.02066018
0.02059055
0.02052138
0.02045268
0.02039435
0.02036100
0.02033516
0.02031255
0.02028998
0.02026747
0.02024501
0.02022259
0.02020022
0.02017791
0.02015565
0.02013344
0.02011132
0.02008924
0.02006722
0.02004524
0.02002331
0.02000143
0.01997960
0.01995781
0.01993608
0.01992614
0.01991655
0.01990696
0.01989739
0.01988783
0.01988100
0.01987563
0.01987026
0.01986489
0.01985953
0.01985417
0.01984880
0.01984345
0.01983810
0.01983275
0.01982740
0.01982206
0.01981672
0.01981138
0.01980604
0.01979994
0.01979358
0.01978722
0.01978087
0.01978004
0.01978026
0.01978047
0.02006827
0.02039392
0.02073032
0.02107787
0.02143740
0.02180942
0.02037639
0.02023611
0.02017015
0.02012693
0.02012101
0.02011995
0.02015523
0.02019078
0.02023555
0.02028954
0.02034383
0.02039840
0.02045327
0.02050844
0.02055982
0.02060637
0.02065312
0.02070009
0.02074728
0.02079467
0.02084229
0.02088790
0.02093208
0.02097644
0.02102099
0.02106583
0.02110026
0.02117473
0.02127238
0.02136498
0.02146188
0.02155484
0.02164402
0.02171896
0.02179442
0.02187041
0.05442825
0.05442825
0.05442825
0.05442825
0.05442825
0.05442825
0.05442825
0.05442825
0.05442825
0.05442825
0.05442825
0.05442825
0.05442825
0.05442825
0.05442825
0.05442825
0.05442825
0.05442825
0.05442825
0.05442825
0.05442825
0.05442825
0.05442825
0.05442825
0.05442825
0.05442825
0.05442825
0.05442825
0.05442825
0.05442825
0.05442825
0.05442825
0.05442825
0.05442825
0.05442825
0.05442825
0.05442825
0.05442825
0.05442825
0.05442825
0.05442825
0.05442825
0.02184989
0.02177396
0.02169856
0.02162048
0.02152565
0.02143164
0.02133853
0.02124421
0.02114423
0.02108726
0.02104997
0.02101148
0.02096833
0.02092537
0.02088257
0.02083274
0.02077957
0.02072666
0.02067402
0.02062165
0.02056955
0.02051787
0.02046729
0.02041696
0.02036687
0.02031698
0.02026729
0.02021785
0.02017481
0.02014213
0.02011699
0.02012274
0.02013208
0.02018725
0.02027297
0.02047571
0.02170662
0.02133477
0.02097545
0.02062803
0.02029193
0.01996662
0.01977725
0.01977929
0.01978132
0.01978336
0.01978540
0.01978942
0.01979422
0.01979902
0.01980382
0.01980862
0.01981343
0.01981824
0.01982305
0.01982931
0.01983649
0.01984365
0.01985074
0.01985785
0.01986496
0.01987207
0.01987919
0.01988758
0.01990038
0.01991320
0.01992604
0.01993889
0.01995176
0.01996464
0.01997755
0.01999042
0.02000328
0.02001615
0.02002905
0.02005353
0.02007936
0.02010524
0.02013120
0.02015723
0.02018332
0.02020947
0.02023520
0.02026097
0.02028680
0.02031270
0.02033866
0.02036469
0.02039078
0.02042956
0.02048180
0.02053431
0.02058709
0.02066740
0.02074907
0.02083138
0.02091434
0.02099797
0.02119578
0.02140120
0.02161133
0.02187292
0.02220792
0.02261589
0.02303913
0.02353515
0.02422750
0.02258284
0.02233386
0.02206344
0.02173159
0.02140957
0.02109695
0.02092635
0.02082205
0.02074368
0.02067349
0.02060377
0.02053452
0.02046573
0.02039957
0.02036620
0.02033294
0.02029979
0.02026675
0.02023568
0.02021328
0.02019094
0.02016865
0.02014640
0.02012420
0.02010205
0.02007995
0.02005790
0.02003590
0.02001395
0.01999204
0.01997018
0.01994837
0.01992661
0.01990489
0.01988332
0.01987137
0.01985944
0.01984930
0.01984393
0.01983855
0.01983319
0.01982785
0.01982250
0.01981716
0.01981182
0.01980649
0.01980115
0.01979582
0.01979050
0.01978517
0.01977985
0.01977453
0.01976922
0.01976390
0.01975860
0.01975328
0.01974798
0.01974268
0.01973642
0.01973010
0.01972378
0.01971747
0.01971116
0.01970486
0.01975285
0.02006827
0.02039392
0.02073032
0.02107787
0.02143740
0.02180942
0.02037047
0.02023049
0.02016634
0.02012384
0.02011787
0.02011702
0.02015231
0.02018787
0.02023283
0.02028682
0.02034109
0.02039565
0.02045041
0.02050276
0.02055360
0.02060471
0.02065308
0.02070004
0.02074723
0.02079463
0.02084224
0.02088682
0.02093099
0.02097535
0.02101990
0.02112567
0.02122561
0.02132373
0.02141837
0.02151123
0.05378698
0.05378698
0.05378698
0.05378698
0.05378698
0.05378698
0.05378698
0.05378698
0.05378698
0.05378698
0.05378698
0.05378698
0.05378698
0.05378698
0.05378698
0.05378698
0.05378698
0.05378698
0.05378698
0.05378698
0.05378698
0.05378698
0.05378698
0.05378698
0.05378698
0.05378698
0.05378698
0.05378698
0.05378698
0.05378698
0.05378698
0.05378698
0.05378698
0.05378698
0.05378698
0.05378698
0.05378698
0.05378698
0.05378698
0.05378698
0.05378698
0.05378698
0.05378698
0.05378698
0.05378698
0.05378698
0.05378698
0.05378698
0.05378698
0.05378698
0.05378698
0.05378698
0.05378698
0.02157125
0.02148517
0.02139263
0.02129439
0.02119393
0.02109284
0.02100776
0.02096463
0.02092168
0.02087890
0.02083185
0.02077868
0.02072578
0.02067314
0.02062077
0.02056868
0.02051684
0.02046526
0.02041408
0.02036401
0.02031418
0.02026454
0.02021511
0.02017188
0.02013918
0.02011387
0.02011960
0.02012833
0.02018348
0.02026729
0.02046199
0.02170662
0.02133477
0.02097545
0.02062803
0.02029193
0.01996662
0.01970655
0.01970769
0.01971194
0.01971670
0.01972146
0.01972622
0.01973099
0.01973576
0.01974053
0.01974531
0.01975008
0.01975486
0.01975964
0.01976541
0.01977254
0.01977967
0.01978681
0.01979395
0.01980106
0.01980812
0.01981520
0.01982228
0.01982936
0.01983644
0.01984354
0.01985064
0.01985774
0.01986485
0.01987197
0.01987909
0.01988841
0.01990122
0.01991401
0.01993267
0.01995818
0.01998376
0.02000940
0.02003511
0.02006089
0.02008673
0.02011264
0.02013861
0.02016441
0.02018999
0.02021565
0.02024136
0.02026714
0.02029299
0.02031890
0.02034488
0.02037093
0.02039704
0.02047081
0.02055126
0.02063235
0.02071408
0.02079646
0.02087951
0.02096152
0.02111015
0.02131391
0.02157562
0.02196049
0.02235933
0.02277287
0.02175786
0.02143507
0.02112172
0.02093251
0.02082815
0.02072482
0.02062251
0.02054767
0.02047879
0.02041038
0.02037141
0.02033814
0.02030497
0.02027190
0.02023895
0.02020610
0.02017336
0.02014073
0.02011498
0.02009286
0.02007078
0.02004875
0.02002676
0.02000483
0.01998294
0.01996110
0.01993931
0.01991757
0.01989587
0.01987788
0.01986594
0.01985401
0.01984210
0.01983021
0.01981832
0.01980646
0.01979460
0.01978577
0.01978043
0.01977509
0.01976975
0.01976442
0.01975909
0.01975376
0.01974843
0.01974312
0.01973782
0.01973253
0.01972724
0.01972195
0.01971666
0.01971138
0.01970609
0.01970081
0.01969554
0.01969026
0.01968499
0.01967960
0.01967332
0.01966703
0.01966076
0.01965449
0.01965057
0.01965141
0.01975285
0.02006827
0.02039392
0.02073032
0.02107787
0.02143740
0.02180942
0.02036456
0.02022487
0.02016253
0.02012074
0.02011472
0.02011409
0.02014941
0.02018495
0.02023013
0.02028409
0.02033828
0.02039265
0.02044454
0.02049509
0.02054590
0.02059697
0.02064828
0.02069985
0.02074718
0.02079458
0.02084176
0.02088574
0.02092991
0.02102746
0.02114500
0.05316063
0.05316063
0.05316063
0.05316063
0.05316063
0.05316063
0.05316063
0.05316063
0.05316063
0.05316063
0.05316063
0.05316063
0.05316063
0.05316063
0.05316063
0.05316063
0.05316063
0.05316063
0.05316063
0.05316063
0.05316063
0.05316063
0.05316063
0.05316063
0.05316063
0.05316063
0.05316063
0.05316063
0.05316063
0.05316063
0.05316063
0.05316063
0.05316063
0.05316063
0.05316063
0.05316063
0.05316063
0.05316063
0.05316063
0.05316063
0.05316063
0.05316063
0.05316063
0.05316063
0.05316063
0.05316063
0.05316063
0.05316063
0.05316063
0.05316063
0.05316063
0.05316063
0.05316063
0.05316063
0.05316063
0.05316063
0.05316063
0.05316063
0.05316063
0.05316063
0.05316063
0.05316063
0.05316063
0.02123077
0.02111173
0.02099408
0.02091798
0.02087522
0.02083096
0.02077779
0.02072489
0.02067227
0.02061990
0.02056781
0.02051597
0.02046439
0.02041308
0.02036202
0.02031133
0.02026176
0.02021236
0.02016895
0.02013625
0.02011075
0.02011646
0.02012459
0.02017971
0.02026161
0.02044829
0.02170662
0.02133477
0.02097545
0.02062803
0.02029193
0.01996662
0.01965531
0.01965644
0.01965758
0.01965872
0.01965986
0.01966344
0.01966817
0.01967291
0.01967765
0.01968239
0.01968714
0.01969188
0.01969663
0.01970192
0.01970900
0.01971609
0.01972318
0.01973028
0.01973738
0.01974449
0.01975161
0.01975865
0.01976569
0.01977273
0.01977978
0.01978683
0.01979389
0.01980095
0.01980802
0.01981509
0.01982217
0.01982925
0.01983634
0.01984473
0.01985857
0.01987224
0.01988906
0.01991447
0.01993993
0.01996546
0.01999106
0.02001672
0.02004245
0.02006825
0.02009411
0.02011952
0.02014499
0.02017052
0.02019612
0.02022179
0.02024752
0.02027332
0.02030497
0.02034295
0.02038031
0.02043845
0.02051865
0.02059948
0.02068095
0.02076307
0.02084414
0.02092510
0.02102521
0.02134200
0.02171849
0.02093867
0.02083424
0.02073085
0.02062849
0.02052713
0.02042676
0.02037663
0.02034333
0.02031015
0.02027707
0.02024410
0.02021123
0.02017848
0.02014582
0.02011328
0.02008084
0.02004850
0.02001764
0.01999572
0.01997385
0.01995204
0.01993026
0.01990854
0.01988687
0.01987245
0.01986051
0.01984859
0.01983669
0.01982480
0.01981292
0.01980106
0.01978921
0.01977738
0.01976556
0.01975375
0.01974196
0.01973019
0.01972263
0.01971733
0.01971202
0.01970672
0.01970142
0.01969612
0.01969083
0.01968554
0.01968025
0.01967497
0.01966968
0.01966440
0.01965913
0.01965387
0.01964862
0.01964337
0.01963812
0.01963288
0.01962764
0.01962241
0.01961685
0.01961061
0.01960437
0.01960111
0.01960194
0.01960278
0.01960362
0.01975285
0.02006827
0.02039392
0.02073032
0.02107787
0.02143740
0.02180942
0.02035866
0.02021925
0.02015873
0.02011765
0.02011158
0.02011117
0.02014650
0.02018204
0.02022738
0.02028115
0.02033521
0.02038664
0.02043692
0.02048744
0.02053821
0.02058923
0.02064051
0.02069205
0.02074384
0.02079454
0.02084068
0.02092937
0.05254872
0.05254872
0.05254872
0.05254872
0.05254872
0.05254872
0.05254872
0.05254872
0.05254872
0.05254872
0.05254872
0.05254872
0.05254872
0.05254872
0.05254872
0.05254872
0.05254872
0.05254872
0.05254872
0.05254872
0.05254872
0.05254872
0.05254872
0.05254872
0.05254872
0.05254872
0.05254872
0.05254872
0.05254872
0.05254872
0.05254872
0.05254872
0.05254872
0.05254872
0.05254872
0.05254872
0.05254872
0.05254872
0.05254872
0.05254872
0.05254872
0.05254872
0.05254872
0.05254872
0.05254872
0.05254872
0.05254872
0.05254872
0.05254872
0.05254872
0.05254872
0.05254872
0.05254872
0.05254872
0.05254872
0.05254872
0.05254872
0.05254872
0.05254872
0.05254872
0.05254872
0.05254872
0.05254872
0.05254872
0.05254872
0.05254872
0.05254872
0.05254872
0.05254872
0.05254872
0.02089631
0.02082898
0.02077690
0.02072401
0.02067139
0.02061903
0.02056694
0.02051510
0.02046353
0.02041222
0.02036117
0.02031037
0.02025982
0.02020961
0.02016603
0.02013333
0.02010764
0.02011333
0.02012085
0.02017595
0.02025580
0.02043461
0.02170662
0.02133477
0.02097545
0.02062803
0.02029194
0.01996662
0.01965156
0.01960546
0.01960659
0.01960772
0.01960885
0.01960998
0.01961111
0.01961225
0.01961517
0.01961988
0.01962459
0.01962931
0.01963403
0.01963884
0.01964588
0.01965292
0.01965996
0.01966702
0.01967408
0.01968114
0.01968821
0.01969528
0.01970235
0.01970942
0.01971642
0.01972343
0.01973044
0.01973746
0.01974448
0.01975151
0.01975854
0.01976558
0.01977262
0.01977973
0.01979348
0.01980725
0.01982103
0.01983468
0.01984831
0.01986196
0.01987562
0.01989630
0.01992172
0.01994720
0.01997275
0.01999837
0.02002405
0.02004953
0.02007482
0.02010018
0.02012561
0.02015109
0.02017665
0.02021408
0.02025174
0.02028944
0.02032661
0.02036390
0.02040619
0.02048614
0.02056672
0.02064793
0.02072808
0.02080814
0.02090900
0.02063447
0.02053325
0.02043458
0.02036787
0.02032263
0.02028302
0.02024993
0.02021696
0.02018409
0.02015133
0.02011867
0.02008612
0.02005368
0.02002134
0.01998916
0.01995711
0.01992517
0.01989952
0.01987895
0.01986701
0.01985508
0.01984317
0.01983128
0.01981939
0.01980752
0.01979567
0.01978383
0.01977200
0.01976019
0.01974839
0.01973660
0.01972483
0.01971307
0.01970133
0.01968960
0.01967789
0.01966619
0.01965990
0.01965463
0.01964936
0.01964409
0.01963883
0.01963356
0.01962830
0.01962304
0.01961779
0.01961254
0.01960729
0.01960204
0.01959680
0.01959156
0.01958632
0.01958109
0.01957585
0.01957062
0.01956542
0.01956021
0.01955451
0.01955189
0.01955272
0.01955356
0.01955438
0.01955522
0.01955605
0.01975285
0.02006827
0.02039392
0.02073032
0.02107787
0.02143740
0.02180942
0.02035275
0.02021364
0.02015492
0.02011452
0.02010844
0.02010824
0.02014360
0.02017912
0.02022434
0.02027809
0.02032907
0.02037907
0.02042930
0.02047978
0.02053052
0.02058150
0.02063274
0.05195072
0.05195072
0.05195072
0.05195072
0.05195072
0.05195072
0.05195072
0.05195072
0.05195072
0.05195072
0.05195072
0.05195072
0.05195072
0.05195072
0.05195072
0.05195072
0.05195072
0.05195072
0.05195072
0.05195072
0.05195072
0.05195072
0.05195072
0.05195072
0.05195072
0.05195072
0.05195072
0.05195072
0.05195072
0.05195072
0.05195072
0.05195072
0.05195072
0.05195072
0.05195072
0.05195072
0.05195072
0.05195072
0.05195072
0.05195072
0.05195072
0.05195072
0.05195072
0.05195072
0.05195072
0.05195072
0.05195072
0.05195072
0.05195072
0.05195072
0.05195072
0.05195072
0.05195072
0.05195072
0.05195072
0.05195072
0.05195072
0.05195072
0.05195072
0.05195072
0.05195072
0.05195072
0.05195072
0.05195072
0.05195072
0.05195072
0.05195072
0.05195072
0.05195072
0.05195072
0.05195072
0.05195072
0.05195072
0.05195072
0.05195072
0.05195072
0.05195072
0.05195072
0.05195072
0.05195072
0.02061635
0.02056419
0.02051231
0.02046067
0.02040930
0.02035819
0.02030733
0.02025673
0.02020638
0.02016310
0.02013042
0.02010451
0.02011024
0.02011711
0.02017219
0.02024983
0.02042095
0.02170662
0.02133477
0.02097545
0.02062803
0.02029194
0.01996662
0.01965156
0.01955473
0.01955586
0.01955698
0.01955811
0.01955924
0.01956036
0.01956149
0.01956262
0.01956374
0.01956487
0.01956713
0.01957182
0.01957652
0.01958315
0.01959015
0.01959715
0.01960416
0.01961117
0.01961819
0.01962521
0.01963224
0.01963927
0.01964631
0.01965335
0.01966040
0.01966740
0.01967437
0.01968135
0.01968834
0.01969532
0.01970232
0.01970931
0.01971632
0.01972881
0.01974249
0.01975618
0.01976990
0.01978364
0.01979726
0.01981084
0.01982444
0.01983805
0.01985168
0.01986533
0.01987900
0.01990354
0.01992898
0.01995448
0.01998003
0.02000515
0.02003033
0.02005558
0.02008681
0.02012400
0.02016133
0.02019879
0.02023621
0.02027318
0.02031028
0.02034752
0.02038489
0.02045373
0.02053406
0.02061330
0.02037060
0.02032536
0.02028031
0.02023546
0.02019081
0.02015766
0.02012498
0.02009241
0.02005995
0.02002759
0.01999533
0.01996318
0.01993113
0.01989918
0.01987281
0.01985567
0.01983855
0.01982603
0.01981413
0.01980224
0.01979036
0.01977850
0.01976665
0.01975482
0.01974302
0.01973124
0.01971948
0.01970773
0.01969600
0.01968427
0.01967256
0.01966087
0.01964919
0.01963752
0.01962587
0.01961423
0.01960282
0.01959757
0.01959233
0.01958710
0.01958186
0.01957663
0.01957140
0.01956617
0.01956094
0.01955573
0.01955051
0.01954529
0.01954008
0.01953487
0.01952966
0.01952590
0.01952406
0.01952221
0.01952037
0.01951852
0.01951668
0.01951355
0.01950946
0.02779990
0.01950615
0.01950697
0.01950780
0.01950862
0.01975285
0.02006827
0.02039392
0.02073032
0.02107787
0.02143740
0.02180942
0.02034686
0.02020803
0.02015112
0.02011138
0.02010529
0.02010532
0.02014069
0.02017621
0.02022129
0.02027184
0.02032154
0.02037149
0.02304748
0.02360538
0.02419095
0.02480632
0.05136618
0.05136618
0.05136618
0.05136618
0.05136618
0.05136618
0.05136618
0.05136618
0.05136618
0.05136618
0.05136618
0.05136618
0.05136618
0.05136618
0.05136618
0.05136618
0.05136618
0.05136618
0.05136618
0.05136618
0.05136618
0.05136618
0.05136618
0.05136618
0.05136618
0.05136618
0.05136618
0.05136618
0.05136618
0.05136618
0.05136618
0.05136618
0.05136618
0.05136618
0.05136618
0.05136618
0.05136618
0.05136618
0.05136618
0.05136618
0.05136618
0.05136618
0.05136618
0.05136618
0.05136618
0.05136618
0.05136618
0.05136618
0.05136618
0.05136618
0.05136618
0.05136618
0.05136618
0.05136618
0.05136618
0.05136618
0.05136618
0.05136618
0.05136618
0.05136618
0.05136618
0.05136618
0.05136618
0.05136618
0.05136618
0.05136618
0.05136618
0.05136618
0.05136618
0.05136618
0.05136618
0.05136618
0.05136618
0.05136618
0.05136618
0.05136618
0.05136618
0.05136618
0.05136618
0.05136618
0.05136618
0.02532259
0.02467432
0.02405840
0.02347249
0.02291442
0.02035455
0.02030371
0.02025312
0.02020279
0.02016017
0.02012750
0.02010137
0.02010715
0.02011337
0.02016844
0.02024386
0.02040730
0.02170662
0.02133477
0.02097545
0.02062803
0.02029194
0.01996662
0.01965156
0.01950483
0.01950592
0.01950700
0.01950809
0.01950918
0.01951026
0.01951135
0.01951244
0.01951352
0.01951540
0.01951770
0.01952001
0.01952231
0.01952477
0.01952778
0.01953474
0.01954170
0.01954867
0.01955564
0.01956262
0.01956960
0.01957659
0.01958358
0.01959058
0.01959758
0.01960459
0.01961160
0.01961862
0.01962557
0.01963251
0.01963946
0.01964641
0.01965337
0.01966456
0.01967815
0.01969176
0.01970539
0.01971903
0.01973270
0.01974638
0.01975999
0.01977351
0.01978705
0.01980061
0.01981420
0.01982780
0.01984142
0.01985505
0.01986871
0.01988539
0.01991078
0.01993595
0.01996114
0.01999786
0.02003472
0.02007172
0.02010885
0.02014612
0.02018327
0.02022004
0.02025694
0.02029398
0.02033116
0.02036847
0.02023816
0.02019350
0.02014904
0.02010477
0.02006622
0.02003384
0.02000157
0.01996939
0.01993732
0.01990536
0.01987562
0.01985847
0.01984135
0.01982426
0.01980720
0.01979017
0.01977352
0.01976168
0.01974986
0.01973804
0.01972625
0.01971446
0.01970269
0.01969093
0.01967919
0.01966746
0.01965575
0.01964404
0.01963236
0.01962068
0.01960902
0.01959738
0.01958575
0.01957413
0.01956255
0.01955098
0.01954085
0.01953564
0.01953043
0.01952581
0.01952396
0.01952212
0.01952028
0.01951843
0.01951659
0.01951475
0.01951291
0.01951106
0.01950922
0.01950738
0.01950554
0.01950370
0.01950186
0.01950002
0.01949818
0.01949635
0.01949450
0.01949128
0.01948721
0.01948313
0.01947905
0.01947498
0.01947091
0.01946761
0.01975285
0.02006827
0.02039392
0.02073032
0.02107787
0.02143740
0.02180942
0.02096875
0.02096201
0.02095502
0.02010823
0.02010216
0.02010241
0.02096345
0.02099924
0.02109571
0.02145449
0.02201928
0.02252862
0.02306176
0.02362036
0.02420669
0.02482287
0.05079466
0.05079466
0.05079466
0.05079466
0.05079466
0.05079466
0.05079466
0.05079466
0.05079466
0.05079466
0.05079466
0.05079466
0.05079466
0.05079466
0.05079466
0.05079466
0.05079466
0.05079466
0.05079466
0.05079466
0.05079466
0.05079466
0.05079466
0.05079466
0.05079466
0.05079466
0.05079466
0.05079466
0.05079466
0.05079466
0.05079466
0.05079466
0.05079466
0.05079466
0.05079466
0.05079466
0.05079466
0.05079466
0.05079466
0.05079466
0.05079466
0.05079466
0.05079466
0.05079466
0.05079466
0.05079466
0.05079466
0.05079466
0.05079466
0.05079466
0.05079466
0.05079466
0.05079466
0.05079466
0.05079466
0.05079466
0.05079466
0.05079466
0.05079466
0.05079466
0.05079466
0.05079466
0.05079466
0.05079466
0.05079466
0.05079466
0.05079466
0.05079466
0.05079466
0.05079466
0.05079466
0.05079466
0.05079466
0.05079466
0.05079466
0.05079466
0.05079466
0.05079466
0.05079466
0.05079466
0.05079466
0.02534004
0.02469088
0.02407414
0.02348748
0.02292869
0.02239634
0.02188844
0.02127321
0.02106514
0.02099044
0.02012459
0.02009824
0.02010406
0.02011014
0.02095815
0.02096137
0.02209166
0.02170662
0.02133477
0.02097545
0.02062804
0.02029194
0.01996662
0.01965156
0.01947413
0.01947492
0.01947713
0.01947943
0.01948172
0.01948402
0.01948632
0.01948861
0.01949091
0.01949321
0.01949551
0.01949781
0.01950011
0.01950256
0.01950504
0.01950753
0.01950998
0.01951242
0.01951486
0.01951730
0.01951975
0.01952219
0.01952464
0.01952820
0.01953517
0.01954213
0.01954909
0.01955607
0.01956304
0.01957003
0.01957700
0.01958391
0.01959082
0.01960073
0.01961423
0.01962775
0.01964129
0.01965485
0.01966842
0.01968202
0.01969563
0.01970927
0.01972285
0.01973632
0.01974981
0.01976332
0.01977685
0.01979040
0.01980397
0.01981755
0.01983116
0.01984478
0.01985842
0.01987540
0.01990969
0.01994623
0.01998290
0.02001971
0.02005665
0.02009372
0.02013059
0.02016717
0.02020388
0.02024073
0.02010743
0.02006334
0.02001945
0.01997575
0.01994352
0.01991154
0.01987965
0.01986128
0.01984416
0.01982707
0.01981000
0.01979297
0.01977596
0.01975898
0.01974204
0.01972512
0.01970952
0.01969775
0.01968600
0.01967426
0.01966254
0.01965083
0.01963914
0.01962746
0.01961579
0.01960414
0.01959249
0.01958087
0.01956926
0.01955766
0.01954607
0.01953450
0.01952479
0.01952074
0.01951670
0.01951265
0.01950918
0.01950732
0.01950547
0.01950362
0.01950177
0.01949993
0.01949809
0.01949625
0.01949441
0.01949257
0.01949074
0.01948890
0.01948706
0.01948523
0.01948339
0.01948155
0.01947972
0.01947788
0.01947605
0.01947421
0.01947238
0.01946907
0.01946500
0.01946093
0.01945687
0.01945280
0.01945139
0.01945083
0.01975285
0.02006827
0.02039392
0.02073032
0.02107787
0.02143740
0.02180942
0.02100313
0.02100318
0.02100114
0.02099558
0.02099606
0.02099654
0.02100421
0.02104371
0.02115569
0.02154494
0.02203233
0.02254229
0.02307606
0.02363536
0.02422245
0.02483944
0.05023570
0.05023570
0.05023570
0.05023570
0.05023570
0.05023570
0.05023570
0.05023570
0.05023570
0.05023570
0.05023570
0.05023570
0.05023570
0.05023570
0.05023570
0.05023570
0.05023570
0.05023570
0.05023570
0.05023570
0.05023570
0.05023570
0.05023570
0.05023570
0.05023570
0.05023570
0.05023570
0.05023570
0.05023570
0.05023570
0.05023570
0.05023570
0.05023570
0.05023570
0.05023570
0.05023570
0.05023570
0.05023570
0.05023570
0.05023570
0.05023570
0.05023570
0.05023570
0.05023570
0.05023570
0.05023570
0.05023570
0.05023570
0.05023570
0.05023570
0.05023570
0.05023570
0.05023570
0.05023570
0.05023570
0.05023570
0.05023570
0.05023570
0.05023570
0.05023570
0.05023570
0.05023570
0.05023570
0.05023570
0.05023570
0.05023570
0.05023570
0.05023570
0.05023570
0.05023570
0.05023570
0.05023570
0.05023570
0.05023570
0.05023570
0.05023570
0.05023570
0.05023570
0.05023570
0.05023570
0.05023570
0.02535751
0.02470746
0.02408991
0.02350249
0.02294298
0.02240991
0.02190140
0.02141546
0.02111839
0.02103052
0.02099688
0.02099640
0.02099592
0.02099625
0.02100445
0.02100731
0.02209166
0.02170662
0.02133477
0.02097545
0.02062804
0.02029194
0.01996662
0.01965156
0.01945579
0.01945657
0.01945736
0.01945814
0.01945961
0.01946190
0.01946419
0.01946649
0.01946878
0.01947107
0.01947337
0.01947566
0.01947796
0.01948040
0.01948287
0.01948535
0.01948783
0.01949031
0.01949278
0.01949522
0.01949765
0.01950009
0.01950253
0.01950497
0.01950741
0.01950985
0.01951229
0.01951473
0.01951717
0.01951962
0.01952206
0.01952450
0.01952863
0.01953731
0.01955073
0.01956416
0.01957761
0.01959108
0.01960457
0.01961808
0.01963160
0.01964515
0.01965871
0.01967229
0.01968584
0.01969927
0.01971271
0.01972617
0.01973965
0.01975315
0.01976667
0.01978020
0.01979375
0.01980965
0.01982889
0.01984801
0.01986710
0.01989486
0.01993135
0.01996796
0.02000471
0.02004160
0.02007819
0.02011458
0.01997838
0.01993485
0.01989152
0.01986409
0.01984696
0.01982987
0.01981280
0.01979576
0.01977875
0.01976176
0.01974481
0.01972789
0.01971100
0.01969413
0.01967729
0.01966049
0.01964592
0.01963423
0.01962255
0.01961089
0.01959925
0.01958761
0.01957599
0.01956438
0.01955279
0.01954121
0.01952965
0.01952292
0.01951887
0.01951483
0.01951079
0.01950674
0.01950271
0.01949867
0.01949463
0.01949060
0.01948710
0.01948525
0.01948340
0.01948155
0.01947970
0.01947784
0.01947599
0.01947414
0.01947229
0.01947045
0.01946862
0.01946679
0.01946495
0.01946312
0.01946129
0.01945946
0.01945762
0.01945579
0.01945396
0.01945213
0.01945030
0.01944690
0.01944284
0.01943878
0.01943576
0.01943520
0.01943464
0.01944720
0.01975285
0.02006827
0.02039392
0.02073032
0.02107787
0.02143740
0.02180942
0.02102637
0.02102611
0.02102586
0.02102564
0.02102571
0.02102578
0.02103022
0.02106924
0.02118726
0.02155744
0.02204540
0.02255597
0.02309036
0.02365038
0.02423822
0.02485602
0.04968892
0.04968892
0.04968892
0.04968892
0.04968892
0.04968892
0.04968892
0.04968892
0.04968892
0.04968892
0.04968892
0.04968892
0.04968892
0.04968892
0.04968892
0.04968892
0.04968892
0.04968892
0.04968892
0.04968892
0.04968892
0.04968892
0.04968892
0.04968892
0.04968892
0.04968892
0.04968892
0.04968892
0.04968892
0.04968892
0.04968892
0.04968892
0.04968892
0.04968892
0.04968892
0.04968892
0.04968892
0.04968892
0.04968892
0.04968892
0.04968892
0.04968892
0.04968892
0.04968892
0.04968892
0.04968892
0.04968892
0.04968892
0.04968892
0.04968892
0.04968892
0.04968892
0.04968892
0.04968892
0.04968892
0.04968892
0.04968892
0.04968892
0.04968892
0.04968892
0.04968892
0.04968892
0.04968892
0.04968892
0.04968892
0.04968892
0.04968892
0.04968892
0.04968892
0.04968892
0.04968892
0.04968892
0.04968892
0.04968892
0.04968892
0.04968892
0.04968892
0.04968892
0.04968892
0.04968892
0.04968892
0.02537499
0.02472407
0.02410570
0.02351751
0.02295728
0.02242350
0.02191438
0.02142787
0.02114229
0.02105391
0.02102584
0.02102577
0.02102569
0.02102567
0.02102593
0.02102619
0.02209166
0.02170662
0.02133477
0.02097545
0.02062804
0.02029194
0.01996662
0.01965156
0.01943748
0.01943826
0.01943904
0.01943983
0.01944061
0.01944139
0.01944217
0.01944441
0.01944670
0.01944899
0.01945128
0.01945357
0.01945586
0.01945829
0.01946076
0.01946323
0.01946570
0.01946817
0.01947064
0.01947312
0.01947559
0.01947804
0.01948047
0.01948291
0.01948534
0.01948778
0.01949021
0.01949265
0.01949508
0.01949752
0.01949996
0.01950240
0.01950484
0.01950789
0.01951254
0.01951718
0.01952181
0.01952773
0.01954113
0.01955455
0.01956799
0.01958144
0.01959492
0.01960841
0.01962193
0.01963545
0.01964898
0.01966236
0.01967575
0.01968916
0.01970259
0.01971604
0.01972950
0.01974428
0.01976339
0.01978253
0.01980170
0.01982070
0.01983973
0.01985881
0.01988006
0.01991649
0.01995304
0.01998974
0.01986273
0.01984017
0.01981767
0.01979877
0.01978172
0.01976470
0.01974770
0.01973073
0.01971380
0.01969689
0.01968005
0.01966324
0.01964645
0.01962970
0.01961298
0.01959628
0.01958273
0.01957112
0.01955952
0.01954793
0.01953636
0.01952510
0.01952105
0.01951701
0.01951296
0.01950892
0.01950488
0.01950084
0.01949680
0.01949277
0.01948873
0.01948470
0.01948067
0.01947664
0.01947262
0.01946859
0.01946506
0.01946322
0.01946137
0.01945952
0.01945768
0.01945583
0.01945398
0.01945214
0.01945029
0.01944845
0.01944660
0.01944476
0.01944292
0.01944107
0.01943924
0.01943741
0.01943558
0.01943376
0.01943193
0.01943010
0.01942827
0.01942478
0.01942073
0.01941960
0.01941904
0.01941848
0.01941792
0.01944721
0.01975285
0.02006827
0.02039392
0.02073032
0.02107787
0.02143740
0.02180942
0.02103317
0.02103292
0.02103266
0.02103245
0.02103252
0.02103259
0.02103740
0.02107698
0.02119669
0.02156995
0.02205849
0.02256968
0.02310469
0.02366542
0.02425401
0.02487263
0.04915391
0.04915391
0.04915391
0.04915391
0.04915391
0.04915391
0.04915391
0.04915391
0.04915391
0.04915391
0.04915391
0.04915391
0.04915391
0.04915391
0.04915391
0.04915391
0.04915391
0.04915391
0.04915391
0.04915391
0.04915391
0.04915391
0.04915391
0.04915391
0.04915391
0.04915391
0.04915391
0.04915391
0.04915391
0.04915391
0.04915391
0.04915391
0.04915391
0.04915391
0.04915391
0.04915391
0.04915391
0.04915391
0.04915391
0.04915391
0.04915391
0.04915391
0.04915391
0.04915391
0.04915391
0.04915391
0.04915391
0.04915391
0.04915391
0.04915391
0.04915391
0.04915391
0.04915391
0.04915391
0.04915391
0.04915391
0.04915391
0.04915391
0.04915391
0.04915391
0.04915391
0.04915391
0.04915391
0.04915391
0.04915391
0.04915391
0.04915391
0.04915391
0.04915391
0.04915391
0.04915391
0.04915391
0.04915391
0.04915391
0.04915391
0.04915391
0.04915391
0.04915391
0.04915391
0.04915391
0.04915391
0.04915391
0.02474070
0.02412151
0.02353255
0.02297161
0.02243711
0.02192738
0.02144029
0.02115024
0.02106106
0.02103264
0.02103257
0.02103250
0.02103247
0.02103273
0.02103299
0.02209166
0.02170662
0.02133477
0.02097546
0.02062804
0.02029194
0.01996662
0.01965156
0.01941920
0.01941998
0.01942076
0.01942154
0.01942233
0.01942311
0.01942389
0.01942467
0.01942546
0.01942695
0.01942924
0.01943152
0.01943381
0.01943623
0.01943869
0.01944115
0.01944362
0.01944609
0.01944855
0.01945102
0.01945349
0.01945596
0.01945843
0.01946090
0.01946332
0.01946575
0.01946818
0.01947061
0.01947305
0.01947548
0.01947791
0.01948034
0.01948278
0.01948590
0.01949054
0.01949517
0.01949982
0.01950445
0.01950908
0.01951372
0.01951835
0.01952299
0.01953154
0.01954495
0.01955837
0.01957181
0.01958528
0.01959876
0.01961225
0.01962558
0.01963893
0.01965229
0.01966566
0.01967935
0.01969833
0.01971734
0.01973640
0.01975549
0.01977451
0.01979346
0.01981244
0.01983147
0.01985052
0.01986961
0.01979643
0.01977403
0.01975167
0.01973388
0.01971694
0.01970003
0.01968314
0.01966629
0.01964946
0.01963267
0.01961589
0.01959915
0.01958244
0.01956576
0.01954910
0.01953248
0.01952323
0.01951918
0.01951514
0.01951109
0.01950705
0.01950301
0.01949897
0.01949494
0.01949090
0.01948687
0.01948284
0.01947881
0.01947478
0.01947075
0.01946673
0.01946271
0.01945869
0.01945467
0.01945065
0.01944663
0.01944308
0.01944124
0.01943940
0.01943755
0.01943571
0.01943387
0.01943203
0.01943018
0.01942834
0.01942650
0.01942466
0.01942282
0.01942098
0.01941914
0.01941730
0.01941547
0.01941363
0.01941179
0.01940995
0.01940812
0.01940629
0.01940403
0.01940346
0.01940290
0.01940234
0.01940178
0.01940122
0.01944721
0.01975285
0.02006827
0.02039392
0.02073032
0.02107787
0.02143740
0.02180942
0.02103998
0.02103972
0.02103947
0.02103926
0.02103933
0.02103940
0.02104458
0.02108473
0.02120614
0.02158248
0.02207159
0.02258339
0.02311902
0.02368048
0.02426983
0.02488927
0.04863029
0.04863029
0.04863029
0.04863029
0.04863029
0.04863029
0.04863029
0.04863029
0.04863029
0.04863029
0.04863029
0.04863029
0.04863029
0.04863029
0.04863029
0.04863029
0.04863029
0.04863029
0.04863029
0.04863029
0.04863029
0.04863029
0.04863029
0.04863029
0.04863029
0.04863029
0.04863029
0.04863029
0.04863029
0.04863029
0.04863029
0.04863029
0.04863029
0.04863029
0.04863029
0.04863029
0.04863029
0.04863029
0.04863029
0.04863029
0.04863029
0.04863029
0.04863029
0.04863029
0.04863029
0.04863029
0.04863029
0.04863029
0.04863029
0.04863029
0.04863029
0.04863029
0.04863029
0.04863029
0.04863029
0.04863029
0.04863029
0.04863029
0.04863029
0.04863029
0.04863029
0.04863029
0.04863029
0.04863029
0.04863029
0.04863029
0.04863029
0.04863029
0.04863029
0.04863029
0.04863029
0.04863029
0.04863029
0.04863029
0.04863029
0.04863029
0.04863029
0.04863029
0.04863029
0.04863029
0.04863029
0.04863029
0.02475735
0.02413733
0.02354762
0.02298595
0.02245073
0.02194039
0.02145273
0.02115821
0.02106821
0.02103945
0.02103938
0.02103931
0.02103929
0.02103954
0.02103980
0.02209166
0.02170662
0.02133477
0.02097546
0.02062804
0.02029194
0.01996662
0.01965156
0.01940096
0.01940174
0.01940252
0.01940330
0.01940408
0.01940486
0.01940564
0.01940642
0.01940720
0.01940798
0.01940876
0.01940954
0.01941180
0.01941421
0.01941667
0.01941913
0.01942159
0.01942405
0.01942652
0.01942897
0.01943144
0.01943390
0.01943636
0.01943883
0.01944130
0.01944376
0.01944621
0.01944863
0.01945106
0.01945348
0.01945591
0.01945834
0.01946076
0.01946396
0.01946859
0.01947321
0.01947784
0.01948247
0.01948711
0.01949174
0.01949636
0.01950099
0.01950562
0.01951025
0.01951488
0.01951952
0.01952416
0.01953535
0.01954876
0.01956219
0.01957564
0.01958895
0.01960224
0.01961555
0.01963369
0.01965258
0.01967151
0.01969048
0.01970948
0.01972852
0.01974740
0.01976630
0.01978523
0.01980420
0.01973058
0.01970832
0.01968628
0.01966942
0.01965259
0.01963578
0.01961901
0.01960227
0.01958555
0.01956886
0.01955220
0.01953557
0.01952274
0.01951705
0.01951136
0.01950567
0.01950121
0.01949716
0.01949312
0.01948908
0.01948504
0.01948101
0.01947697
0.01947293
0.01946890
0.01946487
0.01946085
0.01945683
0.01945281
0.01944879
0.01944478
0.01944076
0.01943675
0.01943274
0.01942873
0.01942473
0.01942115
0.01941931
0.01941747
0.01941563
0.01941379
0.01941196
0.01941011
0.01940828
0.01940644
0.01940461
0.01940277
0.01940093
0.01939998
0.01939998
0.01939998
0.01939998
0.01939998
0.01939998
0.01939998
0.01939998
0.01939998
0.01939998
0.01939998
0.01939998
0.01939998
0.01939998
0.01939998
0.01944721
0.01975285
0.02006827
0.02039392
0.02073032
0.02107787
0.02143740
0.02180942
0.02104679
0.02104653
0.02104628
0.02104608
0.02104615
0.02104622
0.02105178
0.02109249
0.02121559
0.02159502
0.02208471
0.02259713
0.02313338
0.02369555
0.02428567
0.02490593
0.04811773
0.04811773
0.04811773
0.04811773
0.04811773
0.04811773
0.04811773
0.04811773
0.04811773
0.04811773
0.04811773
0.04811773
0.04811773
0.04811773
0.04811773
0.04811773
0.04811773
0.04811773
0.04811773
0.04811773
0.04811773
0.04811773
0.04811773
0.04811773
0.04811773
0.04811773
0.04811773
0.04811773
0.04811773
0.04811773
0.04811773
0.04811773
0.04811773
0.04811773
0.04811773
0.04811773
0.04811773
0.04811773
0.04811773
0.04811773
0.04811773
0.04811773
0.04811773
0.04811773
0.04811773
0.04811773
0.04811773
0.04811773
0.04811773
0.04811773
0.04811773
0.04811773
0.04811773
0.04811773
0.04811773
0.04811773
0.04811773
0.04811773
0.04811773
0.04811773
0.04811773
0.04811773
0.04811773
0.04811773
0.04811773
0.04811773
0.04811773
0.04811773
0.04811773
0.04811773
0.04811773
0.04811773
0.04811773
0.04811773
0.04811773
0.04811773
0.04811773
0.04811773
0.04811773
0.04811773
0.04811773
0.04811773
0.02477402
0.02415318
0.02356270
0.02300031
0.02246437
0.02195342
0.02146518
0.02116618
0.02107537
0.02104627
0.02104620
0.02104613
0.02104612
0.02104636
0.02104661
0.02209166
0.02170662
0.02133478
0.02097546
0.02062804
0.02029194
0.01996662
0.01965156
0.01939998
0.01939998
0.01939998
0.01939998
0.01939998
0.01939998
0.01939998
0.01939998
0.01939998
0.01939998
0.01939998
0.01939998
0.01939998
0.01939998
0.01939998
0.01939998
0.01939998
0.01940207
0.01940452
0.01940698
0.01940944
0.01941190
0.01941435
0.01941681
0.01941927
0.01942173
0.01942420
0.01942666
0.01942912
0.01943154
0.01943396
0.01943638
0.01943880
0.01944207
0.01944669
0.01945130
0.01945592
0.01946054
0.01946517
0.01946979
0.01947442
0.01947904
0.01948366
0.01948828
0.01949291
0.01949753
0.01950216
0.01950679
0.01951142
0.01951606
0.01952069
0.01952577
0.01953917
0.01955245
0.01956947
0.01958824
0.01960705
0.01962589
0.01964477
0.01966368
0.01968263
0.01970156
0.01972037
0.01973921
0.01966516
0.01964304
0.01962212
0.01960538
0.01958865
0.01957196
0.01955529
0.01953866
0.01952362
0.01951793
0.01951223
0.01950655
0.01950087
0.01949519
0.01948951
0.01948384
0.01947925
0.01947521
0.01947118
0.01946715
0.01946312
0.01945909
0.01945506
0.01945104
0.01944702
0.01944300
0.01943898
0.01943496
0.01943094
0.01942693
0.01942291
0.01941890
0.01941489
0.01941088
0.01940688
0.01940287
0.01939998
0.01939998
0.01939998
0.01939998
0.01939998
0.01939998
0.01939998
0.01939998
0.01939998
0.01939998
0.01939998
0.01939998
0.01939998
0.01939998
0.01939998
0.01939998
0.01939998
0.01939998
0.01939998
0.01939998
0.01939998
0.01939998
0.01939998
0.01939998
0.01939998
0.01939998
0.01939998
0.01944721
0.01975285
0.02006827
0.02039392
0.02073032
0.02107787
0.02143740
0.02180942
0.02105361
0.02105335
0.02105310
0.02105291
0.02105297
0.02105304
0.02105897
0.02110025
0.02122505
0.02160758
0.02209785
0.02261088
0.02314776
0.02371065
0.02430153
0.02492260
0.04761586
0.04761586
0.04761586
0.04761586
0.04761586
0.04761586
0.04761586
0.04761586
0.04761586
0.04761586
0.04761586
0.04761586
0.04761586
0.04761586
0.04761586
0.04761586
0.04761586
0.04761586
0.04761586
0.04761586
0.04761586
0.04761586
0.04761586
0.04761586
0.04761586
0.04761586
0.04761586
0.04761586
0.04761586
0.04761586
0.04761586
0.04761586
0.04761586
0.04761586
0.04761586
0.04761586
0.04761586
0.04761586
0.04761586
0.04761586
0.04761586
0.04761586
0.04761586
0.04761586
0.04761586
0.04761586
0.04761586
0.04761586
0.04761586
0.04761586
0.04761586
0.04761586
0.04761586
0.04761586
0.04761586
0.04761586
0.04761586
0.04761586
0.04761586
0.04761586
0.04761586
0.04761586
0.04761586
0.04761586
0.04761586
0.04761586
0.04761586
0.04761586
0.04761586
0.04761586
0.04761586
0.04761586
0.04761586
0.04761586
0.04761586
0.04761586
0.04761586
0.04761586
0.04761586
0.04761586
0.04761586
0.04761586
0.02479072
0.02416905
0.02357780
0.02301469
0.02247803
0.02196646
0.02147765
0.02117416
0.02108254
0.02105309
0.02105302
0.02105295
0.02105295
0.02105317
0.02105343
0.02209166
0.02170662
0.02133478
0.02097546
0.02062804
0.02029194
0.01996662
0.01965167
0.01939998
0.01939998
0.01939998
0.01939998
0.01939998
0.01939998
0.01939998
0.01939998
0.01939998
0.01939998
0.01939998
0.01939998
0.01939998
0.01939998
0.01939998
0.01939998
0.01939998
0.01939998
0.01939998
0.01939998
0.01939998
0.01939998
0.01939998
0.01939998
0.01939998
0.01939998
0.01940221
0.01940466
0.01940712
0.01940958
0.01941204
0.01941448
0.01941689
0.01942023
0.01942484
0.01942944
0.01943405
0.01943866
0.01944327
0.01944789
0.01945251
0.01945713
0.01946175
0.01946636
0.01947098
0.01947559
0.01948021
0.01948483
0.01948945
0.01949408
0.01949870
0.01950333
0.01950796
0.01951259
0.01951834
0.01952462
0.01954301
0.01956172
0.01958048
0.01959927
0.01961810
0.01963696
0.01965586
0.01967465
0.01960017
0.01957820
0.01955839
0.01954174
0.01952513
0.01951880
0.01951311
0.01950742
0.01950174
0.01949606
0.01949038
0.01948471
0.01947904
0.01947337
0.01946770
0.01946204
0.01945734
0.01945332
0.01944929
0.01944527
0.01944125
0.01943723
0.01943321
0.01942920
0.01942518
0.01942117
0.01941716
0.01941315
0.01940914
0.01940514
0.01940113
0.01939998
0.01939998
0.01939998
0.01939998
0.01939998
0.01939998
0.01939998
0.01939998
0.01939998
0.01939998
0.01939998
0.01939998
0.01939998
0.01939998
0.01939998
0.01939998
0.01939998
0.01939998
0.01939998
0.01939998
0.01939998
0.01939998
0.01939998
0.01939998
0.01939998
0.01939998
0.01939998
0.01939998
0.01939998
0.01939998
0.01939998
0.01939998
0.01944721
0.01975285
0.02006827
0.02039392
0.02073032
0.02107787
0.02143740
0.02180942
0.02106043
0.02106017
0.02105992
0.02105974
0.02105979
0.02105986
0.02106617
0.02110801
0.02123452
0.02162015
0.02211099
0.02262462
0.02316215
0.02372576
0.02431740
0.02493931
0.04712433
0.04712433
0.04712433
0.04712433
0.04712433
0.04712433
0.04712433
0.04712433
0.04712433
0.04712433
0.04712433
0.04712433
0.04712433
0.04712433
0.04712433
0.04712433
0.04712433
0.04712433
0.04712433
0.04712433
0.04712433
0.04712433
0.04712433
0.04712433
0.04712433
0.04712433
0.04712433
0.04712433
0.04712433
0.04712433
0.04712433
0.04712433
0.04712433
0.04712433
0.04712433
0.04712433
0.04712433
0.04712433
0.04712433
0.04712433
0.04712433
0.04712433
0.04712433
0.04712433
0.04712433
0.04712433
0.04712433
0.04712433
0.04712433
0.04712433
0.04712433
0.04712433
0.04712433
0.04712433
0.04712433
0.04712433
0.04712433
0.04712433
0.04712433
0.04712433
0.04712433
0.04712433
0.04712433
0.04712433
0.04712433
0.04712433
0.04712433
0.04712433
0.04712433
0.04712433
0.04712433
0.04712433
0.04712433
0.04712433
0.04712433
0.04712433
0.04712433
0.04712433
0.04712433
0.04712433
0.04712433
0.04712433
0.02480744
0.02418494
0.02359292
0.02302908
0.02249170
0.02197952
0.02149013
0.02118214
0.02108971
0.02105992
0.02105984
0.02105977
0.02105978
0.02105999
0.02106025
0.02209166
0.02170662
0.02133478
0.02097546
0.02062803
0.02029194
0.01996662
0.01965167
0.01939998
0.01939998
0.01939998
0.01939998
0.01939998
0.01939998
0.01939998
0.01939998
0.01939998
0.01939998
0.01939998
0.01939998
0.01939998
0.01939998
0.01939998
0.01939998
0.01939998
0.01939998
0.01939998
0.01939998
0.01939998
0.01939998
0.01939998
0.01939998
0.01939998
0.01939998
0.01939998
0.01939998
0.01939998
0.01939998
0.01939998
0.01939995
0.01939995
0.01939995
0.01940303
0.01940763
0.01941223
0.01941683
0.01942143
0.01942603
0.01943064
0.01943525
0.01943986
0.01944448
0.01944909
0.01945370
0.01945831
0.01946292
0.01946753
0.01947214
0.01947676
0.01948138
0.01948600
0.01949062
0.01949652
0.01950289
0.01950921
0.01951547
0.01952174
0.01953528
0.01955399
0.01957272
0.01959150
0.01961031
0.01953578
0.01952055
0.01951401
0.01950831
0.01950261
0.01949693
0.01949126
0.01948558
0.01947991
0.01947424
0.01946858
0.01946292
0.01945726
0.01945160
0.01944595
0.01944030
0.01943548
0.01943146
0.01942745
0.01942344
0.01941942
0.01941542
0.01941141
0.01940740
0.01940339
0.01939998
0.01939998
0.01939998
0.01939998
0.01939998
0.01939998
0.01939998
0.01939998
0.01939998
0.01939998
0.01939998
0.01939998
0.01939998
0.01939998
0.01939998
0.01939998
0.01939998
0.01939998
0.01939998
0.01939998
0.01939998
0.01939998
0.01939998
0.01939998
0.01939998
0.01939998
0.01939998
0.01939998
0.01939998
0.01939998
0.01939998
0.01939998
0.01939998
0.01939998
0.01939998
0.01939998
0.01939998
0.01939998
0.01944721
0.01975285
0.02006827
0.02039392
0.02073032
0.02107787
0.02143740
0.02180942
0.02106725
0.02106700
0.02106674
0.02106658
0.02106662
0.02106669
0.02107338
0.02111578
0.02124400
0.02163274
0.02212416
0.02263837
0.02317657
0.02374090
0.02433330
0.02495603
0.04664285
0.04664285
0.04664285
0.04664285
0.04664285
0.04664285
0.04664285
0.04664285
0.04664285
0.04664285
0.04664285
0.04664285
0.04664285
0.04664285
0.04664285
0.04664285
0.04664285
0.04664285
0.04664285
0.04664285
0.04664285
0.04664285
0.04664285
0.04664285
0.04664285
0.04664285
0.04664285
0.04664285
0.04664285
0.04664285
0.04664285
0.04664285
0.04664285
0.04664285
0.04664285
0.04664285
0.04664285
0.04664285
0.04664285
0.04664285
0.04664285
0.04664285
0.04664285
0.04664285
0.04664285
0.04664285
0.04664285
0.04664285
0.04664285
0.04664285
0.04664285
0.04664285
0.04664285
0.04664285
0.04664285
0.04664285
0.04664285
0.04664285
0.04664285
0.04664285
0.04664285
0.04664285
0.04664285
0.04664285
0.04664285
0.04664285
0.04664285
0.04664285
0.04664285
0.04664285
0.04664285
0.04664285
0.04664285
0.04664285
0.04664285
0.04664285
0.04664285
0.04664285
0.04664285
0.04664285
0.04664285
0.04664285
0.02482418
0.02420085
0.02360807
0.02304350
0.02250539
0.02199259
0.02150263
0.02119013
0.02109689
0.02106674
0.02106667
0.02106660
0.02106661
0.02106681
0.02106707
0.02209166
0.02170662
0.02133478
0.02097546
0.02062804
0.02029194
0.01996673
0.01965167
0.01939998
0.01939998
0.01939998
0.01939998
0.01939998
0.01939998
0.01939998
0.01939998
0.01939998
0.01939998
0.01939998
0.01939998
0.01939998
0.01939998
0.01939998
0.01939998
0.01939998
0.01939998
0.01939998
0.01939998
0.01939998
0.01939995
0.01939995
0.01939995
0.01939995
0.01939995
0.01939995
0.01939995
0.01939995
0.01939995
0.01939995
0.01939995
0.01939995
0.01939995
0.01939995
0.01939995
0.01939995
0.01939995
0.01939995
0.01940423
0.01940882
0.01941342
0.01941803
0.01942263
0.01942724
0.01943184
0.01943645
0.01944106
0.01944566
0.01945026
0.01945487
0.01945947
0.01946408
0.01946869
0.01947474
0.01948110
0.01948747
0.01949384
0.01950008
0.01950634
0.01951259
0.01951885
0.01952756
0.01954625
0.01950629
0.01949897
0.01949226
0.01948657
0.01948088
0.01947520
0.01946952
0.01946384
0.01945817
0.01945250
0.01944683
0.01944117
0.01943552
0.01942988
0.01942425
0.01941861
0.01941367
0.01940966
0.01940565
0.01940165
0.01939998
0.01939998
0.01939998
0.01939998
0.01939998
0.01939998
0.01939998
0.01939998
0.01939998
0.01939998
0.01939998
0.01939998
0.01939998
0.01939998
0.01939998
0.01939998
0.01939998
0.01939998
0.01939998
0.01939998
0.01939998
0.01939998
0.02765517
0.02766366
0.02767215
0.02768065
0.01939998
0.01939998
0.01939998
0.01939998
0.01939998
0.01939998
0.01939998
0.01939998
0.01939998
0.01939998
0.01939998
0.01939998
0.01939998
0.01939998
0.01939998
0.01939998
0.01939998
0.01944721
0.01975285
0.02006827
0.02039392
0.02073032
0.02107787
0.02143740
0.02180942
0.02107408
0.02107382
0.02107357
0.02107342
0.02107345
0.02107352
0.02108059
0.02112355
0.02125349
0.02164534
0.02213734
0.02265213
0.02319099
0.02375605
0.02434922
0.02497277
0.04617111
0.04617111
0.04617111
0.04617111
0.04617111
0.04617111
0.04617111
0.04617111
0.04617111
0.04617111
0.04617111
0.04617111
0.04617111
0.04617111
0.04617111
0.04617111
0.04617111
0.04617111
0.04617111
0.04617111
0.04617111
0.04617111
0.04617111
0.04617111
0.04617111
0.04617111
0.04617111
0.04617111
0.04617111
0.04617111
0.04617111
0.04617111
0.04617111
0.04617111
0.04617111
0.04617111
0.04617111
0.04617111
0.04617111
0.04617111
0.04617111
0.04617111
0.04617111
0.04617111
0.04617111
0.04617111
0.04617111
0.04617111
0.04617111
0.04617111
0.04617111
0.04617111
0.04617111
0.04617111
0.04617111
0.04617111
0.04617111
0.04617111
0.04617111
0.04617111
0.04617111
0.04617111
0.04617111
0.04617111
0.04617111
0.04617111
0.04617111
0.04617111
0.04617111
0.04617111
0.04617111
0.04617111
0.04617111
0.04617111
0.04617111
0.04617111
0.04617111
0.04617111
0.04617111
0.04617111
0.04617111
0.04617111
0.02484094
0.02421678
0.02362323
0.02305793
0.02251909
0.02200568
0.02151514
0.02119812
0.02110407
0.02107358
0.02107351
0.02107343
0.02107346
0.02107364
0.02107390
0.02209166
0.02170662
0.02133478
0.02097545
0.02062804
0.02029194
0.01996673
0.01965167
0.01939998
0.01939998
0.01939998
0.01939998
0.01939998
0.01939998
0.01939998
0.01939998
0.01939998
0.01939998
0.01939998
0.01939998
0.01939998
0.01939998
0.01939998
0.01939998
0.01939998
0.01939998
0.02767955
0.02767106
0.02766257
0.02765408
0.02764561
0.02763713
0.01939995
0.01939995
0.01939995
0.01939995
0.01939995
0.01939995
0.01939995
0.01939995
0.01939995
0.01939995
0.01939995
0.01939995
0.01939995
0.01939995
0.01939995
0.01939995
0.01939995
0.01939995
0.01939995
0.01940083
0.01940542
0.01941002
0.01941462
0.01941922
0.01942383
0.01942843
0.01943303
0.01943762
0.01944222
0.01944682
0.01945302
0.01945936
0.01946571
0.01947207
0.01947842
0.01948472
0.01949096
0.01949721
0.01950346
0.01950972
0.01948474
0.01947743
0.01947055
0.01946487
0.01945920
0.01945353
0.01944786
0.01944220
0.01943654
0.01943088
0.01942523
0.01941958
0.01941393
0.01940828
0.01940264
0.01939998
0.01939998
0.01939998
0.01939998
0.01939998
0.01939998
0.01939998
0.01939998
0.01939998
0.01939998
0.01939998
0.01939998
0.01939998
0.01939998
0.01939998
0.01939998
0.01939998
0.01939998
0.01939998
0.01939998
0.01939998
0.01939998
0.02761312
0.02762153
0.02762994
0.02763836
0.02764678
0.02765520
0.02766365
0.02767214
0.02768064
0.01939998
0.01939998
0.01939998
0.01939998
0.01939998
0.01939998
0.01939998
0.01939998
0.01939998
0.01939998
0.01939998
0.01939998
0.01939998
0.01939998
0.01939998
0.01939998
0.01939998
0.01944721
0.01975285
0.02006827
0.02039392
0.02073020
0.02107787
0.02143740
0.02180942
0.02108092
0.02108066
0.02108040
0.02108027
0.02108029
0.02108036
0.02108781
0.02113134
0.02126298
0.02165796
0.02215054
0.02266592
0.02320545
0.02377123
0.02436516
0.02498954
0.04570883
0.04570883
0.04570883
0.04570883
0.04570883
0.04570883
0.04570883
0.04570883
0.04570883
0.04570883
0.04570883
0.04570883
0.04570883
0.04570883
0.04570883
0.04570883
0.04570883
0.04570883
0.04570883
0.04570883
0.04570883
0.04570883
0.04570883
0.04570883
0.04570883
0.04570883
0.04570883
0.04570883
0.04570883
0.04570883
0.04570883
0.04570883
0.04570883
0.04570883
0.04570883
0.04570883
0.04570883
0.04570883
0.04570883
0.04570883
0.04570883
0.04570883
0.04570883
0.04570883
0.04570883
0.04570883
0.04570883
0.04570883
0.04570883
0.04570883
0.04570883
0.04570883
0.04570883
0.04570883
0.04570883
0.04570883
0.04570883
0.04570883
0.04570883
0.04570883
0.04570883
0.04570883
0.04570883
0.04570883
0.04570883
0.04570883
0.04570883
0.04570883
0.04570883
0.04570883
0.04570883
0.04570883
0.04570883
0.04570883
0.04570883
0.04570883
0.04570883
0.04570883
0.04570883
0.04570883
0.04570883
0.04570883
0.02485773
0.02423274
0.02363841
0.02307238
0.02253282
0.02201878
0.02152767
0.02120613
0.02111125
0.02108041
0.02108034
0.02108027
0.02108030
0.02108048
0.02108073
0.02209166
0.02170662
0.02133478
0.02097545
0.02062804
0.02029205
0.01996673
0.01965167
0.01939998
0.01939998
0.01939998
0.01939998
0.01939998
0.01939998
0.01939998
0.01939998
0.01939998
0.01939998
0.01939998
0.01939998
0.01939998
0.01939998
0.01939998
0.01939998
0.01939998
0.01939998
0.02767954
0.02767105
0.02766256
0.02765408
0.02764560
0.02763712
0.02762865
0.02762019
0.02761178
0.02760338
0.02759498
0.02758658
0.01939997
0.01939997
0.01939997
0.01939997
0.01939997
0.01939997
0.01939995
0.01939995
0.01939995
0.01939995
0.01939995
0.01939995
0.01939995
0.01939995
0.01939995
0.01939995
0.01939995
0.01939995
0.01940203
0.01940662
0.01941122
0.01941582
0.01942041
0.01942502
0.01943134
0.01943767
0.01944401
0.01945035
0.01945669
0.01946304
0.01946938
0.01947561
0.01948185
0.01948809
0.01946323
0.01945594
0.01944890
0.01944323
0.01943757
0.01943191
0.01942626
0.01942060
0.01941495
0.01940931
0.01940367
0.01939998
0.01939998
0.01939998
0.01939998
0.01939998
0.01939998
0.01939998
0.01939998
0.01939998
0.01939998
0.01939998
0.01939998
0.01939998
0.01939998
0.01939998
0.01939998
0.01939998
0.01939998
0.01939998
0.01939998
0.02756264
0.02757105
0.02757946
0.02758787
0.02759629
0.02760472
0.02761315
0.02762157
0.02762998
0.02763839
0.02764682
0.02765523
0.02766367
0.02767214
0.02768064
0.01939998
0.01939998
0.01939998
0.01939998
0.01939998
0.01939998
0.01939998
0.01939998
0.01939998
0.01939998
0.01939998
0.01939998
0.01939998
0.01939998
0.01939998
0.01939998
0.01939998
0.01944721
0.01975285
0.02006827
0.02039392
0.02073020
0.02107787
0.02143740
0.02180942
0.02108775
0.02108750
0.02108725
0.02108712
0.02108713
0.02108720
0.02109503
0.02113912
0.02127248
0.02167059
0.02216376
0.02267972
0.02321991
0.02378642
0.02438112
0.02500633
0.04525570
0.04525570
0.04525570
0.04525570
0.04525570
0.04525570
0.04525570
0.04525570
0.04525570
0.04525571
0.04525571
0.04525571
0.04525571
0.04525571
0.04525571
0.04525571
0.04525571
0.04525571
0.04525571
0.04525571
0.04525571
0.04525571
0.04525571
0.04525571
0.04525571
0.04525571
0.04525571
0.04525571
0.04525571
0.04525571
0.04525571
0.04525571
0.04525571
0.04525571
0.04525571
0.04525571
0.04525571
0.04525571
0.04525571
0.04525571
0.04525571
0.04525571
0.04525571
0.04525571
0.04525571
0.04525571
0.04525571
0.04525571
0.04525571
0.04525571
0.04525571
0.04525571
0.04525571
0.04525571
0.04525571
0.04525571
0.04525571
0.04525571
0.04525571
0.04525571
0.04525571
0.04525571
0.04525571
0.04525571
0.04525571
0.04525571
0.04525571
0.04525571
0.04525571
0.04525571
0.04525571
0.04525571
0.04525571
0.04525571
0.04525571
0.04525571
0.04525571
0.04525571
0.04525571
0.04525571
0.04525571
0.04525571
0.02487454
0.02424872
0.02365360
0.02308684
0.02254661
0.02203190
0.02154021
0.02121413
0.02111844
0.02108726
0.02108718
0.02108711
0.02108715
0.02108731
0.02108757
0.02209166
0.02170662
0.02133478
0.02097546
0.02062804
0.02029205
0.01996673
0.01965167
0.01939998
0.01939998
0.01939998
0.01939998
0.01939998
0.01939998
0.01939998
0.01939998
0.01939998
0.01939998
0.01939998
0.01939998
0.01939998
0.01939998
0.01939998
0.01939998
0.01939998
0.01939998
0.02767953
0.02767104
0.02766255
0.02765407
0.02764559
0.02763711
0.02762864
0.02762022
0.02761181
0.02760341
0.02759501
0.02758662
0.02757823
0.02756985
0.02756147
0.02755305
0.01939997
0.01939997
0.01939997
0.01939997
0.01939997
0.01939997
0.01939997
0.01939997
0.01939997
0.01939997
0.01939997
0.01939998
0.01939998
0.01939998
0.01939998
0.01939998
0.01939998
0.01939995
0.01939995
0.01940340
0.01940971
0.01941603
0.01942235
0.01942868
0.01943501
0.01944134
0.01944767
0.01945402
0.01946029
0.01946651
0.01944177
0.01943450
0.01942728
0.01942163
0.01941598
0.01941033
0.01940469
0.01939998
0.01939998
0.01939998
0.01939998
0.01939998
0.01939998
0.01939998
0.01939998
0.01939998
0.01939998
0.01939998
0.01939998
0.01939998
0.01939998
0.01939998
0.01939998
0.01939998
0.01939998
0.01939998
0.02752072
0.02752909
0.02753747
0.02754587
0.02755426
0.02756266
0.02757106
0.02757947
0.02758789
0.02759631
0.02760473
0.02761316
0.02762160
0.02763002
0.02763843
0.02764685
0.02765528
0.02766371
0.02767214
0.02768064
0.01939998
0.01939998
0.01939998
0.01939998
0.01939998
0.01939998
0.01939998
0.01939998
0.01939998
0.01939998
0.01939998
0.01939998
0.01939998
0.01939998
0.01939998
0.01939998
0.01939998
0.01944721
0.01975285
0.02006827
0.02039392
0.02073020
0.02107787
0.02143740
0.02180942
0.02109460
0.02109434
0.02109410
0.02109397
0.02109397
0.02109405
0.02110226
0.02114692
0.02128200
0.02168323
0.02217698
0.02269354
0.02323439
0.02380163
0.02439710
0.02502314
0.04481148
0.04481148
0.04481148
0.04481148
0.04481148
0.04481148
0.04481148
0.04481148
0.04481148
0.04481148
0.04481148
0.04481148
0.04481148
0.04481148
0.04481148
0.04481148
0.04481148
0.04481148
0.04481148
0.04481148
0.04481148
0.04481148
0.04481148
0.04481148
0.04481148
0.04481148
0.04481148
0.04481148
0.04481148
0.04481148
0.04481148
0.04481148
0.04481148
0.04481148
0.04481148
0.04481148
0.04481148
0.04481148
0.04481148
0.04481148
0.04481148
0.04481148
0.04481148
0.04481148
0.04481148
0.04481148
0.04481148
0.04481148
0.04481148
0.04481148
0.04481148
0.04481148
0.04481148
0.04481148
0.04481148
0.04481148
0.04481148
0.04481148
0.04481148
0.04481148
0.04481148
0.04481148
0.04481148
0.04481148
0.04481148
0.04481148
0.04481148
0.04481148
0.04481148
0.04481148
0.04481148
0.04481148
0.04481148
0.04481148
0.04481148
0.04481148
0.04481148
0.04481148
0.04481148
0.04481148
0.04481148
0.04481148
0.02489137
0.02426471
0.02366881
0.02310133
0.02256043
0.02204504
0.02155277
0.02122215
0.02112563
0.02109410
0.02109403
0.02109396
0.02109401
0.02109416
0.02109442
0.02209166
0.02170662
0.02133477
0.02097546
0.02062804
0.02029205
0.01996673
0.01965167
0.01939998
0.01939998
0.01939998
0.01939998
0.01939998
0.01939998
0.01939998
0.01939998
0.01939998
0.01939998
0.01939998
0.01939998
0.01939998
0.01939998
0.01939998
0.01939998
0.01939998
0.01939998
0.02767952
0.02767103
0.02766254
0.02765406
0.02764558
0.02763710
0.02762867
0.02762025
0.02761185
0.02760345
0.02759504
0.02758665
0.02757827
0.02756988
0.02756145
0.02755304
0.02754463
0.02753623
0.02752783
0.02751944
0.02751106
0.01939997
0.01939997
0.01939997
0.01939997
0.01939997
0.01939997
0.01939998
0.01939998
0.01939998
0.01939998
0.01939998
0.01939998
0.01939998
0.01939998
0.01939998
0.01939998
0.01939998
0.01940074
0.01940705
0.01941337
0.01941969
0.01942601
0.01943234
0.01943867
0.01944499
0.01942036
0.01941310
0.01940584
0.01940008
0.01939998
0.01939998
0.01939998
0.01939998
0.01939998
0.01939998
0.01939998
0.01939998
0.01939998
0.01939998
0.01939998
0.01939998
0.01939998
0.01939998
0.01939998
0.01939998
0.02747052
0.02747888
0.02748724
0.02749561
0.02750398
0.02751235
0.02752073
0.02752910
0.02753748
0.02754587
0.02755427
0.02756267
0.02757107
0.02757948
0.02758790
0.02759632
0.02760474
0.02761317
0.02762161
0.02763005
0.02763847
0.02764689
0.02765531
0.02766374
0.02767218
0.02768063
0.01939998
0.01939998
0.01939998
0.01939998
0.01939998
0.01939998
0.01939998
0.01939998
0.01939998
0.01939998
0.01939998
0.01939998
0.01939998
0.01939998
0.01939998
0.01939998
0.01939998
0.01944721
0.01975285
0.02006827
0.02039392
0.02073020
0.02107787
0.02143740
0.02180942
0.02110145
0.02110119
0.02110097
0.02110083
0.02110083
0.02110090
0.02110949
0.02115471
0.02129151
0.02169590
0.02219023
0.02270737
0.02324889
0.02381686
0.02441311
0.02503997
0.04437589
0.04437589
0.04437589
0.04437589
0.04437589
0.04437589
0.04437589
0.04437589
0.04437589
0.04437589
0.04437587
0.04437587
0.04437587
0.04437587
0.04437587
0.04437587
0.04437589
0.04437589
0.04437589
0.04437589
0.04437589
0.04437589
0.04437589
0.04437589
0.04437589
0.04437589
0.04437589
0.04437589
0.04437589
0.04437589
0.04437589
0.04437589
0.04437589
0.04437589
0.04437589
0.04437589
0.04437589
0.04437589
0.04437589
0.04437589
0.04437589
0.04437589
0.04437589
0.04437589
0.04437589
0.04437589
0.04437589
0.04437589
0.04437589
0.04437589
0.04437589
0.04437589
0.04437589
0.04437589
0.04437589
0.04437589
0.04437589
0.04437589
0.04437589
0.04437589
0.04437589
0.04437589
0.04437589
0.04437589
0.04437589
0.04437589
0.04437589
0.04437589
0.04437589
0.04437589
0.04437589
0.04437589
0.04437589
0.04437589
0.04437589
0.04437589
0.04437589
0.04437589
0.04437589
0.04437589
0.04437589
0.04437589
0.02490823
0.02428073
0.02368404
0.02311584
0.02257426
0.02205819
0.02156534
0.02123016
0.02113283
0.02110095
0.02110088
0.02110081
0.02110087
0.02110100
0.02110126
0.02209166
0.02170662
0.02133477
0.02097546
0.02062815
0.02029205
0.01996673
0.01965167
0.01939998
0.01939998
0.01939998
0.01939998
0.01939998
0.01939998
0.01939998
0.01939998
0.01939998
0.01939998
0.01939998
0.01939998
0.01939998
0.01939998
0.01939998
0.01939998
0.01939998
0.01939998
0.02767952
0.02767102
0.02766253
0.02765405
0.02764557
0.02763712
0.02762871
0.02762029
0.02761188
0.02760348
0.02759508
0.02758669
0.02757829
0.02756986
0.02756144
0.02755303
0.02754462
0.02753622
0.02752782
0.02751944
0.02751107
0.02750270
0.02749434
0.02748599
0.02747764
0.01939997
0.01939997
0.01939998
0.01939998
0.01939998
0.01939998
0.01939998
0.01939998
0.01939998
0.01939998
0.01939998
0.01939998
0.01939998
0.01939998
0.01939998
0.01939998
0.01939998
0.01940439
0.01941071
0.01941703
0.01942335
0.01939998
0.01939998
0.01939998
0.01939998
0.01939998
0.01939998
0.01939998
0.01939998
0.01939998
0.01939998
0.01939998
0.01939998
0.01939998
0.01939998
0.01939998
0.02742879
0.02743713
0.02744547
0.02745381
0.02746216
0.02747052
0.02747887
0.02748724
0.02749561
0.02750398
0.02751236
0.02752073
0.02752911
0.02753750
0.02754588
0.02755427
0.02756268
0.02757108
0.02757949
0.02758791
0.02759633
0.02760475
0.02761318
0.02762162
0.02763006
0.02763850
0.02764693
0.02765535
0.02766378
0.02767222
0.02768066
0.01939998
0.01939998
0.01939998
0.01939998
0.01939998
0.01939998
0.01939998
0.01939998
0.01939998
0.01939998
0.01939998
0.01939998
0.01939998
0.01939998
0.01939998
0.01939998
0.01939998
0.01944721
0.01975285
0.02006827
0.02039392
0.02073020
0.02107787
0.02143740
0.02180942
0.02110830
0.02110804
0.02110783
0.02110770
0.02110768
0.02110775
0.02111673
0.02116252
0.02130104
0.02170857
0.02220349
0.02272122
0.02326341
0.02383211
0.02442913
0.02505683
0.04394868
0.04394868
0.04394868
0.04394868
0.04394868
0.04394868
0.04394868
0.04394868
0.04394868
0.04394868
0.04394868
0.04394868
0.04394868
0.04394868
0.04394868
0.04394868
0.04394869
0.04394869
0.04394869
0.04394869
0.04394869
0.04394869
0.04394869
0.04394868
0.04394868
0.04394868
0.04394868
0.04394868
0.04394868
0.04394868
0.04394868
0.04394868
0.04394868
0.04394868
0.04394868
0.04394868
0.04394868
0.04394868
0.04394868
0.04394868
0.04394868
0.04394868
0.04394868
0.04394868
0.04394868
0.04394868
0.04394868
0.04394868
0.04394868
0.04394868
0.04394868
0.04394868
0.04394868
0.04394868
0.04394868
0.04394868
0.04394868
0.04394868
0.04394868
0.04394868
0.04394868
0.04394868
0.04394868
0.04394868
0.04394868
0.04394868
0.04394868
0.04394868
0.04394868
0.04394868
0.04394868
0.04394868
0.04394868
0.04394868
0.04394868
0.04394868
0.04394868
0.04394868
0.04394868
0.04394868
0.04394868
0.04394868
0.02492510
0.02429676
0.02369928
0.02313036
0.02258811
0.02207135
0.02157792
0.02123819
0.02114004
0.02110783
0.02110774
0.02110766
0.02110773
0.02110787
0.02110811
0.02209166
0.02170662
0.02133478
0.02097546
0.02062815
0.02029205
0.01996673
0.01965167
0.01939998
0.01939998
0.01939998
0.01939998
0.01939998
0.01939998
0.01939998
0.01939998
0.01939998
0.01939998
0.01939998
0.01939998
0.01939998
0.01939998
0.01939998
0.01939998
0.01939998
0.01939998
0.02767951
0.02767101
0.02766252
0.02765404
0.02764558
0.02763716
0.02762874
0.02762032
0.02761192
0.02760351
0.02759511
0.02758671
0.02757828
0.02756985
0.02756143
0.02755302
0.02754461
0.02753621
0.02752782
0.02751945
0.02751108
0.02750271
0.02749435
0.02748600
0.02747765
0.02746930
0.02746096
0.02745263
0.02744429
0.01939998
0.01939998
0.01939998
0.01939998
0.01939998
0.01939998
0.01939998
0.01939998
0.01939998
0.01939998
0.01939998
0.01939998
0.01939998
0.01939998
0.01939998
0.01939998
0.01940174
0.01939998
0.01939998
0.01939998
0.01939998
0.01939998
0.01939998
0.01939997
0.01939997
0.01939997
0.01939997
0.02738718
0.02739550
0.02740381
0.02741214
0.02742046
0.02742879
0.02743712
0.02744547
0.02745381
0.02746216
0.02747051
0.02747887
0.02748723
0.02749560
0.02750397
0.02751235
0.02752074
0.02752911
0.02753750
0.02754589
0.02755428
0.02756269
0.02757109
0.02757950
0.02758792
0.02759633
0.02760476
0.02761319
0.02762162
0.02763007
0.02763852
0.02764696
0.02765539
0.02766382
0.02767225
0.02768070
0.01939998
0.01939998
0.01939998
0.01939998
0.01939998
0.01939998
0.01939998
0.01939998
0.01939998
0.01939998
0.01939998
0.01939998
0.01939998
0.01939998
0.01939998
0.01939998
0.01939998
0.01944721
0.01975285
0.02006827
0.02039392
0.02073020
0.02107787
0.02143740
0.02180942
0.02111515
0.02111490
0.02111470
0.02111457
0.02111454
0.02111462
0.02112397
0.02117033
0.02131058
0.02172126
0.02221676
0.02273509
0.02327795
0.02384736
0.02444518
0.02507372
0.04352963
0.04352963
0.04352963
0.04352963
0.04352963
0.04352963
0.04352963
0.04352963
0.04352963
0.04352963
0.04352963
0.04352963
0.04352963
0.04352963
0.04352963
0.04352963
0.04352963
0.04352963
0.04352963
0.04352963
0.04352963
0.04352963
0.04352963
0.04352963
0.04352963
0.04352963
0.04352963
0.04352963
0.04352963
0.04352963
0.04352963
0.04352963
0.04352963
0.04352963
0.04352963
0.04352963
0.04352963
0.04352963
0.04352963
0.04352963
0.04352963
0.04352963
0.04352963
0.04352963
0.04352963
0.04352963
0.04352963
0.04352963
0.04352963
0.04352963
0.04352963
0.04352963
0.04352963
0.04352963
0.04352963
0.04352963
0.04352963
0.04352963
0.04352963
0.04352963
0.04352963
0.04352963
0.04352963
0.04352963
0.04352963
0.04352963
0.04352963
0.04352963
0.04352963
0.04352963
0.04352963
0.04352963
0.04352963
0.04352963
0.04352963
0.04352963
0.04352963
0.04352963
0.04352963
0.04352963
0.04352963
0.04352963
0.02494200
0.02431283
0.02371454
0.02314490
0.02260198
0.02208453
0.02159052
0.02124723
0.02114725
0.02111506
0.02111460
0.02111452
0.02111460
0.02111473
0.02111497
0.02209166
0.02170662
0.02133478
0.02097557
0.02062815
0.02029205
0.01996673
0.01965167
0.01939998
0.01939998
0.01939998
0.01939998
0.01939998
0.01939998
0.01939998
0.01939998
0.01939998
0.01939998
0.01939998
0.01939998
0.01939998
0.01939998
0.01939998
0.01939998
0.01939998
0.01939998
0.02767950
0.02767100
0.02766252
0.02765404
0.02764561
0.02763719
0.02762877
0.02762036
0.02761195
0.02760354
0.02759513
0.02758670
0.02757827
0.02756984
0.02756142
0.02755301
0.02754460
0.02753622
0.02752784
0.02751946
0.02751109
0.02750273
0.02749436
0.02748601
0.02747766
0.02746931
0.02746097
0.02745264
0.02744431
0.02743598
0.02742766
0.02741934
0.02741103
0.02740273
0.01939998
0.01939998
0.01939998
0.01939998
0.01939998
0.01939998
0.01939998
0.01939998
0.01939998
0.01939998
0.01939998
0.01939998
0.01939998
0.01939998
0.01939998
0.01939998
0.01939998
0.01939998
0.01939997
0.02736225
0.02737055
0.02737886
0.02738717
0.02739548
0.02740380
0.02741212
0.02742046
0.02742879
0.02743712
0.02744546
0.02745380
0.02746215
0.02747051
0.02747886
0.02748723
0.02749560
0.02750397
0.02751235
0.02752073
0.02752912
0.02753751
0.02754590
0.02755430
0.02756270
0.02757110
0.02757951
0.02758793
0.02759634
0.02760477
0.02761320
0.02762163
0.02763008
0.02763852
0.02764697
0.02765542
0.02766386
0.02767229
0.02768073
0.01939998
0.01939998
0.01939998
0.01939998
0.01939998
0.01939998
0.01939998
0.01939998
0.01939998
0.01939998
0.01939998
0.01939998
0.01939998
0.01939998
0.01939998
0.01939998
0.01939998
0.01944721
0.01975285
0.02006827
0.02039392
0.02073020
0.02107787
0.02143740
0.02180942
0.02112201
0.02112176
0.02112157
0.02112144
0.02112141
0.02112148
0.02113121
0.02117815
0.02132013
0.02173397
0.02223005
0.02274898
0.02329251
0.02386264
0.02446125
0.02509062
0.04311849
0.04311849
0.04311849
0.04311849
0.04311849
0.04311849
0.04311849
0.04311849
0.04311849
0.04311849
0.04311849
0.04311849
0.04311849
0.04311849
0.04311849
0.04311849
0.04311849
0.04311849
0.04311849
0.04311849
0.04311849
0.04311849
0.04311849
0.04311849
0.04311849
0.04311849
0.04311849
0.04311849
0.04311849
0.04311849
0.04311849
0.04311849
0.04311849
0.04311849
0.04311849
0.04311849
0.04311849
0.04311849
0.04311849
0.04311849
0.04311849
0.04311849
0.04311849
0.04311849
0.04311849
0.04311849
0.04311849
0.04311849
0.04311849
0.04311849
0.04311849
0.04311849
0.04311849
0.04311849
0.04311849
0.04311849
0.04311849
0.04311849
0.04311849
0.04311849
0.04311849
0.04311849
0.04311849
0.04311849
0.04311849
0.04311849
0.04311849
0.04311849
0.04311849
0.04311849
0.04311849
0.04311849
0.04311849
0.04311849
0.04311849
0.04311849
0.04311849
0.04311849
0.04311849
0.04311849
0.04311849
0.04311849
0.02495893
0.02432890
0.02372983
0.02315946
0.02261587
0.02209773
0.02160314
0.02125670
0.02115446
0.02112230
0.02112146
0.02112139
0.02112147
0.02112161
0.02112183
0.02209166
0.02170662
0.02133478
0.02097557
0.02062815
0.02029205
0.01996673
0.01965167
0.01939998
0.01939998
0.01939998
0.01939998
0.01939998
0.01939998
0.01939998
0.01939998
0.01939998
0.01939998
0.01939998
0.01939998
0.01939998
0.01939998
0.01939998
0.01939998
0.01939998
0.01939998
0.02767949
0.02767100
0.02766251
0.02765408
0.02764565
0.02763722
0.02762880
0.02762039
0.02761198
0.02760356
0.02759512
0.02758669
0.02757826
0.02756983
0.02756141
0.02755301
0.02754462
0.02753623
0.02752785
0.02751947
0.02751110
0.02750274
0.02749437
0.02748602
0.02747767
0.02746932
0.02746098
0.02745265
0.02744432
0.02743599
0.02742767
0.02741936
0.02741105
0.02740273
0.02739439
0.02738606
0.02737772
0.02736940
0.01939998
0.01939998
0.01939998
0.01939998
0.01939998
0.01939998
0.01939998
0.01939998
0.01939998
0.01939998
0.01939998
0.01939998
0.02733747
0.02734573
0.02735399
0.02736226
0.02737053
0.02737884
0.02738715
0.02739546
0.02740378
0.02741211
0.02742044
0.02742877
0.02743712
0.02744545
0.02745380
0.02746215
0.02747050
0.02747886
0.02748722
0.02749559
0.02750396
0.02751235
0.02752073
0.02752911
0.02753751
0.02754591
0.02755430
0.02756270
0.02757111
0.02757952
0.02758793
0.02759635
0.02760478
0.02761321
0.02762164
0.02763009
0.02763853
0.02764698
0.02765544
0.02766389
0.02767233
0.02768077
0.01939998
0.01939998
0.01939998
0.01939998
0.01939998
0.01939998
0.01939998
0.01939998
0.01939998
0.01939998
0.01939998
0.01939998
0.01939998
0.01939998
0.01939998
0.01939998
0.01939998
0.01944721
0.01975285
0.02006827
0.02039392
0.02073020
0.02107787
0.02143740
0.02180942
0.02112888
0.02112862
0.02112845
0.02112832
0.02112827
0.02112834
0.02113847
0.02118597
0.02132968
0.02174669
0.02224336
0.02276288
0.02330708
0.02387794
0.02447733
0.02510755
0.04271503
0.04271503
0.04271503
0.04271503
0.04271503
0.04271503
0.04271503
0.04271503
0.04271503
0.04271503
0.04271503
0.04271503
0.04271503
0.04271503
0.04271503
0.04271503
0.04271503
0.04271503
0.04271503
0.04271503
0.04271503
0.04271503
0.04271503
0.04271503
0.04271503
0.04271503
0.04271503
0.04271503
0.04271503
0.04271504
0.04271504
0.04271504
0.04271504
0.04271504
0.04271504
0.04271504
0.04271503
0.04271503
0.04271503
0.04271503
0.04271503
0.04271503
0.04271503
0.04271503
0.04271503
0.04271503
0.04271503
0.04271503
0.04271503
0.04271503
0.04271503
0.04271503
0.04271503
0.04271503
0.04271503
0.04271503
0.04271503
0.04271503
0.04271503
0.04271503
0.04271503
0.04271503
0.04271503
0.04271503
0.04271503
0.04271503
0.04271503
0.04271503
0.04271503
0.04271503
0.04271503
0.04271503
0.04271503
0.04271503
0.04271503
0.04271503
0.04271503
0.04271503
0.04271503
0.04271503
0.04271503
0.04271503
0.02497587
0.02434500
0.02374513
0.02317404
0.02262977
0.02211094
0.02161577
0.02126618
0.02116168
0.02112954
0.02112833
0.02112825
0.02112835
0.02112848
0.02112870
0.02209166
0.02170662
0.02133490
0.02097557
0.02062815
0.02029205
0.01996673
0.01965167
0.01939998
0.01939998
0.01939998
0.01939998
0.01939998
0.01939998
0.01939998
0.01939998
0.01939998
0.01939998
0.01939998
0.01939998
0.01939998
0.01939998
0.01939998
0.01939998
0.01939998
0.01939998
0.02767948
0.02767099
0.02766255
0.02765411
0.02764568
0.02763726
0.02762884
0.02762043
0.02761200
0.02760355
0.02759511
0.02758668
0.02757825
0.02756982
0.02756141
0.02755302
0.02754463
0.02753624
0.02752786
0.02751948
0.02751111
0.02750275
0.02749439
0.02748603
0.02747768
0.02746934
0.02746100
0.02745266
0.02744433
0.02743600
0.02742768
0.02741936
0.02741101
0.02740267
0.02739432
0.02738599
0.02737766
0.02736934
0.02736103
0.02735273
0.02734443
0.02733614
0.01939998
0.01939998
0.01939998
0.01939998
0.01939998
0.02731276
0.02732100
0.02732925
0.02733750
0.02734576
0.02735403
0.02736230
0.02737057
0.02737885
0.02738713
0.02739545
0.02740377
0.02741209
0.02742042
0.02742876
0.02743710
0.02744544
0.02745379
0.02746214
0.02747050
0.02747885
0.02748722
0.02749559
0.02750396
0.02751234
0.02752073
0.02752911
0.02753750
0.02754591
0.02755431
0.02756271
0.02757112
0.02757953
0.02758794
0.02759636
0.02760479
0.02761322
0.02762165
0.02763009
0.02763854
0.02764699
0.02765545
0.02766391
0.02767236
0.02768081
0.01939998
0.01939998
0.01939998
0.01939998
0.01939998
0.01939998
0.01939998
0.01939998
0.01939998
0.01939998
0.01939998
0.01939998
0.01939998
0.01939998
0.01939998
0.01939998
0.01939998
0.01944721
0.01975285
0.02006827
0.02039392
0.02073020
0.02107787
0.02143740
0.02180942
0.02113575
0.02113549
0.02113533
0.02113520
0.02113515
0.02113522
0.02114572
0.02119379
0.02133925
0.02175942
0.02225668
0.02277680
0.02332167
0.02389325
0.02449344
0.02512449
0.04231907
0.04231907
0.04231907
0.04231907
0.04231907
0.04231907
0.04231907
0.04231907
0.04231907
0.04231907
0.04231907
0.04231907
0.04231907
0.04231907
0.04231907
0.04231907
0.04231907
0.04231907
0.04231907
0.04231907
0.04231907
0.04231907
0.04231907
0.04231907
0.04231907
0.04231907
0.04231907
0.04231907
0.04231907
0.04231907
0.04231907
0.04231907
0.04231907
0.04231907
0.04231907
0.04231907
0.04231907
0.04231907
0.04231907
0.04231907
0.04231907
0.04231907
0.04231907
0.04231907
0.04231907
0.04231907
0.04231907
0.04231907
0.04231907
0.04231907
0.04231907
0.04231907
0.04231907
0.04231907
0.04231907
0.04231907
0.04231907
0.04231907
0.04231907
0.04231907
0.04231907
0.04231907
0.04231907
0.04231907
0.04231907
0.04231907
0.04231907
0.04231907
0.04231907
0.04231907
0.04231907
0.04231907
0.04231907
0.04231907
0.04231907
0.04231907
0.04231907
0.04231907
0.04231907
0.04231907
0.04231907
0.04231907
0.02499285
0.02436113
0.02376046
0.02318864
0.02264368
0.02212417
0.02162841
0.02127567
0.02116890
0.02113679
0.02113520
0.02113513
0.02113523
0.02113537
0.02113556
0.02209166
0.02170663
0.02133490
0.02097557
0.02062815
0.02029205
0.01996673
0.01965167
0.01939998
0.01939998
0.01939998
0.01939998
0.01939998
0.01939998
0.01939998
0.01939998
0.01939998
0.01939998
0.01939998
0.01939998
0.01939998
0.01939998
0.01939998
0.01939998
0.01939998
0.01939998
0.02767947
0.02767102
0.02766258
0.02765414
0.02764572
0.02763729
0.02762887
0.02762043
0.02761198
0.02760354
0.02759510
0.02758667
0.02757823
0.02756982
0.02756142
0.02755303
0.02754464
0.02753625
0.02752787
0.02751950
0.02751113
0.02750276
0.02749440
0.02748604
0.02747769
0.02746935
0.02746101
0.02745267
0.02744434
0.02743601
0.02742766
0.02741931
0.02741095
0.02740261
0.02739426
0.02738593
0.02737761
0.02736930
0.02736099
0.02735269
0.02734440
0.02733611
0.02732782
0.02731954
0.02731127
0.02730300
0.02730455
0.02731280
0.02732104
0.02732928
0.02733754
0.02734580
0.02735406
0.02736233
0.02737061
0.02737889
0.02738717
0.02739546
0.02740376
0.02741208
0.02742041
0.02742874
0.02743708
0.02744543
0.02745378
0.02746213
0.02747049
0.02747885
0.02748721
0.02749559
0.02750396
0.02751234
0.02752072
0.02752911
0.02753750
0.02754590
0.02755431
0.02756271
0.02757113
0.02757954
0.02758795
0.02759637
0.02760480
0.02761323
0.02762166
0.02763011
0.02763855
0.02764700
0.02765546
0.02766392
0.02767239
0.02768084
0.01939998
0.01939998
0.01939998
0.01939998
0.01939998
0.01939998
0.01939998
0.01939998
0.01939998
0.01939998
0.01939998
0.01939998
0.01939998
0.01939998
0.01939998
0.01939998
0.01939998
0.01944721
0.01975285
0.02006827
0.02039393
0.02073020
0.02107787
0.02143740
0.02180942
0.02114262
0.02114236
0.02114222
0.02114209
0.02114203
0.02114210
0.02115298
0.02120163
0.02134882
0.02177218
0.02227002
0.02279073
0.02333628
0.02390859
0.02450957
0.02514147
0.04193037
0.04193037
0.04193037
0.04193037
0.04193037
0.04193037
0.04193037
0.04193037
0.04193037
0.04193037
0.04193037
0.04193037
0.04193037
0.04193037
0.04193037
0.04193037
0.04193037
0.04193037
0.04193037
0.04193037
0.04193037
0.04193037
0.04193037
0.04193037
0.04193037
0.04193037
0.04193037
0.04193037
0.04193037
0.04193037
0.04193037
0.04193037
0.04193037
0.04193037
0.04193037
0.04193037
0.04193037
0.04193037
0.04193037
0.04193037
0.04193037
0.04193037
0.04193037
0.04193037
0.04193037
0.04193037
0.04193037
0.04193037
0.04193037
0.04193037
0.04193037
0.04193037
0.04193037
0.04193037
0.04193037
0.04193037
0.04193037
0.04193037
0.04193037
0.04193037
0.04193037
0.04193037
0.04193037
0.04193037
0.04193037
0.04193037
0.04193037
0.04193037
0.04193037
0.04193037
0.04193037
0.04193037
0.04193037
0.04193037
0.04193037
0.04193037
0.04193037
0.04193037
0.04193037
0.04193037
0.04193037
0.04193037
0.02500984
0.02437727
0.02377580
0.02320325
0.02265762
0.02213742
0.02164107
0.02128517
0.02117613
0.02114405
0.02114208
0.02114201
0.02114212
0.02114226
0.02114244
0.02209166
0.02170675
0.02133490
0.02097557
0.02062815
0.02029205
0.01996673
0.01965167
0.01939998
0.01939998
0.01939998
0.01939998
0.01939998
0.01939998
0.01939998
0.01939998
0.01939998
0.01939998
0.01939998
0.01939997
0.01939998
0.01939998
0.01939998
0.01939998
0.01939998
0.01939998
0.02767950
0.02767105
0.02766261
0.02765418
0.02764575
0.02763732
0.02762888
0.02762043
0.02761198
0.02760353
0.02759508
0.02758666
0.02757824
0.02756984
0.02756143
0.02755304
0.02754465
0.02753626
0.02752788
0.02751951
0.02751114
0.02750277
0.02749441
0.02748605
0.02747770
0.02746935
0.02746101
0.02745268
0.02744432
0.02743596
0.02742760
0.02741924
0.02741089
0.02740254
0.02739421
0.02738590
0.02737758
0.02736927
0.02736096
0.02735266
0.02734436
0.02733608
0.02732779
0.02731950
0.02731123
0.02730296
0.02730459
0.02731283
0.02732107
0.02732932
0.02733757
0.02734583
0.02735410
0.02736237
0.02737064
0.02737892
0.02738720
0.02739550
0.02740379
0.02741208
0.02742040
0.02742873
0.02743707
0.02744542
0.02745376
0.02746212
0.02747048
0.02747884
0.02748721
0.02749558
0.02750395
0.02751233
0.02752072
0.02752910
0.02753750
0.02754590
0.02755430
0.02756271
0.02757113
0.02757955
0.02758796
0.02759638
0.02760481
0.02761324
0.02762167
0.02763011
0.02763856
0.02764701
0.02765547
0.02766393
0.02767240
0.02768087
0.01939998
0.01939998
0.01939998
0.01939998
0.01939998
0.01939998
0.01939998
0.01939998
0.01939998
0.01939998
0.01939998
0.01939998
0.01939998
0.01939998
0.01939998
0.01939998
0.01939998
0.01944721
0.01975285
0.02006827
0.02039393
0.02073020
0.02107787
0.02143740
0.02180942
0.02114950
0.02114925
0.02114911
0.02114898
0.02114890
0.02114898
0.02116025
0.02120947
0.02135840
0.02178494
0.02228338
0.02280468
0.02335091
0.02392394
0.02452572
0.02515846
0.04154876
0.04154876
0.04154876
0.04154876
0.04154876
0.04154876
0.04154876
0.04154876
0.04154876
0.04154876
0.04154876
0.04154876
0.04154876
0.04154876
0.04154876
0.04154876
0.04154876
0.04154876
0.04154876
0.04154876
0.04154876
0.04154876
0.04154876
0.04154876
0.04154876
0.04154876
0.04154876
0.04154876
0.04154876
0.04154876
0.04154876
0.04154876
0.04154876
0.04154876
0.04154876
0.04154876
0.04154876
0.04154876
0.04154876
0.04154876
0.04154876
0.04154876
0.04154876
0.04154876
0.04154876
0.04154876
0.04154876
0.04154876
0.04154876
0.04154876
0.04154876
0.04154876
0.04154876
0.04154876
0.04154876
0.04154876
0.04154876
0.04154876
0.04154876
0.04154876
0.04154876
0.04154876
0.04154876
0.04154876
0.04154876
0.04154876
0.04154876
0.04154876
0.04154876
0.04154876
0.04154876
0.04154876
0.04154876
0.04154876
0.04154876
0.04154876
0.04154876
0.04154876
0.04154876
0.04154876
0.04154876
0.04154876
0.02502685
0.02439344
0.02379117
0.02321788
0.02267157
0.02215068
0.02165374
0.02129468
0.02118336
0.02115130
0.02114896
0.02114889
0.02114901
0.02114915
0.02114931
0.02209166
0.02170675
0.02133490
0.02097557
0.02062815
0.02029205
0.01996673
0.01965167
0.01939998
0.01939998
0.01939998
0.01939998
0.01939998
0.01939998
0.01939998
0.01939998
0.01939998
0.01939998
0.01939998
0.01939997
0.01939998
0.01939998
0.01939998
0.01939998
0.01939998
0.01939998
0.02767953
0.02767109
0.02766264
0.02765421
0.02764578
0.02763733
0.02762887
0.02762042
0.02761196
0.02760351
0.02759508
0.02758667
0.02757826
0.02756985
0.02756145
0.02755305
0.02754466
0.02753627
0.02752789
0.02751952
0.02751115
0.02750278
0.02749442
0.02748607
0.02747772
0.02746937
0.02746101
0.02745264
0.02744426
0.02743590
0.02742754
0.02741918
0.02741084
0.02740251
0.02739418
0.02738586
0.02737755
0.02736923
0.02736093
0.02735263
0.02734433
0.02733604
0.02732775
0.02731947
0.02731120
0.02730293
0.02730463
0.02731287
0.02732110
0.02732936
0.02733761
0.02734587
0.02735413
0.02736240
0.02737068
0.02737895
0.02738724
0.02739553
0.02740382
0.02741212
0.02742043
0.02742874
0.02743706
0.02744540
0.02745375
0.02746210
0.02747046
0.02747883
0.02748719
0.02749558
0.02750394
0.02751233
0.02752071
0.02752910
0.02753750
0.02754589
0.02755430
0.02756270
0.02757112
0.02757954
0.02758797
0.02759639
0.02760482
0.02761325
0.02762168
0.02763012
0.02763857
0.02764702
0.02765548
0.02766394
0.02767241
0.02768088
0.01939998
0.01939998
0.01939998
0.01939998
0.01939998
0.01939998
0.01939998
0.01939998
0.01939998
0.01939998
0.01939998
0.01939998
0.01939998
0.01939998
0.01939998
0.01939998
0.01939998
0.01944721
0.01975285
0.02006827
0.02039393
0.02073020
0.02107787
0.02143740
0.02180942
0.02115638
0.02115614
0.02115601
0.02115588
0.02115579
0.02115587
0.02116752
0.02121731
0.02136799
0.02179772
0.02229675
0.02281865
0.02336556
0.02393932
0.02454189
0.02517548
0.04117402
0.04117402
0.04117402
0.04117402
0.04117402
0.04117402
0.04117402
0.04117402
0.04117402
0.04117402
0.04117402
0.04117402
0.04117402
0.04117402
0.04117402
0.04117402
0.04117402
0.04117402
0.04117402
0.04117402
0.04117402
0.04117402
0.04117402
0.04117402
0.04117402
0.04117402
0.04117402
0.04117402
0.04117402
0.04117402
0.04117402
0.04117402
0.04117402
0.04117402
0.04117402
0.04117402
0.04117402
0.04117402
0.04117402
0.04117402
0.04117402
0.04117402
0.04117402
0.04117402
0.04117402
0.04117402
0.04117402
0.04117402
0.04117402
0.04117402
0.04117402
0.04117402
0.04117402
0.04117402
0.04117402
0.04117402
0.04117402
0.04117402
0.04117402
0.04117402
0.04117402
0.04117402
0.04117402
0.04117402
0.04117402
0.04117402
0.04117402
0.04117402
0.04117402
0.04117402
0.04117402
0.04117402
0.04117402
0.04117402
0.04117402
0.04117402
0.04117402
0.04117402
0.04117402
0.04117402
0.04117402
0.04117402
0.02504389
0.02440962
0.02380655
0.02323253
0.02268554
0.02216396
0.02166643
0.02130419
0.02119060
0.02115857
0.02115585
0.02115577
0.02115591
0.02115604
0.02115620
0.02209179
0.02170675
0.02133490
0.02097557
0.02062815
0.02029205
0.01996673
0.01965167
0.01939998
0.01939998
0.01939998
0.01939998
0.01939998
0.01939998
0.01939998
0.01939998
0.01939998
0.01939998
0.01939998
0.01939998
0.01939998
0.01939998
0.01939998
0.01939998
0.01939998
0.01939998
0.02767956
0.02767112
0.02766268
0.02765425
0.02764579
0.02763732
0.02762886
0.02762040
0.02761195
0.02760352
0.02759510
0.02758668
0.02757827
0.02756986
0.02756146
0.02755306
0.02754467
0.02753629
0.02752791
0.02751953
0.02751116
0.02750279
0.02749443
0.02748607
0.02747772
0.02746933
0.02746095
0.02745257
0.02744420
0.02743583
0.02742749
0.02741915
0.02741081
0.02740247
0.02739415
0.02738583
0.02737751
0.02736920
0.02736089
0.02735259
0.02734430
0.02733601
0.02732772
0.02731944
0.02731116
0.02730290
0.02730466
0.02731290
0.02732114
0.02732939
0.02733765
0.02734590
0.02735417
0.02736244
0.02737071
0.02737899
0.02738728
0.02739557
0.02740386
0.02741216
0.02742046
0.02742877
0.02743709
0.02744541
0.02745373
0.02746209
0.02747045
0.02747881
0.02748718
0.02749556
0.02750394
0.02751232
0.02752071
0.02752909
0.02753749
0.02754589
0.02755429
0.02756270
0.02757112
0.02757954
0.02758796
0.02759639
0.02760483
0.02761326
0.02762169
0.02763013
0.02763858
0.02764703
0.02765548
0.02766395
0.02767242
0.02768089
0.01939998
0.01939998
0.01939998
0.01939998
0.01939998
0.01939998
0.01939998
0.01939998
0.01939998
0.01939998
0.01939998
0.01939998
0.01939998
0.01939998
0.01939998
0.01939998
0.01939998
0.01944721
0.01975285
0.02006827
0.02039393
0.02073020
0.02107787
0.02143740
0.02180942
0.02116327
0.02116304
0.02116291
0.02116277
0.02116268
0.02116276
0.02117480
0.02122517
0.02137758
0.02181051
0.02231012
0.02283264
0.02338022
0.02395471
0.02455809
0.02519253
0.04080598
0.04080598
0.04080598
0.04080598
0.04080598
0.04080598
0.04080598
0.04080598
0.04080598
0.04080598
0.04080598
0.04080598
0.04080598
0.04080598
0.04080598
0.04080598
0.04080598
0.04080598
0.04080598
0.04080598
0.04080598
0.04080598
0.04080598
0.04080598
0.04080598
0.04080598
0.04080598
0.04080598
0.04080598
0.04080598
0.04080598
0.04080598
0.04080598
0.04080598
0.04080598
0.04080598
0.04080598
0.04080598
0.04080598
0.04080598
0.04080598
0.04080598
0.04080598
0.04080598
0.04080598
0.04080598
0.04080598
0.04080598
0.04080598
0.04080598
0.04080598
0.04080598
0.04080598
0.04080598
0.04080598
0.04080598
0.04080598
0.04080598
0.04080598
0.04080598
0.04080598
0.04080598
0.04080598
0.04080598
0.04080598
0.04080598
0.04080598
0.04080598
0.04080598
0.04080598
0.04080598
0.04080598
0.04080598
0.04080598
0.04080598
0.04080598
0.04080598
0.04080598
0.04080598
0.04080598
0.04080598
0.04080598
0.02506095
0.02442583
0.02382196
0.02324720
0.02269953
0.02217725
0.02167913
0.02131372
0.02119785
0.02116584
0.02116274
0.02116267
0.02116281
0.02116294
0.02116309
0.02209179
0.02170675
0.02133490
0.02097557
0.02062815
0.02029205
0.01996673
0.01965167
0.01939998
0.01939998
0.01939998
0.01939998
0.01939998
0.01939998
0.01939998
0.01939998
0.01939998
0.01939998
0.01939998
0.01939998
0.01939998
0.01939998
0.01939998
0.01939998
0.01939998
0.01939998
0.02767960
0.02767115
0.02766271
0.02765425
0.02764578
0.02763731
0.02762885
0.02762039
0.02761196
0.02760353
0.02759511
0.02758669
0.02757828
0.02756987
0.02756147
0.02755307
0.02754468
0.02753630
0.02752791
0.02751954
0.02751117
0.02750280
0.02749444
0.02748604
0.02747765
0.02746926
0.02746088
0.02745251
0.02744415
0.02743580
0.02742745
0.02741911
0.02741077
0.02740244
0.02739411
0.02738579
0.02737748
0.02736917
0.02736086
0.02735256
0.02734426
0.02733597
0.02732769
0.02731940
0.02731113
0.02730287
0.02730470
0.02731293
0.02732118
0.02732943
0.02733768
0.02734594
0.02735421
0.02736247
0.02737075
0.02737903
0.02738731
0.02739560
0.02740390
0.02741219
0.02742050
0.02742881
0.02743712
0.02744544
0.02745377
0.02746210
0.02747043
0.02747880
0.02748717
0.02749554
0.02750392
0.02751231
0.02752070
0.02752909
0.02753749
0.02754588
0.02755429
0.02756270
0.02757112
0.02757953
0.02758796
0.02759639
0.02760483
0.02761327
0.02762170
0.02763014
0.02763859
0.02764704
0.02765549
0.02766396
0.02767242
0.02768089
0.01939998
0.01939998
0.01939998
0.01939998
0.01939998
0.01939998
0.01939998
0.01939998
0.01939998
0.01939998
0.01939998
0.01939998
0.01939998
0.01939998
0.01939998
0.01939998
0.01939998
0.01944721
0.01975285
0.02006827
0.02039393
0.02073020
0.02107787
0.02143740
0.02180942
0.02117016
0.02116995
0.02116982
0.02116968
0.02116958
0.02116965
0.02118208
0.02123302
0.02138719
0.02182332
0.02232349
0.02284664
0.02339491
0.02397013
0.02457431
0.02520958
0.04044447
0.04044447
0.04044447
0.04044447
0.04044447
0.04044447
0.04044447
0.04044447
0.04044447
0.04044447
0.04044447
0.04044447
0.04044447
0.04044447
0.04044447
0.04044447
0.04044447
0.04044447
0.04044447
0.04044447
0.04044447
0.04044447
0.04044447
0.04044447
0.04044447
0.04044447
0.04044447
0.04044447
0.04044447
0.04044447
0.04044447
0.04044447
0.04044447
0.04044447
0.04044447
0.04044447
0.04044447
0.04044447
0.04044447
0.04044447
0.04044447
0.04044447
0.04044447
0.04044447
0.04044447
0.04044447
0.04044447
0.04044447
0.04044447
0.04044447
0.04044447
0.04044447
0.04044447
0.04044447
0.04044447
0.04044447
0.04044447
0.04044447
0.04044447
0.04044447
0.04044447
0.04044447
0.04044447
0.04044447
0.04044447
0.04044447
0.04044447
0.04044447
0.04044447
0.04044447
0.04044447
0.04044447
0.04044447
0.04044447
0.04044447
0.04044447
0.04044447
0.04044447
0.04044447
0.04044447
0.04044447
0.04044447
0.02507804
0.02444206
0.02383738
0.02326189
0.02271353
0.02219056
0.02169185
0.02132325
0.02120521
0.02117311
0.02116964
0.02116957
0.02116971
0.02116985
0.02116998
0.02209179
0.02170675
0.02133490
0.02097557
0.02062815
0.02029205
0.01996673
0.01965167
0.01939998
0.01939998
0.01939998
0.01939998
0.01939998
0.01939998
0.01939998
0.01939998
0.01939998
0.01939998
0.01939998
0.01939998
0.01939998
0.01939998
0.01939998
0.01939998
0.01939998
0.01939998
0.02767963
0.02767118
0.02766271
0.02765424
0.02764576
0.02763730
0.02762884
0.02762040
0.02761197
0.02760354
0.02759512
0.02758670
0.02757829
0.02756988
0.02756148
0.02755309
0.02754470
0.02753630
0.02752792
0.02751955
0.02751118
0.02750278
0.02749438
0.02748598
0.02747759
0.02746920
0.02746084
0.02745248
0.02744412
0.02743576
0.02742742
0.02741908
0.02741074
0.02740240
0.02739408
0.02738576
0.02737745
0.02736913
0.02736082
0.02735252
0.02734423
0.02733594
0.02732766
0.02731940
0.02731116
0.02730291
0.02730473
0.02731297
0.02732121
0.02732946
0.02733771
0.02734597
0.02735424
0.02736251
0.02737078
0.02737906
0.02738735
0.02739564
0.02740393
0.02741223
0.02742053
0.02742884
0.02743716
0.02744547
0.02745380
0.02746213
0.02747046
0.02747881
0.02748715
0.02749553
0.02750391
0.02751230
0.02752068
0.02752907
0.02753747
0.02754588
0.02755428
0.02756270
0.02757111
0.02757953
0.02758795
0.02759639
0.02760482
0.02761326
0.02762171
0.02763015
0.02763860
0.02764705
0.02765550
0.02766397
0.02767243
0.02768090
0.01939998
0.01939998
0.01939998
0.01939998
0.01939998
0.01939998
0.01939998
0.01939998
0.01939998
0.01939998
0.01939998
0.01939998
0.01939998
0.01939998
0.01939998
0.01939998
0.01939998
0.01944721
0.01975285
0.02006827
0.02039393
0.02073020
0.02107787
0.02143740
0.02180942
0.02117706
0.02117685
0.02117672
0.02117659
0.02117648
0.02117655
0.02118937
0.02124089
0.02139681
0.02183615
0.02233688
0.02286066
0.02340961
0.02398556
0.02459054
0.02522667
0.04008930
0.04008930
0.04008930
0.04008930
0.04008930
0.04008930
0.04008930
0.04008930
0.04008930
0.04008930
0.04008930
0.04008930
0.04008930
0.04008930
0.04008930
0.04008930
0.04008930
0.04008930
0.04008930
0.04008930
0.04008930
0.04008930
0.04008930
0.04008930
0.04008930
0.04008930
0.04008930
0.04008930
0.04008930
0.04008930
0.04008930
0.04008930
0.04008930
0.04008930
0.04008930
0.04008930
0.04008930
0.04008930
0.04008930
0.04008930
0.04008930
0.04008930
0.04008930
0.04008930
0.04008930
0.04008930
0.04008930
0.04008930
0.04008930
0.04008930
0.04008930
0.04008930
0.04008930
0.04008930
0.04008930
0.04008930
0.04008930
0.04008930
0.04008930
0.04008930
0.04008930
0.04008930
0.04008931
0.04008931
0.04008931
0.04008931
0.04008931
0.04008930
0.04008930
0.04008930
0.04008930
0.04008930
0.04008930
0.04008930
0.04008930
0.04008930
0.04008930
0.04008930
0.04008930
0.04008930
0.04008930
0.04008930
0.02509514
0.02445831
0.02385282
0.02327660
0.02272755
0.02220389
0.02170458
0.02133279
0.02121323
0.02118039
0.02117653
0.02117648
0.02117662
0.02117676
0.02117689
0.02209179
0.02170675
0.02133490
0.02097557
0.02062815
0.02029205
0.01996673
0.01965167
0.01939998
0.01939998
0.01939998
0.01939998
0.01939998
0.01939998
0.01939998
0.01939998
0.01939998
0.01939998
0.01939998
0.01939998
0.01939998
0.01939998
0.01939998
0.01939998
0.01939998
0.01939998
0.02767966
0.02767118
0.02766271
0.02765423
0.02764575
0.02763730
0.02762885
0.02762042
0.02761198
0.02760355
0.02759513
0.02758671
0.02757830
0.02756989
0.02756149
0.02755310
0.02754471
0.02753632
0.02752794
0.02751954
0.02751112
0.02750272
0.02749432
0.02748592
0.02747754
0.02746917
0.02746080
0.02745244
0.02744408
0.02743573
0.02742738
0.02741904
0.02741070
0.02740237
0.02739405
0.02738573
0.02737741
0.02736910
0.02736079
0.02735249
0.02734422
0.02733595
0.02732770
0.02731944
0.02731120
0.02730295
0.02730476
0.02731301
0.02732125
0.02732949
0.02733775
0.02734601
0.02735427
0.02736254
0.02737082
0.02737910
0.02738738
0.02739567
0.02740397
0.02741226
0.02742057
0.02742888
0.02743719
0.02744551
0.02745384
0.02746217
0.02747050
0.02747884
0.02748719
0.02749553
0.02750389
0.02751228
0.02752067
0.02752906
0.02753746
0.02754587
0.02755427
0.02756269
0.02757111
0.02757953
0.02758795
0.02759638
0.02760482
0.02761326
0.02762170
0.02763016
0.02763861
0.02764706
0.02765551
0.02766398
0.02767244
0.02768091
0.01939998
0.01939998
0.01939998
0.01939998
0.01939998
0.01939998
0.01939998
0.01939998
0.01939998
0.01939998
0.01939998
0.01939998
0.01939998
0.01939998
0.01939998
0.01939998
0.01939998
0.01944721
0.01975285
0.02006827
0.02039393
0.02073020
0.02107787
0.02143740
0.02180942
0.02118396
0.02118377
0.02118364
0.02118350
0.02118338
0.02118346
0.02119666
0.02124875
0.02140643
0.02184899
0.02235028
0.02287470
0.02342433
0.02400102
0.02460680
0.03974032
0.03974032
0.03974032
0.03974032
0.03974032
0.03974032
0.03974032
0.03974032
0.03974032
0.03974032
0.03974032
0.03974032
0.03974032
0.03974032
0.03974032
0.03974032
0.03974032
0.03974032
0.03974032
0.03974032
0.03974032
0.03974032
0.03974032
0.03974032
0.03974032
0.03974032
0.03974032
0.03974032
0.03974032
0.03974032
0.03974032
0.03974032
0.03974032
0.03974032
0.03974032
0.03974032
0.03974032
0.03974032
0.03974032
0.03974032
0.03974032
0.03974032
0.03974032
0.03974032
0.03974032
0.03974032
0.03974032
0.03974032
0.03974032
0.03974032
0.03974032
0.03974032
0.03974032
0.03974032
0.03974032
0.03974032
0.03974032
0.03974032
0.03974032
0.03974032
0.03974032
0.03974032
0.03974032
0.03974032
0.03974032
0.03974032
0.03974032
0.03974032
0.03974032
0.03974032
0.03974032
0.03974032
0.03974032
0.03974032
0.03974032
0.03974032
0.03974032
0.03974032
0.03974032
0.03974032
0.03974032
0.03974032
0.03974032
0.02511228
0.02447456
0.02386829
0.02329132
0.02274160
0.02221723
0.02171733
0.02134234
0.02122126
0.02118767
0.02118344
0.02118340
0.02118354
0.02118367
0.02118380
0.02209179
0.02170675
0.02133490
0.02097557
0.02062815
0.02029205
0.01996673
0.01965167
0.01939998
0.01939998
0.01939998
0.01939998
0.01939998
0.01939998
0.01939998
0.01939998
0.01939998
0.01939998
0.01939998
0.01939998
0.01939998
0.01939998
0.01939998
0.01939998
0.01939998
0.01939998
0.02767966
0.02767117
0.02766269
0.02765421
0.02764576
0.02763730
0.02762886
0.02762043
0.02761199
0.02760357
0.02759515
0.02758672
0.02757831
0.02756991
0.02756150
0.02755311
0.02754471
0.02753631
0.02752789
0.02751947
0.02751106
0.02750265
0.02749427
0.02748588
0.02747750
0.02746913
0.02746077
0.02745240
0.02744405
0.02743569
0.02742735
0.02741901
0.02741067
0.02740234
0.02739401
0.02738569
0.02737738
0.02736908
0.02736080
0.02735252
0.02734425
0.02733599
0.02732774
0.02731949
0.02731124
0.02730300
0.02730480
0.02731304
0.02732128
0.02732953
0.02733779
0.02734604
0.02735431
0.02736258
0.02737085
0.02737913
0.02738742
0.02739571
0.02740400
0.02741230
0.02742061
0.02742891
0.02743723
0.02744555
0.02745387
0.02746220
0.02747054
0.02747888
0.02748722
0.02749557
0.02750393
0.02751229
0.02752066
0.02752905
0.02753744
0.02754585
0.02755426
0.02756268
0.02757110
0.02757952
0.02758795
0.02759638
0.02760482
0.02761325
0.02762170
0.02763015
0.02763861
0.02764706
0.02765552
0.02766399
0.02767245
0.02768092
0.01939998
0.01939998
0.01939998
0.01939998
0.01939998
0.01939998
0.01939998
0.01939998
0.01939998
0.01939998
0.01939998
0.01939998
0.01939998
0.01939998
0.01939998
0.01939998
0.01939998
0.01944721
0.01975285
0.02006827
0.02039393
0.02073020
0.02107787
0.02143740
0.02180942
0.02119087
0.02119068
0.02119055
0.02119042
0.02119029
0.02119036
0.02120396
0.02125663
0.02141606
0.02186184
0.02236369
0.02288876
0.02343907
0.02401649
0.02462308
0.03939736
0.03939736
0.03939736
0.03939736
0.03939736
0.03939736
0.03939736
0.03939736
0.03939736
0.03939736
0.03939736
0.03939736
0.03939736
0.03939736
0.03939736
0.03939736
0.03939736
0.03939736
0.03939736
0.03939736
0.03939736
0.03939736
0.03939736
0.03939736
0.03939736
0.03939736
0.03939736
0.03939736
0.03939736
0.03939736
0.03939736
0.03939736
0.03939736
0.03939736
0.03939736
0.03939736
0.03939736
0.03939736
0.03939736
0.03939736
0.03939736
0.03939736
0.03939736
0.03939736
0.03939736
0.03939736
0.03939736
0.03939736
0.03939736
0.03939736
0.03939736
0.03939736
0.03939736
0.03939736
0.03939736
0.03939736
0.03939736
0.03939736
0.03939736
0.03939736
0.03939736
0.03939736
0.03939736
0.03939736
0.03939736
0.03939736
0.03939736
0.03939736
0.03939736
0.03939736
0.03939736
0.03939736
0.03939736
0.03939736
0.03939736
0.03939736
0.03939736
0.03939736
0.03939736
0.03939736
0.03939736
0.03939736
0.03939736
0.02512943
0.02449084
0.02388377
0.02330607
0.02275565
0.02223063
0.02173009
0.02135190
0.02122930
0.02119496
0.02119035
0.02119031
0.02119045
0.02119059
0.02119072
0.02119094
0.02170675
0.02133490
0.02097557
0.02062815
0.02029205
0.01996673
0.01965167
0.01939998
0.01939998
0.01939998
0.01939998
0.01939998
0.01939998
0.01939998
0.01939998
0.01939998
0.01939998
0.01939998
0.01939998
0.01939998
0.01939998
0.01939998
0.01939998
0.01939998
0.01939998
0.02767964
0.02767116
0.02766268
0.02765422
0.02764577
0.02763732
0.02762887
0.02762044
0.02761200
0.02760358
0.02759515
0.02758674
0.02757833
0.02756992
0.02756151
0.02755311
0.02754467
0.02753624
0.02752782
0.02751941
0.02751101
0.02750262
0.02749423
0.02748585
0.02747747
0.02746910
0.02746074
0.02745237
0.02744401
0.02743566
0.02742732
0.02741898
0.02741064
0.02740230
0.02739398
0.02738569
0.02737740
0.02736912
0.02736084
0.02735257
0.02734430
0.02733603
0.02732778
0.02731952
0.02731128
0.02730304
0.02730484
0.02731308
0.02732131
0.02732957
0.02733782
0.02734608
0.02735434
0.02736261
0.02737089
0.02737917
0.02738746
0.02739574
0.02740404
0.02741234
0.02742064
0.02742895
0.02743727
0.02744558
0.02745391
0.02746224
0.02747058
0.02747891
0.02748726
0.02749561
0.02750396
0.02751232
0.02752069
0.02752906
0.02753743
0.02754584
0.02755425
0.02756266
0.02757109
0.02757951
0.02758794
0.02759637
0.02760481
0.02761325
0.02762169
0.02763015
0.02763860
0.02764706
0.02765553
0.02766399
0.02767246
0.02768093
0.01939998
0.01939998
0.01939998
0.01939998
0.01939998
0.01939998
0.01939998
0.01939998
0.01939998
0.01939998
0.01939998
0.01939998
0.01939998
0.01939998
0.01939998
0.01939998
0.01939998
0.01944721
0.01975285
0.02006827
0.02039393
0.02073020
0.02107787
0.02143740
0.02180942
0.02119778
0.02119761
0.02119748
0.02119734
0.02119721
0.02119728
0.02121126
0.02126451
0.02142570
0.02187471
0.02237713
0.02290283
0.02345383
0.02403198
0.02463937
0.03906027
0.03906027
0.03906027
0.03906027
0.03906027
0.03906027
0.03906027
0.03906027
0.03906027
0.03906027
0.03906027
0.03906027
0.03906027
0.03906027
0.03906027
0.03906027
0.03906027
0.03906027
0.03906027
0.03906027
0.03906027
0.03906027
0.03906027
0.03906027
0.03906027
0.03906027
0.03906027
0.03906027
0.03906027
0.03906027
0.03906027
0.03906027
0.03906027
0.03906027
0.03906027
0.03906027
0.03906027
0.03906027
0.03906027
0.03906027
0.03906027
0.03906027
0.03906027
0.03906027
0.03906027
0.03906027
0.03906027
0.03906027
0.03906027
0.03906027
0.03906027
0.03906027
0.03906027
0.03906027
0.03906027
0.03906027
0.03906027
0.03906027
0.03906027
0.03906027
0.03906027
0.03906027
0.03906027
0.03906027
0.03906027
0.03906027
0.03906027
0.03906027
0.03906027
0.03906027
0.03906027
0.03906027
0.03906027
0.03906027
0.03906027
0.03906027
0.03906027
0.03906027
0.03906027
0.03906027
0.03906027
0.03906027
0.03906027
0.02514661
0.02450715
0.02389928
0.02332083
0.02276972
0.02224406
0.02174287
0.02136147
0.02123734
0.02120225
0.02119726
0.02119724
0.02119737
0.02119751
0.02119764
0.02119785
0.02170675
0.02133490
0.02097557
0.02062815
0.02029205
0.01996673
0.01965167
0.01939998
0.01939998
0.01939998
0.01939998
0.01939998
0.01939998
0.01939998
0.01939998
0.01939998
0.01939998
0.01939998
0.01939998
0.01939998
0.01939998
0.01939998
0.01939998
0.01939998
0.01939998
0.02767964
0.02767115
0.02766269
0.02765423
0.02764578
0.02763733
0.02762889
0.02762045
0.02761201
0.02760359
0.02759517
0.02758675
0.02757833
0.02756993
0.02756148
0.02755304
0.02754461
0.02753618
0.02752777
0.02751938
0.02751098
0.02750259
0.02749420
0.02748582
0.02747744
0.02746907
0.02746070
0.02745234
0.02744398
0.02743563
0.02742728
0.02741894
0.02741062
0.02740232
0.02739402
0.02738573
0.02737744
0.02736916
0.02736088
0.02735261
0.02734434
0.02733608
0.02732782
0.02731957
0.02731132
0.02730308
0.02730487
0.02731311
0.02732135
0.02732960
0.02733785
0.02734611
0.02735438
0.02736265
0.02737092
0.02737920
0.02738749
0.02739578
0.02740407
0.02741237
0.02742067
0.02742898
0.02743730
0.02744562
0.02745394
0.02746227
0.02747061
0.02747895
0.02748729
0.02749564
0.02750400
0.02751236
0.02752073
0.02752909
0.02753747
0.02754585
0.02755423
0.02756265
0.02757107
0.02757950
0.02758793
0.02759636
0.02760480
0.02761324
0.02762169
0.02763014
0.02763860
0.02764706
0.02765553
0.02766400
0.02767247
0.02768094
0.01939998
0.01939998
0.01939998
0.01939998
0.01939998
0.01939998
0.01939998
0.01939998
0.01939998
0.01939998
0.01939998
0.01939998
0.01939998
0.01939998
0.01939998
0.01939998
0.01939998
0.01944721
0.01975285
0.02006827
0.02039393
0.02073020
0.02107787
0.02143741
0.02180942
0.02120469
0.02120453
0.02120440
0.02120427
0.02120414
0.02120420
0.02121856
0.02127239
0.02143535
0.02188760
0.02239058
0.02291692
0.02346860
0.02404750
0.02465568
0.03872890
0.03872890
0.03872890
0.03872890
0.03872890
0.03872890
0.03872890
0.03872890
0.03872890
0.03872890
0.03872890
0.03872890
0.03872890
0.03872890
0.03872890
0.03872890
0.03872890
0.03872890
0.03872890
0.03872890
0.03872890
0.03872890
0.03872890
0.03872890
0.03872890
0.03872890
0.03872890
0.03872890
0.03872890
0.03872890
0.03872890
0.03872890
0.03872890
0.03872890
0.03872890
0.03872890
0.03872890
0.03872890
0.03872890
0.03872890
0.03872890
0.03872890
0.03872890
0.03872890
0.03872890
0.03872890
0.03872890
0.03872890
0.03872890
0.03872890
0.03872890
0.03872890
0.03872890
0.03872890
0.03872890
0.03872890
0.03872890
0.03872890
0.03872890
0.03872890
0.03872890
0.03872890
0.03872890
0.03872890
0.03872890
0.03872890
0.03872890
0.03872890
0.03872890
0.03872890
0.03872890
0.03872890
0.03872890
0.03872890
0.03872890
0.03872890
0.03872890
0.03872890
0.03872890
0.03872890
0.03872890
0.03872890
0.03872891
0.02516381
0.02452347
0.02391480
0.02333561
0.02278381
0.02225751
0.02175566
0.02137104
0.02124539
0.02120955
0.02120418
0.02120416
0.02120430
0.02120443
0.02120457
0.02120476
0.02170675
0.02133490
0.02097557
0.02062815
0.02029205
0.01996673
0.01965167
0.01939998
0.01939998
0.01939998
0.01939998
0.01939998
0.01939998
0.01939998
0.01939998
0.01939998
0.01939998
0.01939998
0.01939998
0.01939998
0.01939998
0.01939998
0.01939998
0.01939998
0.01939998
0.02767964
0.02767116
0.02766270
0.02765424
0.02764579
0.02763734
0.02762890
0.02762046
0.02761203
0.02760360
0.02759518
0.02758676
0.02757831
0.02756986
0.02756141
0.02755298
0.02754456
0.02753615
0.02752774
0.02751934
0.02751094
0.02750255
0.02749417
0.02748578
0.02747740
0.02746903
0.02746067
0.02745230
0.02744395
0.02743561
0.02742729
0.02741898
0.02741067
0.02740236
0.02739406
0.02738577
0.02737748
0.02736920
0.02736093
0.02735265
0.02734438
0.02733612
0.02732786
0.02731960
0.02731136
0.02730312
0.02730487
0.02731314
0.02732139
0.02732964
0.02733789
0.02734615
0.02735442
0.02736268
0.02737096
0.02737924
0.02738752
0.02739581
0.02740411
0.02741241
0.02742071
0.02742902
0.02743733
0.02744565
0.02745398
0.02746231
0.02747064
0.02747898
0.02748733
0.02749568
0.02750403
0.02751240
0.02752076
0.02752912
0.02753750
0.02754588
0.02755427
0.02756266
0.02757106
0.02757948
0.02758791
0.02759635
0.02760479
0.02761324
0.02762168
0.02763014
0.02763859
0.02764706
0.02765552
0.02766399
0.02767247
0.02768095
0.01939998
0.01939998
0.01939998
0.01939998
0.01939998
0.01939998
0.01939998
0.01939998
0.01939998
0.01939998
0.01939998
0.01939998
0.01939998
0.01939998
0.01939998
0.01939998
0.01939998
0.01944721
0.01975285
0.02006827
0.02039393
0.02073020
0.02107787
0.02143741
0.02180942
0.02121161
0.02121147
0.02121134
0.02121120
0.02121107
0.02121112
0.02122587
0.02128029
0.02144501
0.02190050
0.02240405
0.02293103
0.02348340
0.02406303
0.02467201
0.03840311
0.03840311
0.03840311
0.03840311
0.03840311
0.03840311
0.03840311
0.03840311
0.03840311
0.03840311
0.03840311
0.03840311
0.03840311
0.03840311
0.03840311
0.03840311
0.03840311
0.03840311
0.03840311
0.03840311
0.03840311
0.03840311
0.03840311
0.03840311
0.03840311
0.03840311
0.03840311
0.03840311
0.03840311
0.03840311
0.03840311
0.03840311
0.03840311
0.03840311
0.03840311
0.03840311
0.03840311
0.03840311
0.03840311
0.03840311
0.03840311
0.03840311
0.03840311
0.03840311
0.03840311
0.03840311
0.03840311
0.03840311
0.03840311
0.03840311
0.03840311
0.03840311
0.03840311
0.03840311
0.03840311
0.03840311
0.03840311
0.03840311
0.03840311
0.03840311
0.03840311
0.03840311
0.03840311
0.03840311
0.03840311
0.03840311
0.03840311
0.03840311
0.03840311
0.03840311
0.03840311
0.03840311
0.03840311
0.03840311
0.03840311
0.03840311
0.03840311
0.03840311
0.03840311
0.03840311
0.03840311
0.03840311
0.03840311
0.02518104
0.02453982
0.02393034
0.02335041
0.02279792
0.02227097
0.02176847
0.02138062
0.02125344
0.02121685
0.02121110
0.02121110
0.02121123
0.02121137
0.02121150
0.02121168
0.02170675
0.02133490
0.02097557
0.02062815
0.02029205
0.01996673
0.01965167
0.01939998
0.01939998
0.01939998
0.01939998
0.01939998
0.01939998
0.01939998
0.01939998
0.01939998
0.01939998
0.01939998
0.01939998
0.01939998
0.01939998
0.01939998
0.01939998
0.01939998
0.01939998
0.02767964
0.02767118
0.02766271
0.02765426
0.02764580
0.02763736
0.02762891
0.02762047
0.02761204
0.02760361
0.02759516
0.02758670
0.02757824
0.02756980
0.02756137
0.02755295
0.02754453
0.02753612
0.02752771
0.02751931
0.02751091
0.02750252
0.02749413
0.02748575
0.02747737
0.02746900
0.02746063
0.02745230
0.02744397
0.02743565
0.02742733
0.02741902
0.02741071
0.02740240
0.02739410
0.02738581
0.02737752
0.02736924
0.02736097
0.02735269
0.02734442
0.02733616
0.02732790
0.02731965
0.02731140
0.02730316
0.02730485
0.02731310
0.02732136
0.02732963
0.02733791
0.02734618
0.02735445
0.02736272
0.02737100
0.02737927
0.02738756
0.02739585
0.02740414
0.02741244
0.02742075
0.02742906
0.02743737
0.02744569
0.02745402
0.02746234
0.02747068
0.02747902
0.02748737
0.02749571
0.02750407
0.02751243
0.02752079
0.02752916
0.02753754
0.02754592
0.02755430
0.02756270
0.02757109
0.02757949
0.02758790
0.02759633
0.02760477
0.02761322
0.02762168
0.02763013
0.02763859
0.02764705
0.02765552
0.02766399
0.02767247
0.02768094
0.01939998
0.01939998
0.01939998
0.01939998
0.01939998
0.01939998
0.01939998
0.01939998
0.01939998
0.01939998
0.01939998
0.01939998
0.01939998
0.01939998
0.01939998
0.01939998
0.01939998
0.01944721
0.01975285
0.02006827
0.02039393
0.02073020
0.02107787
0.02143741
0.02180942
0.02121854
0.02121840
0.02121827
0.02121814
0.02121801
0.02121805
0.02123319
0.02128818
0.02145468
0.02191342
0.02241753
0.02294515
0.02349821
0.02407859
0.02468836
0.03808274
0.03808274
0.03808274
0.03808274
0.03808274
0.03808274
0.03808274
0.03808274
0.03808274
0.03808274
0.03808274
0.03808274
0.03808274
0.03808274
0.03808274
0.03808274
0.03808274
0.03808274
0.03808274
0.03808274
0.03808274
0.03808274
0.03808274
0.03808274
0.03808274
0.03808274
0.03808274
0.03808274
0.03808274
0.03808274
0.03808274
0.03808274
0.03808274
0.03808274
0.03808274
0.03808274
0.03808274
0.03808274
0.03808274
0.03808274
0.03808274
0.03808274
0.03808274
0.03808274
0.03808274
0.03808274
0.03808274
0.03808274
0.03808274
0.03808274
0.03808274
0.03808274
0.03808274
0.03808274
0.03808274
0.03808274
0.03808274
0.03808274
0.03808274
0.03808274
0.03808274
0.03808274
0.03808274
0.03808274
0.03808274
0.03808274
0.03808274
0.03808274
0.03808274
0.03808274
0.03808274
0.03808274
0.03808274
0.03808274
0.03808274
0.03808274
0.03808274
0.03808274
0.03808274
0.03808274
0.03808274
0.03808274
0.03808274
0.03808274
0.02455618
0.02394591
0.02336523
0.02281205
0.02228445
0.02178129
0.02139022
0.02126150
0.02122416
0.02121803
0.02121803
0.02121817
0.02121830
0.02121844
0.02121861
0.02170675
0.02133490
0.02097557
0.02062815
0.02029205
0.01996673
0.01965167
0.01939998
0.01939998
0.01939998
0.01939998
0.01939998
0.01939998
0.01939998
0.01939998
0.01939998
0.01939998
0.01939998
0.01939998
0.01939998
0.01939998
0.01939998
0.01939998
0.01939998
0.01939998
0.02767966
0.02767118
0.02766272
0.02765426
0.02764581
0.02763736
0.02762892
0.02762049
0.02761203
0.02760356
0.02759509
0.02758664
0.02757820
0.02756977
0.02756133
0.02755291
0.02754449
0.02753608
0.02752768
0.02751927
0.02751087
0.02750248
0.02749410
0.02748572
0.02747736
0.02746901
0.02746068
0.02745234
0.02744401
0.02743569
0.02742738
0.02741906
0.02741075
0.02740245
0.02739415
0.02738585
0.02737756
0.02736928
0.02736101
0.02735273
0.02734447
0.02733620
0.02732794
0.02731969
0.02731144
0.02730320
0.02730482
0.02731307
0.02732133
0.02732960
0.02733787
0.02734615
0.02735443
0.02736272
0.02737101
0.02737931
0.02738759
0.02739589
0.02740418
0.02741247
0.02742078
0.02742909
0.02743741
0.02744573
0.02745405
0.02746238
0.02747072
0.02747906
0.02748740
0.02749575
0.02750411
0.02751246
0.02752083
0.02752920
0.02753757
0.02754596
0.02755434
0.02756273
0.02757113
0.02757953
0.02758793
0.02759634
0.02760476
0.02761321
0.02762166
0.02763012
0.02763858
0.02764705
0.02765551
0.02766399
0.02767246
0.02768094
0.01939998
0.01939998
0.01939998
0.01939998
0.01939998
0.01939998
0.01939998
0.01939998
0.01939998
0.01939998
0.01939998
0.01939998
0.01939998
0.01939998
0.01939998
0.01939998
0.01939998
0.01944721
0.01975285
0.02006827
0.02039393
0.02073020
0.02107787
0.02143741
0.02180942
0.02122548
0.02122534
0.02122521
0.02122508
0.02122495
0.02122498
0.02124051
0.02129608
0.02146435
0.02192635
0.02243103
0.02295930
0.02351305
0.02409417
0.02470473
0.03776768
0.03776768
0.03776768
0.03776768
0.03776768
0.03776768
0.03776768
0.03776768
0.03776768
0.03776768
0.03776768
0.03776768
0.03776768
0.03776768
0.03776768
0.03776768
0.03776768
0.03776768
0.03776768
0.03776768
0.03776768
0.03776768
0.03776768
0.03776768
0.03776768
0.03776768
0.03776768
0.03776768
0.03776768
0.03776768
0.03776768
0.03776768
0.03776768
0.03776768
0.03776768
0.03776768
0.03776768
0.03776768
0.03776768
0.03776768
0.03776768
0.03776768
0.03776768
0.03776768
0.03776768
0.03776768
0.03776768
0.03776768
0.03776768
0.03776768
0.03776768
0.03776768
0.03776768
0.03776768
0.03776768
0.03776768
0.03776768
0.03776768
0.03776768
0.03776768
0.03776768
0.03776768
0.03776768
0.03776768
0.03776768
0.03776768
0.03776768
0.03776768
0.03776768
0.03776768
0.03776768
0.03776768
0.03776768
0.03776768
0.03776768
0.03776768
0.03776768
0.03776768
0.03776768
0.03776768
0.03776768
0.03776768
0.03776768
0.03776768
0.02457258
0.02396150
0.02338007
0.02282619
0.02229795
0.02179413
0.02139982
0.02126957
0.02123148
0.02122497
0.02122497
0.02122511
0.02122524
0.02122538
0.02122553
0.02170675
0.02133490
0.02097557
0.02062815
0.02029205
0.01996672
0.01965166
0.01939998
0.01939998
0.01939998
0.01939998
0.01939998
0.01939998
0.01939998
0.01939998
0.01939998
0.01939998
0.01939998
0.01939998
0.01939998
0.01939998
0.01939998
0.01939998
0.01939998
0.01939998
0.02767967
0.02767120
0.02766274
0.02765427
0.02764582
0.02763737
0.02762891
0.02762043
0.02761196
0.02760349
0.02759504
0.02758660
0.02757816
0.02756973
0.02756130
0.02755287
0.02754446
0.02753605
0.02752764
0.02751924
0.02751084
0.02750246
0.02749410
0.02748575
0.02747740
0.02746906
0.02746072
0.02745238
0.02744405
0.02743573
0.02742741
0.02741910
0.02741079
0.02740249
0.02739419
0.02738590
0.02737761
0.02736932
0.02736105
0.02735277
0.02734451
0.02733624
0.02732798
0.02731973
0.02731148
0.02730324
0.02730479
0.02731304
0.02732130
0.02732957
0.02733784
0.02734612
0.02735440
0.02736269
0.02737098
0.02737928
0.02738758
0.02739589
0.02740420
0.02741251
0.02742082
0.02742912
0.02743744
0.02744576
0.02745409
0.02746241
0.02747075
0.02747909
0.02748743
0.02749578
0.02750414
0.02751250
0.02752087
0.02752923
0.02753761
0.02754599
0.02755438
0.02756276
0.02757116
0.02757956
0.02758797
0.02759638
0.02760480
0.02761322
0.02762165
0.02763011
0.02763857
0.02764703
0.02765551
0.02766398
0.02767246
0.02768094
0.01939998
0.01939998
0.01939998
0.01939998
0.01939998
0.01939998
0.01939998
0.01939998
0.01939998
0.01939998
0.01939998
0.01939998
0.01939998
0.01939998
0.01939998
0.01939998
0.01939998
0.01944721
0.01975286
0.02006827
0.02039393
0.02073020
0.02107787
0.02143741
0.02180942
0.02123242
0.02123229
0.02123216
0.02123202
0.02123189
0.02123191
0.02124784
0.02130400
0.02147404
0.02193929
0.02244454
0.02297345
0.02352790
0.02410976
0.02472113
0.03745780
0.03745780
0.03745780
0.03745780
0.03745780
0.03745780
0.03745780
0.03745780
0.03745780
0.03745780
0.03745780
0.03745780
0.03745780
0.03745780
0.03745780
0.03745780
0.03745780
0.03745780
0.03745780
0.03745780
0.03745780
0.03745780
0.03745780
0.03745780
0.03745780
0.03745780
0.03745780
0.03745780
0.03745780
0.03745780
0.03745780
0.03745780
0.03745780
0.03745780
0.03745780
0.03745780
0.03745780
0.03745780
0.03745780
0.03745780
0.03745780
0.03745780
0.03745780
0.03745780
0.03745780
0.03745780
0.03745780
0.03745780
0.03745780
0.03745780
0.03745780
0.03745780
0.03745780
0.03745780
0.03745780
0.03745780
0.03745780
0.03745780
0.03745780
0.03745780
0.03745780
0.03745780
0.03745780
0.03745780
0.03745780
0.03745780
0.03745780
0.03745780
0.03745780
0.03745780
0.03745780
0.03745780
0.03745780
0.03745780
0.03745780
0.03745780
0.03745780
0.03745780
0.03745780
0.03745780
0.03745780
0.03745780
0.03745780
0.03745780
0.02458898
0.02397710
0.02339493
0.02284035
0.02231146
0.02180698
0.02140943
0.02127764
0.02123880
0.02123190
0.02123192
0.02123205
0.02123219
0.02123233
0.02123247
0.02170675
0.02133490
0.02097557
0.02062815
0.02029205
0.01996672
0.01965166
0.01939998
0.01939998
0.01939998
0.01939998
0.01939998
0.01939998
0.01939998
0.01939998
0.01939998
0.01939998
0.01939998
0.01939998
0.01939998
0.01939998
0.01939998
0.01939998
0.01939998
0.01939998
0.02767968
0.02767121
0.02766275
0.02765429
0.02764583
0.02763734
0.02762885
0.02762037
0.02761192
0.02760346
0.02759501
0.02758657
0.02757813
0.02756970
0.02756127
0.02755284
0.02754442
0.02753601
0.02752761
0.02751924
0.02751087
0.02750251
0.02749415
0.02748580
0.02747745
0.02746910
0.02746076
0.02745243
0.02744410
0.02743577
0.02742746
0.02741914
0.02741083
0.02740253
0.02739423
0.02738594
0.02737765
0.02736936
0.02736108
0.02735281
0.02734455
0.02733628
0.02732803
0.02731977
0.02731153
0.02730328
0.02730476
0.02731302
0.02732128
0.02732954
0.02733781
0.02734609
0.02735437
0.02736266
0.02737095
0.02737925
0.02738756
0.02739586
0.02740418
0.02741249
0.02742082
0.02742914
0.02743748
0.02744580
0.02745412
0.02746245
0.02747079
0.02747912
0.02748748
0.02749582
0.02750418
0.02751254
0.02752090
0.02752927
0.02753765
0.02754603
0.02755441
0.02756280
0.02757120
0.02757960
0.02758800
0.02759642
0.02760483
0.02761325
0.02762168
0.02763011
0.02763855
0.02764702
0.02765549
0.02766397
0.02767245
0.02768094
0.01939998
0.01939998
0.01939998
0.01939998
0.01939998
0.01939998
0.01939998
0.01939998
0.01939998
0.01939998
0.01939998
0.01939998
0.01939998
0.01939998
0.01939998
0.01939998
0.01939998
0.01944721
0.01975286
0.02006827
0.02039393
0.02073020
0.02107787
0.02143741
0.02180942
0.02123938
0.02123924
0.02123911
0.02123898
0.02123884
0.02123885
0.02125517
0.02131218
0.02148373
0.02195225
0.02245808
0.02298763
0.02354277
0.02412538
0.02473755
0.03715296
0.03715296
0.03715296
0.03715296
0.03715296
0.03715296
0.03715296
0.03715296
0.03715296
0.03715296
0.03715296
0.03715296
0.03715296
0.03715296
0.03715296
0.03715296
0.03715296
0.03715296
0.03715296
0.03715296
0.03715296
0.03715296
0.03715296
0.03715296
0.03715296
0.03715296
0.03715296
0.03715296
0.03715296
0.03715296
0.03715296
0.03715296
0.03715296
0.03715296
0.03715296
0.03715296
0.03715296
0.03715296
0.03715296
0.03715296
0.03715296
0.03715296
0.03715296
0.03715296
0.03715296
0.03715296
0.03715296
0.03715296
0.03715296
0.03715296
0.03715296
0.03715296
0.03715296
0.03715296
0.03715296
0.03715296
0.03715296
0.03715296
0.03715296
0.03715296
0.03715296
0.03715296
0.03715296
0.03715296
0.03715296
0.03715296
0.03715296
0.03715296
0.03715296
0.03715296
0.03715296
0.03715296
0.03715296
0.03715296
0.03715296
0.03715296
0.03715296
0.03715296
0.03715296
0.03715296
0.03715296
0.03715296
0.03715296
0.03715296
0.02460542
0.02399273
0.02340980
0.02285453
0.02232499
0.02181985
0.02141904
0.02128571
0.02124612
0.02123884
0.02123887
0.02123900
0.02123914
0.02123928
0.02123941
0.02170675
0.02133490
0.02097557
0.02062815
0.02029205
0.01996672
0.01965166
0.01939998
0.01939998
0.01939998
0.01939998
0.01939998
0.01939998
0.01939998
0.01939998
0.01939998
0.01939998
0.01939998
0.01939998
0.01939998
0.01939998
0.01939998
0.01939998
0.01939998
0.01939998
0.02767969
0.02767122
0.02766276
0.02765426
0.02764576
0.02763727
0.02762880
0.02762034
0.02761188
0.02760343
0.02759498
0.02758653
0.02757809
0.02756966
0.02756123
0.02755281
0.02754442
0.02753603
0.02752765
0.02751928
0.02751091
0.02750254
0.02749418
0.02748583
0.02747748
0.02746914
0.02746080
0.02745247
0.02744414
0.02743581
0.02742749
0.02741918
0.02741087
0.02740257
0.02739427
0.02738598
0.02737769
0.02736941
0.02736113
0.02735285
0.02734459
0.02733632
0.02732807
0.02731981
0.02731157
0.02730332
0.02730474
0.02731299
0.02732125
0.02732952
0.02733779
0.02734607
0.02735435
0.02736263
0.02737093
0.02737922
0.02738753
0.02739583
0.02740414
0.02741246
0.02742078
0.02742912
0.02743744
0.02744579
0.02745413
0.02746248
0.02747082
0.02747916
0.02748751
0.02749586
0.02750421
0.02751257
0.02752094
0.02752930
0.02753768
0.02754606
0.02755444
0.02756284
0.02757123
0.02757963
0.02758804
0.02759645
0.02760487
0.02761329
0.02762172
0.02763015
0.02763858
0.02764703
0.02765548
0.02766396
0.02767244
0.02768093
0.01939998
0.01939998
0.01939998
0.01939998
0.01939998
0.01939998
0.01939998
0.01939998
0.01939998
0.01939998
0.01939998
0.01939998
0.01939998
0.01939998
0.01939998
0.01939998
0.01939998
0.01944721
0.01975286
0.02006827
0.02039393
0.02073020
0.02107787
0.02143741
0.02124629
0.02124633
0.02124620
0.02124606
0.02124593
0.02124579
0.02124580
0.02126239
0.02132036
0.02149343
0.02196523
0.02247163
0.02300183
0.02355766
0.02414101
0.02475399
0.03685303
0.03685303
0.03685303
0.03685303
0.03685303
0.03685303
0.03685303
0.03685303
0.03685303
0.03685303
0.03685303
0.03685303
0.03685303
0.03685303
0.03685303
0.03685303
0.03685303
0.03685303
0.03685303
0.03685303
0.03685303
0.03685303
0.03685303
0.03685303
0.03685303
0.03685303
0.03685303
0.03685303
0.03685303
0.03685303
0.03685303
0.03685303
0.03685303
0.03685303
0.03685303
0.03685303
0.03685303
0.03685303
0.03685303
0.03685303
0.03685303
0.03685303
0.03685303
0.03685303
0.03685303
0.03685303
0.03685303
0.03685303
0.03685303
0.03685303
0.03685303
0.03685303
0.03685303
0.03685303
0.03685303
0.03685303
0.03685303
0.03685303
0.03685303
0.03685303
0.03685303
0.03685303
0.03685303
0.03685303
0.03685303
0.03685303
0.03685303
0.03685303
0.03685303
0.03685303
0.03685303
0.03685303
0.03685303
0.03685303
0.03685303
0.03685303
0.03685303
0.03685303
0.03685303
0.03685303
0.03685303
0.03685303
0.03685303
0.03685303
0.02462187
0.02400837
0.02342470
0.02286873
0.02233854
0.02183274
0.02142867
0.02129380
0.02125345
0.02124579
0.02124582
0.02124596
0.02124609
0.02124623
0.02124636
0.02124621
0.02133490
0.02097557
0.02062815
0.02029205
0.01996672
0.01965166
0.01939998
0.01939998
0.01939998
0.01939998
0.01939998
0.01939998
0.01939998
0.01939998
0.01939998
0.01939998
0.01939998
0.01939998
0.01939998
0.01939998
0.01939998
0.01939998
0.01939998
0.01939998
0.02767970
0.02767120
0.02766270
0.02765420
0.02764571
0.02763724
0.02762877
0.02762030
0.02761185
0.02760340
0.02759494
0.02758650
0.02757806
0.02756964
0.02756124
0.02755284
0.02754446
0.02753607
0.02752769
0.02751932
0.02751095
0.02750259
0.02749423
0.02748588
0.02747753
0.02746918
0.02746085
0.02745251
0.02744418
0.02743586
0.02742754
0.02741922
0.02741091
0.02740261
0.02739431
0.02738602
0.02737773
0.02736945
0.02736117
0.02735289
0.02734463
0.02733636
0.02732811
0.02731985
0.02731161
0.02730337
0.02730471
0.02731297
0.02732123
0.02732949
0.02733776
0.02734604
0.02735432
0.02736261
0.02737090
0.02737920
0.02738750
0.02739581
0.02740412
0.02741243
0.02742076
0.02742908
0.02743742
0.02744575
0.02745410
0.02746245
0.02747080
0.02747916
0.02748752
0.02749589
0.02750425
0.02751261
0.02752097
0.02752934
0.02753772
0.02754609
0.02755448
0.02756288
0.02757127
0.02757967
0.02758808
0.02759649
0.02760490
0.02761333
0.02762175
0.02763018
0.02763862
0.02764706
0.02765551
0.02766396
0.02767242
0.02768091
0.01939998
0.01939998
0.01939998
0.01939998
0.01939998
0.01939998
0.01939998
0.01939998
0.01939998
0.01939998
0.01939998
0.01939998
0.01939998
0.01939998
0.01939998
0.01939998
0.01939998
0.01944721
0.01975286
0.02006827
0.02039393
0.02073020
0.02107787
0.02125310
0.02125322
0.02125323
0.02125316
0.02125302
0.02125289
0.02125276
0.02125275
0.02126962
0.02132854
0.02150314
0.02197822
0.02248519
0.02301604
0.02357256
0.02415667
0.02477045
0.03655791
0.03655791
0.03655791
0.03655791
0.03655791
0.03655791
0.03655791
0.03655791
0.03655791
0.03655791
0.03655791
0.03655791
0.03655791
0.03655791
0.03655791
0.03655791
0.03655791
0.03655791
0.03655791
0.03655791
0.03655791
0.03655791
0.03655791
0.03655791
0.03655791
0.03655791
0.03655791
0.03655791
0.03655791
0.03655791
0.03655791
0.03655791
0.03655791
0.03655791
0.03655791
0.03655791
0.03655791
0.03655791
0.03655791
0.03655791
0.03655791
0.03655791
0.03655791
0.03655791
0.03655791
0.03655791
0.03655791
0.03655791
0.03655791
0.03655791
0.03655791
0.03655791
0.03655791
0.03655791
0.03655791
0.03655791
0.03655791
0.03655791
0.03655791
0.03655791
0.03655791
0.03655791
0.03655791
0.03655791
0.03655791
0.03655791
0.03655791
0.03655791
0.03655791
0.03655791
0.03655791
0.03655791
0.03655791
0.03655791
0.03655791
0.03655791
0.03655791
0.03655791
0.03655791
0.03655791
0.03655791
0.03655791
0.03655791
0.03655791
0.02463835
0.02402404
0.02343961
0.02288294
0.02235210
0.02184564
0.02143831
0.02130188
0.02126078
0.02125274
0.02125278
0.02125292
0.02125305
0.02125319
0.02125330
0.02125315
0.02125300
0.02097557
0.02062815
0.02029205
0.01996672
0.01965166
0.01939998
0.01939998
0.01939998
0.01939998
0.01939998
0.01939998
0.01939998
0.01939998
0.01939998
0.01939998
0.01939998
0.01939998
0.01939998
0.01939998
0.01939998
0.01939998
0.01939998
0.01939998
0.02767964
0.02767113
0.02766264
0.02765416
0.02764568
0.02763721
0.02762873
0.02762027
0.02761181
0.02760336
0.02759491
0.02758650
0.02757809
0.02756968
0.02756128
0.02755288
0.02754450
0.02753611
0.02752773
0.02751936
0.02751099
0.02750263
0.02749427
0.02748591
0.02747756
0.02746922
0.02746088
0.02745255
0.02744422
0.02743590
0.02742758
0.02741926
0.02741095
0.02740265
0.02739435
0.02738606
0.02737777
0.02736949
0.02736121
0.02735294
0.02734467
0.02733641
0.02732816
0.02731991
0.02731168
0.02730344
0.02730469
0.02731295
0.02732120
0.02732947
0.02733774
0.02734602
0.02735430
0.02736259
0.02737088
0.02737917
0.02738748
0.02739578
0.02740409
0.02741241
0.02742073
0.02742906
0.02743739
0.02744573
0.02745407
0.02746242
0.02747077
0.02747913
0.02748749
0.02749586
0.02750424
0.02751261
0.02752100
0.02752938
0.02753775
0.02754613
0.02755452
0.02756291
0.02757130
0.02757971
0.02758811
0.02759652
0.02760494
0.02761336
0.02762179
0.02763022
0.02763866
0.02764710
0.02765555
0.02766400
0.02767246
0.02768092
0.01939998
0.01939998
0.01939998
0.01939998
0.01939998
0.01939998
0.01939998
0.01939998
0.01939998
0.01939998
0.01939998
0.01939998
0.01939998
0.01939998
0.01939998
0.01939998
0.01939998
0.01944721
0.01975286
0.02006827
0.02039393
0.02073020
0.02107787
0.02126007
0.02126016
0.02126020
0.02126012
0.02125999
0.02125985
0.02125972
0.02125970
0.02127684
0.02133674
0.02151286
0.02199124
0.02249877
0.02303027
0.02358749
0.02417234
0.02478693
0.03626748
0.03626748
0.03626748
0.03626748
0.03626748
0.03626748
0.03626748
0.03626748
0.03626748
0.03626748
0.03626748
0.03626748
0.03626748
0.03626748
0.03626748
0.03626748
0.03626748
0.03626748
0.03626748
0.03626748
0.03626748
0.03626748
0.03626748
0.03626748
0.03626748
0.03626748
0.03626748
0.03626748
0.03626748
0.03626748
0.03626748
0.03626748
0.03626748
0.03626748
0.03626748
0.03626748
0.03626748
0.03626748
0.03626748
0.03626748
0.03626748
0.03626748
0.03626748
0.03626748
0.03626748
0.03626748
0.03626748
0.03626748
0.03626748
0.03626748
0.03626748
0.03626748
0.03626748
0.03626748
0.03626748
0.03626748
0.03626748
0.03626748
0.03626748
0.03626748
0.03626748
0.03626748
0.03626748
0.03626748
0.03626748
0.03626748
0.03626748
0.03626748
0.03626748
0.03626748
0.03626748
0.03626748
0.03626748
0.03626748
0.03626748
0.03626748
0.03626748
0.03626748
0.03626748
0.03626748
0.03626748
0.03626748
0.03626748
0.03626748
0.02465485
0.02403972
0.02345454
0.02289717
0.02236568
0.02185855
0.02144795
0.02130998
0.02126812
0.02125969
0.02125975
0.02125988
0.02126002
0.02126015
0.02126024
0.02126009
0.02125994
0.02097557
0.02062815
0.02029205
0.01996672
0.01965166
0.01939998
0.01939998
0.01939998
0.01939998
0.01939998
0.01939998
0.01939998
0.01939998
0.01939998
0.01939998
0.01939998
0.01939998
0.01939998
0.01939998
0.01939998
0.01939998
0.01939998
0.01939998
0.02767959
0.02767110
0.02766261
0.02765413
0.02764564
0.02763717
0.02762870
0.02762024
0.02761180
0.02760338
0.02759496
0.02758654
0.02757813
0.02756972
0.02756132
0.02755293
0.02754454
0.02753615
0.02752778
0.02751941
0.02751104
0.02750267
0.02749431
0.02748596
0.02747761
0.02746926
0.02746093
0.02745259
0.02744426
0.02743594
0.02742762
0.02741931
0.02741100
0.02740269
0.02739439
0.02738611
0.02737783
0.02736955
0.02736128
0.02735301
0.02734475
0.02733649
0.02732824
0.02732000
0.02731176
0.02730352
0.02730467
0.02731293
0.02732118
0.02732945
0.02733772
0.02734599
0.02735428
0.02736256
0.02737085
0.02737915
0.02738746
0.02739576
0.02740407
0.02741239
0.02742071
0.02742903
0.02743736
0.02744570
0.02745404
0.02746239
0.02747075
0.02747910
0.02748746
0.02749583
0.02750420
0.02751258
0.02752096
0.02752935
0.02753774
0.02754615
0.02755455
0.02756294
0.02757134
0.02757974
0.02758815
0.02759656
0.02760497
0.02761340
0.02762182
0.02763026
0.02763869
0.02764713
0.02765558
0.02766404
0.02767249
0.02768096
0.01939998
0.01939998
0.01939998
0.01939998
0.01939998
0.01939998
0.01939998
0.01939998
0.01939998
0.01939998
0.01939998
0.01939998
0.01939998
0.01939998
0.01939998
0.01939998
0.01939998
0.01944721
0.01975286
0.02006827
0.02039393
0.02073020
0.02107787
0.02126701
0.02126711
0.02126717
0.02126709
0.02126695
0.02126682
0.02126668
0.02126667
0.02128408
0.02134494
0.02152259
0.02200424
0.02251237
0.02304452
0.02360244
0.02418804
0.02948430
0.03598163
0.03598163
0.03598163
0.03598163
0.03598163
0.03598163
0.03598163
0.03598163
0.03598163
0.03598163
0.03598163
0.03598163
0.03598163
0.03598163
0.03598163
0.03598163
0.03598163
0.03598163
0.03598163
0.03598163
0.03598163
0.03598163
0.03598163
0.03598163
0.03598163
0.03598163
0.03598163
0.03598163
0.03598163
0.03598163
0.03598163
0.03598163
0.03598163
0.03598163
0.03598163
0.03598163
0.03598163
0.03598163
0.03598163
0.03598163
0.03598163
0.03598163
0.03598163
0.03598163
0.03598163
0.03598163
0.03598163
0.03598163
0.03598163
0.03598163
0.03598163
0.03598163
0.03598163
0.03598163
0.03598163
0.03598163
0.03598163
0.03598163
0.03598163
0.03598163
0.03598163
0.03598163
0.03598163
0.03598163
0.03598163
0.03598163
0.03598163
0.03598163
0.03598163
0.03598163
0.03598163
0.03598163
0.03598163
0.03598163
0.03598163
0.03598163
0.03598163
0.03598163
0.03598163
0.03598163
0.03598163
0.03598163
0.03598163
0.03598163
0.02939055
0.02405543
0.02346950
0.02291142
0.02237927
0.02187148
0.02145760
0.02131809
0.02127547
0.02126665
0.02126671
0.02126685
0.02126698
0.02126712
0.02126718
0.02126703
0.02126688
0.02097557
0.02062815
0.02029205
0.01996672
0.01965166
0.01939998
0.01939998
0.01939998
0.01939998
0.01939998
0.01939998
0.01939998
0.01939998
0.01939998
0.01939998
0.01939998
0.01939998
0.01939998
0.01939998
0.01939998
0.01939998
0.01939998
0.01939998
0.02767956
0.02767107
0.02766258
0.02765409
0.02764561
0.02763715
0.02762871
0.02762027
0.02761184
0.02760342
0.02759499
0.02758658
0.02757817
0.02756977
0.02756136
0.02755297
0.02754458
0.02753619
0.02752782
0.02751944
0.02751108
0.02750271
0.02749435
0.02748600
0.02747765
0.02746930
0.02746096
0.02745263
0.02744430
0.02743598
0.02742766
0.02741936
0.02741105
0.02740276
0.02739447
0.02738618
0.02737790
0.02736962
0.02736135
0.02735309
0.02734483
0.02733650
0.02732817
0.02731984
0.02731152
0.02730320
0.02730464
0.02731290
0.02732115
0.02732942
0.02733770
0.02734597
0.02735425
0.02736254
0.02737083
0.02737912
0.02738743
0.02739573
0.02740404
0.02741236
0.02742068
0.02742901
0.02743734
0.02744568
0.02745402
0.02746237
0.02747072
0.02747907
0.02748744
0.02749581
0.02750418
0.02751255
0.02752094
0.02752932
0.02753772
0.02754612
0.02755452
0.02756293
0.02757135
0.02757976
0.02758818
0.02759659
0.02760501
0.02761343
0.02762186
0.02763029
0.02763873
0.02764717
0.02765562
0.02766407
0.02767253
0.02768099
0.01939998
0.01939998
0.01939998
0.01939998
0.01939998
0.01939998
0.01939998
0.01939998
0.01939998
0.01939998
0.01939998
0.01939998
0.01939998
0.01939998
0.01939998
0.01939998
0.01939998
0.01944721
0.01975286
0.02006827
0.02039381
0.02073020
0.02107787
0.02127396
0.02127406
0.02127412
0.02127406
0.02127393
0.02127379
0.02127366
0.02127363
0.02129132
0.02135314
0.02153233
0.02201724
0.02252598
0.02305878
0.02361740
0.02420375
0.02948430
0.03570025
0.03570025
0.03570025
0.03570025
0.03570025
0.03570025
0.03570025
0.03570025
0.03570025
0.03570025
0.03570025
0.03570025
0.03570025
0.03570025
0.03570025
0.03570025
0.03570025
0.03570025
0.03570025
0.03570025
0.03570025
0.03570025
0.03570025
0.03570025
0.03570025
0.03570025
0.03570025
0.03570025
0.03570025
0.03570025
0.03570025
0.03570025
0.03570025
0.03570025
0.03570025
0.03570025
0.03570025
0.03570025
0.03570025
0.03570025
0.03570025
0.03570025
0.03570025
0.03570025
0.03570025
0.03570025
0.03570025
0.03570025
0.03570025
0.03570025
0.03570025
0.03570025
0.03570025
0.03570025
0.03570025
0.03570025
0.03570025
0.03570025
0.03570025
0.03570025
0.03570025
0.03570025
0.03570025
0.03570025
0.03570025
0.03570025
0.03570025
0.03570025
0.03570025
0.03570025
0.03570025
0.03570025
0.03570025
0.03570025
0.03570025
0.03570025
0.03570025
0.03570025
0.03570025
0.03570025
0.03570025
0.03570025
0.03570025
0.03570025
0.02939055
0.02407116
0.02348446
0.02292569
0.02239289
0.02188442
0.02146726
0.02132619
0.02128281
0.02127361
0.02127368
0.02127382
0.02127396
0.02127411
0.02127413
0.02127398
0.02127383
0.02097557
0.02062815
0.02029205
0.01996672
0.01965166
0.01939998
0.01939998
0.01939998
0.01939998
0.01939998
0.01939998
0.01939998
0.01939998
0.01939998
0.01939998
0.01939998
0.01939998
0.01939998
0.01939998
0.01939998
0.01939998
0.01939998
0.01939998
0.02767953
0.02767104
0.02766255
0.02765409
0.02764564
0.02763719
0.02762875
0.02762031
0.02761188
0.02760346
0.02759504
0.02758663
0.02757821
0.02756981
0.02756141
0.02755301
0.02754462
0.02753624
0.02752786
0.02751949
0.02751112
0.02750276
0.02749440
0.02748604
0.02747769
0.02746935
0.02746101
0.02745269
0.02744437
0.02743605
0.02742774
0.02741943
0.02741113
0.02740283
0.02739454
0.02738620
0.02737784
0.02736948
0.02736113
0.02735278
0.02734443
0.02733619
0.02732793
0.02731968
0.02731143
0.02730319
